{"price_on_peak": 303744278.40400004, "price_off_peak": 301269232.04399997, "price_demand_charge": 43143760.800000004, "price_service_charge": 3746.88, "total_price": 648161018.1279999}
