{"price_on_peak": 4496882.91535, "price_off_peak": 4343504.05665, "price_demand_charge": 850153.8150000001, "price_service_charge": 3746.88, "total_price": 9694287.667}
