{"price_on_peak": 3034259.761072907, "price_off_peak": 4136741.636146602, "price_demand_charge": 390149.7113939334, "price_service_charge": 3746.88, "total_price": 7564897.9886134425}
