{"price_on_peak": 2326427.47092, "price_off_peak": 2333316.1698, "price_demand_charge": 280668.402, "price_service_charge": 3746.88, "total_price": 4944158.92272}
