{"price_on_peak": 656850.2633987, "price_off_peak": 383953.34468700003, "price_demand_charge": 144156.07143, "price_service_charge": 3746.88, "total_price": 1188706.5595157}
