{"price_on_peak": 34347448.02699526, "price_off_peak": 15998807.918584501, "price_demand_charge": 3525858.0381199997, "price_service_charge": 3746.88, "total_price": 53875860.863699764}
