{"price_on_peak": 3663958.3792000003, "price_off_peak": 673998.9894, "price_demand_charge": 704728.395, "price_service_charge": 3746.88, "total_price": 5046432.643600001}
