{"price_on_peak": 32827334.115146253, "price_off_peak": 15228399.649085302, "price_demand_charge": 3525858.0381199997, "price_service_charge": 3746.88, "total_price": 51585338.68235156}
