{"price_on_peak": 4740504.090525, "price_off_peak": 847970.4123, "price_demand_charge": 902129.4450000001, "price_service_charge": 3746.88, "total_price": 6494350.8278250005}
