{"price_on_peak": 6334577.336579998, "price_off_peak": 7570146.4607931, "price_demand_charge": 550698.6809409751, "price_service_charge": 3746.88, "total_price": 14459169.358314073}
