Date,Load
1.1.2024 00:00,60.0
1.1.2024 00:15,42.0
1.1.2024 00:30,42.0
1.1.2024 00:45,42.0
1.1.2024 01:00,42.0
1.1.2024 01:15,42.0
1.1.2024 01:30,42.0
1.1.2024 01:45,42.0
1.1.2024 02:00,60.0
1.1.2024 02:15,84.0
1.1.2024 02:30,84.0
1.1.2024 02:45,90.0
1.1.2024 03:00,84.0
1.1.2024 03:15,84.0
1.1.2024 03:30,84.0
1.1.2024 03:45,84.0
1.1.2024 04:00,90.0
1.1.2024 04:15,90.0
1.1.2024 04:30,90.0
1.1.2024 04:45,90.0
1.1.2024 05:00,90.0
1.1.2024 05:15,90.0
1.1.2024 05:30,90.0
1.1.2024 05:45,90.0
1.1.2024 06:00,60.0
1.1.2024 06:15,36.0
1.1.2024 06:30,36.0
1.1.2024 06:45,24.0
1.1.2024 07:00,6.0
1.1.2024 07:15,0.0
1.1.2024 07:30,0.0
1.1.2024 07:45,0.0
1.1.2024 08:00,0.0
1.1.2024 08:15,0.0
1.1.2024 08:30,0.0
1.1.2024 08:45,0.0
1.1.2024 09:00,0.0
1.1.2024 09:15,0.0
1.1.2024 09:30,0.0
1.1.2024 09:45,0.0
1.1.2024 10:00,0.0
1.1.2024 10:15,0.0
1.1.2024 10:30,0.0
1.1.2024 10:45,0.0
1.1.2024 11:00,0.0
1.1.2024 11:15,0.0
1.1.2024 11:30,0.0
1.1.2024 11:45,0.0
1.1.2024 12:00,0.0
1.1.2024 12:15,0.0
1.1.2024 12:30,0.0
1.1.2024 12:45,0.0
1.1.2024 13:00,0.0
1.1.2024 13:15,0.0
1.1.2024 13:30,0.0
1.1.2024 13:45,0.0
1.1.2024 14:00,0.0
1.1.2024 14:15,0.0
1.1.2024 14:30,0.0
1.1.2024 14:45,0.0
1.1.2024 15:00,0.0
1.1.2024 15:15,6.0
1.1.2024 15:30,12.0
1.1.2024 15:45,6.0
1.1.2024 16:00,0.0
1.1.2024 16:15,0.0
1.1.2024 16:30,0.0
1.1.2024 16:45,12.0
1.1.2024 17:00,42.0
1.1.2024 17:15,60.0
1.1.2024 17:30,78.0
1.1.2024 17:45,90.0
1.1.2024 18:00,66.0
1.1.2024 18:15,42.0
1.1.2024 18:30,42.0
1.1.2024 18:45,42.0
1.1.2024 19:00,42.0
1.1.2024 19:15,42.0
1.1.2024 19:30,42.0
1.1.2024 19:45,42.0
1.1.2024 20:00,60.0
1.1.2024 20:15,84.0
1.1.2024 20:30,84.0
1.1.2024 20:45,90.0
1.1.2024 21:00,84.0
1.1.2024 21:15,90.0
1.1.2024 21:30,84.0
1.1.2024 21:45,84.0
1.1.2024 22:00,90.0
1.1.2024 22:15,96.0
1.1.2024 22:30,96.0
1.1.2024 22:45,90.0
1.1.2024 23:00,96.0
1.1.2024 23:15,96.0
1.1.2024 23:30,90.0
1.1.2024 23:45,96.0
2.1.2024 00:00,66.0
2.1.2024 00:15,42.0
2.1.2024 00:30,42.0
2.1.2024 00:45,42.0
2.1.2024 01:00,42.0
2.1.2024 01:15,42.0
2.1.2024 01:30,42.0
2.1.2024 01:45,42.0
2.1.2024 02:00,60.0
2.1.2024 02:15,84.0
2.1.2024 02:30,84.0
2.1.2024 02:45,84.0
2.1.2024 03:00,90.0
2.1.2024 03:15,84.0
2.1.2024 03:30,84.0
2.1.2024 03:45,84.0
2.1.2024 04:00,90.0
2.1.2024 04:15,90.0
2.1.2024 04:30,90.0
2.1.2024 04:45,96.0
2.1.2024 05:00,90.0
2.1.2024 05:15,96.0
2.1.2024 05:30,90.0
2.1.2024 05:45,96.0
2.1.2024 06:00,66.0
2.1.2024 06:15,36.0
2.1.2024 06:30,36.0
2.1.2024 06:45,24.0
2.1.2024 07:00,12.0
2.1.2024 07:15,0.0
2.1.2024 07:30,0.0
2.1.2024 07:45,0.0
2.1.2024 08:00,0.0
2.1.2024 08:15,0.0
2.1.2024 08:30,0.0
2.1.2024 08:45,6.0
2.1.2024 09:00,0.0
2.1.2024 09:15,0.0
2.1.2024 09:30,0.0
2.1.2024 09:45,12.0
2.1.2024 10:00,0.0
2.1.2024 10:15,0.0
2.1.2024 10:30,0.0
2.1.2024 10:45,0.0
2.1.2024 11:00,0.0
2.1.2024 11:15,0.0
2.1.2024 11:30,0.0
2.1.2024 11:45,0.0
2.1.2024 12:00,0.0
2.1.2024 12:15,0.0
2.1.2024 12:30,0.0
2.1.2024 12:45,6.0
2.1.2024 13:00,0.0
2.1.2024 13:15,6.0
2.1.2024 13:30,6.0
2.1.2024 13:45,6.0
2.1.2024 14:00,6.0
2.1.2024 14:15,0.0
2.1.2024 14:30,6.0
2.1.2024 14:45,0.0
2.1.2024 15:00,6.0
2.1.2024 15:15,6.0
2.1.2024 15:30,0.0
2.1.2024 15:45,6.0
2.1.2024 16:00,78.0
2.1.2024 16:15,78.0
2.1.2024 16:30,162.0
2.1.2024 16:45,192.0
2.1.2024 17:00,78.0
2.1.2024 17:15,108.0
2.1.2024 17:30,126.0
2.1.2024 17:45,126.0
2.1.2024 18:00,96.0
2.1.2024 18:15,108.0
2.1.2024 18:30,108.0
2.1.2024 18:45,108.0
2.1.2024 19:00,120.0
2.1.2024 19:15,138.0
2.1.2024 19:30,114.0
2.1.2024 19:45,126.0
2.1.2024 20:00,114.0
2.1.2024 20:15,228.0
2.1.2024 20:30,330.0
2.1.2024 20:45,972.0
2.1.2024 21:00,1308.0
2.1.2024 21:15,1542.0
2.1.2024 21:30,1524.0
2.1.2024 21:45,1458.0
2.1.2024 22:00,1356.0
2.1.2024 22:15,1488.0
2.1.2024 22:30,1608.0
2.1.2024 22:45,1560.0
2.1.2024 23:00,1656.0
2.1.2024 23:15,1734.0
2.1.2024 23:30,1746.0
2.1.2024 23:45,1680.0
3.1.2024 00:00,1578.0
3.1.2024 00:15,1548.0
3.1.2024 00:30,1194.0
3.1.2024 00:45,1164.0
3.1.2024 01:00,1320.0
3.1.2024 01:15,1452.0
3.1.2024 01:30,1266.0
3.1.2024 01:45,1152.0
3.1.2024 02:00,1140.0
3.1.2024 02:15,1224.0
3.1.2024 02:30,1470.0
3.1.2024 02:45,1608.0
3.1.2024 03:00,1242.0
3.1.2024 03:15,1104.0
3.1.2024 03:30,1086.0
3.1.2024 03:45,1266.0
3.1.2024 04:00,1284.0
3.1.2024 04:15,1368.0
3.1.2024 04:30,1416.0
3.1.2024 04:45,1476.0
3.1.2024 05:00,1548.0
3.1.2024 05:15,1374.0
3.1.2024 05:30,1608.0
3.1.2024 05:45,1596.0
3.1.2024 06:00,1458.0
3.1.2024 06:15,1632.0
3.1.2024 06:30,1638.0
3.1.2024 06:45,1146.0
3.1.2024 07:00,1116.0
3.1.2024 07:15,780.0
3.1.2024 07:30,306.0
3.1.2024 07:45,180.0
3.1.2024 08:00,186.0
3.1.2024 08:15,90.0
3.1.2024 08:30,48.0
3.1.2024 08:45,24.0
3.1.2024 09:00,6.0
3.1.2024 09:15,12.0
3.1.2024 09:30,78.0
3.1.2024 09:45,948.0
3.1.2024 10:00,1152.0
3.1.2024 10:15,1122.0
3.1.2024 10:30,1116.0
3.1.2024 10:45,696.0
3.1.2024 11:00,576.0
3.1.2024 11:15,1200.0
3.1.2024 11:30,1212.0
3.1.2024 11:45,1146.0
3.1.2024 12:00,1038.0
3.1.2024 12:15,1020.0
3.1.2024 12:30,810.0
3.1.2024 12:45,744.0
3.1.2024 13:00,918.0
3.1.2024 13:15,1320.0
3.1.2024 13:30,1266.0
3.1.2024 13:45,1272.0
3.1.2024 14:00,1146.0
3.1.2024 14:15,822.0
3.1.2024 14:30,864.0
3.1.2024 14:45,828.0
3.1.2024 15:00,1026.0
3.1.2024 15:15,864.0
3.1.2024 15:30,780.0
3.1.2024 15:45,816.0
3.1.2024 16:00,906.0
3.1.2024 16:15,1038.0
3.1.2024 16:30,1728.0
3.1.2024 16:45,1740.0
3.1.2024 17:00,1746.0
3.1.2024 17:15,1860.0
3.1.2024 17:30,1896.0
3.1.2024 17:45,1878.0
3.1.2024 18:00,1854.0
3.1.2024 18:15,1926.0
3.1.2024 18:30,1944.0
3.1.2024 18:45,1890.0
3.1.2024 19:00,1542.0
3.1.2024 19:15,1650.0
3.1.2024 19:30,1908.0
3.1.2024 19:45,1764.0
3.1.2024 20:00,1236.0
3.1.2024 20:15,1476.0
3.1.2024 20:30,1464.0
3.1.2024 20:45,1518.0
3.1.2024 21:00,1536.0
3.1.2024 21:15,1530.0
3.1.2024 21:30,1512.0
3.1.2024 21:45,1620.0
3.1.2024 22:00,1836.0
3.1.2024 22:15,1896.0
3.1.2024 22:30,1710.0
3.1.2024 22:45,1860.0
3.1.2024 23:00,1692.0
3.1.2024 23:15,1932.0
3.1.2024 23:30,1860.0
3.1.2024 23:45,1716.0
4.1.2024 00:00,1536.0
4.1.2024 00:15,1530.0
4.1.2024 00:30,1404.0
4.1.2024 00:45,1608.0
4.1.2024 01:00,1608.0
4.1.2024 01:15,1380.0
4.1.2024 01:30,1698.0
4.1.2024 01:45,1920.0
4.1.2024 02:00,1866.0
4.1.2024 02:15,1764.0
4.1.2024 02:30,1734.0
4.1.2024 02:45,1764.0
4.1.2024 03:00,1806.0
4.1.2024 03:15,1926.0
4.1.2024 03:30,1836.0
4.1.2024 03:45,1818.0
4.1.2024 04:00,1746.0
4.1.2024 04:15,1908.0
4.1.2024 04:30,1818.0
4.1.2024 04:45,1896.0
4.1.2024 05:00,1674.0
4.1.2024 05:15,1608.0
4.1.2024 05:30,1506.0
4.1.2024 05:45,1692.0
4.1.2024 06:00,1812.0
4.1.2024 06:15,1812.0
4.1.2024 06:30,1836.0
4.1.2024 06:45,1680.0
4.1.2024 07:00,1560.0
4.1.2024 07:15,1344.0
4.1.2024 07:30,1440.0
4.1.2024 07:45,1440.0
4.1.2024 08:00,1326.0
4.1.2024 08:15,1320.0
4.1.2024 08:30,1356.0
4.1.2024 08:45,1314.0
4.1.2024 09:00,1632.0
4.1.2024 09:15,1356.0
4.1.2024 09:30,1164.0
4.1.2024 09:45,1044.0
4.1.2024 10:00,984.0
4.1.2024 10:15,978.0
4.1.2024 10:30,936.0
4.1.2024 10:45,906.0
4.1.2024 11:00,1092.0
4.1.2024 11:15,1140.0
4.1.2024 11:30,966.0
4.1.2024 11:45,588.0
4.1.2024 12:00,834.0
4.1.2024 12:15,1032.0
4.1.2024 12:30,948.0
4.1.2024 12:45,1002.0
4.1.2024 13:00,804.0
4.1.2024 13:15,978.0
4.1.2024 13:30,828.0
4.1.2024 13:45,840.0
4.1.2024 14:00,1218.0
4.1.2024 14:15,744.0
4.1.2024 14:30,1248.0
4.1.2024 14:45,1002.0
4.1.2024 15:00,498.0
4.1.2024 15:15,552.0
4.1.2024 15:30,1014.0
4.1.2024 15:45,972.0
4.1.2024 16:00,894.0
4.1.2024 16:15,1098.0
4.1.2024 16:30,1170.0
4.1.2024 16:45,1440.0
4.1.2024 17:00,1686.0
4.1.2024 17:15,1746.0
4.1.2024 17:30,1944.0
4.1.2024 17:45,2100.0
4.1.2024 18:00,1836.0
4.1.2024 18:15,2034.0
4.1.2024 18:30,1920.0
4.1.2024 18:45,1872.0
4.1.2024 19:00,1776.0
4.1.2024 19:15,1704.0
4.1.2024 19:30,1818.0
4.1.2024 19:45,1614.0
4.1.2024 20:00,1590.0
4.1.2024 20:15,1632.0
4.1.2024 20:30,1578.0
4.1.2024 20:45,1536.0
4.1.2024 21:00,1782.0
4.1.2024 21:15,1764.0
4.1.2024 21:30,1836.0
4.1.2024 21:45,1896.0
4.1.2024 22:00,1896.0
4.1.2024 22:15,1752.0
4.1.2024 22:30,1848.0
4.1.2024 22:45,1806.0
4.1.2024 23:00,1986.0
4.1.2024 23:15,1920.0
4.1.2024 23:30,1926.0
4.1.2024 23:45,1890.0
5.1.2024 00:00,1914.0
5.1.2024 00:15,1962.0
5.1.2024 00:30,1950.0
5.1.2024 00:45,1938.0
5.1.2024 01:00,1908.0
5.1.2024 01:15,1806.0
5.1.2024 01:30,1710.0
5.1.2024 01:45,1788.0
5.1.2024 02:00,1788.0
5.1.2024 02:15,1764.0
5.1.2024 02:30,1866.0
5.1.2024 02:45,1896.0
5.1.2024 03:00,1938.0
5.1.2024 03:15,1806.0
5.1.2024 03:30,1884.0
5.1.2024 03:45,1770.0
5.1.2024 04:00,1488.0
5.1.2024 04:15,1878.0
5.1.2024 04:30,1686.0
5.1.2024 04:45,1794.0
5.1.2024 05:00,1836.0
5.1.2024 05:15,1740.0
5.1.2024 05:30,1794.0
5.1.2024 05:45,1848.0
5.1.2024 06:00,1608.0
5.1.2024 06:15,1674.0
5.1.2024 06:30,1650.0
5.1.2024 06:45,1686.0
5.1.2024 07:00,1458.0
5.1.2024 07:15,1614.0
5.1.2024 07:30,1662.0
5.1.2024 07:45,1632.0
5.1.2024 08:00,1398.0
5.1.2024 08:15,1128.0
5.1.2024 08:30,1368.0
5.1.2024 08:45,1380.0
5.1.2024 09:00,1338.0
5.1.2024 09:15,1146.0
5.1.2024 09:30,900.0
5.1.2024 09:45,1080.0
5.1.2024 10:00,1200.0
5.1.2024 10:15,1320.0
5.1.2024 10:30,1266.0
5.1.2024 10:45,984.0
5.1.2024 11:00,744.0
5.1.2024 11:15,570.0
5.1.2024 11:30,582.0
5.1.2024 11:45,912.0
5.1.2024 12:00,960.0
5.1.2024 12:15,1122.0
5.1.2024 12:30,990.0
5.1.2024 12:45,726.0
5.1.2024 13:00,840.0
5.1.2024 13:15,1248.0
5.1.2024 13:30,1200.0
5.1.2024 13:45,1176.0
5.1.2024 14:00,1188.0
5.1.2024 14:15,1164.0
5.1.2024 14:30,1278.0
5.1.2024 14:45,1056.0
5.1.2024 15:00,1152.0
5.1.2024 15:15,1350.0
5.1.2024 15:30,1206.0
5.1.2024 15:45,1650.0
5.1.2024 16:00,1362.0
5.1.2024 16:15,1332.0
5.1.2024 16:30,1656.0
5.1.2024 16:45,1818.0
5.1.2024 17:00,1740.0
5.1.2024 17:15,1452.0
5.1.2024 17:30,1770.0
5.1.2024 17:45,1896.0
5.1.2024 18:00,1860.0
5.1.2024 18:15,1704.0
5.1.2024 18:30,1920.0
5.1.2024 18:45,1812.0
5.1.2024 19:00,1842.0
5.1.2024 19:15,1734.0
5.1.2024 19:30,1698.0
5.1.2024 19:45,1422.0
5.1.2024 20:00,1308.0
5.1.2024 20:15,1422.0
5.1.2024 20:30,1632.0
5.1.2024 20:45,1788.0
5.1.2024 21:00,1776.0
5.1.2024 21:15,1776.0
5.1.2024 21:30,1704.0
5.1.2024 21:45,1788.0
5.1.2024 22:00,1806.0
5.1.2024 22:15,1782.0
5.1.2024 22:30,1620.0
5.1.2024 22:45,1644.0
5.1.2024 23:00,1476.0
5.1.2024 23:15,1530.0
5.1.2024 23:30,1602.0
5.1.2024 23:45,1752.0
6.1.2024 00:00,1734.0
6.1.2024 00:15,1776.0
6.1.2024 00:30,1752.0
6.1.2024 00:45,1740.0
6.1.2024 01:00,1788.0
6.1.2024 01:15,1842.0
6.1.2024 01:30,1752.0
6.1.2024 01:45,1770.0
6.1.2024 02:00,1758.0
6.1.2024 02:15,1674.0
6.1.2024 02:30,1764.0
6.1.2024 02:45,1728.0
6.1.2024 03:00,1638.0
6.1.2024 03:15,1584.0
6.1.2024 03:30,1428.0
6.1.2024 03:45,1488.0
6.1.2024 04:00,1668.0
6.1.2024 04:15,1692.0
6.1.2024 04:30,1620.0
6.1.2024 04:45,1608.0
6.1.2024 05:00,1548.0
6.1.2024 05:15,1560.0
6.1.2024 05:30,1716.0
6.1.2024 05:45,1692.0
6.1.2024 06:00,1740.0
6.1.2024 06:15,1824.0
6.1.2024 06:30,1686.0
6.1.2024 06:45,1566.0
6.1.2024 07:00,1740.0
6.1.2024 07:15,1674.0
6.1.2024 07:30,1536.0
6.1.2024 07:45,1488.0
6.1.2024 08:00,1098.0
6.1.2024 08:15,1320.0
6.1.2024 08:30,1398.0
6.1.2024 08:45,1080.0
6.1.2024 09:00,1242.0
6.1.2024 09:15,1014.0
6.1.2024 09:30,924.0
6.1.2024 09:45,1086.0
6.1.2024 10:00,576.0
6.1.2024 10:15,630.0
6.1.2024 10:30,900.0
6.1.2024 10:45,822.0
6.1.2024 11:00,852.0
6.1.2024 11:15,894.0
6.1.2024 11:30,1008.0
6.1.2024 11:45,888.0
6.1.2024 12:00,588.0
6.1.2024 12:15,960.0
6.1.2024 12:30,696.0
6.1.2024 12:45,918.0
6.1.2024 13:00,870.0
6.1.2024 13:15,744.0
6.1.2024 13:30,642.0
6.1.2024 13:45,474.0
6.1.2024 14:00,324.0
6.1.2024 14:15,300.0
6.1.2024 14:30,360.0
6.1.2024 14:45,714.0
6.1.2024 15:00,1008.0
6.1.2024 15:15,1296.0
6.1.2024 15:30,1368.0
6.1.2024 15:45,1194.0
6.1.2024 16:00,1074.0
6.1.2024 16:15,1332.0
6.1.2024 16:30,1428.0
6.1.2024 16:45,1284.0
6.1.2024 17:00,1608.0
6.1.2024 17:15,1662.0
6.1.2024 17:30,1704.0
6.1.2024 17:45,1512.0
6.1.2024 18:00,1518.0
6.1.2024 18:15,1596.0
6.1.2024 18:30,1656.0
6.1.2024 18:45,1704.0
6.1.2024 19:00,1650.0
6.1.2024 19:15,1620.0
6.1.2024 19:30,1548.0
6.1.2024 19:45,1428.0
6.1.2024 20:00,1458.0
6.1.2024 20:15,1314.0
6.1.2024 20:30,1362.0
6.1.2024 20:45,1512.0
6.1.2024 21:00,1680.0
6.1.2024 21:15,1782.0
6.1.2024 21:30,1788.0
6.1.2024 21:45,1728.0
6.1.2024 22:00,1704.0
6.1.2024 22:15,1692.0
6.1.2024 22:30,1788.0
6.1.2024 22:45,1656.0
6.1.2024 23:00,1614.0
6.1.2024 23:15,1644.0
6.1.2024 23:30,1590.0
6.1.2024 23:45,1566.0
7.1.2024 00:00,1674.0
7.1.2024 00:15,1536.0
7.1.2024 00:30,1620.0
7.1.2024 00:45,1440.0
7.1.2024 01:00,1650.0
7.1.2024 01:15,1506.0
7.1.2024 01:30,1416.0
7.1.2024 01:45,1242.0
7.1.2024 02:00,1272.0
7.1.2024 02:15,1470.0
7.1.2024 02:30,1476.0
7.1.2024 02:45,1620.0
7.1.2024 03:00,1788.0
7.1.2024 03:15,1716.0
7.1.2024 03:30,1644.0
7.1.2024 03:45,1584.0
7.1.2024 04:00,1602.0
7.1.2024 04:15,1656.0
7.1.2024 04:30,1716.0
7.1.2024 04:45,1716.0
7.1.2024 05:00,1656.0
7.1.2024 05:15,1728.0
7.1.2024 05:30,1770.0
7.1.2024 05:45,1752.0
7.1.2024 06:00,1884.0
7.1.2024 06:15,1818.0
7.1.2024 06:30,1710.0
7.1.2024 06:45,1602.0
7.1.2024 07:00,1560.0
7.1.2024 07:15,1410.0
7.1.2024 07:30,1284.0
7.1.2024 07:45,1380.0
7.1.2024 08:00,1524.0
7.1.2024 08:15,1380.0
7.1.2024 08:30,1368.0
7.1.2024 08:45,1326.0
7.1.2024 09:00,1218.0
7.1.2024 09:15,1062.0
7.1.2024 09:30,1050.0
7.1.2024 09:45,894.0
7.1.2024 10:00,726.0
7.1.2024 10:15,702.0
7.1.2024 10:30,876.0
7.1.2024 10:45,888.0
7.1.2024 11:00,738.0
7.1.2024 11:15,624.0
7.1.2024 11:30,600.0
7.1.2024 11:45,810.0
7.1.2024 12:00,876.0
7.1.2024 12:15,924.0
7.1.2024 12:30,780.0
7.1.2024 12:45,1020.0
7.1.2024 13:00,936.0
7.1.2024 13:15,960.0
7.1.2024 13:30,1032.0
7.1.2024 13:45,1032.0
7.1.2024 14:00,996.0
7.1.2024 14:15,1284.0
7.1.2024 14:30,1200.0
7.1.2024 14:45,1188.0
7.1.2024 15:00,1140.0
7.1.2024 15:15,1218.0
7.1.2024 15:30,1278.0
7.1.2024 15:45,1272.0
7.1.2024 16:00,1338.0
7.1.2024 16:15,1392.0
7.1.2024 16:30,1506.0
7.1.2024 16:45,1716.0
7.1.2024 17:00,1728.0
7.1.2024 17:15,1686.0
7.1.2024 17:30,1728.0
7.1.2024 17:45,1722.0
7.1.2024 18:00,1776.0
7.1.2024 18:15,1680.0
7.1.2024 18:30,1632.0
7.1.2024 18:45,1656.0
7.1.2024 19:00,1650.0
7.1.2024 19:15,1662.0
7.1.2024 19:30,1746.0
7.1.2024 19:45,1818.0
7.1.2024 20:00,1830.0
7.1.2024 20:15,1488.0
7.1.2024 20:30,1638.0
7.1.2024 20:45,1602.0
7.1.2024 21:00,1590.0
7.1.2024 21:15,1662.0
7.1.2024 21:30,1596.0
7.1.2024 21:45,1494.0
7.1.2024 22:00,1296.0
7.1.2024 22:15,1260.0
7.1.2024 22:30,1272.0
7.1.2024 22:45,1140.0
7.1.2024 23:00,1026.0
7.1.2024 23:15,1020.0
7.1.2024 23:30,1320.0
7.1.2024 23:45,1680.0
8.1.2024 00:00,1638.0
8.1.2024 00:15,1470.0
8.1.2024 00:30,1476.0
8.1.2024 00:45,1386.0
8.1.2024 01:00,1368.0
8.1.2024 01:15,1314.0
8.1.2024 01:30,1344.0
8.1.2024 01:45,1410.0
8.1.2024 02:00,1374.0
8.1.2024 02:15,1368.0
8.1.2024 02:30,1356.0
8.1.2024 02:45,1326.0
8.1.2024 03:00,1296.0
8.1.2024 03:15,1338.0
8.1.2024 03:30,1392.0
8.1.2024 03:45,1344.0
8.1.2024 04:00,1320.0
8.1.2024 04:15,1320.0
8.1.2024 04:30,1212.0
8.1.2024 04:45,1164.0
8.1.2024 05:00,1452.0
8.1.2024 05:15,1458.0
8.1.2024 05:30,1392.0
8.1.2024 05:45,1206.0
8.1.2024 06:00,1038.0
8.1.2024 06:15,1122.0
8.1.2024 06:30,1200.0
8.1.2024 06:45,1152.0
8.1.2024 07:00,1038.0
8.1.2024 07:15,768.0
8.1.2024 07:30,402.0
8.1.2024 07:45,216.0
8.1.2024 08:00,24.0
8.1.2024 08:15,12.0
8.1.2024 08:30,18.0
8.1.2024 08:45,24.0
8.1.2024 09:00,12.0
8.1.2024 09:15,6.0
8.1.2024 09:30,0.0
8.1.2024 09:45,0.0
8.1.2024 10:00,0.0
8.1.2024 10:15,0.0
8.1.2024 10:30,0.0
8.1.2024 10:45,0.0
8.1.2024 11:00,0.0
8.1.2024 11:15,0.0
8.1.2024 11:30,0.0
8.1.2024 11:45,0.0
8.1.2024 12:00,0.0
8.1.2024 12:15,0.0
8.1.2024 12:30,0.0
8.1.2024 12:45,0.0
8.1.2024 13:00,0.0
8.1.2024 13:15,0.0
8.1.2024 13:30,0.0
8.1.2024 13:45,6.0
8.1.2024 14:00,0.0
8.1.2024 14:15,0.0
8.1.2024 14:30,6.0
8.1.2024 14:45,6.0
8.1.2024 15:00,6.0
8.1.2024 15:15,12.0
8.1.2024 15:30,18.0
8.1.2024 15:45,54.0
8.1.2024 16:00,108.0
8.1.2024 16:15,12.0
8.1.2024 16:30,12.0
8.1.2024 16:45,6.0
8.1.2024 17:00,36.0
8.1.2024 17:15,102.0
8.1.2024 17:30,144.0
8.1.2024 17:45,150.0
8.1.2024 18:00,156.0
8.1.2024 18:15,168.0
8.1.2024 18:30,132.0
8.1.2024 18:45,126.0
8.1.2024 19:00,120.0
8.1.2024 19:15,114.0
8.1.2024 19:30,114.0
8.1.2024 19:45,114.0
8.1.2024 20:00,114.0
8.1.2024 20:15,114.0
8.1.2024 20:30,114.0
8.1.2024 20:45,114.0
8.1.2024 21:00,114.0
8.1.2024 21:15,120.0
8.1.2024 21:30,120.0
8.1.2024 21:45,84.0
8.1.2024 22:00,78.0
8.1.2024 22:15,72.0
8.1.2024 22:30,78.0
8.1.2024 22:45,72.0
8.1.2024 23:00,78.0
8.1.2024 23:15,72.0
8.1.2024 23:30,84.0
8.1.2024 23:45,84.0
9.1.2024 00:00,84.0
9.1.2024 00:15,84.0
9.1.2024 00:30,90.0
9.1.2024 00:45,84.0
9.1.2024 01:00,72.0
9.1.2024 01:15,72.0
9.1.2024 01:30,78.0
9.1.2024 01:45,72.0
9.1.2024 02:00,84.0
9.1.2024 02:15,78.0
9.1.2024 02:30,72.0
9.1.2024 02:45,72.0
9.1.2024 03:00,78.0
9.1.2024 03:15,72.0
9.1.2024 03:30,72.0
9.1.2024 03:45,72.0
9.1.2024 04:00,72.0
9.1.2024 04:15,72.0
9.1.2024 04:30,72.0
9.1.2024 04:45,66.0
9.1.2024 05:00,72.0
9.1.2024 05:15,72.0
9.1.2024 05:30,66.0
9.1.2024 05:45,72.0
9.1.2024 06:00,72.0
9.1.2024 06:15,120.0
9.1.2024 06:30,210.0
9.1.2024 06:45,312.0
9.1.2024 07:00,408.0
9.1.2024 07:15,636.0
9.1.2024 07:30,1278.0
9.1.2024 07:45,1236.0
9.1.2024 08:00,1140.0
9.1.2024 08:15,990.0
9.1.2024 08:30,1266.0
9.1.2024 08:45,1326.0
9.1.2024 09:00,1104.0
9.1.2024 09:15,1218.0
9.1.2024 09:30,1194.0
9.1.2024 09:45,1182.0
9.1.2024 10:00,1002.0
9.1.2024 10:15,1062.0
9.1.2024 10:30,942.0
9.1.2024 10:45,1008.0
9.1.2024 11:00,1008.0
9.1.2024 11:15,930.0
9.1.2024 11:30,984.0
9.1.2024 11:45,900.0
9.1.2024 12:00,1038.0
9.1.2024 12:15,1056.0
9.1.2024 12:30,936.0
9.1.2024 12:45,900.0
9.1.2024 13:00,852.0
9.1.2024 13:15,888.0
9.1.2024 13:30,864.0
9.1.2024 13:45,1032.0
9.1.2024 14:00,858.0
9.1.2024 14:15,1080.0
9.1.2024 14:30,1122.0
9.1.2024 14:45,972.0
9.1.2024 15:00,1014.0
9.1.2024 15:15,1002.0
9.1.2024 15:30,1056.0
9.1.2024 15:45,1056.0
9.1.2024 16:00,1122.0
9.1.2024 16:15,1368.0
9.1.2024 16:30,1536.0
9.1.2024 16:45,1608.0
9.1.2024 17:00,1680.0
9.1.2024 17:15,1464.0
9.1.2024 17:30,1464.0
9.1.2024 17:45,1758.0
9.1.2024 18:00,1704.0
9.1.2024 18:15,1740.0
9.1.2024 18:30,1848.0
9.1.2024 18:45,1770.0
9.1.2024 19:00,1722.0
9.1.2024 19:15,1770.0
9.1.2024 19:30,1656.0
9.1.2024 19:45,1362.0
9.1.2024 20:00,1596.0
9.1.2024 20:15,1656.0
9.1.2024 20:30,1692.0
9.1.2024 20:45,1626.0
9.1.2024 21:00,1806.0
9.1.2024 21:15,1872.0
9.1.2024 21:30,1938.0
9.1.2024 21:45,1920.0
9.1.2024 22:00,1848.0
9.1.2024 22:15,1920.0
9.1.2024 22:30,1824.0
9.1.2024 22:45,1896.0
9.1.2024 23:00,1890.0
9.1.2024 23:15,1608.0
9.1.2024 23:30,1500.0
9.1.2024 23:45,1500.0
10.1.2024 00:00,1668.0
10.1.2024 00:15,1866.0
10.1.2024 00:30,1752.0
10.1.2024 00:45,1830.0
10.1.2024 01:00,1290.0
10.1.2024 01:15,1410.0
10.1.2024 01:30,1548.0
10.1.2024 01:45,1848.0
10.1.2024 02:00,1848.0
10.1.2024 02:15,1812.0
10.1.2024 02:30,1836.0
10.1.2024 02:45,1740.0
10.1.2024 03:00,1854.0
10.1.2024 03:15,1782.0
10.1.2024 03:30,1428.0
10.1.2024 03:45,1248.0
10.1.2024 04:00,1446.0
10.1.2024 04:15,1362.0
10.1.2024 04:30,1416.0
10.1.2024 04:45,1356.0
10.1.2024 05:00,1374.0
10.1.2024 05:15,1416.0
10.1.2024 05:30,1692.0
10.1.2024 05:45,1746.0
10.1.2024 06:00,1722.0
10.1.2024 06:15,1800.0
10.1.2024 06:30,1794.0
10.1.2024 06:45,1638.0
10.1.2024 07:00,1668.0
10.1.2024 07:15,1572.0
10.1.2024 07:30,1692.0
10.1.2024 07:45,1620.0
10.1.2024 08:00,1212.0
10.1.2024 08:15,1056.0
10.1.2024 08:30,1008.0
10.1.2024 08:45,918.0
10.1.2024 09:00,804.0
10.1.2024 09:15,756.0
10.1.2024 09:30,774.0
10.1.2024 09:45,708.0
10.1.2024 10:00,696.0
10.1.2024 10:15,684.0
10.1.2024 10:30,660.0
10.1.2024 10:45,564.0
10.1.2024 11:00,564.0
10.1.2024 11:15,552.0
10.1.2024 11:30,672.0
10.1.2024 11:45,864.0
10.1.2024 12:00,726.0
10.1.2024 12:15,762.0
10.1.2024 12:30,876.0
10.1.2024 12:45,768.0
10.1.2024 13:00,852.0
10.1.2024 13:15,750.0
10.1.2024 13:30,852.0
10.1.2024 13:45,906.0
10.1.2024 14:00,978.0
10.1.2024 14:15,1056.0
10.1.2024 14:30,1116.0
10.1.2024 14:45,1044.0
10.1.2024 15:00,1104.0
10.1.2024 15:15,1146.0
10.1.2024 15:30,1326.0
10.1.2024 15:45,1464.0
10.1.2024 16:00,1524.0
10.1.2024 16:15,1512.0
10.1.2024 16:30,1692.0
10.1.2024 16:45,1680.0
10.1.2024 17:00,1740.0
10.1.2024 17:15,1836.0
10.1.2024 17:30,1878.0
10.1.2024 17:45,1824.0
10.1.2024 18:00,1734.0
10.1.2024 18:15,1692.0
10.1.2024 18:30,1560.0
10.1.2024 18:45,1632.0
10.1.2024 19:00,1752.0
10.1.2024 19:15,1848.0
10.1.2024 19:30,1812.0
10.1.2024 19:45,1230.0
10.1.2024 20:00,1434.0
10.1.2024 20:15,1866.0
10.1.2024 20:30,1812.0
10.1.2024 20:45,1632.0
10.1.2024 21:00,1626.0
10.1.2024 21:15,1824.0
10.1.2024 21:30,1440.0
10.1.2024 21:45,1566.0
10.1.2024 22:00,1716.0
10.1.2024 22:15,1632.0
10.1.2024 22:30,1710.0
10.1.2024 22:45,1410.0
10.1.2024 23:00,1680.0
10.1.2024 23:15,1752.0
10.1.2024 23:30,1656.0
10.1.2024 23:45,1500.0
11.1.2024 00:00,1752.0
11.1.2024 00:15,1770.0
11.1.2024 00:30,1734.0
11.1.2024 00:45,1764.0
11.1.2024 01:00,1866.0
11.1.2024 01:15,1896.0
11.1.2024 01:30,1728.0
11.1.2024 01:45,1632.0
11.1.2024 02:00,1698.0
11.1.2024 02:15,1608.0
11.1.2024 02:30,1812.0
11.1.2024 02:45,1686.0
11.1.2024 03:00,1566.0
11.1.2024 03:15,1524.0
11.1.2024 03:30,1572.0
11.1.2024 03:45,1770.0
11.1.2024 04:00,1554.0
11.1.2024 04:15,1764.0
11.1.2024 04:30,1506.0
11.1.2024 04:45,1356.0
11.1.2024 05:00,1692.0
11.1.2024 05:15,1608.0
11.1.2024 05:30,1752.0
11.1.2024 05:45,1716.0
11.1.2024 06:00,1554.0
11.1.2024 06:15,1692.0
11.1.2024 06:30,1776.0
11.1.2024 06:45,1536.0
11.1.2024 07:00,1830.0
11.1.2024 07:15,1728.0
11.1.2024 07:30,1638.0
11.1.2024 07:45,1314.0
11.1.2024 08:00,900.0
11.1.2024 08:15,1014.0
11.1.2024 08:30,1242.0
11.1.2024 08:45,1272.0
11.1.2024 09:00,1296.0
11.1.2024 09:15,1338.0
11.1.2024 09:30,1254.0
11.1.2024 09:45,1200.0
11.1.2024 10:00,1080.0
11.1.2024 10:15,1134.0
11.1.2024 10:30,1182.0
11.1.2024 10:45,1206.0
11.1.2024 11:00,954.0
11.1.2024 11:15,924.0
11.1.2024 11:30,1068.0
11.1.2024 11:45,924.0
11.1.2024 12:00,960.0
11.1.2024 12:15,1002.0
11.1.2024 12:30,792.0
11.1.2024 12:45,828.0
11.1.2024 13:00,1248.0
11.1.2024 13:15,1146.0
11.1.2024 13:30,792.0
11.1.2024 13:45,1206.0
11.1.2024 14:00,1092.0
11.1.2024 14:15,1272.0
11.1.2024 14:30,1128.0
11.1.2024 14:45,1164.0
11.1.2024 15:00,972.0
11.1.2024 15:15,1008.0
11.1.2024 15:30,1182.0
11.1.2024 15:45,1500.0
11.1.2024 16:00,1662.0
11.1.2024 16:15,1650.0
11.1.2024 16:30,1656.0
11.1.2024 16:45,1632.0
11.1.2024 17:00,1680.0
11.1.2024 17:15,1716.0
11.1.2024 17:30,1770.0
11.1.2024 17:45,1704.0
11.1.2024 18:00,1698.0
11.1.2024 18:15,1542.0
11.1.2024 18:30,1764.0
11.1.2024 18:45,1692.0
11.1.2024 19:00,1608.0
11.1.2024 19:15,1422.0
11.1.2024 19:30,1668.0
11.1.2024 19:45,1752.0
11.1.2024 20:00,1740.0
11.1.2024 20:15,1734.0
11.1.2024 20:30,1632.0
11.1.2024 20:45,1686.0
11.1.2024 21:00,1728.0
11.1.2024 21:15,1836.0
11.1.2024 21:30,1752.0
11.1.2024 21:45,1722.0
11.1.2024 22:00,1692.0
11.1.2024 22:15,1734.0
11.1.2024 22:30,1818.0
11.1.2024 22:45,1788.0
11.1.2024 23:00,1836.0
11.1.2024 23:15,1602.0
11.1.2024 23:30,1770.0
11.1.2024 23:45,1698.0
12.1.2024 00:00,1758.0
12.1.2024 00:15,1782.0
12.1.2024 00:30,1620.0
12.1.2024 00:45,1794.0
12.1.2024 01:00,1854.0
12.1.2024 01:15,1596.0
12.1.2024 01:30,1704.0
12.1.2024 01:45,1776.0
12.1.2024 02:00,1806.0
12.1.2024 02:15,1842.0
12.1.2024 02:30,1800.0
12.1.2024 02:45,1650.0
12.1.2024 03:00,1656.0
12.1.2024 03:15,1488.0
12.1.2024 03:30,1440.0
12.1.2024 03:45,1428.0
12.1.2024 04:00,1548.0
12.1.2024 04:15,1656.0
12.1.2024 04:30,1548.0
12.1.2024 04:45,1656.0
12.1.2024 05:00,1788.0
12.1.2024 05:15,1830.0
12.1.2024 05:30,1776.0
12.1.2024 05:45,1704.0
12.1.2024 06:00,1824.0
12.1.2024 06:15,1770.0
12.1.2024 06:30,1746.0
12.1.2024 06:45,1812.0
12.1.2024 07:00,1710.0
12.1.2024 07:15,1680.0
12.1.2024 07:30,1548.0
12.1.2024 07:45,1608.0
12.1.2024 08:00,1446.0
12.1.2024 08:15,1344.0
12.1.2024 08:30,1410.0
12.1.2024 08:45,1170.0
12.1.2024 09:00,1026.0
12.1.2024 09:15,1044.0
12.1.2024 09:30,996.0
12.1.2024 09:45,792.0
12.1.2024 10:00,798.0
12.1.2024 10:15,756.0
12.1.2024 10:30,828.0
12.1.2024 10:45,918.0
12.1.2024 11:00,1080.0
12.1.2024 11:15,1002.0
12.1.2024 11:30,996.0
12.1.2024 11:45,1254.0
12.1.2024 12:00,1098.0
12.1.2024 12:15,1110.0
12.1.2024 12:30,1116.0
12.1.2024 12:45,960.0
12.1.2024 13:00,1236.0
12.1.2024 13:15,1002.0
12.1.2024 13:30,1098.0
12.1.2024 13:45,1062.0
12.1.2024 14:00,1272.0
12.1.2024 14:15,1068.0
12.1.2024 14:30,1254.0
12.1.2024 14:45,1272.0
12.1.2024 15:00,1272.0
12.1.2024 15:15,1386.0
12.1.2024 15:30,1386.0
12.1.2024 15:45,1572.0
12.1.2024 16:00,1584.0
12.1.2024 16:15,1692.0
12.1.2024 16:30,1644.0
12.1.2024 16:45,1644.0
12.1.2024 17:00,1728.0
12.1.2024 17:15,1818.0
12.1.2024 17:30,1740.0
12.1.2024 17:45,1740.0
12.1.2024 18:00,1728.0
12.1.2024 18:15,1710.0
12.1.2024 18:30,1818.0
12.1.2024 18:45,1776.0
12.1.2024 19:00,1692.0
12.1.2024 19:15,1800.0
12.1.2024 19:30,1650.0
12.1.2024 19:45,1662.0
12.1.2024 20:00,1716.0
12.1.2024 20:15,1812.0
12.1.2024 20:30,1788.0
12.1.2024 20:45,1836.0
12.1.2024 21:00,1806.0
12.1.2024 21:15,1782.0
12.1.2024 21:30,1716.0
12.1.2024 21:45,1650.0
12.1.2024 22:00,1716.0
12.1.2024 22:15,1614.0
12.1.2024 22:30,1638.0
12.1.2024 22:45,1620.0
12.1.2024 23:00,1572.0
12.1.2024 23:15,1668.0
12.1.2024 23:30,1770.0
12.1.2024 23:45,1770.0
13.1.2024 00:00,1698.0
13.1.2024 00:15,1674.0
13.1.2024 00:30,1620.0
13.1.2024 00:45,1710.0
13.1.2024 01:00,1674.0
13.1.2024 01:15,1662.0
13.1.2024 01:30,1710.0
13.1.2024 01:45,1746.0
13.1.2024 02:00,1722.0
13.1.2024 02:15,1752.0
13.1.2024 02:30,1674.0
13.1.2024 02:45,1608.0
13.1.2024 03:00,1776.0
13.1.2024 03:15,1746.0
13.1.2024 03:30,1728.0
13.1.2024 03:45,1794.0
13.1.2024 04:00,1620.0
13.1.2024 04:15,1794.0
13.1.2024 04:30,1776.0
13.1.2024 04:45,1518.0
13.1.2024 05:00,1710.0
13.1.2024 05:15,1692.0
13.1.2024 05:30,1596.0
13.1.2024 05:45,1656.0
13.1.2024 06:00,1770.0
13.1.2024 06:15,1704.0
13.1.2024 06:30,1788.0
13.1.2024 06:45,1740.0
13.1.2024 07:00,1740.0
13.1.2024 07:15,1710.0
13.1.2024 07:30,1524.0
13.1.2024 07:45,1620.0
13.1.2024 08:00,1386.0
13.1.2024 08:15,1446.0
13.1.2024 08:30,1332.0
13.1.2024 08:45,1392.0
13.1.2024 09:00,1188.0
13.1.2024 09:15,1110.0
13.1.2024 09:30,924.0
13.1.2024 09:45,684.0
13.1.2024 10:00,762.0
13.1.2024 10:15,852.0
13.1.2024 10:30,1104.0
13.1.2024 10:45,1086.0
13.1.2024 11:00,1074.0
13.1.2024 11:15,948.0
13.1.2024 11:30,816.0
13.1.2024 11:45,642.0
13.1.2024 12:00,780.0
13.1.2024 12:15,930.0
13.1.2024 12:30,744.0
13.1.2024 12:45,840.0
13.1.2024 13:00,936.0
13.1.2024 13:15,954.0
13.1.2024 13:30,1140.0
13.1.2024 13:45,1200.0
13.1.2024 14:00,1116.0
13.1.2024 14:15,1050.0
13.1.2024 14:30,1152.0
13.1.2024 14:45,1236.0
13.1.2024 15:00,1260.0
13.1.2024 15:15,1404.0
13.1.2024 15:30,1422.0
13.1.2024 15:45,1308.0
13.1.2024 16:00,1230.0
13.1.2024 16:15,1620.0
13.1.2024 16:30,1656.0
13.1.2024 16:45,1758.0
13.1.2024 17:00,1818.0
13.1.2024 17:15,1908.0
13.1.2024 17:30,1836.0
13.1.2024 17:45,1746.0
13.1.2024 18:00,1608.0
13.1.2024 18:15,1644.0
13.1.2024 18:30,1728.0
13.1.2024 18:45,1632.0
13.1.2024 19:00,1800.0
13.1.2024 19:15,1620.0
13.1.2024 19:30,1710.0
13.1.2024 19:45,1596.0
13.1.2024 20:00,1686.0
13.1.2024 20:15,1902.0
13.1.2024 20:30,1848.0
13.1.2024 20:45,1692.0
13.1.2024 21:00,1860.0
13.1.2024 21:15,1872.0
13.1.2024 21:30,1716.0
13.1.2024 21:45,1794.0
13.1.2024 22:00,1926.0
13.1.2024 22:15,1920.0
13.1.2024 22:30,1884.0
13.1.2024 22:45,1908.0
13.1.2024 23:00,1734.0
13.1.2024 23:15,1854.0
13.1.2024 23:30,1740.0
13.1.2024 23:45,1818.0
14.1.2024 00:00,1818.0
14.1.2024 00:15,1740.0
14.1.2024 00:30,1848.0
14.1.2024 00:45,1812.0
14.1.2024 01:00,1800.0
14.1.2024 01:15,1740.0
14.1.2024 01:30,1746.0
14.1.2024 01:45,1722.0
14.1.2024 02:00,1800.0
14.1.2024 02:15,1788.0
14.1.2024 02:30,1770.0
14.1.2024 02:45,1698.0
14.1.2024 03:00,1776.0
14.1.2024 03:15,1782.0
14.1.2024 03:30,1686.0
14.1.2024 03:45,1890.0
14.1.2024 04:00,1794.0
14.1.2024 04:15,1824.0
14.1.2024 04:30,1812.0
14.1.2024 04:45,1884.0
14.1.2024 05:00,1848.0
14.1.2024 05:15,1884.0
14.1.2024 05:30,1782.0
14.1.2024 05:45,1956.0
14.1.2024 06:00,1752.0
14.1.2024 06:15,1638.0
14.1.2024 06:30,1650.0
14.1.2024 06:45,1512.0
14.1.2024 07:00,1638.0
14.1.2024 07:15,1698.0
14.1.2024 07:30,1626.0
14.1.2024 07:45,1602.0
14.1.2024 08:00,1206.0
14.1.2024 08:15,1182.0
14.1.2024 08:30,1170.0
14.1.2024 08:45,1056.0
14.1.2024 09:00,1104.0
14.1.2024 09:15,1260.0
14.1.2024 09:30,1254.0
14.1.2024 09:45,1290.0
14.1.2024 10:00,1212.0
14.1.2024 10:15,1170.0
14.1.2024 10:30,984.0
14.1.2024 10:45,1206.0
14.1.2024 11:00,1080.0
14.1.2024 11:15,1020.0
14.1.2024 11:30,1074.0
14.1.2024 11:45,960.0
14.1.2024 12:00,792.0
14.1.2024 12:15,876.0
14.1.2024 12:30,1098.0
14.1.2024 12:45,1014.0
14.1.2024 13:00,1038.0
14.1.2024 13:15,1056.0
14.1.2024 13:30,1086.0
14.1.2024 13:45,1212.0
14.1.2024 14:00,1218.0
14.1.2024 14:15,1020.0
14.1.2024 14:30,1020.0
14.1.2024 14:45,1236.0
14.1.2024 15:00,1254.0
14.1.2024 15:15,1008.0
14.1.2024 15:30,1188.0
14.1.2024 15:45,1446.0
14.1.2024 16:00,1422.0
14.1.2024 16:15,1668.0
14.1.2024 16:30,1482.0
14.1.2024 16:45,1704.0
14.1.2024 17:00,1680.0
14.1.2024 17:15,1776.0
14.1.2024 17:30,1812.0
14.1.2024 17:45,1728.0
14.1.2024 18:00,1830.0
14.1.2024 18:15,1776.0
14.1.2024 18:30,1854.0
14.1.2024 18:45,1800.0
14.1.2024 19:00,1704.0
14.1.2024 19:15,1818.0
14.1.2024 19:30,1836.0
14.1.2024 19:45,1788.0
14.1.2024 20:00,1686.0
14.1.2024 20:15,1596.0
14.1.2024 20:30,1476.0
14.1.2024 20:45,1776.0
14.1.2024 21:00,1740.0
14.1.2024 21:15,1734.0
14.1.2024 21:30,1812.0
14.1.2024 21:45,1860.0
14.1.2024 22:00,1812.0
14.1.2024 22:15,1860.0
14.1.2024 22:30,1836.0
14.1.2024 22:45,1902.0
14.1.2024 23:00,1776.0
14.1.2024 23:15,1776.0
14.1.2024 23:30,1758.0
14.1.2024 23:45,1782.0
15.1.2024 00:00,1746.0
15.1.2024 00:15,1782.0
15.1.2024 00:30,1752.0
15.1.2024 00:45,1728.0
15.1.2024 01:00,1860.0
15.1.2024 01:15,1812.0
15.1.2024 01:30,1728.0
15.1.2024 01:45,1704.0
15.1.2024 02:00,1656.0
15.1.2024 02:15,1884.0
15.1.2024 02:30,1878.0
15.1.2024 02:45,1818.0
15.1.2024 03:00,1812.0
15.1.2024 03:15,1854.0
15.1.2024 03:30,1572.0
15.1.2024 03:45,1752.0
15.1.2024 04:00,1518.0
15.1.2024 04:15,1710.0
15.1.2024 04:30,1728.0
15.1.2024 04:45,1812.0
15.1.2024 05:00,1698.0
15.1.2024 05:15,1842.0
15.1.2024 05:30,1740.0
15.1.2024 05:45,1608.0
15.1.2024 06:00,1644.0
15.1.2024 06:15,1476.0
15.1.2024 06:30,1500.0
15.1.2024 06:45,1122.0
15.1.2024 07:00,678.0
15.1.2024 07:15,564.0
15.1.2024 07:30,492.0
15.1.2024 07:45,180.0
15.1.2024 08:00,6.0
15.1.2024 08:15,0.0
15.1.2024 08:30,12.0
15.1.2024 08:45,12.0
15.1.2024 09:00,6.0
15.1.2024 09:15,6.0
15.1.2024 09:30,6.0
15.1.2024 09:45,6.0
15.1.2024 10:00,6.0
15.1.2024 10:15,18.0
15.1.2024 10:30,12.0
15.1.2024 10:45,6.0
15.1.2024 11:00,6.0
15.1.2024 11:15,18.0
15.1.2024 11:30,12.0
15.1.2024 11:45,6.0
15.1.2024 12:00,0.0
15.1.2024 12:15,0.0
15.1.2024 12:30,0.0
15.1.2024 12:45,0.0
15.1.2024 13:00,0.0
15.1.2024 13:15,12.0
15.1.2024 13:30,12.0
15.1.2024 13:45,18.0
15.1.2024 14:00,18.0
15.1.2024 14:15,12.0
15.1.2024 14:30,18.0
15.1.2024 14:45,12.0
15.1.2024 15:00,12.0
15.1.2024 15:15,18.0
15.1.2024 15:30,18.0
15.1.2024 15:45,24.0
15.1.2024 16:00,6.0
15.1.2024 16:15,0.0
15.1.2024 16:30,6.0
15.1.2024 16:45,0.0
15.1.2024 17:00,24.0
15.1.2024 17:15,54.0
15.1.2024 17:30,84.0
15.1.2024 17:45,102.0
15.1.2024 18:00,96.0
15.1.2024 18:15,96.0
15.1.2024 18:30,108.0
15.1.2024 18:45,108.0
15.1.2024 19:00,108.0
15.1.2024 19:15,132.0
15.1.2024 19:30,138.0
15.1.2024 19:45,138.0
15.1.2024 20:00,180.0
15.1.2024 20:15,168.0
15.1.2024 20:30,150.0
15.1.2024 20:45,168.0
15.1.2024 21:00,192.0
15.1.2024 21:15,204.0
15.1.2024 21:30,180.0
15.1.2024 21:45,180.0
15.1.2024 22:00,174.0
15.1.2024 22:15,174.0
15.1.2024 22:30,168.0
15.1.2024 22:45,174.0
15.1.2024 23:00,168.0
15.1.2024 23:15,174.0
15.1.2024 23:30,150.0
15.1.2024 23:45,156.0
16.1.2024 00:00,150.0
16.1.2024 00:15,126.0
16.1.2024 00:30,120.0
16.1.2024 00:45,132.0
16.1.2024 01:00,138.0
16.1.2024 01:15,144.0
16.1.2024 01:30,144.0
16.1.2024 01:45,204.0
16.1.2024 02:00,144.0
16.1.2024 02:15,126.0
16.1.2024 02:30,132.0
16.1.2024 02:45,120.0
16.1.2024 03:00,126.0
16.1.2024 03:15,114.0
16.1.2024 03:30,114.0
16.1.2024 03:45,132.0
16.1.2024 04:00,126.0
16.1.2024 04:15,96.0
16.1.2024 04:30,102.0
16.1.2024 04:45,96.0
16.1.2024 05:00,90.0
16.1.2024 05:15,90.0
16.1.2024 05:30,96.0
16.1.2024 05:45,96.0
16.1.2024 06:00,126.0
16.1.2024 06:15,216.0
16.1.2024 06:30,396.0
16.1.2024 06:45,516.0
16.1.2024 07:00,444.0
16.1.2024 07:15,852.0
16.1.2024 07:30,966.0
16.1.2024 07:45,558.0
16.1.2024 08:00,954.0
16.1.2024 08:15,1188.0
16.1.2024 08:30,1266.0
16.1.2024 08:45,1020.0
16.1.2024 09:00,786.0
16.1.2024 09:15,804.0
16.1.2024 09:30,744.0
16.1.2024 09:45,582.0
16.1.2024 10:00,732.0
16.1.2024 10:15,882.0
16.1.2024 10:30,1014.0
16.1.2024 10:45,1002.0
16.1.2024 11:00,1002.0
16.1.2024 11:15,1044.0
16.1.2024 11:30,930.0
16.1.2024 11:45,570.0
16.1.2024 12:00,660.0
16.1.2024 12:15,852.0
16.1.2024 12:30,972.0
16.1.2024 12:45,924.0
16.1.2024 13:00,972.0
16.1.2024 13:15,1026.0
16.1.2024 13:30,960.0
16.1.2024 13:45,900.0
16.1.2024 14:00,852.0
16.1.2024 14:15,900.0
16.1.2024 14:30,1026.0
16.1.2024 14:45,1230.0
16.1.2024 15:00,1206.0
16.1.2024 15:15,996.0
16.1.2024 15:30,1092.0
16.1.2024 15:45,1236.0
16.1.2024 16:00,1440.0
16.1.2024 16:15,1512.0
16.1.2024 16:30,1560.0
16.1.2024 16:45,1530.0
16.1.2024 17:00,1476.0
16.1.2024 17:15,1638.0
16.1.2024 17:30,1404.0
16.1.2024 17:45,1740.0
16.1.2024 18:00,1800.0
16.1.2024 18:15,1758.0
16.1.2024 18:30,1788.0
16.1.2024 18:45,1752.0
16.1.2024 19:00,1656.0
16.1.2024 19:15,1806.0
16.1.2024 19:30,1836.0
16.1.2024 19:45,1416.0
16.1.2024 20:00,1272.0
16.1.2024 20:15,1764.0
16.1.2024 20:30,1932.0
16.1.2024 20:45,1872.0
16.1.2024 21:00,1752.0
16.1.2024 21:15,1782.0
16.1.2024 21:30,1734.0
16.1.2024 21:45,1848.0
16.1.2024 22:00,1740.0
16.1.2024 22:15,1848.0
16.1.2024 22:30,1770.0
16.1.2024 22:45,1902.0
16.1.2024 23:00,1812.0
16.1.2024 23:15,1704.0
16.1.2024 23:30,1830.0
16.1.2024 23:45,1752.0
17.1.2024 00:00,1818.0
17.1.2024 00:15,1680.0
17.1.2024 00:30,1518.0
17.1.2024 00:45,1572.0
17.1.2024 01:00,1710.0
17.1.2024 01:15,1752.0
17.1.2024 01:30,1794.0
17.1.2024 01:45,1806.0
17.1.2024 02:00,1824.0
17.1.2024 02:15,1806.0
17.1.2024 02:30,1794.0
17.1.2024 02:45,1782.0
17.1.2024 03:00,1728.0
17.1.2024 03:15,1788.0
17.1.2024 03:30,1842.0
17.1.2024 03:45,1884.0
17.1.2024 04:00,1818.0
17.1.2024 04:15,1716.0
17.1.2024 04:30,1830.0
17.1.2024 04:45,1800.0
17.1.2024 05:00,1680.0
17.1.2024 05:15,1854.0
17.1.2024 05:30,1620.0
17.1.2024 05:45,1728.0
17.1.2024 06:00,1830.0
17.1.2024 06:15,1908.0
17.1.2024 06:30,1890.0
17.1.2024 06:45,1812.0
17.1.2024 07:00,1836.0
17.1.2024 07:15,1752.0
17.1.2024 07:30,1608.0
17.1.2024 07:45,1620.0
17.1.2024 08:00,1620.0
17.1.2024 08:15,1572.0
17.1.2024 08:30,1332.0
17.1.2024 08:45,1380.0
17.1.2024 09:00,1308.0
17.1.2024 09:15,1320.0
17.1.2024 09:30,1188.0
17.1.2024 09:45,1020.0
17.1.2024 10:00,912.0
17.1.2024 10:15,1182.0
17.1.2024 10:30,912.0
17.1.2024 10:45,828.0
17.1.2024 11:00,894.0
17.1.2024 11:15,1080.0
17.1.2024 11:30,1038.0
17.1.2024 11:45,966.0
17.1.2024 12:00,996.0
17.1.2024 12:15,1008.0
17.1.2024 12:30,1002.0
17.1.2024 12:45,978.0
17.1.2024 13:00,1092.0
17.1.2024 13:15,1092.0
17.1.2024 13:30,816.0
17.1.2024 13:45,1164.0
17.1.2024 14:00,1194.0
17.1.2024 14:15,1056.0
17.1.2024 14:30,1200.0
17.1.2024 14:45,1182.0
17.1.2024 15:00,1278.0
17.1.2024 15:15,288.0
17.1.2024 15:30,1128.0
17.1.2024 15:45,1272.0
17.1.2024 16:00,1302.0
17.1.2024 16:15,1200.0
17.1.2024 16:30,1548.0
17.1.2024 16:45,1590.0
17.1.2024 17:00,1662.0
17.1.2024 17:15,1752.0
17.1.2024 17:30,1728.0
17.1.2024 17:45,1752.0
17.1.2024 18:00,1752.0
17.1.2024 18:15,1704.0
17.1.2024 18:30,1812.0
17.1.2024 18:45,1674.0
17.1.2024 19:00,1806.0
17.1.2024 19:15,1896.0
17.1.2024 19:30,1662.0
17.1.2024 19:45,1572.0
17.1.2024 20:00,1758.0
17.1.2024 20:15,1752.0
17.1.2024 20:30,1758.0
17.1.2024 20:45,1806.0
17.1.2024 21:00,1884.0
17.1.2024 21:15,1884.0
17.1.2024 21:30,1920.0
17.1.2024 21:45,1872.0
17.1.2024 22:00,1806.0
17.1.2024 22:15,1866.0
17.1.2024 22:30,1782.0
17.1.2024 22:45,1782.0
17.1.2024 23:00,1476.0
17.1.2024 23:15,1632.0
17.1.2024 23:30,1842.0
17.1.2024 23:45,1980.0
18.1.2024 00:00,1956.0
18.1.2024 00:15,1878.0
18.1.2024 00:30,1926.0
18.1.2024 00:45,1674.0
18.1.2024 01:00,1830.0
18.1.2024 01:15,1812.0
18.1.2024 01:30,1836.0
18.1.2024 01:45,1884.0
18.1.2024 02:00,1896.0
18.1.2024 02:15,1650.0
18.1.2024 02:30,1818.0
18.1.2024 02:45,1788.0
18.1.2024 03:00,1854.0
18.1.2024 03:15,1884.0
18.1.2024 03:30,1788.0
18.1.2024 03:45,1812.0
18.1.2024 04:00,1854.0
18.1.2024 04:15,1818.0
18.1.2024 04:30,1836.0
18.1.2024 04:45,1716.0
18.1.2024 05:00,1764.0
18.1.2024 05:15,1812.0
18.1.2024 05:30,1692.0
18.1.2024 05:45,1788.0
18.1.2024 06:00,1692.0
18.1.2024 06:15,1680.0
18.1.2024 06:30,1674.0
18.1.2024 06:45,1806.0
18.1.2024 07:00,1704.0
18.1.2024 07:15,1656.0
18.1.2024 07:30,1590.0
18.1.2024 07:45,1386.0
18.1.2024 08:00,1308.0
18.1.2024 08:15,1128.0
18.1.2024 08:30,1074.0
18.1.2024 08:45,1212.0
18.1.2024 09:00,1236.0
18.1.2024 09:15,1104.0
18.1.2024 09:30,984.0
18.1.2024 09:45,870.0
18.1.2024 10:00,954.0
18.1.2024 10:15,948.0
18.1.2024 10:30,1074.0
18.1.2024 10:45,924.0
18.1.2024 11:00,726.0
18.1.2024 11:15,720.0
18.1.2024 11:30,612.0
18.1.2024 11:45,552.0
18.1.2024 12:00,504.0
18.1.2024 12:15,348.0
18.1.2024 12:30,294.0
18.1.2024 12:45,384.0
18.1.2024 13:00,948.0
18.1.2024 13:15,1044.0
18.1.2024 13:30,1038.0
18.1.2024 13:45,1104.0
18.1.2024 14:00,942.0
18.1.2024 14:15,912.0
18.1.2024 14:30,1038.0
18.1.2024 14:45,1080.0
18.1.2024 15:00,1128.0
18.1.2024 15:15,900.0
18.1.2024 15:30,1074.0
18.1.2024 15:45,1308.0
18.1.2024 16:00,1194.0
18.1.2024 16:15,1158.0
18.1.2024 16:30,1152.0
18.1.2024 16:45,1194.0
18.1.2024 17:00,1116.0
18.1.2024 17:15,1182.0
18.1.2024 17:30,1230.0
18.1.2024 17:45,1260.0
18.1.2024 18:00,1596.0
18.1.2024 18:15,1836.0
18.1.2024 18:30,1872.0
18.1.2024 18:45,1872.0
18.1.2024 19:00,1812.0
18.1.2024 19:15,1854.0
18.1.2024 19:30,1788.0
18.1.2024 19:45,1782.0
18.1.2024 20:00,1740.0
18.1.2024 20:15,1818.0
18.1.2024 20:30,1824.0
18.1.2024 20:45,1788.0
18.1.2024 21:00,1950.0
18.1.2024 21:15,1752.0
18.1.2024 21:30,1890.0
18.1.2024 21:45,1878.0
18.1.2024 22:00,1704.0
18.1.2024 22:15,1920.0
18.1.2024 22:30,1848.0
18.1.2024 22:45,1788.0
18.1.2024 23:00,1944.0
18.1.2024 23:15,1884.0
18.1.2024 23:30,1872.0
18.1.2024 23:45,1914.0
19.1.2024 00:00,1860.0
19.1.2024 00:15,1908.0
19.1.2024 00:30,1896.0
19.1.2024 00:45,1800.0
19.1.2024 01:00,1848.0
19.1.2024 01:15,1848.0
19.1.2024 01:30,1848.0
19.1.2024 01:45,1878.0
19.1.2024 02:00,1890.0
19.1.2024 02:15,1740.0
19.1.2024 02:30,1530.0
19.1.2024 02:45,1764.0
19.1.2024 03:00,1824.0
19.1.2024 03:15,1806.0
19.1.2024 03:30,1878.0
19.1.2024 03:45,1872.0
19.1.2024 04:00,1788.0
19.1.2024 04:15,1758.0
19.1.2024 04:30,1824.0
19.1.2024 04:45,1788.0
19.1.2024 05:00,1812.0
19.1.2024 05:15,1584.0
19.1.2024 05:30,1560.0
19.1.2024 05:45,1548.0
19.1.2024 06:00,1638.0
19.1.2024 06:15,1296.0
19.1.2024 06:30,960.0
19.1.2024 06:45,732.0
19.1.2024 07:00,690.0
19.1.2024 07:15,624.0
19.1.2024 07:30,552.0
19.1.2024 07:45,270.0
19.1.2024 08:00,12.0
19.1.2024 08:15,0.0
19.1.2024 08:30,12.0
19.1.2024 08:45,18.0
19.1.2024 09:00,18.0
19.1.2024 09:15,12.0
19.1.2024 09:30,6.0
19.1.2024 09:45,0.0
19.1.2024 10:00,0.0
19.1.2024 10:15,0.0
19.1.2024 10:30,6.0
19.1.2024 10:45,0.0
19.1.2024 11:00,12.0
19.1.2024 11:15,12.0
19.1.2024 11:30,12.0
19.1.2024 11:45,18.0
19.1.2024 12:00,6.0
19.1.2024 12:15,0.0
19.1.2024 12:30,6.0
19.1.2024 12:45,18.0
19.1.2024 13:00,6.0
19.1.2024 13:15,6.0
19.1.2024 13:30,24.0
19.1.2024 13:45,18.0
19.1.2024 14:00,12.0
19.1.2024 14:15,6.0
19.1.2024 14:30,0.0
19.1.2024 14:45,0.0
19.1.2024 15:00,12.0
19.1.2024 15:15,24.0
19.1.2024 15:30,18.0
19.1.2024 15:45,18.0
19.1.2024 16:00,6.0
19.1.2024 16:15,36.0
19.1.2024 16:30,72.0
19.1.2024 16:45,66.0
19.1.2024 17:00,72.0
19.1.2024 17:15,66.0
19.1.2024 17:30,72.0
19.1.2024 17:45,78.0
19.1.2024 18:00,84.0
19.1.2024 18:15,90.0
19.1.2024 18:30,102.0
19.1.2024 18:45,108.0
19.1.2024 19:00,114.0
19.1.2024 19:15,108.0
19.1.2024 19:30,114.0
19.1.2024 19:45,108.0
19.1.2024 20:00,120.0
19.1.2024 20:15,144.0
19.1.2024 20:30,144.0
19.1.2024 20:45,132.0
19.1.2024 21:00,132.0
19.1.2024 21:15,138.0
19.1.2024 21:30,138.0
19.1.2024 21:45,138.0
19.1.2024 22:00,132.0
19.1.2024 22:15,132.0
19.1.2024 22:30,120.0
19.1.2024 22:45,114.0
19.1.2024 23:00,108.0
19.1.2024 23:15,108.0
19.1.2024 23:30,114.0
19.1.2024 23:45,120.0
20.1.2024 00:00,114.0
20.1.2024 00:15,120.0
20.1.2024 00:30,114.0
20.1.2024 00:45,114.0
20.1.2024 01:00,108.0
20.1.2024 01:15,102.0
20.1.2024 01:30,96.0
20.1.2024 01:45,108.0
20.1.2024 02:00,120.0
20.1.2024 02:15,114.0
20.1.2024 02:30,132.0
20.1.2024 02:45,138.0
20.1.2024 03:00,120.0
20.1.2024 03:15,126.0
20.1.2024 03:30,108.0
20.1.2024 03:45,96.0
20.1.2024 04:00,96.0
20.1.2024 04:15,108.0
20.1.2024 04:30,114.0
20.1.2024 04:45,114.0
20.1.2024 05:00,120.0
20.1.2024 05:15,114.0
20.1.2024 05:30,120.0
20.1.2024 05:45,144.0
20.1.2024 06:00,222.0
20.1.2024 06:15,522.0
20.1.2024 06:30,654.0
20.1.2024 06:45,642.0
20.1.2024 07:00,756.0
20.1.2024 07:15,1242.0
20.1.2024 07:30,834.0
20.1.2024 07:45,624.0
20.1.2024 08:00,1032.0
20.1.2024 08:15,1074.0
20.1.2024 08:30,1356.0
20.1.2024 08:45,1392.0
20.1.2024 09:00,1362.0
20.1.2024 09:15,1170.0
20.1.2024 09:30,1020.0
20.1.2024 09:45,960.0
20.1.2024 10:00,924.0
20.1.2024 10:15,966.0
20.1.2024 10:30,888.0
20.1.2024 10:45,810.0
20.1.2024 11:00,624.0
20.1.2024 11:15,498.0
20.1.2024 11:30,480.0
20.1.2024 11:45,564.0
20.1.2024 12:00,588.0
20.1.2024 12:15,756.0
20.1.2024 12:30,858.0
20.1.2024 12:45,900.0
20.1.2024 13:00,1020.0
20.1.2024 13:15,936.0
20.1.2024 13:30,912.0
20.1.2024 13:45,714.0
20.1.2024 14:00,636.0
20.1.2024 14:15,516.0
20.1.2024 14:30,690.0
20.1.2024 14:45,768.0
20.1.2024 15:00,744.0
20.1.2024 15:15,762.0
20.1.2024 15:30,816.0
20.1.2024 15:45,900.0
20.1.2024 16:00,1008.0
20.1.2024 16:15,1092.0
20.1.2024 16:30,1164.0
20.1.2024 16:45,1164.0
20.1.2024 17:00,1266.0
20.1.2024 17:15,1236.0
20.1.2024 17:30,1236.0
20.1.2024 17:45,1356.0
20.1.2024 18:00,1470.0
20.1.2024 18:15,1524.0
20.1.2024 18:30,1380.0
20.1.2024 18:45,1308.0
20.1.2024 19:00,1500.0
20.1.2024 19:15,1518.0
20.1.2024 19:30,1434.0
20.1.2024 19:45,1200.0
20.1.2024 20:00,1308.0
20.1.2024 20:15,1344.0
20.1.2024 20:30,1170.0
20.1.2024 20:45,1230.0
20.1.2024 21:00,1296.0
20.1.2024 21:15,1362.0
20.1.2024 21:30,1236.0
20.1.2024 21:45,1152.0
20.1.2024 22:00,1152.0
20.1.2024 22:15,1068.0
20.1.2024 22:30,1110.0
20.1.2024 22:45,1248.0
20.1.2024 23:00,1284.0
20.1.2024 23:15,1308.0
20.1.2024 23:30,1446.0
20.1.2024 23:45,1176.0
21.1.2024 00:00,1434.0
21.1.2024 00:15,1560.0
21.1.2024 00:30,1638.0
21.1.2024 00:45,1584.0
21.1.2024 01:00,1740.0
21.1.2024 01:15,1668.0
21.1.2024 01:30,1698.0
21.1.2024 01:45,1776.0
21.1.2024 02:00,1752.0
21.1.2024 02:15,1842.0
21.1.2024 02:30,1800.0
21.1.2024 02:45,1680.0
21.1.2024 03:00,1824.0
21.1.2024 03:15,1668.0
21.1.2024 03:30,1476.0
21.1.2024 03:45,1338.0
21.1.2024 04:00,1524.0
21.1.2024 04:15,1722.0
21.1.2024 04:30,1710.0
21.1.2024 04:45,1566.0
21.1.2024 05:00,1632.0
21.1.2024 05:15,1392.0
21.1.2024 05:30,1152.0
21.1.2024 05:45,1320.0
21.1.2024 06:00,1452.0
21.1.2024 06:15,1446.0
21.1.2024 06:30,1128.0
21.1.2024 06:45,1068.0
21.1.2024 07:00,1254.0
21.1.2024 07:15,1128.0
21.1.2024 07:30,1044.0
21.1.2024 07:45,966.0
21.1.2024 08:00,984.0
21.1.2024 08:15,1068.0
21.1.2024 08:30,984.0
21.1.2024 08:45,810.0
21.1.2024 09:00,750.0
21.1.2024 09:15,660.0
21.1.2024 09:30,576.0
21.1.2024 09:45,444.0
21.1.2024 10:00,588.0
21.1.2024 10:15,534.0
21.1.2024 10:30,528.0
21.1.2024 10:45,492.0
21.1.2024 11:00,492.0
21.1.2024 11:15,408.0
21.1.2024 11:30,360.0
21.1.2024 11:45,432.0
21.1.2024 12:00,420.0
21.1.2024 12:15,672.0
21.1.2024 12:30,576.0
21.1.2024 12:45,528.0
21.1.2024 13:00,534.0
21.1.2024 13:15,600.0
21.1.2024 13:30,552.0
21.1.2024 13:45,516.0
21.1.2024 14:00,612.0
21.1.2024 14:15,552.0
21.1.2024 14:30,528.0
21.1.2024 14:45,510.0
21.1.2024 15:00,612.0
21.1.2024 15:15,768.0
21.1.2024 15:30,1182.0
21.1.2024 15:45,1218.0
21.1.2024 16:00,1014.0
21.1.2024 16:15,1434.0
21.1.2024 16:30,1404.0
21.1.2024 16:45,1596.0
21.1.2024 17:00,1296.0
21.1.2024 17:15,1668.0
21.1.2024 17:30,1716.0
21.1.2024 17:45,1584.0
21.1.2024 18:00,1392.0
21.1.2024 18:15,1140.0
21.1.2024 18:30,1248.0
21.1.2024 18:45,1434.0
21.1.2024 19:00,1644.0
21.1.2024 19:15,1656.0
21.1.2024 19:30,1308.0
21.1.2024 19:45,924.0
21.1.2024 20:00,1164.0
21.1.2024 20:15,1416.0
21.1.2024 20:30,1644.0
21.1.2024 20:45,1608.0
21.1.2024 21:00,1530.0
21.1.2024 21:15,1086.0
21.1.2024 21:30,1524.0
21.1.2024 21:45,1674.0
21.1.2024 22:00,1668.0
21.1.2024 22:15,1536.0
21.1.2024 22:30,1248.0
21.1.2024 22:45,1356.0
21.1.2024 23:00,960.0
21.1.2024 23:15,774.0
21.1.2024 23:30,732.0
21.1.2024 23:45,726.0
22.1.2024 00:00,720.0
22.1.2024 00:15,732.0
22.1.2024 00:30,708.0
22.1.2024 00:45,726.0
22.1.2024 01:00,684.0
22.1.2024 01:15,714.0
22.1.2024 01:30,726.0
22.1.2024 01:45,732.0
22.1.2024 02:00,750.0
22.1.2024 02:15,744.0
22.1.2024 02:30,714.0
22.1.2024 02:45,708.0
22.1.2024 03:00,708.0
22.1.2024 03:15,702.0
22.1.2024 03:30,672.0
22.1.2024 03:45,666.0
22.1.2024 04:00,648.0
22.1.2024 04:15,660.0
22.1.2024 04:30,678.0
22.1.2024 04:45,660.0
22.1.2024 05:00,642.0
22.1.2024 05:15,654.0
22.1.2024 05:30,696.0
22.1.2024 05:45,720.0
22.1.2024 06:00,702.0
22.1.2024 06:15,684.0
22.1.2024 06:30,678.0
22.1.2024 06:45,582.0
22.1.2024 07:00,408.0
22.1.2024 07:15,294.0
22.1.2024 07:30,48.0
22.1.2024 07:45,12.0
22.1.2024 08:00,0.0
22.1.2024 08:15,0.0
22.1.2024 08:30,12.0
22.1.2024 08:45,18.0
22.1.2024 09:00,12.0
22.1.2024 09:15,12.0
22.1.2024 09:30,6.0
22.1.2024 09:45,0.0
22.1.2024 10:00,0.0
22.1.2024 10:15,6.0
22.1.2024 10:30,0.0
22.1.2024 10:45,0.0
22.1.2024 11:00,0.0
22.1.2024 11:15,0.0
22.1.2024 11:30,0.0
22.1.2024 11:45,0.0
22.1.2024 12:00,0.0
22.1.2024 12:15,0.0
22.1.2024 12:30,0.0
22.1.2024 12:45,0.0
22.1.2024 13:00,0.0
22.1.2024 13:15,0.0
22.1.2024 13:30,0.0
22.1.2024 13:45,0.0
22.1.2024 14:00,0.0
22.1.2024 14:15,0.0
22.1.2024 14:30,0.0
22.1.2024 14:45,0.0
22.1.2024 15:00,6.0
22.1.2024 15:15,18.0
22.1.2024 15:30,18.0
22.1.2024 15:45,6.0
22.1.2024 16:00,6.0
22.1.2024 16:15,12.0
22.1.2024 16:30,0.0
22.1.2024 16:45,48.0
22.1.2024 17:00,60.0
22.1.2024 17:15,84.0
22.1.2024 17:30,108.0
22.1.2024 17:45,120.0
22.1.2024 18:00,132.0
22.1.2024 18:15,132.0
22.1.2024 18:30,138.0
22.1.2024 18:45,138.0
22.1.2024 19:00,138.0
22.1.2024 19:15,138.0
22.1.2024 19:30,138.0
22.1.2024 19:45,132.0
22.1.2024 20:00,138.0
22.1.2024 20:15,132.0
22.1.2024 20:30,132.0
22.1.2024 20:45,132.0
22.1.2024 21:00,168.0
22.1.2024 21:15,168.0
22.1.2024 21:30,168.0
22.1.2024 21:45,144.0
22.1.2024 22:00,126.0
22.1.2024 22:15,132.0
22.1.2024 22:30,138.0
22.1.2024 22:45,132.0
22.1.2024 23:00,132.0
22.1.2024 23:15,132.0
22.1.2024 23:30,132.0
22.1.2024 23:45,132.0
23.1.2024 00:00,132.0
23.1.2024 00:15,132.0
23.1.2024 00:30,132.0
23.1.2024 00:45,132.0
23.1.2024 01:00,126.0
23.1.2024 01:15,132.0
23.1.2024 01:30,126.0
23.1.2024 01:45,126.0
23.1.2024 02:00,132.0
23.1.2024 02:15,126.0
23.1.2024 02:30,126.0
23.1.2024 02:45,126.0
23.1.2024 03:00,126.0
23.1.2024 03:15,126.0
23.1.2024 03:30,126.0
23.1.2024 03:45,132.0
23.1.2024 04:00,126.0
23.1.2024 04:15,126.0
23.1.2024 04:30,126.0
23.1.2024 04:45,126.0
23.1.2024 05:00,126.0
23.1.2024 05:15,126.0
23.1.2024 05:30,126.0
23.1.2024 05:45,126.0
23.1.2024 06:00,126.0
23.1.2024 06:15,126.0
23.1.2024 06:30,120.0
23.1.2024 06:45,120.0
23.1.2024 07:00,120.0
23.1.2024 07:15,102.0
23.1.2024 07:30,90.0
23.1.2024 07:45,72.0
23.1.2024 08:00,6.0
23.1.2024 08:15,0.0
23.1.2024 08:30,12.0
23.1.2024 08:45,18.0
23.1.2024 09:00,18.0
23.1.2024 09:15,6.0
23.1.2024 09:30,6.0
23.1.2024 09:45,0.0
23.1.2024 10:00,6.0
23.1.2024 10:15,6.0
23.1.2024 10:30,6.0
23.1.2024 10:45,12.0
23.1.2024 11:00,6.0
23.1.2024 11:15,6.0
23.1.2024 11:30,24.0
23.1.2024 11:45,12.0
23.1.2024 12:00,0.0
23.1.2024 12:15,0.0
23.1.2024 12:30,0.0
23.1.2024 12:45,0.0
23.1.2024 13:00,0.0
23.1.2024 13:15,0.0
23.1.2024 13:30,0.0
23.1.2024 13:45,0.0
23.1.2024 14:00,0.0
23.1.2024 14:15,0.0
23.1.2024 14:30,0.0
23.1.2024 14:45,6.0
23.1.2024 15:00,6.0
23.1.2024 15:15,6.0
23.1.2024 15:30,6.0
23.1.2024 15:45,12.0
23.1.2024 16:00,0.0
23.1.2024 16:15,6.0
23.1.2024 16:30,0.0
23.1.2024 16:45,12.0
23.1.2024 17:00,54.0
23.1.2024 17:15,78.0
23.1.2024 17:30,102.0
23.1.2024 17:45,126.0
23.1.2024 18:00,138.0
23.1.2024 18:15,144.0
23.1.2024 18:30,138.0
23.1.2024 18:45,138.0
23.1.2024 19:00,132.0
23.1.2024 19:15,132.0
23.1.2024 19:30,126.0
23.1.2024 19:45,132.0
23.1.2024 20:00,138.0
23.1.2024 20:15,144.0
23.1.2024 20:30,144.0
23.1.2024 20:45,144.0
23.1.2024 21:00,144.0
23.1.2024 21:15,144.0
23.1.2024 21:30,144.0
23.1.2024 21:45,144.0
23.1.2024 22:00,138.0
23.1.2024 22:15,150.0
23.1.2024 22:30,150.0
23.1.2024 22:45,150.0
23.1.2024 23:00,150.0
23.1.2024 23:15,150.0
23.1.2024 23:30,144.0
23.1.2024 23:45,144.0
24.1.2024 00:00,144.0
24.1.2024 00:15,138.0
24.1.2024 00:30,138.0
24.1.2024 00:45,144.0
24.1.2024 01:00,144.0
24.1.2024 01:15,150.0
24.1.2024 01:30,150.0
24.1.2024 01:45,150.0
24.1.2024 02:00,144.0
24.1.2024 02:15,144.0
24.1.2024 02:30,144.0
24.1.2024 02:45,144.0
24.1.2024 03:00,144.0
24.1.2024 03:15,138.0
24.1.2024 03:30,138.0
24.1.2024 03:45,138.0
24.1.2024 04:00,138.0
24.1.2024 04:15,138.0
24.1.2024 04:30,132.0
24.1.2024 04:45,144.0
24.1.2024 05:00,144.0
24.1.2024 05:15,132.0
24.1.2024 05:30,144.0
24.1.2024 05:45,138.0
24.1.2024 06:00,138.0
24.1.2024 06:15,132.0
24.1.2024 06:30,126.0
24.1.2024 06:45,120.0
24.1.2024 07:00,102.0
24.1.2024 07:15,84.0
24.1.2024 07:30,48.0
24.1.2024 07:45,42.0
24.1.2024 08:00,6.0
24.1.2024 08:15,6.0
24.1.2024 08:30,6.0
24.1.2024 08:45,18.0
24.1.2024 09:00,18.0
24.1.2024 09:15,6.0
24.1.2024 09:30,6.0
24.1.2024 09:45,0.0
24.1.2024 10:00,0.0
24.1.2024 10:15,0.0
24.1.2024 10:30,0.0
24.1.2024 10:45,0.0
24.1.2024 11:00,0.0
24.1.2024 11:15,0.0
24.1.2024 11:30,0.0
24.1.2024 11:45,0.0
24.1.2024 12:00,0.0
24.1.2024 12:15,0.0
24.1.2024 12:30,0.0
24.1.2024 12:45,0.0
24.1.2024 13:00,0.0
24.1.2024 13:15,0.0
24.1.2024 13:30,0.0
24.1.2024 13:45,0.0
24.1.2024 14:00,0.0
24.1.2024 14:15,0.0
24.1.2024 14:30,0.0
24.1.2024 14:45,0.0
24.1.2024 15:00,0.0
24.1.2024 15:15,0.0
24.1.2024 15:30,12.0
24.1.2024 15:45,12.0
24.1.2024 16:00,18.0
24.1.2024 16:15,6.0
24.1.2024 16:30,0.0
24.1.2024 16:45,24.0
24.1.2024 17:00,66.0
24.1.2024 17:15,84.0
24.1.2024 17:30,108.0
24.1.2024 17:45,120.0
24.1.2024 18:00,132.0
24.1.2024 18:15,126.0
24.1.2024 18:30,126.0
24.1.2024 18:45,120.0
24.1.2024 19:00,126.0
24.1.2024 19:15,120.0
24.1.2024 19:30,120.0
24.1.2024 19:45,126.0
24.1.2024 20:00,132.0
24.1.2024 20:15,132.0
24.1.2024 20:30,144.0
24.1.2024 20:45,144.0
24.1.2024 21:00,144.0
24.1.2024 21:15,144.0
24.1.2024 21:30,144.0
24.1.2024 21:45,144.0
24.1.2024 22:00,144.0
24.1.2024 22:15,144.0
24.1.2024 22:30,150.0
24.1.2024 22:45,144.0
24.1.2024 23:00,144.0
24.1.2024 23:15,144.0
24.1.2024 23:30,144.0
24.1.2024 23:45,138.0
25.1.2024 00:00,138.0
25.1.2024 00:15,138.0
25.1.2024 00:30,138.0
25.1.2024 00:45,144.0
25.1.2024 01:00,138.0
25.1.2024 01:15,144.0
25.1.2024 01:30,150.0
25.1.2024 01:45,144.0
25.1.2024 02:00,144.0
25.1.2024 02:15,150.0
25.1.2024 02:30,144.0
25.1.2024 02:45,144.0
25.1.2024 03:00,150.0
25.1.2024 03:15,144.0
25.1.2024 03:30,138.0
25.1.2024 03:45,144.0
25.1.2024 04:00,138.0
25.1.2024 04:15,138.0
25.1.2024 04:30,132.0
25.1.2024 04:45,132.0
25.1.2024 05:00,138.0
25.1.2024 05:15,138.0
25.1.2024 05:30,132.0
25.1.2024 05:45,132.0
25.1.2024 06:00,138.0
25.1.2024 06:15,138.0
25.1.2024 06:30,132.0
25.1.2024 06:45,132.0
25.1.2024 07:00,126.0
25.1.2024 07:15,120.0
25.1.2024 07:30,108.0
25.1.2024 07:45,90.0
25.1.2024 08:00,78.0
25.1.2024 08:15,60.0
25.1.2024 08:30,60.0
25.1.2024 08:45,72.0
25.1.2024 09:00,30.0
25.1.2024 09:15,18.0
25.1.2024 09:30,6.0
25.1.2024 09:45,12.0
25.1.2024 10:00,0.0
25.1.2024 10:15,12.0
25.1.2024 10:30,12.0
25.1.2024 10:45,12.0
25.1.2024 11:00,6.0
25.1.2024 11:15,12.0
25.1.2024 11:30,0.0
25.1.2024 11:45,0.0
25.1.2024 12:00,0.0
25.1.2024 12:15,0.0
25.1.2024 12:30,6.0
25.1.2024 12:45,0.0
25.1.2024 13:00,0.0
25.1.2024 13:15,0.0
25.1.2024 13:30,0.0
25.1.2024 13:45,6.0
25.1.2024 14:00,0.0
25.1.2024 14:15,0.0
25.1.2024 14:30,0.0
25.1.2024 14:45,0.0
25.1.2024 15:00,12.0
25.1.2024 15:15,0.0
25.1.2024 15:30,6.0
25.1.2024 15:45,0.0
25.1.2024 16:00,0.0
25.1.2024 16:15,0.0
25.1.2024 16:30,0.0
25.1.2024 16:45,0.0
25.1.2024 17:00,0.0
25.1.2024 17:15,84.0
25.1.2024 17:30,114.0
25.1.2024 17:45,126.0
25.1.2024 18:00,132.0
25.1.2024 18:15,132.0
25.1.2024 18:30,132.0
25.1.2024 18:45,132.0
25.1.2024 19:00,132.0
25.1.2024 19:15,132.0
25.1.2024 19:30,132.0
25.1.2024 19:45,132.0
25.1.2024 20:00,132.0
25.1.2024 20:15,132.0
25.1.2024 20:30,138.0
25.1.2024 20:45,144.0
25.1.2024 21:00,144.0
25.1.2024 21:15,144.0
25.1.2024 21:30,138.0
25.1.2024 21:45,144.0
25.1.2024 22:00,138.0
25.1.2024 22:15,144.0
25.1.2024 22:30,138.0
25.1.2024 22:45,138.0
25.1.2024 23:00,132.0
25.1.2024 23:15,126.0
25.1.2024 23:30,126.0
25.1.2024 23:45,126.0
26.1.2024 00:00,126.0
26.1.2024 00:15,126.0
26.1.2024 00:30,126.0
26.1.2024 00:45,126.0
26.1.2024 01:00,138.0
26.1.2024 01:15,144.0
26.1.2024 01:30,144.0
26.1.2024 01:45,144.0
26.1.2024 02:00,144.0
26.1.2024 02:15,144.0
26.1.2024 02:30,138.0
26.1.2024 02:45,144.0
26.1.2024 03:00,144.0
26.1.2024 03:15,132.0
26.1.2024 03:30,132.0
26.1.2024 03:45,132.0
26.1.2024 04:00,132.0
26.1.2024 04:15,132.0
26.1.2024 04:30,132.0
26.1.2024 04:45,132.0
26.1.2024 05:00,138.0
26.1.2024 05:15,144.0
26.1.2024 05:30,138.0
26.1.2024 05:45,144.0
26.1.2024 06:00,132.0
26.1.2024 06:15,126.0
26.1.2024 06:30,132.0
26.1.2024 06:45,120.0
26.1.2024 07:00,120.0
26.1.2024 07:15,114.0
26.1.2024 07:30,90.0
26.1.2024 07:45,42.0
26.1.2024 08:00,24.0
26.1.2024 08:15,6.0
26.1.2024 08:30,18.0
26.1.2024 08:45,24.0
26.1.2024 09:00,12.0
26.1.2024 09:15,18.0
26.1.2024 09:30,18.0
26.1.2024 09:45,0.0
26.1.2024 10:00,0.0
26.1.2024 10:15,6.0
26.1.2024 10:30,0.0
26.1.2024 10:45,0.0
26.1.2024 11:00,0.0
26.1.2024 11:15,12.0
26.1.2024 11:30,0.0
26.1.2024 11:45,0.0
26.1.2024 12:00,0.0
26.1.2024 12:15,0.0
26.1.2024 12:30,0.0
26.1.2024 12:45,0.0
26.1.2024 13:00,0.0
26.1.2024 13:15,0.0
26.1.2024 13:30,0.0
26.1.2024 13:45,0.0
26.1.2024 14:00,0.0
26.1.2024 14:15,0.0
26.1.2024 14:30,0.0
26.1.2024 14:45,0.0
26.1.2024 15:00,0.0
26.1.2024 15:15,6.0
26.1.2024 15:30,6.0
26.1.2024 15:45,0.0
26.1.2024 16:00,0.0
26.1.2024 16:15,0.0
26.1.2024 16:30,6.0
26.1.2024 16:45,0.0
26.1.2024 17:00,54.0
26.1.2024 17:15,102.0
26.1.2024 17:30,108.0
26.1.2024 17:45,126.0
26.1.2024 18:00,132.0
26.1.2024 18:15,132.0
26.1.2024 18:30,132.0
26.1.2024 18:45,132.0
26.1.2024 19:00,132.0
26.1.2024 19:15,132.0
26.1.2024 19:30,132.0
26.1.2024 19:45,138.0
26.1.2024 20:00,132.0
26.1.2024 20:15,132.0
26.1.2024 20:30,132.0
26.1.2024 20:45,144.0
26.1.2024 21:00,138.0
26.1.2024 21:15,138.0
26.1.2024 21:30,144.0
26.1.2024 21:45,144.0
26.1.2024 22:00,150.0
26.1.2024 22:15,144.0
26.1.2024 22:30,144.0
26.1.2024 22:45,144.0
26.1.2024 23:00,144.0
26.1.2024 23:15,156.0
26.1.2024 23:30,150.0
26.1.2024 23:45,144.0
27.1.2024 00:00,138.0
27.1.2024 00:15,138.0
27.1.2024 00:30,132.0
27.1.2024 00:45,138.0
27.1.2024 01:00,138.0
27.1.2024 01:15,138.0
27.1.2024 01:30,138.0
27.1.2024 01:45,138.0
27.1.2024 02:00,144.0
27.1.2024 02:15,144.0
27.1.2024 02:30,144.0
27.1.2024 02:45,144.0
27.1.2024 03:00,138.0
27.1.2024 03:15,138.0
27.1.2024 03:30,138.0
27.1.2024 03:45,138.0
27.1.2024 04:00,132.0
27.1.2024 04:15,138.0
27.1.2024 04:30,132.0
27.1.2024 04:45,138.0
27.1.2024 05:00,132.0
27.1.2024 05:15,132.0
27.1.2024 05:30,132.0
27.1.2024 05:45,132.0
27.1.2024 06:00,132.0
27.1.2024 06:15,132.0
27.1.2024 06:30,126.0
27.1.2024 06:45,120.0
27.1.2024 07:00,96.0
27.1.2024 07:15,72.0
27.1.2024 07:30,60.0
27.1.2024 07:45,24.0
27.1.2024 08:00,0.0
27.1.2024 08:15,6.0
27.1.2024 08:30,0.0
27.1.2024 08:45,18.0
27.1.2024 09:00,18.0
27.1.2024 09:15,18.0
27.1.2024 09:30,18.0
27.1.2024 09:45,6.0
27.1.2024 10:00,0.0
27.1.2024 10:15,12.0
27.1.2024 10:30,12.0
27.1.2024 10:45,6.0
27.1.2024 11:00,0.0
27.1.2024 11:15,0.0
27.1.2024 11:30,6.0
27.1.2024 11:45,0.0
27.1.2024 12:00,0.0
27.1.2024 12:15,0.0
27.1.2024 12:30,0.0
27.1.2024 12:45,0.0
27.1.2024 13:00,0.0
27.1.2024 13:15,0.0
27.1.2024 13:30,0.0
27.1.2024 13:45,0.0
27.1.2024 14:00,0.0
27.1.2024 14:15,0.0
27.1.2024 14:30,0.0
27.1.2024 14:45,0.0
27.1.2024 15:00,0.0
27.1.2024 15:15,0.0
27.1.2024 15:30,0.0
27.1.2024 15:45,6.0
27.1.2024 16:00,0.0
27.1.2024 16:15,6.0
27.1.2024 16:30,0.0
27.1.2024 16:45,18.0
27.1.2024 17:00,60.0
27.1.2024 17:15,78.0
27.1.2024 17:30,102.0
27.1.2024 17:45,126.0
27.1.2024 18:00,144.0
27.1.2024 18:15,144.0
27.1.2024 18:30,108.0
27.1.2024 18:45,108.0
27.1.2024 19:00,108.0
27.1.2024 19:15,138.0
27.1.2024 19:30,138.0
27.1.2024 19:45,138.0
27.1.2024 20:00,138.0
27.1.2024 20:15,144.0
27.1.2024 20:30,144.0
27.1.2024 20:45,150.0
27.1.2024 21:00,156.0
27.1.2024 21:15,150.0
27.1.2024 21:30,144.0
27.1.2024 21:45,150.0
27.1.2024 22:00,150.0
27.1.2024 22:15,156.0
27.1.2024 22:30,150.0
27.1.2024 22:45,156.0
27.1.2024 23:00,156.0
27.1.2024 23:15,156.0
27.1.2024 23:30,156.0
27.1.2024 23:45,156.0
28.1.2024 00:00,150.0
28.1.2024 00:15,144.0
28.1.2024 00:30,144.0
28.1.2024 00:45,150.0
28.1.2024 01:00,144.0
28.1.2024 01:15,144.0
28.1.2024 01:30,144.0
28.1.2024 01:45,144.0
28.1.2024 02:00,150.0
28.1.2024 02:15,144.0
28.1.2024 02:30,138.0
28.1.2024 02:45,138.0
28.1.2024 03:00,144.0
28.1.2024 03:15,150.0
28.1.2024 03:30,144.0
28.1.2024 03:45,144.0
28.1.2024 04:00,144.0
28.1.2024 04:15,144.0
28.1.2024 04:30,144.0
28.1.2024 04:45,144.0
28.1.2024 05:00,144.0
28.1.2024 05:15,144.0
28.1.2024 05:30,144.0
28.1.2024 05:45,144.0
28.1.2024 06:00,144.0
28.1.2024 06:15,144.0
28.1.2024 06:30,144.0
28.1.2024 06:45,120.0
28.1.2024 07:00,90.0
28.1.2024 07:15,72.0
28.1.2024 07:30,24.0
28.1.2024 07:45,0.0
28.1.2024 08:00,0.0
28.1.2024 08:15,0.0
28.1.2024 08:30,0.0
28.1.2024 08:45,0.0
28.1.2024 09:00,0.0
28.1.2024 09:15,0.0
28.1.2024 09:30,0.0
28.1.2024 09:45,0.0
28.1.2024 10:00,0.0
28.1.2024 10:15,0.0
28.1.2024 10:30,0.0
28.1.2024 10:45,0.0
28.1.2024 11:00,0.0
28.1.2024 11:15,0.0
28.1.2024 11:30,0.0
28.1.2024 11:45,0.0
28.1.2024 12:00,0.0
28.1.2024 12:15,0.0
28.1.2024 12:30,0.0
28.1.2024 12:45,0.0
28.1.2024 13:00,0.0
28.1.2024 13:15,0.0
28.1.2024 13:30,0.0
28.1.2024 13:45,0.0
28.1.2024 14:00,0.0
28.1.2024 14:15,0.0
28.1.2024 14:30,0.0
28.1.2024 14:45,0.0
28.1.2024 15:00,0.0
28.1.2024 15:15,0.0
28.1.2024 15:30,0.0
28.1.2024 15:45,0.0
28.1.2024 16:00,0.0
28.1.2024 16:15,0.0
28.1.2024 16:30,6.0
28.1.2024 16:45,12.0
28.1.2024 17:00,78.0
28.1.2024 17:15,84.0
28.1.2024 17:30,114.0
28.1.2024 17:45,120.0
28.1.2024 18:00,138.0
28.1.2024 18:15,114.0
28.1.2024 18:30,102.0
28.1.2024 18:45,102.0
28.1.2024 19:00,102.0
28.1.2024 19:15,108.0
28.1.2024 19:30,102.0
28.1.2024 19:45,108.0
28.1.2024 20:00,108.0
28.1.2024 20:15,108.0
28.1.2024 20:30,108.0
28.1.2024 20:45,120.0
28.1.2024 21:00,120.0
28.1.2024 21:15,120.0
28.1.2024 21:30,120.0
28.1.2024 21:45,108.0
28.1.2024 22:00,114.0
28.1.2024 22:15,114.0
28.1.2024 22:30,108.0
28.1.2024 22:45,120.0
28.1.2024 23:00,120.0
28.1.2024 23:15,120.0
28.1.2024 23:30,114.0
28.1.2024 23:45,114.0
29.1.2024 00:00,114.0
29.1.2024 00:15,114.0
29.1.2024 00:30,114.0
29.1.2024 00:45,114.0
29.1.2024 01:00,114.0
29.1.2024 01:15,108.0
29.1.2024 01:30,108.0
29.1.2024 01:45,114.0
29.1.2024 02:00,108.0
29.1.2024 02:15,108.0
29.1.2024 02:30,108.0
29.1.2024 02:45,114.0
29.1.2024 03:00,120.0
29.1.2024 03:15,114.0
29.1.2024 03:30,108.0
29.1.2024 03:45,108.0
29.1.2024 04:00,102.0
29.1.2024 04:15,102.0
29.1.2024 04:30,102.0
29.1.2024 04:45,102.0
29.1.2024 05:00,102.0
29.1.2024 05:15,102.0
29.1.2024 05:30,102.0
29.1.2024 05:45,102.0
29.1.2024 06:00,108.0
29.1.2024 06:15,102.0
29.1.2024 06:30,96.0
29.1.2024 06:45,72.0
29.1.2024 07:00,72.0
29.1.2024 07:15,54.0
29.1.2024 07:30,18.0
29.1.2024 07:45,18.0
29.1.2024 08:00,12.0
29.1.2024 08:15,0.0
29.1.2024 08:30,12.0
29.1.2024 08:45,18.0
29.1.2024 09:00,18.0
29.1.2024 09:15,24.0
29.1.2024 09:30,18.0
29.1.2024 09:45,12.0
29.1.2024 10:00,12.0
29.1.2024 10:15,18.0
29.1.2024 10:30,24.0
29.1.2024 10:45,18.0
29.1.2024 11:00,12.0
29.1.2024 11:15,0.0
29.1.2024 11:30,0.0
29.1.2024 11:45,0.0
29.1.2024 12:00,0.0
29.1.2024 12:15,0.0
29.1.2024 12:30,0.0
29.1.2024 12:45,0.0
29.1.2024 13:00,0.0
29.1.2024 13:15,0.0
29.1.2024 13:30,0.0
29.1.2024 13:45,0.0
29.1.2024 14:00,0.0
29.1.2024 14:15,0.0
29.1.2024 14:30,12.0
29.1.2024 14:45,12.0
29.1.2024 15:00,6.0
29.1.2024 15:15,18.0
29.1.2024 15:30,12.0
29.1.2024 15:45,6.0
29.1.2024 16:00,0.0
29.1.2024 16:15,0.0
29.1.2024 16:30,0.0
29.1.2024 16:45,12.0
29.1.2024 17:00,48.0
29.1.2024 17:15,78.0
29.1.2024 17:30,102.0
29.1.2024 17:45,120.0
29.1.2024 18:00,132.0
29.1.2024 18:15,138.0
29.1.2024 18:30,138.0
29.1.2024 18:45,138.0
29.1.2024 19:00,138.0
29.1.2024 19:15,138.0
29.1.2024 19:30,132.0
29.1.2024 19:45,132.0
29.1.2024 20:00,132.0
29.1.2024 20:15,132.0
29.1.2024 20:30,132.0
29.1.2024 20:45,132.0
29.1.2024 21:00,138.0
29.1.2024 21:15,132.0
29.1.2024 21:30,132.0
29.1.2024 21:45,138.0
29.1.2024 22:00,132.0
29.1.2024 22:15,138.0
29.1.2024 22:30,138.0
29.1.2024 22:45,138.0
29.1.2024 23:00,138.0
29.1.2024 23:15,138.0
29.1.2024 23:30,138.0
29.1.2024 23:45,144.0
30.1.2024 00:00,138.0
30.1.2024 00:15,138.0
30.1.2024 00:30,144.0
30.1.2024 00:45,138.0
30.1.2024 01:00,144.0
30.1.2024 01:15,138.0
30.1.2024 01:30,138.0
30.1.2024 01:45,144.0
30.1.2024 02:00,138.0
30.1.2024 02:15,132.0
30.1.2024 02:30,138.0
30.1.2024 02:45,138.0
30.1.2024 03:00,138.0
30.1.2024 03:15,138.0
30.1.2024 03:30,138.0
30.1.2024 03:45,144.0
30.1.2024 04:00,144.0
30.1.2024 04:15,144.0
30.1.2024 04:30,138.0
30.1.2024 04:45,132.0
30.1.2024 05:00,138.0
30.1.2024 05:15,132.0
30.1.2024 05:30,132.0
30.1.2024 05:45,132.0
30.1.2024 06:00,132.0
30.1.2024 06:15,132.0
30.1.2024 06:30,132.0
30.1.2024 06:45,120.0
30.1.2024 07:00,102.0
30.1.2024 07:15,60.0
30.1.2024 07:30,42.0
30.1.2024 07:45,12.0
30.1.2024 08:00,0.0
30.1.2024 08:15,0.0
30.1.2024 08:30,18.0
30.1.2024 08:45,24.0
30.1.2024 09:00,18.0
30.1.2024 09:15,0.0
30.1.2024 09:30,12.0
30.1.2024 09:45,6.0
30.1.2024 10:00,0.0
30.1.2024 10:15,6.0
30.1.2024 10:30,0.0
30.1.2024 10:45,0.0
30.1.2024 11:00,0.0
30.1.2024 11:15,0.0
30.1.2024 11:30,0.0
30.1.2024 11:45,0.0
30.1.2024 12:00,0.0
30.1.2024 12:15,0.0
30.1.2024 12:30,0.0
30.1.2024 12:45,0.0
30.1.2024 13:00,0.0
30.1.2024 13:15,0.0
30.1.2024 13:30,0.0
30.1.2024 13:45,0.0
30.1.2024 14:00,0.0
30.1.2024 14:15,0.0
30.1.2024 14:30,0.0
30.1.2024 14:45,0.0
30.1.2024 15:00,0.0
30.1.2024 15:15,0.0
30.1.2024 15:30,12.0
30.1.2024 15:45,6.0
30.1.2024 16:00,0.0
30.1.2024 16:15,0.0
30.1.2024 16:30,6.0
30.1.2024 16:45,6.0
30.1.2024 17:00,48.0
30.1.2024 17:15,78.0
30.1.2024 17:30,114.0
30.1.2024 17:45,126.0
30.1.2024 18:00,132.0
30.1.2024 18:15,138.0
30.1.2024 18:30,138.0
30.1.2024 18:45,138.0
30.1.2024 19:00,132.0
30.1.2024 19:15,138.0
30.1.2024 19:30,120.0
30.1.2024 19:45,96.0
30.1.2024 20:00,102.0
30.1.2024 20:15,102.0
30.1.2024 20:30,102.0
30.1.2024 20:45,102.0
30.1.2024 21:00,96.0
30.1.2024 21:15,102.0
30.1.2024 21:30,102.0
30.1.2024 21:45,102.0
30.1.2024 22:00,96.0
30.1.2024 22:15,102.0
30.1.2024 22:30,102.0
30.1.2024 22:45,108.0
30.1.2024 23:00,108.0
30.1.2024 23:15,108.0
30.1.2024 23:30,108.0
30.1.2024 23:45,102.0
31.1.2024 00:00,108.0
31.1.2024 00:15,102.0
31.1.2024 00:30,102.0
31.1.2024 00:45,108.0
31.1.2024 01:00,102.0
31.1.2024 01:15,102.0
31.1.2024 01:30,102.0
31.1.2024 01:45,102.0
31.1.2024 02:00,102.0
31.1.2024 02:15,102.0
31.1.2024 02:30,102.0
31.1.2024 02:45,102.0
31.1.2024 03:00,102.0
31.1.2024 03:15,102.0
31.1.2024 03:30,96.0
31.1.2024 03:45,102.0
31.1.2024 04:00,96.0
31.1.2024 04:15,102.0
31.1.2024 04:30,96.0
31.1.2024 04:45,102.0
31.1.2024 05:00,96.0
31.1.2024 05:15,96.0
31.1.2024 05:30,96.0
31.1.2024 05:45,96.0
31.1.2024 06:00,96.0
31.1.2024 06:15,96.0
31.1.2024 06:30,96.0
31.1.2024 06:45,84.0
31.1.2024 07:00,54.0
31.1.2024 07:15,18.0
31.1.2024 07:30,0.0
31.1.2024 07:45,0.0
31.1.2024 08:00,0.0
31.1.2024 08:15,0.0
31.1.2024 08:30,12.0
31.1.2024 08:45,12.0
31.1.2024 09:00,12.0
31.1.2024 09:15,0.0
31.1.2024 09:30,0.0
31.1.2024 09:45,0.0
31.1.2024 10:00,0.0
31.1.2024 10:15,0.0
31.1.2024 10:30,0.0
31.1.2024 10:45,0.0
31.1.2024 11:00,0.0
31.1.2024 11:15,0.0
31.1.2024 11:30,0.0
31.1.2024 11:45,0.0
31.1.2024 12:00,0.0
31.1.2024 12:15,0.0
31.1.2024 12:30,0.0
31.1.2024 12:45,0.0
31.1.2024 13:00,0.0
31.1.2024 13:15,0.0
31.1.2024 13:30,0.0
31.1.2024 13:45,0.0
31.1.2024 14:00,0.0
31.1.2024 14:15,0.0
31.1.2024 14:30,0.0
31.1.2024 14:45,0.0
31.1.2024 15:00,0.0
31.1.2024 15:15,0.0
31.1.2024 15:30,0.0
31.1.2024 15:45,0.0
31.1.2024 16:00,0.0
31.1.2024 16:15,0.0
31.1.2024 16:30,0.0
31.1.2024 16:45,0.0
31.1.2024 17:00,0.0
31.1.2024 17:15,6.0
31.1.2024 17:30,36.0
31.1.2024 17:45,60.0
31.1.2024 18:00,72.0
31.1.2024 18:15,72.0
31.1.2024 18:30,72.0
31.1.2024 18:45,72.0
31.1.2024 19:00,72.0
31.1.2024 19:15,72.0
31.1.2024 19:30,72.0
31.1.2024 19:45,72.0
31.1.2024 20:00,78.0
31.1.2024 20:15,78.0
31.1.2024 20:30,78.0
31.1.2024 20:45,72.0
31.1.2024 21:00,78.0
31.1.2024 21:15,78.0
31.1.2024 21:30,78.0
31.1.2024 21:45,84.0
31.1.2024 22:00,120.0
31.1.2024 22:15,120.0
31.1.2024 22:30,108.0
31.1.2024 22:45,108.0
31.1.2024 23:00,102.0
31.1.2024 23:15,120.0
31.1.2024 23:30,120.0
31.1.2024 23:45,90.0
1.2.2024 00:00,90.0
1.2.2024 00:15,120.0
1.2.2024 00:30,120.0
1.2.2024 00:45,102.0
1.2.2024 01:00,120.0
1.2.2024 01:15,96.0
1.2.2024 01:30,102.0
1.2.2024 01:45,102.0
1.2.2024 02:00,84.0
1.2.2024 02:15,90.0
1.2.2024 02:30,84.0
1.2.2024 02:45,84.0
1.2.2024 03:00,96.0
1.2.2024 03:15,114.0
1.2.2024 03:30,96.0
1.2.2024 03:45,108.0
1.2.2024 04:00,102.0
1.2.2024 04:15,108.0
1.2.2024 04:30,84.0
1.2.2024 04:45,84.0
1.2.2024 05:00,78.0
1.2.2024 05:15,72.0
1.2.2024 05:30,66.0
1.2.2024 05:45,66.0
1.2.2024 06:00,66.0
1.2.2024 06:15,66.0
1.2.2024 06:30,60.0
1.2.2024 06:45,54.0
1.2.2024 07:00,42.0
1.2.2024 07:15,24.0
1.2.2024 07:30,6.0
1.2.2024 07:45,0.0
1.2.2024 08:00,0.0
1.2.2024 08:15,0.0
1.2.2024 08:30,0.0
1.2.2024 08:45,0.0
1.2.2024 09:00,0.0
1.2.2024 09:15,0.0
1.2.2024 09:30,0.0
1.2.2024 09:45,0.0
1.2.2024 10:00,0.0
1.2.2024 10:15,0.0
1.2.2024 10:30,12.0
1.2.2024 10:45,12.0
1.2.2024 11:00,6.0
1.2.2024 11:15,12.0
1.2.2024 11:30,0.0
1.2.2024 11:45,0.0
1.2.2024 12:00,0.0
1.2.2024 12:15,0.0
1.2.2024 12:30,0.0
1.2.2024 12:45,0.0
1.2.2024 13:00,0.0
1.2.2024 13:15,6.0
1.2.2024 13:30,0.0
1.2.2024 13:45,0.0
1.2.2024 14:00,0.0
1.2.2024 14:15,6.0
1.2.2024 14:30,12.0
1.2.2024 14:45,0.0
1.2.2024 15:00,0.0
1.2.2024 15:15,0.0
1.2.2024 15:30,0.0
1.2.2024 15:45,0.0
1.2.2024 16:00,0.0
1.2.2024 16:15,0.0
1.2.2024 16:30,0.0
1.2.2024 16:45,0.0
1.2.2024 17:00,0.0
1.2.2024 17:15,30.0
1.2.2024 17:30,90.0
1.2.2024 17:45,108.0
1.2.2024 18:00,114.0
1.2.2024 18:15,120.0
1.2.2024 18:30,120.0
1.2.2024 18:45,120.0
1.2.2024 19:00,120.0
1.2.2024 19:15,120.0
1.2.2024 19:30,180.0
1.2.2024 19:45,138.0
1.2.2024 20:00,120.0
1.2.2024 20:15,150.0
1.2.2024 20:30,162.0
1.2.2024 20:45,156.0
1.2.2024 21:00,156.0
1.2.2024 21:15,228.0
1.2.2024 21:30,276.0
1.2.2024 21:45,330.0
1.2.2024 22:00,576.0
1.2.2024 22:15,702.0
1.2.2024 22:30,720.0
1.2.2024 22:45,1560.0
1.2.2024 23:00,1584.0
1.2.2024 23:15,1560.0
1.2.2024 23:30,1704.0
1.2.2024 23:45,1638.0
2.2.2024 00:00,1404.0
2.2.2024 00:15,1500.0
2.2.2024 00:30,1404.0
2.2.2024 00:45,1212.0
2.2.2024 01:00,864.0
2.2.2024 01:15,1230.0
2.2.2024 01:30,1464.0
2.2.2024 01:45,1506.0
2.2.2024 02:00,1380.0
2.2.2024 02:15,1362.0
2.2.2024 02:30,1452.0
2.2.2024 02:45,1608.0
2.2.2024 03:00,1650.0
2.2.2024 03:15,1584.0
2.2.2024 03:30,1572.0
2.2.2024 03:45,1548.0
2.2.2024 04:00,1506.0
2.2.2024 04:15,1698.0
2.2.2024 04:30,1680.0
2.2.2024 04:45,1560.0
2.2.2024 05:00,1242.0
2.2.2024 05:15,1236.0
2.2.2024 05:30,1428.0
2.2.2024 05:45,1608.0
2.2.2024 06:00,1632.0
2.2.2024 06:15,1536.0
2.2.2024 06:30,1674.0
2.2.2024 06:45,1614.0
2.2.2024 07:00,1644.0
2.2.2024 07:15,1452.0
2.2.2024 07:30,1392.0
2.2.2024 07:45,1374.0
2.2.2024 08:00,1416.0
2.2.2024 08:15,1458.0
2.2.2024 08:30,1224.0
2.2.2024 08:45,1098.0
2.2.2024 09:00,966.0
2.2.2024 09:15,1104.0
2.2.2024 09:30,1236.0
2.2.2024 09:45,990.0
2.2.2024 10:00,744.0
2.2.2024 10:15,774.0
2.2.2024 10:30,954.0
2.2.2024 10:45,1176.0
2.2.2024 11:00,972.0
2.2.2024 11:15,816.0
2.2.2024 11:30,714.0
2.2.2024 11:45,768.0
2.2.2024 12:00,882.0
2.2.2024 12:15,732.0
2.2.2024 12:30,864.0
2.2.2024 12:45,954.0
2.2.2024 13:00,516.0
2.2.2024 13:15,822.0
2.2.2024 13:30,792.0
2.2.2024 13:45,642.0
2.2.2024 14:00,336.0
2.2.2024 14:15,372.0
2.2.2024 14:30,600.0
2.2.2024 14:45,504.0
2.2.2024 15:00,540.0
2.2.2024 15:15,816.0
2.2.2024 15:30,630.0
2.2.2024 15:45,732.0
2.2.2024 16:00,762.0
2.2.2024 16:15,846.0
2.2.2024 16:30,822.0
2.2.2024 16:45,912.0
2.2.2024 17:00,1020.0
2.2.2024 17:15,1008.0
2.2.2024 17:30,1062.0
2.2.2024 17:45,1128.0
2.2.2024 18:00,1098.0
2.2.2024 18:15,1080.0
2.2.2024 18:30,1062.0
2.2.2024 18:45,1032.0
2.2.2024 19:00,780.0
2.2.2024 19:15,810.0
2.2.2024 19:30,1026.0
2.2.2024 19:45,1110.0
2.2.2024 20:00,1440.0
2.2.2024 20:15,1542.0
2.2.2024 20:30,1800.0
2.2.2024 20:45,1848.0
2.2.2024 21:00,1842.0
2.2.2024 21:15,1872.0
2.2.2024 21:30,1788.0
2.2.2024 21:45,1818.0
2.2.2024 22:00,1812.0
2.2.2024 22:15,1734.0
2.2.2024 22:30,1668.0
2.2.2024 22:45,1890.0
2.2.2024 23:00,1836.0
2.2.2024 23:15,1830.0
2.2.2024 23:30,1872.0
2.2.2024 23:45,1824.0
3.2.2024 00:00,1698.0
3.2.2024 00:15,1668.0
3.2.2024 00:30,1776.0
3.2.2024 00:45,1776.0
3.2.2024 01:00,1782.0
3.2.2024 01:15,1800.0
3.2.2024 01:30,1752.0
3.2.2024 01:45,1752.0
3.2.2024 02:00,1692.0
3.2.2024 02:15,1770.0
3.2.2024 02:30,1764.0
3.2.2024 02:45,1740.0
3.2.2024 03:00,1836.0
3.2.2024 03:15,1788.0
3.2.2024 03:30,1764.0
3.2.2024 03:45,1836.0
3.2.2024 04:00,1698.0
3.2.2024 04:15,1584.0
3.2.2024 04:30,1662.0
3.2.2024 04:45,1764.0
3.2.2024 05:00,1722.0
3.2.2024 05:15,1758.0
3.2.2024 05:30,1638.0
3.2.2024 05:45,1836.0
3.2.2024 06:00,1830.0
3.2.2024 06:15,1764.0
3.2.2024 06:30,1716.0
3.2.2024 06:45,1692.0
3.2.2024 07:00,1788.0
3.2.2024 07:15,1668.0
3.2.2024 07:30,1572.0
3.2.2024 07:45,1644.0
3.2.2024 08:00,1344.0
3.2.2024 08:15,1440.0
3.2.2024 08:30,1572.0
3.2.2024 08:45,1464.0
3.2.2024 09:00,1530.0
3.2.2024 09:15,1308.0
3.2.2024 09:30,1290.0
3.2.2024 09:45,936.0
3.2.2024 10:00,918.0
3.2.2024 10:15,1182.0
3.2.2024 10:30,1212.0
3.2.2024 10:45,1020.0
3.2.2024 11:00,1056.0
3.2.2024 11:15,1206.0
3.2.2024 11:30,1164.0
3.2.2024 11:45,840.0
3.2.2024 12:00,936.0
3.2.2024 12:15,912.0
3.2.2024 12:30,1098.0
3.2.2024 12:45,1164.0
3.2.2024 13:00,996.0
3.2.2024 13:15,936.0
3.2.2024 13:30,1002.0
3.2.2024 13:45,846.0
3.2.2024 14:00,654.0
3.2.2024 14:15,1044.0
3.2.2024 14:30,1260.0
3.2.2024 14:45,1254.0
3.2.2024 15:00,1278.0
3.2.2024 15:15,1194.0
3.2.2024 15:30,1068.0
3.2.2024 15:45,978.0
3.2.2024 16:00,1512.0
3.2.2024 16:15,1656.0
3.2.2024 16:30,1692.0
3.2.2024 16:45,1668.0
3.2.2024 17:00,1470.0
3.2.2024 17:15,1650.0
3.2.2024 17:30,1722.0
3.2.2024 17:45,1794.0
3.2.2024 18:00,1806.0
3.2.2024 18:15,1788.0
3.2.2024 18:30,1734.0
3.2.2024 18:45,1716.0
3.2.2024 19:00,1566.0
3.2.2024 19:15,1680.0
3.2.2024 19:30,1836.0
3.2.2024 19:45,1806.0
3.2.2024 20:00,1902.0
3.2.2024 20:15,1848.0
3.2.2024 20:30,1770.0
3.2.2024 20:45,1812.0
3.2.2024 21:00,1800.0
3.2.2024 21:15,1860.0
3.2.2024 21:30,1788.0
3.2.2024 21:45,1548.0
3.2.2024 22:00,1398.0
3.2.2024 22:15,1512.0
3.2.2024 22:30,1422.0
3.2.2024 22:45,1590.0
3.2.2024 23:00,1434.0
3.2.2024 23:15,1368.0
3.2.2024 23:30,1584.0
3.2.2024 23:45,1626.0
4.2.2024 00:00,1746.0
4.2.2024 00:15,1824.0
4.2.2024 00:30,1608.0
4.2.2024 00:45,1734.0
4.2.2024 01:00,1668.0
4.2.2024 01:15,1644.0
4.2.2024 01:30,1620.0
4.2.2024 01:45,1560.0
4.2.2024 02:00,1578.0
4.2.2024 02:15,1440.0
4.2.2024 02:30,1392.0
4.2.2024 02:45,1416.0
4.2.2024 03:00,1722.0
4.2.2024 03:15,1674.0
4.2.2024 03:30,1806.0
4.2.2024 03:45,1704.0
4.2.2024 04:00,1734.0
4.2.2024 04:15,1740.0
4.2.2024 04:30,1542.0
4.2.2024 04:45,1668.0
4.2.2024 05:00,1860.0
4.2.2024 05:15,1776.0
4.2.2024 05:30,1734.0
4.2.2024 05:45,1716.0
4.2.2024 06:00,1782.0
4.2.2024 06:15,1788.0
4.2.2024 06:30,1806.0
4.2.2024 06:45,1716.0
4.2.2024 07:00,1752.0
4.2.2024 07:15,1608.0
4.2.2024 07:30,1596.0
4.2.2024 07:45,1644.0
4.2.2024 08:00,1446.0
4.2.2024 08:15,1242.0
4.2.2024 08:30,1080.0
4.2.2024 08:45,996.0
4.2.2024 09:00,648.0
4.2.2024 09:15,966.0
4.2.2024 09:30,588.0
4.2.2024 09:45,480.0
4.2.2024 10:00,840.0
4.2.2024 10:15,744.0
4.2.2024 10:30,1014.0
4.2.2024 10:45,978.0
4.2.2024 11:00,1044.0
4.2.2024 11:15,846.0
4.2.2024 11:30,684.0
4.2.2024 11:45,762.0
4.2.2024 12:00,924.0
4.2.2024 12:15,870.0
4.2.2024 12:30,942.0
4.2.2024 12:45,1062.0
4.2.2024 13:00,1242.0
4.2.2024 13:15,780.0
4.2.2024 13:30,906.0
4.2.2024 13:45,960.0
4.2.2024 14:00,1014.0
4.2.2024 14:15,966.0
4.2.2024 14:30,1092.0
4.2.2024 14:45,1176.0
4.2.2024 15:00,1026.0
4.2.2024 15:15,1158.0
4.2.2024 15:30,1338.0
4.2.2024 15:45,1320.0
4.2.2024 16:00,1386.0
4.2.2024 16:15,1524.0
4.2.2024 16:30,1500.0
4.2.2024 16:45,1524.0
4.2.2024 17:00,1584.0
4.2.2024 17:15,1416.0
4.2.2024 17:30,1368.0
4.2.2024 17:45,1584.0
4.2.2024 18:00,1530.0
4.2.2024 18:15,1350.0
4.2.2024 18:30,1476.0
4.2.2024 18:45,1812.0
4.2.2024 19:00,1638.0
4.2.2024 19:15,1884.0
4.2.2024 19:30,1836.0
4.2.2024 19:45,1800.0
4.2.2024 20:00,1920.0
4.2.2024 20:15,1944.0
4.2.2024 20:30,1824.0
4.2.2024 20:45,1824.0
4.2.2024 21:00,1896.0
4.2.2024 21:15,1890.0
4.2.2024 21:30,1698.0
4.2.2024 21:45,1788.0
4.2.2024 22:00,1242.0
4.2.2024 22:15,1830.0
4.2.2024 22:30,1800.0
4.2.2024 22:45,1752.0
4.2.2024 23:00,1746.0
4.2.2024 23:15,1608.0
4.2.2024 23:30,1506.0
4.2.2024 23:45,1446.0
5.2.2024 00:00,1506.0
5.2.2024 00:15,1662.0
5.2.2024 00:30,1854.0
5.2.2024 00:45,1890.0
5.2.2024 01:00,1944.0
5.2.2024 01:15,1896.0
5.2.2024 01:30,1746.0
5.2.2024 01:45,1794.0
5.2.2024 02:00,1716.0
5.2.2024 02:15,1632.0
5.2.2024 02:30,1848.0
5.2.2024 02:45,1908.0
5.2.2024 03:00,1614.0
5.2.2024 03:15,1824.0
5.2.2024 03:30,1746.0
5.2.2024 03:45,1734.0
5.2.2024 04:00,1782.0
5.2.2024 04:15,1716.0
5.2.2024 04:30,1794.0
5.2.2024 04:45,1530.0
5.2.2024 05:00,1296.0
5.2.2024 05:15,1548.0
5.2.2024 05:30,1782.0
5.2.2024 05:45,1278.0
5.2.2024 06:00,1530.0
5.2.2024 06:15,1326.0
5.2.2024 06:30,1194.0
5.2.2024 06:45,918.0
5.2.2024 07:00,792.0
5.2.2024 07:15,732.0
5.2.2024 07:30,474.0
5.2.2024 07:45,312.0
5.2.2024 08:00,96.0
5.2.2024 08:15,0.0
5.2.2024 08:30,6.0
5.2.2024 08:45,12.0
5.2.2024 09:00,6.0
5.2.2024 09:15,0.0
5.2.2024 09:30,0.0
5.2.2024 09:45,0.0
5.2.2024 10:00,0.0
5.2.2024 10:15,0.0
5.2.2024 10:30,0.0
5.2.2024 10:45,0.0
5.2.2024 11:00,0.0
5.2.2024 11:15,0.0
5.2.2024 11:30,0.0
5.2.2024 11:45,0.0
5.2.2024 12:00,0.0
5.2.2024 12:15,0.0
5.2.2024 12:30,0.0
5.2.2024 12:45,0.0
5.2.2024 13:00,0.0
5.2.2024 13:15,0.0
5.2.2024 13:30,0.0
5.2.2024 13:45,6.0
5.2.2024 14:00,0.0
5.2.2024 14:15,0.0
5.2.2024 14:30,0.0
5.2.2024 14:45,0.0
5.2.2024 15:00,0.0
5.2.2024 15:15,12.0
5.2.2024 15:30,6.0
5.2.2024 15:45,0.0
5.2.2024 16:00,0.0
5.2.2024 16:15,0.0
5.2.2024 16:30,12.0
5.2.2024 16:45,6.0
5.2.2024 17:00,12.0
5.2.2024 17:15,24.0
5.2.2024 17:30,60.0
5.2.2024 17:45,96.0
5.2.2024 18:00,108.0
5.2.2024 18:15,114.0
5.2.2024 18:30,114.0
5.2.2024 18:45,114.0
5.2.2024 19:00,114.0
5.2.2024 19:15,114.0
5.2.2024 19:30,114.0
5.2.2024 19:45,114.0
5.2.2024 20:00,108.0
5.2.2024 20:15,114.0
5.2.2024 20:30,108.0
5.2.2024 20:45,108.0
5.2.2024 21:00,108.0
5.2.2024 21:15,108.0
5.2.2024 21:30,108.0
5.2.2024 21:45,108.0
5.2.2024 22:00,114.0
5.2.2024 22:15,120.0
5.2.2024 22:30,114.0
5.2.2024 22:45,108.0
5.2.2024 23:00,108.0
5.2.2024 23:15,108.0
5.2.2024 23:30,108.0
5.2.2024 23:45,108.0
6.2.2024 00:00,108.0
6.2.2024 00:15,108.0
6.2.2024 00:30,108.0
6.2.2024 00:45,108.0
6.2.2024 01:00,108.0
6.2.2024 01:15,108.0
6.2.2024 01:30,102.0
6.2.2024 01:45,84.0
6.2.2024 02:00,84.0
6.2.2024 02:15,84.0
6.2.2024 02:30,84.0
6.2.2024 02:45,84.0
6.2.2024 03:00,84.0
6.2.2024 03:15,84.0
6.2.2024 03:30,78.0
6.2.2024 03:45,84.0
6.2.2024 04:00,78.0
6.2.2024 04:15,84.0
6.2.2024 04:30,102.0
6.2.2024 04:45,102.0
6.2.2024 05:00,102.0
6.2.2024 05:15,96.0
6.2.2024 05:30,102.0
6.2.2024 05:45,108.0
6.2.2024 06:00,102.0
6.2.2024 06:15,102.0
6.2.2024 06:30,102.0
6.2.2024 06:45,96.0
6.2.2024 07:00,54.0
6.2.2024 07:15,36.0
6.2.2024 07:30,48.0
6.2.2024 07:45,12.0
6.2.2024 08:00,0.0
6.2.2024 08:15,0.0
6.2.2024 08:30,6.0
6.2.2024 08:45,12.0
6.2.2024 09:00,12.0
6.2.2024 09:15,0.0
6.2.2024 09:30,0.0
6.2.2024 09:45,0.0
6.2.2024 10:00,0.0
6.2.2024 10:15,0.0
6.2.2024 10:30,12.0
6.2.2024 10:45,0.0
6.2.2024 11:00,0.0
6.2.2024 11:15,0.0
6.2.2024 11:30,0.0
6.2.2024 11:45,0.0
6.2.2024 12:00,0.0
6.2.2024 12:15,0.0
6.2.2024 12:30,0.0
6.2.2024 12:45,0.0
6.2.2024 13:00,0.0
6.2.2024 13:15,0.0
6.2.2024 13:30,6.0
6.2.2024 13:45,24.0
6.2.2024 14:00,12.0
6.2.2024 14:15,6.0
6.2.2024 14:30,6.0
6.2.2024 14:45,6.0
6.2.2024 15:00,6.0
6.2.2024 15:15,0.0
6.2.2024 15:30,0.0
6.2.2024 15:45,0.0
6.2.2024 16:00,0.0
6.2.2024 16:15,0.0
6.2.2024 16:30,0.0
6.2.2024 16:45,0.0
6.2.2024 17:00,24.0
6.2.2024 17:15,42.0
6.2.2024 17:30,48.0
6.2.2024 17:45,60.0
6.2.2024 18:00,72.0
6.2.2024 18:15,78.0
6.2.2024 18:30,72.0
6.2.2024 18:45,72.0
6.2.2024 19:00,78.0
6.2.2024 19:15,72.0
6.2.2024 19:30,72.0
6.2.2024 19:45,72.0
6.2.2024 20:00,72.0
6.2.2024 20:15,72.0
6.2.2024 20:30,90.0
6.2.2024 20:45,162.0
6.2.2024 21:00,96.0
6.2.2024 21:15,96.0
6.2.2024 21:30,96.0
6.2.2024 21:45,102.0
6.2.2024 22:00,102.0
6.2.2024 22:15,102.0
6.2.2024 22:30,102.0
6.2.2024 22:45,102.0
6.2.2024 23:00,102.0
6.2.2024 23:15,102.0
6.2.2024 23:30,156.0
6.2.2024 23:45,108.0
7.2.2024 00:00,108.0
7.2.2024 00:15,108.0
7.2.2024 00:30,102.0
7.2.2024 00:45,108.0
7.2.2024 01:00,108.0
7.2.2024 01:15,114.0
7.2.2024 01:30,108.0
7.2.2024 01:45,84.0
7.2.2024 02:00,84.0
7.2.2024 02:15,84.0
7.2.2024 02:30,84.0
7.2.2024 02:45,78.0
7.2.2024 03:00,84.0
7.2.2024 03:15,84.0
7.2.2024 03:30,84.0
7.2.2024 03:45,78.0
7.2.2024 04:00,78.0
7.2.2024 04:15,84.0
7.2.2024 04:30,108.0
7.2.2024 04:45,108.0
7.2.2024 05:00,108.0
7.2.2024 05:15,108.0
7.2.2024 05:30,108.0
7.2.2024 05:45,162.0
7.2.2024 06:00,264.0
7.2.2024 06:15,462.0
7.2.2024 06:30,618.0
7.2.2024 06:45,546.0
7.2.2024 07:00,606.0
7.2.2024 07:15,552.0
7.2.2024 07:30,852.0
7.2.2024 07:45,966.0
7.2.2024 08:00,660.0
7.2.2024 08:15,864.0
7.2.2024 08:30,1140.0
7.2.2024 08:45,1038.0
7.2.2024 09:00,918.0
7.2.2024 09:15,792.0
7.2.2024 09:30,762.0
7.2.2024 09:45,732.0
7.2.2024 10:00,648.0
7.2.2024 10:15,630.0
7.2.2024 10:30,516.0
7.2.2024 10:45,564.0
7.2.2024 11:00,450.0
7.2.2024 11:15,60.0
7.2.2024 11:30,186.0
7.2.2024 11:45,108.0
7.2.2024 12:00,120.0
7.2.2024 12:15,228.0
7.2.2024 12:30,228.0
7.2.2024 12:45,312.0
7.2.2024 13:00,192.0
7.2.2024 13:15,276.0
7.2.2024 13:30,258.0
7.2.2024 13:45,318.0
7.2.2024 14:00,624.0
7.2.2024 14:15,336.0
7.2.2024 14:30,576.0
7.2.2024 14:45,552.0
7.2.2024 15:00,600.0
7.2.2024 15:15,630.0
7.2.2024 15:30,804.0
7.2.2024 15:45,1158.0
7.2.2024 16:00,876.0
7.2.2024 16:15,1104.0
7.2.2024 16:30,1254.0
7.2.2024 16:45,1584.0
7.2.2024 17:00,1620.0
7.2.2024 17:15,1692.0
7.2.2024 17:30,1734.0
7.2.2024 17:45,1644.0
7.2.2024 18:00,1740.0
7.2.2024 18:15,1794.0
7.2.2024 18:30,1656.0
7.2.2024 18:45,1824.0
7.2.2024 19:00,1770.0
7.2.2024 19:15,1680.0
7.2.2024 19:30,1728.0
7.2.2024 19:45,1542.0
7.2.2024 20:00,1488.0
7.2.2024 20:15,1572.0
7.2.2024 20:30,1782.0
7.2.2024 20:45,1728.0
7.2.2024 21:00,1800.0
7.2.2024 21:15,1782.0
7.2.2024 21:30,1866.0
7.2.2024 21:45,1794.0
7.2.2024 22:00,1788.0
7.2.2024 22:15,1536.0
7.2.2024 22:30,1752.0
7.2.2024 22:45,1632.0
7.2.2024 23:00,1746.0
7.2.2024 23:15,1728.0
7.2.2024 23:30,1596.0
7.2.2024 23:45,1584.0
8.2.2024 00:00,1566.0
8.2.2024 00:15,1794.0
8.2.2024 00:30,1716.0
8.2.2024 00:45,1710.0
8.2.2024 01:00,1704.0
8.2.2024 01:15,1662.0
8.2.2024 01:30,1884.0
8.2.2024 01:45,1788.0
8.2.2024 02:00,1764.0
8.2.2024 02:15,1860.0
8.2.2024 02:30,1758.0
8.2.2024 02:45,1428.0
8.2.2024 03:00,1560.0
8.2.2024 03:15,1770.0
8.2.2024 03:30,1776.0
8.2.2024 03:45,1806.0
8.2.2024 04:00,1662.0
8.2.2024 04:15,1680.0
8.2.2024 04:30,1710.0
8.2.2024 04:45,1608.0
8.2.2024 05:00,1776.0
8.2.2024 05:15,1656.0
8.2.2024 05:30,1770.0
8.2.2024 05:45,1776.0
8.2.2024 06:00,1560.0
8.2.2024 06:15,1464.0
8.2.2024 06:30,1632.0
8.2.2024 06:45,1614.0
8.2.2024 07:00,1824.0
8.2.2024 07:15,1770.0
8.2.2024 07:30,1674.0
8.2.2024 07:45,1560.0
8.2.2024 08:00,1416.0
8.2.2024 08:15,1500.0
8.2.2024 08:30,1476.0
8.2.2024 08:45,1284.0
8.2.2024 09:00,1296.0
8.2.2024 09:15,1104.0
8.2.2024 09:30,1176.0
8.2.2024 09:45,1032.0
8.2.2024 10:00,792.0
8.2.2024 10:15,1026.0
8.2.2024 10:30,420.0
8.2.2024 10:45,630.0
8.2.2024 11:00,636.0
8.2.2024 11:15,744.0
8.2.2024 11:30,636.0
8.2.2024 11:45,324.0
8.2.2024 12:00,648.0
8.2.2024 12:15,852.0
8.2.2024 12:30,996.0
8.2.2024 12:45,810.0
8.2.2024 13:00,678.0
8.2.2024 13:15,744.0
8.2.2024 13:30,648.0
8.2.2024 13:45,690.0
8.2.2024 14:00,522.0
8.2.2024 14:15,624.0
8.2.2024 14:30,462.0
8.2.2024 14:45,396.0
8.2.2024 15:00,312.0
8.2.2024 15:15,522.0
8.2.2024 15:30,642.0
8.2.2024 15:45,792.0
8.2.2024 16:00,1176.0
8.2.2024 16:15,1422.0
8.2.2024 16:30,1740.0
8.2.2024 16:45,1632.0
8.2.2024 17:00,1656.0
8.2.2024 17:15,1476.0
8.2.2024 17:30,1674.0
8.2.2024 17:45,1668.0
8.2.2024 18:00,1836.0
8.2.2024 18:15,1794.0
8.2.2024 18:30,1680.0
8.2.2024 18:45,1686.0
8.2.2024 19:00,1788.0
8.2.2024 19:15,1782.0
8.2.2024 19:30,1956.0
8.2.2024 19:45,1848.0
8.2.2024 20:00,1704.0
8.2.2024 20:15,1818.0
8.2.2024 20:30,1944.0
8.2.2024 20:45,1788.0
8.2.2024 21:00,1830.0
8.2.2024 21:15,1770.0
8.2.2024 21:30,1806.0
8.2.2024 21:45,1878.0
8.2.2024 22:00,1686.0
8.2.2024 22:15,1812.0
8.2.2024 22:30,1782.0
8.2.2024 22:45,1686.0
8.2.2024 23:00,1722.0
8.2.2024 23:15,1764.0
8.2.2024 23:30,1668.0
8.2.2024 23:45,1806.0
9.2.2024 00:00,1710.0
9.2.2024 00:15,1728.0
9.2.2024 00:30,1746.0
9.2.2024 00:45,1668.0
9.2.2024 01:00,1764.0
9.2.2024 01:15,1830.0
9.2.2024 01:30,1770.0
9.2.2024 01:45,1686.0
9.2.2024 02:00,1668.0
9.2.2024 02:15,1734.0
9.2.2024 02:30,1692.0
9.2.2024 02:45,1668.0
9.2.2024 03:00,1626.0
9.2.2024 03:15,1818.0
9.2.2024 03:30,1782.0
9.2.2024 03:45,1770.0
9.2.2024 04:00,1812.0
9.2.2024 04:15,1734.0
9.2.2024 04:30,1752.0
9.2.2024 04:45,1728.0
9.2.2024 05:00,1746.0
9.2.2024 05:15,1734.0
9.2.2024 05:30,1680.0
9.2.2024 05:45,1836.0
9.2.2024 06:00,1866.0
9.2.2024 06:15,1716.0
9.2.2024 06:30,1620.0
9.2.2024 06:45,1674.0
9.2.2024 07:00,1812.0
9.2.2024 07:15,1776.0
9.2.2024 07:30,1596.0
9.2.2024 07:45,1638.0
9.2.2024 08:00,1368.0
9.2.2024 08:15,1242.0
9.2.2024 08:30,1050.0
9.2.2024 08:45,1248.0
9.2.2024 09:00,1326.0
9.2.2024 09:15,1296.0
9.2.2024 09:30,1050.0
9.2.2024 09:45,1272.0
9.2.2024 10:00,1200.0
9.2.2024 10:15,816.0
9.2.2024 10:30,948.0
9.2.2024 10:45,864.0
9.2.2024 11:00,834.0
9.2.2024 11:15,696.0
9.2.2024 11:30,828.0
9.2.2024 11:45,930.0
9.2.2024 12:00,906.0
9.2.2024 12:15,876.0
9.2.2024 12:30,1086.0
9.2.2024 12:45,1062.0
9.2.2024 13:00,930.0
9.2.2024 13:15,972.0
9.2.2024 13:30,1056.0
9.2.2024 13:45,1044.0
9.2.2024 14:00,930.0
9.2.2024 14:15,960.0
9.2.2024 14:30,990.0
9.2.2024 14:45,1110.0
9.2.2024 15:00,1152.0
9.2.2024 15:15,882.0
9.2.2024 15:30,1092.0
9.2.2024 15:45,1350.0
9.2.2024 16:00,1332.0
9.2.2024 16:15,1434.0
9.2.2024 16:30,1332.0
9.2.2024 16:45,1704.0
9.2.2024 17:00,1686.0
9.2.2024 17:15,1614.0
9.2.2024 17:30,1584.0
9.2.2024 17:45,1734.0
9.2.2024 18:00,1668.0
9.2.2024 18:15,1728.0
9.2.2024 18:30,1596.0
9.2.2024 18:45,1740.0
9.2.2024 19:00,1710.0
9.2.2024 19:15,1848.0
9.2.2024 19:30,1722.0
9.2.2024 19:45,1860.0
9.2.2024 20:00,1800.0
9.2.2024 20:15,1764.0
9.2.2024 20:30,1866.0
9.2.2024 20:45,1872.0
9.2.2024 21:00,1656.0
9.2.2024 21:15,1728.0
9.2.2024 21:30,1764.0
9.2.2024 21:45,1848.0
9.2.2024 22:00,1728.0
9.2.2024 22:15,1146.0
9.2.2024 22:30,1206.0
9.2.2024 22:45,1434.0
9.2.2024 23:00,1782.0
9.2.2024 23:15,1566.0
9.2.2024 23:30,1626.0
9.2.2024 23:45,1632.0
10.2.2024 00:00,1548.0
10.2.2024 00:15,1668.0
10.2.2024 00:30,1518.0
10.2.2024 00:45,1626.0
10.2.2024 01:00,1590.0
10.2.2024 01:15,1830.0
10.2.2024 01:30,1752.0
10.2.2024 01:45,1668.0
10.2.2024 02:00,1644.0
10.2.2024 02:15,1680.0
10.2.2024 02:30,1848.0
10.2.2024 02:45,1788.0
10.2.2024 03:00,1692.0
10.2.2024 03:15,1740.0
10.2.2024 03:30,1692.0
10.2.2024 03:45,1728.0
10.2.2024 04:00,1728.0
10.2.2024 04:15,1578.0
10.2.2024 04:30,1824.0
10.2.2024 04:45,1734.0
10.2.2024 05:00,1782.0
10.2.2024 05:15,1836.0
10.2.2024 05:30,1800.0
10.2.2024 05:45,1764.0
10.2.2024 06:00,1428.0
10.2.2024 06:15,1602.0
10.2.2024 06:30,1794.0
10.2.2024 06:45,1752.0
10.2.2024 07:00,1752.0
10.2.2024 07:15,1620.0
10.2.2024 07:30,1542.0
10.2.2024 07:45,1602.0
10.2.2024 08:00,1404.0
10.2.2024 08:15,1356.0
10.2.2024 08:30,1392.0
10.2.2024 08:45,1530.0
10.2.2024 09:00,1314.0
10.2.2024 09:15,984.0
10.2.2024 09:30,870.0
10.2.2024 09:45,1164.0
10.2.2024 10:00,978.0
10.2.2024 10:15,894.0
10.2.2024 10:30,888.0
10.2.2024 10:45,804.0
10.2.2024 11:00,720.0
10.2.2024 11:15,666.0
10.2.2024 11:30,630.0
10.2.2024 11:45,942.0
10.2.2024 12:00,768.0
10.2.2024 12:15,990.0
10.2.2024 12:30,900.0
10.2.2024 12:45,924.0
10.2.2024 13:00,768.0
10.2.2024 13:15,984.0
10.2.2024 13:30,858.0
10.2.2024 13:45,540.0
10.2.2024 14:00,924.0
10.2.2024 14:15,930.0
10.2.2024 14:30,1014.0
10.2.2024 14:45,1116.0
10.2.2024 15:00,1224.0
10.2.2024 15:15,1086.0
10.2.2024 15:30,1176.0
10.2.2024 15:45,1290.0
10.2.2024 16:00,1446.0
10.2.2024 16:15,1332.0
10.2.2024 16:30,1482.0
10.2.2024 16:45,1542.0
10.2.2024 17:00,1740.0
10.2.2024 17:15,1698.0
10.2.2024 17:30,1812.0
10.2.2024 17:45,1992.0
10.2.2024 18:00,1980.0
10.2.2024 18:15,1812.0
10.2.2024 18:30,1812.0
10.2.2024 18:45,1980.0
10.2.2024 19:00,1806.0
10.2.2024 19:15,1764.0
10.2.2024 19:30,1980.0
10.2.2024 19:45,1890.0
10.2.2024 20:00,1710.0
10.2.2024 20:15,1860.0
10.2.2024 20:30,1836.0
10.2.2024 20:45,1668.0
10.2.2024 21:00,1614.0
10.2.2024 21:15,1836.0
10.2.2024 21:30,1488.0
10.2.2024 21:45,1440.0
10.2.2024 22:00,1416.0
10.2.2024 22:15,1404.0
10.2.2024 22:30,1380.0
10.2.2024 22:45,1560.0
10.2.2024 23:00,1734.0
10.2.2024 23:15,1872.0
10.2.2024 23:30,1758.0
10.2.2024 23:45,1776.0
11.2.2024 00:00,1866.0
11.2.2024 00:15,1908.0
11.2.2024 00:30,1872.0
11.2.2024 00:45,1722.0
11.2.2024 01:00,1818.0
11.2.2024 01:15,1890.0
11.2.2024 01:30,1938.0
11.2.2024 01:45,1818.0
11.2.2024 02:00,1782.0
11.2.2024 02:15,1806.0
11.2.2024 02:30,1830.0
11.2.2024 02:45,1752.0
11.2.2024 03:00,1776.0
11.2.2024 03:15,1530.0
11.2.2024 03:30,1404.0
11.2.2024 03:45,1878.0
11.2.2024 04:00,1824.0
11.2.2024 04:15,1818.0
11.2.2024 04:30,1668.0
11.2.2024 04:45,1602.0
11.2.2024 05:00,1752.0
11.2.2024 05:15,1848.0
11.2.2024 05:30,1608.0
11.2.2024 05:45,1782.0
11.2.2024 06:00,1554.0
11.2.2024 06:15,1476.0
11.2.2024 06:30,1512.0
11.2.2024 06:45,1578.0
11.2.2024 07:00,1752.0
11.2.2024 07:15,1632.0
11.2.2024 07:30,1260.0
11.2.2024 07:45,1242.0
11.2.2024 08:00,1092.0
11.2.2024 08:15,1146.0
11.2.2024 08:30,1344.0
11.2.2024 08:45,1188.0
11.2.2024 09:00,1206.0
11.2.2024 09:15,948.0
11.2.2024 09:30,1128.0
11.2.2024 09:45,1008.0
11.2.2024 10:00,918.0
11.2.2024 10:15,972.0
11.2.2024 10:30,1014.0
11.2.2024 10:45,912.0
11.2.2024 11:00,954.0
11.2.2024 11:15,900.0
11.2.2024 11:30,876.0
11.2.2024 11:45,768.0
11.2.2024 12:00,828.0
11.2.2024 12:15,852.0
11.2.2024 12:30,978.0
11.2.2024 12:45,918.0
11.2.2024 13:00,870.0
11.2.2024 13:15,822.0
11.2.2024 13:30,876.0
11.2.2024 13:45,996.0
11.2.2024 14:00,828.0
11.2.2024 14:15,966.0
11.2.2024 14:30,1020.0
11.2.2024 14:45,1044.0
11.2.2024 15:00,1092.0
11.2.2024 15:15,1164.0
11.2.2024 15:30,1164.0
11.2.2024 15:45,1356.0
11.2.2024 16:00,1188.0
11.2.2024 16:15,1350.0
11.2.2024 16:30,1428.0
11.2.2024 16:45,1584.0
11.2.2024 17:00,1572.0
11.2.2024 17:15,1614.0
11.2.2024 17:30,1698.0
11.2.2024 17:45,1734.0
11.2.2024 18:00,1716.0
11.2.2024 18:15,1782.0
11.2.2024 18:30,1632.0
11.2.2024 18:45,1782.0
11.2.2024 19:00,1776.0
11.2.2024 19:15,1818.0
11.2.2024 19:30,1572.0
11.2.2024 19:45,1602.0
11.2.2024 20:00,1554.0
11.2.2024 20:15,1704.0
11.2.2024 20:30,1620.0
11.2.2024 20:45,1806.0
11.2.2024 21:00,1782.0
11.2.2024 21:15,1884.0
11.2.2024 21:30,1572.0
11.2.2024 21:45,1332.0
11.2.2024 22:00,1380.0
11.2.2024 22:15,1548.0
11.2.2024 22:30,1662.0
11.2.2024 22:45,1608.0
11.2.2024 23:00,1614.0
11.2.2024 23:15,1782.0
11.2.2024 23:30,1794.0
11.2.2024 23:45,1764.0
12.2.2024 00:00,1650.0
12.2.2024 00:15,1638.0
12.2.2024 00:30,1842.0
12.2.2024 00:45,1650.0
12.2.2024 01:00,1740.0
12.2.2024 01:15,1608.0
12.2.2024 01:30,1722.0
12.2.2024 01:45,1668.0
12.2.2024 02:00,1644.0
12.2.2024 02:15,1746.0
12.2.2024 02:30,1626.0
12.2.2024 02:45,1704.0
12.2.2024 03:00,1656.0
12.2.2024 03:15,1284.0
12.2.2024 03:30,936.0
12.2.2024 03:45,822.0
12.2.2024 04:00,792.0
12.2.2024 04:15,450.0
12.2.2024 04:30,516.0
12.2.2024 04:45,156.0
12.2.2024 05:00,144.0
12.2.2024 05:15,120.0
12.2.2024 05:30,120.0
12.2.2024 05:45,120.0
12.2.2024 06:00,108.0
12.2.2024 06:15,108.0
12.2.2024 06:30,96.0
12.2.2024 06:45,84.0
12.2.2024 07:00,54.0
12.2.2024 07:15,48.0
12.2.2024 07:30,6.0
12.2.2024 07:45,0.0
12.2.2024 08:00,0.0
12.2.2024 08:15,0.0
12.2.2024 08:30,0.0
12.2.2024 08:45,0.0
12.2.2024 09:00,0.0
12.2.2024 09:15,0.0
12.2.2024 09:30,0.0
12.2.2024 09:45,0.0
12.2.2024 10:00,0.0
12.2.2024 10:15,0.0
12.2.2024 10:30,0.0
12.2.2024 10:45,0.0
12.2.2024 11:00,0.0
12.2.2024 11:15,0.0
12.2.2024 11:30,0.0
12.2.2024 11:45,0.0
12.2.2024 12:00,0.0
12.2.2024 12:15,0.0
12.2.2024 12:30,0.0
12.2.2024 12:45,0.0
12.2.2024 13:00,0.0
12.2.2024 13:15,0.0
12.2.2024 13:30,0.0
12.2.2024 13:45,0.0
12.2.2024 14:00,0.0
12.2.2024 14:15,0.0
12.2.2024 14:30,0.0
12.2.2024 14:45,0.0
12.2.2024 15:00,0.0
12.2.2024 15:15,0.0
12.2.2024 15:30,0.0
12.2.2024 15:45,0.0
12.2.2024 16:00,0.0
12.2.2024 16:15,0.0
12.2.2024 16:30,6.0
12.2.2024 16:45,6.0
12.2.2024 17:00,30.0
12.2.2024 17:15,54.0
12.2.2024 17:30,60.0
12.2.2024 17:45,78.0
12.2.2024 18:00,96.0
12.2.2024 18:15,102.0
12.2.2024 18:30,108.0
12.2.2024 18:45,102.0
12.2.2024 19:00,108.0
12.2.2024 19:15,102.0
12.2.2024 19:30,108.0
12.2.2024 19:45,102.0
12.2.2024 20:00,108.0
12.2.2024 20:15,108.0
12.2.2024 20:30,108.0
12.2.2024 20:45,108.0
12.2.2024 21:00,108.0
12.2.2024 21:15,108.0
12.2.2024 21:30,108.0
12.2.2024 21:45,102.0
12.2.2024 22:00,102.0
12.2.2024 22:15,102.0
12.2.2024 22:30,102.0
12.2.2024 22:45,102.0
12.2.2024 23:00,102.0
12.2.2024 23:15,102.0
12.2.2024 23:30,102.0
12.2.2024 23:45,102.0
13.2.2024 00:00,102.0
13.2.2024 00:15,102.0
13.2.2024 00:30,102.0
13.2.2024 00:45,108.0
13.2.2024 01:00,108.0
13.2.2024 01:15,108.0
13.2.2024 01:30,108.0
13.2.2024 01:45,84.0
13.2.2024 02:00,72.0
13.2.2024 02:15,78.0
13.2.2024 02:30,72.0
13.2.2024 02:45,72.0
13.2.2024 03:00,72.0
13.2.2024 03:15,78.0
13.2.2024 03:30,72.0
13.2.2024 03:45,78.0
13.2.2024 04:00,78.0
13.2.2024 04:15,78.0
13.2.2024 04:30,108.0
13.2.2024 04:45,108.0
13.2.2024 05:00,102.0
13.2.2024 05:15,102.0
13.2.2024 05:30,102.0
13.2.2024 05:45,102.0
13.2.2024 06:00,102.0
13.2.2024 06:15,96.0
13.2.2024 06:30,96.0
13.2.2024 06:45,84.0
13.2.2024 07:00,54.0
13.2.2024 07:15,36.0
13.2.2024 07:30,6.0
13.2.2024 07:45,0.0
13.2.2024 08:00,0.0
13.2.2024 08:15,0.0
13.2.2024 08:30,0.0
13.2.2024 08:45,6.0
13.2.2024 09:00,6.0
13.2.2024 09:15,0.0
13.2.2024 09:30,0.0
13.2.2024 09:45,0.0
13.2.2024 10:00,0.0
13.2.2024 10:15,0.0
13.2.2024 10:30,0.0
13.2.2024 10:45,0.0
13.2.2024 11:00,0.0
13.2.2024 11:15,0.0
13.2.2024 11:30,0.0
13.2.2024 11:45,0.0
13.2.2024 12:00,0.0
13.2.2024 12:15,0.0
13.2.2024 12:30,0.0
13.2.2024 12:45,0.0
13.2.2024 13:00,0.0
13.2.2024 13:15,0.0
13.2.2024 13:30,0.0
13.2.2024 13:45,0.0
13.2.2024 14:00,0.0
13.2.2024 14:15,0.0
13.2.2024 14:30,0.0
13.2.2024 14:45,0.0
13.2.2024 15:00,0.0
13.2.2024 15:15,0.0
13.2.2024 15:30,0.0
13.2.2024 15:45,0.0
13.2.2024 16:00,6.0
13.2.2024 16:15,0.0
13.2.2024 16:30,0.0
13.2.2024 16:45,6.0
13.2.2024 17:00,48.0
13.2.2024 17:15,78.0
13.2.2024 17:30,108.0
13.2.2024 17:45,78.0
13.2.2024 18:00,108.0
13.2.2024 18:15,162.0
13.2.2024 18:30,108.0
13.2.2024 18:45,108.0
13.2.2024 19:00,108.0
13.2.2024 19:15,102.0
13.2.2024 19:30,102.0
13.2.2024 19:45,108.0
13.2.2024 20:00,102.0
13.2.2024 20:15,102.0
13.2.2024 20:30,96.0
13.2.2024 20:45,102.0
13.2.2024 21:00,96.0
13.2.2024 21:15,96.0
13.2.2024 21:30,96.0
13.2.2024 21:45,102.0
13.2.2024 22:00,96.0
13.2.2024 22:15,102.0
13.2.2024 22:30,96.0
13.2.2024 22:45,102.0
13.2.2024 23:00,96.0
13.2.2024 23:15,102.0
13.2.2024 23:30,96.0
13.2.2024 23:45,102.0
14.2.2024 00:00,96.0
14.2.2024 00:15,102.0
14.2.2024 00:30,96.0
14.2.2024 00:45,102.0
14.2.2024 01:00,102.0
14.2.2024 01:15,102.0
14.2.2024 01:30,102.0
14.2.2024 01:45,84.0
14.2.2024 02:00,72.0
14.2.2024 02:15,78.0
14.2.2024 02:30,72.0
14.2.2024 02:45,78.0
14.2.2024 03:00,78.0
14.2.2024 03:15,72.0
14.2.2024 03:30,78.0
14.2.2024 03:45,78.0
14.2.2024 04:00,72.0
14.2.2024 04:15,78.0
14.2.2024 04:30,96.0
14.2.2024 04:45,96.0
14.2.2024 05:00,90.0
14.2.2024 05:15,96.0
14.2.2024 05:30,96.0
14.2.2024 05:45,144.0
14.2.2024 06:00,330.0
14.2.2024 06:15,366.0
14.2.2024 06:30,336.0
14.2.2024 06:45,492.0
14.2.2024 07:00,1080.0
14.2.2024 07:15,1044.0
14.2.2024 07:30,1038.0
14.2.2024 07:45,1020.0
14.2.2024 08:00,924.0
14.2.2024 08:15,1014.0
14.2.2024 08:30,696.0
14.2.2024 08:45,636.0
14.2.2024 09:00,792.0
14.2.2024 09:15,1116.0
14.2.2024 09:30,1050.0
14.2.2024 09:45,1050.0
14.2.2024 10:00,1002.0
14.2.2024 10:15,900.0
14.2.2024 10:30,1014.0
14.2.2024 10:45,972.0
14.2.2024 11:00,960.0
14.2.2024 11:15,888.0
14.2.2024 11:30,906.0
14.2.2024 11:45,942.0
14.2.2024 12:00,828.0
14.2.2024 12:15,786.0
14.2.2024 12:30,846.0
14.2.2024 12:45,912.0
14.2.2024 13:00,948.0
14.2.2024 13:15,720.0
14.2.2024 13:30,924.0
14.2.2024 13:45,1008.0
14.2.2024 14:00,1044.0
14.2.2024 14:15,1104.0
14.2.2024 14:30,1038.0
14.2.2024 14:45,1056.0
14.2.2024 15:00,1248.0
14.2.2024 15:15,1014.0
14.2.2024 15:30,1128.0
14.2.2024 15:45,1146.0
14.2.2024 16:00,1356.0
14.2.2024 16:15,1374.0
14.2.2024 16:30,1158.0
14.2.2024 16:45,1176.0
14.2.2024 17:00,1236.0
14.2.2024 17:15,1560.0
14.2.2024 17:30,1614.0
14.2.2024 17:45,1488.0
14.2.2024 18:00,1626.0
14.2.2024 18:15,1680.0
14.2.2024 18:30,1644.0
14.2.2024 18:45,1620.0
14.2.2024 19:00,1542.0
14.2.2024 19:15,1488.0
14.2.2024 19:30,1596.0
14.2.2024 19:45,1452.0
14.2.2024 20:00,1578.0
14.2.2024 20:15,1758.0
14.2.2024 20:30,1782.0
14.2.2024 20:45,1728.0
14.2.2024 21:00,1776.0
14.2.2024 21:15,1860.0
14.2.2024 21:30,1764.0
14.2.2024 21:45,1764.0
14.2.2024 22:00,1758.0
14.2.2024 22:15,1752.0
14.2.2024 22:30,1734.0
14.2.2024 22:45,1860.0
14.2.2024 23:00,1704.0
14.2.2024 23:15,1716.0
14.2.2024 23:30,1626.0
14.2.2024 23:45,1650.0
15.2.2024 00:00,1572.0
15.2.2024 00:15,1356.0
15.2.2024 00:30,1518.0
15.2.2024 00:45,1458.0
15.2.2024 01:00,1428.0
15.2.2024 01:15,1716.0
15.2.2024 01:30,1572.0
15.2.2024 01:45,1578.0
15.2.2024 02:00,1620.0
15.2.2024 02:15,1656.0
15.2.2024 02:30,1632.0
15.2.2024 02:45,1692.0
15.2.2024 03:00,1680.0
15.2.2024 03:15,1806.0
15.2.2024 03:30,1728.0
15.2.2024 03:45,1500.0
15.2.2024 04:00,1194.0
15.2.2024 04:15,1164.0
15.2.2024 04:30,1242.0
15.2.2024 04:45,1176.0
15.2.2024 05:00,1158.0
15.2.2024 05:15,1176.0
15.2.2024 05:30,1140.0
15.2.2024 05:45,1284.0
15.2.2024 06:00,1356.0
15.2.2024 06:15,1596.0
15.2.2024 06:30,1692.0
15.2.2024 06:45,1680.0
15.2.2024 07:00,1746.0
15.2.2024 07:15,1686.0
15.2.2024 07:30,1596.0
15.2.2024 07:45,1560.0
15.2.2024 08:00,1524.0
15.2.2024 08:15,1146.0
15.2.2024 08:30,1332.0
15.2.2024 08:45,1272.0
15.2.2024 09:00,1302.0
15.2.2024 09:15,1308.0
15.2.2024 09:30,1224.0
15.2.2024 09:45,1164.0
15.2.2024 10:00,1062.0
15.2.2024 10:15,1008.0
15.2.2024 10:30,852.0
15.2.2024 10:45,996.0
15.2.2024 11:00,942.0
15.2.2024 11:15,948.0
15.2.2024 11:30,702.0
15.2.2024 11:45,798.0
15.2.2024 12:00,714.0
15.2.2024 12:15,978.0
15.2.2024 12:30,822.0
15.2.2024 12:45,438.0
15.2.2024 13:00,444.0
15.2.2024 13:15,564.0
15.2.2024 13:30,660.0
15.2.2024 13:45,612.0
15.2.2024 14:00,642.0
15.2.2024 14:15,654.0
15.2.2024 14:30,702.0
15.2.2024 14:45,840.0
15.2.2024 15:00,948.0
15.2.2024 15:15,1188.0
15.2.2024 15:30,1260.0
15.2.2024 15:45,1350.0
15.2.2024 16:00,1254.0
15.2.2024 16:15,1392.0
15.2.2024 16:30,1518.0
15.2.2024 16:45,1650.0
15.2.2024 17:00,1614.0
15.2.2024 17:15,1776.0
15.2.2024 17:30,1710.0
15.2.2024 17:45,1800.0
15.2.2024 18:00,1806.0
15.2.2024 18:15,1740.0
15.2.2024 18:30,1704.0
15.2.2024 18:45,1752.0
15.2.2024 19:00,1662.0
15.2.2024 19:15,1830.0
15.2.2024 19:30,1704.0
15.2.2024 19:45,1680.0
15.2.2024 20:00,1764.0
15.2.2024 20:15,1740.0
15.2.2024 20:30,1770.0
15.2.2024 20:45,1602.0
15.2.2024 21:00,1746.0
15.2.2024 21:15,1998.0
15.2.2024 21:30,1794.0
15.2.2024 21:45,1812.0
15.2.2024 22:00,1854.0
15.2.2024 22:15,1872.0
15.2.2024 22:30,1728.0
15.2.2024 22:45,1776.0
15.2.2024 23:00,1836.0
15.2.2024 23:15,1740.0
15.2.2024 23:30,1974.0
15.2.2024 23:45,1776.0
16.2.2024 00:00,1800.0
16.2.2024 00:15,1902.0
16.2.2024 00:30,1632.0
16.2.2024 00:45,1896.0
16.2.2024 01:00,1836.0
16.2.2024 01:15,1674.0
16.2.2024 01:30,1902.0
16.2.2024 01:45,1812.0
16.2.2024 02:00,1464.0
16.2.2024 02:15,1458.0
16.2.2024 02:30,1626.0
16.2.2024 02:45,1806.0
16.2.2024 03:00,1728.0
16.2.2024 03:15,1812.0
16.2.2024 03:30,1752.0
16.2.2024 03:45,1914.0
16.2.2024 04:00,1626.0
16.2.2024 04:15,1764.0
16.2.2024 04:30,1374.0
16.2.2024 04:45,1548.0
16.2.2024 05:00,1626.0
16.2.2024 05:15,1794.0
16.2.2024 05:30,1860.0
16.2.2024 05:45,1860.0
16.2.2024 06:00,1830.0
16.2.2024 06:15,1680.0
16.2.2024 06:30,1632.0
16.2.2024 06:45,1728.0
16.2.2024 07:00,1554.0
16.2.2024 07:15,1512.0
16.2.2024 07:30,1458.0
16.2.2024 07:45,1434.0
16.2.2024 08:00,1320.0
16.2.2024 08:15,1416.0
16.2.2024 08:30,1176.0
16.2.2024 08:45,1206.0
16.2.2024 09:00,1140.0
16.2.2024 09:15,1056.0
16.2.2024 09:30,1020.0
16.2.2024 09:45,1146.0
16.2.2024 10:00,990.0
16.2.2024 10:15,912.0
16.2.2024 10:30,804.0
16.2.2024 10:45,558.0
16.2.2024 11:00,654.0
16.2.2024 11:15,642.0
16.2.2024 11:30,726.0
16.2.2024 11:45,666.0
16.2.2024 12:00,726.0
16.2.2024 12:15,714.0
16.2.2024 12:30,804.0
16.2.2024 12:45,780.0
16.2.2024 13:00,876.0
16.2.2024 13:15,864.0
16.2.2024 13:30,786.0
16.2.2024 13:45,834.0
16.2.2024 14:00,990.0
16.2.2024 14:15,1062.0
16.2.2024 14:30,1104.0
16.2.2024 14:45,924.0
16.2.2024 15:00,798.0
16.2.2024 15:15,906.0
16.2.2024 15:30,900.0
16.2.2024 15:45,702.0
16.2.2024 16:00,834.0
16.2.2024 16:15,1188.0
16.2.2024 16:30,1554.0
16.2.2024 16:45,1302.0
16.2.2024 17:00,1488.0
16.2.2024 17:15,1392.0
16.2.2024 17:30,1290.0
16.2.2024 17:45,1290.0
16.2.2024 18:00,1284.0
16.2.2024 18:15,1308.0
16.2.2024 18:30,1614.0
16.2.2024 18:45,1944.0
16.2.2024 19:00,1920.0
16.2.2024 19:15,1842.0
16.2.2024 19:30,1878.0
16.2.2024 19:45,1866.0
16.2.2024 20:00,1860.0
16.2.2024 20:15,1974.0
16.2.2024 20:30,1920.0
16.2.2024 20:45,1794.0
16.2.2024 21:00,1968.0
16.2.2024 21:15,1962.0
16.2.2024 21:30,1866.0
16.2.2024 21:45,1728.0
16.2.2024 22:00,1818.0
16.2.2024 22:15,1626.0
16.2.2024 22:30,1404.0
16.2.2024 22:45,1554.0
16.2.2024 23:00,1668.0
16.2.2024 23:15,1836.0
16.2.2024 23:30,1476.0
16.2.2024 23:45,1422.0
17.2.2024 00:00,1488.0
17.2.2024 00:15,1668.0
17.2.2024 00:30,1848.0
17.2.2024 00:45,1830.0
17.2.2024 01:00,1812.0
17.2.2024 01:15,1938.0
17.2.2024 01:30,1872.0
17.2.2024 01:45,1902.0
17.2.2024 02:00,1890.0
17.2.2024 02:15,1896.0
17.2.2024 02:30,1746.0
17.2.2024 02:45,1854.0
17.2.2024 03:00,1758.0
17.2.2024 03:15,1824.0
17.2.2024 03:30,1842.0
17.2.2024 03:45,1608.0
17.2.2024 04:00,1860.0
17.2.2024 04:15,1824.0
17.2.2024 04:30,1614.0
17.2.2024 04:45,1872.0
17.2.2024 05:00,1842.0
17.2.2024 05:15,1668.0
17.2.2024 05:30,1680.0
17.2.2024 05:45,1932.0
17.2.2024 06:00,1890.0
17.2.2024 06:15,1746.0
17.2.2024 06:30,1500.0
17.2.2024 06:45,1728.0
17.2.2024 07:00,1464.0
17.2.2024 07:15,1500.0
17.2.2024 07:30,1350.0
17.2.2024 07:45,1206.0
17.2.2024 08:00,1110.0
17.2.2024 08:15,1374.0
17.2.2024 08:30,1356.0
17.2.2024 08:45,1320.0
17.2.2024 09:00,1236.0
17.2.2024 09:15,1200.0
17.2.2024 09:30,1200.0
17.2.2024 09:45,1188.0
17.2.2024 10:00,714.0
17.2.2024 10:15,648.0
17.2.2024 10:30,678.0
17.2.2024 10:45,756.0
17.2.2024 11:00,756.0
17.2.2024 11:15,900.0
17.2.2024 11:30,1068.0
17.2.2024 11:45,990.0
17.2.2024 12:00,960.0
17.2.2024 12:15,888.0
17.2.2024 12:30,954.0
17.2.2024 12:45,996.0
17.2.2024 13:00,972.0
17.2.2024 13:15,1020.0
17.2.2024 13:30,954.0
17.2.2024 13:45,1092.0
17.2.2024 14:00,1008.0
17.2.2024 14:15,1086.0
17.2.2024 14:30,1140.0
17.2.2024 14:45,1200.0
17.2.2024 15:00,1158.0
17.2.2024 15:15,1200.0
17.2.2024 15:30,1302.0
17.2.2024 15:45,1320.0
17.2.2024 16:00,1422.0
17.2.2024 16:15,1356.0
17.2.2024 16:30,1254.0
17.2.2024 16:45,1770.0
17.2.2024 17:00,1782.0
17.2.2024 17:15,1614.0
17.2.2024 17:30,1872.0
17.2.2024 17:45,1608.0
17.2.2024 18:00,1344.0
17.2.2024 18:15,1380.0
17.2.2024 18:30,1308.0
17.2.2024 18:45,1344.0
17.2.2024 19:00,1230.0
17.2.2024 19:15,1212.0
17.2.2024 19:30,1752.0
17.2.2024 19:45,1764.0
17.2.2024 20:00,1932.0
17.2.2024 20:15,1992.0
17.2.2024 20:30,1824.0
17.2.2024 20:45,1884.0
17.2.2024 21:00,1854.0
17.2.2024 21:15,1788.0
17.2.2024 21:30,1872.0
17.2.2024 21:45,1830.0
17.2.2024 22:00,1812.0
17.2.2024 22:15,1806.0
17.2.2024 22:30,1878.0
17.2.2024 22:45,1860.0
17.2.2024 23:00,1770.0
17.2.2024 23:15,1908.0
17.2.2024 23:30,1800.0
17.2.2024 23:45,1764.0
18.2.2024 00:00,1536.0
18.2.2024 00:15,1428.0
18.2.2024 00:30,1428.0
18.2.2024 00:45,1500.0
18.2.2024 01:00,1746.0
18.2.2024 01:15,1764.0
18.2.2024 01:30,1746.0
18.2.2024 01:45,1680.0
18.2.2024 02:00,1752.0
18.2.2024 02:15,1662.0
18.2.2024 02:30,1776.0
18.2.2024 02:45,1602.0
18.2.2024 03:00,1734.0
18.2.2024 03:15,1806.0
18.2.2024 03:30,1836.0
18.2.2024 03:45,1794.0
18.2.2024 04:00,1866.0
18.2.2024 04:15,1812.0
18.2.2024 04:30,1782.0
18.2.2024 04:45,1800.0
18.2.2024 05:00,1722.0
18.2.2024 05:15,1536.0
18.2.2024 05:30,1698.0
18.2.2024 05:45,1854.0
18.2.2024 06:00,1824.0
18.2.2024 06:15,1818.0
18.2.2024 06:30,1836.0
18.2.2024 06:45,1848.0
18.2.2024 07:00,1620.0
18.2.2024 07:15,1710.0
18.2.2024 07:30,1734.0
18.2.2024 07:45,1662.0
18.2.2024 08:00,1380.0
18.2.2024 08:15,1488.0
18.2.2024 08:30,1506.0
18.2.2024 08:45,1350.0
18.2.2024 09:00,1374.0
18.2.2024 09:15,1338.0
18.2.2024 09:30,1272.0
18.2.2024 09:45,1152.0
18.2.2024 10:00,1020.0
18.2.2024 10:15,1032.0
18.2.2024 10:30,1236.0
18.2.2024 10:45,1104.0
18.2.2024 11:00,930.0
18.2.2024 11:15,942.0
18.2.2024 11:30,966.0
18.2.2024 11:45,756.0
18.2.2024 12:00,720.0
18.2.2024 12:15,876.0
18.2.2024 12:30,954.0
18.2.2024 12:45,948.0
18.2.2024 13:00,996.0
18.2.2024 13:15,732.0
18.2.2024 13:30,1080.0
18.2.2024 13:45,678.0
18.2.2024 14:00,672.0
18.2.2024 14:15,960.0
18.2.2024 14:30,1152.0
18.2.2024 14:45,1404.0
18.2.2024 15:00,1518.0
18.2.2024 15:15,1164.0
18.2.2024 15:30,1524.0
18.2.2024 15:45,1554.0
18.2.2024 16:00,1464.0
18.2.2024 16:15,1344.0
18.2.2024 16:30,1608.0
18.2.2024 16:45,1602.0
18.2.2024 17:00,1662.0
18.2.2024 17:15,1764.0
18.2.2024 17:30,1800.0
18.2.2024 17:45,1698.0
18.2.2024 18:00,1146.0
18.2.2024 18:15,1770.0
18.2.2024 18:30,1890.0
18.2.2024 18:45,1962.0
18.2.2024 19:00,1800.0
18.2.2024 19:15,1818.0
18.2.2024 19:30,1752.0
18.2.2024 19:45,1236.0
18.2.2024 20:00,1272.0
18.2.2024 20:15,1812.0
18.2.2024 20:30,1872.0
18.2.2024 20:45,1980.0
18.2.2024 21:00,1914.0
18.2.2024 21:15,1884.0
18.2.2024 21:30,1800.0
18.2.2024 21:45,1818.0
18.2.2024 22:00,1596.0
18.2.2024 22:15,1560.0
18.2.2024 22:30,1848.0
18.2.2024 22:45,1746.0
18.2.2024 23:00,1824.0
18.2.2024 23:15,1602.0
18.2.2024 23:30,1440.0
18.2.2024 23:45,1554.0
19.2.2024 00:00,1812.0
19.2.2024 00:15,1662.0
19.2.2024 00:30,1746.0
19.2.2024 00:45,1530.0
19.2.2024 01:00,1650.0
19.2.2024 01:15,1470.0
19.2.2024 01:30,1536.0
19.2.2024 01:45,1674.0
19.2.2024 02:00,1662.0
19.2.2024 02:15,1530.0
19.2.2024 02:30,1722.0
19.2.2024 02:45,1740.0
19.2.2024 03:00,1596.0
19.2.2024 03:15,1140.0
19.2.2024 03:30,1608.0
19.2.2024 03:45,1668.0
19.2.2024 04:00,1596.0
19.2.2024 04:15,1620.0
19.2.2024 04:30,1824.0
19.2.2024 04:45,1554.0
19.2.2024 05:00,1764.0
19.2.2024 05:15,1716.0
19.2.2024 05:30,1476.0
19.2.2024 05:45,1404.0
19.2.2024 06:00,1464.0
19.2.2024 06:15,1638.0
19.2.2024 06:30,1572.0
19.2.2024 06:45,1644.0
19.2.2024 07:00,1578.0
19.2.2024 07:15,1584.0
19.2.2024 07:30,1392.0
19.2.2024 07:45,1440.0
19.2.2024 08:00,1284.0
19.2.2024 08:15,1404.0
19.2.2024 08:30,1296.0
19.2.2024 08:45,1236.0
19.2.2024 09:00,816.0
19.2.2024 09:15,828.0
19.2.2024 09:30,750.0
19.2.2024 09:45,768.0
19.2.2024 10:00,720.0
19.2.2024 10:15,588.0
19.2.2024 10:30,642.0
19.2.2024 10:45,558.0
19.2.2024 11:00,924.0
19.2.2024 11:15,888.0
19.2.2024 11:30,924.0
19.2.2024 11:45,906.0
19.2.2024 12:00,894.0
19.2.2024 12:15,924.0
19.2.2024 12:30,798.0
19.2.2024 12:45,1014.0
19.2.2024 13:00,936.0
19.2.2024 13:15,936.0
19.2.2024 13:30,1272.0
19.2.2024 13:45,894.0
19.2.2024 14:00,1044.0
19.2.2024 14:15,1458.0
19.2.2024 14:30,1176.0
19.2.2024 14:45,1248.0
19.2.2024 15:00,1176.0
19.2.2024 15:15,1254.0
19.2.2024 15:30,1350.0
19.2.2024 15:45,1494.0
19.2.2024 16:00,954.0
19.2.2024 16:15,1248.0
19.2.2024 16:30,1632.0
19.2.2024 16:45,1656.0
19.2.2024 17:00,1650.0
19.2.2024 17:15,1182.0
19.2.2024 17:30,1428.0
19.2.2024 17:45,1764.0
19.2.2024 18:00,1908.0
19.2.2024 18:15,1476.0
19.2.2024 18:30,1812.0
19.2.2024 18:45,1722.0
19.2.2024 19:00,1320.0
19.2.2024 19:15,1752.0
19.2.2024 19:30,1590.0
19.2.2024 19:45,1668.0
19.2.2024 20:00,1758.0
19.2.2024 20:15,1812.0
19.2.2024 20:30,1734.0
19.2.2024 20:45,1644.0
19.2.2024 21:00,1800.0
19.2.2024 21:15,1752.0
19.2.2024 21:30,1104.0
19.2.2024 21:45,1464.0
19.2.2024 22:00,1662.0
19.2.2024 22:15,1758.0
19.2.2024 22:30,1644.0
19.2.2024 22:45,1206.0
19.2.2024 23:00,1602.0
19.2.2024 23:15,1716.0
19.2.2024 23:30,1590.0
19.2.2024 23:45,1866.0
20.2.2024 00:00,1644.0
20.2.2024 00:15,1566.0
20.2.2024 00:30,1386.0
20.2.2024 00:45,1272.0
20.2.2024 01:00,1398.0
20.2.2024 01:15,1458.0
20.2.2024 01:30,1626.0
20.2.2024 01:45,1782.0
20.2.2024 02:00,1722.0
20.2.2024 02:15,1788.0
20.2.2024 02:30,1860.0
20.2.2024 02:45,1836.0
20.2.2024 03:00,1818.0
20.2.2024 03:15,1572.0
20.2.2024 03:30,1542.0
20.2.2024 03:45,1668.0
20.2.2024 04:00,1824.0
20.2.2024 04:15,1746.0
20.2.2024 04:30,1872.0
20.2.2024 04:45,1752.0
20.2.2024 05:00,1794.0
20.2.2024 05:15,1512.0
20.2.2024 05:30,1332.0
20.2.2024 05:45,1626.0
20.2.2024 06:00,1542.0
20.2.2024 06:15,1692.0
20.2.2024 06:30,1914.0
20.2.2024 06:45,1764.0
20.2.2024 07:00,1602.0
20.2.2024 07:15,1638.0
20.2.2024 07:30,1560.0
20.2.2024 07:45,1332.0
20.2.2024 08:00,1272.0
20.2.2024 08:15,1260.0
20.2.2024 08:30,1338.0
20.2.2024 08:45,1440.0
20.2.2024 09:00,1248.0
20.2.2024 09:15,984.0
20.2.2024 09:30,960.0
20.2.2024 09:45,948.0
20.2.2024 10:00,1008.0
20.2.2024 10:15,1032.0
20.2.2024 10:30,708.0
20.2.2024 10:45,1008.0
20.2.2024 11:00,1080.0
20.2.2024 11:15,924.0
20.2.2024 11:30,876.0
20.2.2024 11:45,948.0
20.2.2024 12:00,750.0
20.2.2024 12:15,876.0
20.2.2024 12:30,1002.0
20.2.2024 12:45,1194.0
20.2.2024 13:00,984.0
20.2.2024 13:15,1260.0
20.2.2024 13:30,1080.0
20.2.2024 13:45,984.0
20.2.2024 14:00,876.0
20.2.2024 14:15,918.0
20.2.2024 14:30,1464.0
20.2.2024 14:45,1494.0
20.2.2024 15:00,1176.0
20.2.2024 15:15,1518.0
20.2.2024 15:30,1596.0
20.2.2024 15:45,1446.0
20.2.2024 16:00,1620.0
20.2.2024 16:15,1464.0
20.2.2024 16:30,1488.0
20.2.2024 16:45,1626.0
20.2.2024 17:00,1476.0
20.2.2024 17:15,1554.0
20.2.2024 17:30,1764.0
20.2.2024 17:45,1704.0
20.2.2024 18:00,1848.0
20.2.2024 18:15,1848.0
20.2.2024 18:30,1782.0
20.2.2024 18:45,1524.0
20.2.2024 19:00,1788.0
20.2.2024 19:15,1860.0
20.2.2024 19:30,1752.0
20.2.2024 19:45,1740.0
20.2.2024 20:00,1296.0
20.2.2024 20:15,1758.0
20.2.2024 20:30,1668.0
20.2.2024 20:45,1698.0
20.2.2024 21:00,1740.0
20.2.2024 21:15,1764.0
20.2.2024 21:30,1620.0
20.2.2024 21:45,1128.0
20.2.2024 22:00,912.0
20.2.2024 22:15,912.0
20.2.2024 22:30,1044.0
20.2.2024 22:45,1128.0
20.2.2024 23:00,960.0
20.2.2024 23:15,1188.0
20.2.2024 23:30,1428.0
20.2.2024 23:45,1548.0
21.2.2024 00:00,1536.0
21.2.2024 00:15,1650.0
21.2.2024 00:30,1680.0
21.2.2024 00:45,1320.0
21.2.2024 01:00,1440.0
21.2.2024 01:15,1536.0
21.2.2024 01:30,1614.0
21.2.2024 01:45,1656.0
21.2.2024 02:00,1668.0
21.2.2024 02:15,1602.0
21.2.2024 02:30,1620.0
21.2.2024 02:45,1656.0
21.2.2024 03:00,1686.0
21.2.2024 03:15,1476.0
21.2.2024 03:30,1476.0
21.2.2024 03:45,1626.0
21.2.2024 04:00,1272.0
21.2.2024 04:15,1410.0
21.2.2024 04:30,1626.0
21.2.2024 04:45,1746.0
21.2.2024 05:00,1590.0
21.2.2024 05:15,1680.0
21.2.2024 05:30,1392.0
21.2.2024 05:45,1656.0
21.2.2024 06:00,1470.0
21.2.2024 06:15,1164.0
21.2.2024 06:30,768.0
21.2.2024 06:45,690.0
21.2.2024 07:00,624.0
21.2.2024 07:15,564.0
21.2.2024 07:30,492.0
21.2.2024 07:45,300.0
21.2.2024 08:00,228.0
21.2.2024 08:15,156.0
21.2.2024 08:30,6.0
21.2.2024 08:45,0.0
21.2.2024 09:00,0.0
21.2.2024 09:15,0.0
21.2.2024 09:30,0.0
21.2.2024 09:45,0.0
21.2.2024 10:00,0.0
21.2.2024 10:15,0.0
21.2.2024 10:30,6.0
21.2.2024 10:45,12.0
21.2.2024 11:00,0.0
21.2.2024 11:15,6.0
21.2.2024 11:30,6.0
21.2.2024 11:45,0.0
21.2.2024 12:00,0.0
21.2.2024 12:15,6.0
21.2.2024 12:30,0.0
21.2.2024 12:45,0.0
21.2.2024 13:00,0.0
21.2.2024 13:15,12.0
21.2.2024 13:30,12.0
21.2.2024 13:45,0.0
21.2.2024 14:00,0.0
21.2.2024 14:15,30.0
21.2.2024 14:30,36.0
21.2.2024 14:45,72.0
21.2.2024 15:00,90.0
21.2.2024 15:15,72.0
21.2.2024 15:30,36.0
21.2.2024 15:45,120.0
21.2.2024 16:00,96.0
21.2.2024 16:15,120.0
21.2.2024 16:30,150.0
21.2.2024 16:45,174.0
21.2.2024 17:00,192.0
21.2.2024 17:15,192.0
21.2.2024 17:30,144.0
21.2.2024 17:45,150.0
21.2.2024 18:00,156.0
21.2.2024 18:15,156.0
21.2.2024 18:30,162.0
21.2.2024 18:45,156.0
21.2.2024 19:00,162.0
21.2.2024 19:15,162.0
21.2.2024 19:30,162.0
21.2.2024 19:45,144.0
21.2.2024 20:00,150.0
21.2.2024 20:15,156.0
21.2.2024 20:30,156.0
21.2.2024 20:45,156.0
21.2.2024 21:00,156.0
21.2.2024 21:15,156.0
21.2.2024 21:30,156.0
21.2.2024 21:45,156.0
21.2.2024 22:00,156.0
21.2.2024 22:15,156.0
21.2.2024 22:30,156.0
21.2.2024 22:45,156.0
21.2.2024 23:00,156.0
21.2.2024 23:15,156.0
21.2.2024 23:30,156.0
21.2.2024 23:45,156.0
22.2.2024 00:00,156.0
22.2.2024 00:15,156.0
22.2.2024 00:30,156.0
22.2.2024 00:45,156.0
22.2.2024 01:00,162.0
22.2.2024 01:15,162.0
22.2.2024 01:30,162.0
22.2.2024 01:45,144.0
22.2.2024 02:00,132.0
22.2.2024 02:15,132.0
22.2.2024 02:30,132.0
22.2.2024 02:45,132.0
22.2.2024 03:00,132.0
22.2.2024 03:15,132.0
22.2.2024 03:30,132.0
22.2.2024 03:45,132.0
22.2.2024 04:00,132.0
22.2.2024 04:15,132.0
22.2.2024 04:30,156.0
22.2.2024 04:45,156.0
22.2.2024 05:00,156.0
22.2.2024 05:15,156.0
22.2.2024 05:30,156.0
22.2.2024 05:45,156.0
22.2.2024 06:00,168.0
22.2.2024 06:15,222.0
22.2.2024 06:30,222.0
22.2.2024 06:45,156.0
22.2.2024 07:00,234.0
22.2.2024 07:15,420.0
22.2.2024 07:30,612.0
22.2.2024 07:45,816.0
22.2.2024 08:00,924.0
22.2.2024 08:15,942.0
22.2.2024 08:30,600.0
22.2.2024 08:45,1008.0
22.2.2024 09:00,1248.0
22.2.2024 09:15,1146.0
22.2.2024 09:30,1116.0
22.2.2024 09:45,1014.0
22.2.2024 10:00,936.0
22.2.2024 10:15,948.0
22.2.2024 10:30,1068.0
22.2.2024 10:45,1008.0
22.2.2024 11:00,966.0
22.2.2024 11:15,1032.0
22.2.2024 11:30,888.0
22.2.2024 11:45,618.0
22.2.2024 12:00,588.0
22.2.2024 12:15,1218.0
22.2.2024 12:30,786.0
22.2.2024 12:45,840.0
22.2.2024 13:00,804.0
22.2.2024 13:15,1092.0
22.2.2024 13:30,1032.0
22.2.2024 13:45,936.0
22.2.2024 14:00,1146.0
22.2.2024 14:15,828.0
22.2.2024 14:30,1164.0
22.2.2024 14:45,936.0
22.2.2024 15:00,822.0
22.2.2024 15:15,1416.0
22.2.2024 15:30,1272.0
22.2.2024 15:45,1230.0
22.2.2024 16:00,1416.0
22.2.2024 16:15,1434.0
22.2.2024 16:30,1632.0
22.2.2024 16:45,1512.0
22.2.2024 17:00,1548.0
22.2.2024 17:15,1812.0
22.2.2024 17:30,1662.0
22.2.2024 17:45,1662.0
22.2.2024 18:00,1608.0
22.2.2024 18:15,1914.0
22.2.2024 18:30,1926.0
22.2.2024 18:45,1704.0
22.2.2024 19:00,1908.0
22.2.2024 19:15,1800.0
22.2.2024 19:30,1842.0
22.2.2024 19:45,1716.0
22.2.2024 20:00,1836.0
22.2.2024 20:15,1872.0
22.2.2024 20:30,1884.0
22.2.2024 20:45,1800.0
22.2.2024 21:00,1842.0
22.2.2024 21:15,1968.0
22.2.2024 21:30,1860.0
22.2.2024 21:45,1758.0
22.2.2024 22:00,1902.0
22.2.2024 22:15,1830.0
22.2.2024 22:30,1872.0
22.2.2024 22:45,1884.0
22.2.2024 23:00,1938.0
22.2.2024 23:15,1926.0
22.2.2024 23:30,1476.0
22.2.2024 23:45,1608.0
23.2.2024 00:00,1710.0
23.2.2024 00:15,1884.0
23.2.2024 00:30,1824.0
23.2.2024 00:45,1818.0
23.2.2024 01:00,1776.0
23.2.2024 01:15,1818.0
23.2.2024 01:30,1788.0
23.2.2024 01:45,1752.0
23.2.2024 02:00,1854.0
23.2.2024 02:15,1950.0
23.2.2024 02:30,1704.0
23.2.2024 02:45,1824.0
23.2.2024 03:00,1836.0
23.2.2024 03:15,1632.0
23.2.2024 03:30,1854.0
23.2.2024 03:45,1854.0
23.2.2024 04:00,1812.0
23.2.2024 04:15,1644.0
23.2.2024 04:30,1446.0
23.2.2024 04:45,1722.0
23.2.2024 05:00,1980.0
23.2.2024 05:15,1926.0
23.2.2024 05:30,1884.0
23.2.2024 05:45,1848.0
23.2.2024 06:00,1968.0
23.2.2024 06:15,1926.0
23.2.2024 06:30,1812.0
23.2.2024 06:45,1932.0
23.2.2024 07:00,1872.0
23.2.2024 07:15,1770.0
23.2.2024 07:30,1722.0
23.2.2024 07:45,1692.0
23.2.2024 08:00,1464.0
23.2.2024 08:15,1380.0
23.2.2024 08:30,1284.0
23.2.2024 08:45,1446.0
23.2.2024 09:00,1308.0
23.2.2024 09:15,678.0
23.2.2024 09:30,732.0
23.2.2024 09:45,1038.0
23.2.2024 10:00,1140.0
23.2.2024 10:15,1200.0
23.2.2024 10:30,1104.0
23.2.2024 10:45,996.0
23.2.2024 11:00,888.0
23.2.2024 11:15,774.0
23.2.2024 11:30,906.0
23.2.2024 11:45,774.0
23.2.2024 12:00,1098.0
23.2.2024 12:15,888.0
23.2.2024 12:30,1164.0
23.2.2024 12:45,1188.0
23.2.2024 13:00,972.0
23.2.2024 13:15,972.0
23.2.2024 13:30,666.0
23.2.2024 13:45,1248.0
23.2.2024 14:00,936.0
23.2.2024 14:15,1014.0
23.2.2024 14:30,1062.0
23.2.2024 14:45,1182.0
23.2.2024 15:00,1272.0
23.2.2024 15:15,1236.0
23.2.2024 15:30,1236.0
23.2.2024 15:45,1542.0
23.2.2024 16:00,1392.0
23.2.2024 16:15,1584.0
23.2.2024 16:30,1620.0
23.2.2024 16:45,1542.0
23.2.2024 17:00,1794.0
23.2.2024 17:15,1680.0
23.2.2024 17:30,1530.0
23.2.2024 17:45,1596.0
23.2.2024 18:00,1848.0
23.2.2024 18:15,1812.0
23.2.2024 18:30,1698.0
23.2.2024 18:45,1860.0
23.2.2024 19:00,1908.0
23.2.2024 19:15,1872.0
23.2.2024 19:30,1968.0
23.2.2024 19:45,1896.0
23.2.2024 20:00,1878.0
23.2.2024 20:15,1854.0
23.2.2024 20:30,1848.0
23.2.2024 20:45,1878.0
23.2.2024 21:00,1662.0
23.2.2024 21:15,2004.0
23.2.2024 21:30,2052.0
23.2.2024 21:45,1920.0
23.2.2024 22:00,1932.0
23.2.2024 22:15,2004.0
23.2.2024 22:30,1962.0
23.2.2024 22:45,1854.0
23.2.2024 23:00,1920.0
23.2.2024 23:15,1836.0
23.2.2024 23:30,1920.0
23.2.2024 23:45,1884.0
24.2.2024 00:00,1992.0
24.2.2024 00:15,1944.0
24.2.2024 00:30,1860.0
24.2.2024 00:45,1818.0
24.2.2024 01:00,1950.0
24.2.2024 01:15,1974.0
24.2.2024 01:30,1638.0
24.2.2024 01:45,1638.0
24.2.2024 02:00,1938.0
24.2.2024 02:15,1884.0
24.2.2024 02:30,1992.0
24.2.2024 02:45,1830.0
24.2.2024 03:00,1878.0
24.2.2024 03:15,1824.0
24.2.2024 03:30,1920.0
24.2.2024 03:45,1968.0
24.2.2024 04:00,1860.0
24.2.2024 04:15,1644.0
24.2.2024 04:30,1836.0
24.2.2024 04:45,2016.0
24.2.2024 05:00,846.0
24.2.2024 05:15,1062.0
24.2.2024 05:30,1248.0
24.2.2024 05:45,1446.0
24.2.2024 06:00,1416.0
24.2.2024 06:15,1416.0
24.2.2024 06:30,1452.0
24.2.2024 06:45,1320.0
24.2.2024 07:00,1392.0
24.2.2024 07:15,1620.0
24.2.2024 07:30,1650.0
24.2.2024 07:45,1524.0
24.2.2024 08:00,1488.0
24.2.2024 08:15,1284.0
24.2.2024 08:30,1296.0
24.2.2024 08:45,1344.0
24.2.2024 09:00,1248.0
24.2.2024 09:15,1230.0
24.2.2024 09:30,1152.0
24.2.2024 09:45,1206.0
24.2.2024 10:00,1164.0
24.2.2024 10:15,1218.0
24.2.2024 10:30,996.0
24.2.2024 10:45,720.0
24.2.2024 11:00,756.0
24.2.2024 11:15,1002.0
24.2.2024 11:30,864.0
24.2.2024 11:45,924.0
24.2.2024 12:00,924.0
24.2.2024 12:15,804.0
24.2.2024 12:30,1104.0
24.2.2024 12:45,1038.0
24.2.2024 13:00,798.0
24.2.2024 13:15,858.0
24.2.2024 13:30,1038.0
24.2.2024 13:45,996.0
24.2.2024 14:00,1014.0
24.2.2024 14:15,984.0
24.2.2024 14:30,1314.0
24.2.2024 14:45,1452.0
24.2.2024 15:00,1212.0
24.2.2024 15:15,1218.0
24.2.2024 15:30,1572.0
24.2.2024 15:45,1488.0
24.2.2024 16:00,1440.0
24.2.2024 16:15,1284.0
24.2.2024 16:30,1590.0
24.2.2024 16:45,1470.0
24.2.2024 17:00,1560.0
24.2.2024 17:15,1626.0
24.2.2024 17:30,1896.0
24.2.2024 17:45,1638.0
24.2.2024 18:00,1884.0
24.2.2024 18:15,1956.0
24.2.2024 18:30,1764.0
24.2.2024 18:45,1866.0
24.2.2024 19:00,1776.0
24.2.2024 19:15,1800.0
24.2.2024 19:30,1938.0
24.2.2024 19:45,1896.0
24.2.2024 20:00,1728.0
24.2.2024 20:15,1578.0
24.2.2024 20:30,1842.0
24.2.2024 20:45,1788.0
24.2.2024 21:00,1896.0
24.2.2024 21:15,1902.0
24.2.2024 21:30,2022.0
24.2.2024 21:45,1884.0
24.2.2024 22:00,1800.0
24.2.2024 22:15,1692.0
24.2.2024 22:30,1938.0
24.2.2024 22:45,1842.0
24.2.2024 23:00,1878.0
24.2.2024 23:15,1620.0
24.2.2024 23:30,1758.0
24.2.2024 23:45,1854.0
25.2.2024 00:00,1836.0
25.2.2024 00:15,1788.0
25.2.2024 00:30,1764.0
25.2.2024 00:45,1734.0
25.2.2024 01:00,1752.0
25.2.2024 01:15,1572.0
25.2.2024 01:30,1656.0
25.2.2024 01:45,1854.0
25.2.2024 02:00,1812.0
25.2.2024 02:15,1632.0
25.2.2024 02:30,1452.0
25.2.2024 02:45,1458.0
25.2.2024 03:00,1332.0
25.2.2024 03:15,1542.0
25.2.2024 03:30,1566.0
25.2.2024 03:45,1752.0
25.2.2024 04:00,1848.0
25.2.2024 04:15,1800.0
25.2.2024 04:30,1836.0
25.2.2024 04:45,1722.0
25.2.2024 05:00,1884.0
25.2.2024 05:15,1848.0
25.2.2024 05:30,1848.0
25.2.2024 05:45,1902.0
25.2.2024 06:00,1692.0
25.2.2024 06:15,2004.0
25.2.2024 06:30,1920.0
25.2.2024 06:45,1770.0
25.2.2024 07:00,1776.0
25.2.2024 07:15,1764.0
25.2.2024 07:30,1692.0
25.2.2024 07:45,1584.0
25.2.2024 08:00,1608.0
25.2.2024 08:15,1536.0
25.2.2024 08:30,1464.0
25.2.2024 08:45,1362.0
25.2.2024 09:00,1326.0
25.2.2024 09:15,1290.0
25.2.2024 09:30,1206.0
25.2.2024 09:45,1164.0
25.2.2024 10:00,1002.0
25.2.2024 10:15,1098.0
25.2.2024 10:30,1014.0
25.2.2024 10:45,894.0
25.2.2024 11:00,624.0
25.2.2024 11:15,792.0
25.2.2024 11:30,1074.0
25.2.2024 11:45,906.0
25.2.2024 12:00,642.0
25.2.2024 12:15,684.0
25.2.2024 12:30,738.0
25.2.2024 12:45,912.0
25.2.2024 13:00,936.0
25.2.2024 13:15,918.0
25.2.2024 13:30,1326.0
25.2.2024 13:45,1434.0
25.2.2024 14:00,1008.0
25.2.2024 14:15,1188.0
25.2.2024 14:30,1110.0
25.2.2024 14:45,1164.0
25.2.2024 15:00,1392.0
25.2.2024 15:15,1410.0
25.2.2024 15:30,1362.0
25.2.2024 15:45,1092.0
25.2.2024 16:00,1056.0
25.2.2024 16:15,978.0
25.2.2024 16:30,1068.0
25.2.2024 16:45,1170.0
25.2.2024 17:00,1170.0
25.2.2024 17:15,1284.0
25.2.2024 17:30,1212.0
25.2.2024 17:45,978.0
25.2.2024 18:00,1074.0
25.2.2024 18:15,1188.0
25.2.2024 18:30,1194.0
25.2.2024 18:45,1338.0
25.2.2024 19:00,1338.0
25.2.2024 19:15,1284.0
25.2.2024 19:30,1260.0
25.2.2024 19:45,1344.0
25.2.2024 20:00,1458.0
25.2.2024 20:15,1650.0
25.2.2024 20:30,1650.0
25.2.2024 20:45,1650.0
25.2.2024 21:00,1902.0
25.2.2024 21:15,1848.0
25.2.2024 21:30,1920.0
25.2.2024 21:45,1806.0
25.2.2024 22:00,1914.0
25.2.2024 22:15,1902.0
25.2.2024 22:30,1896.0
25.2.2024 22:45,1920.0
25.2.2024 23:00,1800.0
25.2.2024 23:15,1806.0
25.2.2024 23:30,1818.0
25.2.2024 23:45,1656.0
26.2.2024 00:00,1866.0
26.2.2024 00:15,1788.0
26.2.2024 00:30,1800.0
26.2.2024 00:45,1596.0
26.2.2024 01:00,1200.0
26.2.2024 01:15,972.0
26.2.2024 01:30,948.0
26.2.2024 01:45,930.0
26.2.2024 02:00,900.0
26.2.2024 02:15,912.0
26.2.2024 02:30,894.0
26.2.2024 02:45,906.0
26.2.2024 03:00,948.0
26.2.2024 03:15,918.0
26.2.2024 03:30,900.0
26.2.2024 03:45,900.0
26.2.2024 04:00,900.0
26.2.2024 04:15,906.0
26.2.2024 04:30,924.0
26.2.2024 04:45,918.0
26.2.2024 05:00,924.0
26.2.2024 05:15,906.0
26.2.2024 05:30,924.0
26.2.2024 05:45,948.0
26.2.2024 06:00,900.0
26.2.2024 06:15,894.0
26.2.2024 06:30,888.0
26.2.2024 06:45,864.0
26.2.2024 07:00,816.0
26.2.2024 07:15,774.0
26.2.2024 07:30,726.0
26.2.2024 07:45,516.0
26.2.2024 08:00,90.0
26.2.2024 08:15,30.0
26.2.2024 08:30,0.0
26.2.2024 08:45,12.0
26.2.2024 09:00,12.0
26.2.2024 09:15,12.0
26.2.2024 09:30,12.0
26.2.2024 09:45,12.0
26.2.2024 10:00,12.0
26.2.2024 10:15,12.0
26.2.2024 10:30,12.0
26.2.2024 10:45,12.0
26.2.2024 11:00,12.0
26.2.2024 11:15,12.0
26.2.2024 11:30,12.0
26.2.2024 11:45,12.0
26.2.2024 12:00,0.0
26.2.2024 12:15,0.0
26.2.2024 12:30,0.0
26.2.2024 12:45,0.0
26.2.2024 13:00,12.0
26.2.2024 13:15,12.0
26.2.2024 13:30,6.0
26.2.2024 13:45,6.0
26.2.2024 14:00,6.0
26.2.2024 14:15,12.0
26.2.2024 14:30,6.0
26.2.2024 14:45,6.0
26.2.2024 15:00,6.0
26.2.2024 15:15,0.0
26.2.2024 15:30,0.0
26.2.2024 15:45,0.0
26.2.2024 16:00,0.0
26.2.2024 16:15,0.0
26.2.2024 16:30,6.0
26.2.2024 16:45,18.0
26.2.2024 17:00,66.0
26.2.2024 17:15,102.0
26.2.2024 17:30,132.0
26.2.2024 17:45,150.0
26.2.2024 18:00,162.0
26.2.2024 18:15,168.0
26.2.2024 18:30,174.0
26.2.2024 18:45,168.0
26.2.2024 19:00,174.0
26.2.2024 19:15,174.0
26.2.2024 19:30,168.0
26.2.2024 19:45,168.0
26.2.2024 20:00,180.0
26.2.2024 20:15,168.0
26.2.2024 20:30,150.0
26.2.2024 20:45,156.0
26.2.2024 21:00,156.0
26.2.2024 21:15,156.0
26.2.2024 21:30,162.0
26.2.2024 21:45,162.0
26.2.2024 22:00,162.0
26.2.2024 22:15,168.0
26.2.2024 22:30,162.0
26.2.2024 22:45,162.0
26.2.2024 23:00,168.0
26.2.2024 23:15,168.0
26.2.2024 23:30,168.0
26.2.2024 23:45,168.0
27.2.2024 00:00,168.0
27.2.2024 00:15,162.0
27.2.2024 00:30,156.0
27.2.2024 00:45,150.0
27.2.2024 01:00,156.0
27.2.2024 01:15,150.0
27.2.2024 01:30,156.0
27.2.2024 01:45,144.0
27.2.2024 02:00,126.0
27.2.2024 02:15,126.0
27.2.2024 02:30,132.0
27.2.2024 02:45,126.0
27.2.2024 03:00,120.0
27.2.2024 03:15,120.0
27.2.2024 03:30,132.0
27.2.2024 03:45,120.0
27.2.2024 04:00,120.0
27.2.2024 04:15,120.0
27.2.2024 04:30,138.0
27.2.2024 04:45,144.0
27.2.2024 05:00,150.0
27.2.2024 05:15,156.0
27.2.2024 05:30,150.0
27.2.2024 05:45,150.0
27.2.2024 06:00,150.0
27.2.2024 06:15,156.0
27.2.2024 06:30,132.0
27.2.2024 06:45,120.0
27.2.2024 07:00,102.0
27.2.2024 07:15,54.0
27.2.2024 07:30,30.0
27.2.2024 07:45,0.0
27.2.2024 08:00,0.0
27.2.2024 08:15,6.0
27.2.2024 08:30,12.0
27.2.2024 08:45,12.0
27.2.2024 09:00,12.0
27.2.2024 09:15,6.0
27.2.2024 09:30,0.0
27.2.2024 09:45,0.0
27.2.2024 10:00,0.0
27.2.2024 10:15,0.0
27.2.2024 10:30,0.0
27.2.2024 10:45,0.0
27.2.2024 11:00,0.0
27.2.2024 11:15,0.0
27.2.2024 11:30,0.0
27.2.2024 11:45,0.0
27.2.2024 12:00,0.0
27.2.2024 12:15,0.0
27.2.2024 12:30,0.0
27.2.2024 12:45,0.0
27.2.2024 13:00,0.0
27.2.2024 13:15,0.0
27.2.2024 13:30,6.0
27.2.2024 13:45,0.0
27.2.2024 14:00,0.0
27.2.2024 14:15,0.0
27.2.2024 14:30,0.0
27.2.2024 14:45,0.0
27.2.2024 15:00,0.0
27.2.2024 15:15,0.0
27.2.2024 15:30,0.0
27.2.2024 15:45,6.0
27.2.2024 16:00,24.0
27.2.2024 16:15,60.0
27.2.2024 16:30,72.0
27.2.2024 16:45,48.0
27.2.2024 17:00,0.0
27.2.2024 17:15,18.0
27.2.2024 17:30,66.0
27.2.2024 17:45,108.0
27.2.2024 18:00,138.0
27.2.2024 18:15,156.0
27.2.2024 18:30,156.0
27.2.2024 18:45,156.0
27.2.2024 19:00,150.0
27.2.2024 19:15,150.0
27.2.2024 19:30,150.0
27.2.2024 19:45,138.0
27.2.2024 20:00,132.0
27.2.2024 20:15,150.0
27.2.2024 20:30,144.0
27.2.2024 20:45,144.0
27.2.2024 21:00,150.0
27.2.2024 21:15,150.0
27.2.2024 21:30,150.0
27.2.2024 21:45,156.0
27.2.2024 22:00,156.0
27.2.2024 22:15,132.0
27.2.2024 22:30,120.0
27.2.2024 22:45,126.0
27.2.2024 23:00,126.0
27.2.2024 23:15,132.0
27.2.2024 23:30,126.0
27.2.2024 23:45,120.0
28.2.2024 00:00,132.0
28.2.2024 00:15,126.0
28.2.2024 00:30,120.0
28.2.2024 00:45,120.0
28.2.2024 01:00,120.0
28.2.2024 01:15,120.0
28.2.2024 01:30,120.0
28.2.2024 01:45,108.0
28.2.2024 02:00,84.0
28.2.2024 02:15,90.0
28.2.2024 02:30,90.0
28.2.2024 02:45,96.0
28.2.2024 03:00,90.0
28.2.2024 03:15,84.0
28.2.2024 03:30,90.0
28.2.2024 03:45,96.0
28.2.2024 04:00,96.0
28.2.2024 04:15,96.0
28.2.2024 04:30,108.0
28.2.2024 04:45,108.0
28.2.2024 05:00,120.0
28.2.2024 05:15,114.0
28.2.2024 05:30,114.0
28.2.2024 05:45,120.0
28.2.2024 06:00,120.0
28.2.2024 06:15,114.0
28.2.2024 06:30,108.0
28.2.2024 06:45,96.0
28.2.2024 07:00,72.0
28.2.2024 07:15,18.0
28.2.2024 07:30,0.0
28.2.2024 07:45,0.0
28.2.2024 08:00,0.0
28.2.2024 08:15,12.0
28.2.2024 08:30,12.0
28.2.2024 08:45,18.0
28.2.2024 09:00,12.0
28.2.2024 09:15,6.0
28.2.2024 09:30,0.0
28.2.2024 09:45,6.0
28.2.2024 10:00,6.0
28.2.2024 10:15,12.0
28.2.2024 10:30,0.0
28.2.2024 10:45,0.0
28.2.2024 11:00,6.0
28.2.2024 11:15,12.0
28.2.2024 11:30,6.0
28.2.2024 11:45,6.0
28.2.2024 12:00,0.0
28.2.2024 12:15,0.0
28.2.2024 12:30,0.0
28.2.2024 12:45,0.0
28.2.2024 13:00,18.0
28.2.2024 13:15,6.0
28.2.2024 13:30,12.0
28.2.2024 13:45,6.0
28.2.2024 14:00,12.0
28.2.2024 14:15,12.0
28.2.2024 14:30,6.0
28.2.2024 14:45,0.0
28.2.2024 15:00,6.0
28.2.2024 15:15,12.0
28.2.2024 15:30,0.0
28.2.2024 15:45,0.0
28.2.2024 16:00,0.0
28.2.2024 16:15,0.0
28.2.2024 16:30,0.0
28.2.2024 16:45,0.0
28.2.2024 17:00,30.0
28.2.2024 17:15,66.0
28.2.2024 17:30,102.0
28.2.2024 17:45,126.0
28.2.2024 18:00,144.0
28.2.2024 18:15,150.0
28.2.2024 18:30,156.0
28.2.2024 18:45,150.0
28.2.2024 19:00,150.0
28.2.2024 19:15,150.0
28.2.2024 19:30,150.0
28.2.2024 19:45,144.0
28.2.2024 20:00,144.0
28.2.2024 20:15,150.0
28.2.2024 20:30,138.0
28.2.2024 20:45,138.0
28.2.2024 21:00,138.0
28.2.2024 21:15,138.0
28.2.2024 21:30,138.0
28.2.2024 21:45,150.0
28.2.2024 22:00,156.0
28.2.2024 22:15,156.0
28.2.2024 22:30,168.0
28.2.2024 22:45,156.0
28.2.2024 23:00,156.0
28.2.2024 23:15,162.0
28.2.2024 23:30,162.0
28.2.2024 23:45,156.0
29.2.2024 00:00,144.0
29.2.2024 00:15,150.0
29.2.2024 00:30,138.0
29.2.2024 00:45,132.0
29.2.2024 01:00,132.0
29.2.2024 01:15,132.0
29.2.2024 01:30,144.0
29.2.2024 01:45,120.0
29.2.2024 02:00,96.0
29.2.2024 02:15,96.0
29.2.2024 02:30,96.0
29.2.2024 02:45,102.0
29.2.2024 03:00,96.0
29.2.2024 03:15,96.0
29.2.2024 03:30,96.0
29.2.2024 03:45,102.0
29.2.2024 04:00,102.0
29.2.2024 04:15,90.0
29.2.2024 04:30,120.0
29.2.2024 04:45,138.0
29.2.2024 05:00,132.0
29.2.2024 05:15,132.0
29.2.2024 05:30,132.0
29.2.2024 05:45,138.0
29.2.2024 06:00,150.0
29.2.2024 06:15,144.0
29.2.2024 06:30,144.0
29.2.2024 06:45,120.0
29.2.2024 07:00,54.0
29.2.2024 07:15,60.0
29.2.2024 07:30,30.0
29.2.2024 07:45,6.0
29.2.2024 08:00,0.0
29.2.2024 08:15,12.0
29.2.2024 08:30,12.0
29.2.2024 08:45,12.0
29.2.2024 09:00,6.0
29.2.2024 09:15,6.0
29.2.2024 09:30,0.0
29.2.2024 09:45,0.0
29.2.2024 10:00,6.0
29.2.2024 10:15,6.0
29.2.2024 10:30,0.0
29.2.2024 10:45,0.0
29.2.2024 11:00,6.0
29.2.2024 11:15,6.0
29.2.2024 11:30,0.0
29.2.2024 11:45,0.0
29.2.2024 12:00,0.0
29.2.2024 12:15,0.0
29.2.2024 12:30,0.0
29.2.2024 12:45,0.0
29.2.2024 13:00,0.0
29.2.2024 13:15,6.0
29.2.2024 13:30,6.0
29.2.2024 13:45,0.0
29.2.2024 14:00,0.0
29.2.2024 14:15,0.0
29.2.2024 14:30,6.0
29.2.2024 14:45,0.0
29.2.2024 15:00,0.0
29.2.2024 15:15,0.0
29.2.2024 15:30,6.0
29.2.2024 15:45,0.0
29.2.2024 16:00,0.0
29.2.2024 16:15,6.0
29.2.2024 16:30,0.0
29.2.2024 16:45,0.0
29.2.2024 17:00,36.0
29.2.2024 17:15,72.0
29.2.2024 17:30,96.0
29.2.2024 17:45,126.0
29.2.2024 18:00,138.0
29.2.2024 18:15,156.0
29.2.2024 18:30,150.0
29.2.2024 18:45,150.0
29.2.2024 19:00,156.0
29.2.2024 19:15,144.0
29.2.2024 19:30,150.0
29.2.2024 19:45,144.0
29.2.2024 20:00,144.0
29.2.2024 20:15,150.0
29.2.2024 20:30,138.0
29.2.2024 20:45,138.0
29.2.2024 21:00,138.0
29.2.2024 21:15,132.0
29.2.2024 21:30,138.0
29.2.2024 21:45,144.0
29.2.2024 22:00,156.0
29.2.2024 22:15,156.0
29.2.2024 22:30,156.0
29.2.2024 22:45,162.0
29.2.2024 23:00,156.0
29.2.2024 23:15,156.0
29.2.2024 23:30,156.0
29.2.2024 23:45,156.0
1.3.2024 00:00,156.0
1.3.2024 00:15,156.0
1.3.2024 00:30,144.0
1.3.2024 00:45,138.0
1.3.2024 01:00,132.0
1.3.2024 01:15,132.0
1.3.2024 01:30,132.0
1.3.2024 01:45,114.0
1.3.2024 02:00,90.0
1.3.2024 02:15,90.0
1.3.2024 02:30,96.0
1.3.2024 02:45,90.0
1.3.2024 03:00,84.0
1.3.2024 03:15,84.0
1.3.2024 03:30,84.0
1.3.2024 03:45,84.0
1.3.2024 04:00,84.0
1.3.2024 04:15,84.0
1.3.2024 04:30,114.0
1.3.2024 04:45,126.0
1.3.2024 05:00,126.0
1.3.2024 05:15,126.0
1.3.2024 05:30,126.0
1.3.2024 05:45,132.0
1.3.2024 06:00,132.0
1.3.2024 06:15,126.0
1.3.2024 06:30,120.0
1.3.2024 06:45,102.0
1.3.2024 07:00,84.0
1.3.2024 07:15,54.0
1.3.2024 07:30,0.0
1.3.2024 07:45,0.0
1.3.2024 08:00,0.0
1.3.2024 08:15,6.0
1.3.2024 08:30,6.0
1.3.2024 08:45,18.0
1.3.2024 09:00,12.0
1.3.2024 09:15,6.0
1.3.2024 09:30,6.0
1.3.2024 09:45,6.0
1.3.2024 10:00,6.0
1.3.2024 10:15,0.0
1.3.2024 10:30,0.0
1.3.2024 10:45,0.0
1.3.2024 11:00,12.0
1.3.2024 11:15,6.0
1.3.2024 11:30,12.0
1.3.2024 11:45,6.0
1.3.2024 12:00,0.0
1.3.2024 12:15,0.0
1.3.2024 12:30,0.0
1.3.2024 12:45,0.0
1.3.2024 13:00,6.0
1.3.2024 13:15,6.0
1.3.2024 13:30,12.0
1.3.2024 13:45,6.0
1.3.2024 14:00,0.0
1.3.2024 14:15,6.0
1.3.2024 14:30,6.0
1.3.2024 14:45,0.0
1.3.2024 15:00,6.0
1.3.2024 15:15,6.0
1.3.2024 15:30,0.0
1.3.2024 15:45,6.0
1.3.2024 16:00,0.0
1.3.2024 16:15,6.0
1.3.2024 16:30,0.0
1.3.2024 16:45,0.0
1.3.2024 17:00,36.0
1.3.2024 17:15,72.0
1.3.2024 17:30,84.0
1.3.2024 17:45,114.0
1.3.2024 18:00,138.0
1.3.2024 18:15,156.0
1.3.2024 18:30,150.0
1.3.2024 18:45,144.0
1.3.2024 19:00,144.0
1.3.2024 19:15,144.0
1.3.2024 19:30,144.0
1.3.2024 19:45,144.0
1.3.2024 20:00,144.0
1.3.2024 20:15,144.0
1.3.2024 20:30,144.0
1.3.2024 20:45,138.0
1.3.2024 21:00,144.0
1.3.2024 21:15,144.0
1.3.2024 21:30,144.0
1.3.2024 21:45,150.0
1.3.2024 22:00,162.0
1.3.2024 22:15,162.0
1.3.2024 22:30,162.0
1.3.2024 22:45,162.0
1.3.2024 23:00,162.0
1.3.2024 23:15,162.0
1.3.2024 23:30,162.0
1.3.2024 23:45,162.0
2.3.2024 00:00,156.0
2.3.2024 00:15,150.0
2.3.2024 00:30,144.0
2.3.2024 00:45,132.0
2.3.2024 01:00,138.0
2.3.2024 01:15,138.0
2.3.2024 01:30,144.0
2.3.2024 01:45,120.0
2.3.2024 02:00,96.0
2.3.2024 02:15,96.0
2.3.2024 02:30,96.0
2.3.2024 02:45,102.0
2.3.2024 03:00,96.0
2.3.2024 03:15,90.0
2.3.2024 03:30,90.0
2.3.2024 03:45,90.0
2.3.2024 04:00,84.0
2.3.2024 04:15,84.0
2.3.2024 04:30,120.0
2.3.2024 04:45,132.0
2.3.2024 05:00,132.0
2.3.2024 05:15,132.0
2.3.2024 05:30,138.0
2.3.2024 05:45,132.0
2.3.2024 06:00,144.0
2.3.2024 06:15,144.0
2.3.2024 06:30,138.0
2.3.2024 06:45,120.0
2.3.2024 07:00,96.0
2.3.2024 07:15,66.0
2.3.2024 07:30,30.0
2.3.2024 07:45,12.0
2.3.2024 08:00,0.0
2.3.2024 08:15,12.0
2.3.2024 08:30,12.0
2.3.2024 08:45,12.0
2.3.2024 09:00,6.0
2.3.2024 09:15,12.0
2.3.2024 09:30,12.0
2.3.2024 09:45,12.0
2.3.2024 10:00,12.0
2.3.2024 10:15,6.0
2.3.2024 10:30,12.0
2.3.2024 10:45,18.0
2.3.2024 11:00,18.0
2.3.2024 11:15,12.0
2.3.2024 11:30,12.0
2.3.2024 11:45,6.0
2.3.2024 12:00,6.0
2.3.2024 12:15,6.0
2.3.2024 12:30,0.0
2.3.2024 12:45,0.0
2.3.2024 13:00,6.0
2.3.2024 13:15,6.0
2.3.2024 13:30,0.0
2.3.2024 13:45,0.0
2.3.2024 14:00,0.0
2.3.2024 14:15,6.0
2.3.2024 14:30,12.0
2.3.2024 14:45,6.0
2.3.2024 15:00,0.0
2.3.2024 15:15,12.0
2.3.2024 15:30,12.0
2.3.2024 15:45,6.0
2.3.2024 16:00,0.0
2.3.2024 16:15,6.0
2.3.2024 16:30,0.0
2.3.2024 16:45,0.0
2.3.2024 17:00,48.0
2.3.2024 17:15,60.0
2.3.2024 17:30,84.0
2.3.2024 17:45,120.0
2.3.2024 18:00,132.0
2.3.2024 18:15,144.0
2.3.2024 18:30,150.0
2.3.2024 18:45,150.0
2.3.2024 19:00,150.0
2.3.2024 19:15,150.0
2.3.2024 19:30,156.0
2.3.2024 19:45,156.0
2.3.2024 20:00,156.0
2.3.2024 20:15,186.0
2.3.2024 20:30,180.0
2.3.2024 20:45,174.0
2.3.2024 21:00,186.0
2.3.2024 21:15,174.0
2.3.2024 21:30,180.0
2.3.2024 21:45,180.0
2.3.2024 22:00,186.0
2.3.2024 22:15,204.0
2.3.2024 22:30,198.0
2.3.2024 22:45,192.0
2.3.2024 23:00,192.0
2.3.2024 23:15,186.0
2.3.2024 23:30,186.0
2.3.2024 23:45,168.0
3.3.2024 00:00,156.0
3.3.2024 00:15,168.0
3.3.2024 00:30,150.0
3.3.2024 00:45,144.0
3.3.2024 01:00,144.0
3.3.2024 01:15,168.0
3.3.2024 01:30,168.0
3.3.2024 01:45,186.0
3.3.2024 02:00,192.0
3.3.2024 02:15,192.0
3.3.2024 02:30,192.0
3.3.2024 02:45,192.0
3.3.2024 03:00,192.0
3.3.2024 03:15,186.0
3.3.2024 03:30,168.0
3.3.2024 03:45,174.0
3.3.2024 04:00,156.0
3.3.2024 04:15,156.0
3.3.2024 04:30,144.0
3.3.2024 04:45,144.0
3.3.2024 05:00,132.0
3.3.2024 05:15,132.0
3.3.2024 05:30,132.0
3.3.2024 05:45,138.0
3.3.2024 06:00,144.0
3.3.2024 06:15,144.0
3.3.2024 06:30,132.0
3.3.2024 06:45,126.0
3.3.2024 07:00,90.0
3.3.2024 07:15,48.0
3.3.2024 07:30,24.0
3.3.2024 07:45,6.0
3.3.2024 08:00,0.0
3.3.2024 08:15,0.0
3.3.2024 08:30,0.0
3.3.2024 08:45,12.0
3.3.2024 09:00,12.0
3.3.2024 09:15,0.0
3.3.2024 09:30,0.0
3.3.2024 09:45,0.0
3.3.2024 10:00,0.0
3.3.2024 10:15,0.0
3.3.2024 10:30,0.0
3.3.2024 10:45,0.0
3.3.2024 11:00,0.0
3.3.2024 11:15,0.0
3.3.2024 11:30,0.0
3.3.2024 11:45,0.0
3.3.2024 12:00,0.0
3.3.2024 12:15,0.0
3.3.2024 12:30,0.0
3.3.2024 12:45,0.0
3.3.2024 13:00,0.0
3.3.2024 13:15,0.0
3.3.2024 13:30,6.0
3.3.2024 13:45,6.0
3.3.2024 14:00,0.0
3.3.2024 14:15,12.0
3.3.2024 14:30,12.0
3.3.2024 14:45,0.0
3.3.2024 15:00,6.0
3.3.2024 15:15,0.0
3.3.2024 15:30,6.0
3.3.2024 15:45,0.0
3.3.2024 16:00,6.0
3.3.2024 16:15,6.0
3.3.2024 16:30,12.0
3.3.2024 16:45,42.0
3.3.2024 17:00,96.0
3.3.2024 17:15,78.0
3.3.2024 17:30,192.0
3.3.2024 17:45,150.0
3.3.2024 18:00,168.0
3.3.2024 18:15,174.0
3.3.2024 18:30,186.0
3.3.2024 18:45,210.0
3.3.2024 19:00,210.0
3.3.2024 19:15,576.0
3.3.2024 19:30,816.0
3.3.2024 19:45,846.0
3.3.2024 20:00,924.0
3.3.2024 20:15,1104.0
3.3.2024 20:30,1248.0
3.3.2024 20:45,1416.0
3.3.2024 21:00,1572.0
3.3.2024 21:15,1644.0
3.3.2024 21:30,1560.0
3.3.2024 21:45,1608.0
3.3.2024 22:00,1800.0
3.3.2024 22:15,1764.0
3.3.2024 22:30,1746.0
3.3.2024 22:45,1806.0
3.3.2024 23:00,1776.0
3.3.2024 23:15,1752.0
3.3.2024 23:30,1752.0
3.3.2024 23:45,1776.0
4.3.2024 00:00,1650.0
4.3.2024 00:15,1542.0
4.3.2024 00:30,1668.0
4.3.2024 00:45,1686.0
4.3.2024 01:00,1632.0
4.3.2024 01:15,1650.0
4.3.2024 01:30,1710.0
4.3.2024 01:45,1650.0
4.3.2024 02:00,1626.0
4.3.2024 02:15,1530.0
4.3.2024 02:30,1494.0
4.3.2024 02:45,1464.0
4.3.2024 03:00,1200.0
4.3.2024 03:15,1344.0
4.3.2024 03:30,1434.0
4.3.2024 03:45,1470.0
4.3.2024 04:00,1356.0
4.3.2024 04:15,1356.0
4.3.2024 04:30,1656.0
4.3.2024 04:45,1728.0
4.3.2024 05:00,1674.0
4.3.2024 05:15,1692.0
4.3.2024 05:30,1194.0
4.3.2024 05:45,1518.0
4.3.2024 06:00,1620.0
4.3.2024 06:15,1680.0
4.3.2024 06:30,1656.0
4.3.2024 06:45,1668.0
4.3.2024 07:00,1650.0
4.3.2024 07:15,1548.0
4.3.2024 07:30,1446.0
4.3.2024 07:45,1500.0
4.3.2024 08:00,1494.0
4.3.2024 08:15,1314.0
4.3.2024 08:30,1344.0
4.3.2024 08:45,1416.0
4.3.2024 09:00,1332.0
4.3.2024 09:15,1320.0
4.3.2024 09:30,1152.0
4.3.2024 09:45,1188.0
4.3.2024 10:00,936.0
4.3.2024 10:15,1020.0
4.3.2024 10:30,852.0
4.3.2024 10:45,1104.0
4.3.2024 11:00,960.0
4.3.2024 11:15,1068.0
4.3.2024 11:30,1140.0
4.3.2024 11:45,1128.0
4.3.2024 12:00,984.0
4.3.2024 12:15,1086.0
4.3.2024 12:30,1038.0
4.3.2024 12:45,720.0
4.3.2024 13:00,750.0
4.3.2024 13:15,780.0
4.3.2024 13:30,756.0
4.3.2024 13:45,990.0
4.3.2024 14:00,1530.0
4.3.2024 14:15,1512.0
4.3.2024 14:30,1356.0
4.3.2024 14:45,1194.0
4.3.2024 15:00,1146.0
4.3.2024 15:15,1500.0
4.3.2024 15:30,1644.0
4.3.2024 15:45,1536.0
4.3.2024 16:00,1590.0
4.3.2024 16:15,1692.0
4.3.2024 16:30,1710.0
4.3.2024 16:45,1740.0
4.3.2024 17:00,1734.0
4.3.2024 17:15,1740.0
4.3.2024 17:30,1656.0
4.3.2024 17:45,1740.0
4.3.2024 18:00,1518.0
4.3.2024 18:15,1824.0
4.3.2024 18:30,1962.0
4.3.2024 18:45,1878.0
4.3.2024 19:00,1908.0
4.3.2024 19:15,1896.0
4.3.2024 19:30,1896.0
4.3.2024 19:45,1770.0
4.3.2024 20:00,1806.0
4.3.2024 20:15,1896.0
4.3.2024 20:30,1830.0
4.3.2024 20:45,1716.0
4.3.2024 21:00,1824.0
4.3.2024 21:15,1764.0
4.3.2024 21:30,1674.0
4.3.2024 21:45,1710.0
4.3.2024 22:00,1728.0
4.3.2024 22:15,1626.0
4.3.2024 22:30,1794.0
4.3.2024 22:45,1932.0
4.3.2024 23:00,1908.0
4.3.2024 23:15,1896.0
4.3.2024 23:30,1920.0
4.3.2024 23:45,1776.0
5.3.2024 00:00,1770.0
5.3.2024 00:15,1734.0
5.3.2024 00:30,1710.0
5.3.2024 00:45,1866.0
5.3.2024 01:00,1488.0
5.3.2024 01:15,1338.0
5.3.2024 01:30,1596.0
5.3.2024 01:45,1890.0
5.3.2024 02:00,1860.0
5.3.2024 02:15,1848.0
5.3.2024 02:30,1776.0
5.3.2024 02:45,1758.0
5.3.2024 03:00,1818.0
5.3.2024 03:15,1854.0
5.3.2024 03:30,1812.0
5.3.2024 03:45,1884.0
5.3.2024 04:00,1872.0
5.3.2024 04:15,1746.0
5.3.2024 04:30,1782.0
5.3.2024 04:45,1458.0
5.3.2024 05:00,1278.0
5.3.2024 05:15,1296.0
5.3.2024 05:30,1716.0
5.3.2024 05:45,1638.0
5.3.2024 06:00,1884.0
5.3.2024 06:15,1884.0
5.3.2024 06:30,1734.0
5.3.2024 06:45,1800.0
5.3.2024 07:00,1644.0
5.3.2024 07:15,1662.0
5.3.2024 07:30,1530.0
5.3.2024 07:45,1554.0
5.3.2024 08:00,1368.0
5.3.2024 08:15,1434.0
5.3.2024 08:30,1290.0
5.3.2024 08:45,1356.0
5.3.2024 09:00,1308.0
5.3.2024 09:15,1242.0
5.3.2024 09:30,1092.0
5.3.2024 09:45,1200.0
5.3.2024 10:00,1122.0
5.3.2024 10:15,888.0
5.3.2024 10:30,924.0
5.3.2024 10:45,924.0
5.3.2024 11:00,1116.0
5.3.2024 11:15,918.0
5.3.2024 11:30,978.0
5.3.2024 11:45,936.0
5.3.2024 12:00,708.0
5.3.2024 12:15,660.0
5.3.2024 12:30,768.0
5.3.2024 12:45,570.0
5.3.2024 13:00,492.0
5.3.2024 13:15,162.0
5.3.2024 13:30,264.0
5.3.2024 13:45,450.0
5.3.2024 14:00,708.0
5.3.2024 14:15,1134.0
5.3.2024 14:30,1176.0
5.3.2024 14:45,1146.0
5.3.2024 15:00,1212.0
5.3.2024 15:15,1446.0
5.3.2024 15:30,1200.0
5.3.2024 15:45,1164.0
5.3.2024 16:00,1182.0
5.3.2024 16:15,1320.0
5.3.2024 16:30,1242.0
5.3.2024 16:45,1464.0
5.3.2024 17:00,1644.0
5.3.2024 17:15,1740.0
5.3.2024 17:30,1740.0
5.3.2024 17:45,1746.0
5.3.2024 18:00,1878.0
5.3.2024 18:15,1836.0
5.3.2024 18:30,1860.0
5.3.2024 18:45,1860.0
5.3.2024 19:00,1788.0
5.3.2024 19:15,1890.0
5.3.2024 19:30,1800.0
5.3.2024 19:45,1734.0
5.3.2024 20:00,1164.0
5.3.2024 20:15,888.0
5.3.2024 20:30,756.0
5.3.2024 20:45,918.0
5.3.2024 21:00,1404.0
5.3.2024 21:15,1512.0
5.3.2024 21:30,1518.0
5.3.2024 21:45,1530.0
5.3.2024 22:00,1638.0
5.3.2024 22:15,1746.0
5.3.2024 22:30,1800.0
5.3.2024 22:45,1722.0
5.3.2024 23:00,1836.0
5.3.2024 23:15,1806.0
5.3.2024 23:30,1908.0
5.3.2024 23:45,1788.0
6.3.2024 00:00,1782.0
6.3.2024 00:15,1818.0
6.3.2024 00:30,1830.0
6.3.2024 00:45,1830.0
6.3.2024 01:00,1788.0
6.3.2024 01:15,1686.0
6.3.2024 01:30,1770.0
6.3.2024 01:45,1704.0
6.3.2024 02:00,1590.0
6.3.2024 02:15,1056.0
6.3.2024 02:30,864.0
6.3.2024 02:45,738.0
6.3.2024 03:00,672.0
6.3.2024 03:15,678.0
6.3.2024 03:30,672.0
6.3.2024 03:45,660.0
6.3.2024 04:00,540.0
6.3.2024 04:15,432.0
6.3.2024 04:30,384.0
6.3.2024 04:45,348.0
6.3.2024 05:00,288.0
6.3.2024 05:15,324.0
6.3.2024 05:30,510.0
6.3.2024 05:45,576.0
6.3.2024 06:00,576.0
6.3.2024 06:15,576.0
6.3.2024 06:30,552.0
6.3.2024 06:45,528.0
6.3.2024 07:00,474.0
6.3.2024 07:15,420.0
6.3.2024 07:30,204.0
6.3.2024 07:45,24.0
6.3.2024 08:00,6.0
6.3.2024 08:15,12.0
6.3.2024 08:30,12.0
6.3.2024 08:45,12.0
6.3.2024 09:00,0.0
6.3.2024 09:15,12.0
6.3.2024 09:30,12.0
6.3.2024 09:45,12.0
6.3.2024 10:00,12.0
6.3.2024 10:15,12.0
6.3.2024 10:30,12.0
6.3.2024 10:45,12.0
6.3.2024 11:00,24.0
6.3.2024 11:15,24.0
6.3.2024 11:30,90.0
6.3.2024 11:45,384.0
6.3.2024 12:00,516.0
6.3.2024 12:15,840.0
6.3.2024 12:30,654.0
6.3.2024 12:45,1020.0
6.3.2024 13:00,912.0
6.3.2024 13:15,978.0
6.3.2024 13:30,858.0
6.3.2024 13:45,816.0
6.3.2024 14:00,768.0
6.3.2024 14:15,636.0
6.3.2024 14:30,732.0
6.3.2024 14:45,756.0
6.3.2024 15:00,1122.0
6.3.2024 15:15,1194.0
6.3.2024 15:30,1272.0
6.3.2024 15:45,1374.0
6.3.2024 16:00,1416.0
6.3.2024 16:15,1416.0
6.3.2024 16:30,1536.0
6.3.2024 16:45,1560.0
6.3.2024 17:00,1344.0
6.3.2024 17:15,1662.0
6.3.2024 17:30,1818.0
6.3.2024 17:45,1944.0
6.3.2024 18:00,1884.0
6.3.2024 18:15,1860.0
6.3.2024 18:30,1722.0
6.3.2024 18:45,1746.0
6.3.2024 19:00,1680.0
6.3.2024 19:15,1986.0
6.3.2024 19:30,1854.0
6.3.2024 19:45,1806.0
6.3.2024 20:00,1686.0
6.3.2024 20:15,1890.0
6.3.2024 20:30,1980.0
6.3.2024 20:45,1902.0
6.3.2024 21:00,1878.0
6.3.2024 21:15,1902.0
6.3.2024 21:30,1854.0
6.3.2024 21:45,1758.0
6.3.2024 22:00,1770.0
6.3.2024 22:15,1776.0
6.3.2024 22:30,1824.0
6.3.2024 22:45,1794.0
6.3.2024 23:00,1818.0
6.3.2024 23:15,1788.0
6.3.2024 23:30,1788.0
6.3.2024 23:45,1602.0
7.3.2024 00:00,1794.0
7.3.2024 00:15,1746.0
7.3.2024 00:30,1614.0
7.3.2024 00:45,1668.0
7.3.2024 01:00,1608.0
7.3.2024 01:15,1638.0
7.3.2024 01:30,1704.0
7.3.2024 01:45,1626.0
7.3.2024 02:00,1626.0
7.3.2024 02:15,1734.0
7.3.2024 02:30,1578.0
7.3.2024 02:45,1566.0
7.3.2024 03:00,1656.0
7.3.2024 03:15,1728.0
7.3.2024 03:30,1668.0
7.3.2024 03:45,1602.0
7.3.2024 04:00,1602.0
7.3.2024 04:15,1596.0
7.3.2024 04:30,1530.0
7.3.2024 04:45,1422.0
7.3.2024 05:00,1302.0
7.3.2024 05:15,930.0
7.3.2024 05:30,990.0
7.3.2024 05:45,1344.0
7.3.2024 06:00,1254.0
7.3.2024 06:15,810.0
7.3.2024 06:30,564.0
7.3.2024 06:45,384.0
7.3.2024 07:00,636.0
7.3.2024 07:15,486.0
7.3.2024 07:30,108.0
7.3.2024 07:45,60.0
7.3.2024 08:00,18.0
7.3.2024 08:15,12.0
7.3.2024 08:30,12.0
7.3.2024 08:45,468.0
7.3.2024 09:00,780.0
7.3.2024 09:15,558.0
7.3.2024 09:30,942.0
7.3.2024 09:45,1122.0
7.3.2024 10:00,1134.0
7.3.2024 10:15,1074.0
7.3.2024 10:30,540.0
7.3.2024 10:45,1062.0
7.3.2024 11:00,870.0
7.3.2024 11:15,798.0
7.3.2024 11:30,858.0
7.3.2024 11:45,852.0
7.3.2024 12:00,492.0
7.3.2024 12:15,342.0
7.3.2024 12:30,684.0
7.3.2024 12:45,1308.0
7.3.2024 13:00,1038.0
7.3.2024 13:15,1104.0
7.3.2024 13:30,1140.0
7.3.2024 13:45,876.0
7.3.2024 14:00,984.0
7.3.2024 14:15,1020.0
7.3.2024 14:30,1140.0
7.3.2024 14:45,1332.0
7.3.2024 15:00,1296.0
7.3.2024 15:15,1506.0
7.3.2024 15:30,1392.0
7.3.2024 15:45,1356.0
7.3.2024 16:00,1380.0
7.3.2024 16:15,1272.0
7.3.2024 16:30,1242.0
7.3.2024 16:45,1386.0
7.3.2024 17:00,1566.0
7.3.2024 17:15,1680.0
7.3.2024 17:30,1776.0
7.3.2024 17:45,1740.0
7.3.2024 18:00,1842.0
7.3.2024 18:15,1740.0
7.3.2024 18:30,1782.0
7.3.2024 18:45,1674.0
7.3.2024 19:00,1758.0
7.3.2024 19:15,1740.0
7.3.2024 19:30,1698.0
7.3.2024 19:45,1752.0
7.3.2024 20:00,1584.0
7.3.2024 20:15,1380.0
7.3.2024 20:30,1410.0
7.3.2024 20:45,1368.0
7.3.2024 21:00,1656.0
7.3.2024 21:15,1872.0
7.3.2024 21:30,1638.0
7.3.2024 21:45,1404.0
7.3.2024 22:00,1260.0
7.3.2024 22:15,1296.0
7.3.2024 22:30,1266.0
7.3.2024 22:45,1236.0
7.3.2024 23:00,1206.0
7.3.2024 23:15,1308.0
7.3.2024 23:30,1332.0
7.3.2024 23:45,1362.0
8.3.2024 00:00,1728.0
8.3.2024 00:15,1812.0
8.3.2024 00:30,1836.0
8.3.2024 00:45,1824.0
8.3.2024 01:00,1710.0
8.3.2024 01:15,1812.0
8.3.2024 01:30,1836.0
8.3.2024 01:45,1836.0
8.3.2024 02:00,1746.0
8.3.2024 02:15,1776.0
8.3.2024 02:30,1830.0
8.3.2024 02:45,1818.0
8.3.2024 03:00,1782.0
8.3.2024 03:15,1770.0
8.3.2024 03:30,1728.0
8.3.2024 03:45,1734.0
8.3.2024 04:00,1716.0
8.3.2024 04:15,1716.0
8.3.2024 04:30,1704.0
8.3.2024 04:45,1716.0
8.3.2024 05:00,1758.0
8.3.2024 05:15,1794.0
8.3.2024 05:30,1812.0
8.3.2024 05:45,1668.0
8.3.2024 06:00,1776.0
8.3.2024 06:15,1722.0
8.3.2024 06:30,1650.0
8.3.2024 06:45,1782.0
8.3.2024 07:00,1758.0
8.3.2024 07:15,1668.0
8.3.2024 07:30,1620.0
8.3.2024 07:45,1242.0
8.3.2024 08:00,1182.0
8.3.2024 08:15,1344.0
8.3.2024 08:30,1236.0
8.3.2024 08:45,1200.0
8.3.2024 09:00,1200.0
8.3.2024 09:15,1164.0
8.3.2024 09:30,1146.0
8.3.2024 09:45,1266.0
8.3.2024 10:00,1176.0
8.3.2024 10:15,1230.0
8.3.2024 10:30,1218.0
8.3.2024 10:45,1374.0
8.3.2024 11:00,1284.0
8.3.2024 11:15,1398.0
8.3.2024 11:30,1224.0
8.3.2024 11:45,1122.0
8.3.2024 12:00,972.0
8.3.2024 12:15,756.0
8.3.2024 12:30,954.0
8.3.2024 12:45,810.0
8.3.2024 13:00,756.0
8.3.2024 13:15,588.0
8.3.2024 13:30,1092.0
8.3.2024 13:45,960.0
8.3.2024 14:00,1080.0
8.3.2024 14:15,1032.0
8.3.2024 14:30,876.0
8.3.2024 14:45,1074.0
8.3.2024 15:00,1296.0
8.3.2024 15:15,1092.0
8.3.2024 15:30,1398.0
8.3.2024 15:45,1356.0
8.3.2024 16:00,1380.0
8.3.2024 16:15,1374.0
8.3.2024 16:30,1296.0
8.3.2024 16:45,1596.0
8.3.2024 17:00,1734.0
8.3.2024 17:15,1752.0
8.3.2024 17:30,1638.0
8.3.2024 17:45,1680.0
8.3.2024 18:00,1812.0
8.3.2024 18:15,1830.0
8.3.2024 18:30,1752.0
8.3.2024 18:45,1818.0
8.3.2024 19:00,1746.0
8.3.2024 19:15,1776.0
8.3.2024 19:30,1728.0
8.3.2024 19:45,1818.0
8.3.2024 20:00,1728.0
8.3.2024 20:15,1704.0
8.3.2024 20:30,1674.0
8.3.2024 20:45,1788.0
8.3.2024 21:00,1818.0
8.3.2024 21:15,1872.0
8.3.2024 21:30,1914.0
8.3.2024 21:45,1782.0
8.3.2024 22:00,1866.0
8.3.2024 22:15,1788.0
8.3.2024 22:30,1782.0
8.3.2024 22:45,1788.0
8.3.2024 23:00,1902.0
8.3.2024 23:15,1716.0
8.3.2024 23:30,1818.0
8.3.2024 23:45,1914.0
9.3.2024 00:00,1812.0
9.3.2024 00:15,1818.0
9.3.2024 00:30,1854.0
9.3.2024 00:45,1698.0
9.3.2024 01:00,1728.0
9.3.2024 01:15,1686.0
9.3.2024 01:30,1824.0
9.3.2024 01:45,1782.0
9.3.2024 02:00,1776.0
9.3.2024 02:15,1806.0
9.3.2024 02:30,1872.0
9.3.2024 02:45,1770.0
9.3.2024 03:00,1830.0
9.3.2024 03:15,1944.0
9.3.2024 03:30,1884.0
9.3.2024 03:45,1728.0
9.3.2024 04:00,1704.0
9.3.2024 04:15,1866.0
9.3.2024 04:30,1848.0
9.3.2024 04:45,1806.0
9.3.2024 05:00,1644.0
9.3.2024 05:15,1680.0
9.3.2024 05:30,1632.0
9.3.2024 05:45,1752.0
9.3.2024 06:00,1752.0
9.3.2024 06:15,1680.0
9.3.2024 06:30,1476.0
9.3.2024 06:45,1392.0
9.3.2024 07:00,1242.0
9.3.2024 07:15,1104.0
9.3.2024 07:30,1026.0
9.3.2024 07:45,948.0
9.3.2024 08:00,828.0
9.3.2024 08:15,732.0
9.3.2024 08:30,882.0
9.3.2024 08:45,738.0
9.3.2024 09:00,1002.0
9.3.2024 09:15,1218.0
9.3.2024 09:30,1302.0
9.3.2024 09:45,1476.0
9.3.2024 10:00,1296.0
9.3.2024 10:15,1248.0
9.3.2024 10:30,1200.0
9.3.2024 10:45,1044.0
9.3.2024 11:00,1026.0
9.3.2024 11:15,1488.0
9.3.2024 11:30,1500.0
9.3.2024 11:45,1320.0
9.3.2024 12:00,1362.0
9.3.2024 12:15,1404.0
9.3.2024 12:30,1236.0
9.3.2024 12:45,1296.0
9.3.2024 13:00,1524.0
9.3.2024 13:15,684.0
9.3.2024 13:30,636.0
9.3.2024 13:45,324.0
9.3.2024 14:00,1284.0
9.3.2024 14:15,1908.0
9.3.2024 14:30,1794.0
9.3.2024 14:45,1620.0
9.3.2024 15:00,1740.0
9.3.2024 15:15,1800.0
9.3.2024 15:30,1704.0
9.3.2024 15:45,1614.0
9.3.2024 16:00,1716.0
9.3.2024 16:15,1746.0
9.3.2024 16:30,1596.0
9.3.2024 16:45,1596.0
9.3.2024 17:00,1782.0
9.3.2024 17:15,1740.0
9.3.2024 17:30,1584.0
9.3.2024 17:45,1818.0
9.3.2024 18:00,1776.0
9.3.2024 18:15,1824.0
9.3.2024 18:30,1566.0
9.3.2024 18:45,1800.0
9.3.2024 19:00,1824.0
9.3.2024 19:15,1740.0
9.3.2024 19:30,1710.0
9.3.2024 19:45,1716.0
9.3.2024 20:00,1602.0
9.3.2024 20:15,1668.0
9.3.2024 20:30,1674.0
9.3.2024 20:45,1800.0
9.3.2024 21:00,1830.0
9.3.2024 21:15,1686.0
9.3.2024 21:30,1782.0
9.3.2024 21:45,1734.0
9.3.2024 22:00,1536.0
9.3.2024 22:15,1410.0
9.3.2024 22:30,1410.0
9.3.2024 22:45,1734.0
9.3.2024 23:00,1680.0
9.3.2024 23:15,1674.0
9.3.2024 23:30,1680.0
9.3.2024 23:45,1716.0
10.3.2024 00:00,1674.0
10.3.2024 00:15,1698.0
10.3.2024 00:30,1662.0
10.3.2024 00:45,1686.0
10.3.2024 01:00,1602.0
10.3.2024 01:15,1632.0
10.3.2024 01:30,1602.0
10.3.2024 01:45,1614.0
10.3.2024 02:00,1644.0
10.3.2024 02:15,1680.0
10.3.2024 02:30,1668.0
10.3.2024 02:45,1710.0
10.3.2024 03:00,1704.0
10.3.2024 03:15,1710.0
10.3.2024 03:30,1698.0
10.3.2024 03:45,1632.0
10.3.2024 04:00,1758.0
10.3.2024 04:15,1800.0
10.3.2024 04:30,1728.0
10.3.2024 04:45,1668.0
10.3.2024 05:00,1614.0
10.3.2024 05:15,1734.0
10.3.2024 05:30,1674.0
10.3.2024 05:45,1644.0
10.3.2024 06:00,1542.0
10.3.2024 06:15,1590.0
10.3.2024 06:30,1650.0
10.3.2024 06:45,1644.0
10.3.2024 07:00,1590.0
10.3.2024 07:15,1626.0
10.3.2024 07:30,1650.0
10.3.2024 07:45,1446.0
10.3.2024 08:00,1206.0
10.3.2024 08:15,1200.0
10.3.2024 08:30,1272.0
10.3.2024 08:45,1278.0
10.3.2024 09:00,1356.0
10.3.2024 09:15,1470.0
10.3.2024 09:30,1536.0
10.3.2024 09:45,1596.0
10.3.2024 10:00,1452.0
10.3.2024 10:15,1200.0
10.3.2024 10:30,1170.0
10.3.2024 10:45,1170.0
10.3.2024 11:00,1236.0
10.3.2024 11:15,1356.0
10.3.2024 11:30,1152.0
10.3.2024 11:45,1008.0
10.3.2024 12:00,834.0
10.3.2024 12:15,606.0
10.3.2024 12:30,552.0
10.3.2024 12:45,738.0
10.3.2024 13:00,1140.0
10.3.2024 13:15,996.0
10.3.2024 13:30,954.0
10.3.2024 13:45,858.0
10.3.2024 14:00,978.0
10.3.2024 14:15,1020.0
10.3.2024 14:30,1080.0
10.3.2024 14:45,1158.0
10.3.2024 15:00,1086.0
10.3.2024 15:15,1194.0
10.3.2024 15:30,1260.0
10.3.2024 15:45,1356.0
10.3.2024 16:00,1116.0
10.3.2024 16:15,1284.0
10.3.2024 16:30,1464.0
10.3.2024 16:45,1452.0
10.3.2024 17:00,1404.0
10.3.2024 17:15,1434.0
10.3.2024 17:30,1500.0
10.3.2024 17:45,1536.0
10.3.2024 18:00,1614.0
10.3.2024 18:15,1656.0
10.3.2024 18:30,1800.0
10.3.2024 18:45,1734.0
10.3.2024 19:00,1812.0
10.3.2024 19:15,1734.0
10.3.2024 19:30,1752.0
10.3.2024 19:45,1800.0
10.3.2024 20:00,1698.0
10.3.2024 20:15,1716.0
10.3.2024 20:30,1668.0
10.3.2024 20:45,1644.0
10.3.2024 21:00,1638.0
10.3.2024 21:15,1638.0
10.3.2024 21:30,1656.0
10.3.2024 21:45,1644.0
10.3.2024 22:00,1632.0
10.3.2024 22:15,1566.0
10.3.2024 22:30,1572.0
10.3.2024 22:45,1632.0
10.3.2024 23:00,1518.0
10.3.2024 23:15,1500.0
10.3.2024 23:30,1608.0
10.3.2024 23:45,1674.0
11.3.2024 00:00,1650.0
11.3.2024 00:15,1656.0
11.3.2024 00:30,1674.0
11.3.2024 00:45,1674.0
11.3.2024 01:00,1638.0
11.3.2024 01:15,1674.0
11.3.2024 01:30,1644.0
11.3.2024 01:45,1596.0
11.3.2024 02:00,1614.0
11.3.2024 02:15,1650.0
11.3.2024 02:30,1572.0
11.3.2024 02:45,1518.0
11.3.2024 03:00,1494.0
11.3.2024 03:15,1584.0
11.3.2024 03:30,1572.0
11.3.2024 03:45,1542.0
11.3.2024 04:00,1392.0
11.3.2024 04:15,1212.0
11.3.2024 04:30,1488.0
11.3.2024 04:45,1656.0
11.3.2024 05:00,1626.0
11.3.2024 05:15,1572.0
11.3.2024 05:30,1614.0
11.3.2024 05:45,1620.0
11.3.2024 06:00,1602.0
11.3.2024 06:15,1704.0
11.3.2024 06:30,1530.0
11.3.2024 06:45,1356.0
11.3.2024 07:00,1248.0
11.3.2024 07:15,1152.0
11.3.2024 07:30,1320.0
11.3.2024 07:45,1296.0
11.3.2024 08:00,1248.0
11.3.2024 08:15,1224.0
11.3.2024 08:30,1314.0
11.3.2024 08:45,1440.0
11.3.2024 09:00,1476.0
11.3.2024 09:15,1518.0
11.3.2024 09:30,1494.0
11.3.2024 09:45,1350.0
11.3.2024 10:00,1476.0
11.3.2024 10:15,1182.0
11.3.2024 10:30,1146.0
11.3.2024 10:45,1626.0
11.3.2024 11:00,1500.0
11.3.2024 11:15,1452.0
11.3.2024 11:30,1452.0
11.3.2024 11:45,1320.0
11.3.2024 12:00,1260.0
11.3.2024 12:15,1200.0
11.3.2024 12:30,1170.0
11.3.2024 12:45,1374.0
11.3.2024 13:00,1284.0
11.3.2024 13:15,1290.0
11.3.2024 13:30,1422.0
11.3.2024 13:45,1488.0
11.3.2024 14:00,1560.0
11.3.2024 14:15,1320.0
11.3.2024 14:30,1152.0
11.3.2024 14:45,1314.0
11.3.2024 15:00,1368.0
11.3.2024 15:15,1296.0
11.3.2024 15:30,1128.0
11.3.2024 15:45,1110.0
11.3.2024 16:00,1146.0
11.3.2024 16:15,1020.0
11.3.2024 16:30,780.0
11.3.2024 16:45,816.0
11.3.2024 17:00,1128.0
11.3.2024 17:15,1272.0
11.3.2024 17:30,1206.0
11.3.2024 17:45,1350.0
11.3.2024 18:00,1230.0
11.3.2024 18:15,1320.0
11.3.2024 18:30,1452.0
11.3.2024 18:45,1554.0
11.3.2024 19:00,1824.0
11.3.2024 19:15,1704.0
11.3.2024 19:30,1632.0
11.3.2024 19:45,1482.0
11.3.2024 20:00,1560.0
11.3.2024 20:15,1368.0
11.3.2024 20:30,1446.0
11.3.2024 20:45,1416.0
11.3.2024 21:00,1410.0
11.3.2024 21:15,1518.0
11.3.2024 21:30,1674.0
11.3.2024 21:45,1632.0
11.3.2024 22:00,1560.0
11.3.2024 22:15,1734.0
11.3.2024 22:30,1674.0
11.3.2024 22:45,1698.0
11.3.2024 23:00,1770.0
11.3.2024 23:15,1764.0
11.3.2024 23:30,1740.0
11.3.2024 23:45,1698.0
12.3.2024 00:00,1830.0
12.3.2024 00:15,1788.0
12.3.2024 00:30,1764.0
12.3.2024 00:45,1686.0
12.3.2024 01:00,1710.0
12.3.2024 01:15,1746.0
12.3.2024 01:30,1746.0
12.3.2024 01:45,1794.0
12.3.2024 02:00,1722.0
12.3.2024 02:15,1728.0
12.3.2024 02:30,1824.0
12.3.2024 02:45,1794.0
12.3.2024 03:00,1764.0
12.3.2024 03:15,1566.0
12.3.2024 03:30,1788.0
12.3.2024 03:45,1842.0
12.3.2024 04:00,1818.0
12.3.2024 04:15,1800.0
12.3.2024 04:30,1698.0
12.3.2024 04:45,1656.0
12.3.2024 05:00,1518.0
12.3.2024 05:15,1638.0
12.3.2024 05:30,1728.0
12.3.2024 05:45,1662.0
12.3.2024 06:00,1536.0
12.3.2024 06:15,1476.0
12.3.2024 06:30,1170.0
12.3.2024 06:45,870.0
12.3.2024 07:00,834.0
12.3.2024 07:15,786.0
12.3.2024 07:30,750.0
12.3.2024 07:45,600.0
12.3.2024 08:00,612.0
12.3.2024 08:15,588.0
12.3.2024 08:30,516.0
12.3.2024 08:45,60.0
12.3.2024 09:00,12.0
12.3.2024 09:15,6.0
12.3.2024 09:30,0.0
12.3.2024 09:45,6.0
12.3.2024 10:00,6.0
12.3.2024 10:15,0.0
12.3.2024 10:30,0.0
12.3.2024 10:45,0.0
12.3.2024 11:00,0.0
12.3.2024 11:15,6.0
12.3.2024 11:30,0.0
12.3.2024 11:45,0.0
12.3.2024 12:00,0.0
12.3.2024 12:15,0.0
12.3.2024 12:30,0.0
12.3.2024 12:45,0.0
12.3.2024 13:00,0.0
12.3.2024 13:15,0.0
12.3.2024 13:30,6.0
12.3.2024 13:45,6.0
12.3.2024 14:00,6.0
12.3.2024 14:15,6.0
12.3.2024 14:30,6.0
12.3.2024 14:45,0.0
12.3.2024 15:00,0.0
12.3.2024 15:15,6.0
12.3.2024 15:30,0.0
12.3.2024 15:45,0.0
12.3.2024 16:00,0.0
12.3.2024 16:15,0.0
12.3.2024 16:30,0.0
12.3.2024 16:45,12.0
12.3.2024 17:00,18.0
12.3.2024 17:15,36.0
12.3.2024 17:30,102.0
12.3.2024 17:45,132.0
12.3.2024 18:00,144.0
12.3.2024 18:15,144.0
12.3.2024 18:30,144.0
12.3.2024 18:45,144.0
12.3.2024 19:00,144.0
12.3.2024 19:15,150.0
12.3.2024 19:30,144.0
12.3.2024 19:45,150.0
12.3.2024 20:00,144.0
12.3.2024 20:15,144.0
12.3.2024 20:30,126.0
12.3.2024 20:45,108.0
12.3.2024 21:00,108.0
12.3.2024 21:15,114.0
12.3.2024 21:30,114.0
12.3.2024 21:45,108.0
12.3.2024 22:00,114.0
12.3.2024 22:15,120.0
12.3.2024 22:30,114.0
12.3.2024 22:45,114.0
12.3.2024 23:00,114.0
12.3.2024 23:15,114.0
12.3.2024 23:30,114.0
12.3.2024 23:45,120.0
13.3.2024 00:00,114.0
13.3.2024 00:15,120.0
13.3.2024 00:30,120.0
13.3.2024 00:45,114.0
13.3.2024 01:00,120.0
13.3.2024 01:15,120.0
13.3.2024 01:30,120.0
13.3.2024 01:45,120.0
13.3.2024 02:00,120.0
13.3.2024 02:15,120.0
13.3.2024 02:30,126.0
13.3.2024 02:45,126.0
13.3.2024 03:00,120.0
13.3.2024 03:15,120.0
13.3.2024 03:30,126.0
13.3.2024 03:45,120.0
13.3.2024 04:00,126.0
13.3.2024 04:15,120.0
13.3.2024 04:30,120.0
13.3.2024 04:45,114.0
13.3.2024 05:00,114.0
13.3.2024 05:15,108.0
13.3.2024 05:30,114.0
13.3.2024 05:45,114.0
13.3.2024 06:00,108.0
13.3.2024 06:15,108.0
13.3.2024 06:30,96.0
13.3.2024 06:45,84.0
13.3.2024 07:00,36.0
13.3.2024 07:15,0.0
13.3.2024 07:30,0.0
13.3.2024 07:45,0.0
13.3.2024 08:00,12.0
13.3.2024 08:15,12.0
13.3.2024 08:30,18.0
13.3.2024 08:45,18.0
13.3.2024 09:00,18.0
13.3.2024 09:15,12.0
13.3.2024 09:30,18.0
13.3.2024 09:45,6.0
13.3.2024 10:00,18.0
13.3.2024 10:15,18.0
13.3.2024 10:30,6.0
13.3.2024 10:45,6.0
13.3.2024 11:00,6.0
13.3.2024 11:15,12.0
13.3.2024 11:30,6.0
13.3.2024 11:45,0.0
13.3.2024 12:00,12.0
13.3.2024 12:15,12.0
13.3.2024 12:30,12.0
13.3.2024 12:45,18.0
13.3.2024 13:00,24.0
13.3.2024 13:15,30.0
13.3.2024 13:30,24.0
13.3.2024 13:45,24.0
13.3.2024 14:00,54.0
13.3.2024 14:15,60.0
13.3.2024 14:30,36.0
13.3.2024 14:45,48.0
13.3.2024 15:00,54.0
13.3.2024 15:15,18.0
13.3.2024 15:30,12.0
13.3.2024 15:45,12.0
13.3.2024 16:00,0.0
13.3.2024 16:15,42.0
13.3.2024 16:30,60.0
13.3.2024 16:45,84.0
13.3.2024 17:00,126.0
13.3.2024 17:15,120.0
13.3.2024 17:30,96.0
13.3.2024 17:45,108.0
13.3.2024 18:00,132.0
13.3.2024 18:15,144.0
13.3.2024 18:30,144.0
13.3.2024 18:45,144.0
13.3.2024 19:00,144.0
13.3.2024 19:15,144.0
13.3.2024 19:30,144.0
13.3.2024 19:45,144.0
13.3.2024 20:00,150.0
13.3.2024 20:15,180.0
13.3.2024 20:30,180.0
13.3.2024 20:45,180.0
13.3.2024 21:00,168.0
13.3.2024 21:15,162.0
13.3.2024 21:30,174.0
13.3.2024 21:45,156.0
13.3.2024 22:00,162.0
13.3.2024 22:15,168.0
13.3.2024 22:30,186.0
13.3.2024 22:45,192.0
13.3.2024 23:00,192.0
13.3.2024 23:15,198.0
13.3.2024 23:30,162.0
13.3.2024 23:45,156.0
14.3.2024 00:00,156.0
14.3.2024 00:15,156.0
14.3.2024 00:30,186.0
14.3.2024 00:45,198.0
14.3.2024 01:00,198.0
14.3.2024 01:15,234.0
14.3.2024 01:30,240.0
14.3.2024 01:45,240.0
14.3.2024 02:00,240.0
14.3.2024 02:15,252.0
14.3.2024 02:30,252.0
14.3.2024 02:45,252.0
14.3.2024 03:00,240.0
14.3.2024 03:15,222.0
14.3.2024 03:30,210.0
14.3.2024 03:45,216.0
14.3.2024 04:00,216.0
14.3.2024 04:15,210.0
14.3.2024 04:30,204.0
14.3.2024 04:45,192.0
14.3.2024 05:00,192.0
14.3.2024 05:15,192.0
14.3.2024 05:30,192.0
14.3.2024 05:45,198.0
14.3.2024 06:00,222.0
14.3.2024 06:15,264.0
14.3.2024 06:30,306.0
14.3.2024 06:45,336.0
14.3.2024 07:00,540.0
14.3.2024 07:15,594.0
14.3.2024 07:30,606.0
14.3.2024 07:45,570.0
14.3.2024 08:00,744.0
14.3.2024 08:15,1290.0
14.3.2024 08:30,1188.0
14.3.2024 08:45,1050.0
14.3.2024 09:00,1140.0
14.3.2024 09:15,1050.0
14.3.2024 09:30,1032.0
14.3.2024 09:45,1032.0
14.3.2024 10:00,1026.0
14.3.2024 10:15,1020.0
14.3.2024 10:30,1068.0
14.3.2024 10:45,984.0
14.3.2024 11:00,1044.0
14.3.2024 11:15,1002.0
14.3.2024 11:30,954.0
14.3.2024 11:45,732.0
14.3.2024 12:00,990.0
14.3.2024 12:15,1308.0
14.3.2024 12:30,738.0
14.3.2024 12:45,702.0
14.3.2024 13:00,444.0
14.3.2024 13:15,888.0
14.3.2024 13:30,756.0
14.3.2024 13:45,1200.0
14.3.2024 14:00,1044.0
14.3.2024 14:15,1380.0
14.3.2024 14:30,744.0
14.3.2024 14:45,828.0
14.3.2024 15:00,1374.0
14.3.2024 15:15,1302.0
14.3.2024 15:30,1566.0
14.3.2024 15:45,1590.0
14.3.2024 16:00,1422.0
14.3.2024 16:15,1356.0
14.3.2024 16:30,1404.0
14.3.2024 16:45,1620.0
14.3.2024 17:00,1554.0
14.3.2024 17:15,1566.0
14.3.2024 17:30,1728.0
14.3.2024 17:45,1716.0
14.3.2024 18:00,1404.0
14.3.2024 18:15,1410.0
14.3.2024 18:30,1686.0
14.3.2024 18:45,1716.0
14.3.2024 19:00,1758.0
14.3.2024 19:15,1746.0
14.3.2024 19:30,1878.0
14.3.2024 19:45,1776.0
14.3.2024 20:00,1818.0
14.3.2024 20:15,1782.0
14.3.2024 20:30,1824.0
14.3.2024 20:45,1812.0
14.3.2024 21:00,1842.0
14.3.2024 21:15,1752.0
14.3.2024 21:30,1740.0
14.3.2024 21:45,1836.0
14.3.2024 22:00,1722.0
14.3.2024 22:15,1764.0
14.3.2024 22:30,1800.0
14.3.2024 22:45,1896.0
14.3.2024 23:00,1788.0
14.3.2024 23:15,1752.0
14.3.2024 23:30,1806.0
14.3.2024 23:45,1830.0
15.3.2024 00:00,1728.0
15.3.2024 00:15,1842.0
15.3.2024 00:30,1830.0
15.3.2024 00:45,1668.0
15.3.2024 01:00,1710.0
15.3.2024 01:15,1830.0
15.3.2024 01:30,1782.0
15.3.2024 01:45,1746.0
15.3.2024 02:00,1728.0
15.3.2024 02:15,1650.0
15.3.2024 02:30,1644.0
15.3.2024 02:45,1776.0
15.3.2024 03:00,1806.0
15.3.2024 03:15,1728.0
15.3.2024 03:30,1686.0
15.3.2024 03:45,1788.0
15.3.2024 04:00,1716.0
15.3.2024 04:15,1644.0
15.3.2024 04:30,1620.0
15.3.2024 04:45,1758.0
15.3.2024 05:00,1722.0
15.3.2024 05:15,1776.0
15.3.2024 05:30,1644.0
15.3.2024 05:45,1686.0
15.3.2024 06:00,1704.0
15.3.2024 06:15,1716.0
15.3.2024 06:30,1782.0
15.3.2024 06:45,1764.0
15.3.2024 07:00,1836.0
15.3.2024 07:15,1752.0
15.3.2024 07:30,1464.0
15.3.2024 07:45,1314.0
15.3.2024 08:00,1428.0
15.3.2024 08:15,1482.0
15.3.2024 08:30,1368.0
15.3.2024 08:45,1302.0
15.3.2024 09:00,1020.0
15.3.2024 09:15,1272.0
15.3.2024 09:30,1464.0
15.3.2024 09:45,1224.0
15.3.2024 10:00,1164.0
15.3.2024 10:15,1224.0
15.3.2024 10:30,1272.0
15.3.2024 10:45,1224.0
15.3.2024 11:00,1218.0
15.3.2024 11:15,1062.0
15.3.2024 11:30,1092.0
15.3.2024 11:45,1074.0
15.3.2024 12:00,1254.0
15.3.2024 12:15,1188.0
15.3.2024 12:30,1224.0
15.3.2024 12:45,1278.0
15.3.2024 13:00,1140.0
15.3.2024 13:15,1224.0
15.3.2024 13:30,708.0
15.3.2024 13:45,588.0
15.3.2024 14:00,666.0
15.3.2024 14:15,1428.0
15.3.2024 14:30,1194.0
15.3.2024 14:45,1092.0
15.3.2024 15:00,1200.0
15.3.2024 15:15,816.0
15.3.2024 15:30,936.0
15.3.2024 15:45,936.0
15.3.2024 16:00,900.0
15.3.2024 16:15,1026.0
15.3.2024 16:30,1068.0
15.3.2024 16:45,1098.0
15.3.2024 17:00,1092.0
15.3.2024 17:15,1206.0
15.3.2024 17:30,1116.0
15.3.2024 17:45,1122.0
15.3.2024 18:00,1002.0
15.3.2024 18:15,1092.0
15.3.2024 18:30,1164.0
15.3.2024 18:45,1176.0
15.3.2024 19:00,1314.0
15.3.2024 19:15,1398.0
15.3.2024 19:30,1440.0
15.3.2024 19:45,1524.0
15.3.2024 20:00,1518.0
15.3.2024 20:15,1530.0
15.3.2024 20:30,1590.0
15.3.2024 20:45,1680.0
15.3.2024 21:00,1614.0
15.3.2024 21:15,1548.0
15.3.2024 21:30,1746.0
15.3.2024 21:45,1728.0
15.3.2024 22:00,1680.0
15.3.2024 22:15,1812.0
15.3.2024 22:30,1842.0
15.3.2024 22:45,1578.0
15.3.2024 23:00,1746.0
15.3.2024 23:15,1800.0
15.3.2024 23:30,1638.0
15.3.2024 23:45,1824.0
16.3.2024 00:00,1812.0
16.3.2024 00:15,1818.0
16.3.2024 00:30,1764.0
16.3.2024 00:45,1806.0
16.3.2024 01:00,1776.0
16.3.2024 01:15,1812.0
16.3.2024 01:30,1944.0
16.3.2024 01:45,1872.0
16.3.2024 02:00,1860.0
16.3.2024 02:15,1860.0
16.3.2024 02:30,1896.0
16.3.2024 02:45,1650.0
16.3.2024 03:00,1710.0
16.3.2024 03:15,1800.0
16.3.2024 03:30,1728.0
16.3.2024 03:45,1782.0
16.3.2024 04:00,1740.0
16.3.2024 04:15,1746.0
16.3.2024 04:30,1548.0
16.3.2024 04:45,1692.0
16.3.2024 05:00,1752.0
16.3.2024 05:15,1722.0
16.3.2024 05:30,1716.0
16.3.2024 05:45,1704.0
16.3.2024 06:00,1842.0
16.3.2024 06:15,1758.0
16.3.2024 06:30,1854.0
16.3.2024 06:45,1812.0
16.3.2024 07:00,1836.0
16.3.2024 07:15,1842.0
16.3.2024 07:30,1752.0
16.3.2024 07:45,1734.0
16.3.2024 08:00,1392.0
16.3.2024 08:15,1206.0
16.3.2024 08:30,1380.0
16.3.2024 08:45,1332.0
16.3.2024 09:00,1458.0
16.3.2024 09:15,1248.0
16.3.2024 09:30,1140.0
16.3.2024 09:45,1104.0
16.3.2024 10:00,1038.0
16.3.2024 10:15,984.0
16.3.2024 10:30,852.0
16.3.2024 10:45,1074.0
16.3.2024 11:00,1188.0
16.3.2024 11:15,1194.0
16.3.2024 11:30,876.0
16.3.2024 11:45,924.0
16.3.2024 12:00,1056.0
16.3.2024 12:15,1032.0
16.3.2024 12:30,1038.0
16.3.2024 12:45,750.0
16.3.2024 13:00,720.0
16.3.2024 13:15,594.0
16.3.2024 13:30,906.0
16.3.2024 13:45,1482.0
16.3.2024 14:00,1500.0
16.3.2024 14:15,1284.0
16.3.2024 14:30,1590.0
16.3.2024 14:45,1344.0
16.3.2024 15:00,1230.0
16.3.2024 15:15,1230.0
16.3.2024 15:30,1224.0
16.3.2024 15:45,1464.0
16.3.2024 16:00,1392.0
16.3.2024 16:15,1572.0
16.3.2024 16:30,1668.0
16.3.2024 16:45,1632.0
16.3.2024 17:00,1584.0
16.3.2024 17:15,1464.0
16.3.2024 17:30,1764.0
16.3.2024 17:45,1758.0
16.3.2024 18:00,1632.0
16.3.2024 18:15,1860.0
16.3.2024 18:30,1800.0
16.3.2024 18:45,1698.0
16.3.2024 19:00,1824.0
16.3.2024 19:15,1836.0
16.3.2024 19:30,1776.0
16.3.2024 19:45,1884.0
16.3.2024 20:00,1848.0
16.3.2024 20:15,1788.0
16.3.2024 20:30,1842.0
16.3.2024 20:45,1866.0
16.3.2024 21:00,1884.0
16.3.2024 21:15,1788.0
16.3.2024 21:30,1872.0
16.3.2024 21:45,1800.0
16.3.2024 22:00,1668.0
16.3.2024 22:15,1668.0
16.3.2024 22:30,1674.0
16.3.2024 22:45,1878.0
16.3.2024 23:00,1866.0
16.3.2024 23:15,1818.0
16.3.2024 23:30,1764.0
16.3.2024 23:45,1776.0
17.3.2024 00:00,1608.0
17.3.2024 00:15,1836.0
17.3.2024 00:30,1776.0
17.3.2024 00:45,1674.0
17.3.2024 01:00,1896.0
17.3.2024 01:15,1704.0
17.3.2024 01:30,1926.0
17.3.2024 01:45,1824.0
17.3.2024 02:00,1884.0
17.3.2024 02:15,1884.0
17.3.2024 02:30,1890.0
17.3.2024 02:45,1740.0
17.3.2024 03:00,1920.0
17.3.2024 03:15,1800.0
17.3.2024 03:30,1740.0
17.3.2024 03:45,1692.0
17.3.2024 04:00,1710.0
17.3.2024 04:15,1824.0
17.3.2024 04:30,1662.0
17.3.2024 04:45,1704.0
17.3.2024 05:00,1884.0
17.3.2024 05:15,1686.0
17.3.2024 05:30,1440.0
17.3.2024 05:45,1716.0
17.3.2024 06:00,1848.0
17.3.2024 06:15,1704.0
17.3.2024 06:30,1800.0
17.3.2024 06:45,1902.0
17.3.2024 07:00,1770.0
17.3.2024 07:15,1788.0
17.3.2024 07:30,1584.0
17.3.2024 07:45,1542.0
17.3.2024 08:00,1386.0
17.3.2024 08:15,1374.0
17.3.2024 08:30,1338.0
17.3.2024 08:45,1392.0
17.3.2024 09:00,1290.0
17.3.2024 09:15,1152.0
17.3.2024 09:30,1092.0
17.3.2024 09:45,1164.0
17.3.2024 10:00,960.0
17.3.2024 10:15,1062.0
17.3.2024 10:30,1032.0
17.3.2024 10:45,912.0
17.3.2024 11:00,870.0
17.3.2024 11:15,756.0
17.3.2024 11:30,1116.0
17.3.2024 11:45,900.0
17.3.2024 12:00,816.0
17.3.2024 12:15,888.0
17.3.2024 12:30,912.0
17.3.2024 12:45,816.0
17.3.2024 13:00,738.0
17.3.2024 13:15,1104.0
17.3.2024 13:30,1002.0
17.3.2024 13:45,1440.0
17.3.2024 14:00,1020.0
17.3.2024 14:15,1314.0
17.3.2024 14:30,1266.0
17.3.2024 14:45,810.0
17.3.2024 15:00,768.0
17.3.2024 15:15,912.0
17.3.2024 15:30,1296.0
17.3.2024 15:45,1470.0
17.3.2024 16:00,1482.0
17.3.2024 16:15,1710.0
17.3.2024 16:30,1782.0
17.3.2024 16:45,1578.0
17.3.2024 17:00,1626.0
17.3.2024 17:15,1740.0
17.3.2024 17:30,1974.0
17.3.2024 17:45,1854.0
17.3.2024 18:00,1770.0
17.3.2024 18:15,1866.0
17.3.2024 18:30,1914.0
17.3.2024 18:45,1614.0
17.3.2024 19:00,1674.0
17.3.2024 19:15,1872.0
17.3.2024 19:30,1788.0
17.3.2024 19:45,1752.0
17.3.2024 20:00,1740.0
17.3.2024 20:15,1968.0
17.3.2024 20:30,1896.0
17.3.2024 20:45,1854.0
17.3.2024 21:00,1866.0
17.3.2024 21:15,1908.0
17.3.2024 21:30,2052.0
17.3.2024 21:45,1986.0
17.3.2024 22:00,1908.0
17.3.2024 22:15,1920.0
17.3.2024 22:30,1800.0
17.3.2024 22:45,1914.0
17.3.2024 23:00,1920.0
17.3.2024 23:15,2022.0
17.3.2024 23:30,1932.0
17.3.2024 23:45,1818.0
18.3.2024 00:00,1806.0
18.3.2024 00:15,1884.0
18.3.2024 00:30,1962.0
18.3.2024 00:45,1776.0
18.3.2024 01:00,1620.0
18.3.2024 01:15,1836.0
18.3.2024 01:30,1860.0
18.3.2024 01:45,1710.0
18.3.2024 02:00,1296.0
18.3.2024 02:15,1344.0
18.3.2024 02:30,1368.0
18.3.2024 02:45,1338.0
18.3.2024 03:00,1410.0
18.3.2024 03:15,1428.0
18.3.2024 03:30,1212.0
18.3.2024 03:45,1044.0
18.3.2024 04:00,1116.0
18.3.2024 04:15,1248.0
18.3.2024 04:30,1632.0
18.3.2024 04:45,1680.0
18.3.2024 05:00,1392.0
18.3.2024 05:15,1650.0
18.3.2024 05:30,1440.0
18.3.2024 05:45,1512.0
18.3.2024 06:00,1932.0
18.3.2024 06:15,1662.0
18.3.2024 06:30,1662.0
18.3.2024 06:45,1632.0
18.3.2024 07:00,1770.0
18.3.2024 07:15,1692.0
18.3.2024 07:30,1614.0
18.3.2024 07:45,1500.0
18.3.2024 08:00,1530.0
18.3.2024 08:15,1422.0
18.3.2024 08:30,1254.0
18.3.2024 08:45,1296.0
18.3.2024 09:00,1230.0
18.3.2024 09:15,1206.0
18.3.2024 09:30,1080.0
18.3.2024 09:45,984.0
18.3.2024 10:00,984.0
18.3.2024 10:15,1038.0
18.3.2024 10:30,1020.0
18.3.2024 10:45,1038.0
18.3.2024 11:00,1188.0
18.3.2024 11:15,1008.0
18.3.2024 11:30,834.0
18.3.2024 11:45,1044.0
18.3.2024 12:00,1248.0
18.3.2024 12:15,1362.0
18.3.2024 12:30,1464.0
18.3.2024 12:45,1356.0
18.3.2024 13:00,918.0
18.3.2024 13:15,1044.0
18.3.2024 13:30,1212.0
18.3.2024 13:45,1152.0
18.3.2024 14:00,1044.0
18.3.2024 14:15,1050.0
18.3.2024 14:30,882.0
18.3.2024 14:45,840.0
18.3.2024 15:00,750.0
18.3.2024 15:15,816.0
18.3.2024 15:30,846.0
18.3.2024 15:45,1050.0
18.3.2024 16:00,1116.0
18.3.2024 16:15,1248.0
18.3.2024 16:30,996.0
18.3.2024 16:45,1194.0
18.3.2024 17:00,1428.0
18.3.2024 17:15,1656.0
18.3.2024 17:30,1572.0
18.3.2024 17:45,1596.0
18.3.2024 18:00,1656.0
18.3.2024 18:15,1752.0
18.3.2024 18:30,1764.0
18.3.2024 18:45,1716.0
18.3.2024 19:00,1848.0
18.3.2024 19:15,1872.0
18.3.2024 19:30,1854.0
18.3.2024 19:45,1782.0
18.3.2024 20:00,1788.0
18.3.2024 20:15,1890.0
18.3.2024 20:30,1872.0
18.3.2024 20:45,1908.0
18.3.2024 21:00,1848.0
18.3.2024 21:15,1632.0
18.3.2024 21:30,1932.0
18.3.2024 21:45,1788.0
18.3.2024 22:00,1794.0
18.3.2024 22:15,1854.0
18.3.2024 22:30,1932.0
18.3.2024 22:45,1626.0
18.3.2024 23:00,1908.0
18.3.2024 23:15,1764.0
18.3.2024 23:30,1812.0
18.3.2024 23:45,1704.0
19.3.2024 00:00,1764.0
19.3.2024 00:15,1572.0
19.3.2024 00:30,1644.0
19.3.2024 00:45,1392.0
19.3.2024 01:00,1098.0
19.3.2024 01:15,1278.0
19.3.2024 01:30,1194.0
19.3.2024 01:45,1038.0
19.3.2024 02:00,948.0
19.3.2024 02:15,942.0
19.3.2024 02:30,930.0
19.3.2024 02:45,912.0
19.3.2024 03:00,900.0
19.3.2024 03:15,894.0
19.3.2024 03:30,894.0
19.3.2024 03:45,912.0
19.3.2024 04:00,894.0
19.3.2024 04:15,888.0
19.3.2024 04:30,888.0
19.3.2024 04:45,900.0
19.3.2024 05:00,888.0
19.3.2024 05:15,888.0
19.3.2024 05:30,864.0
19.3.2024 05:45,852.0
19.3.2024 06:00,852.0
19.3.2024 06:15,858.0
19.3.2024 06:30,828.0
19.3.2024 06:45,666.0
19.3.2024 07:00,636.0
19.3.2024 07:15,642.0
19.3.2024 07:30,642.0
19.3.2024 07:45,486.0
19.3.2024 08:00,510.0
19.3.2024 08:15,240.0
19.3.2024 08:30,12.0
19.3.2024 08:45,12.0
19.3.2024 09:00,12.0
19.3.2024 09:15,12.0
19.3.2024 09:30,6.0
19.3.2024 09:45,12.0
19.3.2024 10:00,6.0
19.3.2024 10:15,12.0
19.3.2024 10:30,12.0
19.3.2024 10:45,12.0
19.3.2024 11:00,12.0
19.3.2024 11:15,12.0
19.3.2024 11:30,12.0
19.3.2024 11:45,12.0
19.3.2024 12:00,0.0
19.3.2024 12:15,6.0
19.3.2024 12:30,0.0
19.3.2024 12:45,0.0
19.3.2024 13:00,12.0
19.3.2024 13:15,6.0
19.3.2024 13:30,12.0
19.3.2024 13:45,18.0
19.3.2024 14:00,12.0
19.3.2024 14:15,24.0
19.3.2024 14:30,150.0
19.3.2024 14:45,204.0
19.3.2024 15:00,210.0
19.3.2024 15:15,216.0
19.3.2024 15:30,186.0
19.3.2024 15:45,174.0
19.3.2024 16:00,168.0
19.3.2024 16:15,168.0
19.3.2024 16:30,168.0
19.3.2024 16:45,150.0
19.3.2024 17:00,108.0
19.3.2024 17:15,90.0
19.3.2024 17:30,102.0
19.3.2024 17:45,108.0
19.3.2024 18:00,108.0
19.3.2024 18:15,114.0
19.3.2024 18:30,114.0
19.3.2024 18:45,108.0
19.3.2024 19:00,108.0
19.3.2024 19:15,108.0
19.3.2024 19:30,108.0
19.3.2024 19:45,108.0
19.3.2024 20:00,114.0
19.3.2024 20:15,108.0
19.3.2024 20:30,114.0
19.3.2024 20:45,126.0
19.3.2024 21:00,114.0
19.3.2024 21:15,114.0
19.3.2024 21:30,114.0
19.3.2024 21:45,114.0
19.3.2024 22:00,114.0
19.3.2024 22:15,108.0
19.3.2024 22:30,108.0
19.3.2024 22:45,108.0
19.3.2024 23:00,108.0
19.3.2024 23:15,108.0
19.3.2024 23:30,108.0
19.3.2024 23:45,114.0
20.3.2024 00:00,108.0
20.3.2024 00:15,108.0
20.3.2024 00:30,114.0
20.3.2024 00:45,114.0
20.3.2024 01:00,114.0
20.3.2024 01:15,114.0
20.3.2024 01:30,108.0
20.3.2024 01:45,108.0
20.3.2024 02:00,120.0
20.3.2024 02:15,120.0
20.3.2024 02:30,114.0
20.3.2024 02:45,120.0
20.3.2024 03:00,120.0
20.3.2024 03:15,120.0
20.3.2024 03:30,120.0
20.3.2024 03:45,114.0
20.3.2024 04:00,120.0
20.3.2024 04:15,120.0
20.3.2024 04:30,108.0
20.3.2024 04:45,102.0
20.3.2024 05:00,96.0
20.3.2024 05:15,96.0
20.3.2024 05:30,108.0
20.3.2024 05:45,96.0
20.3.2024 06:00,96.0
20.3.2024 06:15,96.0
20.3.2024 06:30,96.0
20.3.2024 06:45,90.0
20.3.2024 07:00,72.0
20.3.2024 07:15,48.0
20.3.2024 07:30,18.0
20.3.2024 07:45,6.0
20.3.2024 08:00,6.0
20.3.2024 08:15,6.0
20.3.2024 08:30,18.0
20.3.2024 08:45,18.0
20.3.2024 09:00,12.0
20.3.2024 09:15,6.0
20.3.2024 09:30,6.0
20.3.2024 09:45,12.0
20.3.2024 10:00,12.0
20.3.2024 10:15,24.0
20.3.2024 10:30,12.0
20.3.2024 10:45,0.0
20.3.2024 11:00,0.0
20.3.2024 11:15,12.0
20.3.2024 11:30,12.0
20.3.2024 11:45,0.0
20.3.2024 12:00,0.0
20.3.2024 12:15,0.0
20.3.2024 12:30,0.0
20.3.2024 12:45,0.0
20.3.2024 13:00,0.0
20.3.2024 13:15,0.0
20.3.2024 13:30,12.0
20.3.2024 13:45,6.0
20.3.2024 14:00,6.0
20.3.2024 14:15,12.0
20.3.2024 14:30,12.0
20.3.2024 14:45,6.0
20.3.2024 15:00,12.0
20.3.2024 15:15,12.0
20.3.2024 15:30,0.0
20.3.2024 15:45,0.0
20.3.2024 16:00,0.0
20.3.2024 16:15,0.0
20.3.2024 16:30,0.0
20.3.2024 16:45,6.0
20.3.2024 17:00,18.0
20.3.2024 17:15,30.0
20.3.2024 17:30,48.0
20.3.2024 17:45,60.0
20.3.2024 18:00,84.0
20.3.2024 18:15,96.0
20.3.2024 18:30,102.0
20.3.2024 18:45,102.0
20.3.2024 19:00,108.0
20.3.2024 19:15,102.0
20.3.2024 19:30,102.0
20.3.2024 19:45,108.0
20.3.2024 20:00,102.0
20.3.2024 20:15,108.0
20.3.2024 20:30,102.0
20.3.2024 20:45,102.0
20.3.2024 21:00,102.0
20.3.2024 21:15,102.0
20.3.2024 21:30,102.0
20.3.2024 21:45,102.0
20.3.2024 22:00,102.0
20.3.2024 22:15,102.0
20.3.2024 22:30,102.0
20.3.2024 22:45,108.0
20.3.2024 23:00,120.0
20.3.2024 23:15,108.0
20.3.2024 23:30,102.0
20.3.2024 23:45,108.0
21.3.2024 00:00,108.0
21.3.2024 00:15,102.0
21.3.2024 00:30,102.0
21.3.2024 00:45,102.0
21.3.2024 01:00,102.0
21.3.2024 01:15,96.0
21.3.2024 01:30,102.0
21.3.2024 01:45,102.0
21.3.2024 02:00,114.0
21.3.2024 02:15,108.0
21.3.2024 02:30,108.0
21.3.2024 02:45,108.0
21.3.2024 03:00,108.0
21.3.2024 03:15,108.0
21.3.2024 03:30,108.0
21.3.2024 03:45,108.0
21.3.2024 04:00,114.0
21.3.2024 04:15,108.0
21.3.2024 04:30,108.0
21.3.2024 04:45,96.0
21.3.2024 05:00,96.0
21.3.2024 05:15,96.0
21.3.2024 05:30,96.0
21.3.2024 05:45,96.0
21.3.2024 06:00,96.0
21.3.2024 06:15,96.0
21.3.2024 06:30,108.0
21.3.2024 06:45,96.0
21.3.2024 07:00,90.0
21.3.2024 07:15,90.0
21.3.2024 07:30,96.0
21.3.2024 07:45,90.0
21.3.2024 08:00,72.0
21.3.2024 08:15,18.0
21.3.2024 08:30,6.0
21.3.2024 08:45,6.0
21.3.2024 09:00,12.0
21.3.2024 09:15,12.0
21.3.2024 09:30,12.0
21.3.2024 09:45,6.0
21.3.2024 10:00,6.0
21.3.2024 10:15,0.0
21.3.2024 10:30,0.0
21.3.2024 10:45,0.0
21.3.2024 11:00,0.0
21.3.2024 11:15,0.0
21.3.2024 11:30,6.0
21.3.2024 11:45,0.0
21.3.2024 12:00,0.0
21.3.2024 12:15,0.0
21.3.2024 12:30,0.0
21.3.2024 12:45,0.0
21.3.2024 13:00,0.0
21.3.2024 13:15,6.0
21.3.2024 13:30,6.0
21.3.2024 13:45,6.0
21.3.2024 14:00,0.0
21.3.2024 14:15,0.0
21.3.2024 14:30,0.0
21.3.2024 14:45,0.0
21.3.2024 15:00,0.0
21.3.2024 15:15,6.0
21.3.2024 15:30,6.0
21.3.2024 15:45,12.0
21.3.2024 16:00,0.0
21.3.2024 16:15,6.0
21.3.2024 16:30,6.0
21.3.2024 16:45,24.0
21.3.2024 17:00,48.0
21.3.2024 17:15,66.0
21.3.2024 17:30,84.0
21.3.2024 17:45,102.0
21.3.2024 18:00,120.0
21.3.2024 18:15,132.0
21.3.2024 18:30,138.0
21.3.2024 18:45,132.0
21.3.2024 19:00,132.0
21.3.2024 19:15,138.0
21.3.2024 19:30,132.0
21.3.2024 19:45,132.0
21.3.2024 20:00,138.0
21.3.2024 20:15,138.0
21.3.2024 20:30,132.0
21.3.2024 20:45,126.0
21.3.2024 21:00,120.0
21.3.2024 21:15,120.0
21.3.2024 21:30,126.0
21.3.2024 21:45,120.0
21.3.2024 22:00,138.0
21.3.2024 22:15,114.0
21.3.2024 22:30,108.0
21.3.2024 22:45,120.0
21.3.2024 23:00,138.0
21.3.2024 23:15,138.0
21.3.2024 23:30,138.0
21.3.2024 23:45,138.0
22.3.2024 00:00,138.0
22.3.2024 00:15,138.0
22.3.2024 00:30,138.0
22.3.2024 00:45,126.0
22.3.2024 01:00,126.0
22.3.2024 01:15,126.0
22.3.2024 01:30,126.0
22.3.2024 01:45,126.0
22.3.2024 02:00,138.0
22.3.2024 02:15,138.0
22.3.2024 02:30,138.0
22.3.2024 02:45,138.0
22.3.2024 03:00,150.0
22.3.2024 03:15,138.0
22.3.2024 03:30,138.0
22.3.2024 03:45,138.0
22.3.2024 04:00,138.0
22.3.2024 04:15,138.0
22.3.2024 04:30,132.0
22.3.2024 04:45,120.0
22.3.2024 05:00,120.0
22.3.2024 05:15,120.0
22.3.2024 05:30,120.0
22.3.2024 05:45,120.0
22.3.2024 06:00,126.0
22.3.2024 06:15,126.0
22.3.2024 06:30,108.0
22.3.2024 06:45,78.0
22.3.2024 07:00,60.0
22.3.2024 07:15,60.0
22.3.2024 07:30,18.0
22.3.2024 07:45,0.0
22.3.2024 08:00,0.0
22.3.2024 08:15,6.0
22.3.2024 08:30,12.0
22.3.2024 08:45,6.0
22.3.2024 09:00,6.0
22.3.2024 09:15,0.0
22.3.2024 09:30,0.0
22.3.2024 09:45,0.0
22.3.2024 10:00,6.0
22.3.2024 10:15,0.0
22.3.2024 10:30,0.0
22.3.2024 10:45,0.0
22.3.2024 11:00,0.0
22.3.2024 11:15,0.0
22.3.2024 11:30,0.0
22.3.2024 11:45,0.0
22.3.2024 12:00,0.0
22.3.2024 12:15,0.0
22.3.2024 12:30,0.0
22.3.2024 12:45,0.0
22.3.2024 13:00,0.0
22.3.2024 13:15,6.0
22.3.2024 13:30,6.0
22.3.2024 13:45,0.0
22.3.2024 14:00,6.0
22.3.2024 14:15,6.0
22.3.2024 14:30,6.0
22.3.2024 14:45,0.0
22.3.2024 15:00,12.0
22.3.2024 15:15,12.0
22.3.2024 15:30,6.0
22.3.2024 15:45,24.0
22.3.2024 16:00,24.0
22.3.2024 16:15,24.0
22.3.2024 16:30,36.0
22.3.2024 16:45,36.0
22.3.2024 17:00,84.0
22.3.2024 17:15,60.0
22.3.2024 17:30,60.0
22.3.2024 17:45,84.0
22.3.2024 18:00,120.0
22.3.2024 18:15,138.0
22.3.2024 18:30,138.0
22.3.2024 18:45,144.0
22.3.2024 19:00,144.0
22.3.2024 19:15,156.0
22.3.2024 19:30,168.0
22.3.2024 19:45,186.0
22.3.2024 20:00,210.0
22.3.2024 20:15,300.0
22.3.2024 20:30,480.0
22.3.2024 20:45,624.0
22.3.2024 21:00,936.0
22.3.2024 21:15,1326.0
22.3.2024 21:30,1248.0
22.3.2024 21:45,1212.0
22.3.2024 22:00,1500.0
22.3.2024 22:15,1536.0
22.3.2024 22:30,1488.0
22.3.2024 22:45,1488.0
22.3.2024 23:00,1608.0
22.3.2024 23:15,1770.0
22.3.2024 23:30,1584.0
22.3.2024 23:45,1464.0
23.3.2024 00:00,1674.0
23.3.2024 00:15,1620.0
23.3.2024 00:30,1686.0
23.3.2024 00:45,1656.0
23.3.2024 01:00,1698.0
23.3.2024 01:15,1650.0
23.3.2024 01:30,1608.0
23.3.2024 01:45,1536.0
23.3.2024 02:00,1104.0
23.3.2024 02:15,1152.0
23.3.2024 02:30,1536.0
23.3.2024 02:45,1656.0
23.3.2024 03:00,1524.0
23.3.2024 03:15,1140.0
23.3.2024 03:30,996.0
23.3.2024 03:45,978.0
23.3.2024 04:00,1116.0
23.3.2024 04:15,1374.0
23.3.2024 04:30,1074.0
23.3.2024 04:45,1122.0
23.3.2024 05:00,1218.0
23.3.2024 05:15,1272.0
23.3.2024 05:30,1224.0
23.3.2024 05:45,1146.0
23.3.2024 06:00,792.0
23.3.2024 06:15,912.0
23.3.2024 06:30,1050.0
23.3.2024 06:45,1224.0
23.3.2024 07:00,1206.0
23.3.2024 07:15,1146.0
23.3.2024 07:30,1044.0
23.3.2024 07:45,1062.0
23.3.2024 08:00,732.0
23.3.2024 08:15,612.0
23.3.2024 08:30,804.0
23.3.2024 08:45,1080.0
23.3.2024 09:00,798.0
23.3.2024 09:15,810.0
23.3.2024 09:30,648.0
23.3.2024 09:45,654.0
23.3.2024 10:00,564.0
23.3.2024 10:15,408.0
23.3.2024 10:30,600.0
23.3.2024 10:45,534.0
23.3.2024 11:00,660.0
23.3.2024 11:15,708.0
23.3.2024 11:30,642.0
23.3.2024 11:45,672.0
23.3.2024 12:00,816.0
23.3.2024 12:15,804.0
23.3.2024 12:30,678.0
23.3.2024 12:45,600.0
23.3.2024 13:00,684.0
23.3.2024 13:15,714.0
23.3.2024 13:30,822.0
23.3.2024 13:45,612.0
23.3.2024 14:00,804.0
23.3.2024 14:15,678.0
23.3.2024 14:30,954.0
23.3.2024 14:45,1008.0
23.3.2024 15:00,1044.0
23.3.2024 15:15,1128.0
23.3.2024 15:30,1116.0
23.3.2024 15:45,828.0
23.3.2024 16:00,1068.0
23.3.2024 16:15,1386.0
23.3.2024 16:30,1440.0
23.3.2024 16:45,900.0
23.3.2024 17:00,984.0
23.3.2024 17:15,1194.0
23.3.2024 17:30,1284.0
23.3.2024 17:45,1464.0
23.3.2024 18:00,1530.0
23.3.2024 18:15,1536.0
23.3.2024 18:30,1536.0
23.3.2024 18:45,1488.0
23.3.2024 19:00,1824.0
23.3.2024 19:15,1944.0
23.3.2024 19:30,1902.0
23.3.2024 19:45,1800.0
23.3.2024 20:00,1758.0
23.3.2024 20:15,1554.0
23.3.2024 20:30,1518.0
23.3.2024 20:45,1584.0
23.3.2024 21:00,1572.0
23.3.2024 21:15,1842.0
23.3.2024 21:30,1746.0
23.3.2024 21:45,1530.0
23.3.2024 22:00,1662.0
23.3.2024 22:15,1806.0
23.3.2024 22:30,1728.0
23.3.2024 22:45,1836.0
23.3.2024 23:00,1788.0
23.3.2024 23:15,1788.0
23.3.2024 23:30,1668.0
23.3.2024 23:45,1644.0
24.3.2024 00:00,1824.0
24.3.2024 00:15,1896.0
24.3.2024 00:30,1956.0
24.3.2024 00:45,1908.0
24.3.2024 01:00,1896.0
24.3.2024 01:15,1950.0
24.3.2024 01:30,1776.0
24.3.2024 01:45,1740.0
24.3.2024 02:00,1752.0
24.3.2024 02:15,1794.0
24.3.2024 02:30,1758.0
24.3.2024 02:45,1374.0
24.3.2024 03:00,1434.0
24.3.2024 03:15,1542.0
24.3.2024 03:30,1488.0
24.3.2024 03:45,1296.0
24.3.2024 04:00,1314.0
24.3.2024 04:15,1620.0
24.3.2024 04:30,1710.0
24.3.2024 04:45,1824.0
24.3.2024 05:00,1914.0
24.3.2024 05:15,1830.0
24.3.2024 05:30,1884.0
24.3.2024 05:45,1878.0
24.3.2024 06:00,1788.0
24.3.2024 06:15,1632.0
24.3.2024 06:30,1452.0
24.3.2024 06:45,1698.0
24.3.2024 07:00,1776.0
24.3.2024 07:15,1800.0
24.3.2024 07:30,1656.0
24.3.2024 07:45,1602.0
24.3.2024 08:00,1464.0
24.3.2024 08:15,1308.0
24.3.2024 08:30,1188.0
24.3.2024 08:45,1080.0
24.3.2024 09:00,1230.0
24.3.2024 09:15,1206.0
24.3.2024 09:30,1056.0
24.3.2024 09:45,996.0
24.3.2024 10:00,876.0
24.3.2024 10:15,726.0
24.3.2024 10:30,792.0
24.3.2024 10:45,738.0
24.3.2024 11:00,750.0
24.3.2024 11:15,726.0
24.3.2024 11:30,918.0
24.3.2024 11:45,510.0
24.3.2024 12:00,720.0
24.3.2024 12:15,852.0
24.3.2024 12:30,438.0
24.3.2024 12:45,570.0
24.3.2024 13:00,1092.0
24.3.2024 13:15,846.0
24.3.2024 13:30,900.0
24.3.2024 13:45,804.0
24.3.2024 14:00,720.0
24.3.2024 14:15,828.0
24.3.2024 14:30,1080.0
24.3.2024 14:45,1140.0
24.3.2024 15:00,1134.0
24.3.2024 15:15,1380.0
24.3.2024 15:30,1596.0
24.3.2024 15:45,1668.0
24.3.2024 16:00,1806.0
24.3.2024 16:15,1692.0
24.3.2024 16:30,1842.0
24.3.2024 16:45,1830.0
24.3.2024 17:00,1716.0
24.3.2024 17:15,1770.0
24.3.2024 17:30,1854.0
24.3.2024 17:45,1878.0
24.3.2024 18:00,1806.0
24.3.2024 18:15,1896.0
24.3.2024 18:30,1884.0
24.3.2024 18:45,1908.0
24.3.2024 19:00,1632.0
24.3.2024 19:15,1728.0
24.3.2024 19:30,1848.0
24.3.2024 19:45,1968.0
24.3.2024 20:00,1884.0
24.3.2024 20:15,2028.0
24.3.2024 20:30,2028.0
24.3.2024 20:45,1866.0
24.3.2024 21:00,1830.0
24.3.2024 21:15,1776.0
24.3.2024 21:30,1806.0
24.3.2024 21:45,1662.0
24.3.2024 22:00,1572.0
24.3.2024 22:15,1668.0
24.3.2024 22:30,1674.0
24.3.2024 22:45,1836.0
24.3.2024 23:00,1698.0
24.3.2024 23:15,1758.0
24.3.2024 23:30,1782.0
24.3.2024 23:45,1710.0
25.3.2024 00:00,1830.0
25.3.2024 00:15,2004.0
25.3.2024 00:30,2070.0
25.3.2024 00:45,2004.0
25.3.2024 01:00,2004.0
25.3.2024 01:15,1980.0
25.3.2024 01:30,2004.0
25.3.2024 01:45,1872.0
25.3.2024 02:00,1890.0
25.3.2024 02:15,1938.0
25.3.2024 02:30,1830.0
25.3.2024 02:45,1590.0
25.3.2024 03:00,1728.0
25.3.2024 03:15,1746.0
25.3.2024 03:30,1722.0
25.3.2024 03:45,1596.0
25.3.2024 04:00,1746.0
25.3.2024 04:15,1656.0
25.3.2024 04:30,1488.0
25.3.2024 04:45,1632.0
25.3.2024 05:00,1644.0
25.3.2024 05:15,1548.0
25.3.2024 05:30,1554.0
25.3.2024 05:45,1428.0
25.3.2024 06:00,1296.0
25.3.2024 06:15,1242.0
25.3.2024 06:30,1080.0
25.3.2024 06:45,546.0
25.3.2024 07:00,354.0
25.3.2024 07:15,246.0
25.3.2024 07:30,306.0
25.3.2024 07:45,624.0
25.3.2024 08:00,336.0
25.3.2024 08:15,108.0
25.3.2024 08:30,258.0
25.3.2024 08:45,750.0
25.3.2024 09:00,1164.0
25.3.2024 09:15,1122.0
25.3.2024 09:30,960.0
25.3.2024 09:45,510.0
25.3.2024 10:00,678.0
25.3.2024 10:15,708.0
25.3.2024 10:30,660.0
25.3.2024 10:45,816.0
25.3.2024 11:00,1374.0
25.3.2024 11:15,1332.0
25.3.2024 11:30,888.0
25.3.2024 11:45,600.0
25.3.2024 12:00,456.0
25.3.2024 12:15,1092.0
25.3.2024 12:30,1548.0
25.3.2024 12:45,1422.0
25.3.2024 13:00,1380.0
25.3.2024 13:15,1272.0
25.3.2024 13:30,882.0
25.3.2024 13:45,942.0
25.3.2024 14:00,912.0
25.3.2024 14:15,1230.0
25.3.2024 14:30,1140.0
25.3.2024 14:45,1224.0
25.3.2024 15:00,1392.0
25.3.2024 15:15,1608.0
25.3.2024 15:30,1848.0
25.3.2024 15:45,1512.0
25.3.2024 16:00,1614.0
25.3.2024 16:15,1722.0
25.3.2024 16:30,1716.0
25.3.2024 16:45,1590.0
25.3.2024 17:00,1812.0
25.3.2024 17:15,1818.0
25.3.2024 17:30,1860.0
25.3.2024 17:45,1860.0
25.3.2024 18:00,1854.0
25.3.2024 18:15,1788.0
25.3.2024 18:30,1932.0
25.3.2024 18:45,1722.0
25.3.2024 19:00,1836.0
25.3.2024 19:15,1788.0
25.3.2024 19:30,1770.0
25.3.2024 19:45,1890.0
25.3.2024 20:00,1848.0
25.3.2024 20:15,1788.0
25.3.2024 20:30,1590.0
25.3.2024 20:45,1932.0
25.3.2024 21:00,1824.0
25.3.2024 21:15,1800.0
25.3.2024 21:30,1860.0
25.3.2024 21:45,1932.0
25.3.2024 22:00,1848.0
25.3.2024 22:15,1758.0
25.3.2024 22:30,1626.0
25.3.2024 22:45,1890.0
25.3.2024 23:00,1860.0
25.3.2024 23:15,1884.0
25.3.2024 23:30,1734.0
25.3.2024 23:45,1932.0
26.3.2024 00:00,1872.0
26.3.2024 00:15,1956.0
26.3.2024 00:30,1884.0
26.3.2024 00:45,2040.0
26.3.2024 01:00,2010.0
26.3.2024 01:15,1950.0
26.3.2024 01:30,1968.0
26.3.2024 01:45,1860.0
26.3.2024 02:00,1878.0
26.3.2024 02:15,1812.0
26.3.2024 02:30,1938.0
26.3.2024 02:45,1968.0
26.3.2024 03:00,1782.0
26.3.2024 03:15,1806.0
26.3.2024 03:30,1686.0
26.3.2024 03:45,1848.0
26.3.2024 04:00,1896.0
26.3.2024 04:15,1932.0
26.3.2024 04:30,1962.0
26.3.2024 04:45,1932.0
26.3.2024 05:00,1854.0
26.3.2024 05:15,1716.0
26.3.2024 05:30,1548.0
26.3.2024 05:45,1458.0
26.3.2024 06:00,1434.0
26.3.2024 06:15,1572.0
26.3.2024 06:30,1776.0
26.3.2024 06:45,1806.0
26.3.2024 07:00,1860.0
26.3.2024 07:15,1686.0
26.3.2024 07:30,1620.0
26.3.2024 07:45,1560.0
26.3.2024 08:00,1560.0
26.3.2024 08:15,1614.0
26.3.2024 08:30,1332.0
26.3.2024 08:45,1206.0
26.3.2024 09:00,1380.0
26.3.2024 09:15,1482.0
26.3.2024 09:30,1134.0
26.3.2024 09:45,924.0
26.3.2024 10:00,1254.0
26.3.2024 10:15,1488.0
26.3.2024 10:30,1290.0
26.3.2024 10:45,1200.0
26.3.2024 11:00,834.0
26.3.2024 11:15,1182.0
26.3.2024 11:30,1692.0
26.3.2024 11:45,1824.0
26.3.2024 12:00,1734.0
26.3.2024 12:15,1722.0
26.3.2024 12:30,1284.0
26.3.2024 12:45,1308.0
26.3.2024 13:00,1740.0
26.3.2024 13:15,1842.0
26.3.2024 13:30,1764.0
26.3.2024 13:45,1728.0
26.3.2024 14:00,1710.0
26.3.2024 14:15,1590.0
26.3.2024 14:30,1626.0
26.3.2024 14:45,1590.0
26.3.2024 15:00,1782.0
26.3.2024 15:15,1770.0
26.3.2024 15:30,1614.0
26.3.2024 15:45,1278.0
26.3.2024 16:00,1044.0
26.3.2024 16:15,1392.0
26.3.2024 16:30,1608.0
26.3.2024 16:45,1746.0
26.3.2024 17:00,1854.0
26.3.2024 17:15,1800.0
26.3.2024 17:30,1836.0
26.3.2024 17:45,1836.0
26.3.2024 18:00,1782.0
26.3.2024 18:15,1758.0
26.3.2024 18:30,1836.0
26.3.2024 18:45,1848.0
26.3.2024 19:00,1800.0
26.3.2024 19:15,1788.0
26.3.2024 19:30,1896.0
26.3.2024 19:45,1746.0
26.3.2024 20:00,1956.0
26.3.2024 20:15,1812.0
26.3.2024 20:30,1812.0
26.3.2024 20:45,1914.0
26.3.2024 21:00,1812.0
26.3.2024 21:15,1872.0
26.3.2024 21:30,1740.0
26.3.2024 21:45,1932.0
26.3.2024 22:00,1716.0
26.3.2024 22:15,1590.0
26.3.2024 22:30,1422.0
26.3.2024 22:45,1380.0
26.3.2024 23:00,1248.0
26.3.2024 23:15,1260.0
26.3.2024 23:30,1248.0
26.3.2024 23:45,1092.0
27.3.2024 00:00,1068.0
27.3.2024 00:15,1380.0
27.3.2024 00:30,1590.0
27.3.2024 00:45,1710.0
27.3.2024 01:00,1764.0
27.3.2024 01:15,1848.0
27.3.2024 01:30,1866.0
27.3.2024 01:45,1908.0
27.3.2024 02:00,1830.0
27.3.2024 02:15,1596.0
27.3.2024 02:30,1554.0
27.3.2024 02:45,1830.0
27.3.2024 03:00,1770.0
27.3.2024 03:15,1680.0
27.3.2024 03:30,1854.0
27.3.2024 03:45,1788.0
27.3.2024 04:00,1860.0
27.3.2024 04:15,1848.0
27.3.2024 04:30,1884.0
27.3.2024 04:45,1884.0
27.3.2024 05:00,1872.0
27.3.2024 05:15,1830.0
27.3.2024 05:30,1728.0
27.3.2024 05:45,1782.0
27.3.2024 06:00,1938.0
27.3.2024 06:15,1764.0
27.3.2024 06:30,1806.0
27.3.2024 06:45,1902.0
27.3.2024 07:00,1734.0
27.3.2024 07:15,1584.0
27.3.2024 07:30,1512.0
27.3.2024 07:45,1410.0
27.3.2024 08:00,1464.0
27.3.2024 08:15,1464.0
27.3.2024 08:30,1386.0
27.3.2024 08:45,1404.0
27.3.2024 09:00,1404.0
27.3.2024 09:15,1248.0
27.3.2024 09:30,1350.0
27.3.2024 09:45,1224.0
27.3.2024 10:00,1284.0
27.3.2024 10:15,1296.0
27.3.2024 10:30,1560.0
27.3.2024 10:45,1254.0
27.3.2024 11:00,1368.0
27.3.2024 11:15,1248.0
27.3.2024 11:30,744.0
27.3.2024 11:45,744.0
27.3.2024 12:00,792.0
27.3.2024 12:15,888.0
27.3.2024 12:30,996.0
27.3.2024 12:45,1074.0
27.3.2024 13:00,1020.0
27.3.2024 13:15,1128.0
27.3.2024 13:30,1116.0
27.3.2024 13:45,1104.0
27.3.2024 14:00,1080.0
27.3.2024 14:15,1224.0
27.3.2024 14:30,1224.0
27.3.2024 14:45,1182.0
27.3.2024 15:00,1218.0
27.3.2024 15:15,1368.0
27.3.2024 15:30,1386.0
27.3.2024 15:45,1398.0
27.3.2024 16:00,1506.0
27.3.2024 16:15,1530.0
27.3.2024 16:30,1650.0
27.3.2024 16:45,1602.0
27.3.2024 17:00,1632.0
27.3.2024 17:15,1464.0
27.3.2024 17:30,1380.0
27.3.2024 17:45,1320.0
27.3.2024 18:00,1548.0
27.3.2024 18:15,1752.0
27.3.2024 18:30,1866.0
27.3.2024 18:45,1740.0
27.3.2024 19:00,1782.0
27.3.2024 19:15,1932.0
27.3.2024 19:30,2016.0
27.3.2024 19:45,1872.0
27.3.2024 20:00,1878.0
27.3.2024 20:15,1932.0
27.3.2024 20:30,1920.0
27.3.2024 20:45,1878.0
27.3.2024 21:00,1908.0
27.3.2024 21:15,1926.0
27.3.2024 21:30,1854.0
27.3.2024 21:45,2028.0
27.3.2024 22:00,1800.0
27.3.2024 22:15,1788.0
27.3.2024 22:30,1884.0
27.3.2024 22:45,1866.0
27.3.2024 23:00,1626.0
27.3.2024 23:15,1620.0
27.3.2024 23:30,1806.0
27.3.2024 23:45,1830.0
28.3.2024 00:00,1860.0
28.3.2024 00:15,1914.0
28.3.2024 00:30,1980.0
28.3.2024 00:45,1884.0
28.3.2024 01:00,1944.0
28.3.2024 01:15,1848.0
28.3.2024 01:30,1764.0
28.3.2024 01:45,1848.0
28.3.2024 02:00,1836.0
28.3.2024 02:15,1854.0
28.3.2024 02:30,1938.0
28.3.2024 02:45,1560.0
28.3.2024 03:00,1836.0
28.3.2024 03:15,1902.0
28.3.2024 03:30,1908.0
28.3.2024 03:45,1830.0
28.3.2024 04:00,1848.0
28.3.2024 04:15,1770.0
28.3.2024 04:30,1896.0
28.3.2024 04:45,1590.0
28.3.2024 05:00,1692.0
28.3.2024 05:15,1932.0
28.3.2024 05:30,1764.0
28.3.2024 05:45,1758.0
28.3.2024 06:00,1620.0
28.3.2024 06:15,1620.0
28.3.2024 06:30,1722.0
28.3.2024 06:45,1716.0
28.3.2024 07:00,1668.0
28.3.2024 07:15,1746.0
28.3.2024 07:30,1536.0
28.3.2024 07:45,1392.0
28.3.2024 08:00,1314.0
28.3.2024 08:15,1272.0
28.3.2024 08:30,1476.0
28.3.2024 08:45,1374.0
28.3.2024 09:00,1314.0
28.3.2024 09:15,1368.0
28.3.2024 09:30,1380.0
28.3.2024 09:45,1398.0
28.3.2024 10:00,1110.0
28.3.2024 10:15,1128.0
28.3.2024 10:30,1008.0
28.3.2024 10:45,1002.0
28.3.2024 11:00,936.0
28.3.2024 11:15,744.0
28.3.2024 11:30,906.0
28.3.2024 11:45,930.0
28.3.2024 12:00,984.0
28.3.2024 12:15,1068.0
28.3.2024 12:30,1512.0
28.3.2024 12:45,1584.0
28.3.2024 13:00,1452.0
28.3.2024 13:15,1038.0
28.3.2024 13:30,1500.0
28.3.2024 13:45,1686.0
28.3.2024 14:00,1590.0
28.3.2024 14:15,1464.0
28.3.2024 14:30,1284.0
28.3.2024 14:45,1152.0
28.3.2024 15:00,1494.0
28.3.2024 15:15,1548.0
28.3.2024 15:30,1590.0
28.3.2024 15:45,1740.0
28.3.2024 16:00,1776.0
28.3.2024 16:15,1710.0
28.3.2024 16:30,1746.0
28.3.2024 16:45,1722.0
28.3.2024 17:00,1806.0
28.3.2024 17:15,1584.0
28.3.2024 17:30,1728.0
28.3.2024 17:45,1938.0
28.3.2024 18:00,1944.0
28.3.2024 18:15,1956.0
28.3.2024 18:30,1890.0
28.3.2024 18:45,1728.0
28.3.2024 19:00,1926.0
28.3.2024 19:15,1812.0
28.3.2024 19:30,1908.0
28.3.2024 19:45,1896.0
28.3.2024 20:00,1992.0
28.3.2024 20:15,1872.0
28.3.2024 20:30,1794.0
28.3.2024 20:45,1926.0
28.3.2024 21:00,1902.0
28.3.2024 21:15,1890.0
28.3.2024 21:30,1926.0
28.3.2024 21:45,1938.0
28.3.2024 22:00,2016.0
28.3.2024 22:15,1704.0
28.3.2024 22:30,1506.0
28.3.2024 22:45,1452.0
28.3.2024 23:00,1620.0
28.3.2024 23:15,1794.0
28.3.2024 23:30,1680.0
28.3.2024 23:45,1920.0
29.3.2024 00:00,1884.0
29.3.2024 00:15,1812.0
29.3.2024 00:30,1920.0
29.3.2024 00:45,1944.0
29.3.2024 01:00,1698.0
29.3.2024 01:15,1650.0
29.3.2024 01:30,2004.0
29.3.2024 01:45,1908.0
29.3.2024 02:00,1878.0
29.3.2024 02:15,2034.0
29.3.2024 02:30,1962.0
29.3.2024 02:45,2064.0
29.3.2024 03:00,1974.0
29.3.2024 03:15,1908.0
29.3.2024 03:30,1770.0
29.3.2024 03:45,1632.0
29.3.2024 04:00,1632.0
29.3.2024 04:15,1902.0
29.3.2024 04:30,1932.0
29.3.2024 04:45,1908.0
29.3.2024 05:00,1944.0
29.3.2024 05:15,1872.0
29.3.2024 05:30,1812.0
29.3.2024 05:45,1968.0
29.3.2024 06:00,1800.0
29.3.2024 06:15,1728.0
29.3.2024 06:30,1692.0
29.3.2024 06:45,1692.0
29.3.2024 07:00,1518.0
29.3.2024 07:15,1722.0
29.3.2024 07:30,1704.0
29.3.2024 07:45,1602.0
29.3.2024 08:00,1416.0
29.3.2024 08:15,1440.0
29.3.2024 08:30,1506.0
29.3.2024 08:45,1356.0
29.3.2024 09:00,1332.0
29.3.2024 09:15,1440.0
29.3.2024 09:30,1254.0
29.3.2024 09:45,786.0
29.3.2024 10:00,636.0
29.3.2024 10:15,564.0
29.3.2024 10:30,444.0
29.3.2024 10:45,420.0
29.3.2024 11:00,582.0
29.3.2024 11:15,960.0
29.3.2024 11:30,714.0
29.3.2024 11:45,540.0
29.3.2024 12:00,744.0
29.3.2024 12:15,1416.0
29.3.2024 12:30,1500.0
29.3.2024 12:45,1200.0
29.3.2024 13:00,1284.0
29.3.2024 13:15,1194.0
29.3.2024 13:30,1104.0
29.3.2024 13:45,1092.0
29.3.2024 14:00,1392.0
29.3.2024 14:15,1356.0
29.3.2024 14:30,1092.0
29.3.2024 14:45,1350.0
29.3.2024 15:00,1206.0
29.3.2024 15:15,1080.0
29.3.2024 15:30,1128.0
29.3.2024 15:45,1212.0
29.3.2024 16:00,1308.0
29.3.2024 16:15,1242.0
29.3.2024 16:30,822.0
29.3.2024 16:45,1404.0
29.3.2024 17:00,1554.0
29.3.2024 17:15,1566.0
29.3.2024 17:30,1758.0
29.3.2024 17:45,1998.0
29.3.2024 18:00,1980.0
29.3.2024 18:15,2016.0
29.3.2024 18:30,1926.0
29.3.2024 18:45,1950.0
29.3.2024 19:00,1896.0
29.3.2024 19:15,1848.0
29.3.2024 19:30,1782.0
29.3.2024 19:45,1854.0
29.3.2024 20:00,1890.0
29.3.2024 20:15,1890.0
29.3.2024 20:30,1776.0
29.3.2024 20:45,1956.0
29.3.2024 21:00,1812.0
29.3.2024 21:15,1908.0
29.3.2024 21:30,1746.0
29.3.2024 21:45,1896.0
29.3.2024 22:00,1704.0
29.3.2024 22:15,1764.0
29.3.2024 22:30,1656.0
29.3.2024 22:45,1512.0
29.3.2024 23:00,1536.0
29.3.2024 23:15,1848.0
29.3.2024 23:30,1908.0
29.3.2024 23:45,1884.0
30.3.2024 00:00,1836.0
30.3.2024 00:15,1782.0
30.3.2024 00:30,1872.0
30.3.2024 00:45,1572.0
30.3.2024 01:00,1566.0
30.3.2024 01:15,1794.0
30.3.2024 01:30,1812.0
30.3.2024 01:45,1830.0
30.3.2024 02:00,1956.0
30.3.2024 02:15,1710.0
30.3.2024 02:30,1530.0
30.3.2024 02:45,1476.0
30.3.2024 03:00,1680.0
30.3.2024 03:15,1938.0
30.3.2024 03:30,1968.0
30.3.2024 03:45,1944.0
30.3.2024 04:00,1932.0
30.3.2024 04:15,1860.0
30.3.2024 04:30,1824.0
30.3.2024 04:45,1788.0
30.3.2024 05:00,1674.0
30.3.2024 05:15,1584.0
30.3.2024 05:30,1404.0
30.3.2024 05:45,1506.0
30.3.2024 06:00,1728.0
30.3.2024 06:15,1698.0
30.3.2024 06:30,1422.0
30.3.2024 06:45,1326.0
30.3.2024 07:00,1338.0
30.3.2024 07:15,1662.0
30.3.2024 07:30,1560.0
30.3.2024 07:45,1518.0
30.3.2024 08:00,1572.0
30.3.2024 08:15,1368.0
30.3.2024 08:30,1416.0
30.3.2024 08:45,1158.0
30.3.2024 09:00,1320.0
30.3.2024 09:15,1038.0
30.3.2024 09:30,1050.0
30.3.2024 09:45,1050.0
30.3.2024 10:00,888.0
30.3.2024 10:15,1068.0
30.3.2024 10:30,1146.0
30.3.2024 10:45,1116.0
30.3.2024 11:00,948.0
30.3.2024 11:15,1014.0
30.3.2024 11:30,852.0
30.3.2024 11:45,480.0
30.3.2024 12:00,624.0
30.3.2024 12:15,1146.0
30.3.2024 12:30,1020.0
30.3.2024 12:45,948.0
30.3.2024 13:00,1020.0
30.3.2024 13:15,942.0
30.3.2024 13:30,1098.0
30.3.2024 13:45,1452.0
30.3.2024 14:00,1596.0
30.3.2024 14:15,912.0
30.3.2024 14:30,1074.0
30.3.2024 14:45,1560.0
30.3.2024 15:00,1524.0
30.3.2024 15:15,1368.0
30.3.2024 15:30,1416.0
30.3.2024 15:45,1080.0
30.3.2024 16:00,864.0
30.3.2024 16:15,1254.0
30.3.2024 16:30,1494.0
30.3.2024 16:45,1452.0
30.3.2024 17:00,1512.0
30.3.2024 17:15,1668.0
30.3.2024 17:30,1644.0
30.3.2024 17:45,1836.0
30.3.2024 18:00,1704.0
30.3.2024 18:15,1716.0
30.3.2024 18:30,1752.0
30.3.2024 18:45,1698.0
30.3.2024 19:00,1782.0
30.3.2024 19:15,1788.0
30.3.2024 19:30,1548.0
30.3.2024 19:45,1572.0
30.3.2024 20:00,1842.0
30.3.2024 20:15,1758.0
30.3.2024 20:30,1836.0
30.3.2024 20:45,1758.0
30.3.2024 21:00,1740.0
30.3.2024 21:15,1632.0
30.3.2024 21:30,1782.0
30.3.2024 21:45,1794.0
30.3.2024 22:00,1788.0
30.3.2024 22:15,1866.0
30.3.2024 22:30,1776.0
30.3.2024 22:45,1812.0
30.3.2024 23:00,1788.0
30.3.2024 23:15,1740.0
30.3.2024 23:30,1590.0
30.3.2024 23:45,1782.0
31.3.2024 00:00,1800.0
31.3.2024 00:15,1794.0
31.3.2024 00:30,1776.0
31.3.2024 00:45,1608.0
31.3.2024 01:00,1770.0
31.3.2024 01:15,1818.0
31.3.2024 01:30,1794.0
31.3.2024 01:45,1854.0
31.3.2024 02:00,1818.0
31.3.2024 02:15,1836.0
31.3.2024 02:30,1764.0
31.3.2024 02:45,1602.0
31.3.2024 03:00,1356.0
31.3.2024 03:15,1392.0
31.3.2024 03:30,1860.0
31.3.2024 03:45,1854.0
31.3.2024 04:00,1758.0
31.3.2024 04:15,1782.0
31.3.2024 04:30,1920.0
31.3.2024 04:45,1884.0
31.3.2024 05:00,1824.0
31.3.2024 05:15,1848.0
31.3.2024 05:30,1644.0
31.3.2024 05:45,1470.0
31.3.2024 06:00,1410.0
31.3.2024 06:15,1530.0
31.3.2024 06:30,1734.0
31.3.2024 06:45,1752.0
31.3.2024 07:00,1710.0
31.3.2024 07:15,1464.0
31.3.2024 07:30,1308.0
31.3.2024 07:45,1326.0
31.3.2024 08:00,1434.0
31.3.2024 08:15,1062.0
31.3.2024 08:30,1230.0
31.3.2024 08:45,1146.0
31.3.2024 09:00,1074.0
31.3.2024 09:15,1014.0
31.3.2024 09:30,738.0
31.3.2024 09:45,864.0
31.3.2024 10:00,1002.0
31.3.2024 10:15,960.0
31.3.2024 10:30,864.0
31.3.2024 10:45,636.0
31.3.2024 11:00,504.0
31.3.2024 11:15,822.0
31.3.2024 11:30,714.0
31.3.2024 11:45,816.0
31.3.2024 12:00,738.0
31.3.2024 12:15,690.0
31.3.2024 12:30,834.0
31.3.2024 12:45,684.0
31.3.2024 13:00,990.0
31.3.2024 13:15,930.0
31.3.2024 13:30,768.0
31.3.2024 13:45,1296.0
31.3.2024 14:00,1380.0
31.3.2024 14:15,1338.0
31.3.2024 14:30,1626.0
31.3.2024 14:45,1476.0
31.3.2024 15:00,1122.0
31.3.2024 15:15,1392.0
31.3.2024 15:30,1536.0
31.3.2024 15:45,1632.0
31.3.2024 16:00,1578.0
31.3.2024 16:15,1488.0
31.3.2024 16:30,1488.0
31.3.2024 16:45,1584.0
31.3.2024 17:00,1518.0
31.3.2024 17:15,1578.0
31.3.2024 17:30,1722.0
31.3.2024 17:45,1692.0
31.3.2024 18:00,1728.0
31.3.2024 18:15,1704.0
31.3.2024 18:30,1776.0
31.3.2024 18:45,1758.0
31.3.2024 19:00,1704.0
31.3.2024 19:15,1794.0
31.3.2024 19:30,1692.0
31.3.2024 19:45,1740.0
31.3.2024 20:00,1734.0
31.3.2024 20:15,1674.0
31.3.2024 20:30,1848.0
31.3.2024 20:45,1866.0
31.3.2024 21:00,1824.0
31.3.2024 21:15,1842.0
31.3.2024 21:30,1896.0
31.3.2024 21:45,1836.0
31.3.2024 22:00,1758.0
31.3.2024 22:15,1644.0
31.3.2024 22:30,1818.0
31.3.2024 22:45,1836.0
31.3.2024 23:00,1818.0
31.3.2024 23:15,1716.0
31.3.2024 23:30,1500.0
31.3.2024 23:45,1356.0
1.4.2024 00:00,1218.0
1.4.2024 00:15,1296.0
1.4.2024 00:30,1410.0
1.4.2024 00:45,1200.0
1.4.2024 01:00,1248.0
1.4.2024 01:15,1194.0
1.4.2024 01:30,966.0
1.4.2024 01:45,960.0
1.4.2024 02:00,948.0
1.4.2024 02:15,960.0
1.4.2024 02:30,936.0
1.4.2024 02:45,954.0
1.4.2024 03:00,960.0
1.4.2024 03:15,972.0
1.4.2024 03:30,942.0
1.4.2024 03:45,936.0
1.4.2024 04:00,924.0
1.4.2024 04:15,930.0
1.4.2024 04:30,924.0
1.4.2024 04:45,906.0
1.4.2024 05:00,906.0
1.4.2024 05:15,912.0
1.4.2024 05:30,912.0
1.4.2024 05:45,900.0
1.4.2024 06:00,864.0
1.4.2024 06:15,810.0
1.4.2024 06:30,756.0
1.4.2024 06:45,702.0
1.4.2024 07:00,666.0
1.4.2024 07:15,582.0
1.4.2024 07:30,456.0
1.4.2024 07:45,300.0
1.4.2024 08:00,72.0
1.4.2024 08:15,0.0
1.4.2024 08:30,12.0
1.4.2024 08:45,12.0
1.4.2024 09:00,0.0
1.4.2024 09:15,0.0
1.4.2024 09:30,0.0
1.4.2024 09:45,0.0
1.4.2024 10:00,0.0
1.4.2024 10:15,0.0
1.4.2024 10:30,0.0
1.4.2024 10:45,0.0
1.4.2024 11:00,0.0
1.4.2024 11:15,0.0
1.4.2024 11:30,0.0
1.4.2024 11:45,0.0
1.4.2024 12:00,0.0
1.4.2024 12:15,0.0
1.4.2024 12:30,18.0
1.4.2024 12:45,6.0
1.4.2024 13:00,0.0
1.4.2024 13:15,12.0
1.4.2024 13:30,0.0
1.4.2024 13:45,0.0
1.4.2024 14:00,0.0
1.4.2024 14:15,0.0
1.4.2024 14:30,0.0
1.4.2024 14:45,0.0
1.4.2024 15:00,6.0
1.4.2024 15:15,6.0
1.4.2024 15:30,0.0
1.4.2024 15:45,12.0
1.4.2024 16:00,12.0
1.4.2024 16:15,120.0
1.4.2024 16:30,102.0
1.4.2024 16:45,60.0
1.4.2024 17:00,60.0
1.4.2024 17:15,24.0
1.4.2024 17:30,66.0
1.4.2024 17:45,108.0
1.4.2024 18:00,132.0
1.4.2024 18:15,144.0
1.4.2024 18:30,144.0
1.4.2024 18:45,144.0
1.4.2024 19:00,144.0
1.4.2024 19:15,144.0
1.4.2024 19:30,144.0
1.4.2024 19:45,144.0
1.4.2024 20:00,144.0
1.4.2024 20:15,144.0
1.4.2024 20:30,144.0
1.4.2024 20:45,144.0
1.4.2024 21:00,132.0
1.4.2024 21:15,132.0
1.4.2024 21:30,132.0
1.4.2024 21:45,132.0
1.4.2024 22:00,144.0
1.4.2024 22:15,144.0
1.4.2024 22:30,150.0
1.4.2024 22:45,144.0
1.4.2024 23:00,144.0
1.4.2024 23:15,144.0
1.4.2024 23:30,144.0
1.4.2024 23:45,144.0
2.4.2024 00:00,144.0
2.4.2024 00:15,150.0
2.4.2024 00:30,144.0
2.4.2024 00:45,132.0
2.4.2024 01:00,132.0
2.4.2024 01:15,132.0
2.4.2024 01:30,132.0
2.4.2024 01:45,132.0
2.4.2024 02:00,144.0
2.4.2024 02:15,150.0
2.4.2024 02:30,144.0
2.4.2024 02:45,144.0
2.4.2024 03:00,144.0
2.4.2024 03:15,126.0
2.4.2024 03:30,108.0
2.4.2024 03:45,108.0
2.4.2024 04:00,108.0
2.4.2024 04:15,108.0
2.4.2024 04:30,108.0
2.4.2024 04:45,102.0
2.4.2024 05:00,102.0
2.4.2024 05:15,102.0
2.4.2024 05:30,120.0
2.4.2024 05:45,126.0
2.4.2024 06:00,132.0
2.4.2024 06:15,120.0
2.4.2024 06:30,102.0
2.4.2024 06:45,78.0
2.4.2024 07:00,12.0
2.4.2024 07:15,0.0
2.4.2024 07:30,0.0
2.4.2024 07:45,0.0
2.4.2024 08:00,0.0
2.4.2024 08:15,0.0
2.4.2024 08:30,12.0
2.4.2024 08:45,6.0
2.4.2024 09:00,0.0
2.4.2024 09:15,0.0
2.4.2024 09:30,0.0
2.4.2024 09:45,6.0
2.4.2024 10:00,0.0
2.4.2024 10:15,0.0
2.4.2024 10:30,0.0
2.4.2024 10:45,0.0
2.4.2024 11:00,0.0
2.4.2024 11:15,0.0
2.4.2024 11:30,0.0
2.4.2024 11:45,0.0
2.4.2024 12:00,0.0
2.4.2024 12:15,0.0
2.4.2024 12:30,0.0
2.4.2024 12:45,0.0
2.4.2024 13:00,0.0
2.4.2024 13:15,0.0
2.4.2024 13:30,0.0
2.4.2024 13:45,0.0
2.4.2024 14:00,0.0
2.4.2024 14:15,0.0
2.4.2024 14:30,0.0
2.4.2024 14:45,0.0
2.4.2024 15:00,0.0
2.4.2024 15:15,0.0
2.4.2024 15:30,0.0
2.4.2024 15:45,0.0
2.4.2024 16:00,0.0
2.4.2024 16:15,0.0
2.4.2024 16:30,0.0
2.4.2024 16:45,0.0
2.4.2024 17:00,0.0
2.4.2024 17:15,6.0
2.4.2024 17:30,12.0
2.4.2024 17:45,36.0
2.4.2024 18:00,66.0
2.4.2024 18:15,78.0
2.4.2024 18:30,84.0
2.4.2024 18:45,84.0
2.4.2024 19:00,84.0
2.4.2024 19:15,84.0
2.4.2024 19:30,78.0
2.4.2024 19:45,84.0
2.4.2024 20:00,84.0
2.4.2024 20:15,84.0
2.4.2024 20:30,84.0
2.4.2024 20:45,78.0
2.4.2024 21:00,78.0
2.4.2024 21:15,78.0
2.4.2024 21:30,78.0
2.4.2024 21:45,78.0
2.4.2024 22:00,84.0
2.4.2024 22:15,90.0
2.4.2024 22:30,90.0
2.4.2024 22:45,102.0
2.4.2024 23:00,90.0
2.4.2024 23:15,90.0
2.4.2024 23:30,90.0
2.4.2024 23:45,84.0
3.4.2024 00:00,84.0
3.4.2024 00:15,90.0
3.4.2024 00:30,84.0
3.4.2024 00:45,84.0
3.4.2024 01:00,78.0
3.4.2024 01:15,78.0
3.4.2024 01:30,78.0
3.4.2024 01:45,72.0
3.4.2024 02:00,84.0
3.4.2024 02:15,84.0
3.4.2024 02:30,84.0
3.4.2024 02:45,84.0
3.4.2024 03:00,84.0
3.4.2024 03:15,84.0
3.4.2024 03:30,78.0
3.4.2024 03:45,78.0
3.4.2024 04:00,78.0
3.4.2024 04:15,78.0
3.4.2024 04:30,78.0
3.4.2024 04:45,72.0
3.4.2024 05:00,72.0
3.4.2024 05:15,72.0
3.4.2024 05:30,66.0
3.4.2024 05:45,72.0
3.4.2024 06:00,66.0
3.4.2024 06:15,54.0
3.4.2024 06:30,36.0
3.4.2024 06:45,12.0
3.4.2024 07:00,0.0
3.4.2024 07:15,0.0
3.4.2024 07:30,0.0
3.4.2024 07:45,0.0
3.4.2024 08:00,0.0
3.4.2024 08:15,0.0
3.4.2024 08:30,0.0
3.4.2024 08:45,0.0
3.4.2024 09:00,0.0
3.4.2024 09:15,0.0
3.4.2024 09:30,0.0
3.4.2024 09:45,0.0
3.4.2024 10:00,0.0
3.4.2024 10:15,0.0
3.4.2024 10:30,0.0
3.4.2024 10:45,0.0
3.4.2024 11:00,0.0
3.4.2024 11:15,0.0
3.4.2024 11:30,0.0
3.4.2024 11:45,0.0
3.4.2024 12:00,0.0
3.4.2024 12:15,0.0
3.4.2024 12:30,0.0
3.4.2024 12:45,0.0
3.4.2024 13:00,0.0
3.4.2024 13:15,0.0
3.4.2024 13:30,0.0
3.4.2024 13:45,0.0
3.4.2024 14:00,0.0
3.4.2024 14:15,0.0
3.4.2024 14:30,0.0
3.4.2024 14:45,0.0
3.4.2024 15:00,0.0
3.4.2024 15:15,0.0
3.4.2024 15:30,6.0
3.4.2024 15:45,0.0
3.4.2024 16:00,6.0
3.4.2024 16:15,0.0
3.4.2024 16:30,18.0
3.4.2024 16:45,24.0
3.4.2024 17:00,18.0
3.4.2024 17:15,36.0
3.4.2024 17:30,24.0
3.4.2024 17:45,42.0
3.4.2024 18:00,60.0
3.4.2024 18:15,78.0
3.4.2024 18:30,84.0
3.4.2024 18:45,84.0
3.4.2024 19:00,84.0
3.4.2024 19:15,84.0
3.4.2024 19:30,78.0
3.4.2024 19:45,78.0
3.4.2024 20:00,84.0
3.4.2024 20:15,84.0
3.4.2024 20:30,78.0
3.4.2024 20:45,78.0
3.4.2024 21:00,78.0
3.4.2024 21:15,78.0
3.4.2024 21:30,78.0
3.4.2024 21:45,78.0
3.4.2024 22:00,78.0
3.4.2024 22:15,84.0
3.4.2024 22:30,84.0
3.4.2024 22:45,84.0
3.4.2024 23:00,84.0
3.4.2024 23:15,84.0
3.4.2024 23:30,84.0
3.4.2024 23:45,84.0
4.4.2024 00:00,84.0
4.4.2024 00:15,84.0
4.4.2024 00:30,84.0
4.4.2024 00:45,78.0
4.4.2024 01:00,78.0
4.4.2024 01:15,78.0
4.4.2024 01:30,78.0
4.4.2024 01:45,78.0
4.4.2024 02:00,84.0
4.4.2024 02:15,84.0
4.4.2024 02:30,78.0
4.4.2024 02:45,84.0
4.4.2024 03:00,78.0
4.4.2024 03:15,84.0
4.4.2024 03:30,78.0
4.4.2024 03:45,84.0
4.4.2024 04:00,78.0
4.4.2024 04:15,84.0
4.4.2024 04:30,78.0
4.4.2024 04:45,78.0
4.4.2024 05:00,72.0
4.4.2024 05:15,72.0
4.4.2024 05:30,72.0
4.4.2024 05:45,66.0
4.4.2024 06:00,66.0
4.4.2024 06:15,60.0
4.4.2024 06:30,12.0
4.4.2024 06:45,0.0
4.4.2024 07:00,0.0
4.4.2024 07:15,0.0
4.4.2024 07:30,0.0
4.4.2024 07:45,0.0
4.4.2024 08:00,0.0
4.4.2024 08:15,0.0
4.4.2024 08:30,0.0
4.4.2024 08:45,0.0
4.4.2024 09:00,0.0
4.4.2024 09:15,0.0
4.4.2024 09:30,0.0
4.4.2024 09:45,0.0
4.4.2024 10:00,0.0
4.4.2024 10:15,0.0
4.4.2024 10:30,0.0
4.4.2024 10:45,0.0
4.4.2024 11:00,0.0
4.4.2024 11:15,0.0
4.4.2024 11:30,0.0
4.4.2024 11:45,0.0
4.4.2024 12:00,0.0
4.4.2024 12:15,0.0
4.4.2024 12:30,0.0
4.4.2024 12:45,0.0
4.4.2024 13:00,0.0
4.4.2024 13:15,0.0
4.4.2024 13:30,0.0
4.4.2024 13:45,0.0
4.4.2024 14:00,0.0
4.4.2024 14:15,0.0
4.4.2024 14:30,6.0
4.4.2024 14:45,0.0
4.4.2024 15:00,0.0
4.4.2024 15:15,0.0
4.4.2024 15:30,0.0
4.4.2024 15:45,6.0
4.4.2024 16:00,0.0
4.4.2024 16:15,0.0
4.4.2024 16:30,0.0
4.4.2024 16:45,0.0
4.4.2024 17:00,0.0
4.4.2024 17:15,0.0
4.4.2024 17:30,12.0
4.4.2024 17:45,48.0
4.4.2024 18:00,78.0
4.4.2024 18:15,90.0
4.4.2024 18:30,96.0
4.4.2024 18:45,126.0
4.4.2024 19:00,156.0
4.4.2024 19:15,168.0
4.4.2024 19:30,186.0
4.4.2024 19:45,156.0
4.4.2024 20:00,228.0
4.4.2024 20:15,348.0
4.4.2024 20:30,432.0
4.4.2024 20:45,732.0
4.4.2024 21:00,1308.0
4.4.2024 21:15,1230.0
4.4.2024 21:30,1368.0
4.4.2024 21:45,1452.0
4.4.2024 22:00,1230.0
4.4.2024 22:15,1416.0
4.4.2024 22:30,1524.0
4.4.2024 22:45,1452.0
4.4.2024 23:00,1518.0
4.4.2024 23:15,1518.0
4.4.2024 23:30,1548.0
4.4.2024 23:45,1572.0
5.4.2024 00:00,1692.0
5.4.2024 00:15,1866.0
5.4.2024 00:30,1764.0
5.4.2024 00:45,1734.0
5.4.2024 01:00,1536.0
5.4.2024 01:15,1698.0
5.4.2024 01:30,1854.0
5.4.2024 01:45,1656.0
5.4.2024 02:00,1560.0
5.4.2024 02:15,1824.0
5.4.2024 02:30,1710.0
5.4.2024 02:45,1650.0
5.4.2024 03:00,1608.0
5.4.2024 03:15,1380.0
5.4.2024 03:30,1590.0
5.4.2024 03:45,1650.0
5.4.2024 04:00,1674.0
5.4.2024 04:15,1866.0
5.4.2024 04:30,1782.0
5.4.2024 04:45,1752.0
5.4.2024 05:00,1812.0
5.4.2024 05:15,1806.0
5.4.2024 05:30,1680.0
5.4.2024 05:45,1746.0
5.4.2024 06:00,1458.0
5.4.2024 06:15,1338.0
5.4.2024 06:30,1482.0
5.4.2024 06:45,1680.0
5.4.2024 07:00,1584.0
5.4.2024 07:15,1398.0
5.4.2024 07:30,1338.0
5.4.2024 07:45,1302.0
5.4.2024 08:00,1284.0
5.4.2024 08:15,1272.0
5.4.2024 08:30,1296.0
5.4.2024 08:45,1236.0
5.4.2024 09:00,900.0
5.4.2024 09:15,924.0
5.4.2024 09:30,720.0
5.4.2024 09:45,732.0
5.4.2024 10:00,600.0
5.4.2024 10:15,546.0
5.4.2024 10:30,624.0
5.4.2024 10:45,576.0
5.4.2024 11:00,600.0
5.4.2024 11:15,498.0
5.4.2024 11:30,570.0
5.4.2024 11:45,636.0
5.4.2024 12:00,936.0
5.4.2024 12:15,834.0
5.4.2024 12:30,852.0
5.4.2024 12:45,540.0
5.4.2024 13:00,804.0
5.4.2024 13:15,1518.0
5.4.2024 13:30,1128.0
5.4.2024 13:45,642.0
5.4.2024 14:00,600.0
5.4.2024 14:15,1242.0
5.4.2024 14:30,1026.0
5.4.2024 14:45,900.0
5.4.2024 15:00,894.0
5.4.2024 15:15,1164.0
5.4.2024 15:30,1224.0
5.4.2024 15:45,1332.0
5.4.2024 16:00,1386.0
5.4.2024 16:15,1464.0
5.4.2024 16:30,1524.0
5.4.2024 16:45,1500.0
5.4.2024 17:00,1650.0
5.4.2024 17:15,1716.0
5.4.2024 17:30,1728.0
5.4.2024 17:45,1878.0
5.4.2024 18:00,1800.0
5.4.2024 18:15,1860.0
5.4.2024 18:30,1800.0
5.4.2024 18:45,1830.0
5.4.2024 19:00,1692.0
5.4.2024 19:15,1698.0
5.4.2024 19:30,1608.0
5.4.2024 19:45,1824.0
5.4.2024 20:00,1656.0
5.4.2024 20:15,1866.0
5.4.2024 20:30,1950.0
5.4.2024 20:45,1896.0
5.4.2024 21:00,1884.0
5.4.2024 21:15,1842.0
5.4.2024 21:30,1986.0
5.4.2024 21:45,1884.0
5.4.2024 22:00,1812.0
5.4.2024 22:15,1860.0
5.4.2024 22:30,1932.0
5.4.2024 22:45,1740.0
5.4.2024 23:00,1908.0
5.4.2024 23:15,1800.0
5.4.2024 23:30,1956.0
5.4.2024 23:45,1974.0
6.4.2024 00:00,1872.0
6.4.2024 00:15,1896.0
6.4.2024 00:30,1920.0
6.4.2024 00:45,1758.0
6.4.2024 01:00,1782.0
6.4.2024 01:15,1836.0
6.4.2024 01:30,1512.0
6.4.2024 01:45,1428.0
6.4.2024 02:00,1500.0
6.4.2024 02:15,1524.0
6.4.2024 02:30,1506.0
6.4.2024 02:45,1416.0
6.4.2024 03:00,1530.0
6.4.2024 03:15,1770.0
6.4.2024 03:30,1596.0
6.4.2024 03:45,1764.0
6.4.2024 04:00,1692.0
6.4.2024 04:15,1656.0
6.4.2024 04:30,1656.0
6.4.2024 04:45,1728.0
6.4.2024 05:00,1590.0
6.4.2024 05:15,1722.0
6.4.2024 05:30,1884.0
6.4.2024 05:45,1794.0
6.4.2024 06:00,1752.0
6.4.2024 06:15,1698.0
6.4.2024 06:30,1482.0
6.4.2024 06:45,1560.0
6.4.2024 07:00,1602.0
6.4.2024 07:15,1512.0
6.4.2024 07:30,1434.0
6.4.2024 07:45,1428.0
6.4.2024 08:00,1302.0
6.4.2024 08:15,1212.0
6.4.2024 08:30,1128.0
6.4.2024 08:45,984.0
6.4.2024 09:00,942.0
6.4.2024 09:15,756.0
6.4.2024 09:30,894.0
6.4.2024 09:45,894.0
6.4.2024 10:00,840.0
6.4.2024 10:15,858.0
6.4.2024 10:30,828.0
6.4.2024 10:45,912.0
6.4.2024 11:00,750.0
6.4.2024 11:15,912.0
6.4.2024 11:30,840.0
6.4.2024 11:45,750.0
6.4.2024 12:00,744.0
6.4.2024 12:15,684.0
6.4.2024 12:30,636.0
6.4.2024 12:45,708.0
6.4.2024 13:00,978.0
6.4.2024 13:15,888.0
6.4.2024 13:30,726.0
6.4.2024 13:45,1086.0
6.4.2024 14:00,678.0
6.4.2024 14:15,804.0
6.4.2024 14:30,660.0
6.4.2024 14:45,1044.0
6.4.2024 15:00,1134.0
6.4.2024 15:15,1398.0
6.4.2024 15:30,1266.0
6.4.2024 15:45,1392.0
6.4.2024 16:00,1434.0
6.4.2024 16:15,1428.0
6.4.2024 16:30,1560.0
6.4.2024 16:45,1440.0
6.4.2024 17:00,1752.0
6.4.2024 17:15,1512.0
6.4.2024 17:30,1776.0
6.4.2024 17:45,1836.0
6.4.2024 18:00,1590.0
6.4.2024 18:15,1872.0
6.4.2024 18:30,1698.0
6.4.2024 18:45,1722.0
6.4.2024 19:00,1524.0
6.4.2024 19:15,1872.0
6.4.2024 19:30,1650.0
6.4.2024 19:45,1860.0
6.4.2024 20:00,1818.0
6.4.2024 20:15,1728.0
6.4.2024 20:30,1740.0
6.4.2024 20:45,1776.0
6.4.2024 21:00,1866.0
6.4.2024 21:15,1806.0
6.4.2024 21:30,1692.0
6.4.2024 21:45,1848.0
6.4.2024 22:00,1830.0
6.4.2024 22:15,1944.0
6.4.2024 22:30,1752.0
6.4.2024 22:45,1908.0
6.4.2024 23:00,1872.0
6.4.2024 23:15,1914.0
6.4.2024 23:30,1830.0
6.4.2024 23:45,1710.0
7.4.2024 00:00,1506.0
7.4.2024 00:15,1626.0
7.4.2024 00:30,1782.0
7.4.2024 00:45,1590.0
7.4.2024 01:00,1368.0
7.4.2024 01:15,1458.0
7.4.2024 01:30,1482.0
7.4.2024 01:45,1494.0
7.4.2024 02:00,1698.0
7.4.2024 02:15,1752.0
7.4.2024 02:30,1902.0
7.4.2024 02:45,1752.0
7.4.2024 03:00,1848.0
7.4.2024 03:15,1872.0
7.4.2024 03:30,1842.0
7.4.2024 03:45,1902.0
7.4.2024 04:00,1746.0
7.4.2024 04:15,1734.0
7.4.2024 04:30,1836.0
7.4.2024 04:45,1758.0
7.4.2024 05:00,1632.0
7.4.2024 05:15,1698.0
7.4.2024 05:30,1758.0
7.4.2024 05:45,1752.0
7.4.2024 06:00,1620.0
7.4.2024 06:15,1632.0
7.4.2024 06:30,1596.0
7.4.2024 06:45,1668.0
7.4.2024 07:00,1620.0
7.4.2024 07:15,1434.0
7.4.2024 07:30,1416.0
7.4.2024 07:45,1314.0
7.4.2024 08:00,1164.0
7.4.2024 08:15,1248.0
7.4.2024 08:30,1218.0
7.4.2024 08:45,1080.0
7.4.2024 09:00,858.0
7.4.2024 09:15,1062.0
7.4.2024 09:30,1032.0
7.4.2024 09:45,846.0
7.4.2024 10:00,540.0
7.4.2024 10:15,648.0
7.4.2024 10:30,900.0
7.4.2024 10:45,726.0
7.4.2024 11:00,648.0
7.4.2024 11:15,858.0
7.4.2024 11:30,762.0
7.4.2024 11:45,774.0
7.4.2024 12:00,540.0
7.4.2024 12:15,624.0
7.4.2024 12:30,606.0
7.4.2024 12:45,480.0
7.4.2024 13:00,432.0
7.4.2024 13:15,342.0
7.4.2024 13:30,504.0
7.4.2024 13:45,510.0
7.4.2024 14:00,372.0
7.4.2024 14:15,864.0
7.4.2024 14:30,600.0
7.4.2024 14:45,390.0
7.4.2024 15:00,534.0
7.4.2024 15:15,822.0
7.4.2024 15:30,600.0
7.4.2024 15:45,912.0
7.4.2024 16:00,990.0
7.4.2024 16:15,828.0
7.4.2024 16:30,918.0
7.4.2024 16:45,1014.0
7.4.2024 17:00,1206.0
7.4.2024 17:15,1230.0
7.4.2024 17:30,1308.0
7.4.2024 17:45,1398.0
7.4.2024 18:00,1428.0
7.4.2024 18:15,1464.0
7.4.2024 18:30,1374.0
7.4.2024 18:45,1428.0
7.4.2024 19:00,1404.0
7.4.2024 19:15,1404.0
7.4.2024 19:30,1398.0
7.4.2024 19:45,1434.0
7.4.2024 20:00,1368.0
7.4.2024 20:15,1332.0
7.4.2024 20:30,1212.0
7.4.2024 20:45,1236.0
7.4.2024 21:00,1362.0
7.4.2024 21:15,1836.0
7.4.2024 21:30,1860.0
7.4.2024 21:45,1872.0
7.4.2024 22:00,1812.0
7.4.2024 22:15,1782.0
7.4.2024 22:30,1950.0
7.4.2024 22:45,1962.0
7.4.2024 23:00,1914.0
7.4.2024 23:15,1842.0
7.4.2024 23:30,1788.0
7.4.2024 23:45,1740.0
8.4.2024 00:00,1824.0
8.4.2024 00:15,1884.0
8.4.2024 00:30,1782.0
8.4.2024 00:45,1770.0
8.4.2024 01:00,1860.0
8.4.2024 01:15,1842.0
8.4.2024 01:30,1860.0
8.4.2024 01:45,1788.0
8.4.2024 02:00,1638.0
8.4.2024 02:15,1494.0
8.4.2024 02:30,1542.0
8.4.2024 02:45,1596.0
8.4.2024 03:00,1740.0
8.4.2024 03:15,1452.0
8.4.2024 03:30,1746.0
8.4.2024 03:45,1944.0
8.4.2024 04:00,1830.0
8.4.2024 04:15,1908.0
8.4.2024 04:30,1872.0
8.4.2024 04:45,1860.0
8.4.2024 05:00,1734.0
8.4.2024 05:15,1704.0
8.4.2024 05:30,1914.0
8.4.2024 05:45,1710.0
8.4.2024 06:00,1680.0
8.4.2024 06:15,1650.0
8.4.2024 06:30,1650.0
8.4.2024 06:45,1716.0
8.4.2024 07:00,1644.0
8.4.2024 07:15,1632.0
8.4.2024 07:30,1554.0
8.4.2024 07:45,1482.0
8.4.2024 08:00,1410.0
8.4.2024 08:15,1248.0
8.4.2024 08:30,1320.0
8.4.2024 08:45,1218.0
8.4.2024 09:00,1062.0
8.4.2024 09:15,1062.0
8.4.2024 09:30,1146.0
8.4.2024 09:45,990.0
8.4.2024 10:00,1050.0
8.4.2024 10:15,804.0
8.4.2024 10:30,696.0
8.4.2024 10:45,828.0
8.4.2024 11:00,876.0
8.4.2024 11:15,948.0
8.4.2024 11:30,924.0
8.4.2024 11:45,1302.0
8.4.2024 12:00,912.0
8.4.2024 12:15,948.0
8.4.2024 12:30,1080.0
8.4.2024 12:45,1188.0
8.4.2024 13:00,1308.0
8.4.2024 13:15,1110.0
8.4.2024 13:30,900.0
8.4.2024 13:45,1356.0
8.4.2024 14:00,1068.0
8.4.2024 14:15,1194.0
8.4.2024 14:30,1122.0
8.4.2024 14:45,1320.0
8.4.2024 15:00,1686.0
8.4.2024 15:15,1632.0
8.4.2024 15:30,1368.0
8.4.2024 15:45,1416.0
8.4.2024 16:00,1524.0
8.4.2024 16:15,1428.0
8.4.2024 16:30,1758.0
8.4.2024 16:45,1710.0
8.4.2024 17:00,1782.0
8.4.2024 17:15,1440.0
8.4.2024 17:30,1410.0
8.4.2024 17:45,1470.0
8.4.2024 18:00,1428.0
8.4.2024 18:15,1440.0
8.4.2024 18:30,1488.0
8.4.2024 18:45,1812.0
8.4.2024 19:00,1482.0
8.4.2024 19:15,1512.0
8.4.2024 19:30,1782.0
8.4.2024 19:45,1668.0
8.4.2024 20:00,1728.0
8.4.2024 20:15,1800.0
8.4.2024 20:30,1908.0
8.4.2024 20:45,1992.0
8.4.2024 21:00,2004.0
8.4.2024 21:15,1884.0
8.4.2024 21:30,1920.0
8.4.2024 21:45,1950.0
8.4.2024 22:00,1926.0
8.4.2024 22:15,1884.0
8.4.2024 22:30,1800.0
8.4.2024 22:45,1986.0
8.4.2024 23:00,1974.0
8.4.2024 23:15,1896.0
8.4.2024 23:30,1722.0
8.4.2024 23:45,1980.0
9.4.2024 00:00,1938.0
9.4.2024 00:15,2004.0
9.4.2024 00:30,1986.0
9.4.2024 00:45,1974.0
9.4.2024 01:00,1962.0
9.4.2024 01:15,2064.0
9.4.2024 01:30,1986.0
9.4.2024 01:45,1884.0
9.4.2024 02:00,1842.0
9.4.2024 02:15,1812.0
9.4.2024 02:30,1566.0
9.4.2024 02:45,1284.0
9.4.2024 03:00,1764.0
9.4.2024 03:15,1854.0
9.4.2024 03:30,1866.0
9.4.2024 03:45,1902.0
9.4.2024 04:00,1764.0
9.4.2024 04:15,1734.0
9.4.2024 04:30,1872.0
9.4.2024 04:45,1776.0
9.4.2024 05:00,1644.0
9.4.2024 05:15,1812.0
9.4.2024 05:30,1884.0
9.4.2024 05:45,1908.0
9.4.2024 06:00,1836.0
9.4.2024 06:15,1698.0
9.4.2024 06:30,1848.0
9.4.2024 06:45,1758.0
9.4.2024 07:00,1800.0
9.4.2024 07:15,1698.0
9.4.2024 07:30,1704.0
9.4.2024 07:45,1698.0
9.4.2024 08:00,1692.0
9.4.2024 08:15,1608.0
9.4.2024 08:30,1524.0
9.4.2024 08:45,1224.0
9.4.2024 09:00,1128.0
9.4.2024 09:15,912.0
9.4.2024 09:30,1038.0
9.4.2024 09:45,1062.0
9.4.2024 10:00,1248.0
9.4.2024 10:15,1086.0
9.4.2024 10:30,1074.0
9.4.2024 10:45,1284.0
9.4.2024 11:00,1134.0
9.4.2024 11:15,930.0
9.4.2024 11:30,1392.0
9.4.2024 11:45,1422.0
9.4.2024 12:00,1416.0
9.4.2024 12:15,1218.0
9.4.2024 12:30,1404.0
9.4.2024 12:45,1158.0
9.4.2024 13:00,1200.0
9.4.2024 13:15,1236.0
9.4.2024 13:30,1122.0
9.4.2024 13:45,1236.0
9.4.2024 14:00,1008.0
9.4.2024 14:15,924.0
9.4.2024 14:30,816.0
9.4.2024 14:45,828.0
9.4.2024 15:00,564.0
9.4.2024 15:15,690.0
9.4.2024 15:30,486.0
9.4.2024 15:45,624.0
9.4.2024 16:00,1140.0
9.4.2024 16:15,906.0
9.4.2024 16:30,876.0
9.4.2024 16:45,1020.0
9.4.2024 17:00,1458.0
9.4.2024 17:15,1398.0
9.4.2024 17:30,1872.0
9.4.2024 17:45,1902.0
9.4.2024 18:00,1962.0
9.4.2024 18:15,1854.0
9.4.2024 18:30,1680.0
9.4.2024 18:45,1956.0
9.4.2024 19:00,1896.0
9.4.2024 19:15,1860.0
9.4.2024 19:30,1680.0
9.4.2024 19:45,1446.0
9.4.2024 20:00,1500.0
9.4.2024 20:15,1452.0
9.4.2024 20:30,1512.0
9.4.2024 20:45,1470.0
9.4.2024 21:00,1506.0
9.4.2024 21:15,1428.0
9.4.2024 21:30,984.0
9.4.2024 21:45,732.0
9.4.2024 22:00,816.0
9.4.2024 22:15,870.0
9.4.2024 22:30,600.0
9.4.2024 22:45,414.0
9.4.2024 23:00,414.0
9.4.2024 23:15,660.0
9.4.2024 23:30,1260.0
9.4.2024 23:45,1272.0
10.4.2024 00:00,1272.0
10.4.2024 00:15,1374.0
10.4.2024 00:30,1440.0
10.4.2024 00:45,1638.0
10.4.2024 01:00,1656.0
10.4.2024 01:15,1680.0
10.4.2024 01:30,1596.0
10.4.2024 01:45,1422.0
10.4.2024 02:00,1500.0
10.4.2024 02:15,1416.0
10.4.2024 02:30,1596.0
10.4.2024 02:45,1422.0
10.4.2024 03:00,1608.0
10.4.2024 03:15,1812.0
10.4.2024 03:30,1782.0
10.4.2024 03:45,1656.0
10.4.2024 04:00,1860.0
10.4.2024 04:15,1794.0
10.4.2024 04:30,1788.0
10.4.2024 04:45,1908.0
10.4.2024 05:00,1800.0
10.4.2024 05:15,1656.0
10.4.2024 05:30,1998.0
10.4.2024 05:45,1800.0
10.4.2024 06:00,1710.0
10.4.2024 06:15,1764.0
10.4.2024 06:30,1794.0
10.4.2024 06:45,1830.0
10.4.2024 07:00,1842.0
10.4.2024 07:15,1830.0
10.4.2024 07:30,1764.0
10.4.2024 07:45,1416.0
10.4.2024 08:00,1020.0
10.4.2024 08:15,1026.0
10.4.2024 08:30,990.0
10.4.2024 08:45,714.0
10.4.2024 09:00,690.0
10.4.2024 09:15,960.0
10.4.2024 09:30,1146.0
10.4.2024 09:45,1200.0
10.4.2024 10:00,1140.0
10.4.2024 10:15,1260.0
10.4.2024 10:30,1320.0
10.4.2024 10:45,1242.0
10.4.2024 11:00,1122.0
10.4.2024 11:15,840.0
10.4.2024 11:30,1110.0
10.4.2024 11:45,924.0
10.4.2024 12:00,1008.0
10.4.2024 12:15,966.0
10.4.2024 12:30,906.0
10.4.2024 12:45,636.0
10.4.2024 13:00,756.0
10.4.2024 13:15,696.0
10.4.2024 13:30,258.0
10.4.2024 13:45,288.0
10.4.2024 14:00,552.0
10.4.2024 14:15,744.0
10.4.2024 14:30,1224.0
10.4.2024 14:45,1254.0
10.4.2024 15:00,1260.0
10.4.2024 15:15,1236.0
10.4.2024 15:30,1290.0
10.4.2024 15:45,1500.0
10.4.2024 16:00,1512.0
10.4.2024 16:15,1410.0
10.4.2024 16:30,1644.0
10.4.2024 16:45,1746.0
10.4.2024 17:00,1662.0
10.4.2024 17:15,1680.0
10.4.2024 17:30,1188.0
10.4.2024 17:45,1092.0
10.4.2024 18:00,1572.0
10.4.2024 18:15,1698.0
10.4.2024 18:30,1584.0
10.4.2024 18:45,1560.0
10.4.2024 19:00,1716.0
10.4.2024 19:15,1536.0
10.4.2024 19:30,1908.0
10.4.2024 19:45,1800.0
10.4.2024 20:00,1908.0
10.4.2024 20:15,1830.0
10.4.2024 20:30,1830.0
10.4.2024 20:45,1896.0
10.4.2024 21:00,1854.0
10.4.2024 21:15,1818.0
10.4.2024 21:30,1704.0
10.4.2024 21:45,1488.0
10.4.2024 22:00,1752.0
10.4.2024 22:15,1620.0
10.4.2024 22:30,1872.0
10.4.2024 22:45,1920.0
10.4.2024 23:00,1836.0
10.4.2024 23:15,1446.0
10.4.2024 23:30,960.0
10.4.2024 23:45,900.0
11.4.2024 00:00,894.0
11.4.2024 00:15,888.0
11.4.2024 00:30,882.0
11.4.2024 00:45,876.0
11.4.2024 01:00,888.0
11.4.2024 01:15,888.0
11.4.2024 01:30,882.0
11.4.2024 01:45,888.0
11.4.2024 02:00,894.0
11.4.2024 02:15,894.0
11.4.2024 02:30,888.0
11.4.2024 02:45,852.0
11.4.2024 03:00,858.0
11.4.2024 03:15,852.0
11.4.2024 03:30,852.0
11.4.2024 03:45,840.0
11.4.2024 04:00,846.0
11.4.2024 04:15,846.0
11.4.2024 04:30,846.0
11.4.2024 04:45,852.0
11.4.2024 05:00,852.0
11.4.2024 05:15,870.0
11.4.2024 05:30,912.0
11.4.2024 05:45,912.0
11.4.2024 06:00,912.0
11.4.2024 06:15,894.0
11.4.2024 06:30,864.0
11.4.2024 06:45,804.0
11.4.2024 07:00,756.0
11.4.2024 07:15,444.0
11.4.2024 07:30,132.0
11.4.2024 07:45,24.0
11.4.2024 08:00,0.0
11.4.2024 08:15,0.0
11.4.2024 08:30,12.0
11.4.2024 08:45,12.0
11.4.2024 09:00,12.0
11.4.2024 09:15,6.0
11.4.2024 09:30,12.0
11.4.2024 09:45,6.0
11.4.2024 10:00,6.0
11.4.2024 10:15,0.0
11.4.2024 10:30,0.0
11.4.2024 10:45,6.0
11.4.2024 11:00,0.0
11.4.2024 11:15,0.0
11.4.2024 11:30,6.0
11.4.2024 11:45,0.0
11.4.2024 12:00,0.0
11.4.2024 12:15,0.0
11.4.2024 12:30,0.0
11.4.2024 12:45,0.0
11.4.2024 13:00,0.0
11.4.2024 13:15,0.0
11.4.2024 13:30,6.0
11.4.2024 13:45,0.0
11.4.2024 14:00,0.0
11.4.2024 14:15,0.0
11.4.2024 14:30,0.0
11.4.2024 14:45,0.0
11.4.2024 15:00,0.0
11.4.2024 15:15,6.0
11.4.2024 15:30,6.0
11.4.2024 15:45,12.0
11.4.2024 16:00,12.0
11.4.2024 16:15,0.0
11.4.2024 16:30,0.0
11.4.2024 16:45,0.0
11.4.2024 17:00,0.0
11.4.2024 17:15,0.0
11.4.2024 17:30,6.0
11.4.2024 17:45,30.0
11.4.2024 18:00,72.0
11.4.2024 18:15,84.0
11.4.2024 18:30,84.0
11.4.2024 18:45,84.0
11.4.2024 19:00,84.0
11.4.2024 19:15,84.0
11.4.2024 19:30,84.0
11.4.2024 19:45,84.0
11.4.2024 20:00,84.0
11.4.2024 20:15,84.0
11.4.2024 20:30,84.0
11.4.2024 20:45,78.0
11.4.2024 21:00,78.0
11.4.2024 21:15,78.0
11.4.2024 21:30,78.0
11.4.2024 21:45,78.0
11.4.2024 22:00,84.0
11.4.2024 22:15,84.0
11.4.2024 22:30,90.0
11.4.2024 22:45,84.0
11.4.2024 23:00,90.0
11.4.2024 23:15,84.0
11.4.2024 23:30,90.0
11.4.2024 23:45,84.0
12.4.2024 00:00,84.0
12.4.2024 00:15,84.0
12.4.2024 00:30,84.0
12.4.2024 00:45,84.0
12.4.2024 01:00,84.0
12.4.2024 01:15,84.0
12.4.2024 01:30,84.0
12.4.2024 01:45,78.0
12.4.2024 02:00,84.0
12.4.2024 02:15,84.0
12.4.2024 02:30,84.0
12.4.2024 02:45,84.0
12.4.2024 03:00,84.0
12.4.2024 03:15,84.0
12.4.2024 03:30,84.0
12.4.2024 03:45,84.0
12.4.2024 04:00,84.0
12.4.2024 04:15,84.0
12.4.2024 04:30,84.0
12.4.2024 04:45,78.0
12.4.2024 05:00,84.0
12.4.2024 05:15,78.0
12.4.2024 05:30,84.0
12.4.2024 05:45,78.0
12.4.2024 06:00,72.0
12.4.2024 06:15,54.0
12.4.2024 06:30,6.0
12.4.2024 06:45,0.0
12.4.2024 07:00,0.0
12.4.2024 07:15,0.0
12.4.2024 07:30,6.0
12.4.2024 07:45,0.0
12.4.2024 08:00,0.0
12.4.2024 08:15,0.0
12.4.2024 08:30,0.0
12.4.2024 08:45,0.0
12.4.2024 09:00,0.0
12.4.2024 09:15,0.0
12.4.2024 09:30,0.0
12.4.2024 09:45,0.0
12.4.2024 10:00,0.0
12.4.2024 10:15,0.0
12.4.2024 10:30,0.0
12.4.2024 10:45,0.0
12.4.2024 11:00,0.0
12.4.2024 11:15,0.0
12.4.2024 11:30,0.0
12.4.2024 11:45,0.0
12.4.2024 12:00,0.0
12.4.2024 12:15,0.0
12.4.2024 12:30,0.0
12.4.2024 12:45,0.0
12.4.2024 13:00,0.0
12.4.2024 13:15,0.0
12.4.2024 13:30,0.0
12.4.2024 13:45,0.0
12.4.2024 14:00,0.0
12.4.2024 14:15,0.0
12.4.2024 14:30,0.0
12.4.2024 14:45,0.0
12.4.2024 15:00,0.0
12.4.2024 15:15,0.0
12.4.2024 15:30,0.0
12.4.2024 15:45,0.0
12.4.2024 16:00,0.0
12.4.2024 16:15,0.0
12.4.2024 16:30,0.0
12.4.2024 16:45,0.0
12.4.2024 17:00,0.0
12.4.2024 17:15,0.0
12.4.2024 17:30,24.0
12.4.2024 17:45,60.0
12.4.2024 18:00,72.0
12.4.2024 18:15,78.0
12.4.2024 18:30,78.0
12.4.2024 18:45,72.0
12.4.2024 19:00,78.0
12.4.2024 19:15,72.0
12.4.2024 19:30,78.0
12.4.2024 19:45,72.0
12.4.2024 20:00,78.0
12.4.2024 20:15,72.0
12.4.2024 20:30,78.0
12.4.2024 20:45,72.0
12.4.2024 21:00,72.0
12.4.2024 21:15,72.0
12.4.2024 21:30,72.0
12.4.2024 21:45,72.0
12.4.2024 22:00,72.0
12.4.2024 22:15,72.0
12.4.2024 22:30,72.0
12.4.2024 22:45,78.0
12.4.2024 23:00,78.0
12.4.2024 23:15,72.0
12.4.2024 23:30,78.0
12.4.2024 23:45,78.0
13.4.2024 00:00,72.0
13.4.2024 00:15,78.0
13.4.2024 00:30,72.0
13.4.2024 00:45,72.0
13.4.2024 01:00,72.0
13.4.2024 01:15,72.0
13.4.2024 01:30,72.0
13.4.2024 01:45,72.0
13.4.2024 02:00,72.0
13.4.2024 02:15,72.0
13.4.2024 02:30,72.0
13.4.2024 02:45,78.0
13.4.2024 03:00,72.0
13.4.2024 03:15,78.0
13.4.2024 03:30,72.0
13.4.2024 03:45,72.0
13.4.2024 04:00,72.0
13.4.2024 04:15,72.0
13.4.2024 04:30,72.0
13.4.2024 04:45,72.0
13.4.2024 05:00,72.0
13.4.2024 05:15,72.0
13.4.2024 05:30,72.0
13.4.2024 05:45,66.0
13.4.2024 06:00,60.0
13.4.2024 06:15,54.0
13.4.2024 06:30,42.0
13.4.2024 06:45,36.0
13.4.2024 07:00,12.0
13.4.2024 07:15,0.0
13.4.2024 07:30,0.0
13.4.2024 07:45,0.0
13.4.2024 08:00,0.0
13.4.2024 08:15,0.0
13.4.2024 08:30,0.0
13.4.2024 08:45,0.0
13.4.2024 09:00,6.0
13.4.2024 09:15,0.0
13.4.2024 09:30,0.0
13.4.2024 09:45,0.0
13.4.2024 10:00,0.0
13.4.2024 10:15,0.0
13.4.2024 10:30,0.0
13.4.2024 10:45,0.0
13.4.2024 11:00,0.0
13.4.2024 11:15,0.0
13.4.2024 11:30,0.0
13.4.2024 11:45,0.0
13.4.2024 12:00,0.0
13.4.2024 12:15,0.0
13.4.2024 12:30,0.0
13.4.2024 12:45,0.0
13.4.2024 13:00,0.0
13.4.2024 13:15,0.0
13.4.2024 13:30,0.0
13.4.2024 13:45,0.0
13.4.2024 14:00,0.0
13.4.2024 14:15,0.0
13.4.2024 14:30,0.0
13.4.2024 14:45,0.0
13.4.2024 15:00,0.0
13.4.2024 15:15,0.0
13.4.2024 15:30,0.0
13.4.2024 15:45,0.0
13.4.2024 16:00,0.0
13.4.2024 16:15,6.0
13.4.2024 16:30,12.0
13.4.2024 16:45,6.0
13.4.2024 17:00,24.0
13.4.2024 17:15,30.0
13.4.2024 17:30,42.0
13.4.2024 17:45,54.0
13.4.2024 18:00,66.0
13.4.2024 18:15,72.0
13.4.2024 18:30,78.0
13.4.2024 18:45,78.0
13.4.2024 19:00,78.0
13.4.2024 19:15,78.0
13.4.2024 19:30,78.0
13.4.2024 19:45,78.0
13.4.2024 20:00,72.0
13.4.2024 20:15,78.0
13.4.2024 20:30,72.0
13.4.2024 20:45,72.0
13.4.2024 21:00,72.0
13.4.2024 21:15,72.0
13.4.2024 21:30,72.0
13.4.2024 21:45,72.0
13.4.2024 22:00,72.0
13.4.2024 22:15,78.0
13.4.2024 22:30,72.0
13.4.2024 22:45,78.0
13.4.2024 23:00,78.0
13.4.2024 23:15,72.0
13.4.2024 23:30,72.0
13.4.2024 23:45,78.0
14.4.2024 00:00,72.0
14.4.2024 00:15,78.0
14.4.2024 00:30,78.0
14.4.2024 00:45,72.0
14.4.2024 01:00,72.0
14.4.2024 01:15,72.0
14.4.2024 01:30,72.0
14.4.2024 01:45,72.0
14.4.2024 02:00,72.0
14.4.2024 02:15,72.0
14.4.2024 02:30,72.0
14.4.2024 02:45,78.0
14.4.2024 03:00,72.0
14.4.2024 03:15,78.0
14.4.2024 03:30,72.0
14.4.2024 03:45,72.0
14.4.2024 04:00,72.0
14.4.2024 04:15,78.0
14.4.2024 04:30,72.0
14.4.2024 04:45,72.0
14.4.2024 05:00,72.0
14.4.2024 05:15,72.0
14.4.2024 05:30,72.0
14.4.2024 05:45,66.0
14.4.2024 06:00,66.0
14.4.2024 06:15,48.0
14.4.2024 06:30,30.0
14.4.2024 06:45,6.0
14.4.2024 07:00,0.0
14.4.2024 07:15,0.0
14.4.2024 07:30,0.0
14.4.2024 07:45,0.0
14.4.2024 08:00,0.0
14.4.2024 08:15,0.0
14.4.2024 08:30,0.0
14.4.2024 08:45,0.0
14.4.2024 09:00,0.0
14.4.2024 09:15,0.0
14.4.2024 09:30,0.0
14.4.2024 09:45,0.0
14.4.2024 10:00,0.0
14.4.2024 10:15,0.0
14.4.2024 10:30,0.0
14.4.2024 10:45,0.0
14.4.2024 11:00,0.0
14.4.2024 11:15,0.0
14.4.2024 11:30,0.0
14.4.2024 11:45,0.0
14.4.2024 12:00,0.0
14.4.2024 12:15,0.0
14.4.2024 12:30,0.0
14.4.2024 12:45,0.0
14.4.2024 13:00,0.0
14.4.2024 13:15,0.0
14.4.2024 13:30,0.0
14.4.2024 13:45,0.0
14.4.2024 14:00,0.0
14.4.2024 14:15,0.0
14.4.2024 14:30,0.0
14.4.2024 14:45,0.0
14.4.2024 15:00,0.0
14.4.2024 15:15,0.0
14.4.2024 15:30,6.0
14.4.2024 15:45,6.0
14.4.2024 16:00,0.0
14.4.2024 16:15,0.0
14.4.2024 16:30,6.0
14.4.2024 16:45,0.0
14.4.2024 17:00,12.0
14.4.2024 17:15,24.0
14.4.2024 17:30,42.0
14.4.2024 17:45,48.0
14.4.2024 18:00,60.0
14.4.2024 18:15,72.0
14.4.2024 18:30,72.0
14.4.2024 18:45,72.0
14.4.2024 19:00,78.0
14.4.2024 19:15,78.0
14.4.2024 19:30,72.0
14.4.2024 19:45,78.0
14.4.2024 20:00,78.0
14.4.2024 20:15,78.0
14.4.2024 20:30,78.0
14.4.2024 20:45,72.0
14.4.2024 21:00,72.0
14.4.2024 21:15,72.0
14.4.2024 21:30,72.0
14.4.2024 21:45,72.0
14.4.2024 22:00,78.0
14.4.2024 22:15,78.0
14.4.2024 22:30,78.0
14.4.2024 22:45,78.0
14.4.2024 23:00,78.0
14.4.2024 23:15,78.0
14.4.2024 23:30,78.0
14.4.2024 23:45,78.0
15.4.2024 00:00,78.0
15.4.2024 00:15,78.0
15.4.2024 00:30,78.0
15.4.2024 00:45,72.0
15.4.2024 01:00,72.0
15.4.2024 01:15,72.0
15.4.2024 01:30,72.0
15.4.2024 01:45,72.0
15.4.2024 02:00,72.0
15.4.2024 02:15,78.0
15.4.2024 02:30,78.0
15.4.2024 02:45,78.0
15.4.2024 03:00,78.0
15.4.2024 03:15,78.0
15.4.2024 03:30,78.0
15.4.2024 03:45,72.0
15.4.2024 04:00,78.0
15.4.2024 04:15,72.0
15.4.2024 04:30,78.0
15.4.2024 04:45,72.0
15.4.2024 05:00,72.0
15.4.2024 05:15,72.0
15.4.2024 05:30,66.0
15.4.2024 05:45,66.0
15.4.2024 06:00,60.0
15.4.2024 06:15,54.0
15.4.2024 06:30,30.0
15.4.2024 06:45,12.0
15.4.2024 07:00,0.0
15.4.2024 07:15,0.0
15.4.2024 07:30,0.0
15.4.2024 07:45,6.0
15.4.2024 08:00,0.0
15.4.2024 08:15,0.0
15.4.2024 08:30,0.0
15.4.2024 08:45,0.0
15.4.2024 09:00,0.0
15.4.2024 09:15,0.0
15.4.2024 09:30,0.0
15.4.2024 09:45,0.0
15.4.2024 10:00,6.0
15.4.2024 10:15,0.0
15.4.2024 10:30,0.0
15.4.2024 10:45,0.0
15.4.2024 11:00,0.0
15.4.2024 11:15,0.0
15.4.2024 11:30,0.0
15.4.2024 11:45,0.0
15.4.2024 12:00,0.0
15.4.2024 12:15,0.0
15.4.2024 12:30,0.0
15.4.2024 12:45,0.0
15.4.2024 13:00,0.0
15.4.2024 13:15,0.0
15.4.2024 13:30,0.0
15.4.2024 13:45,0.0
15.4.2024 14:00,0.0
15.4.2024 14:15,0.0
15.4.2024 14:30,0.0
15.4.2024 14:45,0.0
15.4.2024 15:00,0.0
15.4.2024 15:15,0.0
15.4.2024 15:30,0.0
15.4.2024 15:45,0.0
15.4.2024 16:00,0.0
15.4.2024 16:15,0.0
15.4.2024 16:30,6.0
15.4.2024 16:45,6.0
15.4.2024 17:00,6.0
15.4.2024 17:15,12.0
15.4.2024 17:30,30.0
15.4.2024 17:45,42.0
15.4.2024 18:00,60.0
15.4.2024 18:15,72.0
15.4.2024 18:30,78.0
15.4.2024 18:45,78.0
15.4.2024 19:00,78.0
15.4.2024 19:15,78.0
15.4.2024 19:30,78.0
15.4.2024 19:45,78.0
15.4.2024 20:00,78.0
15.4.2024 20:15,78.0
15.4.2024 20:30,78.0
15.4.2024 20:45,72.0
15.4.2024 21:00,72.0
15.4.2024 21:15,72.0
15.4.2024 21:30,72.0
15.4.2024 21:45,72.0
15.4.2024 22:00,72.0
15.4.2024 22:15,78.0
15.4.2024 22:30,78.0
15.4.2024 22:45,78.0
15.4.2024 23:00,78.0
15.4.2024 23:15,78.0
15.4.2024 23:30,78.0
15.4.2024 23:45,78.0
16.4.2024 00:00,84.0
16.4.2024 00:15,78.0
16.4.2024 00:30,78.0
16.4.2024 00:45,72.0
16.4.2024 01:00,72.0
16.4.2024 01:15,72.0
16.4.2024 01:30,72.0
16.4.2024 01:45,72.0
16.4.2024 02:00,72.0
16.4.2024 02:15,78.0
16.4.2024 02:30,78.0
16.4.2024 02:45,72.0
16.4.2024 03:00,78.0
16.4.2024 03:15,78.0
16.4.2024 03:30,78.0
16.4.2024 03:45,78.0
16.4.2024 04:00,72.0
16.4.2024 04:15,78.0
16.4.2024 04:30,78.0
16.4.2024 04:45,72.0
16.4.2024 05:00,72.0
16.4.2024 05:15,72.0
16.4.2024 05:30,66.0
16.4.2024 05:45,66.0
16.4.2024 06:00,60.0
16.4.2024 06:15,48.0
16.4.2024 06:30,12.0
16.4.2024 06:45,0.0
16.4.2024 07:00,0.0
16.4.2024 07:15,0.0
16.4.2024 07:30,0.0
16.4.2024 07:45,0.0
16.4.2024 08:00,0.0
16.4.2024 08:15,0.0
16.4.2024 08:30,0.0
16.4.2024 08:45,0.0
16.4.2024 09:00,0.0
16.4.2024 09:15,0.0
16.4.2024 09:30,0.0
16.4.2024 09:45,0.0
16.4.2024 10:00,0.0
16.4.2024 10:15,0.0
16.4.2024 10:30,0.0
16.4.2024 10:45,0.0
16.4.2024 11:00,0.0
16.4.2024 11:15,0.0
16.4.2024 11:30,0.0
16.4.2024 11:45,0.0
16.4.2024 12:00,0.0
16.4.2024 12:15,0.0
16.4.2024 12:30,0.0
16.4.2024 12:45,0.0
16.4.2024 13:00,0.0
16.4.2024 13:15,0.0
16.4.2024 13:30,0.0
16.4.2024 13:45,0.0
16.4.2024 14:00,0.0
16.4.2024 14:15,0.0
16.4.2024 14:30,0.0
16.4.2024 14:45,0.0
16.4.2024 15:00,0.0
16.4.2024 15:15,0.0
16.4.2024 15:30,0.0
16.4.2024 15:45,0.0
16.4.2024 16:00,0.0
16.4.2024 16:15,0.0
16.4.2024 16:30,0.0
16.4.2024 16:45,0.0
16.4.2024 17:00,6.0
16.4.2024 17:15,12.0
16.4.2024 17:30,36.0
16.4.2024 17:45,48.0
16.4.2024 18:00,60.0
16.4.2024 18:15,72.0
16.4.2024 18:30,84.0
16.4.2024 18:45,78.0
16.4.2024 19:00,84.0
16.4.2024 19:15,78.0
16.4.2024 19:30,78.0
16.4.2024 19:45,78.0
16.4.2024 20:00,78.0
16.4.2024 20:15,78.0
16.4.2024 20:30,78.0
16.4.2024 20:45,72.0
16.4.2024 21:00,72.0
16.4.2024 21:15,78.0
16.4.2024 21:30,72.0
16.4.2024 21:45,78.0
16.4.2024 22:00,78.0
16.4.2024 22:15,78.0
16.4.2024 22:30,78.0
16.4.2024 22:45,84.0
16.4.2024 23:00,78.0
16.4.2024 23:15,78.0
16.4.2024 23:30,78.0
16.4.2024 23:45,78.0
17.4.2024 00:00,78.0
17.4.2024 00:15,84.0
17.4.2024 00:30,78.0
17.4.2024 00:45,78.0
17.4.2024 01:00,72.0
17.4.2024 01:15,72.0
17.4.2024 01:30,72.0
17.4.2024 01:45,72.0
17.4.2024 02:00,78.0
17.4.2024 02:15,72.0
17.4.2024 02:30,78.0
17.4.2024 02:45,78.0
17.4.2024 03:00,78.0
17.4.2024 03:15,78.0
17.4.2024 03:30,78.0
17.4.2024 03:45,78.0
17.4.2024 04:00,78.0
17.4.2024 04:15,78.0
17.4.2024 04:30,78.0
17.4.2024 04:45,72.0
17.4.2024 05:00,72.0
17.4.2024 05:15,72.0
17.4.2024 05:30,72.0
17.4.2024 05:45,60.0
17.4.2024 06:00,60.0
17.4.2024 06:15,42.0
17.4.2024 06:30,0.0
17.4.2024 06:45,0.0
17.4.2024 07:00,0.0
17.4.2024 07:15,0.0
17.4.2024 07:30,0.0
17.4.2024 07:45,0.0
17.4.2024 08:00,0.0
17.4.2024 08:15,0.0
17.4.2024 08:30,6.0
17.4.2024 08:45,6.0
17.4.2024 09:00,0.0
17.4.2024 09:15,0.0
17.4.2024 09:30,0.0
17.4.2024 09:45,0.0
17.4.2024 10:00,0.0
17.4.2024 10:15,0.0
17.4.2024 10:30,0.0
17.4.2024 10:45,0.0
17.4.2024 11:00,0.0
17.4.2024 11:15,0.0
17.4.2024 11:30,0.0
17.4.2024 11:45,0.0
17.4.2024 12:00,0.0
17.4.2024 12:15,0.0
17.4.2024 12:30,0.0
17.4.2024 12:45,0.0
17.4.2024 13:00,0.0
17.4.2024 13:15,0.0
17.4.2024 13:30,0.0
17.4.2024 13:45,0.0
17.4.2024 14:00,0.0
17.4.2024 14:15,6.0
17.4.2024 14:30,6.0
17.4.2024 14:45,0.0
17.4.2024 15:00,6.0
17.4.2024 15:15,6.0
17.4.2024 15:30,6.0
17.4.2024 15:45,0.0
17.4.2024 16:00,18.0
17.4.2024 16:15,36.0
17.4.2024 16:30,24.0
17.4.2024 16:45,30.0
17.4.2024 17:00,36.0
17.4.2024 17:15,48.0
17.4.2024 17:30,42.0
17.4.2024 17:45,54.0
17.4.2024 18:00,48.0
17.4.2024 18:15,66.0
17.4.2024 18:30,78.0
17.4.2024 18:45,78.0
17.4.2024 19:00,78.0
17.4.2024 19:15,72.0
17.4.2024 19:30,78.0
17.4.2024 19:45,78.0
17.4.2024 20:00,78.0
17.4.2024 20:15,78.0
17.4.2024 20:30,84.0
17.4.2024 20:45,72.0
17.4.2024 21:00,78.0
17.4.2024 21:15,72.0
17.4.2024 21:30,78.0
17.4.2024 21:45,78.0
17.4.2024 22:00,78.0
17.4.2024 22:15,84.0
17.4.2024 22:30,78.0
17.4.2024 22:45,84.0
17.4.2024 23:00,78.0
17.4.2024 23:15,84.0
17.4.2024 23:30,78.0
17.4.2024 23:45,84.0
18.4.2024 00:00,78.0
18.4.2024 00:15,78.0
18.4.2024 00:30,84.0
18.4.2024 00:45,78.0
18.4.2024 01:00,72.0
18.4.2024 01:15,72.0
18.4.2024 01:30,72.0
18.4.2024 01:45,78.0
18.4.2024 02:00,78.0
18.4.2024 02:15,78.0
18.4.2024 02:30,78.0
18.4.2024 02:45,78.0
18.4.2024 03:00,78.0
18.4.2024 03:15,78.0
18.4.2024 03:30,78.0
18.4.2024 03:45,78.0
18.4.2024 04:00,72.0
18.4.2024 04:15,78.0
18.4.2024 04:30,78.0
18.4.2024 04:45,78.0
18.4.2024 05:00,72.0
18.4.2024 05:15,72.0
18.4.2024 05:30,66.0
18.4.2024 05:45,66.0
18.4.2024 06:00,60.0
18.4.2024 06:15,54.0
18.4.2024 06:30,24.0
18.4.2024 06:45,6.0
18.4.2024 07:00,0.0
18.4.2024 07:15,6.0
18.4.2024 07:30,0.0
18.4.2024 07:45,0.0
18.4.2024 08:00,0.0
18.4.2024 08:15,6.0
18.4.2024 08:30,6.0
18.4.2024 08:45,0.0
18.4.2024 09:00,0.0
18.4.2024 09:15,0.0
18.4.2024 09:30,0.0
18.4.2024 09:45,0.0
18.4.2024 10:00,0.0
18.4.2024 10:15,0.0
18.4.2024 10:30,0.0
18.4.2024 10:45,0.0
18.4.2024 11:00,0.0
18.4.2024 11:15,0.0
18.4.2024 11:30,0.0
18.4.2024 11:45,0.0
18.4.2024 12:00,0.0
18.4.2024 12:15,0.0
18.4.2024 12:30,0.0
18.4.2024 12:45,0.0
18.4.2024 13:00,0.0
18.4.2024 13:15,0.0
18.4.2024 13:30,0.0
18.4.2024 13:45,6.0
18.4.2024 14:00,0.0
18.4.2024 14:15,0.0
18.4.2024 14:30,0.0
18.4.2024 14:45,0.0
18.4.2024 15:00,0.0
18.4.2024 15:15,0.0
18.4.2024 15:30,0.0
18.4.2024 15:45,0.0
18.4.2024 16:00,0.0
18.4.2024 16:15,0.0
18.4.2024 16:30,0.0
18.4.2024 16:45,0.0
18.4.2024 17:00,0.0
18.4.2024 17:15,0.0
18.4.2024 17:30,12.0
18.4.2024 17:45,42.0
18.4.2024 18:00,66.0
18.4.2024 18:15,84.0
18.4.2024 18:30,84.0
18.4.2024 18:45,84.0
18.4.2024 19:00,90.0
18.4.2024 19:15,90.0
18.4.2024 19:30,90.0
18.4.2024 19:45,90.0
18.4.2024 20:00,90.0
18.4.2024 20:15,96.0
18.4.2024 20:30,96.0
18.4.2024 20:45,96.0
18.4.2024 21:00,96.0
18.4.2024 21:15,96.0
18.4.2024 21:30,96.0
18.4.2024 21:45,102.0
18.4.2024 22:00,102.0
18.4.2024 22:15,102.0
18.4.2024 22:30,102.0
18.4.2024 22:45,102.0
18.4.2024 23:00,96.0
18.4.2024 23:15,108.0
18.4.2024 23:30,90.0
18.4.2024 23:45,96.0
19.4.2024 00:00,90.0
19.4.2024 00:15,96.0
19.4.2024 00:30,96.0
19.4.2024 00:45,96.0
19.4.2024 01:00,90.0
19.4.2024 01:15,96.0
19.4.2024 01:30,96.0
19.4.2024 01:45,96.0
19.4.2024 02:00,102.0
19.4.2024 02:15,90.0
19.4.2024 02:30,90.0
19.4.2024 02:45,90.0
19.4.2024 03:00,90.0
19.4.2024 03:15,84.0
19.4.2024 03:30,84.0
19.4.2024 03:45,84.0
19.4.2024 04:00,84.0
19.4.2024 04:15,84.0
19.4.2024 04:30,84.0
19.4.2024 04:45,78.0
19.4.2024 05:00,78.0
19.4.2024 05:15,78.0
19.4.2024 05:30,72.0
19.4.2024 05:45,72.0
19.4.2024 06:00,66.0
19.4.2024 06:15,30.0
19.4.2024 06:30,12.0
19.4.2024 06:45,0.0
19.4.2024 07:00,0.0
19.4.2024 07:15,0.0
19.4.2024 07:30,0.0
19.4.2024 07:45,0.0
19.4.2024 08:00,0.0
19.4.2024 08:15,0.0
19.4.2024 08:30,0.0
19.4.2024 08:45,0.0
19.4.2024 09:00,0.0
19.4.2024 09:15,0.0
19.4.2024 09:30,0.0
19.4.2024 09:45,0.0
19.4.2024 10:00,0.0
19.4.2024 10:15,0.0
19.4.2024 10:30,0.0
19.4.2024 10:45,0.0
19.4.2024 11:00,0.0
19.4.2024 11:15,0.0
19.4.2024 11:30,0.0
19.4.2024 11:45,0.0
19.4.2024 12:00,0.0
19.4.2024 12:15,0.0
19.4.2024 12:30,0.0
19.4.2024 12:45,0.0
19.4.2024 13:00,0.0
19.4.2024 13:15,0.0
19.4.2024 13:30,0.0
19.4.2024 13:45,0.0
19.4.2024 14:00,0.0
19.4.2024 14:15,0.0
19.4.2024 14:30,0.0
19.4.2024 14:45,6.0
19.4.2024 15:00,6.0
19.4.2024 15:15,0.0
19.4.2024 15:30,6.0
19.4.2024 15:45,0.0
19.4.2024 16:00,0.0
19.4.2024 16:15,6.0
19.4.2024 16:30,0.0
19.4.2024 16:45,0.0
19.4.2024 17:00,0.0
19.4.2024 17:15,0.0
19.4.2024 17:30,6.0
19.4.2024 17:45,24.0
19.4.2024 18:00,48.0
19.4.2024 18:15,66.0
19.4.2024 18:30,72.0
19.4.2024 18:45,72.0
19.4.2024 19:00,78.0
19.4.2024 19:15,78.0
19.4.2024 19:30,78.0
19.4.2024 19:45,84.0
19.4.2024 20:00,84.0
19.4.2024 20:15,90.0
19.4.2024 20:30,96.0
19.4.2024 20:45,90.0
19.4.2024 21:00,90.0
19.4.2024 21:15,96.0
19.4.2024 21:30,90.0
19.4.2024 21:45,90.0
19.4.2024 22:00,96.0
19.4.2024 22:15,96.0
19.4.2024 22:30,96.0
19.4.2024 22:45,96.0
19.4.2024 23:00,96.0
19.4.2024 23:15,96.0
19.4.2024 23:30,96.0
19.4.2024 23:45,90.0
20.4.2024 00:00,84.0
20.4.2024 00:15,84.0
20.4.2024 00:30,84.0
20.4.2024 00:45,84.0
20.4.2024 01:00,84.0
20.4.2024 01:15,90.0
20.4.2024 01:30,90.0
20.4.2024 01:45,90.0
20.4.2024 02:00,90.0
20.4.2024 02:15,96.0
20.4.2024 02:30,96.0
20.4.2024 02:45,96.0
20.4.2024 03:00,96.0
20.4.2024 03:15,96.0
20.4.2024 03:30,90.0
20.4.2024 03:45,90.0
20.4.2024 04:00,90.0
20.4.2024 04:15,84.0
20.4.2024 04:30,84.0
20.4.2024 04:45,78.0
20.4.2024 05:00,72.0
20.4.2024 05:15,72.0
20.4.2024 05:30,72.0
20.4.2024 05:45,72.0
20.4.2024 06:00,72.0
20.4.2024 06:15,60.0
20.4.2024 06:30,36.0
20.4.2024 06:45,12.0
20.4.2024 07:00,6.0
20.4.2024 07:15,0.0
20.4.2024 07:30,0.0
20.4.2024 07:45,0.0
20.4.2024 08:00,0.0
20.4.2024 08:15,0.0
20.4.2024 08:30,0.0
20.4.2024 08:45,0.0
20.4.2024 09:00,0.0
20.4.2024 09:15,0.0
20.4.2024 09:30,0.0
20.4.2024 09:45,0.0
20.4.2024 10:00,0.0
20.4.2024 10:15,0.0
20.4.2024 10:30,0.0
20.4.2024 10:45,0.0
20.4.2024 11:00,0.0
20.4.2024 11:15,0.0
20.4.2024 11:30,0.0
20.4.2024 11:45,0.0
20.4.2024 12:00,0.0
20.4.2024 12:15,0.0
20.4.2024 12:30,0.0
20.4.2024 12:45,0.0
20.4.2024 13:00,0.0
20.4.2024 13:15,0.0
20.4.2024 13:30,6.0
20.4.2024 13:45,0.0
20.4.2024 14:00,0.0
20.4.2024 14:15,0.0
20.4.2024 14:30,0.0
20.4.2024 14:45,0.0
20.4.2024 15:00,6.0
20.4.2024 15:15,0.0
20.4.2024 15:30,6.0
20.4.2024 15:45,6.0
20.4.2024 16:00,0.0
20.4.2024 16:15,0.0
20.4.2024 16:30,0.0
20.4.2024 16:45,6.0
20.4.2024 17:00,0.0
20.4.2024 17:15,12.0
20.4.2024 17:30,24.0
20.4.2024 17:45,48.0
20.4.2024 18:00,78.0
20.4.2024 18:15,90.0
20.4.2024 18:30,84.0
20.4.2024 18:45,84.0
20.4.2024 19:00,84.0
20.4.2024 19:15,84.0
20.4.2024 19:30,90.0
20.4.2024 19:45,96.0
20.4.2024 20:00,96.0
20.4.2024 20:15,96.0
20.4.2024 20:30,102.0
20.4.2024 20:45,96.0
20.4.2024 21:00,96.0
20.4.2024 21:15,96.0
20.4.2024 21:30,96.0
20.4.2024 21:45,96.0
20.4.2024 22:00,102.0
20.4.2024 22:15,108.0
20.4.2024 22:30,108.0
20.4.2024 22:45,108.0
20.4.2024 23:00,108.0
20.4.2024 23:15,108.0
20.4.2024 23:30,108.0
20.4.2024 23:45,108.0
21.4.2024 00:00,102.0
21.4.2024 00:15,96.0
21.4.2024 00:30,96.0
21.4.2024 00:45,96.0
21.4.2024 01:00,90.0
21.4.2024 01:15,96.0
21.4.2024 01:30,96.0
21.4.2024 01:45,96.0
21.4.2024 02:00,102.0
21.4.2024 02:15,102.0
21.4.2024 02:30,102.0
21.4.2024 02:45,102.0
21.4.2024 03:00,102.0
21.4.2024 03:15,102.0
21.4.2024 03:30,102.0
21.4.2024 03:45,102.0
21.4.2024 04:00,102.0
21.4.2024 04:15,96.0
21.4.2024 04:30,96.0
21.4.2024 04:45,90.0
21.4.2024 05:00,84.0
21.4.2024 05:15,84.0
21.4.2024 05:30,84.0
21.4.2024 05:45,84.0
21.4.2024 06:00,78.0
21.4.2024 06:15,66.0
21.4.2024 06:30,42.0
21.4.2024 06:45,18.0
21.4.2024 07:00,0.0
21.4.2024 07:15,0.0
21.4.2024 07:30,0.0
21.4.2024 07:45,0.0
21.4.2024 08:00,0.0
21.4.2024 08:15,0.0
21.4.2024 08:30,0.0
21.4.2024 08:45,0.0
21.4.2024 09:00,0.0
21.4.2024 09:15,0.0
21.4.2024 09:30,0.0
21.4.2024 09:45,0.0
21.4.2024 10:00,0.0
21.4.2024 10:15,0.0
21.4.2024 10:30,0.0
21.4.2024 10:45,0.0
21.4.2024 11:00,0.0
21.4.2024 11:15,0.0
21.4.2024 11:30,0.0
21.4.2024 11:45,0.0
21.4.2024 12:00,0.0
21.4.2024 12:15,0.0
21.4.2024 12:30,0.0
21.4.2024 12:45,0.0
21.4.2024 13:00,0.0
21.4.2024 13:15,0.0
21.4.2024 13:30,0.0
21.4.2024 13:45,0.0
21.4.2024 14:00,0.0
21.4.2024 14:15,0.0
21.4.2024 14:30,0.0
21.4.2024 14:45,0.0
21.4.2024 15:00,0.0
21.4.2024 15:15,0.0
21.4.2024 15:30,0.0
21.4.2024 15:45,0.0
21.4.2024 16:00,0.0
21.4.2024 16:15,0.0
21.4.2024 16:30,0.0
21.4.2024 16:45,0.0
21.4.2024 17:00,0.0
21.4.2024 17:15,6.0
21.4.2024 17:30,6.0
21.4.2024 17:45,24.0
21.4.2024 18:00,60.0
21.4.2024 18:15,78.0
21.4.2024 18:30,84.0
21.4.2024 18:45,90.0
21.4.2024 19:00,90.0
21.4.2024 19:15,84.0
21.4.2024 19:30,84.0
21.4.2024 19:45,84.0
21.4.2024 20:00,84.0
21.4.2024 20:15,96.0
21.4.2024 20:30,96.0
21.4.2024 20:45,96.0
21.4.2024 21:00,96.0
21.4.2024 21:15,90.0
21.4.2024 21:30,96.0
21.4.2024 21:45,96.0
21.4.2024 22:00,96.0
21.4.2024 22:15,102.0
21.4.2024 22:30,96.0
21.4.2024 22:45,96.0
21.4.2024 23:00,96.0
21.4.2024 23:15,102.0
21.4.2024 23:30,96.0
21.4.2024 23:45,96.0
22.4.2024 00:00,96.0
22.4.2024 00:15,90.0
22.4.2024 00:30,84.0
22.4.2024 00:45,84.0
22.4.2024 01:00,84.0
22.4.2024 01:15,90.0
22.4.2024 01:30,90.0
22.4.2024 01:45,96.0
22.4.2024 02:00,90.0
22.4.2024 02:15,90.0
22.4.2024 02:30,96.0
22.4.2024 02:45,96.0
22.4.2024 03:00,96.0
22.4.2024 03:15,96.0
22.4.2024 03:30,96.0
22.4.2024 03:45,96.0
22.4.2024 04:00,96.0
22.4.2024 04:15,90.0
22.4.2024 04:30,84.0
22.4.2024 04:45,90.0
22.4.2024 05:00,84.0
22.4.2024 05:15,84.0
22.4.2024 05:30,78.0
22.4.2024 05:45,78.0
22.4.2024 06:00,66.0
22.4.2024 06:15,54.0
22.4.2024 06:30,12.0
22.4.2024 06:45,0.0
22.4.2024 07:00,0.0
22.4.2024 07:15,0.0
22.4.2024 07:30,0.0
22.4.2024 07:45,0.0
22.4.2024 08:00,0.0
22.4.2024 08:15,0.0
22.4.2024 08:30,0.0
22.4.2024 08:45,0.0
22.4.2024 09:00,0.0
22.4.2024 09:15,0.0
22.4.2024 09:30,0.0
22.4.2024 09:45,6.0
22.4.2024 10:00,0.0
22.4.2024 10:15,0.0
22.4.2024 10:30,0.0
22.4.2024 10:45,0.0
22.4.2024 11:00,0.0
22.4.2024 11:15,0.0
22.4.2024 11:30,0.0
22.4.2024 11:45,0.0
22.4.2024 12:00,0.0
22.4.2024 12:15,0.0
22.4.2024 12:30,0.0
22.4.2024 12:45,0.0
22.4.2024 13:00,0.0
22.4.2024 13:15,0.0
22.4.2024 13:30,0.0
22.4.2024 13:45,0.0
22.4.2024 14:00,0.0
22.4.2024 14:15,0.0
22.4.2024 14:30,0.0
22.4.2024 14:45,0.0
22.4.2024 15:00,0.0
22.4.2024 15:15,0.0
22.4.2024 15:30,0.0
22.4.2024 15:45,0.0
22.4.2024 16:00,0.0
22.4.2024 16:15,0.0
22.4.2024 16:30,0.0
22.4.2024 16:45,0.0
22.4.2024 17:00,6.0
22.4.2024 17:15,0.0
22.4.2024 17:30,12.0
22.4.2024 17:45,42.0
22.4.2024 18:00,60.0
22.4.2024 18:15,72.0
22.4.2024 18:30,72.0
22.4.2024 18:45,72.0
22.4.2024 19:00,72.0
22.4.2024 19:15,78.0
22.4.2024 19:30,84.0
22.4.2024 19:45,84.0
22.4.2024 20:00,84.0
22.4.2024 20:15,90.0
22.4.2024 20:30,96.0
22.4.2024 20:45,96.0
22.4.2024 21:00,96.0
22.4.2024 21:15,96.0
22.4.2024 21:30,90.0
22.4.2024 21:45,96.0
22.4.2024 22:00,102.0
22.4.2024 22:15,108.0
22.4.2024 22:30,114.0
22.4.2024 22:45,126.0
22.4.2024 23:00,120.0
22.4.2024 23:15,126.0
22.4.2024 23:30,126.0
22.4.2024 23:45,132.0
23.4.2024 00:00,108.0
23.4.2024 00:15,108.0
23.4.2024 00:30,102.0
23.4.2024 00:45,90.0
23.4.2024 01:00,102.0
23.4.2024 01:15,84.0
23.4.2024 01:30,84.0
23.4.2024 01:45,90.0
23.4.2024 02:00,84.0
23.4.2024 02:15,96.0
23.4.2024 02:30,108.0
23.4.2024 02:45,108.0
23.4.2024 03:00,96.0
23.4.2024 03:15,108.0
23.4.2024 03:30,114.0
23.4.2024 03:45,108.0
23.4.2024 04:00,96.0
23.4.2024 04:15,108.0
23.4.2024 04:30,96.0
23.4.2024 04:45,84.0
23.4.2024 05:00,72.0
23.4.2024 05:15,78.0
23.4.2024 05:30,72.0
23.4.2024 05:45,72.0
23.4.2024 06:00,60.0
23.4.2024 06:15,30.0
23.4.2024 06:30,0.0
23.4.2024 06:45,0.0
23.4.2024 07:00,0.0
23.4.2024 07:15,0.0
23.4.2024 07:30,0.0
23.4.2024 07:45,0.0
23.4.2024 08:00,0.0
23.4.2024 08:15,0.0
23.4.2024 08:30,0.0
23.4.2024 08:45,0.0
23.4.2024 09:00,0.0
23.4.2024 09:15,0.0
23.4.2024 09:30,0.0
23.4.2024 09:45,0.0
23.4.2024 10:00,0.0
23.4.2024 10:15,0.0
23.4.2024 10:30,0.0
23.4.2024 10:45,0.0
23.4.2024 11:00,0.0
23.4.2024 11:15,0.0
23.4.2024 11:30,0.0
23.4.2024 11:45,0.0
23.4.2024 12:00,0.0
23.4.2024 12:15,0.0
23.4.2024 12:30,0.0
23.4.2024 12:45,0.0
23.4.2024 13:00,0.0
23.4.2024 13:15,0.0
23.4.2024 13:30,0.0
23.4.2024 13:45,0.0
23.4.2024 14:00,0.0
23.4.2024 14:15,0.0
23.4.2024 14:30,0.0
23.4.2024 14:45,0.0
23.4.2024 15:00,0.0
23.4.2024 15:15,0.0
23.4.2024 15:30,0.0
23.4.2024 15:45,0.0
23.4.2024 16:00,0.0
23.4.2024 16:15,0.0
23.4.2024 16:30,0.0
23.4.2024 16:45,6.0
23.4.2024 17:00,0.0
23.4.2024 17:15,6.0
23.4.2024 17:30,18.0
23.4.2024 17:45,60.0
23.4.2024 18:00,66.0
23.4.2024 18:15,72.0
23.4.2024 18:30,72.0
23.4.2024 18:45,72.0
23.4.2024 19:00,72.0
23.4.2024 19:15,72.0
23.4.2024 19:30,72.0
23.4.2024 19:45,72.0
23.4.2024 20:00,78.0
23.4.2024 20:15,72.0
23.4.2024 20:30,72.0
23.4.2024 20:45,72.0
23.4.2024 21:00,72.0
23.4.2024 21:15,72.0
23.4.2024 21:30,78.0
23.4.2024 21:45,72.0
23.4.2024 22:00,78.0
23.4.2024 22:15,90.0
23.4.2024 22:30,102.0
23.4.2024 22:45,96.0
23.4.2024 23:00,96.0
23.4.2024 23:15,102.0
23.4.2024 23:30,96.0
23.4.2024 23:45,96.0
24.4.2024 00:00,108.0
24.4.2024 00:15,96.0
24.4.2024 00:30,102.0
24.4.2024 00:45,96.0
24.4.2024 01:00,78.0
24.4.2024 01:15,72.0
24.4.2024 01:30,72.0
24.4.2024 01:45,72.0
24.4.2024 02:00,84.0
24.4.2024 02:15,108.0
24.4.2024 02:30,108.0
24.4.2024 02:45,96.0
24.4.2024 03:00,102.0
24.4.2024 03:15,102.0
24.4.2024 03:30,102.0
24.4.2024 03:45,90.0
24.4.2024 04:00,96.0
24.4.2024 04:15,96.0
24.4.2024 04:30,84.0
24.4.2024 04:45,72.0
24.4.2024 05:00,72.0
24.4.2024 05:15,66.0
24.4.2024 05:30,72.0
24.4.2024 05:45,66.0
24.4.2024 06:00,54.0
24.4.2024 06:15,36.0
24.4.2024 06:30,12.0
24.4.2024 06:45,0.0
24.4.2024 07:00,0.0
24.4.2024 07:15,0.0
24.4.2024 07:30,0.0
24.4.2024 07:45,0.0
24.4.2024 08:00,0.0
24.4.2024 08:15,0.0
24.4.2024 08:30,0.0
24.4.2024 08:45,0.0
24.4.2024 09:00,0.0
24.4.2024 09:15,0.0
24.4.2024 09:30,0.0
24.4.2024 09:45,0.0
24.4.2024 10:00,0.0
24.4.2024 10:15,0.0
24.4.2024 10:30,0.0
24.4.2024 10:45,0.0
24.4.2024 11:00,0.0
24.4.2024 11:15,0.0
24.4.2024 11:30,0.0
24.4.2024 11:45,0.0
24.4.2024 12:00,0.0
24.4.2024 12:15,0.0
24.4.2024 12:30,0.0
24.4.2024 12:45,0.0
24.4.2024 13:00,0.0
24.4.2024 13:15,0.0
24.4.2024 13:30,0.0
24.4.2024 13:45,6.0
24.4.2024 14:00,6.0
24.4.2024 14:15,0.0
24.4.2024 14:30,0.0
24.4.2024 14:45,0.0
24.4.2024 15:00,6.0
24.4.2024 15:15,0.0
24.4.2024 15:30,0.0
24.4.2024 15:45,6.0
24.4.2024 16:00,0.0
24.4.2024 16:15,0.0
24.4.2024 16:30,0.0
24.4.2024 16:45,6.0
24.4.2024 17:00,6.0
24.4.2024 17:15,0.0
24.4.2024 17:30,12.0
24.4.2024 17:45,42.0
24.4.2024 18:00,60.0
24.4.2024 18:15,66.0
24.4.2024 18:30,72.0
24.4.2024 18:45,72.0
24.4.2024 19:00,72.0
24.4.2024 19:15,72.0
24.4.2024 19:30,72.0
24.4.2024 19:45,72.0
24.4.2024 20:00,72.0
24.4.2024 20:15,72.0
24.4.2024 20:30,72.0
24.4.2024 20:45,72.0
24.4.2024 21:00,66.0
24.4.2024 21:15,66.0
24.4.2024 21:30,72.0
24.4.2024 21:45,66.0
24.4.2024 22:00,66.0
24.4.2024 22:15,72.0
24.4.2024 22:30,72.0
24.4.2024 22:45,72.0
24.4.2024 23:00,72.0
24.4.2024 23:15,72.0
24.4.2024 23:30,72.0
24.4.2024 23:45,72.0
25.4.2024 00:00,72.0
25.4.2024 00:15,72.0
25.4.2024 00:30,72.0
25.4.2024 00:45,66.0
25.4.2024 01:00,66.0
25.4.2024 01:15,66.0
25.4.2024 01:30,66.0
25.4.2024 01:45,66.0
25.4.2024 02:00,72.0
25.4.2024 02:15,72.0
25.4.2024 02:30,72.0
25.4.2024 02:45,72.0
25.4.2024 03:00,72.0
25.4.2024 03:15,72.0
25.4.2024 03:30,72.0
25.4.2024 03:45,72.0
25.4.2024 04:00,72.0
25.4.2024 04:15,72.0
25.4.2024 04:30,72.0
25.4.2024 04:45,66.0
25.4.2024 05:00,66.0
25.4.2024 05:15,66.0
25.4.2024 05:30,60.0
25.4.2024 05:45,60.0
25.4.2024 06:00,66.0
25.4.2024 06:15,36.0
25.4.2024 06:30,6.0
25.4.2024 06:45,6.0
25.4.2024 07:00,6.0
25.4.2024 07:15,6.0
25.4.2024 07:30,6.0
25.4.2024 07:45,0.0
25.4.2024 08:00,0.0
25.4.2024 08:15,0.0
25.4.2024 08:30,0.0
25.4.2024 08:45,0.0
25.4.2024 09:00,0.0
25.4.2024 09:15,0.0
25.4.2024 09:30,0.0
25.4.2024 09:45,0.0
25.4.2024 10:00,0.0
25.4.2024 10:15,0.0
25.4.2024 10:30,0.0
25.4.2024 10:45,0.0
25.4.2024 11:00,0.0
25.4.2024 11:15,0.0
25.4.2024 11:30,0.0
25.4.2024 11:45,0.0
25.4.2024 12:00,0.0
25.4.2024 12:15,0.0
25.4.2024 12:30,0.0
25.4.2024 12:45,0.0
25.4.2024 13:00,0.0
25.4.2024 13:15,0.0
25.4.2024 13:30,0.0
25.4.2024 13:45,0.0
25.4.2024 14:00,6.0
25.4.2024 14:15,0.0
25.4.2024 14:30,0.0
25.4.2024 14:45,6.0
25.4.2024 15:00,0.0
25.4.2024 15:15,0.0
25.4.2024 15:30,12.0
25.4.2024 15:45,12.0
25.4.2024 16:00,12.0
25.4.2024 16:15,0.0
25.4.2024 16:30,0.0
25.4.2024 16:45,6.0
25.4.2024 17:00,6.0
25.4.2024 17:15,6.0
25.4.2024 17:30,18.0
25.4.2024 17:45,48.0
25.4.2024 18:00,66.0
25.4.2024 18:15,102.0
25.4.2024 18:30,108.0
25.4.2024 18:45,102.0
25.4.2024 19:00,96.0
25.4.2024 19:15,96.0
25.4.2024 19:30,102.0
25.4.2024 19:45,90.0
25.4.2024 20:00,78.0
25.4.2024 20:15,84.0
25.4.2024 20:30,84.0
25.4.2024 20:45,84.0
25.4.2024 21:00,84.0
25.4.2024 21:15,84.0
25.4.2024 21:30,84.0
25.4.2024 21:45,84.0
25.4.2024 22:00,96.0
25.4.2024 22:15,96.0
25.4.2024 22:30,96.0
25.4.2024 22:45,108.0
25.4.2024 23:00,108.0
25.4.2024 23:15,96.0
25.4.2024 23:30,90.0
25.4.2024 23:45,96.0
26.4.2024 00:00,108.0
26.4.2024 00:15,96.0
26.4.2024 00:30,102.0
26.4.2024 00:45,96.0
26.4.2024 01:00,90.0
26.4.2024 01:15,84.0
26.4.2024 01:30,96.0
26.4.2024 01:45,84.0
26.4.2024 02:00,96.0
26.4.2024 02:15,102.0
26.4.2024 02:30,108.0
26.4.2024 02:45,84.0
26.4.2024 03:00,84.0
26.4.2024 03:15,78.0
26.4.2024 03:30,78.0
26.4.2024 03:45,78.0
26.4.2024 04:00,96.0
26.4.2024 04:15,108.0
26.4.2024 04:30,108.0
26.4.2024 04:45,96.0
26.4.2024 05:00,84.0
26.4.2024 05:15,84.0
26.4.2024 05:30,78.0
26.4.2024 05:45,72.0
26.4.2024 06:00,72.0
26.4.2024 06:15,66.0
26.4.2024 06:30,12.0
26.4.2024 06:45,12.0
26.4.2024 07:00,12.0
26.4.2024 07:15,6.0
26.4.2024 07:30,6.0
26.4.2024 07:45,0.0
26.4.2024 08:00,0.0
26.4.2024 08:15,0.0
26.4.2024 08:30,0.0
26.4.2024 08:45,0.0
26.4.2024 09:00,0.0
26.4.2024 09:15,0.0
26.4.2024 09:30,0.0
26.4.2024 09:45,0.0
26.4.2024 10:00,0.0
26.4.2024 10:15,0.0
26.4.2024 10:30,0.0
26.4.2024 10:45,0.0
26.4.2024 11:00,0.0
26.4.2024 11:15,0.0
26.4.2024 11:30,0.0
26.4.2024 11:45,0.0
26.4.2024 12:00,0.0
26.4.2024 12:15,0.0
26.4.2024 12:30,0.0
26.4.2024 12:45,0.0
26.4.2024 13:00,0.0
26.4.2024 13:15,0.0
26.4.2024 13:30,0.0
26.4.2024 13:45,0.0
26.4.2024 14:00,0.0
26.4.2024 14:15,6.0
26.4.2024 14:30,6.0
26.4.2024 14:45,0.0
26.4.2024 15:00,0.0
26.4.2024 15:15,0.0
26.4.2024 15:30,6.0
26.4.2024 15:45,0.0
26.4.2024 16:00,12.0
26.4.2024 16:15,24.0
26.4.2024 16:30,18.0
26.4.2024 16:45,6.0
26.4.2024 17:00,12.0
26.4.2024 17:15,36.0
26.4.2024 17:30,60.0
26.4.2024 17:45,60.0
26.4.2024 18:00,84.0
26.4.2024 18:15,102.0
26.4.2024 18:30,102.0
26.4.2024 18:45,108.0
26.4.2024 19:00,102.0
26.4.2024 19:15,102.0
26.4.2024 19:30,108.0
26.4.2024 19:45,108.0
26.4.2024 20:00,108.0
26.4.2024 20:15,102.0
26.4.2024 20:30,102.0
26.4.2024 20:45,84.0
26.4.2024 21:00,84.0
26.4.2024 21:15,84.0
26.4.2024 21:30,84.0
26.4.2024 21:45,84.0
26.4.2024 22:00,96.0
26.4.2024 22:15,108.0
26.4.2024 22:30,108.0
26.4.2024 22:45,108.0
26.4.2024 23:00,108.0
26.4.2024 23:15,108.0
26.4.2024 23:30,102.0
26.4.2024 23:45,102.0
27.4.2024 00:00,114.0
27.4.2024 00:15,108.0
27.4.2024 00:30,96.0
27.4.2024 00:45,96.0
27.4.2024 01:00,102.0
27.4.2024 01:15,102.0
27.4.2024 01:30,90.0
27.4.2024 01:45,78.0
27.4.2024 02:00,78.0
27.4.2024 02:15,78.0
27.4.2024 02:30,84.0
27.4.2024 02:45,78.0
27.4.2024 03:00,78.0
27.4.2024 03:15,78.0
27.4.2024 03:30,78.0
27.4.2024 03:45,84.0
27.4.2024 04:00,96.0
27.4.2024 04:15,102.0
27.4.2024 04:30,90.0
27.4.2024 04:45,78.0
27.4.2024 05:00,78.0
27.4.2024 05:15,78.0
27.4.2024 05:30,72.0
27.4.2024 05:45,72.0
27.4.2024 06:00,66.0
27.4.2024 06:15,54.0
27.4.2024 06:30,30.0
27.4.2024 06:45,12.0
27.4.2024 07:00,12.0
27.4.2024 07:15,0.0
27.4.2024 07:30,0.0
27.4.2024 07:45,0.0
27.4.2024 08:00,0.0
27.4.2024 08:15,0.0
27.4.2024 08:30,0.0
27.4.2024 08:45,0.0
27.4.2024 09:00,0.0
27.4.2024 09:15,0.0
27.4.2024 09:30,0.0
27.4.2024 09:45,0.0
27.4.2024 10:00,0.0
27.4.2024 10:15,0.0
27.4.2024 10:30,0.0
27.4.2024 10:45,0.0
27.4.2024 11:00,0.0
27.4.2024 11:15,0.0
27.4.2024 11:30,0.0
27.4.2024 11:45,0.0
27.4.2024 12:00,0.0
27.4.2024 12:15,0.0
27.4.2024 12:30,0.0
27.4.2024 12:45,0.0
27.4.2024 13:00,0.0
27.4.2024 13:15,0.0
27.4.2024 13:30,0.0
27.4.2024 13:45,0.0
27.4.2024 14:00,0.0
27.4.2024 14:15,0.0
27.4.2024 14:30,0.0
27.4.2024 14:45,0.0
27.4.2024 15:00,6.0
27.4.2024 15:15,0.0
27.4.2024 15:30,0.0
27.4.2024 15:45,6.0
27.4.2024 16:00,6.0
27.4.2024 16:15,6.0
27.4.2024 16:30,6.0
27.4.2024 16:45,36.0
27.4.2024 17:00,30.0
27.4.2024 17:15,6.0
27.4.2024 17:30,12.0
27.4.2024 17:45,48.0
27.4.2024 18:00,78.0
27.4.2024 18:15,108.0
27.4.2024 18:30,108.0
27.4.2024 18:45,108.0
27.4.2024 19:00,108.0
27.4.2024 19:15,108.0
27.4.2024 19:30,96.0
27.4.2024 19:45,96.0
27.4.2024 20:00,108.0
27.4.2024 20:15,96.0
27.4.2024 20:30,96.0
27.4.2024 20:45,90.0
27.4.2024 21:00,84.0
27.4.2024 21:15,78.0
27.4.2024 21:30,84.0
27.4.2024 21:45,78.0
27.4.2024 22:00,84.0
27.4.2024 22:15,84.0
27.4.2024 22:30,84.0
27.4.2024 22:45,84.0
27.4.2024 23:00,84.0
27.4.2024 23:15,84.0
27.4.2024 23:30,84.0
27.4.2024 23:45,84.0
28.4.2024 00:00,84.0
28.4.2024 00:15,84.0
28.4.2024 00:30,84.0
28.4.2024 00:45,78.0
28.4.2024 01:00,78.0
28.4.2024 01:15,78.0
28.4.2024 01:30,78.0
28.4.2024 01:45,78.0
28.4.2024 02:00,78.0
28.4.2024 02:15,84.0
28.4.2024 02:30,84.0
28.4.2024 02:45,84.0
28.4.2024 03:00,84.0
28.4.2024 03:15,84.0
28.4.2024 03:30,84.0
28.4.2024 03:45,84.0
28.4.2024 04:00,84.0
28.4.2024 04:15,84.0
28.4.2024 04:30,84.0
28.4.2024 04:45,78.0
28.4.2024 05:00,78.0
28.4.2024 05:15,72.0
28.4.2024 05:30,72.0
28.4.2024 05:45,72.0
28.4.2024 06:00,60.0
28.4.2024 06:15,42.0
28.4.2024 06:30,6.0
28.4.2024 06:45,0.0
28.4.2024 07:00,0.0
28.4.2024 07:15,0.0
28.4.2024 07:30,0.0
28.4.2024 07:45,0.0
28.4.2024 08:00,0.0
28.4.2024 08:15,0.0
28.4.2024 08:30,0.0
28.4.2024 08:45,0.0
28.4.2024 09:00,0.0
28.4.2024 09:15,0.0
28.4.2024 09:30,0.0
28.4.2024 09:45,0.0
28.4.2024 10:00,0.0
28.4.2024 10:15,0.0
28.4.2024 10:30,0.0
28.4.2024 10:45,0.0
28.4.2024 11:00,0.0
28.4.2024 11:15,0.0
28.4.2024 11:30,0.0
28.4.2024 11:45,0.0
28.4.2024 12:00,0.0
28.4.2024 12:15,0.0
28.4.2024 12:30,0.0
28.4.2024 12:45,0.0
28.4.2024 13:00,0.0
28.4.2024 13:15,0.0
28.4.2024 13:30,0.0
28.4.2024 13:45,0.0
28.4.2024 14:00,6.0
28.4.2024 14:15,0.0
28.4.2024 14:30,0.0
28.4.2024 14:45,0.0
28.4.2024 15:00,0.0
28.4.2024 15:15,0.0
28.4.2024 15:30,0.0
28.4.2024 15:45,6.0
28.4.2024 16:00,0.0
28.4.2024 16:15,0.0
28.4.2024 16:30,6.0
28.4.2024 16:45,0.0
28.4.2024 17:00,0.0
28.4.2024 17:15,0.0
28.4.2024 17:30,0.0
28.4.2024 17:45,24.0
28.4.2024 18:00,60.0
28.4.2024 18:15,72.0
28.4.2024 18:30,78.0
28.4.2024 18:45,72.0
28.4.2024 19:00,84.0
28.4.2024 19:15,84.0
28.4.2024 19:30,84.0
28.4.2024 19:45,84.0
28.4.2024 20:00,84.0
28.4.2024 20:15,84.0
28.4.2024 20:30,84.0
28.4.2024 20:45,84.0
28.4.2024 21:00,84.0
28.4.2024 21:15,84.0
28.4.2024 21:30,84.0
28.4.2024 21:45,84.0
28.4.2024 22:00,84.0
28.4.2024 22:15,90.0
28.4.2024 22:30,90.0
28.4.2024 22:45,90.0
28.4.2024 23:00,84.0
28.4.2024 23:15,90.0
28.4.2024 23:30,84.0
28.4.2024 23:45,84.0
29.4.2024 00:00,84.0
29.4.2024 00:15,84.0
29.4.2024 00:30,84.0
29.4.2024 00:45,84.0
29.4.2024 01:00,78.0
29.4.2024 01:15,78.0
29.4.2024 01:30,78.0
29.4.2024 01:45,84.0
29.4.2024 02:00,84.0
29.4.2024 02:15,84.0
29.4.2024 02:30,84.0
29.4.2024 02:45,84.0
29.4.2024 03:00,84.0
29.4.2024 03:15,84.0
29.4.2024 03:30,84.0
29.4.2024 03:45,78.0
29.4.2024 04:00,84.0
29.4.2024 04:15,84.0
29.4.2024 04:30,78.0
29.4.2024 04:45,78.0
29.4.2024 05:00,78.0
29.4.2024 05:15,72.0
29.4.2024 05:30,72.0
29.4.2024 05:45,72.0
29.4.2024 06:00,78.0
29.4.2024 06:15,60.0
29.4.2024 06:30,12.0
29.4.2024 06:45,6.0
29.4.2024 07:00,6.0
29.4.2024 07:15,12.0
29.4.2024 07:30,6.0
29.4.2024 07:45,0.0
29.4.2024 08:00,0.0
29.4.2024 08:15,0.0
29.4.2024 08:30,0.0
29.4.2024 08:45,12.0
29.4.2024 09:00,6.0
29.4.2024 09:15,0.0
29.4.2024 09:30,0.0
29.4.2024 09:45,0.0
29.4.2024 10:00,0.0
29.4.2024 10:15,0.0
29.4.2024 10:30,0.0
29.4.2024 10:45,0.0
29.4.2024 11:00,0.0
29.4.2024 11:15,0.0
29.4.2024 11:30,0.0
29.4.2024 11:45,0.0
29.4.2024 12:00,0.0
29.4.2024 12:15,0.0
29.4.2024 12:30,0.0
29.4.2024 12:45,0.0
29.4.2024 13:00,0.0
29.4.2024 13:15,0.0
29.4.2024 13:30,12.0
29.4.2024 13:45,12.0
29.4.2024 14:00,0.0
29.4.2024 14:15,0.0
29.4.2024 14:30,0.0
29.4.2024 14:45,0.0
29.4.2024 15:00,0.0
29.4.2024 15:15,6.0
29.4.2024 15:30,0.0
29.4.2024 15:45,0.0
29.4.2024 16:00,0.0
29.4.2024 16:15,6.0
29.4.2024 16:30,6.0
29.4.2024 16:45,0.0
29.4.2024 17:00,6.0
29.4.2024 17:15,12.0
29.4.2024 17:30,24.0
29.4.2024 17:45,66.0
29.4.2024 18:00,78.0
29.4.2024 18:15,102.0
29.4.2024 18:30,108.0
29.4.2024 18:45,108.0
29.4.2024 19:00,102.0
29.4.2024 19:15,108.0
29.4.2024 19:30,108.0
29.4.2024 19:45,102.0
29.4.2024 20:00,96.0
29.4.2024 20:15,96.0
29.4.2024 20:30,90.0
29.4.2024 20:45,90.0
29.4.2024 21:00,90.0
29.4.2024 21:15,90.0
29.4.2024 21:30,90.0
29.4.2024 21:45,90.0
29.4.2024 22:00,90.0
29.4.2024 22:15,90.0
29.4.2024 22:30,96.0
29.4.2024 22:45,96.0
29.4.2024 23:00,96.0
29.4.2024 23:15,96.0
29.4.2024 23:30,90.0
29.4.2024 23:45,90.0
30.4.2024 00:00,90.0
30.4.2024 00:15,90.0
30.4.2024 00:30,90.0
30.4.2024 00:45,84.0
30.4.2024 01:00,84.0
30.4.2024 01:15,84.0
30.4.2024 01:30,84.0
30.4.2024 01:45,84.0
30.4.2024 02:00,84.0
30.4.2024 02:15,84.0
30.4.2024 02:30,90.0
30.4.2024 02:45,84.0
30.4.2024 03:00,84.0
30.4.2024 03:15,84.0
30.4.2024 03:30,84.0
30.4.2024 03:45,84.0
30.4.2024 04:00,84.0
30.4.2024 04:15,84.0
30.4.2024 04:30,84.0
30.4.2024 04:45,78.0
30.4.2024 05:00,78.0
30.4.2024 05:15,78.0
30.4.2024 05:30,72.0
30.4.2024 05:45,72.0
30.4.2024 06:00,60.0
30.4.2024 06:15,48.0
30.4.2024 06:30,18.0
30.4.2024 06:45,0.0
30.4.2024 07:00,0.0
30.4.2024 07:15,0.0
30.4.2024 07:30,0.0
30.4.2024 07:45,0.0
30.4.2024 08:00,0.0
30.4.2024 08:15,0.0
30.4.2024 08:30,0.0
30.4.2024 08:45,0.0
30.4.2024 09:00,0.0
30.4.2024 09:15,0.0
30.4.2024 09:30,0.0
30.4.2024 09:45,0.0
30.4.2024 10:00,0.0
30.4.2024 10:15,0.0
30.4.2024 10:30,0.0
30.4.2024 10:45,0.0
30.4.2024 11:00,0.0
30.4.2024 11:15,0.0
30.4.2024 11:30,0.0
30.4.2024 11:45,0.0
30.4.2024 12:00,0.0
30.4.2024 12:15,0.0
30.4.2024 12:30,0.0
30.4.2024 12:45,0.0
30.4.2024 13:00,0.0
30.4.2024 13:15,0.0
30.4.2024 13:30,0.0
30.4.2024 13:45,0.0
30.4.2024 14:00,0.0
30.4.2024 14:15,0.0
30.4.2024 14:30,0.0
30.4.2024 14:45,0.0
30.4.2024 15:00,0.0
30.4.2024 15:15,0.0
30.4.2024 15:30,0.0
30.4.2024 15:45,0.0
30.4.2024 16:00,0.0
30.4.2024 16:15,0.0
30.4.2024 16:30,0.0
30.4.2024 16:45,0.0
30.4.2024 17:00,42.0
30.4.2024 17:15,24.0
30.4.2024 17:30,6.0
30.4.2024 17:45,30.0
30.4.2024 18:00,60.0
30.4.2024 18:15,90.0
30.4.2024 18:30,102.0
30.4.2024 18:45,96.0
30.4.2024 19:00,108.0
30.4.2024 19:15,102.0
30.4.2024 19:30,102.0
30.4.2024 19:45,102.0
30.4.2024 20:00,96.0
30.4.2024 20:15,102.0
30.4.2024 20:30,108.0
30.4.2024 20:45,102.0
30.4.2024 21:00,96.0
30.4.2024 21:15,96.0
30.4.2024 21:30,90.0
30.4.2024 21:45,96.0
30.4.2024 22:00,108.0
30.4.2024 22:15,108.0
30.4.2024 22:30,108.0
30.4.2024 22:45,108.0
30.4.2024 23:00,102.0
30.4.2024 23:15,114.0
30.4.2024 23:30,108.0
30.4.2024 23:45,120.0
1.5.2024 00:00,114.0
1.5.2024 00:15,108.0
1.5.2024 00:30,108.0
1.5.2024 00:45,102.0
1.5.2024 01:00,102.0
1.5.2024 01:15,96.0
1.5.2024 01:30,96.0
1.5.2024 01:45,96.0
1.5.2024 02:00,90.0
1.5.2024 02:15,96.0
1.5.2024 02:30,96.0
1.5.2024 02:45,90.0
1.5.2024 03:00,90.0
1.5.2024 03:15,90.0
1.5.2024 03:30,90.0
1.5.2024 03:45,90.0
1.5.2024 04:00,90.0
1.5.2024 04:15,84.0
1.5.2024 04:30,84.0
1.5.2024 04:45,84.0
1.5.2024 05:00,84.0
1.5.2024 05:15,78.0
1.5.2024 05:30,72.0
1.5.2024 05:45,66.0
1.5.2024 06:00,42.0
1.5.2024 06:15,12.0
1.5.2024 06:30,0.0
1.5.2024 06:45,0.0
1.5.2024 07:00,0.0
1.5.2024 07:15,0.0
1.5.2024 07:30,0.0
1.5.2024 07:45,0.0
1.5.2024 08:00,0.0
1.5.2024 08:15,0.0
1.5.2024 08:30,0.0
1.5.2024 08:45,0.0
1.5.2024 09:00,0.0
1.5.2024 09:15,0.0
1.5.2024 09:30,0.0
1.5.2024 09:45,0.0
1.5.2024 10:00,0.0
1.5.2024 10:15,0.0
1.5.2024 10:30,0.0
1.5.2024 10:45,0.0
1.5.2024 11:00,0.0
1.5.2024 11:15,0.0
1.5.2024 11:30,0.0
1.5.2024 11:45,0.0
1.5.2024 12:00,0.0
1.5.2024 12:15,0.0
1.5.2024 12:30,0.0
1.5.2024 12:45,0.0
1.5.2024 13:00,0.0
1.5.2024 13:15,0.0
1.5.2024 13:30,0.0
1.5.2024 13:45,0.0
1.5.2024 14:00,0.0
1.5.2024 14:15,0.0
1.5.2024 14:30,0.0
1.5.2024 14:45,0.0
1.5.2024 15:00,0.0
1.5.2024 15:15,0.0
1.5.2024 15:30,0.0
1.5.2024 15:45,0.0
1.5.2024 16:00,0.0
1.5.2024 16:15,6.0
1.5.2024 16:30,30.0
1.5.2024 16:45,36.0
1.5.2024 17:00,12.0
1.5.2024 17:15,6.0
1.5.2024 17:30,18.0
1.5.2024 17:45,36.0
1.5.2024 18:00,60.0
1.5.2024 18:15,72.0
1.5.2024 18:30,78.0
1.5.2024 18:45,84.0
1.5.2024 19:00,78.0
1.5.2024 19:15,78.0
1.5.2024 19:30,78.0
1.5.2024 19:45,78.0
1.5.2024 20:00,84.0
1.5.2024 20:15,84.0
1.5.2024 20:30,84.0
1.5.2024 20:45,78.0
1.5.2024 21:00,78.0
1.5.2024 21:15,78.0
1.5.2024 21:30,78.0
1.5.2024 21:45,78.0
1.5.2024 22:00,78.0
1.5.2024 22:15,84.0
1.5.2024 22:30,84.0
1.5.2024 22:45,84.0
1.5.2024 23:00,84.0
1.5.2024 23:15,84.0
1.5.2024 23:30,84.0
1.5.2024 23:45,84.0
2.5.2024 00:00,84.0
2.5.2024 00:15,84.0
2.5.2024 00:30,84.0
2.5.2024 00:45,78.0
2.5.2024 01:00,78.0
2.5.2024 01:15,72.0
2.5.2024 01:30,78.0
2.5.2024 01:45,72.0
2.5.2024 02:00,78.0
2.5.2024 02:15,78.0
2.5.2024 02:30,78.0
2.5.2024 02:45,84.0
2.5.2024 03:00,78.0
2.5.2024 03:15,78.0
2.5.2024 03:30,78.0
2.5.2024 03:45,78.0
2.5.2024 04:00,78.0
2.5.2024 04:15,78.0
2.5.2024 04:30,78.0
2.5.2024 04:45,72.0
2.5.2024 05:00,72.0
2.5.2024 05:15,72.0
2.5.2024 05:30,72.0
2.5.2024 05:45,102.0
2.5.2024 06:00,204.0
2.5.2024 06:15,192.0
2.5.2024 06:30,132.0
2.5.2024 06:45,90.0
2.5.2024 07:00,48.0
2.5.2024 07:15,6.0
2.5.2024 07:30,0.0
2.5.2024 07:45,0.0
2.5.2024 08:00,6.0
2.5.2024 08:15,6.0
2.5.2024 08:30,18.0
2.5.2024 08:45,30.0
2.5.2024 09:00,48.0
2.5.2024 09:15,120.0
2.5.2024 09:30,144.0
2.5.2024 09:45,486.0
2.5.2024 10:00,498.0
2.5.2024 10:15,462.0
2.5.2024 10:30,666.0
2.5.2024 10:45,756.0
2.5.2024 11:00,648.0
2.5.2024 11:15,642.0
2.5.2024 11:30,780.0
2.5.2024 11:45,696.0
2.5.2024 12:00,606.0
2.5.2024 12:15,222.0
2.5.2024 12:30,42.0
2.5.2024 12:45,450.0
2.5.2024 13:00,792.0
2.5.2024 13:15,1038.0
2.5.2024 13:30,522.0
2.5.2024 13:45,636.0
2.5.2024 14:00,570.0
2.5.2024 14:15,1158.0
2.5.2024 14:30,876.0
2.5.2024 14:45,654.0
2.5.2024 15:00,876.0
2.5.2024 15:15,750.0
2.5.2024 15:30,750.0
2.5.2024 15:45,912.0
2.5.2024 16:00,954.0
2.5.2024 16:15,1290.0
2.5.2024 16:30,1026.0
2.5.2024 16:45,1134.0
2.5.2024 17:00,1392.0
2.5.2024 17:15,1536.0
2.5.2024 17:30,1176.0
2.5.2024 17:45,948.0
2.5.2024 18:00,1560.0
2.5.2024 18:15,1392.0
2.5.2024 18:30,1326.0
2.5.2024 18:45,1260.0
2.5.2024 19:00,1302.0
2.5.2024 19:15,1356.0
2.5.2024 19:30,1386.0
2.5.2024 19:45,1362.0
2.5.2024 20:00,1212.0
2.5.2024 20:15,1332.0
2.5.2024 20:30,1356.0
2.5.2024 20:45,1416.0
2.5.2024 21:00,1566.0
2.5.2024 21:15,1632.0
2.5.2024 21:30,1692.0
2.5.2024 21:45,1470.0
2.5.2024 22:00,1728.0
2.5.2024 22:15,1338.0
2.5.2024 22:30,984.0
2.5.2024 22:45,1302.0
2.5.2024 23:00,1728.0
2.5.2024 23:15,1638.0
2.5.2024 23:30,1320.0
2.5.2024 23:45,1350.0
3.5.2024 00:00,1476.0
3.5.2024 00:15,1206.0
3.5.2024 00:30,1398.0
3.5.2024 00:45,1626.0
3.5.2024 01:00,1530.0
3.5.2024 01:15,1692.0
3.5.2024 01:30,1512.0
3.5.2024 01:45,1590.0
3.5.2024 02:00,1266.0
3.5.2024 02:15,1224.0
3.5.2024 02:30,1266.0
3.5.2024 02:45,1386.0
3.5.2024 03:00,1674.0
3.5.2024 03:15,1644.0
3.5.2024 03:30,1566.0
3.5.2024 03:45,1416.0
3.5.2024 04:00,1518.0
3.5.2024 04:15,1482.0
3.5.2024 04:30,1452.0
3.5.2024 04:45,1356.0
3.5.2024 05:00,1560.0
3.5.2024 05:15,1584.0
3.5.2024 05:30,1584.0
3.5.2024 05:45,1530.0
3.5.2024 06:00,1488.0
3.5.2024 06:15,1320.0
3.5.2024 06:30,1398.0
3.5.2024 06:45,1392.0
3.5.2024 07:00,1104.0
3.5.2024 07:15,1116.0
3.5.2024 07:30,1218.0
3.5.2024 07:45,1020.0
3.5.2024 08:00,786.0
3.5.2024 08:15,672.0
3.5.2024 08:30,924.0
3.5.2024 08:45,942.0
3.5.2024 09:00,900.0
3.5.2024 09:15,906.0
3.5.2024 09:30,864.0
3.5.2024 09:45,714.0
3.5.2024 10:00,552.0
3.5.2024 10:15,618.0
3.5.2024 10:30,648.0
3.5.2024 10:45,630.0
3.5.2024 11:00,726.0
3.5.2024 11:15,534.0
3.5.2024 11:30,600.0
3.5.2024 11:45,588.0
3.5.2024 12:00,444.0
3.5.2024 12:15,846.0
3.5.2024 12:30,672.0
3.5.2024 12:45,684.0
3.5.2024 13:00,1020.0
3.5.2024 13:15,924.0
3.5.2024 13:30,756.0
3.5.2024 13:45,846.0
3.5.2024 14:00,1056.0
3.5.2024 14:15,1362.0
3.5.2024 14:30,1092.0
3.5.2024 14:45,1266.0
3.5.2024 15:00,804.0
3.5.2024 15:15,1182.0
3.5.2024 15:30,1596.0
3.5.2024 15:45,1422.0
3.5.2024 16:00,1572.0
3.5.2024 16:15,1548.0
3.5.2024 16:30,1272.0
3.5.2024 16:45,1422.0
3.5.2024 17:00,1482.0
3.5.2024 17:15,1518.0
3.5.2024 17:30,1458.0
3.5.2024 17:45,1614.0
3.5.2024 18:00,1632.0
3.5.2024 18:15,1788.0
3.5.2024 18:30,1872.0
3.5.2024 18:45,1824.0
3.5.2024 19:00,1608.0
3.5.2024 19:15,1806.0
3.5.2024 19:30,1692.0
3.5.2024 19:45,1716.0
3.5.2024 20:00,1770.0
3.5.2024 20:15,1674.0
3.5.2024 20:30,1596.0
3.5.2024 20:45,1776.0
3.5.2024 21:00,1782.0
3.5.2024 21:15,1716.0
3.5.2024 21:30,1440.0
3.5.2024 21:45,1674.0
3.5.2024 22:00,1680.0
3.5.2024 22:15,1650.0
3.5.2024 22:30,1686.0
3.5.2024 22:45,1644.0
3.5.2024 23:00,1596.0
3.5.2024 23:15,1428.0
3.5.2024 23:30,1734.0
3.5.2024 23:45,1536.0
4.5.2024 00:00,1566.0
4.5.2024 00:15,1488.0
4.5.2024 00:30,1380.0
4.5.2024 00:45,1272.0
4.5.2024 01:00,1782.0
4.5.2024 01:15,1764.0
4.5.2024 01:30,1668.0
4.5.2024 01:45,1458.0
4.5.2024 02:00,1632.0
4.5.2024 02:15,1728.0
4.5.2024 02:30,1632.0
4.5.2024 02:45,1752.0
4.5.2024 03:00,1710.0
4.5.2024 03:15,1680.0
4.5.2024 03:30,1638.0
4.5.2024 03:45,1788.0
4.5.2024 04:00,1722.0
4.5.2024 04:15,1716.0
4.5.2024 04:30,1770.0
4.5.2024 04:45,1662.0
4.5.2024 05:00,1662.0
4.5.2024 05:15,1770.0
4.5.2024 05:30,1656.0
4.5.2024 05:45,1308.0
4.5.2024 06:00,1224.0
4.5.2024 06:15,1170.0
4.5.2024 06:30,1242.0
4.5.2024 06:45,1194.0
4.5.2024 07:00,1152.0
4.5.2024 07:15,1182.0
4.5.2024 07:30,1128.0
4.5.2024 07:45,1044.0
4.5.2024 08:00,948.0
4.5.2024 08:15,762.0
4.5.2024 08:30,768.0
4.5.2024 08:45,738.0
4.5.2024 09:00,648.0
4.5.2024 09:15,618.0
4.5.2024 09:30,432.0
4.5.2024 09:45,468.0
4.5.2024 10:00,462.0
4.5.2024 10:15,360.0
4.5.2024 10:30,300.0
4.5.2024 10:45,306.0
4.5.2024 11:00,270.0
4.5.2024 11:15,228.0
4.5.2024 11:30,174.0
4.5.2024 11:45,528.0
4.5.2024 12:00,534.0
4.5.2024 12:15,582.0
4.5.2024 12:30,624.0
4.5.2024 12:45,780.0
4.5.2024 13:00,840.0
4.5.2024 13:15,870.0
4.5.2024 13:30,810.0
4.5.2024 13:45,768.0
4.5.2024 14:00,876.0
4.5.2024 14:15,900.0
4.5.2024 14:30,942.0
4.5.2024 14:45,1032.0
4.5.2024 15:00,1056.0
4.5.2024 15:15,1008.0
4.5.2024 15:30,1218.0
4.5.2024 15:45,1140.0
4.5.2024 16:00,1074.0
4.5.2024 16:15,816.0
4.5.2024 16:30,1362.0
4.5.2024 16:45,1416.0
4.5.2024 17:00,1302.0
4.5.2024 17:15,1686.0
4.5.2024 17:30,1758.0
4.5.2024 17:45,1818.0
4.5.2024 18:00,1584.0
4.5.2024 18:15,1488.0
4.5.2024 18:30,1704.0
4.5.2024 18:45,1116.0
4.5.2024 19:00,888.0
4.5.2024 19:15,690.0
4.5.2024 19:30,648.0
4.5.2024 19:45,852.0
4.5.2024 20:00,702.0
4.5.2024 20:15,732.0
4.5.2024 20:30,744.0
4.5.2024 20:45,816.0
4.5.2024 21:00,978.0
4.5.2024 21:15,1092.0
4.5.2024 21:30,1098.0
4.5.2024 21:45,1068.0
4.5.2024 22:00,1116.0
4.5.2024 22:15,1158.0
4.5.2024 22:30,1188.0
4.5.2024 22:45,1110.0
4.5.2024 23:00,1104.0
4.5.2024 23:15,960.0
4.5.2024 23:30,1086.0
4.5.2024 23:45,1074.0
5.5.2024 00:00,1314.0
5.5.2024 00:15,1266.0
5.5.2024 00:30,1608.0
5.5.2024 00:45,1464.0
5.5.2024 01:00,1572.0
5.5.2024 01:15,1674.0
5.5.2024 01:30,1656.0
5.5.2024 01:45,1554.0
5.5.2024 02:00,1392.0
5.5.2024 02:15,1278.0
5.5.2024 02:30,1158.0
5.5.2024 02:45,1200.0
5.5.2024 03:00,1344.0
5.5.2024 03:15,1590.0
5.5.2024 03:30,1680.0
5.5.2024 03:45,1638.0
5.5.2024 04:00,1536.0
5.5.2024 04:15,1686.0
5.5.2024 04:30,1524.0
5.5.2024 04:45,1266.0
5.5.2024 05:00,1242.0
5.5.2024 05:15,1230.0
5.5.2024 05:30,1146.0
5.5.2024 05:45,1092.0
5.5.2024 06:00,1284.0
5.5.2024 06:15,1482.0
5.5.2024 06:30,1140.0
5.5.2024 06:45,1128.0
5.5.2024 07:00,768.0
5.5.2024 07:15,630.0
5.5.2024 07:30,504.0
5.5.2024 07:45,360.0
5.5.2024 08:00,84.0
5.5.2024 08:15,96.0
5.5.2024 08:30,0.0
5.5.2024 08:45,24.0
5.5.2024 09:00,48.0
5.5.2024 09:15,84.0
5.5.2024 09:30,60.0
5.5.2024 09:45,78.0
5.5.2024 10:00,240.0
5.5.2024 10:15,552.0
5.5.2024 10:30,546.0
5.5.2024 10:45,402.0
5.5.2024 11:00,300.0
5.5.2024 11:15,156.0
5.5.2024 11:30,372.0
5.5.2024 11:45,444.0
5.5.2024 12:00,426.0
5.5.2024 12:15,300.0
5.5.2024 12:30,318.0
5.5.2024 12:45,324.0
5.5.2024 13:00,780.0
5.5.2024 13:15,948.0
5.5.2024 13:30,1026.0
5.5.2024 13:45,1428.0
5.5.2024 14:00,1416.0
5.5.2024 14:15,1470.0
5.5.2024 14:30,1416.0
5.5.2024 14:45,1500.0
5.5.2024 15:00,1572.0
5.5.2024 15:15,1560.0
5.5.2024 15:30,1548.0
5.5.2024 15:45,1368.0
5.5.2024 16:00,1092.0
5.5.2024 16:15,1272.0
5.5.2024 16:30,1530.0
5.5.2024 16:45,930.0
5.5.2024 17:00,1230.0
5.5.2024 17:15,1800.0
5.5.2024 17:30,1614.0
5.5.2024 17:45,1380.0
5.5.2024 18:00,1128.0
5.5.2024 18:15,1260.0
5.5.2024 18:30,1560.0
5.5.2024 18:45,1770.0
5.5.2024 19:00,1566.0
5.5.2024 19:15,1164.0
5.5.2024 19:30,1248.0
5.5.2024 19:45,1008.0
5.5.2024 20:00,942.0
5.5.2024 20:15,1398.0
5.5.2024 20:30,1344.0
5.5.2024 20:45,1242.0
5.5.2024 21:00,1314.0
5.5.2024 21:15,1578.0
5.5.2024 21:30,1746.0
5.5.2024 21:45,1608.0
5.5.2024 22:00,1512.0
5.5.2024 22:15,1242.0
5.5.2024 22:30,1506.0
5.5.2024 22:45,1572.0
5.5.2024 23:00,1560.0
5.5.2024 23:15,1470.0
5.5.2024 23:30,1284.0
5.5.2024 23:45,1290.0
6.5.2024 00:00,1416.0
6.5.2024 00:15,1830.0
6.5.2024 00:30,1332.0
6.5.2024 00:45,1362.0
6.5.2024 01:00,1344.0
6.5.2024 01:15,1602.0
6.5.2024 01:30,1332.0
6.5.2024 01:45,1494.0
6.5.2024 02:00,1800.0
6.5.2024 02:15,1200.0
6.5.2024 02:30,948.0
6.5.2024 02:45,1242.0
6.5.2024 03:00,1530.0
6.5.2024 03:15,1482.0
6.5.2024 03:30,1554.0
6.5.2024 03:45,1410.0
6.5.2024 04:00,1680.0
6.5.2024 04:15,1638.0
6.5.2024 04:30,1410.0
6.5.2024 04:45,1182.0
6.5.2024 05:00,1344.0
6.5.2024 05:15,1680.0
6.5.2024 05:30,1530.0
6.5.2024 05:45,1572.0
6.5.2024 06:00,1566.0
6.5.2024 06:15,1584.0
6.5.2024 06:30,1140.0
6.5.2024 06:45,726.0
6.5.2024 07:00,636.0
6.5.2024 07:15,582.0
6.5.2024 07:30,456.0
6.5.2024 07:45,312.0
6.5.2024 08:00,348.0
6.5.2024 08:15,312.0
6.5.2024 08:30,0.0
6.5.2024 08:45,0.0
6.5.2024 09:00,12.0
6.5.2024 09:15,0.0
6.5.2024 09:30,6.0
6.5.2024 09:45,0.0
6.5.2024 10:00,0.0
6.5.2024 10:15,0.0
6.5.2024 10:30,0.0
6.5.2024 10:45,6.0
6.5.2024 11:00,24.0
6.5.2024 11:15,0.0
6.5.2024 11:30,0.0
6.5.2024 11:45,12.0
6.5.2024 12:00,36.0
6.5.2024 12:15,12.0
6.5.2024 12:30,36.0
6.5.2024 12:45,0.0
6.5.2024 13:00,0.0
6.5.2024 13:15,0.0
6.5.2024 13:30,6.0
6.5.2024 13:45,12.0
6.5.2024 14:00,0.0
6.5.2024 14:15,12.0
6.5.2024 14:30,0.0
6.5.2024 14:45,12.0
6.5.2024 15:00,18.0
6.5.2024 15:15,24.0
6.5.2024 15:30,60.0
6.5.2024 15:45,66.0
6.5.2024 16:00,12.0
6.5.2024 16:15,30.0
6.5.2024 16:30,30.0
6.5.2024 16:45,78.0
6.5.2024 17:00,84.0
6.5.2024 17:15,114.0
6.5.2024 17:30,114.0
6.5.2024 17:45,126.0
6.5.2024 18:00,144.0
6.5.2024 18:15,162.0
6.5.2024 18:30,156.0
6.5.2024 18:45,156.0
6.5.2024 19:00,150.0
6.5.2024 19:15,156.0
6.5.2024 19:30,150.0
6.5.2024 19:45,150.0
6.5.2024 20:00,168.0
6.5.2024 20:15,192.0
6.5.2024 20:30,204.0
6.5.2024 20:45,168.0
6.5.2024 21:00,144.0
6.5.2024 21:15,144.0
6.5.2024 21:30,144.0
6.5.2024 21:45,168.0
6.5.2024 22:00,156.0
6.5.2024 22:15,156.0
6.5.2024 22:30,90.0
6.5.2024 22:45,108.0
6.5.2024 23:00,126.0
6.5.2024 23:15,120.0
6.5.2024 23:30,120.0
6.5.2024 23:45,120.0
7.5.2024 00:00,120.0
7.5.2024 00:15,120.0
7.5.2024 00:30,120.0
7.5.2024 00:45,120.0
7.5.2024 01:00,120.0
7.5.2024 01:15,120.0
7.5.2024 01:30,120.0
7.5.2024 01:45,174.0
7.5.2024 02:00,180.0
7.5.2024 02:15,180.0
7.5.2024 02:30,180.0
7.5.2024 02:45,198.0
7.5.2024 03:00,180.0
7.5.2024 03:15,180.0
7.5.2024 03:30,180.0
7.5.2024 03:45,180.0
7.5.2024 04:00,162.0
7.5.2024 04:15,144.0
7.5.2024 04:30,150.0
7.5.2024 04:45,144.0
7.5.2024 05:00,144.0
7.5.2024 05:15,144.0
7.5.2024 05:30,150.0
7.5.2024 05:45,150.0
7.5.2024 06:00,192.0
7.5.2024 06:15,246.0
7.5.2024 06:30,252.0
7.5.2024 06:45,360.0
7.5.2024 07:00,642.0
7.5.2024 07:15,744.0
7.5.2024 07:30,738.0
7.5.2024 07:45,780.0
7.5.2024 08:00,780.0
7.5.2024 08:15,792.0
7.5.2024 08:30,732.0
7.5.2024 08:45,744.0
7.5.2024 09:00,984.0
7.5.2024 09:15,1224.0
7.5.2024 09:30,1446.0
7.5.2024 09:45,1218.0
7.5.2024 10:00,1116.0
7.5.2024 10:15,1170.0
7.5.2024 10:30,1320.0
7.5.2024 10:45,1278.0
7.5.2024 11:00,1032.0
7.5.2024 11:15,804.0
7.5.2024 11:30,648.0
7.5.2024 11:45,732.0
7.5.2024 12:00,600.0
7.5.2024 12:15,684.0
7.5.2024 12:30,714.0
7.5.2024 12:45,876.0
7.5.2024 13:00,978.0
7.5.2024 13:15,966.0
7.5.2024 13:30,1134.0
7.5.2024 13:45,1206.0
7.5.2024 14:00,768.0
7.5.2024 14:15,606.0
7.5.2024 14:30,918.0
7.5.2024 14:45,1116.0
7.5.2024 15:00,1110.0
7.5.2024 15:15,930.0
7.5.2024 15:30,1164.0
7.5.2024 15:45,1182.0
7.5.2024 16:00,738.0
7.5.2024 16:15,1098.0
7.5.2024 16:30,1416.0
7.5.2024 16:45,1230.0
7.5.2024 17:00,1182.0
7.5.2024 17:15,1194.0
7.5.2024 17:30,1080.0
7.5.2024 17:45,1122.0
7.5.2024 18:00,1626.0
7.5.2024 18:15,1596.0
7.5.2024 18:30,1500.0
7.5.2024 18:45,1458.0
7.5.2024 19:00,1302.0
7.5.2024 19:15,1632.0
7.5.2024 19:30,1554.0
7.5.2024 19:45,1254.0
7.5.2024 20:00,1014.0
7.5.2024 20:15,1578.0
7.5.2024 20:30,1596.0
7.5.2024 20:45,1392.0
7.5.2024 21:00,1446.0
7.5.2024 21:15,1008.0
7.5.2024 21:30,1500.0
7.5.2024 21:45,1482.0
7.5.2024 22:00,1422.0
7.5.2024 22:15,1338.0
7.5.2024 22:30,1686.0
7.5.2024 22:45,1812.0
7.5.2024 23:00,1734.0
7.5.2024 23:15,1812.0
7.5.2024 23:30,1650.0
7.5.2024 23:45,1644.0
8.5.2024 00:00,1686.0
8.5.2024 00:15,1554.0
8.5.2024 00:30,1614.0
8.5.2024 00:45,1608.0
8.5.2024 01:00,1638.0
8.5.2024 01:15,1212.0
8.5.2024 01:30,1206.0
8.5.2024 01:45,1476.0
8.5.2024 02:00,1626.0
8.5.2024 02:15,1614.0
8.5.2024 02:30,1644.0
8.5.2024 02:45,1734.0
8.5.2024 03:00,1686.0
8.5.2024 03:15,1488.0
8.5.2024 03:30,1344.0
8.5.2024 03:45,1392.0
8.5.2024 04:00,1656.0
8.5.2024 04:15,1656.0
8.5.2024 04:30,1602.0
8.5.2024 04:45,1728.0
8.5.2024 05:00,1716.0
8.5.2024 05:15,1734.0
8.5.2024 05:30,1620.0
8.5.2024 05:45,1578.0
8.5.2024 06:00,1644.0
8.5.2024 06:15,1560.0
8.5.2024 06:30,1350.0
8.5.2024 06:45,1572.0
8.5.2024 07:00,1362.0
8.5.2024 07:15,978.0
8.5.2024 07:30,840.0
8.5.2024 07:45,864.0
8.5.2024 08:00,720.0
8.5.2024 08:15,756.0
8.5.2024 08:30,636.0
8.5.2024 08:45,690.0
8.5.2024 09:00,504.0
8.5.2024 09:15,684.0
8.5.2024 09:30,750.0
8.5.2024 09:45,696.0
8.5.2024 10:00,564.0
8.5.2024 10:15,564.0
8.5.2024 10:30,408.0
8.5.2024 10:45,588.0
8.5.2024 11:00,372.0
8.5.2024 11:15,240.0
8.5.2024 11:30,426.0
8.5.2024 11:45,504.0
8.5.2024 12:00,402.0
8.5.2024 12:15,582.0
8.5.2024 12:30,534.0
8.5.2024 12:45,678.0
8.5.2024 13:00,486.0
8.5.2024 13:15,342.0
8.5.2024 13:30,360.0
8.5.2024 13:45,624.0
8.5.2024 14:00,906.0
8.5.2024 14:15,540.0
8.5.2024 14:30,732.0
8.5.2024 14:45,738.0
8.5.2024 15:00,456.0
8.5.2024 15:15,648.0
8.5.2024 15:30,540.0
8.5.2024 15:45,702.0
8.5.2024 16:00,702.0
8.5.2024 16:15,720.0
8.5.2024 16:30,816.0
8.5.2024 16:45,1020.0
8.5.2024 17:00,1266.0
8.5.2024 17:15,1416.0
8.5.2024 17:30,1296.0
8.5.2024 17:45,1500.0
8.5.2024 18:00,1476.0
8.5.2024 18:15,1536.0
8.5.2024 18:30,1560.0
8.5.2024 18:45,1620.0
8.5.2024 19:00,1476.0
8.5.2024 19:15,1404.0
8.5.2024 19:30,1650.0
8.5.2024 19:45,1458.0
8.5.2024 20:00,1404.0
8.5.2024 20:15,1422.0
8.5.2024 20:30,1488.0
8.5.2024 20:45,1614.0
8.5.2024 21:00,1584.0
8.5.2024 21:15,1560.0
8.5.2024 21:30,1656.0
8.5.2024 21:45,1608.0
8.5.2024 22:00,1482.0
8.5.2024 22:15,1392.0
8.5.2024 22:30,1332.0
8.5.2024 22:45,1500.0
8.5.2024 23:00,1572.0
8.5.2024 23:15,1404.0
8.5.2024 23:30,1284.0
8.5.2024 23:45,1302.0
9.5.2024 00:00,1542.0
9.5.2024 00:15,1440.0
9.5.2024 00:30,1332.0
9.5.2024 00:45,1518.0
9.5.2024 01:00,960.0
9.5.2024 01:15,912.0
9.5.2024 01:30,1026.0
9.5.2024 01:45,1590.0
9.5.2024 02:00,1554.0
9.5.2024 02:15,1638.0
9.5.2024 02:30,1512.0
9.5.2024 02:45,1572.0
9.5.2024 03:00,1512.0
9.5.2024 03:15,1506.0
9.5.2024 03:30,1590.0
9.5.2024 03:45,1644.0
9.5.2024 04:00,1632.0
9.5.2024 04:15,1662.0
9.5.2024 04:30,1566.0
9.5.2024 04:45,1566.0
9.5.2024 05:00,1428.0
9.5.2024 05:15,1656.0
9.5.2024 05:30,1728.0
9.5.2024 05:45,1500.0
9.5.2024 06:00,1236.0
9.5.2024 06:15,1380.0
9.5.2024 06:30,1536.0
9.5.2024 06:45,960.0
9.5.2024 07:00,1308.0
9.5.2024 07:15,1488.0
9.5.2024 07:30,1314.0
9.5.2024 07:45,1404.0
9.5.2024 08:00,1014.0
9.5.2024 08:15,1284.0
9.5.2024 08:30,1176.0
9.5.2024 08:45,1074.0
9.5.2024 09:00,1236.0
9.5.2024 09:15,1134.0
9.5.2024 09:30,1122.0
9.5.2024 09:45,1110.0
9.5.2024 10:00,834.0
9.5.2024 10:15,780.0
9.5.2024 10:30,768.0
9.5.2024 10:45,834.0
9.5.2024 11:00,360.0
9.5.2024 11:15,246.0
9.5.2024 11:30,486.0
9.5.2024 11:45,306.0
9.5.2024 12:00,588.0
9.5.2024 12:15,1086.0
9.5.2024 12:30,600.0
9.5.2024 12:45,720.0
9.5.2024 13:00,186.0
9.5.2024 13:15,60.0
9.5.2024 13:30,96.0
9.5.2024 13:45,336.0
9.5.2024 14:00,510.0
9.5.2024 14:15,498.0
9.5.2024 14:30,420.0
9.5.2024 14:45,408.0
9.5.2024 15:00,180.0
9.5.2024 15:15,384.0
9.5.2024 15:30,540.0
9.5.2024 15:45,912.0
9.5.2024 16:00,1104.0
9.5.2024 16:15,1434.0
9.5.2024 16:30,1266.0
9.5.2024 16:45,1152.0
9.5.2024 17:00,1272.0
9.5.2024 17:15,1464.0
9.5.2024 17:30,1500.0
9.5.2024 17:45,1404.0
9.5.2024 18:00,1404.0
9.5.2024 18:15,1680.0
9.5.2024 18:30,1668.0
9.5.2024 18:45,1662.0
9.5.2024 19:00,1632.0
9.5.2024 19:15,1692.0
9.5.2024 19:30,1692.0
9.5.2024 19:45,1692.0
9.5.2024 20:00,1716.0
9.5.2024 20:15,1650.0
9.5.2024 20:30,1716.0
9.5.2024 20:45,1656.0
9.5.2024 21:00,1632.0
9.5.2024 21:15,1698.0
9.5.2024 21:30,1716.0
9.5.2024 21:45,1740.0
9.5.2024 22:00,1656.0
9.5.2024 22:15,1650.0
9.5.2024 22:30,1680.0
9.5.2024 22:45,1566.0
9.5.2024 23:00,1644.0
9.5.2024 23:15,1632.0
9.5.2024 23:30,1608.0
9.5.2024 23:45,1404.0
10.5.2024 00:00,1146.0
10.5.2024 00:15,1290.0
10.5.2024 00:30,1170.0
10.5.2024 00:45,1350.0
10.5.2024 01:00,1350.0
10.5.2024 01:15,1374.0
10.5.2024 01:30,1350.0
10.5.2024 01:45,1632.0
10.5.2024 02:00,1512.0
10.5.2024 02:15,1614.0
10.5.2024 02:30,1476.0
10.5.2024 02:45,1692.0
10.5.2024 03:00,1644.0
10.5.2024 03:15,1656.0
10.5.2024 03:30,1512.0
10.5.2024 03:45,1572.0
10.5.2024 04:00,1638.0
10.5.2024 04:15,1626.0
10.5.2024 04:30,1704.0
10.5.2024 04:45,1566.0
10.5.2024 05:00,1746.0
10.5.2024 05:15,1632.0
10.5.2024 05:30,1542.0
10.5.2024 05:45,1590.0
10.5.2024 06:00,1524.0
10.5.2024 06:15,1266.0
10.5.2024 06:30,1230.0
10.5.2024 06:45,1098.0
10.5.2024 07:00,1236.0
10.5.2024 07:15,1368.0
10.5.2024 07:30,1284.0
10.5.2024 07:45,1284.0
10.5.2024 08:00,1170.0
10.5.2024 08:15,864.0
10.5.2024 08:30,876.0
10.5.2024 08:45,1056.0
10.5.2024 09:00,1092.0
10.5.2024 09:15,672.0
10.5.2024 09:30,486.0
10.5.2024 09:45,624.0
10.5.2024 10:00,828.0
10.5.2024 10:15,750.0
10.5.2024 10:30,834.0
10.5.2024 10:45,762.0
10.5.2024 11:00,750.0
10.5.2024 11:15,1338.0
10.5.2024 11:30,612.0
10.5.2024 11:45,714.0
10.5.2024 12:00,714.0
10.5.2024 12:15,612.0
10.5.2024 12:30,948.0
10.5.2024 12:45,1344.0
10.5.2024 13:00,1236.0
10.5.2024 13:15,888.0
10.5.2024 13:30,954.0
10.5.2024 13:45,972.0
10.5.2024 14:00,1224.0
10.5.2024 14:15,1260.0
10.5.2024 14:30,1188.0
10.5.2024 14:45,1224.0
10.5.2024 15:00,1068.0
10.5.2024 15:15,756.0
10.5.2024 15:30,828.0
10.5.2024 15:45,936.0
10.5.2024 16:00,1122.0
10.5.2024 16:15,1398.0
10.5.2024 16:30,1500.0
10.5.2024 16:45,1410.0
10.5.2024 17:00,1356.0
10.5.2024 17:15,1458.0
10.5.2024 17:30,1128.0
10.5.2024 17:45,954.0
10.5.2024 18:00,1518.0
10.5.2024 18:15,1680.0
10.5.2024 18:30,1632.0
10.5.2024 18:45,1728.0
10.5.2024 19:00,1620.0
10.5.2024 19:15,1524.0
10.5.2024 19:30,1056.0
10.5.2024 19:45,942.0
10.5.2024 20:00,1044.0
10.5.2024 20:15,1032.0
10.5.2024 20:30,1230.0
10.5.2024 20:45,1290.0
10.5.2024 21:00,1308.0
10.5.2024 21:15,1122.0
10.5.2024 21:30,1188.0
10.5.2024 21:45,1248.0
10.5.2024 22:00,1188.0
10.5.2024 22:15,1104.0
10.5.2024 22:30,1038.0
10.5.2024 22:45,1110.0
10.5.2024 23:00,1116.0
10.5.2024 23:15,1158.0
10.5.2024 23:30,1116.0
10.5.2024 23:45,1242.0
11.5.2024 00:00,1116.0
11.5.2024 00:15,1170.0
11.5.2024 00:30,1260.0
11.5.2024 00:45,1320.0
11.5.2024 01:00,1308.0
11.5.2024 01:15,1326.0
11.5.2024 01:30,1308.0
11.5.2024 01:45,1260.0
11.5.2024 02:00,1182.0
11.5.2024 02:15,1176.0
11.5.2024 02:30,1110.0
11.5.2024 02:45,888.0
11.5.2024 03:00,1044.0
11.5.2024 03:15,1242.0
11.5.2024 03:30,1140.0
11.5.2024 03:45,1248.0
11.5.2024 04:00,1212.0
11.5.2024 04:15,1128.0
11.5.2024 04:30,1248.0
11.5.2024 04:45,1068.0
11.5.2024 05:00,780.0
11.5.2024 05:15,750.0
11.5.2024 05:30,672.0
11.5.2024 05:45,720.0
11.5.2024 06:00,816.0
11.5.2024 06:15,744.0
11.5.2024 06:30,1008.0
11.5.2024 06:45,1074.0
11.5.2024 07:00,1032.0
11.5.2024 07:15,846.0
11.5.2024 07:30,1062.0
11.5.2024 07:45,810.0
11.5.2024 08:00,996.0
11.5.2024 08:15,1188.0
11.5.2024 08:30,1122.0
11.5.2024 08:45,1116.0
11.5.2024 09:00,996.0
11.5.2024 09:15,816.0
11.5.2024 09:30,690.0
11.5.2024 09:45,600.0
11.5.2024 10:00,564.0
11.5.2024 10:15,636.0
11.5.2024 10:30,1038.0
11.5.2024 10:45,1014.0
11.5.2024 11:00,1038.0
11.5.2024 11:15,1104.0
11.5.2024 11:30,840.0
11.5.2024 11:45,828.0
11.5.2024 12:00,714.0
11.5.2024 12:15,792.0
11.5.2024 12:30,840.0
11.5.2024 12:45,684.0
11.5.2024 13:00,750.0
11.5.2024 13:15,114.0
11.5.2024 13:30,294.0
11.5.2024 13:45,402.0
11.5.2024 14:00,444.0
11.5.2024 14:15,390.0
11.5.2024 14:30,438.0
11.5.2024 14:45,486.0
11.5.2024 15:00,288.0
11.5.2024 15:15,264.0
11.5.2024 15:30,150.0
11.5.2024 15:45,144.0
11.5.2024 16:00,174.0
11.5.2024 16:15,384.0
11.5.2024 16:30,804.0
11.5.2024 16:45,1266.0
11.5.2024 17:00,1626.0
11.5.2024 17:15,1572.0
11.5.2024 17:30,1488.0
11.5.2024 17:45,1602.0
11.5.2024 18:00,1542.0
11.5.2024 18:15,1404.0
11.5.2024 18:30,1422.0
11.5.2024 18:45,1476.0
11.5.2024 19:00,1506.0
11.5.2024 19:15,1596.0
11.5.2024 19:30,1662.0
11.5.2024 19:45,1728.0
11.5.2024 20:00,1542.0
11.5.2024 20:15,1692.0
11.5.2024 20:30,1668.0
11.5.2024 20:45,1692.0
11.5.2024 21:00,1758.0
11.5.2024 21:15,1734.0
11.5.2024 21:30,1836.0
11.5.2024 21:45,1584.0
11.5.2024 22:00,1566.0
11.5.2024 22:15,1674.0
11.5.2024 22:30,1620.0
11.5.2024 22:45,1470.0
11.5.2024 23:00,1410.0
11.5.2024 23:15,1596.0
11.5.2024 23:30,1776.0
11.5.2024 23:45,1554.0
12.5.2024 00:00,1590.0
12.5.2024 00:15,1566.0
12.5.2024 00:30,1098.0
12.5.2024 00:45,1032.0
12.5.2024 01:00,1188.0
12.5.2024 01:15,1350.0
12.5.2024 01:30,1284.0
12.5.2024 01:45,1500.0
12.5.2024 02:00,1542.0
12.5.2024 02:15,1566.0
12.5.2024 02:30,1560.0
12.5.2024 02:45,1248.0
12.5.2024 03:00,1674.0
12.5.2024 03:15,1644.0
12.5.2024 03:30,1644.0
12.5.2024 03:45,1710.0
12.5.2024 04:00,1704.0
12.5.2024 04:15,1680.0
12.5.2024 04:30,1626.0
12.5.2024 04:45,1608.0
12.5.2024 05:00,1416.0
12.5.2024 05:15,1188.0
12.5.2024 05:30,1374.0
12.5.2024 05:45,1380.0
12.5.2024 06:00,1536.0
12.5.2024 06:15,1386.0
12.5.2024 06:30,1284.0
12.5.2024 06:45,1452.0
12.5.2024 07:00,1260.0
12.5.2024 07:15,1380.0
12.5.2024 07:30,1296.0
12.5.2024 07:45,762.0
12.5.2024 08:00,486.0
12.5.2024 08:15,696.0
12.5.2024 08:30,864.0
12.5.2024 08:45,840.0
12.5.2024 09:00,864.0
12.5.2024 09:15,960.0
12.5.2024 09:30,786.0
12.5.2024 09:45,606.0
12.5.2024 10:00,486.0
12.5.2024 10:15,528.0
12.5.2024 10:30,546.0
12.5.2024 10:45,600.0
12.5.2024 11:00,654.0
12.5.2024 11:15,600.0
12.5.2024 11:30,642.0
12.5.2024 11:45,804.0
12.5.2024 12:00,600.0
12.5.2024 12:15,342.0
12.5.2024 12:30,480.0
12.5.2024 12:45,420.0
12.5.2024 13:00,408.0
12.5.2024 13:15,600.0
12.5.2024 13:30,468.0
12.5.2024 13:45,936.0
12.5.2024 14:00,720.0
12.5.2024 14:15,936.0
12.5.2024 14:30,1170.0
12.5.2024 14:45,1050.0
12.5.2024 15:00,900.0
12.5.2024 15:15,672.0
12.5.2024 15:30,1230.0
12.5.2024 15:45,1458.0
12.5.2024 16:00,1548.0
12.5.2024 16:15,1380.0
12.5.2024 16:30,1380.0
12.5.2024 16:45,1446.0
12.5.2024 17:00,1380.0
12.5.2024 17:15,1494.0
12.5.2024 17:30,1470.0
12.5.2024 17:45,1560.0
12.5.2024 18:00,1488.0
12.5.2024 18:15,1380.0
12.5.2024 18:30,1308.0
12.5.2024 18:45,1524.0
12.5.2024 19:00,1488.0
12.5.2024 19:15,1608.0
12.5.2024 19:30,1548.0
12.5.2024 19:45,1068.0
12.5.2024 20:00,960.0
12.5.2024 20:15,1164.0
12.5.2024 20:30,1584.0
12.5.2024 20:45,1530.0
12.5.2024 21:00,1602.0
12.5.2024 21:15,1512.0
12.5.2024 21:30,1314.0
12.5.2024 21:45,1662.0
12.5.2024 22:00,1536.0
12.5.2024 22:15,1392.0
12.5.2024 22:30,1200.0
12.5.2024 22:45,1434.0
12.5.2024 23:00,1464.0
12.5.2024 23:15,1332.0
12.5.2024 23:30,1326.0
12.5.2024 23:45,1272.0
13.5.2024 00:00,1452.0
13.5.2024 00:15,1650.0
13.5.2024 00:30,1518.0
13.5.2024 00:45,1650.0
13.5.2024 01:00,1716.0
13.5.2024 01:15,1428.0
13.5.2024 01:30,1008.0
13.5.2024 01:45,1032.0
13.5.2024 02:00,1380.0
13.5.2024 02:15,1332.0
13.5.2024 02:30,1278.0
13.5.2024 02:45,1056.0
13.5.2024 03:00,1044.0
13.5.2024 03:15,1284.0
13.5.2024 03:30,1320.0
13.5.2024 03:45,1320.0
13.5.2024 04:00,1608.0
13.5.2024 04:15,1656.0
13.5.2024 04:30,1584.0
13.5.2024 04:45,1290.0
13.5.2024 05:00,1524.0
13.5.2024 05:15,1494.0
13.5.2024 05:30,1302.0
13.5.2024 05:45,1260.0
13.5.2024 06:00,1290.0
13.5.2024 06:15,1368.0
13.5.2024 06:30,1248.0
13.5.2024 06:45,1206.0
13.5.2024 07:00,1308.0
13.5.2024 07:15,1188.0
13.5.2024 07:30,1062.0
13.5.2024 07:45,1140.0
13.5.2024 08:00,1098.0
13.5.2024 08:15,960.0
13.5.2024 08:30,1026.0
13.5.2024 08:45,1260.0
13.5.2024 09:00,1056.0
13.5.2024 09:15,954.0
13.5.2024 09:30,1254.0
13.5.2024 09:45,1326.0
13.5.2024 10:00,1524.0
13.5.2024 10:15,1440.0
13.5.2024 10:30,1458.0
13.5.2024 10:45,1272.0
13.5.2024 11:00,1152.0
13.5.2024 11:15,1056.0
13.5.2024 11:30,1056.0
13.5.2024 11:45,1092.0
13.5.2024 12:00,1266.0
13.5.2024 12:15,1230.0
13.5.2024 12:30,1128.0
13.5.2024 12:45,1140.0
13.5.2024 13:00,1140.0
13.5.2024 13:15,1188.0
13.5.2024 13:30,1212.0
13.5.2024 13:45,1272.0
13.5.2024 14:00,1230.0
13.5.2024 14:15,1146.0
13.5.2024 14:30,1284.0
13.5.2024 14:45,1122.0
13.5.2024 15:00,1116.0
13.5.2024 15:15,1128.0
13.5.2024 15:30,1086.0
13.5.2024 15:45,876.0
13.5.2024 16:00,1134.0
13.5.2024 16:15,1164.0
13.5.2024 16:30,1152.0
13.5.2024 16:45,1206.0
13.5.2024 17:00,1218.0
13.5.2024 17:15,1260.0
13.5.2024 17:30,1458.0
13.5.2024 17:45,1602.0
13.5.2024 18:00,1602.0
13.5.2024 18:15,1416.0
13.5.2024 18:30,1338.0
13.5.2024 18:45,1344.0
13.5.2024 19:00,1392.0
13.5.2024 19:15,1638.0
13.5.2024 19:30,1320.0
13.5.2024 19:45,1290.0
13.5.2024 20:00,1266.0
13.5.2024 20:15,1302.0
13.5.2024 20:30,1368.0
13.5.2024 20:45,1494.0
13.5.2024 21:00,1422.0
13.5.2024 21:15,1368.0
13.5.2024 21:30,1392.0
13.5.2024 21:45,1296.0
13.5.2024 22:00,1272.0
13.5.2024 22:15,1200.0
13.5.2024 22:30,1284.0
13.5.2024 22:45,1374.0
13.5.2024 23:00,1392.0
13.5.2024 23:15,1608.0
13.5.2024 23:30,1506.0
13.5.2024 23:45,1368.0
14.5.2024 00:00,1332.0
14.5.2024 00:15,1686.0
14.5.2024 00:30,1584.0
14.5.2024 00:45,1620.0
14.5.2024 01:00,1464.0
14.5.2024 01:15,1242.0
14.5.2024 01:30,882.0
14.5.2024 01:45,804.0
14.5.2024 02:00,810.0
14.5.2024 02:15,756.0
14.5.2024 02:30,744.0
14.5.2024 02:45,744.0
14.5.2024 03:00,792.0
14.5.2024 03:15,804.0
14.5.2024 03:30,792.0
14.5.2024 03:45,804.0
14.5.2024 04:00,792.0
14.5.2024 04:15,792.0
14.5.2024 04:30,804.0
14.5.2024 04:45,780.0
14.5.2024 05:00,780.0
14.5.2024 05:15,786.0
14.5.2024 05:30,774.0
14.5.2024 05:45,768.0
14.5.2024 06:00,762.0
14.5.2024 06:15,768.0
14.5.2024 06:30,690.0
14.5.2024 06:45,684.0
14.5.2024 07:00,660.0
14.5.2024 07:15,630.0
14.5.2024 07:30,582.0
14.5.2024 07:45,552.0
14.5.2024 08:00,288.0
14.5.2024 08:15,6.0
14.5.2024 08:30,0.0
14.5.2024 08:45,6.0
14.5.2024 09:00,0.0
14.5.2024 09:15,0.0
14.5.2024 09:30,6.0
14.5.2024 09:45,0.0
14.5.2024 10:00,0.0
14.5.2024 10:15,0.0
14.5.2024 10:30,0.0
14.5.2024 10:45,0.0
14.5.2024 11:00,0.0
14.5.2024 11:15,0.0
14.5.2024 11:30,0.0
14.5.2024 11:45,6.0
14.5.2024 12:00,0.0
14.5.2024 12:15,0.0
14.5.2024 12:30,0.0
14.5.2024 12:45,0.0
14.5.2024 13:00,0.0
14.5.2024 13:15,0.0
14.5.2024 13:30,0.0
14.5.2024 13:45,0.0
14.5.2024 14:00,12.0
14.5.2024 14:15,6.0
14.5.2024 14:30,0.0
14.5.2024 14:45,0.0
14.5.2024 15:00,0.0
14.5.2024 15:15,6.0
14.5.2024 15:30,0.0
14.5.2024 15:45,0.0
14.5.2024 16:00,6.0
14.5.2024 16:15,0.0
14.5.2024 16:30,0.0
14.5.2024 16:45,42.0
14.5.2024 17:00,12.0
14.5.2024 17:15,12.0
14.5.2024 17:30,66.0
14.5.2024 17:45,96.0
14.5.2024 18:00,132.0
14.5.2024 18:15,156.0
14.5.2024 18:30,150.0
14.5.2024 18:45,120.0
14.5.2024 19:00,114.0
14.5.2024 19:15,114.0
14.5.2024 19:30,114.0
14.5.2024 19:45,114.0
14.5.2024 20:00,114.0
14.5.2024 20:15,108.0
14.5.2024 20:30,114.0
14.5.2024 20:45,108.0
14.5.2024 21:00,108.0
14.5.2024 21:15,108.0
14.5.2024 21:30,108.0
14.5.2024 21:45,108.0
14.5.2024 22:00,114.0
14.5.2024 22:15,126.0
14.5.2024 22:30,120.0
14.5.2024 22:45,120.0
14.5.2024 23:00,120.0
14.5.2024 23:15,120.0
14.5.2024 23:30,114.0
14.5.2024 23:45,114.0
15.5.2024 00:00,114.0
15.5.2024 00:15,120.0
15.5.2024 00:30,120.0
15.5.2024 00:45,126.0
15.5.2024 01:00,156.0
15.5.2024 01:15,150.0
15.5.2024 01:30,150.0
15.5.2024 01:45,156.0
15.5.2024 02:00,150.0
15.5.2024 02:15,90.0
15.5.2024 02:30,96.0
15.5.2024 02:45,96.0
15.5.2024 03:00,132.0
15.5.2024 03:15,150.0
15.5.2024 03:30,150.0
15.5.2024 03:45,150.0
15.5.2024 04:00,150.0
15.5.2024 04:15,150.0
15.5.2024 04:30,144.0
15.5.2024 04:45,138.0
15.5.2024 05:00,132.0
15.5.2024 05:15,132.0
15.5.2024 05:30,132.0
15.5.2024 05:45,126.0
15.5.2024 06:00,108.0
15.5.2024 06:15,126.0
15.5.2024 06:30,108.0
15.5.2024 06:45,42.0
15.5.2024 07:00,18.0
15.5.2024 07:15,6.0
15.5.2024 07:30,0.0
15.5.2024 07:45,0.0
15.5.2024 08:00,18.0
15.5.2024 08:15,0.0
15.5.2024 08:30,6.0
15.5.2024 08:45,0.0
15.5.2024 09:00,0.0
15.5.2024 09:15,0.0
15.5.2024 09:30,0.0
15.5.2024 09:45,6.0
15.5.2024 10:00,0.0
15.5.2024 10:15,0.0
15.5.2024 10:30,0.0
15.5.2024 10:45,0.0
15.5.2024 11:00,0.0
15.5.2024 11:15,0.0
15.5.2024 11:30,0.0
15.5.2024 11:45,0.0
15.5.2024 12:00,0.0
15.5.2024 12:15,0.0
15.5.2024 12:30,0.0
15.5.2024 12:45,0.0
15.5.2024 13:00,0.0
15.5.2024 13:15,0.0
15.5.2024 13:30,0.0
15.5.2024 13:45,0.0
15.5.2024 14:00,0.0
15.5.2024 14:15,0.0
15.5.2024 14:30,0.0
15.5.2024 14:45,0.0
15.5.2024 15:00,0.0
15.5.2024 15:15,0.0
15.5.2024 15:30,0.0
15.5.2024 15:45,0.0
15.5.2024 16:00,12.0
15.5.2024 16:15,0.0
15.5.2024 16:30,0.0
15.5.2024 16:45,6.0
15.5.2024 17:00,42.0
15.5.2024 17:15,12.0
15.5.2024 17:30,18.0
15.5.2024 17:45,18.0
15.5.2024 18:00,24.0
15.5.2024 18:15,24.0
15.5.2024 18:30,24.0
15.5.2024 18:45,30.0
15.5.2024 19:00,30.0
15.5.2024 19:15,30.0
15.5.2024 19:30,78.0
15.5.2024 19:45,78.0
15.5.2024 20:00,72.0
15.5.2024 20:15,78.0
15.5.2024 20:30,78.0
15.5.2024 20:45,72.0
15.5.2024 21:00,72.0
15.5.2024 21:15,72.0
15.5.2024 21:30,72.0
15.5.2024 21:45,72.0
15.5.2024 22:00,72.0
15.5.2024 22:15,78.0
15.5.2024 22:30,78.0
15.5.2024 22:45,78.0
15.5.2024 23:00,78.0
15.5.2024 23:15,78.0
15.5.2024 23:30,78.0
15.5.2024 23:45,78.0
16.5.2024 00:00,72.0
16.5.2024 00:15,72.0
16.5.2024 00:30,78.0
16.5.2024 00:45,72.0
16.5.2024 01:00,66.0
16.5.2024 01:15,72.0
16.5.2024 01:30,72.0
16.5.2024 01:45,66.0
16.5.2024 02:00,66.0
16.5.2024 02:15,48.0
16.5.2024 02:30,42.0
16.5.2024 02:45,48.0
16.5.2024 03:00,60.0
16.5.2024 03:15,66.0
16.5.2024 03:30,60.0
16.5.2024 03:45,66.0
16.5.2024 04:00,66.0
16.5.2024 04:15,66.0
16.5.2024 04:30,66.0
16.5.2024 04:45,66.0
16.5.2024 05:00,60.0
16.5.2024 05:15,60.0
16.5.2024 05:30,54.0
16.5.2024 05:45,48.0
16.5.2024 06:00,66.0
16.5.2024 06:15,42.0
16.5.2024 06:30,36.0
16.5.2024 06:45,6.0
16.5.2024 07:00,0.0
16.5.2024 07:15,0.0
16.5.2024 07:30,0.0
16.5.2024 07:45,0.0
16.5.2024 08:00,0.0
16.5.2024 08:15,0.0
16.5.2024 08:30,0.0
16.5.2024 08:45,0.0
16.5.2024 09:00,0.0
16.5.2024 09:15,0.0
16.5.2024 09:30,0.0
16.5.2024 09:45,0.0
16.5.2024 10:00,0.0
16.5.2024 10:15,0.0
16.5.2024 10:30,0.0
16.5.2024 10:45,0.0
16.5.2024 11:00,6.0
16.5.2024 11:15,6.0
16.5.2024 11:30,0.0
16.5.2024 11:45,0.0
16.5.2024 12:00,0.0
16.5.2024 12:15,0.0
16.5.2024 12:30,0.0
16.5.2024 12:45,0.0
16.5.2024 13:00,0.0
16.5.2024 13:15,0.0
16.5.2024 13:30,0.0
16.5.2024 13:45,0.0
16.5.2024 14:00,0.0
16.5.2024 14:15,0.0
16.5.2024 14:30,0.0
16.5.2024 14:45,12.0
16.5.2024 15:00,24.0
16.5.2024 15:15,6.0
16.5.2024 15:30,0.0
16.5.2024 15:45,0.0
16.5.2024 16:00,0.0
16.5.2024 16:15,0.0
16.5.2024 16:30,6.0
16.5.2024 16:45,6.0
16.5.2024 17:00,18.0
16.5.2024 17:15,0.0
16.5.2024 17:30,0.0
16.5.2024 17:45,12.0
16.5.2024 18:00,48.0
16.5.2024 18:15,72.0
16.5.2024 18:30,72.0
16.5.2024 18:45,72.0
16.5.2024 19:00,72.0
16.5.2024 19:15,72.0
16.5.2024 19:30,66.0
16.5.2024 19:45,72.0
16.5.2024 20:00,66.0
16.5.2024 20:15,72.0
16.5.2024 20:30,78.0
16.5.2024 20:45,66.0
16.5.2024 21:00,66.0
16.5.2024 21:15,66.0
16.5.2024 21:30,66.0
16.5.2024 21:45,66.0
16.5.2024 22:00,60.0
16.5.2024 22:15,72.0
16.5.2024 22:30,72.0
16.5.2024 22:45,72.0
16.5.2024 23:00,72.0
16.5.2024 23:15,72.0
16.5.2024 23:30,72.0
16.5.2024 23:45,72.0
17.5.2024 00:00,72.0
17.5.2024 00:15,72.0
17.5.2024 00:30,72.0
17.5.2024 00:45,72.0
17.5.2024 01:00,72.0
17.5.2024 01:15,66.0
17.5.2024 01:30,72.0
17.5.2024 01:45,66.0
17.5.2024 02:00,72.0
17.5.2024 02:15,42.0
17.5.2024 02:30,42.0
17.5.2024 02:45,42.0
17.5.2024 03:00,60.0
17.5.2024 03:15,66.0
17.5.2024 03:30,66.0
17.5.2024 03:45,66.0
17.5.2024 04:00,66.0
17.5.2024 04:15,66.0
17.5.2024 04:30,66.0
17.5.2024 04:45,66.0
17.5.2024 05:00,60.0
17.5.2024 05:15,60.0
17.5.2024 05:30,54.0
17.5.2024 05:45,54.0
17.5.2024 06:00,48.0
17.5.2024 06:15,48.0
17.5.2024 06:30,30.0
17.5.2024 06:45,24.0
17.5.2024 07:00,18.0
17.5.2024 07:15,12.0
17.5.2024 07:30,0.0
17.5.2024 07:45,0.0
17.5.2024 08:00,0.0
17.5.2024 08:15,0.0
17.5.2024 08:30,0.0
17.5.2024 08:45,0.0
17.5.2024 09:00,12.0
17.5.2024 09:15,0.0
17.5.2024 09:30,0.0
17.5.2024 09:45,0.0
17.5.2024 10:00,0.0
17.5.2024 10:15,0.0
17.5.2024 10:30,0.0
17.5.2024 10:45,0.0
17.5.2024 11:00,0.0
17.5.2024 11:15,0.0
17.5.2024 11:30,0.0
17.5.2024 11:45,0.0
17.5.2024 12:00,0.0
17.5.2024 12:15,0.0
17.5.2024 12:30,0.0
17.5.2024 12:45,0.0
17.5.2024 13:00,0.0
17.5.2024 13:15,0.0
17.5.2024 13:30,6.0
17.5.2024 13:45,6.0
17.5.2024 14:00,30.0
17.5.2024 14:15,12.0
17.5.2024 14:30,30.0
17.5.2024 14:45,60.0
17.5.2024 15:00,60.0
17.5.2024 15:15,54.0
17.5.2024 15:30,54.0
17.5.2024 15:45,24.0
17.5.2024 16:00,0.0
17.5.2024 16:15,0.0
17.5.2024 16:30,0.0
17.5.2024 16:45,6.0
17.5.2024 17:00,36.0
17.5.2024 17:15,24.0
17.5.2024 17:30,36.0
17.5.2024 17:45,48.0
17.5.2024 18:00,54.0
17.5.2024 18:15,66.0
17.5.2024 18:30,72.0
17.5.2024 18:45,72.0
17.5.2024 19:00,72.0
17.5.2024 19:15,72.0
17.5.2024 19:30,72.0
17.5.2024 19:45,72.0
17.5.2024 20:00,72.0
17.5.2024 20:15,72.0
17.5.2024 20:30,72.0
17.5.2024 20:45,72.0
17.5.2024 21:00,72.0
17.5.2024 21:15,72.0
17.5.2024 21:30,72.0
17.5.2024 21:45,72.0
17.5.2024 22:00,72.0
17.5.2024 22:15,72.0
17.5.2024 22:30,72.0
17.5.2024 22:45,72.0
17.5.2024 23:00,78.0
17.5.2024 23:15,78.0
17.5.2024 23:30,72.0
17.5.2024 23:45,72.0
18.5.2024 00:00,78.0
18.5.2024 00:15,78.0
18.5.2024 00:30,84.0
18.5.2024 00:45,84.0
18.5.2024 01:00,78.0
18.5.2024 01:15,72.0
18.5.2024 01:30,72.0
18.5.2024 01:45,72.0
18.5.2024 02:00,72.0
18.5.2024 02:15,48.0
18.5.2024 02:30,48.0
18.5.2024 02:45,48.0
18.5.2024 03:00,66.0
18.5.2024 03:15,72.0
18.5.2024 03:30,72.0
18.5.2024 03:45,72.0
18.5.2024 04:00,72.0
18.5.2024 04:15,72.0
18.5.2024 04:30,72.0
18.5.2024 04:45,72.0
18.5.2024 05:00,66.0
18.5.2024 05:15,66.0
18.5.2024 05:30,72.0
18.5.2024 05:45,60.0
18.5.2024 06:00,60.0
18.5.2024 06:15,48.0
18.5.2024 06:30,54.0
18.5.2024 06:45,6.0
18.5.2024 07:00,0.0
18.5.2024 07:15,0.0
18.5.2024 07:30,0.0
18.5.2024 07:45,0.0
18.5.2024 08:00,0.0
18.5.2024 08:15,0.0
18.5.2024 08:30,6.0
18.5.2024 08:45,0.0
18.5.2024 09:00,0.0
18.5.2024 09:15,0.0
18.5.2024 09:30,0.0
18.5.2024 09:45,0.0
18.5.2024 10:00,0.0
18.5.2024 10:15,0.0
18.5.2024 10:30,0.0
18.5.2024 10:45,0.0
18.5.2024 11:00,6.0
18.5.2024 11:15,0.0
18.5.2024 11:30,0.0
18.5.2024 11:45,6.0
18.5.2024 12:00,6.0
18.5.2024 12:15,0.0
18.5.2024 12:30,0.0
18.5.2024 12:45,12.0
18.5.2024 13:00,0.0
18.5.2024 13:15,0.0
18.5.2024 13:30,0.0
18.5.2024 13:45,0.0
18.5.2024 14:00,0.0
18.5.2024 14:15,0.0
18.5.2024 14:30,0.0
18.5.2024 14:45,60.0
18.5.2024 15:00,96.0
18.5.2024 15:15,108.0
18.5.2024 15:30,96.0
18.5.2024 15:45,84.0
18.5.2024 16:00,84.0
18.5.2024 16:15,72.0
18.5.2024 16:30,60.0
18.5.2024 16:45,66.0
18.5.2024 17:00,78.0
18.5.2024 17:15,66.0
18.5.2024 17:30,72.0
18.5.2024 17:45,72.0
18.5.2024 18:00,78.0
18.5.2024 18:15,84.0
18.5.2024 18:30,84.0
18.5.2024 18:45,72.0
18.5.2024 19:00,66.0
18.5.2024 19:15,66.0
18.5.2024 19:30,66.0
18.5.2024 19:45,60.0
18.5.2024 20:00,66.0
18.5.2024 20:15,66.0
18.5.2024 20:30,66.0
18.5.2024 20:45,66.0
18.5.2024 21:00,60.0
18.5.2024 21:15,60.0
18.5.2024 21:30,60.0
18.5.2024 21:45,66.0
18.5.2024 22:00,72.0
18.5.2024 22:15,72.0
18.5.2024 22:30,72.0
18.5.2024 22:45,72.0
18.5.2024 23:00,72.0
18.5.2024 23:15,78.0
18.5.2024 23:30,72.0
18.5.2024 23:45,78.0
19.5.2024 00:00,72.0
19.5.2024 00:15,72.0
19.5.2024 00:30,78.0
19.5.2024 00:45,78.0
19.5.2024 01:00,72.0
19.5.2024 01:15,72.0
19.5.2024 01:30,72.0
19.5.2024 01:45,72.0
19.5.2024 02:00,72.0
19.5.2024 02:15,48.0
19.5.2024 02:30,48.0
19.5.2024 02:45,48.0
19.5.2024 03:00,60.0
19.5.2024 03:15,72.0
19.5.2024 03:30,72.0
19.5.2024 03:45,72.0
19.5.2024 04:00,72.0
19.5.2024 04:15,72.0
19.5.2024 04:30,72.0
19.5.2024 04:45,72.0
19.5.2024 05:00,72.0
19.5.2024 05:15,72.0
19.5.2024 05:30,60.0
19.5.2024 05:45,60.0
19.5.2024 06:00,54.0
19.5.2024 06:15,60.0
19.5.2024 06:30,48.0
19.5.2024 06:45,54.0
19.5.2024 07:00,48.0
19.5.2024 07:15,6.0
19.5.2024 07:30,0.0
19.5.2024 07:45,0.0
19.5.2024 08:00,0.0
19.5.2024 08:15,0.0
19.5.2024 08:30,0.0
19.5.2024 08:45,0.0
19.5.2024 09:00,6.0
19.5.2024 09:15,0.0
19.5.2024 09:30,0.0
19.5.2024 09:45,0.0
19.5.2024 10:00,0.0
19.5.2024 10:15,0.0
19.5.2024 10:30,0.0
19.5.2024 10:45,0.0
19.5.2024 11:00,0.0
19.5.2024 11:15,0.0
19.5.2024 11:30,0.0
19.5.2024 11:45,0.0
19.5.2024 12:00,0.0
19.5.2024 12:15,12.0
19.5.2024 12:30,6.0
19.5.2024 12:45,6.0
19.5.2024 13:00,0.0
19.5.2024 13:15,0.0
19.5.2024 13:30,0.0
19.5.2024 13:45,0.0
19.5.2024 14:00,0.0
19.5.2024 14:15,0.0
19.5.2024 14:30,0.0
19.5.2024 14:45,6.0
19.5.2024 15:00,0.0
19.5.2024 15:15,24.0
19.5.2024 15:30,6.0
19.5.2024 15:45,6.0
19.5.2024 16:00,0.0
19.5.2024 16:15,0.0
19.5.2024 16:30,0.0
19.5.2024 16:45,6.0
19.5.2024 17:00,96.0
19.5.2024 17:15,126.0
19.5.2024 17:30,126.0
19.5.2024 17:45,132.0
19.5.2024 18:00,126.0
19.5.2024 18:15,132.0
19.5.2024 18:30,132.0
19.5.2024 18:45,132.0
19.5.2024 19:00,150.0
19.5.2024 19:15,132.0
19.5.2024 19:30,132.0
19.5.2024 19:45,132.0
19.5.2024 20:00,132.0
19.5.2024 20:15,132.0
19.5.2024 20:30,132.0
19.5.2024 20:45,132.0
19.5.2024 21:00,132.0
19.5.2024 21:15,132.0
19.5.2024 21:30,138.0
19.5.2024 21:45,132.0
19.5.2024 22:00,132.0
19.5.2024 22:15,138.0
19.5.2024 22:30,198.0
19.5.2024 22:45,198.0
19.5.2024 23:00,156.0
19.5.2024 23:15,132.0
19.5.2024 23:30,150.0
19.5.2024 23:45,144.0
20.5.2024 00:00,144.0
20.5.2024 00:15,144.0
20.5.2024 00:30,144.0
20.5.2024 00:45,144.0
20.5.2024 01:00,144.0
20.5.2024 01:15,102.0
20.5.2024 01:30,84.0
20.5.2024 01:45,114.0
20.5.2024 02:00,162.0
20.5.2024 02:15,210.0
20.5.2024 02:30,198.0
20.5.2024 02:45,198.0
20.5.2024 03:00,198.0
20.5.2024 03:15,198.0
20.5.2024 03:30,198.0
20.5.2024 03:45,198.0
20.5.2024 04:00,192.0
20.5.2024 04:15,192.0
20.5.2024 04:30,192.0
20.5.2024 04:45,192.0
20.5.2024 05:00,192.0
20.5.2024 05:15,192.0
20.5.2024 05:30,198.0
20.5.2024 05:45,204.0
20.5.2024 06:00,198.0
20.5.2024 06:15,192.0
20.5.2024 06:30,132.0
20.5.2024 06:45,114.0
20.5.2024 07:00,24.0
20.5.2024 07:15,6.0
20.5.2024 07:30,6.0
20.5.2024 07:45,0.0
20.5.2024 08:00,54.0
20.5.2024 08:15,126.0
20.5.2024 08:30,240.0
20.5.2024 08:45,132.0
20.5.2024 09:00,228.0
20.5.2024 09:15,324.0
20.5.2024 09:30,546.0
20.5.2024 09:45,996.0
20.5.2024 10:00,876.0
20.5.2024 10:15,732.0
20.5.2024 10:30,792.0
20.5.2024 10:45,624.0
20.5.2024 11:00,612.0
20.5.2024 11:15,690.0
20.5.2024 11:30,564.0
20.5.2024 11:45,366.0
20.5.2024 12:00,552.0
20.5.2024 12:15,240.0
20.5.2024 12:30,450.0
20.5.2024 12:45,204.0
20.5.2024 13:00,132.0
20.5.2024 13:15,390.0
20.5.2024 13:30,84.0
20.5.2024 13:45,18.0
20.5.2024 14:00,12.0
20.5.2024 14:15,120.0
20.5.2024 14:30,264.0
20.5.2024 14:45,456.0
20.5.2024 15:00,876.0
20.5.2024 15:15,444.0
20.5.2024 15:30,504.0
20.5.2024 15:45,900.0
20.5.2024 16:00,948.0
20.5.2024 16:15,996.0
20.5.2024 16:30,660.0
20.5.2024 16:45,864.0
20.5.2024 17:00,1164.0
20.5.2024 17:15,1116.0
20.5.2024 17:30,1128.0
20.5.2024 17:45,1404.0
20.5.2024 18:00,1476.0
20.5.2024 18:15,1608.0
20.5.2024 18:30,1044.0
20.5.2024 18:45,996.0
20.5.2024 19:00,1386.0
20.5.2024 19:15,1722.0
20.5.2024 19:30,1548.0
20.5.2024 19:45,1248.0
20.5.2024 20:00,1374.0
20.5.2024 20:15,1704.0
20.5.2024 20:30,1620.0
20.5.2024 20:45,1146.0
20.5.2024 21:00,1776.0
20.5.2024 21:15,1476.0
20.5.2024 21:30,1614.0
20.5.2024 21:45,1596.0
20.5.2024 22:00,1410.0
20.5.2024 22:15,1548.0
20.5.2024 22:30,1230.0
20.5.2024 22:45,1656.0
20.5.2024 23:00,1626.0
20.5.2024 23:15,1662.0
20.5.2024 23:30,1428.0
20.5.2024 23:45,1332.0
21.5.2024 00:00,1404.0
21.5.2024 00:15,1410.0
21.5.2024 00:30,1350.0
21.5.2024 00:45,1650.0
21.5.2024 01:00,1680.0
21.5.2024 01:15,1578.0
21.5.2024 01:30,1452.0
21.5.2024 01:45,1470.0
21.5.2024 02:00,1608.0
21.5.2024 02:15,1584.0
21.5.2024 02:30,1506.0
21.5.2024 02:45,1500.0
21.5.2024 03:00,1668.0
21.5.2024 03:15,1752.0
21.5.2024 03:30,1596.0
21.5.2024 03:45,1488.0
21.5.2024 04:00,1524.0
21.5.2024 04:15,1752.0
21.5.2024 04:30,1812.0
21.5.2024 04:45,1620.0
21.5.2024 05:00,1488.0
21.5.2024 05:15,1068.0
21.5.2024 05:30,1512.0
21.5.2024 05:45,1728.0
21.5.2024 06:00,1560.0
21.5.2024 06:15,1284.0
21.5.2024 06:30,1536.0
21.5.2024 06:45,1518.0
21.5.2024 07:00,1254.0
21.5.2024 07:15,1236.0
21.5.2024 07:30,1200.0
21.5.2024 07:45,1032.0
21.5.2024 08:00,684.0
21.5.2024 08:15,684.0
21.5.2024 08:30,1044.0
21.5.2024 08:45,1458.0
21.5.2024 09:00,1716.0
21.5.2024 09:15,1446.0
21.5.2024 09:30,1422.0
21.5.2024 09:45,1452.0
21.5.2024 10:00,1440.0
21.5.2024 10:15,1500.0
21.5.2024 10:30,1356.0
21.5.2024 10:45,1296.0
21.5.2024 11:00,1134.0
21.5.2024 11:15,864.0
21.5.2024 11:30,798.0
21.5.2024 11:45,1014.0
21.5.2024 12:00,1152.0
21.5.2024 12:15,792.0
21.5.2024 12:30,552.0
21.5.2024 12:45,630.0
21.5.2024 13:00,792.0
21.5.2024 13:15,402.0
21.5.2024 13:30,852.0
21.5.2024 13:45,756.0
21.5.2024 14:00,612.0
21.5.2024 14:15,1044.0
21.5.2024 14:30,1152.0
21.5.2024 14:45,810.0
21.5.2024 15:00,804.0
21.5.2024 15:15,792.0
21.5.2024 15:30,930.0
21.5.2024 15:45,996.0
21.5.2024 16:00,1290.0
21.5.2024 16:15,1128.0
21.5.2024 16:30,1200.0
21.5.2024 16:45,1284.0
21.5.2024 17:00,1182.0
21.5.2024 17:15,1302.0
21.5.2024 17:30,1218.0
21.5.2024 17:45,1356.0
21.5.2024 18:00,1560.0
21.5.2024 18:15,1572.0
21.5.2024 18:30,1590.0
21.5.2024 18:45,1536.0
21.5.2024 19:00,1542.0
21.5.2024 19:15,1680.0
21.5.2024 19:30,1656.0
21.5.2024 19:45,1632.0
21.5.2024 20:00,1560.0
21.5.2024 20:15,1500.0
21.5.2024 20:30,1470.0
21.5.2024 20:45,1554.0
21.5.2024 21:00,1650.0
21.5.2024 21:15,1458.0
21.5.2024 21:30,1416.0
21.5.2024 21:45,1338.0
21.5.2024 22:00,1320.0
21.5.2024 22:15,1284.0
21.5.2024 22:30,1374.0
21.5.2024 22:45,1416.0
21.5.2024 23:00,1374.0
21.5.2024 23:15,1344.0
21.5.2024 23:30,1716.0
21.5.2024 23:45,1650.0
22.5.2024 00:00,1788.0
22.5.2024 00:15,1590.0
22.5.2024 00:30,1398.0
22.5.2024 00:45,1326.0
22.5.2024 01:00,1392.0
22.5.2024 01:15,1410.0
22.5.2024 01:30,1488.0
22.5.2024 01:45,1476.0
22.5.2024 02:00,1548.0
22.5.2024 02:15,1530.0
22.5.2024 02:30,1446.0
22.5.2024 02:45,1584.0
22.5.2024 03:00,1590.0
22.5.2024 03:15,1464.0
22.5.2024 03:30,1350.0
22.5.2024 03:45,1236.0
22.5.2024 04:00,1458.0
22.5.2024 04:15,1404.0
22.5.2024 04:30,1434.0
22.5.2024 04:45,1500.0
22.5.2024 05:00,1398.0
22.5.2024 05:15,1446.0
22.5.2024 05:30,1452.0
22.5.2024 05:45,1500.0
22.5.2024 06:00,1512.0
22.5.2024 06:15,1314.0
22.5.2024 06:30,1446.0
22.5.2024 06:45,1344.0
22.5.2024 07:00,1188.0
22.5.2024 07:15,1176.0
22.5.2024 07:30,1152.0
22.5.2024 07:45,1404.0
22.5.2024 08:00,1218.0
22.5.2024 08:15,1302.0
22.5.2024 08:30,1362.0
22.5.2024 08:45,900.0
22.5.2024 09:00,540.0
22.5.2024 09:15,450.0
22.5.2024 09:30,600.0
22.5.2024 09:45,576.0
22.5.2024 10:00,696.0
22.5.2024 10:15,750.0
22.5.2024 10:30,936.0
22.5.2024 10:45,858.0
22.5.2024 11:00,840.0
22.5.2024 11:15,798.0
22.5.2024 11:30,648.0
22.5.2024 11:45,522.0
22.5.2024 12:00,534.0
22.5.2024 12:15,408.0
22.5.2024 12:30,210.0
22.5.2024 12:45,228.0
22.5.2024 13:00,792.0
22.5.2024 13:15,894.0
22.5.2024 13:30,1056.0
22.5.2024 13:45,516.0
22.5.2024 14:00,132.0
22.5.2024 14:15,54.0
22.5.2024 14:30,192.0
22.5.2024 14:45,348.0
22.5.2024 15:00,588.0
22.5.2024 15:15,1188.0
22.5.2024 15:30,1338.0
22.5.2024 15:45,1260.0
22.5.2024 16:00,1212.0
22.5.2024 16:15,1152.0
22.5.2024 16:30,1452.0
22.5.2024 16:45,1284.0
22.5.2024 17:00,1182.0
22.5.2024 17:15,1296.0
22.5.2024 17:30,1314.0
22.5.2024 17:45,1512.0
22.5.2024 18:00,1452.0
22.5.2024 18:15,1284.0
22.5.2024 18:30,1026.0
22.5.2024 18:45,984.0
22.5.2024 19:00,1134.0
22.5.2024 19:15,1404.0
22.5.2024 19:30,1254.0
22.5.2024 19:45,1206.0
22.5.2024 20:00,1092.0
22.5.2024 20:15,942.0
22.5.2024 20:30,984.0
22.5.2024 20:45,1062.0
22.5.2024 21:00,1026.0
22.5.2024 21:15,1104.0
22.5.2024 21:30,1092.0
22.5.2024 21:45,1194.0
22.5.2024 22:00,1092.0
22.5.2024 22:15,1092.0
22.5.2024 22:30,1116.0
22.5.2024 22:45,1080.0
22.5.2024 23:00,1200.0
22.5.2024 23:15,1164.0
22.5.2024 23:30,1176.0
22.5.2024 23:45,1188.0
23.5.2024 00:00,1104.0
23.5.2024 00:15,1170.0
23.5.2024 00:30,1086.0
23.5.2024 00:45,1152.0
23.5.2024 01:00,1206.0
23.5.2024 01:15,1224.0
23.5.2024 01:30,1152.0
23.5.2024 01:45,1146.0
23.5.2024 02:00,1122.0
23.5.2024 02:15,1182.0
23.5.2024 02:30,1128.0
23.5.2024 02:45,1158.0
23.5.2024 03:00,1182.0
23.5.2024 03:15,1176.0
23.5.2024 03:30,1152.0
23.5.2024 03:45,1320.0
23.5.2024 04:00,1680.0
23.5.2024 04:15,1428.0
23.5.2024 04:30,1476.0
23.5.2024 04:45,1680.0
23.5.2024 05:00,1662.0
23.5.2024 05:15,1590.0
23.5.2024 05:30,1482.0
23.5.2024 05:45,1536.0
23.5.2024 06:00,1428.0
23.5.2024 06:15,1524.0
23.5.2024 06:30,1512.0
23.5.2024 06:45,1392.0
23.5.2024 07:00,1332.0
23.5.2024 07:15,1434.0
23.5.2024 07:30,1398.0
23.5.2024 07:45,1230.0
23.5.2024 08:00,1266.0
23.5.2024 08:15,1320.0
23.5.2024 08:30,1344.0
23.5.2024 08:45,1158.0
23.5.2024 09:00,870.0
23.5.2024 09:15,726.0
23.5.2024 09:30,852.0
23.5.2024 09:45,714.0
23.5.2024 10:00,714.0
23.5.2024 10:15,1068.0
23.5.2024 10:30,972.0
23.5.2024 10:45,1068.0
23.5.2024 11:00,810.0
23.5.2024 11:15,750.0
23.5.2024 11:30,876.0
23.5.2024 11:45,618.0
23.5.2024 12:00,1056.0
23.5.2024 12:15,552.0
23.5.2024 12:30,570.0
23.5.2024 12:45,1032.0
23.5.2024 13:00,1140.0
23.5.2024 13:15,930.0
23.5.2024 13:30,936.0
23.5.2024 13:45,654.0
23.5.2024 14:00,564.0
23.5.2024 14:15,942.0
23.5.2024 14:30,1194.0
23.5.2024 14:45,1128.0
23.5.2024 15:00,1026.0
23.5.2024 15:15,924.0
23.5.2024 15:30,1026.0
23.5.2024 15:45,1422.0
23.5.2024 16:00,1428.0
23.5.2024 16:15,1524.0
23.5.2024 16:30,1572.0
23.5.2024 16:45,1440.0
23.5.2024 17:00,1512.0
23.5.2024 17:15,1428.0
23.5.2024 17:30,936.0
23.5.2024 17:45,960.0
23.5.2024 18:00,1422.0
23.5.2024 18:15,1686.0
23.5.2024 18:30,1452.0
23.5.2024 18:45,1176.0
23.5.2024 19:00,1290.0
23.5.2024 19:15,1200.0
23.5.2024 19:30,1248.0
23.5.2024 19:45,1350.0
23.5.2024 20:00,1344.0
23.5.2024 20:15,1302.0
23.5.2024 20:30,1230.0
23.5.2024 20:45,1440.0
23.5.2024 21:00,1314.0
23.5.2024 21:15,1242.0
23.5.2024 21:30,1326.0
23.5.2024 21:45,1146.0
23.5.2024 22:00,1404.0
23.5.2024 22:15,1710.0
23.5.2024 22:30,1632.0
23.5.2024 22:45,1548.0
23.5.2024 23:00,1524.0
23.5.2024 23:15,1344.0
23.5.2024 23:30,1464.0
23.5.2024 23:45,1668.0
24.5.2024 00:00,1638.0
24.5.2024 00:15,1656.0
24.5.2024 00:30,1746.0
24.5.2024 00:45,1620.0
24.5.2024 01:00,1626.0
24.5.2024 01:15,1560.0
24.5.2024 01:30,1464.0
24.5.2024 01:45,1470.0
24.5.2024 02:00,1518.0
24.5.2024 02:15,1524.0
24.5.2024 02:30,1572.0
24.5.2024 02:45,1758.0
24.5.2024 03:00,1746.0
24.5.2024 03:15,1740.0
24.5.2024 03:30,1572.0
24.5.2024 03:45,1410.0
24.5.2024 04:00,1200.0
24.5.2024 04:15,1236.0
24.5.2024 04:30,1602.0
24.5.2024 04:45,1470.0
24.5.2024 05:00,1518.0
24.5.2024 05:15,1692.0
24.5.2024 05:30,1704.0
24.5.2024 05:45,1476.0
24.5.2024 06:00,1020.0
24.5.2024 06:15,1068.0
24.5.2024 06:30,1332.0
24.5.2024 06:45,1380.0
24.5.2024 07:00,1464.0
24.5.2024 07:15,1386.0
24.5.2024 07:30,1032.0
24.5.2024 07:45,696.0
24.5.2024 08:00,636.0
24.5.2024 08:15,846.0
24.5.2024 08:30,1284.0
24.5.2024 08:45,1182.0
24.5.2024 09:00,852.0
24.5.2024 09:15,972.0
24.5.2024 09:30,1140.0
24.5.2024 09:45,1044.0
24.5.2024 10:00,288.0
24.5.2024 10:15,432.0
24.5.2024 10:30,498.0
24.5.2024 10:45,246.0
24.5.2024 11:00,564.0
24.5.2024 11:15,960.0
24.5.2024 11:30,702.0
24.5.2024 11:45,726.0
24.5.2024 12:00,618.0
24.5.2024 12:15,408.0
24.5.2024 12:30,492.0
24.5.2024 12:45,270.0
24.5.2024 13:00,396.0
24.5.2024 13:15,528.0
24.5.2024 13:30,648.0
24.5.2024 13:45,630.0
24.5.2024 14:00,774.0
24.5.2024 14:15,828.0
24.5.2024 14:30,624.0
24.5.2024 14:45,546.0
24.5.2024 15:00,576.0
24.5.2024 15:15,900.0
24.5.2024 15:30,750.0
24.5.2024 15:45,1164.0
24.5.2024 16:00,1266.0
24.5.2024 16:15,1626.0
24.5.2024 16:30,1404.0
24.5.2024 16:45,1326.0
24.5.2024 17:00,1104.0
24.5.2024 17:15,1044.0
24.5.2024 17:30,1200.0
24.5.2024 17:45,1290.0
24.5.2024 18:00,1260.0
24.5.2024 18:15,1284.0
24.5.2024 18:30,1338.0
24.5.2024 18:45,1128.0
24.5.2024 19:00,1308.0
24.5.2024 19:15,1308.0
24.5.2024 19:30,1326.0
24.5.2024 19:45,1320.0
24.5.2024 20:00,1188.0
24.5.2024 20:15,1236.0
24.5.2024 20:30,1404.0
24.5.2024 20:45,1368.0
24.5.2024 21:00,1596.0
24.5.2024 21:15,1794.0
24.5.2024 21:30,1746.0
24.5.2024 21:45,1710.0
24.5.2024 22:00,1560.0
24.5.2024 22:15,1338.0
24.5.2024 22:30,1248.0
24.5.2024 22:45,1212.0
24.5.2024 23:00,1260.0
24.5.2024 23:15,1242.0
24.5.2024 23:30,1278.0
24.5.2024 23:45,1374.0
25.5.2024 00:00,1356.0
25.5.2024 00:15,1320.0
25.5.2024 00:30,1338.0
25.5.2024 00:45,1296.0
25.5.2024 01:00,1296.0
25.5.2024 01:15,1266.0
25.5.2024 01:30,1302.0
25.5.2024 01:45,1470.0
25.5.2024 02:00,1668.0
25.5.2024 02:15,1266.0
25.5.2024 02:30,1176.0
25.5.2024 02:45,1356.0
25.5.2024 03:00,1626.0
25.5.2024 03:15,1752.0
25.5.2024 03:30,1650.0
25.5.2024 03:45,1632.0
25.5.2024 04:00,1440.0
25.5.2024 04:15,1404.0
25.5.2024 04:30,1596.0
25.5.2024 04:45,1710.0
25.5.2024 05:00,1776.0
25.5.2024 05:15,1692.0
25.5.2024 05:30,1518.0
25.5.2024 05:45,1560.0
25.5.2024 06:00,1470.0
25.5.2024 06:15,1248.0
25.5.2024 06:30,1104.0
25.5.2024 06:45,1086.0
25.5.2024 07:00,1008.0
25.5.2024 07:15,1080.0
25.5.2024 07:30,960.0
25.5.2024 07:45,840.0
25.5.2024 08:00,720.0
25.5.2024 08:15,648.0
25.5.2024 08:30,444.0
25.5.2024 08:45,330.0
25.5.2024 09:00,594.0
25.5.2024 09:15,792.0
25.5.2024 09:30,792.0
25.5.2024 09:45,648.0
25.5.2024 10:00,534.0
25.5.2024 10:15,924.0
25.5.2024 10:30,786.0
25.5.2024 10:45,732.0
25.5.2024 11:00,636.0
25.5.2024 11:15,930.0
25.5.2024 11:30,630.0
25.5.2024 11:45,774.0
25.5.2024 12:00,606.0
25.5.2024 12:15,792.0
25.5.2024 12:30,918.0
25.5.2024 12:45,396.0
25.5.2024 13:00,210.0
25.5.2024 13:15,396.0
25.5.2024 13:30,384.0
25.5.2024 13:45,594.0
25.5.2024 14:00,336.0
25.5.2024 14:15,468.0
25.5.2024 14:30,282.0
25.5.2024 14:45,576.0
25.5.2024 15:00,528.0
25.5.2024 15:15,828.0
25.5.2024 15:30,936.0
25.5.2024 15:45,714.0
25.5.2024 16:00,504.0
25.5.2024 16:15,702.0
25.5.2024 16:30,966.0
25.5.2024 16:45,996.0
25.5.2024 17:00,1104.0
25.5.2024 17:15,1356.0
25.5.2024 17:30,1374.0
25.5.2024 17:45,1386.0
25.5.2024 18:00,1320.0
25.5.2024 18:15,1398.0
25.5.2024 18:30,1542.0
25.5.2024 18:45,1530.0
25.5.2024 19:00,1482.0
25.5.2024 19:15,1428.0
25.5.2024 19:30,1656.0
25.5.2024 19:45,1644.0
25.5.2024 20:00,1572.0
25.5.2024 20:15,1482.0
25.5.2024 20:30,1338.0
25.5.2024 20:45,1392.0
25.5.2024 21:00,1440.0
25.5.2024 21:15,1566.0
25.5.2024 21:30,1662.0
25.5.2024 21:45,1716.0
25.5.2024 22:00,1674.0
25.5.2024 22:15,1632.0
25.5.2024 22:30,1524.0
25.5.2024 22:45,1644.0
25.5.2024 23:00,1500.0
25.5.2024 23:15,1464.0
25.5.2024 23:30,1290.0
25.5.2024 23:45,948.0
26.5.2024 00:00,804.0
26.5.2024 00:15,810.0
26.5.2024 00:30,810.0
26.5.2024 00:45,822.0
26.5.2024 01:00,816.0
26.5.2024 01:15,792.0
26.5.2024 01:30,756.0
26.5.2024 01:45,744.0
26.5.2024 02:00,762.0
26.5.2024 02:15,804.0
26.5.2024 02:30,798.0
26.5.2024 02:45,798.0
26.5.2024 03:00,810.0
26.5.2024 03:15,798.0
26.5.2024 03:30,792.0
26.5.2024 03:45,786.0
26.5.2024 04:00,786.0
26.5.2024 04:15,792.0
26.5.2024 04:30,780.0
26.5.2024 04:45,780.0
26.5.2024 05:00,792.0
26.5.2024 05:15,780.0
26.5.2024 05:30,756.0
26.5.2024 05:45,732.0
26.5.2024 06:00,684.0
26.5.2024 06:15,648.0
26.5.2024 06:30,636.0
26.5.2024 06:45,576.0
26.5.2024 07:00,492.0
26.5.2024 07:15,408.0
26.5.2024 07:30,270.0
26.5.2024 07:45,126.0
26.5.2024 08:00,48.0
26.5.2024 08:15,6.0
26.5.2024 08:30,0.0
26.5.2024 08:45,0.0
26.5.2024 09:00,0.0
26.5.2024 09:15,6.0
26.5.2024 09:30,12.0
26.5.2024 09:45,30.0
26.5.2024 10:00,72.0
26.5.2024 10:15,36.0
26.5.2024 10:30,0.0
26.5.2024 10:45,12.0
26.5.2024 11:00,60.0
26.5.2024 11:15,66.0
26.5.2024 11:30,36.0
26.5.2024 11:45,12.0
26.5.2024 12:00,48.0
26.5.2024 12:15,0.0
26.5.2024 12:30,0.0
26.5.2024 12:45,0.0
26.5.2024 13:00,6.0
26.5.2024 13:15,12.0
26.5.2024 13:30,0.0
26.5.2024 13:45,6.0
26.5.2024 14:00,6.0
26.5.2024 14:15,0.0
26.5.2024 14:30,6.0
26.5.2024 14:45,6.0
26.5.2024 15:00,6.0
26.5.2024 15:15,48.0
26.5.2024 15:30,6.0
26.5.2024 15:45,0.0
26.5.2024 16:00,36.0
26.5.2024 16:15,30.0
26.5.2024 16:30,24.0
26.5.2024 16:45,60.0
26.5.2024 17:00,132.0
26.5.2024 17:15,96.0
26.5.2024 17:30,72.0
26.5.2024 17:45,132.0
26.5.2024 18:00,114.0
26.5.2024 18:15,126.0
26.5.2024 18:30,120.0
26.5.2024 18:45,102.0
26.5.2024 19:00,102.0
26.5.2024 19:15,102.0
26.5.2024 19:30,102.0
26.5.2024 19:45,102.0
26.5.2024 20:00,102.0
26.5.2024 20:15,120.0
26.5.2024 20:30,132.0
26.5.2024 20:45,132.0
26.5.2024 21:00,132.0
26.5.2024 21:15,126.0
26.5.2024 21:30,108.0
26.5.2024 21:45,108.0
26.5.2024 22:00,108.0
26.5.2024 22:15,114.0
26.5.2024 22:30,144.0
26.5.2024 22:45,156.0
26.5.2024 23:00,144.0
26.5.2024 23:15,144.0
26.5.2024 23:30,162.0
26.5.2024 23:45,156.0
27.5.2024 00:00,126.0
27.5.2024 00:15,144.0
27.5.2024 00:30,162.0
27.5.2024 00:45,126.0
27.5.2024 01:00,114.0
27.5.2024 01:15,84.0
27.5.2024 01:30,60.0
27.5.2024 01:45,60.0
27.5.2024 02:00,66.0
27.5.2024 02:15,114.0
27.5.2024 02:30,150.0
27.5.2024 02:45,168.0
27.5.2024 03:00,144.0
27.5.2024 03:15,156.0
27.5.2024 03:30,144.0
27.5.2024 03:45,144.0
27.5.2024 04:00,138.0
27.5.2024 04:15,108.0
27.5.2024 04:30,114.0
27.5.2024 04:45,102.0
27.5.2024 05:00,96.0
27.5.2024 05:15,96.0
27.5.2024 05:30,96.0
27.5.2024 05:45,96.0
27.5.2024 06:00,114.0
27.5.2024 06:15,96.0
27.5.2024 06:30,36.0
27.5.2024 06:45,6.0
27.5.2024 07:00,0.0
27.5.2024 07:15,0.0
27.5.2024 07:30,0.0
27.5.2024 07:45,0.0
27.5.2024 08:00,0.0
27.5.2024 08:15,0.0
27.5.2024 08:30,0.0
27.5.2024 08:45,0.0
27.5.2024 09:00,6.0
27.5.2024 09:15,0.0
27.5.2024 09:30,0.0
27.5.2024 09:45,0.0
27.5.2024 10:00,0.0
27.5.2024 10:15,0.0
27.5.2024 10:30,0.0
27.5.2024 10:45,0.0
27.5.2024 11:00,0.0
27.5.2024 11:15,0.0
27.5.2024 11:30,0.0
27.5.2024 11:45,0.0
27.5.2024 12:00,6.0
27.5.2024 12:15,0.0
27.5.2024 12:30,0.0
27.5.2024 12:45,0.0
27.5.2024 13:00,0.0
27.5.2024 13:15,0.0
27.5.2024 13:30,6.0
27.5.2024 13:45,0.0
27.5.2024 14:00,0.0
27.5.2024 14:15,0.0
27.5.2024 14:30,0.0
27.5.2024 14:45,0.0
27.5.2024 15:00,6.0
27.5.2024 15:15,0.0
27.5.2024 15:30,0.0
27.5.2024 15:45,0.0
27.5.2024 16:00,6.0
27.5.2024 16:15,42.0
27.5.2024 16:30,12.0
27.5.2024 16:45,0.0
27.5.2024 17:00,6.0
27.5.2024 17:15,0.0
27.5.2024 17:30,0.0
27.5.2024 17:45,12.0
27.5.2024 18:00,48.0
27.5.2024 18:15,72.0
27.5.2024 18:30,72.0
27.5.2024 18:45,72.0
27.5.2024 19:00,72.0
27.5.2024 19:15,78.0
27.5.2024 19:30,72.0
27.5.2024 19:45,72.0
27.5.2024 20:00,72.0
27.5.2024 20:15,66.0
27.5.2024 20:30,66.0
27.5.2024 20:45,66.0
27.5.2024 21:00,72.0
27.5.2024 21:15,72.0
27.5.2024 21:30,72.0
27.5.2024 21:45,72.0
27.5.2024 22:00,78.0
27.5.2024 22:15,132.0
27.5.2024 22:30,144.0
27.5.2024 22:45,120.0
27.5.2024 23:00,138.0
27.5.2024 23:15,186.0
27.5.2024 23:30,132.0
27.5.2024 23:45,150.0
28.5.2024 00:00,102.0
28.5.2024 00:15,84.0
28.5.2024 00:30,96.0
28.5.2024 00:45,36.0
28.5.2024 01:00,36.0
28.5.2024 01:15,36.0
28.5.2024 01:30,36.0
28.5.2024 01:45,36.0
28.5.2024 02:00,48.0
28.5.2024 02:15,66.0
28.5.2024 02:30,60.0
28.5.2024 02:45,54.0
28.5.2024 03:00,36.0
28.5.2024 03:15,78.0
28.5.2024 03:30,48.0
28.5.2024 03:45,60.0
28.5.2024 04:00,78.0
28.5.2024 04:15,84.0
28.5.2024 04:30,54.0
28.5.2024 04:45,54.0
28.5.2024 05:00,42.0
28.5.2024 05:15,24.0
28.5.2024 05:30,42.0
28.5.2024 05:45,78.0
28.5.2024 06:00,96.0
28.5.2024 06:15,60.0
28.5.2024 06:30,36.0
28.5.2024 06:45,66.0
28.5.2024 07:00,0.0
28.5.2024 07:15,0.0
28.5.2024 07:30,6.0
28.5.2024 07:45,6.0
28.5.2024 08:00,18.0
28.5.2024 08:15,54.0
28.5.2024 08:30,126.0
28.5.2024 08:45,78.0
28.5.2024 09:00,240.0
28.5.2024 09:15,306.0
28.5.2024 09:30,426.0
28.5.2024 09:45,306.0
28.5.2024 10:00,180.0
28.5.2024 10:15,348.0
28.5.2024 10:30,906.0
28.5.2024 10:45,1134.0
28.5.2024 11:00,852.0
28.5.2024 11:15,1140.0
28.5.2024 11:30,948.0
28.5.2024 11:45,876.0
28.5.2024 12:00,762.0
28.5.2024 12:15,180.0
28.5.2024 12:30,360.0
28.5.2024 12:45,486.0
28.5.2024 13:00,648.0
28.5.2024 13:15,858.0
28.5.2024 13:30,816.0
28.5.2024 13:45,630.0
28.5.2024 14:00,582.0
28.5.2024 14:15,252.0
28.5.2024 14:30,426.0
28.5.2024 14:45,252.0
28.5.2024 15:00,234.0
28.5.2024 15:15,768.0
28.5.2024 15:30,888.0
28.5.2024 15:45,1152.0
28.5.2024 16:00,1158.0
28.5.2024 16:15,1188.0
28.5.2024 16:30,1194.0
28.5.2024 16:45,1224.0
28.5.2024 17:00,1260.0
28.5.2024 17:15,1092.0
28.5.2024 17:30,1218.0
28.5.2024 17:45,1224.0
28.5.2024 18:00,1422.0
28.5.2024 18:15,1422.0
28.5.2024 18:30,1452.0
28.5.2024 18:45,1386.0
28.5.2024 19:00,1374.0
28.5.2024 19:15,1362.0
28.5.2024 19:30,1368.0
28.5.2024 19:45,1380.0
28.5.2024 20:00,1392.0
28.5.2024 20:15,1338.0
28.5.2024 20:30,1344.0
28.5.2024 20:45,1440.0
28.5.2024 21:00,1308.0
28.5.2024 21:15,1230.0
28.5.2024 21:30,1200.0
28.5.2024 21:45,1344.0
28.5.2024 22:00,1380.0
28.5.2024 22:15,1440.0
28.5.2024 22:30,1578.0
28.5.2024 22:45,1518.0
28.5.2024 23:00,1422.0
28.5.2024 23:15,1290.0
28.5.2024 23:30,1050.0
28.5.2024 23:45,1284.0
29.5.2024 00:00,1680.0
29.5.2024 00:15,1662.0
29.5.2024 00:30,1362.0
29.5.2024 00:45,1290.0
29.5.2024 01:00,1578.0
29.5.2024 01:15,1620.0
29.5.2024 01:30,1656.0
29.5.2024 01:45,1524.0
29.5.2024 02:00,1650.0
29.5.2024 02:15,1776.0
29.5.2024 02:30,1698.0
29.5.2024 02:45,1626.0
29.5.2024 03:00,1458.0
29.5.2024 03:15,1434.0
29.5.2024 03:30,1536.0
29.5.2024 03:45,1260.0
29.5.2024 04:00,1380.0
29.5.2024 04:15,1200.0
29.5.2024 04:30,1050.0
29.5.2024 04:45,1242.0
29.5.2024 05:00,1356.0
29.5.2024 05:15,1410.0
29.5.2024 05:30,1080.0
29.5.2024 05:45,1182.0
29.5.2024 06:00,1284.0
29.5.2024 06:15,1518.0
29.5.2024 06:30,1560.0
29.5.2024 06:45,1476.0
29.5.2024 07:00,1506.0
29.5.2024 07:15,1506.0
29.5.2024 07:30,1374.0
29.5.2024 07:45,1554.0
29.5.2024 08:00,1518.0
29.5.2024 08:15,1032.0
29.5.2024 08:30,1176.0
29.5.2024 08:45,810.0
29.5.2024 09:00,648.0
29.5.2024 09:15,582.0
29.5.2024 09:30,378.0
29.5.2024 09:45,744.0
29.5.2024 10:00,474.0
29.5.2024 10:15,72.0
29.5.2024 10:30,486.0
29.5.2024 10:45,564.0
29.5.2024 11:00,468.0
29.5.2024 11:15,630.0
29.5.2024 11:30,456.0
29.5.2024 11:45,474.0
29.5.2024 12:00,744.0
29.5.2024 12:15,654.0
29.5.2024 12:30,762.0
29.5.2024 12:45,672.0
29.5.2024 13:00,324.0
29.5.2024 13:15,480.0
29.5.2024 13:30,360.0
29.5.2024 13:45,498.0
29.5.2024 14:00,624.0
29.5.2024 14:15,696.0
29.5.2024 14:30,930.0
29.5.2024 14:45,606.0
29.5.2024 15:00,1164.0
29.5.2024 15:15,1140.0
29.5.2024 15:30,1308.0
29.5.2024 15:45,1230.0
29.5.2024 16:00,1332.0
29.5.2024 16:15,1524.0
29.5.2024 16:30,1572.0
29.5.2024 16:45,1380.0
29.5.2024 17:00,1260.0
29.5.2024 17:15,1284.0
29.5.2024 17:30,1326.0
29.5.2024 17:45,1320.0
29.5.2024 18:00,1056.0
29.5.2024 18:15,1140.0
29.5.2024 18:30,1452.0
29.5.2024 18:45,1446.0
29.5.2024 19:00,1284.0
29.5.2024 19:15,1296.0
29.5.2024 19:30,1308.0
29.5.2024 19:45,1374.0
29.5.2024 20:00,1392.0
29.5.2024 20:15,1308.0
29.5.2024 20:30,1416.0
29.5.2024 20:45,1434.0
29.5.2024 21:00,1218.0
29.5.2024 21:15,1086.0
29.5.2024 21:30,1536.0
29.5.2024 21:45,1590.0
29.5.2024 22:00,1644.0
29.5.2024 22:15,1776.0
29.5.2024 22:30,1674.0
29.5.2024 22:45,1800.0
29.5.2024 23:00,1746.0
29.5.2024 23:15,1584.0
29.5.2024 23:30,1272.0
29.5.2024 23:45,1332.0
30.5.2024 00:00,1266.0
30.5.2024 00:15,1164.0
30.5.2024 00:30,1248.0
30.5.2024 00:45,1320.0
30.5.2024 01:00,1380.0
30.5.2024 01:15,1398.0
30.5.2024 01:30,1308.0
30.5.2024 01:45,1320.0
30.5.2024 02:00,1260.0
30.5.2024 02:15,1284.0
30.5.2024 02:30,1338.0
30.5.2024 02:45,1332.0
30.5.2024 03:00,1380.0
30.5.2024 03:15,1272.0
30.5.2024 03:30,1380.0
30.5.2024 03:45,1344.0
30.5.2024 04:00,1278.0
30.5.2024 04:15,1224.0
30.5.2024 04:30,1236.0
30.5.2024 04:45,1308.0
30.5.2024 05:00,1464.0
30.5.2024 05:15,1686.0
30.5.2024 05:30,1668.0
30.5.2024 05:45,1608.0
30.5.2024 06:00,1638.0
30.5.2024 06:15,1434.0
30.5.2024 06:30,1500.0
30.5.2024 06:45,1560.0
30.5.2024 07:00,1302.0
30.5.2024 07:15,1362.0
30.5.2024 07:30,1116.0
30.5.2024 07:45,852.0
30.5.2024 08:00,738.0
30.5.2024 08:15,726.0
30.5.2024 08:30,660.0
30.5.2024 08:45,654.0
30.5.2024 09:00,618.0
30.5.2024 09:15,600.0
30.5.2024 09:30,444.0
30.5.2024 09:45,510.0
30.5.2024 10:00,426.0
30.5.2024 10:15,564.0
30.5.2024 10:30,492.0
30.5.2024 10:45,360.0
30.5.2024 11:00,348.0
30.5.2024 11:15,396.0
30.5.2024 11:30,402.0
30.5.2024 11:45,534.0
30.5.2024 12:00,558.0
30.5.2024 12:15,384.0
30.5.2024 12:30,564.0
30.5.2024 12:45,636.0
30.5.2024 13:00,960.0
30.5.2024 13:15,894.0
30.5.2024 13:30,492.0
30.5.2024 13:45,864.0
30.5.2024 14:00,840.0
30.5.2024 14:15,876.0
30.5.2024 14:30,702.0
30.5.2024 14:45,240.0
30.5.2024 15:00,312.0
30.5.2024 15:15,402.0
30.5.2024 15:30,360.0
30.5.2024 15:45,276.0
30.5.2024 16:00,156.0
30.5.2024 16:15,276.0
30.5.2024 16:30,504.0
30.5.2024 16:45,894.0
30.5.2024 17:00,1104.0
30.5.2024 17:15,1182.0
30.5.2024 17:30,1266.0
30.5.2024 17:45,1260.0
30.5.2024 18:00,1452.0
30.5.2024 18:15,1674.0
30.5.2024 18:30,1692.0
30.5.2024 18:45,1740.0
30.5.2024 19:00,1740.0
30.5.2024 19:15,1398.0
30.5.2024 19:30,1590.0
30.5.2024 19:45,1632.0
30.5.2024 20:00,1284.0
30.5.2024 20:15,1164.0
30.5.2024 20:30,1338.0
30.5.2024 20:45,1302.0
30.5.2024 21:00,1272.0
30.5.2024 21:15,1776.0
30.5.2024 21:30,1632.0
30.5.2024 21:45,1644.0
30.5.2024 22:00,1692.0
30.5.2024 22:15,1650.0
30.5.2024 22:30,1488.0
30.5.2024 22:45,1662.0
30.5.2024 23:00,1500.0
30.5.2024 23:15,1152.0
30.5.2024 23:30,1224.0
30.5.2024 23:45,876.0
31.5.2024 00:00,846.0
31.5.2024 00:15,810.0
31.5.2024 00:30,816.0
31.5.2024 00:45,816.0
31.5.2024 01:00,804.0
31.5.2024 01:15,792.0
31.5.2024 01:30,780.0
31.5.2024 01:45,768.0
31.5.2024 02:00,762.0
31.5.2024 02:15,828.0
31.5.2024 02:30,828.0
31.5.2024 02:45,816.0
31.5.2024 03:00,816.0
31.5.2024 03:15,810.0
31.5.2024 03:30,804.0
31.5.2024 03:45,792.0
31.5.2024 04:00,774.0
31.5.2024 04:15,780.0
31.5.2024 04:30,804.0
31.5.2024 04:45,804.0
31.5.2024 05:00,810.0
31.5.2024 05:15,810.0
31.5.2024 05:30,810.0
31.5.2024 05:45,804.0
31.5.2024 06:00,780.0
31.5.2024 06:15,744.0
31.5.2024 06:30,702.0
31.5.2024 06:45,660.0
31.5.2024 07:00,636.0
31.5.2024 07:15,612.0
31.5.2024 07:30,540.0
31.5.2024 07:45,192.0
31.5.2024 08:00,144.0
31.5.2024 08:15,138.0
31.5.2024 08:30,144.0
31.5.2024 08:45,96.0
31.5.2024 09:00,24.0
31.5.2024 09:15,0.0
31.5.2024 09:30,12.0
31.5.2024 09:45,0.0
31.5.2024 10:00,0.0
31.5.2024 10:15,0.0
31.5.2024 10:30,0.0
31.5.2024 10:45,0.0
31.5.2024 11:00,0.0
31.5.2024 11:15,0.0
31.5.2024 11:30,0.0
31.5.2024 11:45,0.0
31.5.2024 12:00,6.0
31.5.2024 12:15,0.0
31.5.2024 12:30,0.0
31.5.2024 12:45,0.0
31.5.2024 13:00,0.0
31.5.2024 13:15,0.0
31.5.2024 13:30,0.0
31.5.2024 13:45,0.0
31.5.2024 14:00,0.0
31.5.2024 14:15,0.0
31.5.2024 14:30,0.0
31.5.2024 14:45,0.0
31.5.2024 15:00,0.0
31.5.2024 15:15,0.0
31.5.2024 15:30,0.0
31.5.2024 15:45,0.0
31.5.2024 16:00,0.0
31.5.2024 16:15,0.0
31.5.2024 16:30,12.0
31.5.2024 16:45,24.0
31.5.2024 17:00,48.0
31.5.2024 17:15,60.0
31.5.2024 17:30,72.0
31.5.2024 17:45,78.0
31.5.2024 18:00,84.0
31.5.2024 18:15,84.0
31.5.2024 18:30,84.0
31.5.2024 18:45,84.0
31.5.2024 19:00,84.0
31.5.2024 19:15,84.0
31.5.2024 19:30,84.0
31.5.2024 19:45,84.0
31.5.2024 20:00,78.0
31.5.2024 20:15,84.0
31.5.2024 20:30,78.0
31.5.2024 20:45,78.0
31.5.2024 21:00,78.0
31.5.2024 21:15,78.0
31.5.2024 21:30,84.0
31.5.2024 21:45,84.0
31.5.2024 22:00,78.0
31.5.2024 22:15,84.0
31.5.2024 22:30,78.0
31.5.2024 22:45,78.0
31.5.2024 23:00,78.0
31.5.2024 23:15,78.0
31.5.2024 23:30,84.0
31.5.2024 23:45,84.0
1.6.2024 00:00,78.0
1.6.2024 00:15,78.0
1.6.2024 00:30,78.0
1.6.2024 00:45,78.0
1.6.2024 01:00,78.0
1.6.2024 01:15,66.0
1.6.2024 01:30,48.0
1.6.2024 01:45,48.0
1.6.2024 02:00,48.0
1.6.2024 02:15,72.0
1.6.2024 02:30,72.0
1.6.2024 02:45,72.0
1.6.2024 03:00,72.0
1.6.2024 03:15,72.0
1.6.2024 03:30,72.0
1.6.2024 03:45,72.0
1.6.2024 04:00,72.0
1.6.2024 04:15,72.0
1.6.2024 04:30,66.0
1.6.2024 04:45,72.0
1.6.2024 05:00,66.0
1.6.2024 05:15,66.0
1.6.2024 05:30,66.0
1.6.2024 05:45,66.0
1.6.2024 06:00,60.0
1.6.2024 06:15,18.0
1.6.2024 06:30,0.0
1.6.2024 06:45,0.0
1.6.2024 07:00,0.0
1.6.2024 07:15,0.0
1.6.2024 07:30,0.0
1.6.2024 07:45,0.0
1.6.2024 08:00,0.0
1.6.2024 08:15,0.0
1.6.2024 08:30,0.0
1.6.2024 08:45,0.0
1.6.2024 09:00,0.0
1.6.2024 09:15,0.0
1.6.2024 09:30,0.0
1.6.2024 09:45,0.0
1.6.2024 10:00,0.0
1.6.2024 10:15,0.0
1.6.2024 10:30,0.0
1.6.2024 10:45,0.0
1.6.2024 11:00,0.0
1.6.2024 11:15,0.0
1.6.2024 11:30,0.0
1.6.2024 11:45,0.0
1.6.2024 12:00,0.0
1.6.2024 12:15,0.0
1.6.2024 12:30,0.0
1.6.2024 12:45,0.0
1.6.2024 13:00,0.0
1.6.2024 13:15,0.0
1.6.2024 13:30,0.0
1.6.2024 13:45,0.0
1.6.2024 14:00,0.0
1.6.2024 14:15,0.0
1.6.2024 14:30,0.0
1.6.2024 14:45,0.0
1.6.2024 15:00,0.0
1.6.2024 15:15,0.0
1.6.2024 15:30,0.0
1.6.2024 15:45,0.0
1.6.2024 16:00,0.0
1.6.2024 16:15,0.0
1.6.2024 16:30,0.0
1.6.2024 16:45,18.0
1.6.2024 17:00,0.0
1.6.2024 17:15,0.0
1.6.2024 17:30,6.0
1.6.2024 17:45,24.0
1.6.2024 18:00,54.0
1.6.2024 18:15,60.0
1.6.2024 18:30,72.0
1.6.2024 18:45,78.0
1.6.2024 19:00,78.0
1.6.2024 19:15,78.0
1.6.2024 19:30,78.0
1.6.2024 19:45,78.0
1.6.2024 20:00,78.0
1.6.2024 20:15,72.0
1.6.2024 20:30,78.0
1.6.2024 20:45,72.0
1.6.2024 21:00,72.0
1.6.2024 21:15,72.0
1.6.2024 21:30,84.0
1.6.2024 21:45,78.0
1.6.2024 22:00,78.0
1.6.2024 22:15,84.0
1.6.2024 22:30,78.0
1.6.2024 22:45,78.0
1.6.2024 23:00,78.0
1.6.2024 23:15,78.0
1.6.2024 23:30,84.0
1.6.2024 23:45,84.0
2.6.2024 00:00,96.0
2.6.2024 00:15,78.0
2.6.2024 00:30,78.0
2.6.2024 00:45,78.0
2.6.2024 01:00,78.0
2.6.2024 01:15,66.0
2.6.2024 01:30,54.0
2.6.2024 01:45,54.0
2.6.2024 02:00,54.0
2.6.2024 02:15,72.0
2.6.2024 02:30,78.0
2.6.2024 02:45,72.0
2.6.2024 03:00,78.0
2.6.2024 03:15,72.0
2.6.2024 03:30,72.0
2.6.2024 03:45,72.0
2.6.2024 04:00,72.0
2.6.2024 04:15,72.0
2.6.2024 04:30,72.0
2.6.2024 04:45,72.0
2.6.2024 05:00,66.0
2.6.2024 05:15,66.0
2.6.2024 05:30,66.0
2.6.2024 05:45,66.0
2.6.2024 06:00,54.0
2.6.2024 06:15,54.0
2.6.2024 06:30,24.0
2.6.2024 06:45,0.0
2.6.2024 07:00,0.0
2.6.2024 07:15,0.0
2.6.2024 07:30,0.0
2.6.2024 07:45,0.0
2.6.2024 08:00,0.0
2.6.2024 08:15,0.0
2.6.2024 08:30,6.0
2.6.2024 08:45,6.0
2.6.2024 09:00,0.0
2.6.2024 09:15,0.0
2.6.2024 09:30,0.0
2.6.2024 09:45,0.0
2.6.2024 10:00,0.0
2.6.2024 10:15,0.0
2.6.2024 10:30,0.0
2.6.2024 10:45,0.0
2.6.2024 11:00,0.0
2.6.2024 11:15,0.0
2.6.2024 11:30,0.0
2.6.2024 11:45,18.0
2.6.2024 12:00,0.0
2.6.2024 12:15,0.0
2.6.2024 12:30,0.0
2.6.2024 12:45,0.0
2.6.2024 13:00,0.0
2.6.2024 13:15,6.0
2.6.2024 13:30,0.0
2.6.2024 13:45,0.0
2.6.2024 14:00,6.0
2.6.2024 14:15,6.0
2.6.2024 14:30,6.0
2.6.2024 14:45,6.0
2.6.2024 15:00,0.0
2.6.2024 15:15,18.0
2.6.2024 15:30,0.0
2.6.2024 15:45,0.0
2.6.2024 16:00,12.0
2.6.2024 16:15,24.0
2.6.2024 16:30,0.0
2.6.2024 16:45,12.0
2.6.2024 17:00,48.0
2.6.2024 17:15,24.0
2.6.2024 17:30,0.0
2.6.2024 17:45,12.0
2.6.2024 18:00,60.0
2.6.2024 18:15,78.0
2.6.2024 18:30,84.0
2.6.2024 18:45,90.0
2.6.2024 19:00,84.0
2.6.2024 19:15,84.0
2.6.2024 19:30,84.0
2.6.2024 19:45,78.0
2.6.2024 20:00,78.0
2.6.2024 20:15,72.0
2.6.2024 20:30,78.0
2.6.2024 20:45,78.0
2.6.2024 21:00,78.0
2.6.2024 21:15,78.0
2.6.2024 21:30,84.0
2.6.2024 21:45,84.0
2.6.2024 22:00,84.0
2.6.2024 22:15,84.0
2.6.2024 22:30,84.0
2.6.2024 22:45,78.0
2.6.2024 23:00,84.0
2.6.2024 23:15,84.0
2.6.2024 23:30,84.0
2.6.2024 23:45,84.0
3.6.2024 00:00,84.0
3.6.2024 00:15,84.0
3.6.2024 00:30,78.0
3.6.2024 00:45,84.0
3.6.2024 01:00,78.0
3.6.2024 01:15,72.0
3.6.2024 01:30,60.0
3.6.2024 01:45,54.0
3.6.2024 02:00,60.0
3.6.2024 02:15,78.0
3.6.2024 02:30,78.0
3.6.2024 02:45,78.0
3.6.2024 03:00,78.0
3.6.2024 03:15,78.0
3.6.2024 03:30,72.0
3.6.2024 03:45,78.0
3.6.2024 04:00,78.0
3.6.2024 04:15,72.0
3.6.2024 04:30,72.0
3.6.2024 04:45,72.0
3.6.2024 05:00,66.0
3.6.2024 05:15,66.0
3.6.2024 05:30,72.0
3.6.2024 05:45,66.0
3.6.2024 06:00,66.0
3.6.2024 06:15,60.0
3.6.2024 06:30,54.0
3.6.2024 06:45,36.0
3.6.2024 07:00,24.0
3.6.2024 07:15,0.0
3.6.2024 07:30,0.0
3.6.2024 07:45,6.0
3.6.2024 08:00,0.0
3.6.2024 08:15,0.0
3.6.2024 08:30,0.0
3.6.2024 08:45,0.0
3.6.2024 09:00,0.0
3.6.2024 09:15,0.0
3.6.2024 09:30,0.0
3.6.2024 09:45,0.0
3.6.2024 10:00,0.0
3.6.2024 10:15,0.0
3.6.2024 10:30,0.0
3.6.2024 10:45,0.0
3.6.2024 11:00,0.0
3.6.2024 11:15,12.0
3.6.2024 11:30,0.0
3.6.2024 11:45,0.0
3.6.2024 12:00,0.0
3.6.2024 12:15,0.0
3.6.2024 12:30,0.0
3.6.2024 12:45,0.0
3.6.2024 13:00,0.0
3.6.2024 13:15,0.0
3.6.2024 13:30,0.0
3.6.2024 13:45,0.0
3.6.2024 14:00,0.0
3.6.2024 14:15,0.0
3.6.2024 14:30,0.0
3.6.2024 14:45,0.0
3.6.2024 15:00,0.0
3.6.2024 15:15,0.0
3.6.2024 15:30,0.0
3.6.2024 15:45,0.0
3.6.2024 16:00,0.0
3.6.2024 16:15,12.0
3.6.2024 16:30,42.0
3.6.2024 16:45,0.0
3.6.2024 17:00,54.0
3.6.2024 17:15,90.0
3.6.2024 17:30,84.0
3.6.2024 17:45,96.0
3.6.2024 18:00,114.0
3.6.2024 18:15,126.0
3.6.2024 18:30,144.0
3.6.2024 18:45,144.0
3.6.2024 19:00,144.0
3.6.2024 19:15,144.0
3.6.2024 19:30,144.0
3.6.2024 19:45,156.0
3.6.2024 20:00,204.0
3.6.2024 20:15,282.0
3.6.2024 20:30,330.0
3.6.2024 20:45,312.0
3.6.2024 21:00,306.0
3.6.2024 21:15,468.0
3.6.2024 21:30,834.0
3.6.2024 21:45,834.0
3.6.2024 22:00,1056.0
3.6.2024 22:15,1386.0
3.6.2024 22:30,1500.0
3.6.2024 22:45,1380.0
3.6.2024 23:00,1734.0
3.6.2024 23:15,1668.0
3.6.2024 23:30,1548.0
3.6.2024 23:45,1662.0
4.6.2024 00:00,1554.0
4.6.2024 00:15,1578.0
4.6.2024 00:30,1428.0
4.6.2024 00:45,1518.0
4.6.2024 01:00,1446.0
4.6.2024 01:15,1296.0
4.6.2024 01:30,1302.0
4.6.2024 01:45,1338.0
4.6.2024 02:00,1296.0
4.6.2024 02:15,1740.0
4.6.2024 02:30,1602.0
4.6.2024 02:45,1608.0
4.6.2024 03:00,1500.0
4.6.2024 03:15,1332.0
4.6.2024 03:30,1272.0
4.6.2024 03:45,1296.0
4.6.2024 04:00,1290.0
4.6.2024 04:15,1248.0
4.6.2024 04:30,1242.0
4.6.2024 04:45,1368.0
4.6.2024 05:00,1266.0
4.6.2024 05:15,1194.0
4.6.2024 05:30,1176.0
4.6.2024 05:45,1158.0
4.6.2024 06:00,1314.0
4.6.2024 06:15,1200.0
4.6.2024 06:30,1146.0
4.6.2024 06:45,1116.0
4.6.2024 07:00,1176.0
4.6.2024 07:15,912.0
4.6.2024 07:30,750.0
4.6.2024 07:45,600.0
4.6.2024 08:00,714.0
4.6.2024 08:15,654.0
4.6.2024 08:30,330.0
4.6.2024 08:45,588.0
4.6.2024 09:00,582.0
4.6.2024 09:15,606.0
4.6.2024 09:30,720.0
4.6.2024 09:45,684.0
4.6.2024 10:00,654.0
4.6.2024 10:15,672.0
4.6.2024 10:30,648.0
4.6.2024 10:45,696.0
4.6.2024 11:00,372.0
4.6.2024 11:15,312.0
4.6.2024 11:30,216.0
4.6.2024 11:45,480.0
4.6.2024 12:00,516.0
4.6.2024 12:15,294.0
4.6.2024 12:30,282.0
4.6.2024 12:45,396.0
4.6.2024 13:00,594.0
4.6.2024 13:15,522.0
4.6.2024 13:30,786.0
4.6.2024 13:45,696.0
4.6.2024 14:00,480.0
4.6.2024 14:15,588.0
4.6.2024 14:30,390.0
4.6.2024 14:45,276.0
4.6.2024 15:00,954.0
4.6.2024 15:15,792.0
4.6.2024 15:30,936.0
4.6.2024 15:45,894.0
4.6.2024 16:00,1122.0
4.6.2024 16:15,1248.0
4.6.2024 16:30,1350.0
4.6.2024 16:45,1512.0
4.6.2024 17:00,1692.0
4.6.2024 17:15,1680.0
4.6.2024 17:30,1548.0
4.6.2024 17:45,1776.0
4.6.2024 18:00,1572.0
4.6.2024 18:15,1464.0
4.6.2024 18:30,1458.0
4.6.2024 18:45,1644.0
4.6.2024 19:00,1542.0
4.6.2024 19:15,1572.0
4.6.2024 19:30,1668.0
4.6.2024 19:45,1290.0
4.6.2024 20:00,1314.0
4.6.2024 20:15,1494.0
4.6.2024 20:30,1572.0
4.6.2024 20:45,1644.0
4.6.2024 21:00,1728.0
4.6.2024 21:15,1638.0
4.6.2024 21:30,1674.0
4.6.2024 21:45,1572.0
4.6.2024 22:00,1500.0
4.6.2024 22:15,1452.0
4.6.2024 22:30,1278.0
4.6.2024 22:45,1464.0
4.6.2024 23:00,1620.0
4.6.2024 23:15,1488.0
4.6.2024 23:30,1494.0
4.6.2024 23:45,1476.0
5.6.2024 00:00,1386.0
5.6.2024 00:15,1320.0
5.6.2024 00:30,1638.0
5.6.2024 00:45,1644.0
5.6.2024 01:00,1728.0
5.6.2024 01:15,1512.0
5.6.2024 01:30,1272.0
5.6.2024 01:45,894.0
5.6.2024 02:00,1038.0
5.6.2024 02:15,1320.0
5.6.2024 02:30,1128.0
5.6.2024 02:45,1104.0
5.6.2024 03:00,1068.0
5.6.2024 03:15,1140.0
5.6.2024 03:30,1368.0
5.6.2024 03:45,1338.0
5.6.2024 04:00,1188.0
5.6.2024 04:15,1248.0
5.6.2024 04:30,1266.0
5.6.2024 04:45,1212.0
5.6.2024 05:00,1476.0
5.6.2024 05:15,1464.0
5.6.2024 05:30,1356.0
5.6.2024 05:45,1362.0
5.6.2024 06:00,1320.0
5.6.2024 06:15,1224.0
5.6.2024 06:30,1200.0
5.6.2024 06:45,1224.0
5.6.2024 07:00,1458.0
5.6.2024 07:15,1272.0
5.6.2024 07:30,1272.0
5.6.2024 07:45,1248.0
5.6.2024 08:00,996.0
5.6.2024 08:15,894.0
5.6.2024 08:30,504.0
5.6.2024 08:45,282.0
5.6.2024 09:00,510.0
5.6.2024 09:15,546.0
5.6.2024 09:30,402.0
5.6.2024 09:45,618.0
5.6.2024 10:00,456.0
5.6.2024 10:15,282.0
5.6.2024 10:30,360.0
5.6.2024 10:45,402.0
5.6.2024 11:00,288.0
5.6.2024 11:15,378.0
5.6.2024 11:30,492.0
5.6.2024 11:45,654.0
5.6.2024 12:00,516.0
5.6.2024 12:15,780.0
5.6.2024 12:30,678.0
5.6.2024 12:45,678.0
5.6.2024 13:00,720.0
5.6.2024 13:15,540.0
5.6.2024 13:30,456.0
5.6.2024 13:45,528.0
5.6.2024 14:00,546.0
5.6.2024 14:15,576.0
5.6.2024 14:30,408.0
5.6.2024 14:45,774.0
5.6.2024 15:00,930.0
5.6.2024 15:15,876.0
5.6.2024 15:30,816.0
5.6.2024 15:45,942.0
5.6.2024 16:00,1032.0
5.6.2024 16:15,768.0
5.6.2024 16:30,852.0
5.6.2024 16:45,1164.0
5.6.2024 17:00,1134.0
5.6.2024 17:15,1098.0
5.6.2024 17:30,1236.0
5.6.2024 17:45,1302.0
5.6.2024 18:00,1320.0
5.6.2024 18:15,1302.0
5.6.2024 18:30,1428.0
5.6.2024 18:45,1350.0
5.6.2024 19:00,1470.0
5.6.2024 19:15,1416.0
5.6.2024 19:30,1284.0
5.6.2024 19:45,1386.0
5.6.2024 20:00,1416.0
5.6.2024 20:15,1350.0
5.6.2024 20:30,1320.0
5.6.2024 20:45,1362.0
5.6.2024 21:00,1320.0
5.6.2024 21:15,1410.0
5.6.2024 21:30,1338.0
5.6.2024 21:45,1260.0
5.6.2024 22:00,1308.0
5.6.2024 22:15,1296.0
5.6.2024 22:30,1344.0
5.6.2024 22:45,1434.0
5.6.2024 23:00,1308.0
5.6.2024 23:15,1338.0
5.6.2024 23:30,1272.0
5.6.2024 23:45,1290.0
6.6.2024 00:00,1332.0
6.6.2024 00:15,1278.0
6.6.2024 00:30,1320.0
6.6.2024 00:45,1194.0
6.6.2024 01:00,1248.0
6.6.2024 01:15,1536.0
6.6.2024 01:30,1596.0
6.6.2024 01:45,1644.0
6.6.2024 02:00,1476.0
6.6.2024 02:15,1620.0
6.6.2024 02:30,1476.0
6.6.2024 02:45,1632.0
6.6.2024 03:00,1704.0
6.6.2024 03:15,1740.0
6.6.2024 03:30,1446.0
6.6.2024 03:45,1518.0
6.6.2024 04:00,1440.0
6.6.2024 04:15,1290.0
6.6.2024 04:30,1368.0
6.6.2024 04:45,1308.0
6.6.2024 05:00,1452.0
6.6.2024 05:15,1662.0
6.6.2024 05:30,1698.0
6.6.2024 05:45,1512.0
6.6.2024 06:00,1386.0
6.6.2024 06:15,1512.0
6.6.2024 06:30,1212.0
6.6.2024 06:45,1080.0
6.6.2024 07:00,1098.0
6.6.2024 07:15,1008.0
6.6.2024 07:30,960.0
6.6.2024 07:45,978.0
6.6.2024 08:00,804.0
6.6.2024 08:15,636.0
6.6.2024 08:30,564.0
6.6.2024 08:45,660.0
6.6.2024 09:00,588.0
6.6.2024 09:15,624.0
6.6.2024 09:30,516.0
6.6.2024 09:45,624.0
6.6.2024 10:00,624.0
6.6.2024 10:15,396.0
6.6.2024 10:30,276.0
6.6.2024 10:45,276.0
6.6.2024 11:00,564.0
6.6.2024 11:15,534.0
6.6.2024 11:30,822.0
6.6.2024 11:45,786.0
6.6.2024 12:00,852.0
6.6.2024 12:15,1020.0
6.6.2024 12:30,744.0
6.6.2024 12:45,768.0
6.6.2024 13:00,810.0
6.6.2024 13:15,894.0
6.6.2024 13:30,786.0
6.6.2024 13:45,1032.0
6.6.2024 14:00,1224.0
6.6.2024 14:15,948.0
6.6.2024 14:30,804.0
6.6.2024 14:45,930.0
6.6.2024 15:00,786.0
6.6.2024 15:15,918.0
6.6.2024 15:30,894.0
6.6.2024 15:45,792.0
6.6.2024 16:00,972.0
6.6.2024 16:15,978.0
6.6.2024 16:30,1014.0
6.6.2024 16:45,1122.0
6.6.2024 17:00,1332.0
6.6.2024 17:15,1296.0
6.6.2024 17:30,1476.0
6.6.2024 17:45,1554.0
6.6.2024 18:00,1578.0
6.6.2024 18:15,1476.0
6.6.2024 18:30,1632.0
6.6.2024 18:45,1644.0
6.6.2024 19:00,1578.0
6.6.2024 19:15,1182.0
6.6.2024 19:30,1200.0
6.6.2024 19:45,1242.0
6.6.2024 20:00,1338.0
6.6.2024 20:15,1344.0
6.6.2024 20:30,1284.0
6.6.2024 20:45,1368.0
6.6.2024 21:00,1500.0
6.6.2024 21:15,1824.0
6.6.2024 21:30,1794.0
6.6.2024 21:45,1404.0
6.6.2024 22:00,1308.0
6.6.2024 22:15,1344.0
6.6.2024 22:30,1170.0
6.6.2024 22:45,1230.0
6.6.2024 23:00,1254.0
6.6.2024 23:15,1296.0
6.6.2024 23:30,1278.0
6.6.2024 23:45,1272.0
7.6.2024 00:00,1212.0
7.6.2024 00:15,1308.0
7.6.2024 00:30,1314.0
7.6.2024 00:45,1338.0
7.6.2024 01:00,1206.0
7.6.2024 01:15,1236.0
7.6.2024 01:30,1596.0
7.6.2024 01:45,1584.0
7.6.2024 02:00,1542.0
7.6.2024 02:15,1620.0
7.6.2024 02:30,1218.0
7.6.2024 02:45,1140.0
7.6.2024 03:00,1164.0
7.6.2024 03:15,1296.0
7.6.2024 03:30,1266.0
7.6.2024 03:45,1272.0
7.6.2024 04:00,1278.0
7.6.2024 04:15,1128.0
7.6.2024 04:30,1182.0
7.6.2024 04:45,1284.0
7.6.2024 05:00,1314.0
7.6.2024 05:15,1266.0
7.6.2024 05:30,1218.0
7.6.2024 05:45,1188.0
7.6.2024 06:00,1200.0
7.6.2024 06:15,1440.0
7.6.2024 06:30,1326.0
7.6.2024 06:45,1494.0
7.6.2024 07:00,1158.0
7.6.2024 07:15,1110.0
7.6.2024 07:30,1188.0
7.6.2024 07:45,1014.0
7.6.2024 08:00,864.0
7.6.2024 08:15,648.0
7.6.2024 08:30,480.0
7.6.2024 08:45,96.0
7.6.2024 09:00,54.0
7.6.2024 09:15,48.0
7.6.2024 09:30,36.0
7.6.2024 09:45,48.0
7.6.2024 10:00,378.0
7.6.2024 10:15,432.0
7.6.2024 10:30,612.0
7.6.2024 10:45,480.0
7.6.2024 11:00,270.0
7.6.2024 11:15,270.0
7.6.2024 11:30,108.0
7.6.2024 11:45,270.0
7.6.2024 12:00,480.0
7.6.2024 12:15,846.0
7.6.2024 12:30,834.0
7.6.2024 12:45,810.0
7.6.2024 13:00,660.0
7.6.2024 13:15,330.0
7.6.2024 13:30,1008.0
7.6.2024 13:45,828.0
7.6.2024 14:00,450.0
7.6.2024 14:15,942.0
7.6.2024 14:30,408.0
7.6.2024 14:45,606.0
7.6.2024 15:00,186.0
7.6.2024 15:15,192.0
7.6.2024 15:30,384.0
7.6.2024 15:45,408.0
7.6.2024 16:00,474.0
7.6.2024 16:15,408.0
7.6.2024 16:30,462.0
7.6.2024 16:45,600.0
7.6.2024 17:00,636.0
7.6.2024 17:15,660.0
7.6.2024 17:30,738.0
7.6.2024 17:45,762.0
7.6.2024 18:00,810.0
7.6.2024 18:15,846.0
7.6.2024 18:30,858.0
7.6.2024 18:45,840.0
7.6.2024 19:00,846.0
7.6.2024 19:15,870.0
7.6.2024 19:30,822.0
7.6.2024 19:45,816.0
7.6.2024 20:00,816.0
7.6.2024 20:15,780.0
7.6.2024 20:30,756.0
7.6.2024 20:45,666.0
7.6.2024 21:00,642.0
7.6.2024 21:15,636.0
7.6.2024 21:30,486.0
7.6.2024 21:45,390.0
7.6.2024 22:00,222.0
7.6.2024 22:15,264.0
7.6.2024 22:30,234.0
7.6.2024 22:45,216.0
7.6.2024 23:00,252.0
7.6.2024 23:15,234.0
7.6.2024 23:30,234.0
7.6.2024 23:45,240.0
8.6.2024 00:00,216.0
8.6.2024 00:15,264.0
8.6.2024 00:30,216.0
8.6.2024 00:45,216.0
8.6.2024 01:00,252.0
8.6.2024 01:15,222.0
8.6.2024 01:30,162.0
8.6.2024 01:45,192.0
8.6.2024 02:00,168.0
8.6.2024 02:15,222.0
8.6.2024 02:30,222.0
8.6.2024 02:45,216.0
8.6.2024 03:00,228.0
8.6.2024 03:15,216.0
8.6.2024 03:30,216.0
8.6.2024 03:45,216.0
8.6.2024 04:00,198.0
8.6.2024 04:15,192.0
8.6.2024 04:30,192.0
8.6.2024 04:45,192.0
8.6.2024 05:00,132.0
8.6.2024 05:15,126.0
8.6.2024 05:30,120.0
8.6.2024 05:45,114.0
8.6.2024 06:00,96.0
8.6.2024 06:15,90.0
8.6.2024 06:30,66.0
8.6.2024 06:45,24.0
8.6.2024 07:00,30.0
8.6.2024 07:15,0.0
8.6.2024 07:30,0.0
8.6.2024 07:45,0.0
8.6.2024 08:00,0.0
8.6.2024 08:15,0.0
8.6.2024 08:30,0.0
8.6.2024 08:45,0.0
8.6.2024 09:00,0.0
8.6.2024 09:15,0.0
8.6.2024 09:30,0.0
8.6.2024 09:45,6.0
8.6.2024 10:00,6.0
8.6.2024 10:15,0.0
8.6.2024 10:30,6.0
8.6.2024 10:45,6.0
8.6.2024 11:00,6.0
8.6.2024 11:15,12.0
8.6.2024 11:30,0.0
8.6.2024 11:45,0.0
8.6.2024 12:00,12.0
8.6.2024 12:15,0.0
8.6.2024 12:30,0.0
8.6.2024 12:45,0.0
8.6.2024 13:00,0.0
8.6.2024 13:15,6.0
8.6.2024 13:30,6.0
8.6.2024 13:45,12.0
8.6.2024 14:00,0.0
8.6.2024 14:15,12.0
8.6.2024 14:30,6.0
8.6.2024 14:45,0.0
8.6.2024 15:00,0.0
8.6.2024 15:15,0.0
8.6.2024 15:30,0.0
8.6.2024 15:45,0.0
8.6.2024 16:00,24.0
8.6.2024 16:15,12.0
8.6.2024 16:30,30.0
8.6.2024 16:45,6.0
8.6.2024 17:00,6.0
8.6.2024 17:15,0.0
8.6.2024 17:30,12.0
8.6.2024 17:45,42.0
8.6.2024 18:00,72.0
8.6.2024 18:15,72.0
8.6.2024 18:30,78.0
8.6.2024 18:45,90.0
8.6.2024 19:00,90.0
8.6.2024 19:15,84.0
8.6.2024 19:30,84.0
8.6.2024 19:45,84.0
8.6.2024 20:00,78.0
8.6.2024 20:15,78.0
8.6.2024 20:30,78.0
8.6.2024 20:45,78.0
8.6.2024 21:00,78.0
8.6.2024 21:15,78.0
8.6.2024 21:30,84.0
8.6.2024 21:45,84.0
8.6.2024 22:00,84.0
8.6.2024 22:15,84.0
8.6.2024 22:30,84.0
8.6.2024 22:45,84.0
8.6.2024 23:00,84.0
8.6.2024 23:15,84.0
8.6.2024 23:30,84.0
8.6.2024 23:45,84.0
9.6.2024 00:00,84.0
9.6.2024 00:15,78.0
9.6.2024 00:30,84.0
9.6.2024 00:45,78.0
9.6.2024 01:00,84.0
9.6.2024 01:15,72.0
9.6.2024 01:30,60.0
9.6.2024 01:45,60.0
9.6.2024 02:00,60.0
9.6.2024 02:15,78.0
9.6.2024 02:30,78.0
9.6.2024 02:45,78.0
9.6.2024 03:00,78.0
9.6.2024 03:15,78.0
9.6.2024 03:30,78.0
9.6.2024 03:45,78.0
9.6.2024 04:00,78.0
9.6.2024 04:15,72.0
9.6.2024 04:30,72.0
9.6.2024 04:45,72.0
9.6.2024 05:00,72.0
9.6.2024 05:15,78.0
9.6.2024 05:30,66.0
9.6.2024 05:45,66.0
9.6.2024 06:00,48.0
9.6.2024 06:15,12.0
9.6.2024 06:30,12.0
9.6.2024 06:45,6.0
9.6.2024 07:00,12.0
9.6.2024 07:15,0.0
9.6.2024 07:30,6.0
9.6.2024 07:45,0.0
9.6.2024 08:00,0.0
9.6.2024 08:15,0.0
9.6.2024 08:30,0.0
9.6.2024 08:45,0.0
9.6.2024 09:00,0.0
9.6.2024 09:15,0.0
9.6.2024 09:30,0.0
9.6.2024 09:45,0.0
9.6.2024 10:00,0.0
9.6.2024 10:15,0.0
9.6.2024 10:30,0.0
9.6.2024 10:45,0.0
9.6.2024 11:00,0.0
9.6.2024 11:15,0.0
9.6.2024 11:30,0.0
9.6.2024 11:45,0.0
9.6.2024 12:00,0.0
9.6.2024 12:15,0.0
9.6.2024 12:30,0.0
9.6.2024 12:45,0.0
9.6.2024 13:00,0.0
9.6.2024 13:15,0.0
9.6.2024 13:30,0.0
9.6.2024 13:45,0.0
9.6.2024 14:00,0.0
9.6.2024 14:15,0.0
9.6.2024 14:30,0.0
9.6.2024 14:45,0.0
9.6.2024 15:00,0.0
9.6.2024 15:15,6.0
9.6.2024 15:30,0.0
9.6.2024 15:45,6.0
9.6.2024 16:00,24.0
9.6.2024 16:15,18.0
9.6.2024 16:30,6.0
9.6.2024 16:45,30.0
9.6.2024 17:00,48.0
9.6.2024 17:15,72.0
9.6.2024 17:30,78.0
9.6.2024 17:45,78.0
9.6.2024 18:00,84.0
9.6.2024 18:15,78.0
9.6.2024 18:30,72.0
9.6.2024 18:45,72.0
9.6.2024 19:00,72.0
9.6.2024 19:15,72.0
9.6.2024 19:30,72.0
9.6.2024 19:45,72.0
9.6.2024 20:00,72.0
9.6.2024 20:15,72.0
9.6.2024 20:30,72.0
9.6.2024 20:45,72.0
9.6.2024 21:00,72.0
9.6.2024 21:15,78.0
9.6.2024 21:30,84.0
9.6.2024 21:45,78.0
9.6.2024 22:00,78.0
9.6.2024 22:15,84.0
9.6.2024 22:30,84.0
9.6.2024 22:45,78.0
9.6.2024 23:00,78.0
9.6.2024 23:15,78.0
9.6.2024 23:30,84.0
9.6.2024 23:45,84.0
10.6.2024 00:00,84.0
10.6.2024 00:15,72.0
10.6.2024 00:30,78.0
10.6.2024 00:45,78.0
10.6.2024 01:00,78.0
10.6.2024 01:15,72.0
10.6.2024 01:30,54.0
10.6.2024 01:45,60.0
10.6.2024 02:00,60.0
10.6.2024 02:15,72.0
10.6.2024 02:30,78.0
10.6.2024 02:45,72.0
10.6.2024 03:00,78.0
10.6.2024 03:15,72.0
10.6.2024 03:30,72.0
10.6.2024 03:45,78.0
10.6.2024 04:00,78.0
10.6.2024 04:15,72.0
10.6.2024 04:30,72.0
10.6.2024 04:45,72.0
10.6.2024 05:00,72.0
10.6.2024 05:15,66.0
10.6.2024 05:30,66.0
10.6.2024 05:45,66.0
10.6.2024 06:00,60.0
10.6.2024 06:15,36.0
10.6.2024 06:30,18.0
10.6.2024 06:45,24.0
10.6.2024 07:00,0.0
10.6.2024 07:15,0.0
10.6.2024 07:30,0.0
10.6.2024 07:45,0.0
10.6.2024 08:00,0.0
10.6.2024 08:15,0.0
10.6.2024 08:30,6.0
10.6.2024 08:45,6.0
10.6.2024 09:00,18.0
10.6.2024 09:15,12.0
10.6.2024 09:30,12.0
10.6.2024 09:45,12.0
10.6.2024 10:00,0.0
10.6.2024 10:15,0.0
10.6.2024 10:30,0.0
10.6.2024 10:45,0.0
10.6.2024 11:00,6.0
10.6.2024 11:15,6.0
10.6.2024 11:30,0.0
10.6.2024 11:45,0.0
10.6.2024 12:00,0.0
10.6.2024 12:15,0.0
10.6.2024 12:30,0.0
10.6.2024 12:45,0.0
10.6.2024 13:00,0.0
10.6.2024 13:15,0.0
10.6.2024 13:30,0.0
10.6.2024 13:45,0.0
10.6.2024 14:00,0.0
10.6.2024 14:15,0.0
10.6.2024 14:30,6.0
10.6.2024 14:45,6.0
10.6.2024 15:00,6.0
10.6.2024 15:15,6.0
10.6.2024 15:30,60.0
10.6.2024 15:45,84.0
10.6.2024 16:00,90.0
10.6.2024 16:15,102.0
10.6.2024 16:30,72.0
10.6.2024 16:45,36.0
10.6.2024 17:00,36.0
10.6.2024 17:15,60.0
10.6.2024 17:30,48.0
10.6.2024 17:45,54.0
10.6.2024 18:00,48.0
10.6.2024 18:15,54.0
10.6.2024 18:30,60.0
10.6.2024 18:45,60.0
10.6.2024 19:00,60.0
10.6.2024 19:15,60.0
10.6.2024 19:30,54.0
10.6.2024 19:45,72.0
10.6.2024 20:00,84.0
10.6.2024 20:15,78.0
10.6.2024 20:30,84.0
10.6.2024 20:45,84.0
10.6.2024 21:00,84.0
10.6.2024 21:15,84.0
10.6.2024 21:30,90.0
10.6.2024 21:45,90.0
10.6.2024 22:00,90.0
10.6.2024 22:15,84.0
10.6.2024 22:30,90.0
10.6.2024 22:45,90.0
10.6.2024 23:00,90.0
10.6.2024 23:15,84.0
10.6.2024 23:30,90.0
10.6.2024 23:45,90.0
11.6.2024 00:00,84.0
11.6.2024 00:15,78.0
11.6.2024 00:30,78.0
11.6.2024 00:45,78.0
11.6.2024 01:00,84.0
11.6.2024 01:15,72.0
11.6.2024 01:30,72.0
11.6.2024 01:45,72.0
11.6.2024 02:00,72.0
11.6.2024 02:15,90.0
11.6.2024 02:30,84.0
11.6.2024 02:45,84.0
11.6.2024 03:00,84.0
11.6.2024 03:15,84.0
11.6.2024 03:30,84.0
11.6.2024 03:45,84.0
11.6.2024 04:00,84.0
11.6.2024 04:15,72.0
11.6.2024 04:30,72.0
11.6.2024 04:45,78.0
11.6.2024 05:00,66.0
11.6.2024 05:15,66.0
11.6.2024 05:30,72.0
11.6.2024 05:45,66.0
11.6.2024 06:00,60.0
11.6.2024 06:15,36.0
11.6.2024 06:30,36.0
11.6.2024 06:45,12.0
11.6.2024 07:00,6.0
11.6.2024 07:15,0.0
11.6.2024 07:30,0.0
11.6.2024 07:45,0.0
11.6.2024 08:00,0.0
11.6.2024 08:15,0.0
11.6.2024 08:30,0.0
11.6.2024 08:45,0.0
11.6.2024 09:00,0.0
11.6.2024 09:15,6.0
11.6.2024 09:30,6.0
11.6.2024 09:45,6.0
11.6.2024 10:00,0.0
11.6.2024 10:15,24.0
11.6.2024 10:30,6.0
11.6.2024 10:45,12.0
11.6.2024 11:00,0.0
11.6.2024 11:15,6.0
11.6.2024 11:30,6.0
11.6.2024 11:45,0.0
11.6.2024 12:00,0.0
11.6.2024 12:15,0.0
11.6.2024 12:30,0.0
11.6.2024 12:45,0.0
11.6.2024 13:00,0.0
11.6.2024 13:15,6.0
11.6.2024 13:30,12.0
11.6.2024 13:45,0.0
11.6.2024 14:00,0.0
11.6.2024 14:15,0.0
11.6.2024 14:30,0.0
11.6.2024 14:45,0.0
11.6.2024 15:00,0.0
11.6.2024 15:15,0.0
11.6.2024 15:30,0.0
11.6.2024 15:45,0.0
11.6.2024 16:00,0.0
11.6.2024 16:15,6.0
11.6.2024 16:30,24.0
11.6.2024 16:45,18.0
11.6.2024 17:00,6.0
11.6.2024 17:15,0.0
11.6.2024 17:30,6.0
11.6.2024 17:45,6.0
11.6.2024 18:00,30.0
11.6.2024 18:15,60.0
11.6.2024 18:30,72.0
11.6.2024 18:45,84.0
11.6.2024 19:00,84.0
11.6.2024 19:15,78.0
11.6.2024 19:30,84.0
11.6.2024 19:45,84.0
11.6.2024 20:00,84.0
11.6.2024 20:15,84.0
11.6.2024 20:30,84.0
11.6.2024 20:45,84.0
11.6.2024 21:00,84.0
11.6.2024 21:15,78.0
11.6.2024 21:30,54.0
11.6.2024 21:45,54.0
11.6.2024 22:00,54.0
11.6.2024 22:15,54.0
11.6.2024 22:30,54.0
11.6.2024 22:45,84.0
11.6.2024 23:00,84.0
11.6.2024 23:15,84.0
11.6.2024 23:30,84.0
11.6.2024 23:45,90.0
12.6.2024 00:00,84.0
12.6.2024 00:15,84.0
12.6.2024 00:30,84.0
12.6.2024 00:45,84.0
12.6.2024 01:00,84.0
12.6.2024 01:15,78.0
12.6.2024 01:30,60.0
12.6.2024 01:45,60.0
12.6.2024 02:00,60.0
12.6.2024 02:15,78.0
12.6.2024 02:30,84.0
12.6.2024 02:45,78.0
12.6.2024 03:00,78.0
12.6.2024 03:15,78.0
12.6.2024 03:30,78.0
12.6.2024 03:45,78.0
12.6.2024 04:00,78.0
12.6.2024 04:15,78.0
12.6.2024 04:30,78.0
12.6.2024 04:45,72.0
12.6.2024 05:00,72.0
12.6.2024 05:15,66.0
12.6.2024 05:30,72.0
12.6.2024 05:45,72.0
12.6.2024 06:00,60.0
12.6.2024 06:15,54.0
12.6.2024 06:30,12.0
12.6.2024 06:45,24.0
12.6.2024 07:00,18.0
12.6.2024 07:15,0.0
12.6.2024 07:30,0.0
12.6.2024 07:45,0.0
12.6.2024 08:00,0.0
12.6.2024 08:15,0.0
12.6.2024 08:30,6.0
12.6.2024 08:45,12.0
12.6.2024 09:00,6.0
12.6.2024 09:15,0.0
12.6.2024 09:30,0.0
12.6.2024 09:45,0.0
12.6.2024 10:00,0.0
12.6.2024 10:15,6.0
12.6.2024 10:30,0.0
12.6.2024 10:45,0.0
12.6.2024 11:00,0.0
12.6.2024 11:15,0.0
12.6.2024 11:30,6.0
12.6.2024 11:45,0.0
12.6.2024 12:00,0.0
12.6.2024 12:15,0.0
12.6.2024 12:30,0.0
12.6.2024 12:45,0.0
12.6.2024 13:00,0.0
12.6.2024 13:15,0.0
12.6.2024 13:30,0.0
12.6.2024 13:45,0.0
12.6.2024 14:00,0.0
12.6.2024 14:15,0.0
12.6.2024 14:30,0.0
12.6.2024 14:45,0.0
12.6.2024 15:00,0.0
12.6.2024 15:15,0.0
12.6.2024 15:30,0.0
12.6.2024 15:45,0.0
12.6.2024 16:00,6.0
12.6.2024 16:15,12.0
12.6.2024 16:30,0.0
12.6.2024 16:45,6.0
12.6.2024 17:00,18.0
12.6.2024 17:15,6.0
12.6.2024 17:30,6.0
12.6.2024 17:45,18.0
12.6.2024 18:00,48.0
12.6.2024 18:15,66.0
12.6.2024 18:30,72.0
12.6.2024 18:45,72.0
12.6.2024 19:00,78.0
12.6.2024 19:15,78.0
12.6.2024 19:30,72.0
12.6.2024 19:45,78.0
12.6.2024 20:00,78.0
12.6.2024 20:15,78.0
12.6.2024 20:30,84.0
12.6.2024 20:45,78.0
12.6.2024 21:00,78.0
12.6.2024 21:15,78.0
12.6.2024 21:30,84.0
12.6.2024 21:45,84.0
12.6.2024 22:00,84.0
12.6.2024 22:15,84.0
12.6.2024 22:30,84.0
12.6.2024 22:45,84.0
12.6.2024 23:00,84.0
12.6.2024 23:15,84.0
12.6.2024 23:30,84.0
12.6.2024 23:45,84.0
13.6.2024 00:00,60.0
13.6.2024 00:15,60.0
13.6.2024 00:30,60.0
13.6.2024 00:45,60.0
13.6.2024 01:00,60.0
13.6.2024 01:15,54.0
13.6.2024 01:30,36.0
13.6.2024 01:45,36.0
13.6.2024 02:00,36.0
13.6.2024 02:15,54.0
13.6.2024 02:30,60.0
13.6.2024 02:45,54.0
13.6.2024 03:00,54.0
13.6.2024 03:15,54.0
13.6.2024 03:30,54.0
13.6.2024 03:45,54.0
13.6.2024 04:00,54.0
13.6.2024 04:15,54.0
13.6.2024 04:30,54.0
13.6.2024 04:45,72.0
13.6.2024 05:00,72.0
13.6.2024 05:15,72.0
13.6.2024 05:30,66.0
13.6.2024 05:45,66.0
13.6.2024 06:00,42.0
13.6.2024 06:15,42.0
13.6.2024 06:30,12.0
13.6.2024 06:45,12.0
13.6.2024 07:00,0.0
13.6.2024 07:15,0.0
13.6.2024 07:30,0.0
13.6.2024 07:45,0.0
13.6.2024 08:00,0.0
13.6.2024 08:15,0.0
13.6.2024 08:30,0.0
13.6.2024 08:45,0.0
13.6.2024 09:00,0.0
13.6.2024 09:15,0.0
13.6.2024 09:30,0.0
13.6.2024 09:45,0.0
13.6.2024 10:00,0.0
13.6.2024 10:15,0.0
13.6.2024 10:30,0.0
13.6.2024 10:45,0.0
13.6.2024 11:00,0.0
13.6.2024 11:15,0.0
13.6.2024 11:30,0.0
13.6.2024 11:45,0.0
13.6.2024 12:00,0.0
13.6.2024 12:15,0.0
13.6.2024 12:30,0.0
13.6.2024 12:45,0.0
13.6.2024 13:00,0.0
13.6.2024 13:15,6.0
13.6.2024 13:30,12.0
13.6.2024 13:45,0.0
13.6.2024 14:00,0.0
13.6.2024 14:15,0.0
13.6.2024 14:30,0.0
13.6.2024 14:45,0.0
13.6.2024 15:00,6.0
13.6.2024 15:15,6.0
13.6.2024 15:30,0.0
13.6.2024 15:45,0.0
13.6.2024 16:00,6.0
13.6.2024 16:15,0.0
13.6.2024 16:30,12.0
13.6.2024 16:45,0.0
13.6.2024 17:00,6.0
13.6.2024 17:15,12.0
13.6.2024 17:30,18.0
13.6.2024 17:45,24.0
13.6.2024 18:00,24.0
13.6.2024 18:15,54.0
13.6.2024 18:30,72.0
13.6.2024 18:45,72.0
13.6.2024 19:00,78.0
13.6.2024 19:15,72.0
13.6.2024 19:30,72.0
13.6.2024 19:45,78.0
13.6.2024 20:00,78.0
13.6.2024 20:15,78.0
13.6.2024 20:30,78.0
13.6.2024 20:45,78.0
13.6.2024 21:00,84.0
13.6.2024 21:15,78.0
13.6.2024 21:30,84.0
13.6.2024 21:45,84.0
13.6.2024 22:00,84.0
13.6.2024 22:15,84.0
13.6.2024 22:30,84.0
13.6.2024 22:45,84.0
13.6.2024 23:00,84.0
13.6.2024 23:15,84.0
13.6.2024 23:30,90.0
13.6.2024 23:45,90.0
14.6.2024 00:00,84.0
14.6.2024 00:15,84.0
14.6.2024 00:30,84.0
14.6.2024 00:45,84.0
14.6.2024 01:00,84.0
14.6.2024 01:15,78.0
14.6.2024 01:30,60.0
14.6.2024 01:45,60.0
14.6.2024 02:00,60.0
14.6.2024 02:15,72.0
14.6.2024 02:30,78.0
14.6.2024 02:45,78.0
14.6.2024 03:00,78.0
14.6.2024 03:15,78.0
14.6.2024 03:30,78.0
14.6.2024 03:45,78.0
14.6.2024 04:00,78.0
14.6.2024 04:15,78.0
14.6.2024 04:30,78.0
14.6.2024 04:45,78.0
14.6.2024 05:00,72.0
14.6.2024 05:15,66.0
14.6.2024 05:30,72.0
14.6.2024 05:45,72.0
14.6.2024 06:00,60.0
14.6.2024 06:15,24.0
14.6.2024 06:30,30.0
14.6.2024 06:45,36.0
14.6.2024 07:00,0.0
14.6.2024 07:15,0.0
14.6.2024 07:30,0.0
14.6.2024 07:45,0.0
14.6.2024 08:00,0.0
14.6.2024 08:15,0.0
14.6.2024 08:30,0.0
14.6.2024 08:45,24.0
14.6.2024 09:00,0.0
14.6.2024 09:15,0.0
14.6.2024 09:30,0.0
14.6.2024 09:45,0.0
14.6.2024 10:00,0.0
14.6.2024 10:15,0.0
14.6.2024 10:30,0.0
14.6.2024 10:45,0.0
14.6.2024 11:00,0.0
14.6.2024 11:15,0.0
14.6.2024 11:30,0.0
14.6.2024 11:45,0.0
14.6.2024 12:00,0.0
14.6.2024 12:15,0.0
14.6.2024 12:30,0.0
14.6.2024 12:45,0.0
14.6.2024 13:00,0.0
14.6.2024 13:15,0.0
14.6.2024 13:30,6.0
14.6.2024 13:45,0.0
14.6.2024 14:00,0.0
14.6.2024 14:15,0.0
14.6.2024 14:30,0.0
14.6.2024 14:45,6.0
14.6.2024 15:00,6.0
14.6.2024 15:15,6.0
14.6.2024 15:30,6.0
14.6.2024 15:45,24.0
14.6.2024 16:00,0.0
14.6.2024 16:15,12.0
14.6.2024 16:30,18.0
14.6.2024 16:45,6.0
14.6.2024 17:00,6.0
14.6.2024 17:15,6.0
14.6.2024 17:30,6.0
14.6.2024 17:45,12.0
14.6.2024 18:00,42.0
14.6.2024 18:15,60.0
14.6.2024 18:30,72.0
14.6.2024 18:45,72.0
14.6.2024 19:00,72.0
14.6.2024 19:15,72.0
14.6.2024 19:30,72.0
14.6.2024 19:45,72.0
14.6.2024 20:00,72.0
14.6.2024 20:15,72.0
14.6.2024 20:30,78.0
14.6.2024 20:45,72.0
14.6.2024 21:00,78.0
14.6.2024 21:15,72.0
14.6.2024 21:30,84.0
14.6.2024 21:45,78.0
14.6.2024 22:00,84.0
14.6.2024 22:15,84.0
14.6.2024 22:30,84.0
14.6.2024 22:45,78.0
14.6.2024 23:00,78.0
14.6.2024 23:15,78.0
14.6.2024 23:30,78.0
14.6.2024 23:45,84.0
15.6.2024 00:00,78.0
15.6.2024 00:15,78.0
15.6.2024 00:30,78.0
15.6.2024 00:45,72.0
15.6.2024 01:00,78.0
15.6.2024 01:15,72.0
15.6.2024 01:30,54.0
15.6.2024 01:45,54.0
15.6.2024 02:00,54.0
15.6.2024 02:15,72.0
15.6.2024 02:30,72.0
15.6.2024 02:45,72.0
15.6.2024 03:00,72.0
15.6.2024 03:15,78.0
15.6.2024 03:30,72.0
15.6.2024 03:45,78.0
15.6.2024 04:00,78.0
15.6.2024 04:15,72.0
15.6.2024 04:30,72.0
15.6.2024 04:45,66.0
15.6.2024 05:00,66.0
15.6.2024 05:15,66.0
15.6.2024 05:30,66.0
15.6.2024 05:45,66.0
15.6.2024 06:00,60.0
15.6.2024 06:15,36.0
15.6.2024 06:30,6.0
15.6.2024 06:45,0.0
15.6.2024 07:00,0.0
15.6.2024 07:15,0.0
15.6.2024 07:30,0.0
15.6.2024 07:45,0.0
15.6.2024 08:00,0.0
15.6.2024 08:15,12.0
15.6.2024 08:30,6.0
15.6.2024 08:45,12.0
15.6.2024 09:00,18.0
15.6.2024 09:15,6.0
15.6.2024 09:30,12.0
15.6.2024 09:45,6.0
15.6.2024 10:00,6.0
15.6.2024 10:15,24.0
15.6.2024 10:30,6.0
15.6.2024 10:45,6.0
15.6.2024 11:00,0.0
15.6.2024 11:15,0.0
15.6.2024 11:30,6.0
15.6.2024 11:45,12.0
15.6.2024 12:00,6.0
15.6.2024 12:15,0.0
15.6.2024 12:30,0.0
15.6.2024 12:45,0.0
15.6.2024 13:00,0.0
15.6.2024 13:15,0.0
15.6.2024 13:30,0.0
15.6.2024 13:45,0.0
15.6.2024 14:00,0.0
15.6.2024 14:15,0.0
15.6.2024 14:30,0.0
15.6.2024 14:45,0.0
15.6.2024 15:00,6.0
15.6.2024 15:15,6.0
15.6.2024 15:30,0.0
15.6.2024 15:45,0.0
15.6.2024 16:00,0.0
15.6.2024 16:15,0.0
15.6.2024 16:30,12.0
15.6.2024 16:45,6.0
15.6.2024 17:00,12.0
15.6.2024 17:15,0.0
15.6.2024 17:30,0.0
15.6.2024 17:45,24.0
15.6.2024 18:00,60.0
15.6.2024 18:15,72.0
15.6.2024 18:30,72.0
15.6.2024 18:45,72.0
15.6.2024 19:00,72.0
15.6.2024 19:15,72.0
15.6.2024 19:30,72.0
15.6.2024 19:45,78.0
15.6.2024 20:00,78.0
15.6.2024 20:15,72.0
15.6.2024 20:30,78.0
15.6.2024 20:45,78.0
15.6.2024 21:00,78.0
15.6.2024 21:15,72.0
15.6.2024 21:30,84.0
15.6.2024 21:45,84.0
15.6.2024 22:00,84.0
15.6.2024 22:15,78.0
15.6.2024 22:30,84.0
15.6.2024 22:45,78.0
15.6.2024 23:00,78.0
15.6.2024 23:15,78.0
15.6.2024 23:30,84.0
15.6.2024 23:45,84.0
16.6.2024 00:00,84.0
16.6.2024 00:15,78.0
16.6.2024 00:30,78.0
16.6.2024 00:45,78.0
16.6.2024 01:00,78.0
16.6.2024 01:15,72.0
16.6.2024 01:30,54.0
16.6.2024 01:45,54.0
16.6.2024 02:00,54.0
16.6.2024 02:15,72.0
16.6.2024 02:30,72.0
16.6.2024 02:45,72.0
16.6.2024 03:00,72.0
16.6.2024 03:15,72.0
16.6.2024 03:30,72.0
16.6.2024 03:45,72.0
16.6.2024 04:00,72.0
16.6.2024 04:15,72.0
16.6.2024 04:30,72.0
16.6.2024 04:45,72.0
16.6.2024 05:00,66.0
16.6.2024 05:15,60.0
16.6.2024 05:30,66.0
16.6.2024 05:45,60.0
16.6.2024 06:00,54.0
16.6.2024 06:15,48.0
16.6.2024 06:30,24.0
16.6.2024 06:45,18.0
16.6.2024 07:00,0.0
16.6.2024 07:15,6.0
16.6.2024 07:30,0.0
16.6.2024 07:45,54.0
16.6.2024 08:00,18.0
16.6.2024 08:15,24.0
16.6.2024 08:30,30.0
16.6.2024 08:45,6.0
16.6.2024 09:00,0.0
16.6.2024 09:15,0.0
16.6.2024 09:30,0.0
16.6.2024 09:45,0.0
16.6.2024 10:00,0.0
16.6.2024 10:15,0.0
16.6.2024 10:30,0.0
16.6.2024 10:45,0.0
16.6.2024 11:00,96.0
16.6.2024 11:15,72.0
16.6.2024 11:30,36.0
16.6.2024 11:45,42.0
16.6.2024 12:00,72.0
16.6.2024 12:15,72.0
16.6.2024 12:30,30.0
16.6.2024 12:45,48.0
16.6.2024 13:00,24.0
16.6.2024 13:15,0.0
16.6.2024 13:30,0.0
16.6.2024 13:45,0.0
16.6.2024 14:00,0.0
16.6.2024 14:15,0.0
16.6.2024 14:30,0.0
16.6.2024 14:45,0.0
16.6.2024 15:00,0.0
16.6.2024 15:15,0.0
16.6.2024 15:30,0.0
16.6.2024 15:45,0.0
16.6.2024 16:00,0.0
16.6.2024 16:15,18.0
16.6.2024 16:30,36.0
16.6.2024 16:45,0.0
16.6.2024 17:00,6.0
16.6.2024 17:15,12.0
16.6.2024 17:30,48.0
16.6.2024 17:45,78.0
16.6.2024 18:00,114.0
16.6.2024 18:15,132.0
16.6.2024 18:30,156.0
16.6.2024 18:45,156.0
16.6.2024 19:00,156.0
16.6.2024 19:15,156.0
16.6.2024 19:30,240.0
16.6.2024 19:45,312.0
16.6.2024 20:00,474.0
16.6.2024 20:15,726.0
16.6.2024 20:30,858.0
16.6.2024 20:45,1632.0
16.6.2024 21:00,1716.0
16.6.2024 21:15,1722.0
16.6.2024 21:30,1752.0
16.6.2024 21:45,1932.0
16.6.2024 22:00,1638.0
16.6.2024 22:15,1092.0
16.6.2024 22:30,1020.0
16.6.2024 22:45,1056.0
16.6.2024 23:00,1068.0
16.6.2024 23:15,1134.0
16.6.2024 23:30,1512.0
16.6.2024 23:45,1848.0
17.6.2024 00:00,1866.0
17.6.2024 00:15,1782.0
17.6.2024 00:30,1800.0
17.6.2024 00:45,1830.0
17.6.2024 01:00,1680.0
17.6.2024 01:15,1524.0
17.6.2024 01:30,1398.0
17.6.2024 01:45,1386.0
17.6.2024 02:00,1356.0
17.6.2024 02:15,1530.0
17.6.2024 02:30,1374.0
17.6.2024 02:45,1260.0
17.6.2024 03:00,1332.0
17.6.2024 03:15,1530.0
17.6.2024 03:30,1512.0
17.6.2024 03:45,1392.0
17.6.2024 04:00,1656.0
17.6.2024 04:15,1920.0
17.6.2024 04:30,1716.0
17.6.2024 04:45,1530.0
17.6.2024 05:00,1584.0
17.6.2024 05:15,1848.0
17.6.2024 05:30,1740.0
17.6.2024 05:45,1368.0
17.6.2024 06:00,1440.0
17.6.2024 06:15,1422.0
17.6.2024 06:30,1632.0
17.6.2024 06:45,1446.0
17.6.2024 07:00,942.0
17.6.2024 07:15,804.0
17.6.2024 07:30,702.0
17.6.2024 07:45,636.0
17.6.2024 08:00,912.0
17.6.2024 08:15,1308.0
17.6.2024 08:30,1242.0
17.6.2024 08:45,1500.0
17.6.2024 09:00,1476.0
17.6.2024 09:15,1512.0
17.6.2024 09:30,1428.0
17.6.2024 09:45,1146.0
17.6.2024 10:00,984.0
17.6.2024 10:15,1218.0
17.6.2024 10:30,762.0
17.6.2024 10:45,510.0
17.6.2024 11:00,552.0
17.6.2024 11:15,408.0
17.6.2024 11:30,528.0
17.6.2024 11:45,666.0
17.6.2024 12:00,780.0
17.6.2024 12:15,834.0
17.6.2024 12:30,912.0
17.6.2024 12:45,1080.0
17.6.2024 13:00,906.0
17.6.2024 13:15,942.0
17.6.2024 13:30,1056.0
17.6.2024 13:45,864.0
17.6.2024 14:00,708.0
17.6.2024 14:15,612.0
17.6.2024 14:30,510.0
17.6.2024 14:45,846.0
17.6.2024 15:00,1122.0
17.6.2024 15:15,1116.0
17.6.2024 15:30,966.0
17.6.2024 15:45,1104.0
17.6.2024 16:00,1434.0
17.6.2024 16:15,1482.0
17.6.2024 16:30,1506.0
17.6.2024 16:45,1662.0
17.6.2024 17:00,1938.0
17.6.2024 17:15,1818.0
17.6.2024 17:30,1806.0
17.6.2024 17:45,1794.0
17.6.2024 18:00,1914.0
17.6.2024 18:15,1902.0
17.6.2024 18:30,1902.0
17.6.2024 18:45,1920.0
17.6.2024 19:00,1824.0
17.6.2024 19:15,1980.0
17.6.2024 19:30,1836.0
17.6.2024 19:45,1656.0
17.6.2024 20:00,1914.0
17.6.2024 20:15,1932.0
17.6.2024 20:30,1986.0
17.6.2024 20:45,1902.0
17.6.2024 21:00,1920.0
17.6.2024 21:15,1842.0
17.6.2024 21:30,2016.0
17.6.2024 21:45,1938.0
17.6.2024 22:00,1776.0
17.6.2024 22:15,1974.0
17.6.2024 22:30,1746.0
17.6.2024 22:45,1674.0
17.6.2024 23:00,1992.0
17.6.2024 23:15,1980.0
17.6.2024 23:30,1950.0
17.6.2024 23:45,1932.0
18.6.2024 00:00,1656.0
18.6.2024 00:15,1770.0
18.6.2024 00:30,1980.0
18.6.2024 00:45,1860.0
18.6.2024 01:00,1968.0
18.6.2024 01:15,1524.0
18.6.2024 01:30,1260.0
18.6.2024 01:45,1554.0
18.6.2024 02:00,1872.0
18.6.2024 02:15,1668.0
18.6.2024 02:30,1560.0
18.6.2024 02:45,1620.0
18.6.2024 03:00,1500.0
18.6.2024 03:15,1572.0
18.6.2024 03:30,1620.0
18.6.2024 03:45,1668.0
18.6.2024 04:00,1440.0
18.6.2024 04:15,1626.0
18.6.2024 04:30,1878.0
18.6.2024 04:45,1734.0
18.6.2024 05:00,1752.0
18.6.2024 05:15,1908.0
18.6.2024 05:30,1842.0
18.6.2024 05:45,1668.0
18.6.2024 06:00,1710.0
18.6.2024 06:15,1644.0
18.6.2024 06:30,1818.0
18.6.2024 06:45,1848.0
18.6.2024 07:00,1764.0
18.6.2024 07:15,1656.0
18.6.2024 07:30,1596.0
18.6.2024 07:45,1626.0
18.6.2024 08:00,1368.0
18.6.2024 08:15,1014.0
18.6.2024 08:30,1320.0
18.6.2024 08:45,1308.0
18.6.2024 09:00,1320.0
18.6.2024 09:15,1218.0
18.6.2024 09:30,1074.0
18.6.2024 09:45,1074.0
18.6.2024 10:00,1038.0
18.6.2024 10:15,864.0
18.6.2024 10:30,510.0
18.6.2024 10:45,498.0
18.6.2024 11:00,498.0
18.6.2024 11:15,624.0
18.6.2024 11:30,504.0
18.6.2024 11:45,612.0
18.6.2024 12:00,486.0
18.6.2024 12:15,618.0
18.6.2024 12:30,936.0
18.6.2024 12:45,966.0
18.6.2024 13:00,1044.0
18.6.2024 13:15,1086.0
18.6.2024 13:30,996.0
18.6.2024 13:45,954.0
18.6.2024 14:00,972.0
18.6.2024 14:15,816.0
18.6.2024 14:30,930.0
18.6.2024 14:45,990.0
18.6.2024 15:00,1038.0
18.6.2024 15:15,1068.0
18.6.2024 15:30,1080.0
18.6.2024 15:45,1254.0
18.6.2024 16:00,972.0
18.6.2024 16:15,1260.0
18.6.2024 16:30,1620.0
18.6.2024 16:45,1584.0
18.6.2024 17:00,1680.0
18.6.2024 17:15,1704.0
18.6.2024 17:30,1722.0
18.6.2024 17:45,1830.0
18.6.2024 18:00,1836.0
18.6.2024 18:15,1866.0
18.6.2024 18:30,1896.0
18.6.2024 18:45,1932.0
18.6.2024 19:00,1842.0
18.6.2024 19:15,1860.0
18.6.2024 19:30,1740.0
18.6.2024 19:45,1872.0
18.6.2024 20:00,1782.0
18.6.2024 20:15,1932.0
18.6.2024 20:30,2052.0
18.6.2024 20:45,2022.0
18.6.2024 21:00,1956.0
18.6.2024 21:15,2034.0
18.6.2024 21:30,1986.0
18.6.2024 21:45,1908.0
18.6.2024 22:00,1992.0
18.6.2024 22:15,1908.0
18.6.2024 22:30,1914.0
18.6.2024 22:45,1896.0
18.6.2024 23:00,1866.0
18.6.2024 23:15,1632.0
18.6.2024 23:30,2028.0
18.6.2024 23:45,1752.0
19.6.2024 00:00,1536.0
19.6.2024 00:15,1704.0
19.6.2024 00:30,1920.0
19.6.2024 00:45,1812.0
19.6.2024 01:00,1836.0
19.6.2024 01:15,1968.0
19.6.2024 01:30,1932.0
19.6.2024 01:45,1776.0
19.6.2024 02:00,1602.0
19.6.2024 02:15,1860.0
19.6.2024 02:30,1848.0
19.6.2024 02:45,1824.0
19.6.2024 03:00,1746.0
19.6.2024 03:15,1962.0
19.6.2024 03:30,1992.0
19.6.2024 03:45,1968.0
19.6.2024 04:00,1842.0
19.6.2024 04:15,1884.0
19.6.2024 04:30,1902.0
19.6.2024 04:45,1884.0
19.6.2024 05:00,1650.0
19.6.2024 05:15,1734.0
19.6.2024 05:30,1584.0
19.6.2024 05:45,1590.0
19.6.2024 06:00,1746.0
19.6.2024 06:15,1572.0
19.6.2024 06:30,1770.0
19.6.2024 06:45,1728.0
19.6.2024 07:00,1548.0
19.6.2024 07:15,1188.0
19.6.2024 07:30,1440.0
19.6.2024 07:45,1464.0
19.6.2024 08:00,1110.0
19.6.2024 08:15,768.0
19.6.2024 08:30,984.0
19.6.2024 08:45,1296.0
19.6.2024 09:00,1152.0
19.6.2024 09:15,1182.0
19.6.2024 09:30,1176.0
19.6.2024 09:45,1128.0
19.6.2024 10:00,822.0
19.6.2024 10:15,984.0
19.6.2024 10:30,1242.0
19.6.2024 10:45,828.0
19.6.2024 11:00,744.0
19.6.2024 11:15,840.0
19.6.2024 11:30,984.0
19.6.2024 11:45,930.0
19.6.2024 12:00,648.0
19.6.2024 12:15,582.0
19.6.2024 12:30,426.0
19.6.2024 12:45,150.0
19.6.2024 13:00,156.0
19.6.2024 13:15,408.0
19.6.2024 13:30,492.0
19.6.2024 13:45,576.0
19.6.2024 14:00,486.0
19.6.2024 14:15,642.0
19.6.2024 14:30,654.0
19.6.2024 14:45,684.0
19.6.2024 15:00,696.0
19.6.2024 15:15,894.0
19.6.2024 15:30,870.0
19.6.2024 15:45,876.0
19.6.2024 16:00,1110.0
19.6.2024 16:15,1350.0
19.6.2024 16:30,1464.0
19.6.2024 16:45,1434.0
19.6.2024 17:00,1650.0
19.6.2024 17:15,1488.0
19.6.2024 17:30,1620.0
19.6.2024 17:45,1866.0
19.6.2024 18:00,1830.0
19.6.2024 18:15,1884.0
19.6.2024 18:30,1872.0
19.6.2024 18:45,1812.0
19.6.2024 19:00,1878.0
19.6.2024 19:15,1938.0
19.6.2024 19:30,1836.0
19.6.2024 19:45,1914.0
19.6.2024 20:00,1896.0
19.6.2024 20:15,1956.0
19.6.2024 20:30,1878.0
19.6.2024 20:45,1956.0
19.6.2024 21:00,2010.0
19.6.2024 21:15,1896.0
19.6.2024 21:30,2022.0
19.6.2024 21:45,1878.0
19.6.2024 22:00,1896.0
19.6.2024 22:15,1860.0
19.6.2024 22:30,1866.0
19.6.2024 22:45,1770.0
19.6.2024 23:00,2004.0
19.6.2024 23:15,1836.0
19.6.2024 23:30,1836.0
19.6.2024 23:45,1926.0
20.6.2024 00:00,1932.0
20.6.2024 00:15,1848.0
20.6.2024 00:30,1872.0
20.6.2024 00:45,1980.0
20.6.2024 01:00,1866.0
20.6.2024 01:15,1848.0
20.6.2024 01:30,1800.0
20.6.2024 01:45,1722.0
20.6.2024 02:00,1398.0
20.6.2024 02:15,1782.0
20.6.2024 02:30,1710.0
20.6.2024 02:45,1704.0
20.6.2024 03:00,1866.0
20.6.2024 03:15,1872.0
20.6.2024 03:30,1860.0
20.6.2024 03:45,1860.0
20.6.2024 04:00,1824.0
20.6.2024 04:15,1770.0
20.6.2024 04:30,1764.0
20.6.2024 04:45,1818.0
20.6.2024 05:00,1830.0
20.6.2024 05:15,1872.0
20.6.2024 05:30,1788.0
20.6.2024 05:45,1884.0
20.6.2024 06:00,1668.0
20.6.2024 06:15,1584.0
20.6.2024 06:30,1608.0
20.6.2024 06:45,1656.0
20.6.2024 07:00,1470.0
20.6.2024 07:15,1470.0
20.6.2024 07:30,1440.0
20.6.2024 07:45,1344.0
20.6.2024 08:00,1212.0
20.6.2024 08:15,1140.0
20.6.2024 08:30,1284.0
20.6.2024 08:45,1134.0
20.6.2024 09:00,1146.0
20.6.2024 09:15,1050.0
20.6.2024 09:30,774.0
20.6.2024 09:45,876.0
20.6.2024 10:00,960.0
20.6.2024 10:15,954.0
20.6.2024 10:30,972.0
20.6.2024 10:45,912.0
20.6.2024 11:00,840.0
20.6.2024 11:15,780.0
20.6.2024 11:30,822.0
20.6.2024 11:45,864.0
20.6.2024 12:00,744.0
20.6.2024 12:15,828.0
20.6.2024 12:30,840.0
20.6.2024 12:45,828.0
20.6.2024 13:00,924.0
20.6.2024 13:15,768.0
20.6.2024 13:30,714.0
20.6.2024 13:45,756.0
20.6.2024 14:00,792.0
20.6.2024 14:15,732.0
20.6.2024 14:30,882.0
20.6.2024 14:45,1080.0
20.6.2024 15:00,1140.0
20.6.2024 15:15,1086.0
20.6.2024 15:30,960.0
20.6.2024 15:45,924.0
20.6.2024 16:00,1212.0
20.6.2024 16:15,984.0
20.6.2024 16:30,1074.0
20.6.2024 16:45,1290.0
20.6.2024 17:00,1458.0
20.6.2024 17:15,1722.0
20.6.2024 17:30,1650.0
20.6.2024 17:45,1782.0
20.6.2024 18:00,1932.0
20.6.2024 18:15,1878.0
20.6.2024 18:30,1926.0
20.6.2024 18:45,1848.0
20.6.2024 19:00,1752.0
20.6.2024 19:15,1902.0
20.6.2024 19:30,1728.0
20.6.2024 19:45,1668.0
20.6.2024 20:00,90.0
20.6.2024 20:15,432.0
20.6.2024 20:30,1446.0
20.6.2024 20:45,1476.0
20.6.2024 21:00,1596.0
20.6.2024 21:15,1860.0
20.6.2024 21:30,1824.0
20.6.2024 21:45,1794.0
20.6.2024 22:00,1956.0
20.6.2024 22:15,1932.0
20.6.2024 22:30,1824.0
20.6.2024 22:45,1860.0
20.6.2024 23:00,1866.0
20.6.2024 23:15,1980.0
20.6.2024 23:30,1938.0
20.6.2024 23:45,1878.0
21.6.2024 00:00,1512.0
21.6.2024 00:15,1638.0
21.6.2024 00:30,1596.0
21.6.2024 00:45,1488.0
21.6.2024 01:00,1740.0
21.6.2024 01:15,1818.0
21.6.2024 01:30,1614.0
21.6.2024 01:45,1704.0
21.6.2024 02:00,1752.0
21.6.2024 02:15,1806.0
21.6.2024 02:30,1848.0
21.6.2024 02:45,1824.0
21.6.2024 03:00,1836.0
21.6.2024 03:15,1530.0
21.6.2024 03:30,1548.0
21.6.2024 03:45,1788.0
21.6.2024 04:00,1830.0
21.6.2024 04:15,1830.0
21.6.2024 04:30,1704.0
21.6.2024 04:45,1824.0
21.6.2024 05:00,1740.0
21.6.2024 05:15,1602.0
21.6.2024 05:30,1602.0
21.6.2024 05:45,1632.0
21.6.2024 06:00,1278.0
21.6.2024 06:15,1008.0
21.6.2024 06:30,708.0
21.6.2024 06:45,570.0
21.6.2024 07:00,468.0
21.6.2024 07:15,342.0
21.6.2024 07:30,96.0
21.6.2024 07:45,72.0
21.6.2024 08:00,0.0
21.6.2024 08:15,0.0
21.6.2024 08:30,18.0
21.6.2024 08:45,0.0
21.6.2024 09:00,0.0
21.6.2024 09:15,0.0
21.6.2024 09:30,0.0
21.6.2024 09:45,192.0
21.6.2024 10:00,144.0
21.6.2024 10:15,144.0
21.6.2024 10:30,228.0
21.6.2024 10:45,198.0
21.6.2024 11:00,96.0
21.6.2024 11:15,72.0
21.6.2024 11:30,156.0
21.6.2024 11:45,252.0
21.6.2024 12:00,240.0
21.6.2024 12:15,234.0
21.6.2024 12:30,234.0
21.6.2024 12:45,240.0
21.6.2024 13:00,174.0
21.6.2024 13:15,180.0
21.6.2024 13:30,186.0
21.6.2024 13:45,192.0
21.6.2024 14:00,192.0
21.6.2024 14:15,168.0
21.6.2024 14:30,174.0
21.6.2024 14:45,186.0
21.6.2024 15:00,162.0
21.6.2024 15:15,156.0
21.6.2024 15:30,168.0
21.6.2024 15:45,138.0
21.6.2024 16:00,132.0
21.6.2024 16:15,168.0
21.6.2024 16:30,144.0
21.6.2024 16:45,138.0
21.6.2024 17:00,84.0
21.6.2024 17:15,84.0
21.6.2024 17:30,84.0
21.6.2024 17:45,78.0
21.6.2024 18:00,78.0
21.6.2024 18:15,96.0
21.6.2024 18:30,108.0
21.6.2024 18:45,102.0
21.6.2024 19:00,108.0
21.6.2024 19:15,108.0
21.6.2024 19:30,114.0
21.6.2024 19:45,108.0
21.6.2024 20:00,108.0
21.6.2024 20:15,108.0
21.6.2024 20:30,108.0
21.6.2024 20:45,114.0
21.6.2024 21:00,108.0
21.6.2024 21:15,114.0
21.6.2024 21:30,114.0
21.6.2024 21:45,114.0
21.6.2024 22:00,108.0
21.6.2024 22:15,108.0
21.6.2024 22:30,114.0
21.6.2024 22:45,108.0
21.6.2024 23:00,114.0
21.6.2024 23:15,108.0
21.6.2024 23:30,114.0
21.6.2024 23:45,120.0
22.6.2024 00:00,120.0
22.6.2024 00:15,90.0
22.6.2024 00:30,84.0
22.6.2024 00:45,84.0
22.6.2024 01:00,84.0
22.6.2024 01:15,84.0
22.6.2024 01:30,60.0
22.6.2024 01:45,60.0
22.6.2024 02:00,54.0
22.6.2024 02:15,72.0
22.6.2024 02:30,78.0
22.6.2024 02:45,84.0
22.6.2024 03:00,78.0
22.6.2024 03:15,78.0
22.6.2024 03:30,78.0
22.6.2024 03:45,78.0
22.6.2024 04:00,78.0
22.6.2024 04:15,78.0
22.6.2024 04:30,78.0
22.6.2024 04:45,72.0
22.6.2024 05:00,72.0
22.6.2024 05:15,72.0
22.6.2024 05:30,72.0
22.6.2024 05:45,72.0
22.6.2024 06:00,72.0
22.6.2024 06:15,72.0
22.6.2024 06:30,72.0
22.6.2024 06:45,72.0
22.6.2024 07:00,72.0
22.6.2024 07:15,72.0
22.6.2024 07:30,72.0
22.6.2024 07:45,72.0
22.6.2024 08:00,78.0
22.6.2024 08:15,84.0
22.6.2024 08:30,114.0
22.6.2024 08:45,126.0
22.6.2024 09:00,108.0
22.6.2024 09:15,108.0
22.6.2024 09:30,120.0
22.6.2024 09:45,144.0
22.6.2024 10:00,144.0
22.6.2024 10:15,144.0
22.6.2024 10:30,120.0
22.6.2024 10:45,162.0
22.6.2024 11:00,114.0
22.6.2024 11:15,120.0
22.6.2024 11:30,168.0
22.6.2024 11:45,96.0
22.6.2024 12:00,84.0
22.6.2024 12:15,84.0
22.6.2024 12:30,84.0
22.6.2024 12:45,84.0
22.6.2024 13:00,90.0
22.6.2024 13:15,126.0
22.6.2024 13:30,192.0
22.6.2024 13:45,198.0
22.6.2024 14:00,180.0
22.6.2024 14:15,156.0
22.6.2024 14:30,162.0
22.6.2024 14:45,138.0
22.6.2024 15:00,132.0
22.6.2024 15:15,180.0
22.6.2024 15:30,162.0
22.6.2024 15:45,156.0
22.6.2024 16:00,180.0
22.6.2024 16:15,144.0
22.6.2024 16:30,132.0
22.6.2024 16:45,108.0
22.6.2024 17:00,108.0
22.6.2024 17:15,108.0
22.6.2024 17:30,114.0
22.6.2024 17:45,114.0
22.6.2024 18:00,114.0
22.6.2024 18:15,108.0
22.6.2024 18:30,102.0
22.6.2024 18:45,108.0
22.6.2024 19:00,108.0
22.6.2024 19:15,102.0
22.6.2024 19:30,96.0
22.6.2024 19:45,78.0
22.6.2024 20:00,84.0
22.6.2024 20:15,84.0
22.6.2024 20:30,78.0
22.6.2024 20:45,84.0
22.6.2024 21:00,84.0
22.6.2024 21:15,84.0
22.6.2024 21:30,90.0
22.6.2024 21:45,90.0
22.6.2024 22:00,108.0
22.6.2024 22:15,108.0
22.6.2024 22:30,102.0
22.6.2024 22:45,90.0
22.6.2024 23:00,90.0
22.6.2024 23:15,96.0
22.6.2024 23:30,96.0
22.6.2024 23:45,96.0
23.6.2024 00:00,96.0
23.6.2024 00:15,96.0
23.6.2024 00:30,90.0
23.6.2024 00:45,90.0
23.6.2024 01:00,90.0
23.6.2024 01:15,108.0
23.6.2024 01:30,120.0
23.6.2024 01:45,126.0
23.6.2024 02:00,126.0
23.6.2024 02:15,144.0
23.6.2024 02:30,144.0
23.6.2024 02:45,144.0
23.6.2024 03:00,150.0
23.6.2024 03:15,144.0
23.6.2024 03:30,144.0
23.6.2024 03:45,144.0
23.6.2024 04:00,144.0
23.6.2024 04:15,138.0
23.6.2024 04:30,138.0
23.6.2024 04:45,132.0
23.6.2024 05:00,138.0
23.6.2024 05:15,132.0
23.6.2024 05:30,132.0
23.6.2024 05:45,150.0
23.6.2024 06:00,204.0
23.6.2024 06:15,252.0
23.6.2024 06:30,294.0
23.6.2024 06:45,246.0
23.6.2024 07:00,258.0
23.6.2024 07:15,348.0
23.6.2024 07:30,882.0
23.6.2024 07:45,948.0
23.6.2024 08:00,1308.0
23.6.2024 08:15,1476.0
23.6.2024 08:30,1470.0
23.6.2024 08:45,1554.0
23.6.2024 09:00,1734.0
23.6.2024 09:15,1848.0
23.6.2024 09:30,1800.0
23.6.2024 09:45,1758.0
23.6.2024 10:00,1854.0
23.6.2024 10:15,1728.0
23.6.2024 10:30,1740.0
23.6.2024 10:45,1704.0
23.6.2024 11:00,1800.0
23.6.2024 11:15,1872.0
23.6.2024 11:30,1824.0
23.6.2024 11:45,1764.0
23.6.2024 12:00,1776.0
23.6.2024 12:15,1584.0
23.6.2024 12:30,1812.0
23.6.2024 12:45,1902.0
23.6.2024 13:00,1776.0
23.6.2024 13:15,1830.0
23.6.2024 13:30,1890.0
23.6.2024 13:45,1848.0
23.6.2024 14:00,1830.0
23.6.2024 14:15,1944.0
23.6.2024 14:30,1788.0
23.6.2024 14:45,1728.0
23.6.2024 15:00,1416.0
23.6.2024 15:15,1626.0
23.6.2024 15:30,1518.0
23.6.2024 15:45,1554.0
23.6.2024 16:00,1572.0
23.6.2024 16:15,1644.0
23.6.2024 16:30,1452.0
23.6.2024 16:45,1608.0
23.6.2024 17:00,1476.0
23.6.2024 17:15,1596.0
23.6.2024 17:30,1536.0
23.6.2024 17:45,1692.0
23.6.2024 18:00,1872.0
23.6.2024 18:15,1866.0
23.6.2024 18:30,1932.0
23.6.2024 18:45,1794.0
23.6.2024 19:00,1872.0
23.6.2024 19:15,1842.0
23.6.2024 19:30,2016.0
23.6.2024 19:45,1980.0
23.6.2024 20:00,1944.0
23.6.2024 20:15,1842.0
23.6.2024 20:30,1872.0
23.6.2024 20:45,1896.0
23.6.2024 21:00,1734.0
23.6.2024 21:15,1548.0
23.6.2024 21:30,1632.0
23.6.2024 21:45,1752.0
23.6.2024 22:00,1854.0
23.6.2024 22:15,1716.0
23.6.2024 22:30,1728.0
23.6.2024 22:45,1782.0
23.6.2024 23:00,1788.0
23.6.2024 23:15,1584.0
23.6.2024 23:30,1584.0
23.6.2024 23:45,1740.0
24.6.2024 00:00,1842.0
24.6.2024 00:15,1704.0
24.6.2024 00:30,1812.0
24.6.2024 00:45,1932.0
24.6.2024 01:00,1728.0
24.6.2024 01:15,1860.0
24.6.2024 01:30,1782.0
24.6.2024 01:45,1674.0
24.6.2024 02:00,1392.0
24.6.2024 02:15,1740.0
24.6.2024 02:30,1836.0
24.6.2024 02:45,1842.0
24.6.2024 03:00,1860.0
24.6.2024 03:15,1794.0
24.6.2024 03:30,1644.0
24.6.2024 03:45,1440.0
24.6.2024 04:00,1422.0
24.6.2024 04:15,1374.0
24.6.2024 04:30,1332.0
24.6.2024 04:45,1524.0
24.6.2024 05:00,1500.0
24.6.2024 05:15,1752.0
24.6.2024 05:30,1698.0
24.6.2024 05:45,1728.0
24.6.2024 06:00,1632.0
24.6.2024 06:15,1794.0
24.6.2024 06:30,1746.0
24.6.2024 06:45,1494.0
24.6.2024 07:00,1458.0
24.6.2024 07:15,1746.0
24.6.2024 07:30,1854.0
24.6.2024 07:45,1872.0
24.6.2024 08:00,1650.0
24.6.2024 08:15,1740.0
24.6.2024 08:30,1788.0
24.6.2024 08:45,1392.0
24.6.2024 09:00,1170.0
24.6.2024 09:15,1242.0
24.6.2024 09:30,1056.0
24.6.2024 09:45,1056.0
24.6.2024 10:00,1290.0
24.6.2024 10:15,1212.0
24.6.2024 10:30,1086.0
24.6.2024 10:45,1026.0
24.6.2024 11:00,708.0
24.6.2024 11:15,942.0
24.6.2024 11:30,930.0
24.6.2024 11:45,1230.0
24.6.2024 12:00,984.0
24.6.2024 12:15,948.0
24.6.2024 12:30,864.0
24.6.2024 12:45,936.0
24.6.2024 13:00,1140.0
24.6.2024 13:15,1146.0
24.6.2024 13:30,1116.0
24.6.2024 13:45,1146.0
24.6.2024 14:00,1284.0
24.6.2024 14:15,1350.0
24.6.2024 14:30,1392.0
24.6.2024 14:45,1512.0
24.6.2024 15:00,1332.0
24.6.2024 15:15,1200.0
24.6.2024 15:30,1350.0
24.6.2024 15:45,1410.0
24.6.2024 16:00,1038.0
24.6.2024 16:15,1392.0
24.6.2024 16:30,1464.0
24.6.2024 16:45,1608.0
24.6.2024 17:00,1344.0
24.6.2024 17:15,1338.0
24.6.2024 17:30,1362.0
24.6.2024 17:45,1536.0
24.6.2024 18:00,1758.0
24.6.2024 18:15,1656.0
24.6.2024 18:30,1638.0
24.6.2024 18:45,1866.0
24.6.2024 19:00,1866.0
24.6.2024 19:15,1872.0
24.6.2024 19:30,1842.0
24.6.2024 19:45,1908.0
24.6.2024 20:00,1596.0
24.6.2024 20:15,1476.0
24.6.2024 20:30,1524.0
24.6.2024 20:45,1740.0
24.6.2024 21:00,1764.0
24.6.2024 21:15,1950.0
24.6.2024 21:30,1866.0
24.6.2024 21:45,1812.0
24.6.2024 22:00,1920.0
24.6.2024 22:15,1812.0
24.6.2024 22:30,1560.0
24.6.2024 22:45,1392.0
24.6.2024 23:00,1560.0
24.6.2024 23:15,1848.0
24.6.2024 23:30,1986.0
24.6.2024 23:45,1902.0
25.6.2024 00:00,1806.0
25.6.2024 00:15,1884.0
25.6.2024 00:30,1728.0
25.6.2024 00:45,1464.0
25.6.2024 01:00,1812.0
25.6.2024 01:15,1908.0
25.6.2024 01:30,1776.0
25.6.2024 01:45,1584.0
25.6.2024 02:00,1728.0
25.6.2024 02:15,1878.0
25.6.2024 02:30,1722.0
25.6.2024 02:45,1596.0
25.6.2024 03:00,1644.0
25.6.2024 03:15,1464.0
25.6.2024 03:30,1524.0
25.6.2024 03:45,1542.0
25.6.2024 04:00,1596.0
25.6.2024 04:15,1464.0
25.6.2024 04:30,1584.0
25.6.2024 04:45,1776.0
25.6.2024 05:00,1806.0
25.6.2024 05:15,1902.0
25.6.2024 05:30,2016.0
25.6.2024 05:45,1968.0
25.6.2024 06:00,1938.0
25.6.2024 06:15,1848.0
25.6.2024 06:30,1728.0
25.6.2024 06:45,1626.0
25.6.2024 07:00,1578.0
25.6.2024 07:15,1254.0
25.6.2024 07:30,1338.0
25.6.2024 07:45,1524.0
25.6.2024 08:00,1428.0
25.6.2024 08:15,1128.0
25.6.2024 08:30,1368.0
25.6.2024 08:45,1344.0
25.6.2024 09:00,1344.0
25.6.2024 09:15,936.0
25.6.2024 09:30,1092.0
25.6.2024 09:45,1122.0
25.6.2024 10:00,1200.0
25.6.2024 10:15,858.0
25.6.2024 10:30,1032.0
25.6.2024 10:45,1128.0
25.6.2024 11:00,1092.0
25.6.2024 11:15,1044.0
25.6.2024 11:30,1464.0
25.6.2024 11:45,1290.0
25.6.2024 12:00,1056.0
25.6.2024 12:15,906.0
25.6.2024 12:30,936.0
25.6.2024 12:45,480.0
25.6.2024 13:00,270.0
25.6.2024 13:15,444.0
25.6.2024 13:30,318.0
25.6.2024 13:45,882.0
25.6.2024 14:00,906.0
25.6.2024 14:15,1116.0
25.6.2024 14:30,1350.0
25.6.2024 14:45,1374.0
25.6.2024 15:00,1254.0
25.6.2024 15:15,1452.0
25.6.2024 15:30,1782.0
25.6.2024 15:45,1668.0
25.6.2024 16:00,1656.0
25.6.2024 16:15,1464.0
25.6.2024 16:30,1428.0
25.6.2024 16:45,1596.0
25.6.2024 17:00,1752.0
25.6.2024 17:15,1752.0
25.6.2024 17:30,1812.0
25.6.2024 17:45,1878.0
25.6.2024 18:00,1860.0
25.6.2024 18:15,1776.0
25.6.2024 18:30,1800.0
25.6.2024 18:45,1722.0
25.6.2024 19:00,1464.0
25.6.2024 19:15,1758.0
25.6.2024 19:30,1932.0
25.6.2024 19:45,1668.0
25.6.2024 20:00,1554.0
25.6.2024 20:15,1548.0
25.6.2024 20:30,1542.0
25.6.2024 20:45,1566.0
25.6.2024 21:00,1746.0
25.6.2024 21:15,1884.0
25.6.2024 21:30,1950.0
25.6.2024 21:45,1920.0
25.6.2024 22:00,1950.0
25.6.2024 22:15,1800.0
25.6.2024 22:30,1296.0
25.6.2024 22:45,1020.0
25.6.2024 23:00,1020.0
25.6.2024 23:15,996.0
25.6.2024 23:30,1020.0
25.6.2024 23:45,1008.0
26.6.2024 00:00,1020.0
26.6.2024 00:15,1032.0
26.6.2024 00:30,984.0
26.6.2024 00:45,1002.0
26.6.2024 01:00,984.0
26.6.2024 01:15,996.0
26.6.2024 01:30,966.0
26.6.2024 01:45,948.0
26.6.2024 02:00,960.0
26.6.2024 02:15,978.0
26.6.2024 02:30,1008.0
26.6.2024 02:45,990.0
26.6.2024 03:00,966.0
26.6.2024 03:15,960.0
26.6.2024 03:30,960.0
26.6.2024 03:45,948.0
26.6.2024 04:00,948.0
26.6.2024 04:15,942.0
26.6.2024 04:30,960.0
26.6.2024 04:45,948.0
26.6.2024 05:00,948.0
26.6.2024 05:15,960.0
26.6.2024 05:30,960.0
26.6.2024 05:45,942.0
26.6.2024 06:00,924.0
26.6.2024 06:15,888.0
26.6.2024 06:30,816.0
26.6.2024 06:45,780.0
26.6.2024 07:00,666.0
26.6.2024 07:15,480.0
26.6.2024 07:30,318.0
26.6.2024 07:45,114.0
26.6.2024 08:00,0.0
26.6.2024 08:15,0.0
26.6.2024 08:30,12.0
26.6.2024 08:45,18.0
26.6.2024 09:00,12.0
26.6.2024 09:15,12.0
26.6.2024 09:30,6.0
26.6.2024 09:45,6.0
26.6.2024 10:00,12.0
26.6.2024 10:15,18.0
26.6.2024 10:30,18.0
26.6.2024 10:45,12.0
26.6.2024 11:00,6.0
26.6.2024 11:15,6.0
26.6.2024 11:30,6.0
26.6.2024 11:45,0.0
26.6.2024 12:00,18.0
26.6.2024 12:15,6.0
26.6.2024 12:30,0.0
26.6.2024 12:45,0.0
26.6.2024 13:00,6.0
26.6.2024 13:15,0.0
26.6.2024 13:30,12.0
26.6.2024 13:45,6.0
26.6.2024 14:00,12.0
26.6.2024 14:15,12.0
26.6.2024 14:30,6.0
26.6.2024 14:45,12.0
26.6.2024 15:00,60.0
26.6.2024 15:15,0.0
26.6.2024 15:30,0.0
26.6.2024 15:45,0.0
26.6.2024 16:00,0.0
26.6.2024 16:15,6.0
26.6.2024 16:30,36.0
26.6.2024 16:45,6.0
26.6.2024 17:00,12.0
26.6.2024 17:15,48.0
26.6.2024 17:30,54.0
26.6.2024 17:45,66.0
26.6.2024 18:00,66.0
26.6.2024 18:15,66.0
26.6.2024 18:30,72.0
26.6.2024 18:45,78.0
26.6.2024 19:00,72.0
26.6.2024 19:15,78.0
26.6.2024 19:30,78.0
26.6.2024 19:45,78.0
26.6.2024 20:00,78.0
26.6.2024 20:15,78.0
26.6.2024 20:30,72.0
26.6.2024 20:45,78.0
26.6.2024 21:00,78.0
26.6.2024 21:15,72.0
26.6.2024 21:30,78.0
26.6.2024 21:45,72.0
26.6.2024 22:00,78.0
26.6.2024 22:15,72.0
26.6.2024 22:30,78.0
26.6.2024 22:45,84.0
26.6.2024 23:00,84.0
26.6.2024 23:15,84.0
26.6.2024 23:30,84.0
26.6.2024 23:45,84.0
27.6.2024 00:00,84.0
27.6.2024 00:15,84.0
27.6.2024 00:30,90.0
27.6.2024 00:45,84.0
27.6.2024 01:00,90.0
27.6.2024 01:15,78.0
27.6.2024 01:30,60.0
27.6.2024 01:45,54.0
27.6.2024 02:00,54.0
27.6.2024 02:15,72.0
27.6.2024 02:30,78.0
27.6.2024 02:45,78.0
27.6.2024 03:00,78.0
27.6.2024 03:15,78.0
27.6.2024 03:30,78.0
27.6.2024 03:45,78.0
27.6.2024 04:00,84.0
27.6.2024 04:15,78.0
27.6.2024 04:30,72.0
27.6.2024 04:45,78.0
27.6.2024 05:00,78.0
27.6.2024 05:15,72.0
27.6.2024 05:30,72.0
27.6.2024 05:45,66.0
27.6.2024 06:00,66.0
27.6.2024 06:15,54.0
27.6.2024 06:30,24.0
27.6.2024 06:45,0.0
27.6.2024 07:00,6.0
27.6.2024 07:15,0.0
27.6.2024 07:30,0.0
27.6.2024 07:45,0.0
27.6.2024 08:00,0.0
27.6.2024 08:15,0.0
27.6.2024 08:30,12.0
27.6.2024 08:45,6.0
27.6.2024 09:00,6.0
27.6.2024 09:15,6.0
27.6.2024 09:30,0.0
27.6.2024 09:45,0.0
27.6.2024 10:00,0.0
27.6.2024 10:15,6.0
27.6.2024 10:30,0.0
27.6.2024 10:45,0.0
27.6.2024 11:00,0.0
27.6.2024 11:15,12.0
27.6.2024 11:30,12.0
27.6.2024 11:45,6.0
27.6.2024 12:00,0.0
27.6.2024 12:15,0.0
27.6.2024 12:30,0.0
27.6.2024 12:45,0.0
27.6.2024 13:00,0.0
27.6.2024 13:15,0.0
27.6.2024 13:30,0.0
27.6.2024 13:45,0.0
27.6.2024 14:00,0.0
27.6.2024 14:15,0.0
27.6.2024 14:30,6.0
27.6.2024 14:45,12.0
27.6.2024 15:00,6.0
27.6.2024 15:15,24.0
27.6.2024 15:30,84.0
27.6.2024 15:45,78.0
27.6.2024 16:00,30.0
27.6.2024 16:15,12.0
27.6.2024 16:30,42.0
27.6.2024 16:45,30.0
27.6.2024 17:00,12.0
27.6.2024 17:15,18.0
27.6.2024 17:30,48.0
27.6.2024 17:45,48.0
27.6.2024 18:00,48.0
27.6.2024 18:15,54.0
27.6.2024 18:30,66.0
27.6.2024 18:45,72.0
27.6.2024 19:00,72.0
27.6.2024 19:15,72.0
27.6.2024 19:30,78.0
27.6.2024 19:45,78.0
27.6.2024 20:00,78.0
27.6.2024 20:15,72.0
27.6.2024 20:30,78.0
27.6.2024 20:45,78.0
27.6.2024 21:00,84.0
27.6.2024 21:15,84.0
27.6.2024 21:30,84.0
27.6.2024 21:45,84.0
27.6.2024 22:00,84.0
27.6.2024 22:15,78.0
27.6.2024 22:30,84.0
27.6.2024 22:45,84.0
27.6.2024 23:00,84.0
27.6.2024 23:15,84.0
27.6.2024 23:30,84.0
27.6.2024 23:45,90.0
28.6.2024 00:00,90.0
28.6.2024 00:15,90.0
28.6.2024 00:30,90.0
28.6.2024 00:45,90.0
28.6.2024 01:00,90.0
28.6.2024 01:15,84.0
28.6.2024 01:30,60.0
28.6.2024 01:45,60.0
28.6.2024 02:00,60.0
28.6.2024 02:15,72.0
28.6.2024 02:30,84.0
28.6.2024 02:45,84.0
28.6.2024 03:00,84.0
28.6.2024 03:15,78.0
28.6.2024 03:30,84.0
28.6.2024 03:45,84.0
28.6.2024 04:00,78.0
28.6.2024 04:15,78.0
28.6.2024 04:30,78.0
28.6.2024 04:45,72.0
28.6.2024 05:00,72.0
28.6.2024 05:15,66.0
28.6.2024 05:30,72.0
28.6.2024 05:45,60.0
28.6.2024 06:00,60.0
28.6.2024 06:15,54.0
28.6.2024 06:30,6.0
28.6.2024 06:45,0.0
28.6.2024 07:00,0.0
28.6.2024 07:15,6.0
28.6.2024 07:30,0.0
28.6.2024 07:45,0.0
28.6.2024 08:00,0.0
28.6.2024 08:15,0.0
28.6.2024 08:30,0.0
28.6.2024 08:45,0.0
28.6.2024 09:00,0.0
28.6.2024 09:15,0.0
28.6.2024 09:30,0.0
28.6.2024 09:45,0.0
28.6.2024 10:00,0.0
28.6.2024 10:15,0.0
28.6.2024 10:30,0.0
28.6.2024 10:45,0.0
28.6.2024 11:00,0.0
28.6.2024 11:15,0.0
28.6.2024 11:30,0.0
28.6.2024 11:45,6.0
28.6.2024 12:00,0.0
28.6.2024 12:15,0.0
28.6.2024 12:30,0.0
28.6.2024 12:45,0.0
28.6.2024 13:00,0.0
28.6.2024 13:15,0.0
28.6.2024 13:30,12.0
28.6.2024 13:45,6.0
28.6.2024 14:00,0.0
28.6.2024 14:15,12.0
28.6.2024 14:30,0.0
28.6.2024 14:45,12.0
28.6.2024 15:00,18.0
28.6.2024 15:15,24.0
28.6.2024 15:30,0.0
28.6.2024 15:45,12.0
28.6.2024 16:00,6.0
28.6.2024 16:15,6.0
28.6.2024 16:30,0.0
28.6.2024 16:45,6.0
28.6.2024 17:00,0.0
28.6.2024 17:15,6.0
28.6.2024 17:30,0.0
28.6.2024 17:45,12.0
28.6.2024 18:00,42.0
28.6.2024 18:15,60.0
28.6.2024 18:30,72.0
28.6.2024 18:45,72.0
28.6.2024 19:00,78.0
28.6.2024 19:15,78.0
28.6.2024 19:30,78.0
28.6.2024 19:45,78.0
28.6.2024 20:00,78.0
28.6.2024 20:15,78.0
28.6.2024 20:30,78.0
28.6.2024 20:45,78.0
28.6.2024 21:00,78.0
28.6.2024 21:15,78.0
28.6.2024 21:30,78.0
28.6.2024 21:45,78.0
28.6.2024 22:00,78.0
28.6.2024 22:15,78.0
28.6.2024 22:30,84.0
28.6.2024 22:45,84.0
28.6.2024 23:00,84.0
28.6.2024 23:15,84.0
28.6.2024 23:30,84.0
28.6.2024 23:45,90.0
29.6.2024 00:00,90.0
29.6.2024 00:15,90.0
29.6.2024 00:30,90.0
29.6.2024 00:45,90.0
29.6.2024 01:00,90.0
29.6.2024 01:15,84.0
29.6.2024 01:30,60.0
29.6.2024 01:45,54.0
29.6.2024 02:00,60.0
29.6.2024 02:15,72.0
29.6.2024 02:30,78.0
29.6.2024 02:45,84.0
29.6.2024 03:00,78.0
29.6.2024 03:15,84.0
29.6.2024 03:30,78.0
29.6.2024 03:45,78.0
29.6.2024 04:00,78.0
29.6.2024 04:15,78.0
29.6.2024 04:30,78.0
29.6.2024 04:45,78.0
29.6.2024 05:00,72.0
29.6.2024 05:15,66.0
29.6.2024 05:30,72.0
29.6.2024 05:45,72.0
29.6.2024 06:00,66.0
29.6.2024 06:15,42.0
29.6.2024 06:30,24.0
29.6.2024 06:45,0.0
29.6.2024 07:00,0.0
29.6.2024 07:15,0.0
29.6.2024 07:30,6.0
29.6.2024 07:45,0.0
29.6.2024 08:00,0.0
29.6.2024 08:15,0.0
29.6.2024 08:30,6.0
29.6.2024 08:45,0.0
29.6.2024 09:00,12.0
29.6.2024 09:15,6.0
29.6.2024 09:30,6.0
29.6.2024 09:45,0.0
29.6.2024 10:00,0.0
29.6.2024 10:15,0.0
29.6.2024 10:30,0.0
29.6.2024 10:45,0.0
29.6.2024 11:00,0.0
29.6.2024 11:15,0.0
29.6.2024 11:30,0.0
29.6.2024 11:45,0.0
29.6.2024 12:00,0.0
29.6.2024 12:15,12.0
29.6.2024 12:30,0.0
29.6.2024 12:45,0.0
29.6.2024 13:00,0.0
29.6.2024 13:15,0.0
29.6.2024 13:30,0.0
29.6.2024 13:45,12.0
29.6.2024 14:00,12.0
29.6.2024 14:15,6.0
29.6.2024 14:30,12.0
29.6.2024 14:45,18.0
29.6.2024 15:00,12.0
29.6.2024 15:15,6.0
29.6.2024 15:30,6.0
29.6.2024 15:45,48.0
29.6.2024 16:00,108.0
29.6.2024 16:15,108.0
29.6.2024 16:30,96.0
29.6.2024 16:45,72.0
29.6.2024 17:00,60.0
29.6.2024 17:15,48.0
29.6.2024 17:30,66.0
29.6.2024 17:45,66.0
29.6.2024 18:00,72.0
29.6.2024 18:15,96.0
29.6.2024 18:30,96.0
29.6.2024 18:45,108.0
29.6.2024 19:00,108.0
29.6.2024 19:15,96.0
29.6.2024 19:30,102.0
29.6.2024 19:45,102.0
29.6.2024 20:00,102.0
29.6.2024 20:15,114.0
29.6.2024 20:30,96.0
29.6.2024 20:45,108.0
29.6.2024 21:00,96.0
29.6.2024 21:15,90.0
29.6.2024 21:30,84.0
29.6.2024 21:45,90.0
29.6.2024 22:00,108.0
29.6.2024 22:15,114.0
29.6.2024 22:30,120.0
29.6.2024 22:45,108.0
29.6.2024 23:00,114.0
29.6.2024 23:15,120.0
29.6.2024 23:30,114.0
29.6.2024 23:45,114.0
30.6.2024 00:00,108.0
30.6.2024 00:15,96.0
30.6.2024 00:30,108.0
30.6.2024 00:45,132.0
30.6.2024 01:00,90.0
30.6.2024 01:15,84.0
30.6.2024 01:30,60.0
30.6.2024 01:45,66.0
30.6.2024 02:00,60.0
30.6.2024 02:15,96.0
30.6.2024 02:30,108.0
30.6.2024 02:45,96.0
30.6.2024 03:00,108.0
30.6.2024 03:15,108.0
30.6.2024 03:30,102.0
30.6.2024 03:45,102.0
30.6.2024 04:00,84.0
30.6.2024 04:15,84.0
30.6.2024 04:30,84.0
30.6.2024 04:45,84.0
30.6.2024 05:00,84.0
30.6.2024 05:15,78.0
30.6.2024 05:30,78.0
30.6.2024 05:45,78.0
30.6.2024 06:00,84.0
30.6.2024 06:15,96.0
30.6.2024 06:30,42.0
30.6.2024 06:45,30.0
30.6.2024 07:00,12.0
30.6.2024 07:15,0.0
30.6.2024 07:30,6.0
30.6.2024 07:45,0.0
30.6.2024 08:00,0.0
30.6.2024 08:15,0.0
30.6.2024 08:30,0.0
30.6.2024 08:45,0.0
30.6.2024 09:00,0.0
30.6.2024 09:15,0.0
30.6.2024 09:30,6.0
30.6.2024 09:45,0.0
30.6.2024 10:00,0.0
30.6.2024 10:15,0.0
30.6.2024 10:30,0.0
30.6.2024 10:45,0.0
30.6.2024 11:00,6.0
30.6.2024 11:15,6.0
30.6.2024 11:30,0.0
30.6.2024 11:45,0.0
30.6.2024 12:00,0.0
30.6.2024 12:15,0.0
30.6.2024 12:30,0.0
30.6.2024 12:45,0.0
30.6.2024 13:00,0.0
30.6.2024 13:15,42.0
30.6.2024 13:30,12.0
30.6.2024 13:45,0.0
30.6.2024 14:00,12.0
30.6.2024 14:15,36.0
30.6.2024 14:30,42.0
30.6.2024 14:45,72.0
30.6.2024 15:00,48.0
30.6.2024 15:15,60.0
30.6.2024 15:30,36.0
30.6.2024 15:45,36.0
30.6.2024 16:00,24.0
30.6.2024 16:15,36.0
30.6.2024 16:30,54.0
30.6.2024 16:45,42.0
30.6.2024 17:00,18.0
30.6.2024 17:15,6.0
30.6.2024 17:30,24.0
30.6.2024 17:45,54.0
30.6.2024 18:00,78.0
30.6.2024 18:15,108.0
30.6.2024 18:30,108.0
30.6.2024 18:45,96.0
30.6.2024 19:00,84.0
30.6.2024 19:15,84.0
30.6.2024 19:30,78.0
30.6.2024 19:45,84.0
30.6.2024 20:00,84.0
30.6.2024 20:15,90.0
30.6.2024 20:30,96.0
30.6.2024 20:45,96.0
30.6.2024 21:00,96.0
30.6.2024 21:15,96.0
30.6.2024 21:30,96.0
30.6.2024 21:45,96.0
30.6.2024 22:00,96.0
30.6.2024 22:15,96.0
30.6.2024 22:30,102.0
30.6.2024 22:45,102.0
30.6.2024 23:00,102.0
30.6.2024 23:15,102.0
30.6.2024 23:30,102.0
30.6.2024 23:45,108.0
1.7.2024 00:00,108.0
1.7.2024 00:15,108.0
1.7.2024 00:30,108.0
1.7.2024 00:45,108.0
1.7.2024 01:00,108.0
1.7.2024 01:15,102.0
1.7.2024 01:30,78.0
1.7.2024 01:45,78.0
1.7.2024 02:00,78.0
1.7.2024 02:15,90.0
1.7.2024 02:30,108.0
1.7.2024 02:45,84.0
1.7.2024 03:00,84.0
1.7.2024 03:15,78.0
1.7.2024 03:30,78.0
1.7.2024 03:45,78.0
1.7.2024 04:00,78.0
1.7.2024 04:15,72.0
1.7.2024 04:30,72.0
1.7.2024 04:45,72.0
1.7.2024 05:00,72.0
1.7.2024 05:15,66.0
1.7.2024 05:30,66.0
1.7.2024 05:45,60.0
1.7.2024 06:00,60.0
1.7.2024 06:15,54.0
1.7.2024 06:30,36.0
1.7.2024 06:45,12.0
1.7.2024 07:00,0.0
1.7.2024 07:15,0.0
1.7.2024 07:30,0.0
1.7.2024 07:45,0.0
1.7.2024 08:00,0.0
1.7.2024 08:15,0.0
1.7.2024 08:30,0.0
1.7.2024 08:45,0.0
1.7.2024 09:00,0.0
1.7.2024 09:15,0.0
1.7.2024 09:30,12.0
1.7.2024 09:45,6.0
1.7.2024 10:00,0.0
1.7.2024 10:15,0.0
1.7.2024 10:30,0.0
1.7.2024 10:45,0.0
1.7.2024 11:00,0.0
1.7.2024 11:15,0.0
1.7.2024 11:30,0.0
1.7.2024 11:45,0.0
1.7.2024 12:00,0.0
1.7.2024 12:15,0.0
1.7.2024 12:30,0.0
1.7.2024 12:45,0.0
1.7.2024 13:00,0.0
1.7.2024 13:15,0.0
1.7.2024 13:30,0.0
1.7.2024 13:45,0.0
1.7.2024 14:00,0.0
1.7.2024 14:15,12.0
1.7.2024 14:30,12.0
1.7.2024 14:45,12.0
1.7.2024 15:00,6.0
1.7.2024 15:15,18.0
1.7.2024 15:30,18.0
1.7.2024 15:45,18.0
1.7.2024 16:00,18.0
1.7.2024 16:15,36.0
1.7.2024 16:30,132.0
1.7.2024 16:45,216.0
1.7.2024 17:00,198.0
1.7.2024 17:15,174.0
1.7.2024 17:30,132.0
1.7.2024 17:45,144.0
1.7.2024 18:00,162.0
1.7.2024 18:15,174.0
1.7.2024 18:30,174.0
1.7.2024 18:45,180.0
1.7.2024 19:00,180.0
1.7.2024 19:15,180.0
1.7.2024 19:30,204.0
1.7.2024 19:45,222.0
1.7.2024 20:00,180.0
1.7.2024 20:15,240.0
1.7.2024 20:30,204.0
1.7.2024 20:45,210.0
1.7.2024 21:00,204.0
1.7.2024 21:15,210.0
1.7.2024 21:30,228.0
1.7.2024 21:45,198.0
1.7.2024 22:00,240.0
1.7.2024 22:15,228.0
1.7.2024 22:30,414.0
1.7.2024 22:45,816.0
1.7.2024 23:00,1176.0
1.7.2024 23:15,1596.0
1.7.2024 23:30,1812.0
1.7.2024 23:45,1962.0
2.7.2024 00:00,1734.0
2.7.2024 00:15,1770.0
2.7.2024 00:30,1812.0
2.7.2024 00:45,1836.0
2.7.2024 01:00,1896.0
2.7.2024 01:15,1758.0
2.7.2024 01:30,1740.0
2.7.2024 01:45,1818.0
2.7.2024 02:00,1710.0
2.7.2024 02:15,1770.0
2.7.2024 02:30,1854.0
2.7.2024 02:45,1848.0
2.7.2024 03:00,1866.0
2.7.2024 03:15,1818.0
2.7.2024 03:30,1800.0
2.7.2024 03:45,1800.0
2.7.2024 04:00,1794.0
2.7.2024 04:15,1752.0
2.7.2024 04:30,1668.0
2.7.2024 04:45,1440.0
2.7.2024 05:00,1698.0
2.7.2024 05:15,1650.0
2.7.2024 05:30,1638.0
2.7.2024 05:45,1788.0
2.7.2024 06:00,1860.0
2.7.2024 06:15,1776.0
2.7.2024 06:30,1728.0
2.7.2024 06:45,1386.0
2.7.2024 07:00,1560.0
2.7.2024 07:15,1542.0
2.7.2024 07:30,1494.0
2.7.2024 07:45,1392.0
2.7.2024 08:00,1488.0
2.7.2024 08:15,1092.0
2.7.2024 08:30,1194.0
2.7.2024 08:45,1632.0
2.7.2024 09:00,1446.0
2.7.2024 09:15,1464.0
2.7.2024 09:30,1464.0
2.7.2024 09:45,1284.0
2.7.2024 10:00,1038.0
2.7.2024 10:15,1218.0
2.7.2024 10:30,1242.0
2.7.2024 10:45,1254.0
2.7.2024 11:00,744.0
2.7.2024 11:15,636.0
2.7.2024 11:30,912.0
2.7.2024 11:45,864.0
2.7.2024 12:00,972.0
2.7.2024 12:15,870.0
2.7.2024 12:30,894.0
2.7.2024 12:45,912.0
2.7.2024 13:00,786.0
2.7.2024 13:15,762.0
2.7.2024 13:30,888.0
2.7.2024 13:45,582.0
2.7.2024 14:00,780.0
2.7.2024 14:15,918.0
2.7.2024 14:30,888.0
2.7.2024 14:45,864.0
2.7.2024 15:00,1074.0
2.7.2024 15:15,1188.0
2.7.2024 15:30,1092.0
2.7.2024 15:45,1164.0
2.7.2024 16:00,1092.0
2.7.2024 16:15,1440.0
2.7.2024 16:30,1656.0
2.7.2024 16:45,1704.0
2.7.2024 17:00,1614.0
2.7.2024 17:15,1464.0
2.7.2024 17:30,1518.0
2.7.2024 17:45,1452.0
2.7.2024 18:00,1722.0
2.7.2024 18:15,1860.0
2.7.2024 18:30,1884.0
2.7.2024 18:45,1782.0
2.7.2024 19:00,1878.0
2.7.2024 19:15,1806.0
2.7.2024 19:30,1578.0
2.7.2024 19:45,1584.0
2.7.2024 20:00,1542.0
2.7.2024 20:15,1656.0
2.7.2024 20:30,1824.0
2.7.2024 20:45,1920.0
2.7.2024 21:00,1872.0
2.7.2024 21:15,1854.0
2.7.2024 21:30,1854.0
2.7.2024 21:45,1680.0
2.7.2024 22:00,1440.0
2.7.2024 22:15,1476.0
2.7.2024 22:30,1326.0
2.7.2024 22:45,1482.0
2.7.2024 23:00,1458.0
2.7.2024 23:15,1494.0
2.7.2024 23:30,1380.0
2.7.2024 23:45,1524.0
3.7.2024 00:00,1716.0
3.7.2024 00:15,1686.0
3.7.2024 00:30,1932.0
3.7.2024 00:45,1842.0
3.7.2024 01:00,1902.0
3.7.2024 01:15,1902.0
3.7.2024 01:30,1794.0
3.7.2024 01:45,1812.0
3.7.2024 02:00,1818.0
3.7.2024 02:15,1932.0
3.7.2024 02:30,1920.0
3.7.2024 02:45,1890.0
3.7.2024 03:00,1818.0
3.7.2024 03:15,1506.0
3.7.2024 03:30,1488.0
3.7.2024 03:45,1608.0
3.7.2024 04:00,1836.0
3.7.2024 04:15,1686.0
3.7.2024 04:30,1794.0
3.7.2024 04:45,1854.0
3.7.2024 05:00,1926.0
3.7.2024 05:15,1872.0
3.7.2024 05:30,1848.0
3.7.2024 05:45,1650.0
3.7.2024 06:00,1860.0
3.7.2024 06:15,1842.0
3.7.2024 06:30,1626.0
3.7.2024 06:45,1332.0
3.7.2024 07:00,1578.0
3.7.2024 07:15,1560.0
3.7.2024 07:30,1476.0
3.7.2024 07:45,1476.0
3.7.2024 08:00,1170.0
3.7.2024 08:15,918.0
3.7.2024 08:30,1434.0
3.7.2024 08:45,1356.0
3.7.2024 09:00,1326.0
3.7.2024 09:15,1284.0
3.7.2024 09:30,1236.0
3.7.2024 09:45,1116.0
3.7.2024 10:00,918.0
3.7.2024 10:15,1104.0
3.7.2024 10:30,642.0
3.7.2024 10:45,588.0
3.7.2024 11:00,1032.0
3.7.2024 11:15,894.0
3.7.2024 11:30,498.0
3.7.2024 11:45,1008.0
3.7.2024 12:00,936.0
3.7.2024 12:15,1134.0
3.7.2024 12:30,1104.0
3.7.2024 12:45,1140.0
3.7.2024 13:00,852.0
3.7.2024 13:15,684.0
3.7.2024 13:30,576.0
3.7.2024 13:45,408.0
3.7.2024 14:00,594.0
3.7.2024 14:15,426.0
3.7.2024 14:30,666.0
3.7.2024 14:45,1074.0
3.7.2024 15:00,1386.0
3.7.2024 15:15,1254.0
3.7.2024 15:30,1368.0
3.7.2024 15:45,1434.0
3.7.2024 16:00,1692.0
3.7.2024 16:15,1578.0
3.7.2024 16:30,1644.0
3.7.2024 16:45,1488.0
3.7.2024 17:00,1476.0
3.7.2024 17:15,1332.0
3.7.2024 17:30,1326.0
3.7.2024 17:45,1476.0
3.7.2024 18:00,1764.0
3.7.2024 18:15,1752.0
3.7.2024 18:30,1722.0
3.7.2024 18:45,1872.0
3.7.2024 19:00,1626.0
3.7.2024 19:15,1908.0
3.7.2024 19:30,1830.0
3.7.2024 19:45,1848.0
3.7.2024 20:00,1728.0
3.7.2024 20:15,1734.0
3.7.2024 20:30,1848.0
3.7.2024 20:45,1812.0
3.7.2024 21:00,1806.0
3.7.2024 21:15,1896.0
3.7.2024 21:30,1800.0
3.7.2024 21:45,1704.0
3.7.2024 22:00,1440.0
3.7.2024 22:15,1392.0
3.7.2024 22:30,1428.0
3.7.2024 22:45,1488.0
3.7.2024 23:00,1824.0
3.7.2024 23:15,1848.0
3.7.2024 23:30,1752.0
3.7.2024 23:45,1482.0
4.7.2024 00:00,1302.0
4.7.2024 00:15,1500.0
4.7.2024 00:30,1416.0
4.7.2024 00:45,1548.0
4.7.2024 01:00,1698.0
4.7.2024 01:15,1716.0
4.7.2024 01:30,1734.0
4.7.2024 01:45,1764.0
4.7.2024 02:00,1800.0
4.7.2024 02:15,1830.0
4.7.2024 02:30,1872.0
4.7.2024 02:45,1782.0
4.7.2024 03:00,1530.0
4.7.2024 03:15,1710.0
4.7.2024 03:30,1890.0
4.7.2024 03:45,1830.0
4.7.2024 04:00,1818.0
4.7.2024 04:15,1518.0
4.7.2024 04:30,1428.0
4.7.2024 04:45,1632.0
4.7.2024 05:00,1602.0
4.7.2024 05:15,1398.0
4.7.2024 05:30,1380.0
4.7.2024 05:45,1458.0
4.7.2024 06:00,1692.0
4.7.2024 06:15,1602.0
4.7.2024 06:30,1320.0
4.7.2024 06:45,1272.0
4.7.2024 07:00,1218.0
4.7.2024 07:15,1362.0
4.7.2024 07:30,1548.0
4.7.2024 07:45,1464.0
4.7.2024 08:00,1344.0
4.7.2024 08:15,1440.0
4.7.2024 08:30,1284.0
4.7.2024 08:45,1170.0
4.7.2024 09:00,1224.0
4.7.2024 09:15,1260.0
4.7.2024 09:30,1404.0
4.7.2024 09:45,1458.0
4.7.2024 10:00,1398.0
4.7.2024 10:15,1278.0
4.7.2024 10:30,1236.0
4.7.2024 10:45,1260.0
4.7.2024 11:00,1176.0
4.7.2024 11:15,1260.0
4.7.2024 11:30,1080.0
4.7.2024 11:45,1074.0
4.7.2024 12:00,1308.0
4.7.2024 12:15,1386.0
4.7.2024 12:30,1254.0
4.7.2024 12:45,1332.0
4.7.2024 13:00,1320.0
4.7.2024 13:15,1236.0
4.7.2024 13:30,972.0
4.7.2024 13:45,1110.0
4.7.2024 14:00,1548.0
4.7.2024 14:15,1830.0
4.7.2024 14:30,1776.0
4.7.2024 14:45,1494.0
4.7.2024 15:00,1038.0
4.7.2024 15:15,1176.0
4.7.2024 15:30,1446.0
4.7.2024 15:45,1458.0
4.7.2024 16:00,1470.0
4.7.2024 16:15,1242.0
4.7.2024 16:30,1260.0
4.7.2024 16:45,1506.0
4.7.2024 17:00,1596.0
4.7.2024 17:15,1584.0
4.7.2024 17:30,1692.0
4.7.2024 17:45,1764.0
4.7.2024 18:00,1764.0
4.7.2024 18:15,1824.0
4.7.2024 18:30,1476.0
4.7.2024 18:45,1428.0
4.7.2024 19:00,1740.0
4.7.2024 19:15,1866.0
4.7.2024 19:30,1776.0
4.7.2024 19:45,1878.0
4.7.2024 20:00,1890.0
4.7.2024 20:15,1806.0
4.7.2024 20:30,1482.0
4.7.2024 20:45,1428.0
4.7.2024 21:00,1500.0
4.7.2024 21:15,1650.0
4.7.2024 21:30,1908.0
4.7.2024 21:45,1584.0
4.7.2024 22:00,1776.0
4.7.2024 22:15,1908.0
4.7.2024 22:30,1950.0
4.7.2024 22:45,1896.0
4.7.2024 23:00,1848.0
4.7.2024 23:15,1860.0
4.7.2024 23:30,1866.0
4.7.2024 23:45,1836.0
5.7.2024 00:00,1896.0
5.7.2024 00:15,1812.0
5.7.2024 00:30,1800.0
5.7.2024 00:45,1536.0
5.7.2024 01:00,1812.0
5.7.2024 01:15,1776.0
5.7.2024 01:30,1812.0
5.7.2024 01:45,1752.0
5.7.2024 02:00,1812.0
5.7.2024 02:15,1854.0
5.7.2024 02:30,1920.0
5.7.2024 02:45,1812.0
5.7.2024 03:00,1848.0
5.7.2024 03:15,1626.0
5.7.2024 03:30,1806.0
5.7.2024 03:45,1920.0
5.7.2024 04:00,1884.0
5.7.2024 04:15,1896.0
5.7.2024 04:30,1908.0
5.7.2024 04:45,1806.0
5.7.2024 05:00,1788.0
5.7.2024 05:15,1776.0
5.7.2024 05:30,1626.0
5.7.2024 05:45,1374.0
5.7.2024 06:00,948.0
5.7.2024 06:15,762.0
5.7.2024 06:30,702.0
5.7.2024 06:45,654.0
5.7.2024 07:00,624.0
5.7.2024 07:15,570.0
5.7.2024 07:30,264.0
5.7.2024 07:45,150.0
5.7.2024 08:00,222.0
5.7.2024 08:15,162.0
5.7.2024 08:30,0.0
5.7.2024 08:45,18.0
5.7.2024 09:00,12.0
5.7.2024 09:15,18.0
5.7.2024 09:30,6.0
5.7.2024 09:45,6.0
5.7.2024 10:00,0.0
5.7.2024 10:15,18.0
5.7.2024 10:30,12.0
5.7.2024 10:45,12.0
5.7.2024 11:00,0.0
5.7.2024 11:15,12.0
5.7.2024 11:30,12.0
5.7.2024 11:45,12.0
5.7.2024 12:00,18.0
5.7.2024 12:15,18.0
5.7.2024 12:30,0.0
5.7.2024 12:45,0.0
5.7.2024 13:00,12.0
5.7.2024 13:15,18.0
5.7.2024 13:30,12.0
5.7.2024 13:45,24.0
5.7.2024 14:00,24.0
5.7.2024 14:15,12.0
5.7.2024 14:30,12.0
5.7.2024 14:45,54.0
5.7.2024 15:00,30.0
5.7.2024 15:15,18.0
5.7.2024 15:30,6.0
5.7.2024 15:45,0.0
5.7.2024 16:00,6.0
5.7.2024 16:15,6.0
5.7.2024 16:30,6.0
5.7.2024 16:45,18.0
5.7.2024 17:00,42.0
5.7.2024 17:15,42.0
5.7.2024 17:30,36.0
5.7.2024 17:45,72.0
5.7.2024 18:00,78.0
5.7.2024 18:15,96.0
5.7.2024 18:30,96.0
5.7.2024 18:45,102.0
5.7.2024 19:00,102.0
5.7.2024 19:15,102.0
5.7.2024 19:30,102.0
5.7.2024 19:45,96.0
5.7.2024 20:00,102.0
5.7.2024 20:15,108.0
5.7.2024 20:30,108.0
5.7.2024 20:45,108.0
5.7.2024 21:00,108.0
5.7.2024 21:15,108.0
5.7.2024 21:30,102.0
5.7.2024 21:45,102.0
5.7.2024 22:00,102.0
5.7.2024 22:15,102.0
5.7.2024 22:30,108.0
5.7.2024 22:45,114.0
5.7.2024 23:00,108.0
5.7.2024 23:15,108.0
5.7.2024 23:30,108.0
5.7.2024 23:45,114.0
6.7.2024 00:00,114.0
6.7.2024 00:15,114.0
6.7.2024 00:30,114.0
6.7.2024 00:45,114.0
6.7.2024 01:00,114.0
6.7.2024 01:15,150.0
6.7.2024 01:30,126.0
6.7.2024 01:45,120.0
6.7.2024 02:00,120.0
6.7.2024 02:15,144.0
6.7.2024 02:30,174.0
6.7.2024 02:45,168.0
6.7.2024 03:00,168.0
6.7.2024 03:15,168.0
6.7.2024 03:30,168.0
6.7.2024 03:45,162.0
6.7.2024 04:00,162.0
6.7.2024 04:15,156.0
6.7.2024 04:30,162.0
6.7.2024 04:45,156.0
6.7.2024 05:00,156.0
6.7.2024 05:15,144.0
6.7.2024 05:30,150.0
6.7.2024 05:45,156.0
6.7.2024 06:00,144.0
6.7.2024 06:15,114.0
6.7.2024 06:30,36.0
6.7.2024 06:45,0.0
6.7.2024 07:00,6.0
6.7.2024 07:15,408.0
6.7.2024 07:30,492.0
6.7.2024 07:45,414.0
6.7.2024 08:00,234.0
6.7.2024 08:15,876.0
6.7.2024 08:30,906.0
6.7.2024 08:45,1110.0
6.7.2024 09:00,504.0
6.7.2024 09:15,84.0
6.7.2024 09:30,24.0
6.7.2024 09:45,12.0
6.7.2024 10:00,18.0
6.7.2024 10:15,18.0
6.7.2024 10:30,72.0
6.7.2024 10:45,66.0
6.7.2024 11:00,174.0
6.7.2024 11:15,252.0
6.7.2024 11:30,216.0
6.7.2024 11:45,72.0
6.7.2024 12:00,144.0
6.7.2024 12:15,78.0
6.7.2024 12:30,60.0
6.7.2024 12:45,126.0
6.7.2024 13:00,24.0
6.7.2024 13:15,18.0
6.7.2024 13:30,18.0
6.7.2024 13:45,18.0
6.7.2024 14:00,114.0
6.7.2024 14:15,18.0
6.7.2024 14:30,60.0
6.7.2024 14:45,42.0
6.7.2024 15:00,36.0
6.7.2024 15:15,114.0
6.7.2024 15:30,462.0
6.7.2024 15:45,558.0
6.7.2024 16:00,798.0
6.7.2024 16:15,1200.0
6.7.2024 16:30,1224.0
6.7.2024 16:45,1296.0
6.7.2024 17:00,1302.0
6.7.2024 17:15,1512.0
6.7.2024 17:30,1578.0
6.7.2024 17:45,1608.0
6.7.2024 18:00,1698.0
6.7.2024 18:15,1710.0
6.7.2024 18:30,1836.0
6.7.2024 18:45,1866.0
6.7.2024 19:00,1674.0
6.7.2024 19:15,1572.0
6.7.2024 19:30,1524.0
6.7.2024 19:45,1488.0
6.7.2024 20:00,1482.0
6.7.2024 20:15,1500.0
6.7.2024 20:30,1554.0
6.7.2024 20:45,1422.0
6.7.2024 21:00,1116.0
6.7.2024 21:15,1032.0
6.7.2024 21:30,990.0
6.7.2024 21:45,1014.0
6.7.2024 22:00,978.0
6.7.2024 22:15,846.0
6.7.2024 22:30,672.0
6.7.2024 22:45,678.0
6.7.2024 23:00,654.0
6.7.2024 23:15,660.0
6.7.2024 23:30,660.0
6.7.2024 23:45,684.0
7.7.2024 00:00,684.0
7.7.2024 00:15,678.0
7.7.2024 00:30,660.0
7.7.2024 00:45,660.0
7.7.2024 01:00,672.0
7.7.2024 01:15,660.0
7.7.2024 01:30,612.0
7.7.2024 01:45,600.0
7.7.2024 02:00,600.0
7.7.2024 02:15,642.0
7.7.2024 02:30,684.0
7.7.2024 02:45,672.0
7.7.2024 03:00,666.0
7.7.2024 03:15,660.0
7.7.2024 03:30,660.0
7.7.2024 03:45,654.0
7.7.2024 04:00,630.0
7.7.2024 04:15,306.0
7.7.2024 04:30,300.0
7.7.2024 04:45,300.0
7.7.2024 05:00,294.0
7.7.2024 05:15,312.0
7.7.2024 05:30,300.0
7.7.2024 05:45,294.0
7.7.2024 06:00,288.0
7.7.2024 06:15,270.0
7.7.2024 06:30,210.0
7.7.2024 06:45,180.0
7.7.2024 07:00,168.0
7.7.2024 07:15,78.0
7.7.2024 07:30,24.0
7.7.2024 07:45,132.0
7.7.2024 08:00,78.0
7.7.2024 08:15,72.0
7.7.2024 08:30,48.0
7.7.2024 08:45,12.0
7.7.2024 09:00,6.0
7.7.2024 09:15,48.0
7.7.2024 09:30,60.0
7.7.2024 09:45,384.0
7.7.2024 10:00,612.0
7.7.2024 10:15,708.0
7.7.2024 10:30,684.0
7.7.2024 10:45,804.0
7.7.2024 11:00,1074.0
7.7.2024 11:15,1038.0
7.7.2024 11:30,984.0
7.7.2024 11:45,1104.0
7.7.2024 12:00,1200.0
7.7.2024 12:15,1152.0
7.7.2024 12:30,1092.0
7.7.2024 12:45,1338.0
7.7.2024 13:00,1380.0
7.7.2024 13:15,1344.0
7.7.2024 13:30,1014.0
7.7.2024 13:45,882.0
7.7.2024 14:00,918.0
7.7.2024 14:15,1074.0
7.7.2024 14:30,1308.0
7.7.2024 14:45,1458.0
7.7.2024 15:00,1362.0
7.7.2024 15:15,1218.0
7.7.2024 15:30,1152.0
7.7.2024 15:45,1290.0
7.7.2024 16:00,1380.0
7.7.2024 16:15,1488.0
7.7.2024 16:30,1518.0
7.7.2024 16:45,1506.0
7.7.2024 17:00,1536.0
7.7.2024 17:15,1548.0
7.7.2024 17:30,1524.0
7.7.2024 17:45,1698.0
7.7.2024 18:00,1680.0
7.7.2024 18:15,1746.0
7.7.2024 18:30,1752.0
7.7.2024 18:45,1770.0
7.7.2024 19:00,1872.0
7.7.2024 19:15,1806.0
7.7.2024 19:30,1776.0
7.7.2024 19:45,1794.0
7.7.2024 20:00,1794.0
7.7.2024 20:15,1908.0
7.7.2024 20:30,1920.0
7.7.2024 20:45,1908.0
7.7.2024 21:00,1908.0
7.7.2024 21:15,1944.0
7.7.2024 21:30,1872.0
7.7.2024 21:45,1896.0
7.7.2024 22:00,1818.0
7.7.2024 22:15,1914.0
7.7.2024 22:30,1920.0
7.7.2024 22:45,1884.0
7.7.2024 23:00,1842.0
7.7.2024 23:15,1878.0
7.7.2024 23:30,1836.0
7.7.2024 23:45,1848.0
8.7.2024 00:00,1866.0
8.7.2024 00:15,1860.0
8.7.2024 00:30,1788.0
8.7.2024 00:45,1848.0
8.7.2024 01:00,1896.0
8.7.2024 01:15,1740.0
8.7.2024 01:30,1656.0
8.7.2024 01:45,1608.0
8.7.2024 02:00,1476.0
8.7.2024 02:15,1716.0
8.7.2024 02:30,1752.0
8.7.2024 02:45,1890.0
8.7.2024 03:00,1848.0
8.7.2024 03:15,1698.0
8.7.2024 03:30,1704.0
8.7.2024 03:45,1836.0
8.7.2024 04:00,1920.0
8.7.2024 04:15,1824.0
8.7.2024 04:30,1740.0
8.7.2024 04:45,1710.0
8.7.2024 05:00,1662.0
8.7.2024 05:15,1854.0
8.7.2024 05:30,1872.0
8.7.2024 05:45,1776.0
8.7.2024 06:00,1668.0
8.7.2024 06:15,1596.0
8.7.2024 06:30,1614.0
8.7.2024 06:45,1626.0
8.7.2024 07:00,1560.0
8.7.2024 07:15,1506.0
8.7.2024 07:30,1512.0
8.7.2024 07:45,1266.0
8.7.2024 08:00,780.0
8.7.2024 08:15,906.0
8.7.2024 08:30,1032.0
8.7.2024 08:45,894.0
8.7.2024 09:00,1104.0
8.7.2024 09:15,1188.0
8.7.2024 09:30,1074.0
8.7.2024 09:45,720.0
8.7.2024 10:00,696.0
8.7.2024 10:15,690.0
8.7.2024 10:30,582.0
8.7.2024 10:45,840.0
8.7.2024 11:00,840.0
8.7.2024 11:15,756.0
8.7.2024 11:30,1074.0
8.7.2024 11:45,912.0
8.7.2024 12:00,1038.0
8.7.2024 12:15,1068.0
8.7.2024 12:30,720.0
8.7.2024 12:45,756.0
8.7.2024 13:00,942.0
8.7.2024 13:15,930.0
8.7.2024 13:30,1014.0
8.7.2024 13:45,1032.0
8.7.2024 14:00,1290.0
8.7.2024 14:15,1098.0
8.7.2024 14:30,840.0
8.7.2024 14:45,600.0
8.7.2024 15:00,714.0
8.7.2024 15:15,882.0
8.7.2024 15:30,1110.0
8.7.2024 15:45,996.0
8.7.2024 16:00,1260.0
8.7.2024 16:15,1368.0
8.7.2024 16:30,1542.0
8.7.2024 16:45,1422.0
8.7.2024 17:00,1194.0
8.7.2024 17:15,1590.0
8.7.2024 17:30,1668.0
8.7.2024 17:45,1740.0
8.7.2024 18:00,1710.0
8.7.2024 18:15,1758.0
8.7.2024 18:30,1710.0
8.7.2024 18:45,1770.0
8.7.2024 19:00,1716.0
8.7.2024 19:15,1794.0
8.7.2024 19:30,1896.0
8.7.2024 19:45,1680.0
8.7.2024 20:00,1644.0
8.7.2024 20:15,1608.0
8.7.2024 20:30,1572.0
8.7.2024 20:45,1680.0
8.7.2024 21:00,1728.0
8.7.2024 21:15,1812.0
8.7.2024 21:30,1758.0
8.7.2024 21:45,1788.0
8.7.2024 22:00,1878.0
8.7.2024 22:15,1908.0
8.7.2024 22:30,1842.0
8.7.2024 22:45,1890.0
8.7.2024 23:00,1776.0
8.7.2024 23:15,1704.0
8.7.2024 23:30,1824.0
8.7.2024 23:45,1950.0
9.7.2024 00:00,1914.0
9.7.2024 00:15,1836.0
9.7.2024 00:30,1680.0
9.7.2024 00:45,564.0
9.7.2024 01:00,864.0
9.7.2024 01:15,882.0
9.7.2024 01:30,954.0
9.7.2024 01:45,690.0
9.7.2024 02:00,672.0
9.7.2024 02:15,738.0
9.7.2024 02:30,786.0
9.7.2024 02:45,888.0
9.7.2024 03:00,1518.0
9.7.2024 03:15,1530.0
9.7.2024 03:30,1686.0
9.7.2024 03:45,1806.0
9.7.2024 04:00,1860.0
9.7.2024 04:15,1920.0
9.7.2024 04:30,1764.0
9.7.2024 04:45,1710.0
9.7.2024 05:00,1704.0
9.7.2024 05:15,1770.0
9.7.2024 05:30,1824.0
9.7.2024 05:45,1812.0
9.7.2024 06:00,1782.0
9.7.2024 06:15,1764.0
9.7.2024 06:30,1692.0
9.7.2024 06:45,1692.0
9.7.2024 07:00,1656.0
9.7.2024 07:15,1536.0
9.7.2024 07:30,1308.0
9.7.2024 07:45,1230.0
9.7.2024 08:00,1122.0
9.7.2024 08:15,1260.0
9.7.2024 08:30,1254.0
9.7.2024 08:45,1284.0
9.7.2024 09:00,1242.0
9.7.2024 09:15,1236.0
9.7.2024 09:30,1026.0
9.7.2024 09:45,1062.0
9.7.2024 10:00,948.0
9.7.2024 10:15,912.0
9.7.2024 10:30,846.0
9.7.2024 10:45,816.0
9.7.2024 11:00,576.0
9.7.2024 11:15,1176.0
9.7.2024 11:30,1044.0
9.7.2024 11:45,630.0
9.7.2024 12:00,816.0
9.7.2024 12:15,492.0
9.7.2024 12:30,792.0
9.7.2024 12:45,1620.0
9.7.2024 13:00,1566.0
9.7.2024 13:15,1242.0
9.7.2024 13:30,1338.0
9.7.2024 13:45,1830.0
9.7.2024 14:00,1638.0
9.7.2024 14:15,1704.0
9.7.2024 14:30,1104.0
9.7.2024 14:45,1548.0
9.7.2024 15:00,1134.0
9.7.2024 15:15,738.0
9.7.2024 15:30,966.0
9.7.2024 15:45,1314.0
9.7.2024 16:00,984.0
9.7.2024 16:15,1464.0
9.7.2024 16:30,1530.0
9.7.2024 16:45,1716.0
9.7.2024 17:00,1626.0
9.7.2024 17:15,1578.0
9.7.2024 17:30,1422.0
9.7.2024 17:45,1560.0
9.7.2024 18:00,1584.0
9.7.2024 18:15,1896.0
9.7.2024 18:30,1854.0
9.7.2024 18:45,1932.0
9.7.2024 19:00,1908.0
9.7.2024 19:15,1842.0
9.7.2024 19:30,1884.0
9.7.2024 19:45,1242.0
9.7.2024 20:00,1248.0
9.7.2024 20:15,1848.0
9.7.2024 20:30,1830.0
9.7.2024 20:45,1950.0
9.7.2024 21:00,1746.0
9.7.2024 21:15,1896.0
9.7.2024 21:30,1692.0
9.7.2024 21:45,1752.0
9.7.2024 22:00,2028.0
9.7.2024 22:15,1596.0
9.7.2024 22:30,1536.0
9.7.2024 22:45,1962.0
9.7.2024 23:00,1920.0
9.7.2024 23:15,1974.0
9.7.2024 23:30,1728.0
9.7.2024 23:45,1560.0
10.7.2024 00:00,1830.0
10.7.2024 00:15,1788.0
10.7.2024 00:30,1962.0
10.7.2024 00:45,1896.0
10.7.2024 01:00,1872.0
10.7.2024 01:15,1710.0
10.7.2024 01:30,1410.0
10.7.2024 01:45,1584.0
10.7.2024 02:00,1806.0
10.7.2024 02:15,1842.0
10.7.2024 02:30,1776.0
10.7.2024 02:45,1566.0
10.7.2024 03:00,1716.0
10.7.2024 03:15,1938.0
10.7.2024 03:30,1896.0
10.7.2024 03:45,1788.0
10.7.2024 04:00,1482.0
10.7.2024 04:15,1548.0
10.7.2024 04:30,1836.0
10.7.2024 04:45,1818.0
10.7.2024 05:00,1782.0
10.7.2024 05:15,1674.0
10.7.2024 05:30,1710.0
10.7.2024 05:45,1614.0
10.7.2024 06:00,1446.0
10.7.2024 06:15,1032.0
10.7.2024 06:30,798.0
10.7.2024 06:45,780.0
10.7.2024 07:00,672.0
10.7.2024 07:15,624.0
10.7.2024 07:30,546.0
10.7.2024 07:45,402.0
10.7.2024 08:00,360.0
10.7.2024 08:15,348.0
10.7.2024 08:30,168.0
10.7.2024 08:45,150.0
10.7.2024 09:00,84.0
10.7.2024 09:15,108.0
10.7.2024 09:30,24.0
10.7.2024 09:45,12.0
10.7.2024 10:00,42.0
10.7.2024 10:15,30.0
10.7.2024 10:30,24.0
10.7.2024 10:45,30.0
10.7.2024 11:00,18.0
10.7.2024 11:15,12.0
10.7.2024 11:30,18.0
10.7.2024 11:45,96.0
10.7.2024 12:00,0.0
10.7.2024 12:15,0.0
10.7.2024 12:30,0.0
10.7.2024 12:45,30.0
10.7.2024 13:00,24.0
10.7.2024 13:15,6.0
10.7.2024 13:30,12.0
10.7.2024 13:45,36.0
10.7.2024 14:00,126.0
10.7.2024 14:15,132.0
10.7.2024 14:30,144.0
10.7.2024 14:45,162.0
10.7.2024 15:00,174.0
10.7.2024 15:15,156.0
10.7.2024 15:30,144.0
10.7.2024 15:45,42.0
10.7.2024 16:00,42.0
10.7.2024 16:15,138.0
10.7.2024 16:30,156.0
10.7.2024 16:45,192.0
10.7.2024 17:00,102.0
10.7.2024 17:15,84.0
10.7.2024 17:30,54.0
10.7.2024 17:45,96.0
10.7.2024 18:00,132.0
10.7.2024 18:15,120.0
10.7.2024 18:30,132.0
10.7.2024 18:45,108.0
10.7.2024 19:00,108.0
10.7.2024 19:15,108.0
10.7.2024 19:30,108.0
10.7.2024 19:45,108.0
10.7.2024 20:00,120.0
10.7.2024 20:15,114.0
10.7.2024 20:30,126.0
10.7.2024 20:45,132.0
10.7.2024 21:00,132.0
10.7.2024 21:15,126.0
10.7.2024 21:30,144.0
10.7.2024 21:45,126.0
10.7.2024 22:00,156.0
10.7.2024 22:15,150.0
10.7.2024 22:30,126.0
10.7.2024 22:45,108.0
10.7.2024 23:00,108.0
10.7.2024 23:15,108.0
10.7.2024 23:30,108.0
10.7.2024 23:45,126.0
11.7.2024 00:00,186.0
11.7.2024 00:15,180.0
11.7.2024 00:30,186.0
11.7.2024 00:45,180.0
11.7.2024 01:00,180.0
11.7.2024 01:15,186.0
11.7.2024 01:30,138.0
11.7.2024 01:45,120.0
11.7.2024 02:00,120.0
11.7.2024 02:15,126.0
11.7.2024 02:30,132.0
11.7.2024 02:45,150.0
11.7.2024 03:00,156.0
11.7.2024 03:15,144.0
11.7.2024 03:30,138.0
11.7.2024 03:45,156.0
11.7.2024 04:00,138.0
11.7.2024 04:15,132.0
11.7.2024 04:30,138.0
11.7.2024 04:45,132.0
11.7.2024 05:00,132.0
11.7.2024 05:15,138.0
11.7.2024 05:30,156.0
11.7.2024 05:45,162.0
11.7.2024 06:00,162.0
11.7.2024 06:15,192.0
11.7.2024 06:30,192.0
11.7.2024 06:45,186.0
11.7.2024 07:00,216.0
11.7.2024 07:15,342.0
11.7.2024 07:30,516.0
11.7.2024 07:45,420.0
11.7.2024 08:00,798.0
11.7.2024 08:15,1194.0
11.7.2024 08:30,1374.0
11.7.2024 08:45,1320.0
11.7.2024 09:00,1212.0
11.7.2024 09:15,1254.0
11.7.2024 09:30,1266.0
11.7.2024 09:45,1092.0
11.7.2024 10:00,936.0
11.7.2024 10:15,1044.0
11.7.2024 10:30,912.0
11.7.2024 10:45,354.0
11.7.2024 11:00,348.0
11.7.2024 11:15,480.0
11.7.2024 11:30,222.0
11.7.2024 11:45,252.0
11.7.2024 12:00,666.0
11.7.2024 12:15,444.0
11.7.2024 12:30,354.0
11.7.2024 12:45,270.0
11.7.2024 13:00,72.0
11.7.2024 13:15,714.0
11.7.2024 13:30,696.0
11.7.2024 13:45,408.0
11.7.2024 14:00,222.0
11.7.2024 14:15,336.0
11.7.2024 14:30,792.0
11.7.2024 14:45,1212.0
11.7.2024 15:00,1050.0
11.7.2024 15:15,1158.0
11.7.2024 15:30,1068.0
11.7.2024 15:45,1296.0
11.7.2024 16:00,1278.0
11.7.2024 16:15,1146.0
11.7.2024 16:30,1278.0
11.7.2024 16:45,1374.0
11.7.2024 17:00,1644.0
11.7.2024 17:15,1704.0
11.7.2024 17:30,1752.0
11.7.2024 17:45,1764.0
11.7.2024 18:00,1686.0
11.7.2024 18:15,1848.0
11.7.2024 18:30,1596.0
11.7.2024 18:45,1692.0
11.7.2024 19:00,1890.0
11.7.2024 19:15,1698.0
11.7.2024 19:30,1596.0
11.7.2024 19:45,1410.0
11.7.2024 20:00,1440.0
11.7.2024 20:15,1278.0
11.7.2024 20:30,1158.0
11.7.2024 20:45,1254.0
11.7.2024 21:00,1530.0
11.7.2024 21:15,1536.0
11.7.2024 21:30,1530.0
11.7.2024 21:45,1524.0
11.7.2024 22:00,1590.0
11.7.2024 22:15,1794.0
11.7.2024 22:30,1872.0
11.7.2024 22:45,1806.0
11.7.2024 23:00,1830.0
11.7.2024 23:15,1788.0
11.7.2024 23:30,1782.0
11.7.2024 23:45,1836.0
12.7.2024 00:00,1830.0
12.7.2024 00:15,1770.0
12.7.2024 00:30,1812.0
12.7.2024 00:45,1776.0
12.7.2024 01:00,1668.0
12.7.2024 01:15,1410.0
12.7.2024 01:30,1524.0
12.7.2024 01:45,1428.0
12.7.2024 02:00,1320.0
12.7.2024 02:15,1452.0
12.7.2024 02:30,1440.0
12.7.2024 02:45,1350.0
12.7.2024 03:00,1440.0
12.7.2024 03:15,1446.0
12.7.2024 03:30,1386.0
12.7.2024 03:45,1506.0
12.7.2024 04:00,1602.0
12.7.2024 04:15,1740.0
12.7.2024 04:30,1776.0
12.7.2024 04:45,1860.0
12.7.2024 05:00,1836.0
12.7.2024 05:15,1812.0
12.7.2024 05:30,1794.0
12.7.2024 05:45,1512.0
12.7.2024 06:00,1512.0
12.7.2024 06:15,1512.0
12.7.2024 06:30,1476.0
12.7.2024 06:45,1428.0
12.7.2024 07:00,1404.0
12.7.2024 07:15,1350.0
12.7.2024 07:30,1260.0
12.7.2024 07:45,1242.0
12.7.2024 08:00,1326.0
12.7.2024 08:15,1362.0
12.7.2024 08:30,1428.0
12.7.2024 08:45,1500.0
12.7.2024 09:00,1332.0
12.7.2024 09:15,1308.0
12.7.2024 09:30,1314.0
12.7.2024 09:45,1356.0
12.7.2024 10:00,1332.0
12.7.2024 10:15,1272.0
12.7.2024 10:30,1296.0
12.7.2024 10:45,1212.0
12.7.2024 11:00,1200.0
12.7.2024 11:15,1212.0
12.7.2024 11:30,1218.0
12.7.2024 11:45,1116.0
12.7.2024 12:00,1152.0
12.7.2024 12:15,1020.0
12.7.2024 12:30,1008.0
12.7.2024 12:45,882.0
12.7.2024 13:00,786.0
12.7.2024 13:15,834.0
12.7.2024 13:30,954.0
12.7.2024 13:45,924.0
12.7.2024 14:00,756.0
12.7.2024 14:15,1290.0
12.7.2024 14:30,1284.0
12.7.2024 14:45,1368.0
12.7.2024 15:00,1368.0
12.7.2024 15:15,1560.0
12.7.2024 15:30,888.0
12.7.2024 15:45,1200.0
12.7.2024 16:00,1338.0
12.7.2024 16:15,1584.0
12.7.2024 16:30,1404.0
12.7.2024 16:45,1230.0
12.7.2024 17:00,1086.0
12.7.2024 17:15,1236.0
12.7.2024 17:30,1200.0
12.7.2024 17:45,1296.0
12.7.2024 18:00,1602.0
12.7.2024 18:15,1926.0
12.7.2024 18:30,1884.0
12.7.2024 18:45,1920.0
12.7.2024 19:00,1824.0
12.7.2024 19:15,1806.0
12.7.2024 19:30,1746.0
12.7.2024 19:45,1548.0
12.7.2024 20:00,1908.0
12.7.2024 20:15,1908.0
12.7.2024 20:30,1992.0
12.7.2024 20:45,1812.0
12.7.2024 21:00,1530.0
12.7.2024 21:15,1572.0
12.7.2024 21:30,1788.0
12.7.2024 21:45,1854.0
12.7.2024 22:00,1914.0
12.7.2024 22:15,1974.0
12.7.2024 22:30,1902.0
12.7.2024 22:45,1914.0
12.7.2024 23:00,1932.0
12.7.2024 23:15,1878.0
12.7.2024 23:30,1926.0
12.7.2024 23:45,1974.0
13.7.2024 00:00,1944.0
13.7.2024 00:15,1944.0
13.7.2024 00:30,1896.0
13.7.2024 00:45,1860.0
13.7.2024 01:00,1848.0
13.7.2024 01:15,1788.0
13.7.2024 01:30,1908.0
13.7.2024 01:45,1530.0
13.7.2024 02:00,1782.0
13.7.2024 02:15,1794.0
13.7.2024 02:30,1602.0
13.7.2024 02:45,1860.0
13.7.2024 03:00,1998.0
13.7.2024 03:15,1926.0
13.7.2024 03:30,1920.0
13.7.2024 03:45,1818.0
13.7.2024 04:00,1704.0
13.7.2024 04:15,1416.0
13.7.2024 04:30,1374.0
13.7.2024 04:45,1536.0
13.7.2024 05:00,1608.0
13.7.2024 05:15,1488.0
13.7.2024 05:30,1524.0
13.7.2024 05:45,1596.0
13.7.2024 06:00,1548.0
13.7.2024 06:15,1530.0
13.7.2024 06:30,1632.0
13.7.2024 06:45,1728.0
13.7.2024 07:00,1662.0
13.7.2024 07:15,1524.0
13.7.2024 07:30,1404.0
13.7.2024 07:45,1440.0
13.7.2024 08:00,1224.0
13.7.2024 08:15,918.0
13.7.2024 08:30,1050.0
13.7.2024 08:45,1176.0
13.7.2024 09:00,1092.0
13.7.2024 09:15,732.0
13.7.2024 09:30,654.0
13.7.2024 09:45,504.0
13.7.2024 10:00,546.0
13.7.2024 10:15,852.0
13.7.2024 10:30,768.0
13.7.2024 10:45,462.0
13.7.2024 11:00,228.0
13.7.2024 11:15,1230.0
13.7.2024 11:30,1212.0
13.7.2024 11:45,1188.0
13.7.2024 12:00,1026.0
13.7.2024 12:15,1020.0
13.7.2024 12:30,828.0
13.7.2024 12:45,612.0
13.7.2024 13:00,870.0
13.7.2024 13:15,720.0
13.7.2024 13:30,1104.0
13.7.2024 13:45,1014.0
13.7.2024 14:00,942.0
13.7.2024 14:15,972.0
13.7.2024 14:30,1116.0
13.7.2024 14:45,1200.0
13.7.2024 15:00,1446.0
13.7.2024 15:15,1320.0
13.7.2024 15:30,768.0
13.7.2024 15:45,744.0
13.7.2024 16:00,1302.0
13.7.2024 16:15,1350.0
13.7.2024 16:30,1368.0
13.7.2024 16:45,1296.0
13.7.2024 17:00,1698.0
13.7.2024 17:15,1590.0
13.7.2024 17:30,1614.0
13.7.2024 17:45,1770.0
13.7.2024 18:00,1986.0
13.7.2024 18:15,1980.0
13.7.2024 18:30,1860.0
13.7.2024 18:45,1986.0
13.7.2024 19:00,1968.0
13.7.2024 19:15,1944.0
13.7.2024 19:30,2004.0
13.7.2024 19:45,1956.0
13.7.2024 20:00,1758.0
13.7.2024 20:15,1590.0
13.7.2024 20:30,2022.0
13.7.2024 20:45,2004.0
13.7.2024 21:00,1716.0
13.7.2024 21:15,1542.0
13.7.2024 21:30,1578.0
13.7.2024 21:45,1860.0
13.7.2024 22:00,1692.0
13.7.2024 22:15,1668.0
13.7.2024 22:30,2094.0
13.7.2024 22:45,2052.0
13.7.2024 23:00,1518.0
13.7.2024 23:15,1638.0
13.7.2024 23:30,1932.0
13.7.2024 23:45,1896.0
14.7.2024 00:00,1854.0
14.7.2024 00:15,1740.0
14.7.2024 00:30,1926.0
14.7.2024 00:45,1704.0
14.7.2024 01:00,1944.0
14.7.2024 01:15,1896.0
14.7.2024 01:30,1800.0
14.7.2024 01:45,1860.0
14.7.2024 02:00,1956.0
14.7.2024 02:15,1800.0
14.7.2024 02:30,1326.0
14.7.2024 02:45,1848.0
14.7.2024 03:00,1962.0
14.7.2024 03:15,1944.0
14.7.2024 03:30,1950.0
14.7.2024 03:45,1272.0
14.7.2024 04:00,1818.0
14.7.2024 04:15,2022.0
14.7.2024 04:30,1944.0
14.7.2024 04:45,1824.0
14.7.2024 05:00,1644.0
14.7.2024 05:15,1842.0
14.7.2024 05:30,1758.0
14.7.2024 05:45,1626.0
14.7.2024 06:00,1962.0
14.7.2024 06:15,1920.0
14.7.2024 06:30,1722.0
14.7.2024 06:45,1800.0
14.7.2024 07:00,1620.0
14.7.2024 07:15,1584.0
14.7.2024 07:30,1542.0
14.7.2024 07:45,1428.0
14.7.2024 08:00,918.0
14.7.2024 08:15,1206.0
14.7.2024 08:30,1614.0
14.7.2024 08:45,1656.0
14.7.2024 09:00,1314.0
14.7.2024 09:15,1122.0
14.7.2024 09:30,996.0
14.7.2024 09:45,1086.0
14.7.2024 10:00,1284.0
14.7.2024 10:15,1230.0
14.7.2024 10:30,912.0
14.7.2024 10:45,858.0
14.7.2024 11:00,636.0
14.7.2024 11:15,894.0
14.7.2024 11:30,750.0
14.7.2024 11:45,780.0
14.7.2024 12:00,546.0
14.7.2024 12:15,552.0
14.7.2024 12:30,486.0
14.7.2024 12:45,750.0
14.7.2024 13:00,1182.0
14.7.2024 13:15,888.0
14.7.2024 13:30,714.0
14.7.2024 13:45,576.0
14.7.2024 14:00,1098.0
14.7.2024 14:15,1188.0
14.7.2024 14:30,960.0
14.7.2024 14:45,540.0
14.7.2024 15:00,972.0
14.7.2024 15:15,1206.0
14.7.2024 15:30,1206.0
14.7.2024 15:45,1236.0
14.7.2024 16:00,1164.0
14.7.2024 16:15,1200.0
14.7.2024 16:30,1110.0
14.7.2024 16:45,1356.0
14.7.2024 17:00,1356.0
14.7.2024 17:15,1692.0
14.7.2024 17:30,1752.0
14.7.2024 17:45,1704.0
14.7.2024 18:00,1902.0
14.7.2024 18:15,1920.0
14.7.2024 18:30,1836.0
14.7.2024 18:45,1944.0
14.7.2024 19:00,1914.0
14.7.2024 19:15,1548.0
14.7.2024 19:30,1746.0
14.7.2024 19:45,1416.0
14.7.2024 20:00,1308.0
14.7.2024 20:15,1956.0
14.7.2024 20:30,1800.0
14.7.2024 20:45,2010.0
14.7.2024 21:00,2004.0
14.7.2024 21:15,1944.0
14.7.2024 21:30,1908.0
14.7.2024 21:45,1620.0
14.7.2024 22:00,1800.0
14.7.2024 22:15,1914.0
14.7.2024 22:30,1812.0
14.7.2024 22:45,1500.0
14.7.2024 23:00,1848.0
14.7.2024 23:15,1806.0
14.7.2024 23:30,1422.0
14.7.2024 23:45,1350.0
15.7.2024 00:00,1824.0
15.7.2024 00:15,1932.0
15.7.2024 00:30,1854.0
15.7.2024 00:45,1938.0
15.7.2024 01:00,2016.0
15.7.2024 01:15,1974.0
15.7.2024 01:30,1962.0
15.7.2024 01:45,1968.0
15.7.2024 02:00,1902.0
15.7.2024 02:15,1668.0
15.7.2024 02:30,1824.0
15.7.2024 02:45,1806.0
15.7.2024 03:00,1614.0
15.7.2024 03:15,1218.0
15.7.2024 03:30,1500.0
15.7.2024 03:45,1668.0
15.7.2024 04:00,1572.0
15.7.2024 04:15,1656.0
15.7.2024 04:30,1992.0
15.7.2024 04:45,2028.0
15.7.2024 05:00,2028.0
15.7.2024 05:15,1884.0
15.7.2024 05:30,1740.0
15.7.2024 05:45,1860.0
15.7.2024 06:00,1896.0
15.7.2024 06:15,1926.0
15.7.2024 06:30,1920.0
15.7.2024 06:45,1908.0
15.7.2024 07:00,1872.0
15.7.2024 07:15,1932.0
15.7.2024 07:30,1842.0
15.7.2024 07:45,1236.0
15.7.2024 08:00,1020.0
15.7.2024 08:15,1770.0
15.7.2024 08:30,1770.0
15.7.2024 08:45,1482.0
15.7.2024 09:00,1350.0
15.7.2024 09:15,1422.0
15.7.2024 09:30,1488.0
15.7.2024 09:45,1512.0
15.7.2024 10:00,1794.0
15.7.2024 10:15,1812.0
15.7.2024 10:30,1788.0
15.7.2024 10:45,1782.0
15.7.2024 11:00,1770.0
15.7.2024 11:15,1554.0
15.7.2024 11:30,1206.0
15.7.2024 11:45,1200.0
15.7.2024 12:00,1578.0
15.7.2024 12:15,1614.0
15.7.2024 12:30,1596.0
15.7.2024 12:45,1380.0
15.7.2024 13:00,1158.0
15.7.2024 13:15,1428.0
15.7.2024 13:30,1308.0
15.7.2024 13:45,1458.0
15.7.2024 14:00,1632.0
15.7.2024 14:15,1458.0
15.7.2024 14:30,1302.0
15.7.2024 14:45,1020.0
15.7.2024 15:00,1044.0
15.7.2024 15:15,1344.0
15.7.2024 15:30,1524.0
15.7.2024 15:45,1776.0
15.7.2024 16:00,1758.0
15.7.2024 16:15,1650.0
15.7.2024 16:30,1800.0
15.7.2024 16:45,1716.0
15.7.2024 17:00,1908.0
15.7.2024 17:15,1638.0
15.7.2024 17:30,1956.0
15.7.2024 17:45,1788.0
15.7.2024 18:00,1638.0
15.7.2024 18:15,1986.0
15.7.2024 18:30,1992.0
15.7.2024 18:45,1836.0
15.7.2024 19:00,1758.0
15.7.2024 19:15,1890.0
15.7.2024 19:30,1884.0
15.7.2024 19:45,1476.0
15.7.2024 20:00,1254.0
15.7.2024 20:15,1722.0
15.7.2024 20:30,1896.0
15.7.2024 20:45,1860.0
15.7.2024 21:00,1770.0
15.7.2024 21:15,1680.0
15.7.2024 21:30,2016.0
15.7.2024 21:45,1908.0
15.7.2024 22:00,1608.0
15.7.2024 22:15,1578.0
15.7.2024 22:30,1896.0
15.7.2024 22:45,1812.0
15.7.2024 23:00,1554.0
15.7.2024 23:15,1788.0
15.7.2024 23:30,1854.0
15.7.2024 23:45,1956.0
16.7.2024 00:00,1758.0
16.7.2024 00:15,1578.0
16.7.2024 00:30,1566.0
16.7.2024 00:45,1584.0
16.7.2024 01:00,1728.0
16.7.2024 01:15,1932.0
16.7.2024 01:30,1740.0
16.7.2024 01:45,1464.0
16.7.2024 02:00,1602.0
16.7.2024 02:15,1890.0
16.7.2024 02:30,1890.0
16.7.2024 02:45,2016.0
16.7.2024 03:00,1776.0
16.7.2024 03:15,1956.0
16.7.2024 03:30,1926.0
16.7.2024 03:45,1800.0
16.7.2024 04:00,1770.0
16.7.2024 04:15,1734.0
16.7.2024 04:30,1758.0
16.7.2024 04:45,1878.0
16.7.2024 05:00,1812.0
16.7.2024 05:15,1950.0
16.7.2024 05:30,1908.0
16.7.2024 05:45,1824.0
16.7.2024 06:00,1836.0
16.7.2024 06:15,1716.0
16.7.2024 06:30,1890.0
16.7.2024 06:45,1896.0
16.7.2024 07:00,1842.0
16.7.2024 07:15,1626.0
16.7.2024 07:30,1596.0
16.7.2024 07:45,1320.0
16.7.2024 08:00,906.0
16.7.2024 08:15,1062.0
16.7.2024 08:30,966.0
16.7.2024 08:45,1254.0
16.7.2024 09:00,1416.0
16.7.2024 09:15,1356.0
16.7.2024 09:30,1500.0
16.7.2024 09:45,1368.0
16.7.2024 10:00,1320.0
16.7.2024 10:15,1290.0
16.7.2024 10:30,1326.0
16.7.2024 10:45,1368.0
16.7.2024 11:00,1344.0
16.7.2024 11:15,1086.0
16.7.2024 11:30,1254.0
16.7.2024 11:45,1458.0
16.7.2024 12:00,1458.0
16.7.2024 12:15,1542.0
16.7.2024 12:30,1284.0
16.7.2024 12:45,1362.0
16.7.2024 13:00,1530.0
16.7.2024 13:15,1392.0
16.7.2024 13:30,1416.0
16.7.2024 13:45,1194.0
16.7.2024 14:00,1848.0
16.7.2024 14:15,1464.0
16.7.2024 14:30,1722.0
16.7.2024 14:45,1752.0
16.7.2024 15:00,1794.0
16.7.2024 15:15,1632.0
16.7.2024 15:30,1752.0
16.7.2024 15:45,1842.0
16.7.2024 16:00,1866.0
16.7.2024 16:15,1500.0
16.7.2024 16:30,1512.0
16.7.2024 16:45,1554.0
16.7.2024 17:00,1800.0
16.7.2024 17:15,1800.0
16.7.2024 17:30,1872.0
16.7.2024 17:45,1674.0
16.7.2024 18:00,1830.0
16.7.2024 18:15,1926.0
16.7.2024 18:30,1962.0
16.7.2024 18:45,1860.0
16.7.2024 19:00,1572.0
16.7.2024 19:15,1992.0
16.7.2024 19:30,1974.0
16.7.2024 19:45,1500.0
16.7.2024 20:00,1818.0
16.7.2024 20:15,1902.0
16.7.2024 20:30,1740.0
16.7.2024 20:45,1788.0
16.7.2024 21:00,1968.0
16.7.2024 21:15,1932.0
16.7.2024 21:30,1392.0
16.7.2024 21:45,1764.0
16.7.2024 22:00,1890.0
16.7.2024 22:15,1866.0
16.7.2024 22:30,1476.0
16.7.2024 22:45,1902.0
16.7.2024 23:00,1896.0
16.7.2024 23:15,1932.0
16.7.2024 23:30,1848.0
16.7.2024 23:45,1710.0
17.7.2024 00:00,1650.0
17.7.2024 00:15,1800.0
17.7.2024 00:30,1908.0
17.7.2024 00:45,1824.0
17.7.2024 01:00,1848.0
17.7.2024 01:15,1728.0
17.7.2024 01:30,1752.0
17.7.2024 01:45,1620.0
17.7.2024 02:00,1932.0
17.7.2024 02:15,1932.0
17.7.2024 02:30,1902.0
17.7.2024 02:45,1884.0
17.7.2024 03:00,1620.0
17.7.2024 03:15,1740.0
17.7.2024 03:30,1956.0
17.7.2024 03:45,1980.0
17.7.2024 04:00,1956.0
17.7.2024 04:15,1704.0
17.7.2024 04:30,1566.0
17.7.2024 04:45,1770.0
17.7.2024 05:00,1944.0
17.7.2024 05:15,1812.0
17.7.2024 05:30,1812.0
17.7.2024 05:45,1764.0
17.7.2024 06:00,1830.0
17.7.2024 06:15,1764.0
17.7.2024 06:30,1740.0
17.7.2024 06:45,1830.0
17.7.2024 07:00,1674.0
17.7.2024 07:15,1770.0
17.7.2024 07:30,1596.0
17.7.2024 07:45,1206.0
17.7.2024 08:00,834.0
17.7.2024 08:15,1254.0
17.7.2024 08:30,1716.0
17.7.2024 08:45,1626.0
17.7.2024 09:00,1716.0
17.7.2024 09:15,1494.0
17.7.2024 09:30,1320.0
17.7.2024 09:45,1134.0
17.7.2024 10:00,1584.0
17.7.2024 10:15,1194.0
17.7.2024 10:30,1290.0
17.7.2024 10:45,948.0
17.7.2024 11:00,954.0
17.7.2024 11:15,372.0
17.7.2024 11:30,654.0
17.7.2024 11:45,966.0
17.7.2024 12:00,1020.0
17.7.2024 12:15,1116.0
17.7.2024 12:30,840.0
17.7.2024 12:45,942.0
17.7.2024 13:00,876.0
17.7.2024 13:15,1188.0
17.7.2024 13:30,942.0
17.7.2024 13:45,816.0
17.7.2024 14:00,1032.0
17.7.2024 14:15,1140.0
17.7.2024 14:30,912.0
17.7.2024 14:45,1386.0
17.7.2024 15:00,1542.0
17.7.2024 15:15,1458.0
17.7.2024 15:30,1338.0
17.7.2024 15:45,1476.0
17.7.2024 16:00,1356.0
17.7.2024 16:15,1284.0
17.7.2024 16:30,1494.0
17.7.2024 16:45,1620.0
17.7.2024 17:00,1704.0
17.7.2024 17:15,1848.0
17.7.2024 17:30,1728.0
17.7.2024 17:45,1758.0
17.7.2024 18:00,1752.0
17.7.2024 18:15,1506.0
17.7.2024 18:30,1626.0
17.7.2024 18:45,1776.0
17.7.2024 19:00,1938.0
17.7.2024 19:15,1938.0
17.7.2024 19:30,1956.0
17.7.2024 19:45,1266.0
17.7.2024 20:00,1440.0
17.7.2024 20:15,1896.0
17.7.2024 20:30,1932.0
17.7.2024 20:45,2034.0
17.7.2024 21:00,2052.0
17.7.2024 21:15,1530.0
17.7.2024 21:30,1260.0
17.7.2024 21:45,2004.0
17.7.2024 22:00,1806.0
17.7.2024 22:15,1608.0
17.7.2024 22:30,1932.0
17.7.2024 22:45,1848.0
17.7.2024 23:00,1980.0
17.7.2024 23:15,2100.0
17.7.2024 23:30,1992.0
17.7.2024 23:45,1932.0
18.7.2024 00:00,1740.0
18.7.2024 00:15,1818.0
18.7.2024 00:30,1752.0
18.7.2024 00:45,1890.0
18.7.2024 01:00,1920.0
18.7.2024 01:15,1842.0
18.7.2024 01:30,1290.0
18.7.2024 01:45,1812.0
18.7.2024 02:00,1662.0
18.7.2024 02:15,1800.0
18.7.2024 02:30,1878.0
18.7.2024 02:45,1806.0
18.7.2024 03:00,1956.0
18.7.2024 03:15,1428.0
18.7.2024 03:30,1536.0
18.7.2024 03:45,1566.0
18.7.2024 04:00,1572.0
18.7.2024 04:15,1578.0
18.7.2024 04:30,1680.0
18.7.2024 04:45,2028.0
18.7.2024 05:00,1896.0
18.7.2024 05:15,1992.0
18.7.2024 05:30,1992.0
18.7.2024 05:45,1956.0
18.7.2024 06:00,1908.0
18.7.2024 06:15,2016.0
18.7.2024 06:30,2070.0
18.7.2024 06:45,1932.0
18.7.2024 07:00,2052.0
18.7.2024 07:15,1914.0
18.7.2024 07:30,1806.0
18.7.2024 07:45,1404.0
18.7.2024 08:00,990.0
18.7.2024 08:15,1236.0
18.7.2024 08:30,1638.0
18.7.2024 08:45,1746.0
18.7.2024 09:00,1800.0
18.7.2024 09:15,1638.0
18.7.2024 09:30,1248.0
18.7.2024 09:45,1158.0
18.7.2024 10:00,1020.0
18.7.2024 10:15,1224.0
18.7.2024 10:30,1494.0
18.7.2024 10:45,1482.0
18.7.2024 11:00,1218.0
18.7.2024 11:15,1032.0
18.7.2024 11:30,882.0
18.7.2024 11:45,1266.0
18.7.2024 12:00,930.0
18.7.2024 12:15,606.0
18.7.2024 12:30,1158.0
18.7.2024 12:45,1596.0
18.7.2024 13:00,960.0
18.7.2024 13:15,1158.0
18.7.2024 13:30,1176.0
18.7.2024 13:45,726.0
18.7.2024 14:00,1194.0
18.7.2024 14:15,1146.0
18.7.2024 14:30,1290.0
18.7.2024 14:45,1302.0
18.7.2024 15:00,1476.0
18.7.2024 15:15,1512.0
18.7.2024 15:30,1398.0
18.7.2024 15:45,1578.0
18.7.2024 16:00,1752.0
18.7.2024 16:15,1548.0
18.7.2024 16:30,1680.0
18.7.2024 16:45,1560.0
18.7.2024 17:00,1890.0
18.7.2024 17:15,1656.0
18.7.2024 17:30,1596.0
18.7.2024 17:45,1848.0
18.7.2024 18:00,1860.0
18.7.2024 18:15,1908.0
18.7.2024 18:30,1896.0
18.7.2024 18:45,1872.0
18.7.2024 19:00,1824.0
18.7.2024 19:15,1968.0
18.7.2024 19:30,1848.0
18.7.2024 19:45,1254.0
18.7.2024 20:00,1140.0
18.7.2024 20:15,1734.0
18.7.2024 20:30,1998.0
18.7.2024 20:45,1926.0
18.7.2024 21:00,2004.0
18.7.2024 21:15,1896.0
18.7.2024 21:30,1986.0
18.7.2024 21:45,1764.0
18.7.2024 22:00,1416.0
18.7.2024 22:15,1104.0
18.7.2024 22:30,1026.0
18.7.2024 22:45,1008.0
18.7.2024 23:00,1032.0
18.7.2024 23:15,1014.0
18.7.2024 23:30,1008.0
18.7.2024 23:45,1014.0
19.7.2024 00:00,1014.0
19.7.2024 00:15,1020.0
19.7.2024 00:30,1020.0
19.7.2024 00:45,1014.0
19.7.2024 01:00,1014.0
19.7.2024 01:15,1026.0
19.7.2024 01:30,966.0
19.7.2024 01:45,936.0
19.7.2024 02:00,936.0
19.7.2024 02:15,924.0
19.7.2024 02:30,912.0
19.7.2024 02:45,966.0
19.7.2024 03:00,960.0
19.7.2024 03:15,972.0
19.7.2024 03:30,960.0
19.7.2024 03:45,924.0
19.7.2024 04:00,918.0
19.7.2024 04:15,906.0
19.7.2024 04:30,894.0
19.7.2024 04:45,864.0
19.7.2024 05:00,864.0
19.7.2024 05:15,876.0
19.7.2024 05:30,864.0
19.7.2024 05:45,864.0
19.7.2024 06:00,858.0
19.7.2024 06:15,816.0
19.7.2024 06:30,810.0
19.7.2024 06:45,744.0
19.7.2024 07:00,552.0
19.7.2024 07:15,600.0
19.7.2024 07:30,558.0
19.7.2024 07:45,114.0
19.7.2024 08:00,24.0
19.7.2024 08:15,0.0
19.7.2024 08:30,12.0
19.7.2024 08:45,72.0
19.7.2024 09:00,72.0
19.7.2024 09:15,42.0
19.7.2024 09:30,18.0
19.7.2024 09:45,12.0
19.7.2024 10:00,18.0
19.7.2024 10:15,12.0
19.7.2024 10:30,12.0
19.7.2024 10:45,6.0
19.7.2024 11:00,12.0
19.7.2024 11:15,18.0
19.7.2024 11:30,78.0
19.7.2024 11:45,120.0
19.7.2024 12:00,42.0
19.7.2024 12:15,0.0
19.7.2024 12:30,0.0
19.7.2024 12:45,0.0
19.7.2024 13:00,6.0
19.7.2024 13:15,6.0
19.7.2024 13:30,12.0
19.7.2024 13:45,12.0
19.7.2024 14:00,48.0
19.7.2024 14:15,72.0
19.7.2024 14:30,84.0
19.7.2024 14:45,120.0
19.7.2024 15:00,78.0
19.7.2024 15:15,144.0
19.7.2024 15:30,120.0
19.7.2024 15:45,96.0
19.7.2024 16:00,84.0
19.7.2024 16:15,84.0
19.7.2024 16:30,66.0
19.7.2024 16:45,48.0
19.7.2024 17:00,84.0
19.7.2024 17:15,84.0
19.7.2024 17:30,66.0
19.7.2024 17:45,72.0
19.7.2024 18:00,72.0
19.7.2024 18:15,72.0
19.7.2024 18:30,78.0
19.7.2024 18:45,78.0
19.7.2024 19:00,78.0
19.7.2024 19:15,78.0
19.7.2024 19:30,78.0
19.7.2024 19:45,78.0
19.7.2024 20:00,84.0
19.7.2024 20:15,78.0
19.7.2024 20:30,78.0
19.7.2024 20:45,78.0
19.7.2024 21:00,72.0
19.7.2024 21:15,78.0
19.7.2024 21:30,72.0
19.7.2024 21:45,78.0
19.7.2024 22:00,72.0
19.7.2024 22:15,78.0
19.7.2024 22:30,78.0
19.7.2024 22:45,84.0
19.7.2024 23:00,78.0
19.7.2024 23:15,72.0
19.7.2024 23:30,78.0
19.7.2024 23:45,78.0
20.7.2024 00:00,78.0
20.7.2024 00:15,78.0
20.7.2024 00:30,72.0
20.7.2024 00:45,78.0
20.7.2024 01:00,72.0
20.7.2024 01:15,78.0
20.7.2024 01:30,72.0
20.7.2024 01:45,72.0
20.7.2024 02:00,72.0
20.7.2024 02:15,78.0
20.7.2024 02:30,78.0
20.7.2024 02:45,78.0
20.7.2024 03:00,78.0
20.7.2024 03:15,78.0
20.7.2024 03:30,72.0
20.7.2024 03:45,72.0
20.7.2024 04:00,72.0
20.7.2024 04:15,72.0
20.7.2024 04:30,72.0
20.7.2024 04:45,72.0
20.7.2024 05:00,72.0
20.7.2024 05:15,72.0
20.7.2024 05:30,72.0
20.7.2024 05:45,66.0
20.7.2024 06:00,66.0
20.7.2024 06:15,66.0
20.7.2024 06:30,66.0
20.7.2024 06:45,66.0
20.7.2024 07:00,66.0
20.7.2024 07:15,24.0
20.7.2024 07:30,0.0
20.7.2024 07:45,0.0
20.7.2024 08:00,0.0
20.7.2024 08:15,0.0
20.7.2024 08:30,0.0
20.7.2024 08:45,66.0
20.7.2024 09:00,24.0
20.7.2024 09:15,42.0
20.7.2024 09:30,48.0
20.7.2024 09:45,36.0
20.7.2024 10:00,30.0
20.7.2024 10:15,12.0
20.7.2024 10:30,18.0
20.7.2024 10:45,12.0
20.7.2024 11:00,6.0
20.7.2024 11:15,6.0
20.7.2024 11:30,36.0
20.7.2024 11:45,12.0
20.7.2024 12:00,0.0
20.7.2024 12:15,6.0
20.7.2024 12:30,0.0
20.7.2024 12:45,0.0
20.7.2024 13:00,30.0
20.7.2024 13:15,108.0
20.7.2024 13:30,60.0
20.7.2024 13:45,42.0
20.7.2024 14:00,54.0
20.7.2024 14:15,36.0
20.7.2024 14:30,36.0
20.7.2024 14:45,36.0
20.7.2024 15:00,24.0
20.7.2024 15:15,36.0
20.7.2024 15:30,60.0
20.7.2024 15:45,60.0
20.7.2024 16:00,48.0
20.7.2024 16:15,42.0
20.7.2024 16:30,42.0
20.7.2024 16:45,36.0
20.7.2024 17:00,30.0
20.7.2024 17:15,30.0
20.7.2024 17:30,30.0
20.7.2024 17:45,24.0
20.7.2024 18:00,24.0
20.7.2024 18:15,30.0
20.7.2024 18:30,24.0
20.7.2024 18:45,30.0
20.7.2024 19:00,30.0
20.7.2024 19:15,30.0
20.7.2024 19:30,30.0
20.7.2024 19:45,30.0
20.7.2024 20:00,30.0
20.7.2024 20:15,30.0
20.7.2024 20:30,30.0
20.7.2024 20:45,30.0
20.7.2024 21:00,30.0
20.7.2024 21:15,24.0
20.7.2024 21:30,30.0
20.7.2024 21:45,30.0
20.7.2024 22:00,30.0
20.7.2024 22:15,60.0
20.7.2024 22:30,72.0
20.7.2024 22:45,72.0
20.7.2024 23:00,72.0
20.7.2024 23:15,72.0
20.7.2024 23:30,72.0
20.7.2024 23:45,72.0
21.7.2024 00:00,72.0
21.7.2024 00:15,78.0
21.7.2024 00:30,78.0
21.7.2024 00:45,72.0
21.7.2024 01:00,78.0
21.7.2024 01:15,78.0
21.7.2024 01:30,72.0
21.7.2024 01:45,78.0
21.7.2024 02:00,72.0
21.7.2024 02:15,78.0
21.7.2024 02:30,78.0
21.7.2024 02:45,78.0
21.7.2024 03:00,78.0
21.7.2024 03:15,78.0
21.7.2024 03:30,72.0
21.7.2024 03:45,72.0
21.7.2024 04:00,72.0
21.7.2024 04:15,72.0
21.7.2024 04:30,72.0
21.7.2024 04:45,72.0
21.7.2024 05:00,72.0
21.7.2024 05:15,72.0
21.7.2024 05:30,72.0
21.7.2024 05:45,72.0
21.7.2024 06:00,72.0
21.7.2024 06:15,60.0
21.7.2024 06:30,60.0
21.7.2024 06:45,60.0
21.7.2024 07:00,66.0
21.7.2024 07:15,60.0
21.7.2024 07:30,66.0
21.7.2024 07:45,66.0
21.7.2024 08:00,60.0
21.7.2024 08:15,54.0
21.7.2024 08:30,66.0
21.7.2024 08:45,72.0
21.7.2024 09:00,72.0
21.7.2024 09:15,42.0
21.7.2024 09:30,36.0
21.7.2024 09:45,18.0
21.7.2024 10:00,18.0
21.7.2024 10:15,12.0
21.7.2024 10:30,18.0
21.7.2024 10:45,12.0
21.7.2024 11:00,12.0
21.7.2024 11:15,0.0
21.7.2024 11:30,6.0
21.7.2024 11:45,30.0
21.7.2024 12:00,42.0
21.7.2024 12:15,48.0
21.7.2024 12:30,24.0
21.7.2024 12:45,36.0
21.7.2024 13:00,42.0
21.7.2024 13:15,48.0
21.7.2024 13:30,42.0
21.7.2024 13:45,60.0
21.7.2024 14:00,48.0
21.7.2024 14:15,0.0
21.7.2024 14:30,0.0
21.7.2024 14:45,6.0
21.7.2024 15:00,6.0
21.7.2024 15:15,0.0
21.7.2024 15:30,0.0
21.7.2024 15:45,0.0
21.7.2024 16:00,0.0
21.7.2024 16:15,0.0
21.7.2024 16:30,12.0
21.7.2024 16:45,36.0
21.7.2024 17:00,30.0
21.7.2024 17:15,24.0
21.7.2024 17:30,24.0
21.7.2024 17:45,24.0
21.7.2024 18:00,30.0
21.7.2024 18:15,30.0
21.7.2024 18:30,36.0
21.7.2024 18:45,30.0
21.7.2024 19:00,36.0
21.7.2024 19:15,36.0
21.7.2024 19:30,30.0
21.7.2024 19:45,30.0
21.7.2024 20:00,30.0
21.7.2024 20:15,30.0
21.7.2024 20:30,30.0
21.7.2024 20:45,30.0
21.7.2024 21:00,30.0
21.7.2024 21:15,30.0
21.7.2024 21:30,30.0
21.7.2024 21:45,30.0
21.7.2024 22:00,30.0
21.7.2024 22:15,60.0
21.7.2024 22:30,72.0
21.7.2024 22:45,72.0
21.7.2024 23:00,72.0
21.7.2024 23:15,72.0
21.7.2024 23:30,72.0
21.7.2024 23:45,72.0
22.7.2024 00:00,72.0
22.7.2024 00:15,72.0
22.7.2024 00:30,72.0
22.7.2024 00:45,72.0
22.7.2024 01:00,72.0
22.7.2024 01:15,72.0
22.7.2024 01:30,72.0
22.7.2024 01:45,72.0
22.7.2024 02:00,72.0
22.7.2024 02:15,72.0
22.7.2024 02:30,72.0
22.7.2024 02:45,72.0
22.7.2024 03:00,72.0
22.7.2024 03:15,72.0
22.7.2024 03:30,72.0
22.7.2024 03:45,72.0
22.7.2024 04:00,72.0
22.7.2024 04:15,72.0
22.7.2024 04:30,72.0
22.7.2024 04:45,72.0
22.7.2024 05:00,66.0
22.7.2024 05:15,66.0
22.7.2024 05:30,66.0
22.7.2024 05:45,66.0
22.7.2024 06:00,60.0
22.7.2024 06:15,60.0
22.7.2024 06:30,60.0
22.7.2024 06:45,66.0
22.7.2024 07:00,66.0
22.7.2024 07:15,66.0
22.7.2024 07:30,48.0
22.7.2024 07:45,24.0
22.7.2024 08:00,36.0
22.7.2024 08:15,12.0
22.7.2024 08:30,36.0
22.7.2024 08:45,18.0
22.7.2024 09:00,36.0
22.7.2024 09:15,0.0
22.7.2024 09:30,6.0
22.7.2024 09:45,12.0
22.7.2024 10:00,6.0
22.7.2024 10:15,6.0
22.7.2024 10:30,0.0
22.7.2024 10:45,0.0
22.7.2024 11:00,0.0
22.7.2024 11:15,0.0
22.7.2024 11:30,0.0
22.7.2024 11:45,0.0
22.7.2024 12:00,0.0
22.7.2024 12:15,0.0
22.7.2024 12:30,0.0
22.7.2024 12:45,0.0
22.7.2024 13:00,0.0
22.7.2024 13:15,24.0
22.7.2024 13:30,108.0
22.7.2024 13:45,96.0
22.7.2024 14:00,60.0
22.7.2024 14:15,54.0
22.7.2024 14:30,54.0
22.7.2024 14:45,54.0
22.7.2024 15:00,72.0
22.7.2024 15:15,48.0
22.7.2024 15:30,18.0
22.7.2024 15:45,6.0
22.7.2024 16:00,18.0
22.7.2024 16:15,6.0
22.7.2024 16:30,30.0
22.7.2024 16:45,30.0
22.7.2024 17:00,24.0
22.7.2024 17:15,0.0
22.7.2024 17:30,6.0
22.7.2024 17:45,18.0
22.7.2024 18:00,18.0
22.7.2024 18:15,24.0
22.7.2024 18:30,24.0
22.7.2024 18:45,30.0
22.7.2024 19:00,30.0
22.7.2024 19:15,30.0
22.7.2024 19:30,30.0
22.7.2024 19:45,36.0
22.7.2024 20:00,36.0
22.7.2024 20:15,36.0
22.7.2024 20:30,42.0
22.7.2024 20:45,42.0
22.7.2024 21:00,42.0
22.7.2024 21:15,42.0
22.7.2024 21:30,42.0
22.7.2024 21:45,42.0
22.7.2024 22:00,36.0
22.7.2024 22:15,66.0
22.7.2024 22:30,84.0
22.7.2024 22:45,84.0
22.7.2024 23:00,84.0
22.7.2024 23:15,78.0
22.7.2024 23:30,78.0
22.7.2024 23:45,78.0
23.7.2024 00:00,78.0
23.7.2024 00:15,84.0
23.7.2024 00:30,78.0
23.7.2024 00:45,78.0
23.7.2024 01:00,78.0
23.7.2024 01:15,78.0
23.7.2024 01:30,84.0
23.7.2024 01:45,84.0
23.7.2024 02:00,84.0
23.7.2024 02:15,84.0
23.7.2024 02:30,78.0
23.7.2024 02:45,78.0
23.7.2024 03:00,84.0
23.7.2024 03:15,84.0
23.7.2024 03:30,84.0
23.7.2024 03:45,84.0
23.7.2024 04:00,78.0
23.7.2024 04:15,84.0
23.7.2024 04:30,78.0
23.7.2024 04:45,78.0
23.7.2024 05:00,72.0
23.7.2024 05:15,72.0
23.7.2024 05:30,72.0
23.7.2024 05:45,72.0
23.7.2024 06:00,72.0
23.7.2024 06:15,72.0
23.7.2024 06:30,72.0
23.7.2024 06:45,72.0
23.7.2024 07:00,72.0
23.7.2024 07:15,72.0
23.7.2024 07:30,90.0
23.7.2024 07:45,54.0
23.7.2024 08:00,12.0
23.7.2024 08:15,12.0
23.7.2024 08:30,18.0
23.7.2024 08:45,12.0
23.7.2024 09:00,0.0
23.7.2024 09:15,0.0
23.7.2024 09:30,0.0
23.7.2024 09:45,0.0
23.7.2024 10:00,6.0
23.7.2024 10:15,6.0
23.7.2024 10:30,0.0
23.7.2024 10:45,0.0
23.7.2024 11:00,0.0
23.7.2024 11:15,6.0
23.7.2024 11:30,6.0
23.7.2024 11:45,18.0
23.7.2024 12:00,30.0
23.7.2024 12:15,24.0
23.7.2024 12:30,0.0
23.7.2024 12:45,0.0
23.7.2024 13:00,0.0
23.7.2024 13:15,18.0
23.7.2024 13:30,120.0
23.7.2024 13:45,102.0
23.7.2024 14:00,90.0
23.7.2024 14:15,96.0
23.7.2024 14:30,120.0
23.7.2024 14:45,138.0
23.7.2024 15:00,138.0
23.7.2024 15:15,204.0
23.7.2024 15:30,180.0
23.7.2024 15:45,144.0
23.7.2024 16:00,132.0
23.7.2024 16:15,156.0
23.7.2024 16:30,180.0
23.7.2024 16:45,168.0
23.7.2024 17:00,162.0
23.7.2024 17:15,162.0
23.7.2024 17:30,120.0
23.7.2024 17:45,156.0
23.7.2024 18:00,156.0
23.7.2024 18:15,168.0
23.7.2024 18:30,174.0
23.7.2024 18:45,168.0
23.7.2024 19:00,168.0
23.7.2024 19:15,168.0
23.7.2024 19:30,168.0
23.7.2024 19:45,174.0
23.7.2024 20:00,186.0
23.7.2024 20:15,228.0
23.7.2024 20:30,246.0
23.7.2024 20:45,246.0
23.7.2024 21:00,258.0
23.7.2024 21:15,288.0
23.7.2024 21:30,300.0
23.7.2024 21:45,288.0
23.7.2024 22:00,438.0
23.7.2024 22:15,468.0
23.7.2024 22:30,492.0
23.7.2024 22:45,924.0
23.7.2024 23:00,1332.0
23.7.2024 23:15,1404.0
23.7.2024 23:30,1644.0
23.7.2024 23:45,1758.0
24.7.2024 00:00,1884.0
24.7.2024 00:15,1896.0
24.7.2024 00:30,1860.0
24.7.2024 00:45,1620.0
24.7.2024 01:00,1524.0
24.7.2024 01:15,1674.0
24.7.2024 01:30,1962.0
24.7.2024 01:45,1740.0
24.7.2024 02:00,1962.0
24.7.2024 02:15,1866.0
24.7.2024 02:30,1806.0
24.7.2024 02:45,1620.0
24.7.2024 03:00,1782.0
24.7.2024 03:15,1446.0
24.7.2024 03:30,1128.0
24.7.2024 03:45,1740.0
24.7.2024 04:00,1920.0
24.7.2024 04:15,1872.0
24.7.2024 04:30,1884.0
24.7.2024 04:45,1830.0
24.7.2024 05:00,1698.0
24.7.2024 05:15,1548.0
24.7.2024 05:30,1488.0
24.7.2024 05:45,1248.0
24.7.2024 06:00,1812.0
24.7.2024 06:15,1908.0
24.7.2024 06:30,1686.0
24.7.2024 06:45,1608.0
24.7.2024 07:00,1464.0
24.7.2024 07:15,1344.0
24.7.2024 07:30,600.0
24.7.2024 07:45,576.0
24.7.2024 08:00,810.0
24.7.2024 08:15,1020.0
24.7.2024 08:30,1404.0
24.7.2024 08:45,1068.0
24.7.2024 09:00,1224.0
24.7.2024 09:15,1188.0
24.7.2024 09:30,1110.0
24.7.2024 09:45,834.0
24.7.2024 10:00,1494.0
24.7.2024 10:15,1392.0
24.7.2024 10:30,1374.0
24.7.2024 10:45,1410.0
24.7.2024 11:00,1116.0
24.7.2024 11:15,1242.0
24.7.2024 11:30,1068.0
24.7.2024 11:45,804.0
24.7.2024 12:00,1428.0
24.7.2024 12:15,1134.0
24.7.2024 12:30,1104.0
24.7.2024 12:45,1140.0
24.7.2024 13:00,1548.0
24.7.2024 13:15,1596.0
24.7.2024 13:30,1020.0
24.7.2024 13:45,996.0
24.7.2024 14:00,1224.0
24.7.2024 14:15,990.0
24.7.2024 14:30,966.0
24.7.2024 14:45,954.0
24.7.2024 15:00,1176.0
24.7.2024 15:15,1320.0
24.7.2024 15:30,1548.0
24.7.2024 15:45,1404.0
24.7.2024 16:00,1608.0
24.7.2024 16:15,1866.0
24.7.2024 16:30,1800.0
24.7.2024 16:45,1422.0
24.7.2024 17:00,1674.0
24.7.2024 17:15,1686.0
24.7.2024 17:30,1536.0
24.7.2024 17:45,1902.0
24.7.2024 18:00,1896.0
24.7.2024 18:15,1944.0
24.7.2024 18:30,2028.0
24.7.2024 18:45,2100.0
24.7.2024 19:00,1866.0
24.7.2024 19:15,1800.0
24.7.2024 19:30,1950.0
24.7.2024 19:45,1548.0
24.7.2024 20:00,1140.0
24.7.2024 20:15,1602.0
24.7.2024 20:30,2034.0
24.7.2024 20:45,2022.0
24.7.2024 21:00,1992.0
24.7.2024 21:15,1524.0
24.7.2024 21:30,1644.0
24.7.2024 21:45,1764.0
24.7.2024 22:00,2124.0
24.7.2024 22:15,2082.0
24.7.2024 22:30,2070.0
24.7.2024 22:45,1890.0
24.7.2024 23:00,1212.0
24.7.2024 23:15,1194.0
24.7.2024 23:30,1494.0
24.7.2024 23:45,2088.0
25.7.2024 00:00,2028.0
25.7.2024 00:15,1902.0
25.7.2024 00:30,2112.0
25.7.2024 00:45,1848.0
25.7.2024 01:00,1668.0
25.7.2024 01:15,1956.0
25.7.2024 01:30,1926.0
25.7.2024 01:45,1488.0
25.7.2024 02:00,1128.0
25.7.2024 02:15,1716.0
25.7.2024 02:30,1770.0
25.7.2024 02:45,2022.0
25.7.2024 03:00,1896.0
25.7.2024 03:15,1770.0
25.7.2024 03:30,1668.0
25.7.2024 03:45,1830.0
25.7.2024 04:00,1392.0
25.7.2024 04:15,1644.0
25.7.2024 04:30,1488.0
25.7.2024 04:45,1662.0
25.7.2024 05:00,1794.0
25.7.2024 05:15,2016.0
25.7.2024 05:30,1320.0
25.7.2024 05:45,1170.0
25.7.2024 06:00,1350.0
25.7.2024 06:15,2028.0
25.7.2024 06:30,1848.0
25.7.2024 06:45,1884.0
25.7.2024 07:00,1704.0
25.7.2024 07:15,1644.0
25.7.2024 07:30,1020.0
25.7.2024 07:45,798.0
25.7.2024 08:00,804.0
25.7.2024 08:15,1146.0
25.7.2024 08:30,1230.0
25.7.2024 08:45,1500.0
25.7.2024 09:00,1488.0
25.7.2024 09:15,1344.0
25.7.2024 09:30,1248.0
25.7.2024 09:45,1014.0
25.7.2024 10:00,816.0
25.7.2024 10:15,852.0
25.7.2024 10:30,1014.0
25.7.2024 10:45,960.0
25.7.2024 11:00,1128.0
25.7.2024 11:15,1086.0
25.7.2024 11:30,984.0
25.7.2024 11:45,840.0
25.7.2024 12:00,606.0
25.7.2024 12:15,534.0
25.7.2024 12:30,642.0
25.7.2024 12:45,942.0
25.7.2024 13:00,1152.0
25.7.2024 13:15,1116.0
25.7.2024 13:30,840.0
25.7.2024 13:45,954.0
25.7.2024 14:00,1380.0
25.7.2024 14:15,1146.0
25.7.2024 14:30,840.0
25.7.2024 14:45,528.0
25.7.2024 15:00,498.0
25.7.2024 15:15,660.0
25.7.2024 15:30,372.0
25.7.2024 15:45,420.0
25.7.2024 16:00,576.0
25.7.2024 16:15,558.0
25.7.2024 16:30,300.0
25.7.2024 16:45,402.0
25.7.2024 17:00,456.0
25.7.2024 17:15,282.0
25.7.2024 17:30,240.0
25.7.2024 17:45,198.0
25.7.2024 18:00,186.0
25.7.2024 18:15,186.0
25.7.2024 18:30,180.0
25.7.2024 18:45,180.0
25.7.2024 19:00,180.0
25.7.2024 19:15,180.0
25.7.2024 19:30,180.0
25.7.2024 19:45,180.0
25.7.2024 20:00,180.0
25.7.2024 20:15,186.0
25.7.2024 20:30,186.0
25.7.2024 20:45,180.0
25.7.2024 21:00,180.0
25.7.2024 21:15,186.0
25.7.2024 21:30,174.0
25.7.2024 21:45,174.0
25.7.2024 22:00,180.0
25.7.2024 22:15,174.0
25.7.2024 22:30,174.0
25.7.2024 22:45,180.0
25.7.2024 23:00,186.0
25.7.2024 23:15,192.0
25.7.2024 23:30,180.0
25.7.2024 23:45,186.0
26.7.2024 00:00,192.0
26.7.2024 00:15,186.0
26.7.2024 00:30,186.0
26.7.2024 00:45,180.0
26.7.2024 01:00,186.0
26.7.2024 01:15,180.0
26.7.2024 01:30,162.0
26.7.2024 01:45,132.0
26.7.2024 02:00,132.0
26.7.2024 02:15,138.0
26.7.2024 02:30,138.0
26.7.2024 02:45,180.0
26.7.2024 03:00,192.0
26.7.2024 03:15,192.0
26.7.2024 03:30,192.0
26.7.2024 03:45,186.0
26.7.2024 04:00,180.0
26.7.2024 04:15,174.0
26.7.2024 04:30,174.0
26.7.2024 04:45,168.0
26.7.2024 05:00,168.0
26.7.2024 05:15,168.0
26.7.2024 05:30,168.0
26.7.2024 05:45,168.0
26.7.2024 06:00,186.0
26.7.2024 06:15,348.0
26.7.2024 06:30,456.0
26.7.2024 06:45,468.0
26.7.2024 07:00,324.0
26.7.2024 07:15,294.0
26.7.2024 07:30,210.0
26.7.2024 07:45,132.0
26.7.2024 08:00,312.0
26.7.2024 08:15,690.0
26.7.2024 08:30,984.0
26.7.2024 08:45,1230.0
26.7.2024 09:00,1128.0
26.7.2024 09:15,1044.0
26.7.2024 09:30,1044.0
26.7.2024 09:45,972.0
26.7.2024 10:00,1140.0
26.7.2024 10:15,966.0
26.7.2024 10:30,1410.0
26.7.2024 10:45,1620.0
26.7.2024 11:00,1260.0
26.7.2024 11:15,924.0
26.7.2024 11:30,900.0
26.7.2024 11:45,1062.0
26.7.2024 12:00,936.0
26.7.2024 12:15,708.0
26.7.2024 12:30,702.0
26.7.2024 12:45,960.0
26.7.2024 13:00,786.0
26.7.2024 13:15,660.0
26.7.2024 13:30,972.0
26.7.2024 13:45,1182.0
26.7.2024 14:00,810.0
26.7.2024 14:15,636.0
26.7.2024 14:30,846.0
26.7.2024 14:45,1320.0
26.7.2024 15:00,1380.0
26.7.2024 15:15,1272.0
26.7.2024 15:30,1320.0
26.7.2024 15:45,1320.0
26.7.2024 16:00,1260.0
26.7.2024 16:15,1452.0
26.7.2024 16:30,1506.0
26.7.2024 16:45,1512.0
26.7.2024 17:00,1464.0
26.7.2024 17:15,1458.0
26.7.2024 17:30,1380.0
26.7.2024 17:45,1530.0
26.7.2024 18:00,1536.0
26.7.2024 18:15,1524.0
26.7.2024 18:30,1524.0
26.7.2024 18:45,1560.0
26.7.2024 19:00,1608.0
26.7.2024 19:15,1524.0
26.7.2024 19:30,1506.0
26.7.2024 19:45,1560.0
26.7.2024 20:00,1548.0
26.7.2024 20:15,1602.0
26.7.2024 20:30,1368.0
26.7.2024 20:45,1716.0
26.7.2024 21:00,2052.0
26.7.2024 21:15,1656.0
26.7.2024 21:30,1842.0
26.7.2024 21:45,1956.0
26.7.2024 22:00,1986.0
26.7.2024 22:15,1920.0
26.7.2024 22:30,1746.0
26.7.2024 22:45,1548.0
26.7.2024 23:00,1578.0
26.7.2024 23:15,1872.0
26.7.2024 23:30,1944.0
26.7.2024 23:45,1944.0
27.7.2024 00:00,2052.0
27.7.2024 00:15,1956.0
27.7.2024 00:30,1980.0
27.7.2024 00:45,1830.0
27.7.2024 01:00,1230.0
27.7.2024 01:15,1416.0
27.7.2024 01:30,1980.0
27.7.2024 01:45,1812.0
27.7.2024 02:00,1410.0
27.7.2024 02:15,1560.0
27.7.2024 02:30,1470.0
27.7.2024 02:45,1578.0
27.7.2024 03:00,1554.0
27.7.2024 03:15,1548.0
27.7.2024 03:30,1446.0
27.7.2024 03:45,1620.0
27.7.2024 04:00,2028.0
27.7.2024 04:15,1968.0
27.7.2024 04:30,2040.0
27.7.2024 04:45,1986.0
27.7.2024 05:00,1818.0
27.7.2024 05:15,1716.0
27.7.2024 05:30,1194.0
27.7.2024 05:45,1248.0
27.7.2024 06:00,1776.0
27.7.2024 06:15,1932.0
27.7.2024 06:30,1908.0
27.7.2024 06:45,1434.0
27.7.2024 07:00,1344.0
27.7.2024 07:15,1302.0
27.7.2024 07:30,1200.0
27.7.2024 07:45,1224.0
27.7.2024 08:00,1164.0
27.7.2024 08:15,1296.0
27.7.2024 08:30,1614.0
27.7.2024 08:45,1506.0
27.7.2024 09:00,1290.0
27.7.2024 09:15,1494.0
27.7.2024 09:30,1548.0
27.7.2024 09:45,1422.0
27.7.2024 10:00,1602.0
27.7.2024 10:15,1416.0
27.7.2024 10:30,972.0
27.7.2024 10:45,1056.0
27.7.2024 11:00,786.0
27.7.2024 11:15,600.0
27.7.2024 11:30,900.0
27.7.2024 11:45,792.0
27.7.2024 12:00,528.0
27.7.2024 12:15,588.0
27.7.2024 12:30,504.0
27.7.2024 12:45,564.0
27.7.2024 13:00,618.0
27.7.2024 13:15,786.0
27.7.2024 13:30,894.0
27.7.2024 13:45,846.0
27.7.2024 14:00,1008.0
27.7.2024 14:15,1032.0
27.7.2024 14:30,804.0
27.7.2024 14:45,738.0
27.7.2024 15:00,828.0
27.7.2024 15:15,966.0
27.7.2024 15:30,1596.0
27.7.2024 15:45,1944.0
27.7.2024 16:00,1896.0
27.7.2024 16:15,1830.0
27.7.2024 16:30,1830.0
27.7.2024 16:45,1830.0
27.7.2024 17:00,1956.0
27.7.2024 17:15,2034.0
27.7.2024 17:30,1866.0
27.7.2024 17:45,1836.0
27.7.2024 18:00,1842.0
27.7.2024 18:15,1938.0
27.7.2024 18:30,1950.0
27.7.2024 18:45,2016.0
27.7.2024 19:00,1860.0
27.7.2024 19:15,1884.0
27.7.2024 19:30,1914.0
27.7.2024 19:45,1932.0
27.7.2024 20:00,1848.0
27.7.2024 20:15,1926.0
27.7.2024 20:30,1920.0
27.7.2024 20:45,1830.0
27.7.2024 21:00,1284.0
27.7.2024 21:15,1434.0
27.7.2024 21:30,1884.0
27.7.2024 21:45,1980.0
27.7.2024 22:00,1812.0
27.7.2024 22:15,1278.0
27.7.2024 22:30,1038.0
27.7.2024 22:45,1026.0
27.7.2024 23:00,1008.0
27.7.2024 23:15,1020.0
27.7.2024 23:30,1020.0
27.7.2024 23:45,1020.0
28.7.2024 00:00,1008.0
28.7.2024 00:15,1032.0
28.7.2024 00:30,990.0
28.7.2024 00:45,1032.0
28.7.2024 01:00,996.0
28.7.2024 01:15,1026.0
28.7.2024 01:30,972.0
28.7.2024 01:45,960.0
28.7.2024 02:00,960.0
28.7.2024 02:15,954.0
28.7.2024 02:30,948.0
28.7.2024 02:45,1002.0
28.7.2024 03:00,996.0
28.7.2024 03:15,1002.0
28.7.2024 03:30,1002.0
28.7.2024 03:45,996.0
28.7.2024 04:00,996.0
28.7.2024 04:15,978.0
28.7.2024 04:30,972.0
28.7.2024 04:45,972.0
28.7.2024 05:00,972.0
28.7.2024 05:15,972.0
28.7.2024 05:30,984.0
28.7.2024 05:45,972.0
28.7.2024 06:00,966.0
28.7.2024 06:15,954.0
28.7.2024 06:30,942.0
28.7.2024 06:45,870.0
28.7.2024 07:00,816.0
28.7.2024 07:15,720.0
28.7.2024 07:30,462.0
28.7.2024 07:45,162.0
28.7.2024 08:00,144.0
28.7.2024 08:15,174.0
28.7.2024 08:30,144.0
28.7.2024 08:45,132.0
28.7.2024 09:00,72.0
28.7.2024 09:15,36.0
28.7.2024 09:30,96.0
28.7.2024 09:45,114.0
28.7.2024 10:00,180.0
28.7.2024 10:15,168.0
28.7.2024 10:30,90.0
28.7.2024 10:45,36.0
28.7.2024 11:00,18.0
28.7.2024 11:15,24.0
28.7.2024 11:30,12.0
28.7.2024 11:45,6.0
28.7.2024 12:00,24.0
28.7.2024 12:15,24.0
28.7.2024 12:30,30.0
28.7.2024 12:45,12.0
28.7.2024 13:00,12.0
28.7.2024 13:15,6.0
28.7.2024 13:30,0.0
28.7.2024 13:45,0.0
28.7.2024 14:00,12.0
28.7.2024 14:15,24.0
28.7.2024 14:30,0.0
28.7.2024 14:45,6.0
28.7.2024 15:00,0.0
28.7.2024 15:15,0.0
28.7.2024 15:30,0.0
28.7.2024 15:45,0.0
28.7.2024 16:00,6.0
28.7.2024 16:15,6.0
28.7.2024 16:30,0.0
28.7.2024 16:45,12.0
28.7.2024 17:00,24.0
28.7.2024 17:15,24.0
28.7.2024 17:30,18.0
28.7.2024 17:45,12.0
28.7.2024 18:00,18.0
28.7.2024 18:15,24.0
28.7.2024 18:30,30.0
28.7.2024 18:45,30.0
28.7.2024 19:00,30.0
28.7.2024 19:15,30.0
28.7.2024 19:30,30.0
28.7.2024 19:45,36.0
28.7.2024 20:00,30.0
28.7.2024 20:15,30.0
28.7.2024 20:30,30.0
28.7.2024 20:45,30.0
28.7.2024 21:00,30.0
28.7.2024 21:15,30.0
28.7.2024 21:30,30.0
28.7.2024 21:45,30.0
28.7.2024 22:00,30.0
28.7.2024 22:15,54.0
28.7.2024 22:30,72.0
28.7.2024 22:45,72.0
28.7.2024 23:00,72.0
28.7.2024 23:15,72.0
28.7.2024 23:30,72.0
28.7.2024 23:45,66.0
29.7.2024 00:00,72.0
29.7.2024 00:15,66.0
29.7.2024 00:30,72.0
29.7.2024 00:45,72.0
29.7.2024 01:00,66.0
29.7.2024 01:15,72.0
29.7.2024 01:30,72.0
29.7.2024 01:45,66.0
29.7.2024 02:00,72.0
29.7.2024 02:15,66.0
29.7.2024 02:30,72.0
29.7.2024 02:45,66.0
29.7.2024 03:00,66.0
29.7.2024 03:15,72.0
29.7.2024 03:30,72.0
29.7.2024 03:45,72.0
29.7.2024 04:00,72.0
29.7.2024 04:15,66.0
29.7.2024 04:30,66.0
29.7.2024 04:45,66.0
29.7.2024 05:00,66.0
29.7.2024 05:15,66.0
29.7.2024 05:30,66.0
29.7.2024 05:45,66.0
29.7.2024 06:00,60.0
29.7.2024 06:15,66.0
29.7.2024 06:30,60.0
29.7.2024 06:45,60.0
29.7.2024 07:00,66.0
29.7.2024 07:15,66.0
29.7.2024 07:30,60.0
29.7.2024 07:45,54.0
29.7.2024 08:00,48.0
29.7.2024 08:15,30.0
29.7.2024 08:30,6.0
29.7.2024 08:45,0.0
29.7.2024 09:00,0.0
29.7.2024 09:15,0.0
29.7.2024 09:30,0.0
29.7.2024 09:45,0.0
29.7.2024 10:00,0.0
29.7.2024 10:15,0.0
29.7.2024 10:30,0.0
29.7.2024 10:45,0.0
29.7.2024 11:00,0.0
29.7.2024 11:15,0.0
29.7.2024 11:30,0.0
29.7.2024 11:45,0.0
29.7.2024 12:00,0.0
29.7.2024 12:15,0.0
29.7.2024 12:30,0.0
29.7.2024 12:45,0.0
29.7.2024 13:00,0.0
29.7.2024 13:15,6.0
29.7.2024 13:30,6.0
29.7.2024 13:45,0.0
29.7.2024 14:00,0.0
29.7.2024 14:15,0.0
29.7.2024 14:30,0.0
29.7.2024 14:45,0.0
29.7.2024 15:00,0.0
29.7.2024 15:15,6.0
29.7.2024 15:30,0.0
29.7.2024 15:45,0.0
29.7.2024 16:00,0.0
29.7.2024 16:15,12.0
29.7.2024 16:30,12.0
29.7.2024 16:45,24.0
29.7.2024 17:00,24.0
29.7.2024 17:15,24.0
29.7.2024 17:30,24.0
29.7.2024 17:45,24.0
29.7.2024 18:00,24.0
29.7.2024 18:15,24.0
29.7.2024 18:30,24.0
29.7.2024 18:45,24.0
29.7.2024 19:00,24.0
29.7.2024 19:15,24.0
29.7.2024 19:30,30.0
29.7.2024 19:45,30.0
29.7.2024 20:00,30.0
29.7.2024 20:15,24.0
29.7.2024 20:30,30.0
29.7.2024 20:45,30.0
29.7.2024 21:00,30.0
29.7.2024 21:15,30.0
29.7.2024 21:30,30.0
29.7.2024 21:45,30.0
29.7.2024 22:00,24.0
29.7.2024 22:15,48.0
29.7.2024 22:30,72.0
29.7.2024 22:45,66.0
29.7.2024 23:00,66.0
29.7.2024 23:15,66.0
29.7.2024 23:30,66.0
29.7.2024 23:45,66.0
30.7.2024 00:00,66.0
30.7.2024 00:15,72.0
30.7.2024 00:30,66.0
30.7.2024 00:45,66.0
30.7.2024 01:00,66.0
30.7.2024 01:15,66.0
30.7.2024 01:30,66.0
30.7.2024 01:45,66.0
30.7.2024 02:00,66.0
30.7.2024 02:15,66.0
30.7.2024 02:30,66.0
30.7.2024 02:45,66.0
30.7.2024 03:00,72.0
30.7.2024 03:15,66.0
30.7.2024 03:30,66.0
30.7.2024 03:45,66.0
30.7.2024 04:00,66.0
30.7.2024 04:15,66.0
30.7.2024 04:30,66.0
30.7.2024 04:45,66.0
30.7.2024 05:00,66.0
30.7.2024 05:15,66.0
30.7.2024 05:30,60.0
30.7.2024 05:45,60.0
30.7.2024 06:00,60.0
30.7.2024 06:15,54.0
30.7.2024 06:30,60.0
30.7.2024 06:45,60.0
30.7.2024 07:00,60.0
30.7.2024 07:15,48.0
30.7.2024 07:30,48.0
30.7.2024 07:45,24.0
30.7.2024 08:00,6.0
30.7.2024 08:15,12.0
30.7.2024 08:30,84.0
30.7.2024 08:45,114.0
30.7.2024 09:00,48.0
30.7.2024 09:15,42.0
30.7.2024 09:30,12.0
30.7.2024 09:45,6.0
30.7.2024 10:00,6.0
30.7.2024 10:15,12.0
30.7.2024 10:30,18.0
30.7.2024 10:45,12.0
30.7.2024 11:00,12.0
30.7.2024 11:15,24.0
30.7.2024 11:30,24.0
30.7.2024 11:45,12.0
30.7.2024 12:00,12.0
30.7.2024 12:15,0.0
30.7.2024 12:30,0.0
30.7.2024 12:45,0.0
30.7.2024 13:00,0.0
30.7.2024 13:15,6.0
30.7.2024 13:30,6.0
30.7.2024 13:45,6.0
30.7.2024 14:00,6.0
30.7.2024 14:15,18.0
30.7.2024 14:30,18.0
30.7.2024 14:45,18.0
30.7.2024 15:00,0.0
30.7.2024 15:15,18.0
30.7.2024 15:30,24.0
30.7.2024 15:45,12.0
30.7.2024 16:00,18.0
30.7.2024 16:15,18.0
30.7.2024 16:30,48.0
30.7.2024 16:45,120.0
30.7.2024 17:00,144.0
30.7.2024 17:15,180.0
30.7.2024 17:30,210.0
30.7.2024 17:45,186.0
30.7.2024 18:00,204.0
30.7.2024 18:15,162.0
30.7.2024 18:30,138.0
30.7.2024 18:45,144.0
30.7.2024 19:00,144.0
30.7.2024 19:15,138.0
30.7.2024 19:30,138.0
30.7.2024 19:45,144.0
30.7.2024 20:00,144.0
30.7.2024 20:15,144.0
30.7.2024 20:30,144.0
30.7.2024 20:45,144.0
30.7.2024 21:00,144.0
30.7.2024 21:15,156.0
30.7.2024 21:30,144.0
30.7.2024 21:45,180.0
30.7.2024 22:00,498.0
30.7.2024 22:15,1068.0
30.7.2024 22:30,1644.0
30.7.2024 22:45,1920.0
30.7.2024 23:00,1914.0
30.7.2024 23:15,1836.0
30.7.2024 23:30,1764.0
30.7.2024 23:45,1704.0
31.7.2024 00:00,1770.0
31.7.2024 00:15,1800.0
31.7.2024 00:30,1896.0
31.7.2024 00:45,1638.0
31.7.2024 01:00,1350.0
31.7.2024 01:15,1476.0
31.7.2024 01:30,1356.0
31.7.2024 01:45,1122.0
31.7.2024 02:00,1206.0
31.7.2024 02:15,1428.0
31.7.2024 02:30,1488.0
31.7.2024 02:45,1542.0
31.7.2024 03:00,1824.0
31.7.2024 03:15,1926.0
31.7.2024 03:30,1854.0
31.7.2024 03:45,1848.0
31.7.2024 04:00,1860.0
31.7.2024 04:15,1854.0
31.7.2024 04:30,1788.0
31.7.2024 04:45,1476.0
31.7.2024 05:00,1098.0
31.7.2024 05:15,1668.0
31.7.2024 05:30,1716.0
31.7.2024 05:45,1632.0
31.7.2024 06:00,1878.0
31.7.2024 06:15,1794.0
31.7.2024 06:30,1620.0
31.7.2024 06:45,1506.0
31.7.2024 07:00,1590.0
31.7.2024 07:15,1440.0
31.7.2024 07:30,1200.0
31.7.2024 07:45,774.0
31.7.2024 08:00,972.0
31.7.2024 08:15,1248.0
31.7.2024 08:30,1422.0
31.7.2024 08:45,1536.0
31.7.2024 09:00,1560.0
31.7.2024 09:15,1608.0
31.7.2024 09:30,1566.0
31.7.2024 09:45,1008.0
31.7.2024 10:00,708.0
31.7.2024 10:15,996.0
31.7.2024 10:30,1020.0
31.7.2024 10:45,774.0
31.7.2024 11:00,726.0
31.7.2024 11:15,846.0
31.7.2024 11:30,792.0
31.7.2024 11:45,882.0
31.7.2024 12:00,1014.0
31.7.2024 12:15,888.0
31.7.2024 12:30,954.0
31.7.2024 12:45,888.0
31.7.2024 13:00,852.0
31.7.2024 13:15,996.0
31.7.2024 13:30,882.0
31.7.2024 13:45,888.0
31.7.2024 14:00,1032.0
31.7.2024 14:15,1314.0
31.7.2024 14:30,1392.0
31.7.2024 14:45,1398.0
31.7.2024 15:00,1098.0
31.7.2024 15:15,1272.0
31.7.2024 15:30,1230.0
31.7.2024 15:45,1422.0
31.7.2024 16:00,1428.0
31.7.2024 16:15,1332.0
31.7.2024 16:30,1170.0
31.7.2024 16:45,1110.0
31.7.2024 17:00,1200.0
31.7.2024 17:15,1464.0
31.7.2024 17:30,1422.0
31.7.2024 17:45,1464.0
31.7.2024 18:00,1590.0
31.7.2024 18:15,1908.0
31.7.2024 18:30,1824.0
31.7.2024 18:45,1896.0
31.7.2024 19:00,1866.0
31.7.2024 19:15,1950.0
31.7.2024 19:30,1548.0
31.7.2024 19:45,1146.0
31.7.2024 20:00,1134.0
31.7.2024 20:15,1494.0
31.7.2024 20:30,1734.0
31.7.2024 20:45,1896.0
31.7.2024 21:00,1788.0
31.7.2024 21:15,1836.0
31.7.2024 21:30,1860.0
31.7.2024 21:45,1590.0
31.7.2024 22:00,1416.0
31.7.2024 22:15,1506.0
31.7.2024 22:30,1482.0
31.7.2024 22:45,1596.0
31.7.2024 23:00,1470.0
31.7.2024 23:15,1566.0
31.7.2024 23:30,1566.0
31.7.2024 23:45,1656.0
1.8.2024 00:00,1920.0
1.8.2024 00:15,1896.0
1.8.2024 00:30,1668.0
1.8.2024 00:45,1464.0
1.8.2024 01:00,1542.0
1.8.2024 01:15,1536.0
1.8.2024 01:30,1422.0
1.8.2024 01:45,1620.0
1.8.2024 02:00,1974.0
1.8.2024 02:15,1818.0
1.8.2024 02:30,1770.0
1.8.2024 02:45,1590.0
1.8.2024 03:00,1524.0
1.8.2024 03:15,1368.0
1.8.2024 03:30,1512.0
1.8.2024 03:45,1590.0
1.8.2024 04:00,1812.0
1.8.2024 04:15,1884.0
1.8.2024 04:30,1824.0
1.8.2024 04:45,1872.0
1.8.2024 05:00,1818.0
1.8.2024 05:15,1812.0
1.8.2024 05:30,1722.0
1.8.2024 05:45,1704.0
1.8.2024 06:00,1632.0
1.8.2024 06:15,1626.0
1.8.2024 06:30,1668.0
1.8.2024 06:45,1662.0
1.8.2024 07:00,1524.0
1.8.2024 07:15,1524.0
1.8.2024 07:30,1578.0
1.8.2024 07:45,1380.0
1.8.2024 08:00,948.0
1.8.2024 08:15,1050.0
1.8.2024 08:30,1128.0
1.8.2024 08:45,1146.0
1.8.2024 09:00,1044.0
1.8.2024 09:15,966.0
1.8.2024 09:30,1026.0
1.8.2024 09:45,1374.0
1.8.2024 10:00,1332.0
1.8.2024 10:15,1122.0
1.8.2024 10:30,1236.0
1.8.2024 10:45,1200.0
1.8.2024 11:00,996.0
1.8.2024 11:15,558.0
1.8.2024 11:30,1110.0
1.8.2024 11:45,1098.0
1.8.2024 12:00,1164.0
1.8.2024 12:15,1374.0
1.8.2024 12:30,1140.0
1.8.2024 12:45,1116.0
1.8.2024 13:00,1092.0
1.8.2024 13:15,1020.0
1.8.2024 13:30,1176.0
1.8.2024 13:45,984.0
1.8.2024 14:00,1404.0
1.8.2024 14:15,1716.0
1.8.2024 14:30,1614.0
1.8.2024 14:45,1596.0
1.8.2024 15:00,1440.0
1.8.2024 15:15,1344.0
1.8.2024 15:30,1476.0
1.8.2024 15:45,1416.0
1.8.2024 16:00,1338.0
1.8.2024 16:15,1746.0
1.8.2024 16:30,1800.0
1.8.2024 16:45,1812.0
1.8.2024 17:00,1800.0
1.8.2024 17:15,1824.0
1.8.2024 17:30,1782.0
1.8.2024 17:45,1602.0
1.8.2024 18:00,1590.0
1.8.2024 18:15,1614.0
1.8.2024 18:30,1668.0
1.8.2024 18:45,1776.0
1.8.2024 19:00,1956.0
1.8.2024 19:15,1932.0
1.8.2024 19:30,1692.0
1.8.2024 19:45,1338.0
1.8.2024 20:00,1116.0
1.8.2024 20:15,1764.0
1.8.2024 20:30,1920.0
1.8.2024 20:45,1890.0
1.8.2024 21:00,1866.0
1.8.2024 21:15,1956.0
1.8.2024 21:30,1776.0
1.8.2024 21:45,1422.0
1.8.2024 22:00,1488.0
1.8.2024 22:15,1290.0
1.8.2024 22:30,1398.0
1.8.2024 22:45,1530.0
1.8.2024 23:00,1554.0
1.8.2024 23:15,1344.0
1.8.2024 23:30,1548.0
1.8.2024 23:45,1554.0
2.8.2024 00:00,1488.0
2.8.2024 00:15,1596.0
2.8.2024 00:30,1416.0
2.8.2024 00:45,1548.0
2.8.2024 01:00,1620.0
2.8.2024 01:15,1404.0
2.8.2024 01:30,1464.0
2.8.2024 01:45,1446.0
2.8.2024 02:00,1512.0
2.8.2024 02:15,1542.0
2.8.2024 02:30,1476.0
2.8.2024 02:45,1644.0
2.8.2024 03:00,1632.0
2.8.2024 03:15,1458.0
2.8.2024 03:30,1566.0
2.8.2024 03:45,1596.0
2.8.2024 04:00,1464.0
2.8.2024 04:15,1458.0
2.8.2024 04:30,1512.0
2.8.2024 04:45,1446.0
2.8.2024 05:00,1428.0
2.8.2024 05:15,1488.0
2.8.2024 05:30,1356.0
2.8.2024 05:45,1368.0
2.8.2024 06:00,1356.0
2.8.2024 06:15,1368.0
2.8.2024 06:30,1422.0
2.8.2024 06:45,1206.0
2.8.2024 07:00,1230.0
2.8.2024 07:15,1188.0
2.8.2024 07:30,1122.0
2.8.2024 07:45,1272.0
2.8.2024 08:00,1218.0
2.8.2024 08:15,1146.0
2.8.2024 08:30,1272.0
2.8.2024 08:45,1008.0
2.8.2024 09:00,1056.0
2.8.2024 09:15,1002.0
2.8.2024 09:30,1020.0
2.8.2024 09:45,1248.0
2.8.2024 10:00,1326.0
2.8.2024 10:15,1230.0
2.8.2024 10:30,1134.0
2.8.2024 10:45,942.0
2.8.2024 11:00,1158.0
2.8.2024 11:15,792.0
2.8.2024 11:30,936.0
2.8.2024 11:45,1014.0
2.8.2024 12:00,846.0
2.8.2024 12:15,1020.0
2.8.2024 12:30,1020.0
2.8.2024 12:45,1302.0
2.8.2024 13:00,1128.0
2.8.2024 13:15,984.0
2.8.2024 13:30,726.0
2.8.2024 13:45,840.0
2.8.2024 14:00,1164.0
2.8.2024 14:15,888.0
2.8.2024 14:30,1020.0
2.8.2024 14:45,618.0
2.8.2024 15:00,660.0
2.8.2024 15:15,792.0
2.8.2024 15:30,1104.0
2.8.2024 15:45,1554.0
2.8.2024 16:00,1656.0
2.8.2024 16:15,1896.0
2.8.2024 16:30,1908.0
2.8.2024 16:45,1908.0
2.8.2024 17:00,1932.0
2.8.2024 17:15,1866.0
2.8.2024 17:30,1836.0
2.8.2024 17:45,1824.0
2.8.2024 18:00,1914.0
2.8.2024 18:15,1884.0
2.8.2024 18:30,1836.0
2.8.2024 18:45,1950.0
2.8.2024 19:00,1908.0
2.8.2024 19:15,1872.0
2.8.2024 19:30,1794.0
2.8.2024 19:45,1812.0
2.8.2024 20:00,1296.0
2.8.2024 20:15,1890.0
2.8.2024 20:30,1848.0
2.8.2024 20:45,1980.0
2.8.2024 21:00,1860.0
2.8.2024 21:15,1902.0
2.8.2024 21:30,1926.0
2.8.2024 21:45,1692.0
2.8.2024 22:00,1488.0
2.8.2024 22:15,1620.0
2.8.2024 22:30,1542.0
2.8.2024 22:45,1578.0
2.8.2024 23:00,1584.0
2.8.2024 23:15,1524.0
2.8.2024 23:30,1608.0
2.8.2024 23:45,1620.0
3.8.2024 00:00,1854.0
3.8.2024 00:15,1920.0
3.8.2024 00:30,1764.0
3.8.2024 00:45,1938.0
3.8.2024 01:00,1848.0
3.8.2024 01:15,1620.0
3.8.2024 01:30,1794.0
3.8.2024 01:45,1926.0
3.8.2024 02:00,1866.0
3.8.2024 02:15,1938.0
3.8.2024 02:30,2010.0
3.8.2024 02:45,1764.0
3.8.2024 03:00,1560.0
3.8.2024 03:15,1560.0
3.8.2024 03:30,1644.0
3.8.2024 03:45,1440.0
3.8.2024 04:00,1476.0
3.8.2024 04:15,1410.0
3.8.2024 04:30,1542.0
3.8.2024 04:45,1686.0
3.8.2024 05:00,1908.0
3.8.2024 05:15,1764.0
3.8.2024 05:30,1872.0
3.8.2024 05:45,1908.0
3.8.2024 06:00,1668.0
3.8.2024 06:15,1584.0
3.8.2024 06:30,1836.0
3.8.2024 06:45,1926.0
3.8.2024 07:00,1452.0
3.8.2024 07:15,1728.0
3.8.2024 07:30,1800.0
3.8.2024 07:45,1722.0
3.8.2024 08:00,1380.0
3.8.2024 08:15,1404.0
3.8.2024 08:30,1500.0
3.8.2024 08:45,1464.0
3.8.2024 09:00,1656.0
3.8.2024 09:15,1500.0
3.8.2024 09:30,1374.0
3.8.2024 09:45,1422.0
3.8.2024 10:00,1470.0
3.8.2024 10:15,1368.0
3.8.2024 10:30,864.0
3.8.2024 10:45,1080.0
3.8.2024 11:00,1236.0
3.8.2024 11:15,1014.0
3.8.2024 11:30,1386.0
3.8.2024 11:45,876.0
3.8.2024 12:00,684.0
3.8.2024 12:15,420.0
3.8.2024 12:30,876.0
3.8.2024 12:45,954.0
3.8.2024 13:00,918.0
3.8.2024 13:15,858.0
3.8.2024 13:30,1008.0
3.8.2024 13:45,1224.0
3.8.2024 14:00,1452.0
3.8.2024 14:15,1392.0
3.8.2024 14:30,1398.0
3.8.2024 14:45,1458.0
3.8.2024 15:00,1440.0
3.8.2024 15:15,1458.0
3.8.2024 15:30,1242.0
3.8.2024 15:45,744.0
3.8.2024 16:00,1356.0
3.8.2024 16:15,1650.0
3.8.2024 16:30,1686.0
3.8.2024 16:45,1488.0
3.8.2024 17:00,1476.0
3.8.2024 17:15,1392.0
3.8.2024 17:30,1554.0
3.8.2024 17:45,1758.0
3.8.2024 18:00,1872.0
3.8.2024 18:15,1830.0
3.8.2024 18:30,1764.0
3.8.2024 18:45,1782.0
3.8.2024 19:00,1866.0
3.8.2024 19:15,1752.0
3.8.2024 19:30,1602.0
3.8.2024 19:45,1824.0
3.8.2024 20:00,1314.0
3.8.2024 20:15,1302.0
3.8.2024 20:30,1848.0
3.8.2024 20:45,1992.0
3.8.2024 21:00,1938.0
3.8.2024 21:15,1878.0
3.8.2024 21:30,1662.0
3.8.2024 21:45,1944.0
3.8.2024 22:00,1920.0
3.8.2024 22:15,1482.0
3.8.2024 22:30,1626.0
3.8.2024 22:45,1530.0
3.8.2024 23:00,1542.0
3.8.2024 23:15,1614.0
3.8.2024 23:30,1584.0
3.8.2024 23:45,1548.0
4.8.2024 00:00,1608.0
4.8.2024 00:15,1584.0
4.8.2024 00:30,1452.0
4.8.2024 00:45,1488.0
4.8.2024 01:00,1536.0
4.8.2024 01:15,1512.0
4.8.2024 01:30,1854.0
4.8.2024 01:45,1680.0
4.8.2024 02:00,1938.0
4.8.2024 02:15,1842.0
4.8.2024 02:30,1836.0
4.8.2024 02:45,1956.0
4.8.2024 03:00,1908.0
4.8.2024 03:15,1962.0
4.8.2024 03:30,1860.0
4.8.2024 03:45,1812.0
4.8.2024 04:00,1830.0
4.8.2024 04:15,1932.0
4.8.2024 04:30,1758.0
4.8.2024 04:45,1848.0
4.8.2024 05:00,1854.0
4.8.2024 05:15,1848.0
4.8.2024 05:30,1854.0
4.8.2024 05:45,1620.0
4.8.2024 06:00,1512.0
4.8.2024 06:15,1578.0
4.8.2024 06:30,1482.0
4.8.2024 06:45,1422.0
4.8.2024 07:00,1404.0
4.8.2024 07:15,1272.0
4.8.2024 07:30,1176.0
4.8.2024 07:45,1170.0
4.8.2024 08:00,1134.0
4.8.2024 08:15,1200.0
4.8.2024 08:30,1254.0
4.8.2024 08:45,1170.0
4.8.2024 09:00,708.0
4.8.2024 09:15,738.0
4.8.2024 09:30,522.0
4.8.2024 09:45,600.0
4.8.2024 10:00,900.0
4.8.2024 10:15,612.0
4.8.2024 10:30,792.0
4.8.2024 10:45,786.0
4.8.2024 11:00,534.0
4.8.2024 11:15,528.0
4.8.2024 11:30,546.0
4.8.2024 11:45,498.0
4.8.2024 12:00,534.0
4.8.2024 12:15,690.0
4.8.2024 12:30,612.0
4.8.2024 12:45,798.0
4.8.2024 13:00,582.0
4.8.2024 13:15,684.0
4.8.2024 13:30,546.0
4.8.2024 13:45,756.0
4.8.2024 14:00,552.0
4.8.2024 14:15,678.0
4.8.2024 14:30,678.0
4.8.2024 14:45,810.0
4.8.2024 15:00,666.0
4.8.2024 15:15,720.0
4.8.2024 15:30,906.0
4.8.2024 15:45,984.0
4.8.2024 16:00,924.0
4.8.2024 16:15,1182.0
4.8.2024 16:30,906.0
4.8.2024 16:45,1032.0
4.8.2024 17:00,1560.0
4.8.2024 17:15,1644.0
4.8.2024 17:30,1758.0
4.8.2024 17:45,1752.0
4.8.2024 18:00,1794.0
4.8.2024 18:15,1902.0
4.8.2024 18:30,1992.0
4.8.2024 18:45,1914.0
4.8.2024 19:00,1986.0
4.8.2024 19:15,1866.0
4.8.2024 19:30,1938.0
4.8.2024 19:45,1938.0
4.8.2024 20:00,1968.0
4.8.2024 20:15,2016.0
4.8.2024 20:30,1908.0
4.8.2024 20:45,1866.0
4.8.2024 21:00,2034.0
4.8.2024 21:15,1944.0
4.8.2024 21:30,1932.0
4.8.2024 21:45,1914.0
4.8.2024 22:00,1506.0
4.8.2024 22:15,1590.0
4.8.2024 22:30,1530.0
4.8.2024 22:45,1590.0
4.8.2024 23:00,1518.0
4.8.2024 23:15,1590.0
4.8.2024 23:30,1590.0
4.8.2024 23:45,1488.0
5.8.2024 00:00,1530.0
5.8.2024 00:15,1512.0
5.8.2024 00:30,1590.0
5.8.2024 00:45,1560.0
5.8.2024 01:00,1554.0
5.8.2024 01:15,1956.0
5.8.2024 01:30,1944.0
5.8.2024 01:45,2052.0
5.8.2024 02:00,1608.0
5.8.2024 02:15,1422.0
5.8.2024 02:30,1560.0
5.8.2024 02:45,1566.0
5.8.2024 03:00,1872.0
5.8.2024 03:15,1668.0
5.8.2024 03:30,1722.0
5.8.2024 03:45,1878.0
5.8.2024 04:00,1728.0
5.8.2024 04:15,1740.0
5.8.2024 04:30,1758.0
5.8.2024 04:45,1572.0
5.8.2024 05:00,1230.0
5.8.2024 05:15,1032.0
5.8.2024 05:30,954.0
5.8.2024 05:45,960.0
5.8.2024 06:00,942.0
5.8.2024 06:15,882.0
5.8.2024 06:30,822.0
5.8.2024 06:45,768.0
5.8.2024 07:00,666.0
5.8.2024 07:15,222.0
5.8.2024 07:30,60.0
5.8.2024 07:45,12.0
5.8.2024 08:00,0.0
5.8.2024 08:15,0.0
5.8.2024 08:30,6.0
5.8.2024 08:45,6.0
5.8.2024 09:00,0.0
5.8.2024 09:15,0.0
5.8.2024 09:30,0.0
5.8.2024 09:45,0.0
5.8.2024 10:00,6.0
5.8.2024 10:15,12.0
5.8.2024 10:30,0.0
5.8.2024 10:45,0.0
5.8.2024 11:00,0.0
5.8.2024 11:15,0.0
5.8.2024 11:30,0.0
5.8.2024 11:45,0.0
5.8.2024 12:00,0.0
5.8.2024 12:15,0.0
5.8.2024 12:30,0.0
5.8.2024 12:45,0.0
5.8.2024 13:00,6.0
5.8.2024 13:15,12.0
5.8.2024 13:30,0.0
5.8.2024 13:45,6.0
5.8.2024 14:00,24.0
5.8.2024 14:15,12.0
5.8.2024 14:30,0.0
5.8.2024 14:45,6.0
5.8.2024 15:00,18.0
5.8.2024 15:15,0.0
5.8.2024 15:30,0.0
5.8.2024 15:45,0.0
5.8.2024 16:00,0.0
5.8.2024 16:15,0.0
5.8.2024 16:30,0.0
5.8.2024 16:45,0.0
5.8.2024 17:00,0.0
5.8.2024 17:15,0.0
5.8.2024 17:30,0.0
5.8.2024 17:45,24.0
5.8.2024 18:00,78.0
5.8.2024 18:15,102.0
5.8.2024 18:30,114.0
5.8.2024 18:45,114.0
5.8.2024 19:00,138.0
5.8.2024 19:15,126.0
5.8.2024 19:30,126.0
5.8.2024 19:45,120.0
5.8.2024 20:00,114.0
5.8.2024 20:15,114.0
5.8.2024 20:30,108.0
5.8.2024 20:45,108.0
5.8.2024 21:00,108.0
5.8.2024 21:15,108.0
5.8.2024 21:30,108.0
5.8.2024 21:45,114.0
5.8.2024 22:00,126.0
5.8.2024 22:15,144.0
5.8.2024 22:30,138.0
5.8.2024 22:45,120.0
5.8.2024 23:00,120.0
5.8.2024 23:15,120.0
5.8.2024 23:30,120.0
5.8.2024 23:45,120.0
6.8.2024 00:00,120.0
6.8.2024 00:15,114.0
6.8.2024 00:30,108.0
6.8.2024 00:45,108.0
6.8.2024 01:00,108.0
6.8.2024 01:15,108.0
6.8.2024 01:30,108.0
6.8.2024 01:45,108.0
6.8.2024 02:00,108.0
6.8.2024 02:15,108.0
6.8.2024 02:30,108.0
6.8.2024 02:45,108.0
6.8.2024 03:00,108.0
6.8.2024 03:15,108.0
6.8.2024 03:30,108.0
6.8.2024 03:45,108.0
6.8.2024 04:00,108.0
6.8.2024 04:15,108.0
6.8.2024 04:30,102.0
6.8.2024 04:45,102.0
6.8.2024 05:00,96.0
6.8.2024 05:15,84.0
6.8.2024 05:30,72.0
6.8.2024 05:45,72.0
6.8.2024 06:00,72.0
6.8.2024 06:15,48.0
6.8.2024 06:30,60.0
6.8.2024 06:45,42.0
6.8.2024 07:00,24.0
6.8.2024 07:15,12.0
6.8.2024 07:30,0.0
6.8.2024 07:45,0.0
6.8.2024 08:00,0.0
6.8.2024 08:15,0.0
6.8.2024 08:30,6.0
6.8.2024 08:45,6.0
6.8.2024 09:00,0.0
6.8.2024 09:15,6.0
6.8.2024 09:30,0.0
6.8.2024 09:45,0.0
6.8.2024 10:00,0.0
6.8.2024 10:15,0.0
6.8.2024 10:30,0.0
6.8.2024 10:45,0.0
6.8.2024 11:00,0.0
6.8.2024 11:15,0.0
6.8.2024 11:30,6.0
6.8.2024 11:45,0.0
6.8.2024 12:00,18.0
6.8.2024 12:15,6.0
6.8.2024 12:30,18.0
6.8.2024 12:45,0.0
6.8.2024 13:00,6.0
6.8.2024 13:15,6.0
6.8.2024 13:30,6.0
6.8.2024 13:45,0.0
6.8.2024 14:00,0.0
6.8.2024 14:15,0.0
6.8.2024 14:30,0.0
6.8.2024 14:45,0.0
6.8.2024 15:00,0.0
6.8.2024 15:15,18.0
6.8.2024 15:30,6.0
6.8.2024 15:45,6.0
6.8.2024 16:00,60.0
6.8.2024 16:15,204.0
6.8.2024 16:30,186.0
6.8.2024 16:45,36.0
6.8.2024 17:00,0.0
6.8.2024 17:15,0.0
6.8.2024 17:30,12.0
6.8.2024 17:45,48.0
6.8.2024 18:00,72.0
6.8.2024 18:15,96.0
6.8.2024 18:30,108.0
6.8.2024 18:45,108.0
6.8.2024 19:00,114.0
6.8.2024 19:15,96.0
6.8.2024 19:30,84.0
6.8.2024 19:45,84.0
6.8.2024 20:00,96.0
6.8.2024 20:15,102.0
6.8.2024 20:30,120.0
6.8.2024 20:45,108.0
6.8.2024 21:00,96.0
6.8.2024 21:15,114.0
6.8.2024 21:30,108.0
6.8.2024 21:45,144.0
6.8.2024 22:00,156.0
6.8.2024 22:15,108.0
6.8.2024 22:30,150.0
6.8.2024 22:45,144.0
6.8.2024 23:00,126.0
6.8.2024 23:15,156.0
6.8.2024 23:30,132.0
6.8.2024 23:45,120.0
7.8.2024 00:00,132.0
7.8.2024 00:15,180.0
7.8.2024 00:30,126.0
7.8.2024 00:45,102.0
7.8.2024 01:00,102.0
7.8.2024 01:15,102.0
7.8.2024 01:30,132.0
7.8.2024 01:45,198.0
7.8.2024 02:00,186.0
7.8.2024 02:15,198.0
7.8.2024 02:30,192.0
7.8.2024 02:45,198.0
7.8.2024 03:00,192.0
7.8.2024 03:15,180.0
7.8.2024 03:30,162.0
7.8.2024 03:45,168.0
7.8.2024 04:00,168.0
7.8.2024 04:15,168.0
7.8.2024 04:30,162.0
7.8.2024 04:45,156.0
7.8.2024 05:00,156.0
7.8.2024 05:15,156.0
7.8.2024 05:30,186.0
7.8.2024 05:45,216.0
7.8.2024 06:00,222.0
7.8.2024 06:15,210.0
7.8.2024 06:30,204.0
7.8.2024 06:45,144.0
7.8.2024 07:00,36.0
7.8.2024 07:15,60.0
7.8.2024 07:30,150.0
7.8.2024 07:45,120.0
7.8.2024 08:00,444.0
7.8.2024 08:15,1278.0
7.8.2024 08:30,1128.0
7.8.2024 08:45,1044.0
7.8.2024 09:00,894.0
7.8.2024 09:15,912.0
7.8.2024 09:30,1104.0
7.8.2024 09:45,1212.0
7.8.2024 10:00,1008.0
7.8.2024 10:15,972.0
7.8.2024 10:30,936.0
7.8.2024 10:45,486.0
7.8.2024 11:00,924.0
7.8.2024 11:15,996.0
7.8.2024 11:30,1200.0
7.8.2024 11:45,804.0
7.8.2024 12:00,534.0
7.8.2024 12:15,372.0
7.8.2024 12:30,756.0
7.8.2024 12:45,726.0
7.8.2024 13:00,1242.0
7.8.2024 13:15,1092.0
7.8.2024 13:30,882.0
7.8.2024 13:45,1224.0
7.8.2024 14:00,1230.0
7.8.2024 14:15,1464.0
7.8.2024 14:30,1296.0
7.8.2024 14:45,1260.0
7.8.2024 15:00,1128.0
7.8.2024 15:15,1392.0
7.8.2024 15:30,1512.0
7.8.2024 15:45,1674.0
7.8.2024 16:00,1554.0
7.8.2024 16:15,1506.0
7.8.2024 16:30,1404.0
7.8.2024 16:45,1290.0
7.8.2024 17:00,1482.0
7.8.2024 17:15,1434.0
7.8.2024 17:30,1452.0
7.8.2024 17:45,1518.0
7.8.2024 18:00,1752.0
7.8.2024 18:15,1902.0
7.8.2024 18:30,1902.0
7.8.2024 18:45,1992.0
7.8.2024 19:00,1788.0
7.8.2024 19:15,1932.0
7.8.2024 19:30,2004.0
7.8.2024 19:45,1818.0
7.8.2024 20:00,1818.0
7.8.2024 20:15,1866.0
7.8.2024 20:30,1932.0
7.8.2024 20:45,1884.0
7.8.2024 21:00,1248.0
7.8.2024 21:15,1812.0
7.8.2024 21:30,1968.0
7.8.2024 21:45,1536.0
7.8.2024 22:00,1398.0
7.8.2024 22:15,1620.0
7.8.2024 22:30,1602.0
7.8.2024 22:45,2046.0
7.8.2024 23:00,1986.0
7.8.2024 23:15,1680.0
7.8.2024 23:30,1764.0
7.8.2024 23:45,1602.0
8.8.2024 00:00,1560.0
8.8.2024 00:15,1548.0
8.8.2024 00:30,1968.0
8.8.2024 00:45,1920.0
8.8.2024 01:00,2016.0
8.8.2024 01:15,1674.0
8.8.2024 01:30,1536.0
8.8.2024 01:45,1536.0
8.8.2024 02:00,1602.0
8.8.2024 02:15,1992.0
8.8.2024 02:30,2046.0
8.8.2024 02:45,1968.0
8.8.2024 03:00,1524.0
8.8.2024 03:15,1722.0
8.8.2024 03:30,1488.0
8.8.2024 03:45,1506.0
8.8.2024 04:00,1560.0
8.8.2024 04:15,1542.0
8.8.2024 04:30,1716.0
8.8.2024 04:45,1788.0
8.8.2024 05:00,1908.0
8.8.2024 05:15,1956.0
8.8.2024 05:30,1476.0
8.8.2024 05:45,1488.0
8.8.2024 06:00,1884.0
8.8.2024 06:15,1932.0
8.8.2024 06:30,1800.0
8.8.2024 06:45,1806.0
8.8.2024 07:00,1434.0
8.8.2024 07:15,1308.0
8.8.2024 07:30,1278.0
8.8.2024 07:45,1080.0
8.8.2024 08:00,1158.0
8.8.2024 08:15,1314.0
8.8.2024 08:30,1320.0
8.8.2024 08:45,1392.0
8.8.2024 09:00,744.0
8.8.2024 09:15,684.0
8.8.2024 09:30,1272.0
8.8.2024 09:45,1008.0
8.8.2024 10:00,732.0
8.8.2024 10:15,612.0
8.8.2024 10:30,816.0
8.8.2024 10:45,828.0
8.8.2024 11:00,612.0
8.8.2024 11:15,510.0
8.8.2024 11:30,600.0
8.8.2024 11:45,354.0
8.8.2024 12:00,516.0
8.8.2024 12:15,474.0
8.8.2024 12:30,432.0
8.8.2024 12:45,1134.0
8.8.2024 13:00,1092.0
8.8.2024 13:15,702.0
8.8.2024 13:30,948.0
8.8.2024 13:45,1146.0
8.8.2024 14:00,1410.0
8.8.2024 14:15,1284.0
8.8.2024 14:30,1146.0
8.8.2024 14:45,1176.0
8.8.2024 15:00,1014.0
8.8.2024 15:15,1080.0
8.8.2024 15:30,1080.0
8.8.2024 15:45,1170.0
8.8.2024 16:00,1248.0
8.8.2024 16:15,1272.0
8.8.2024 16:30,1704.0
8.8.2024 16:45,1758.0
8.8.2024 17:00,1890.0
8.8.2024 17:15,1938.0
8.8.2024 17:30,1902.0
8.8.2024 17:45,1692.0
8.8.2024 18:00,1824.0
8.8.2024 18:15,1530.0
8.8.2024 18:30,1680.0
8.8.2024 18:45,1932.0
8.8.2024 19:00,1884.0
8.8.2024 19:15,1920.0
8.8.2024 19:30,1788.0
8.8.2024 19:45,1260.0
8.8.2024 20:00,1200.0
8.8.2024 20:15,1872.0
8.8.2024 20:30,2034.0
8.8.2024 20:45,1980.0
8.8.2024 21:00,1812.0
8.8.2024 21:15,1548.0
8.8.2024 21:30,1602.0
8.8.2024 21:45,1542.0
8.8.2024 22:00,1392.0
8.8.2024 22:15,1548.0
8.8.2024 22:30,1578.0
8.8.2024 22:45,1536.0
8.8.2024 23:00,1764.0
8.8.2024 23:15,1962.0
8.8.2024 23:30,1572.0
8.8.2024 23:45,1572.0
9.8.2024 00:00,1530.0
9.8.2024 00:15,1506.0
9.8.2024 00:30,1608.0
9.8.2024 00:45,1500.0
9.8.2024 01:00,1542.0
9.8.2024 01:15,1596.0
9.8.2024 01:30,1590.0
9.8.2024 01:45,1584.0
9.8.2024 02:00,1890.0
9.8.2024 02:15,1878.0
9.8.2024 02:30,1596.0
9.8.2024 02:45,1686.0
9.8.2024 03:00,1992.0
9.8.2024 03:15,1986.0
9.8.2024 03:30,1962.0
9.8.2024 03:45,1944.0
9.8.2024 04:00,1404.0
9.8.2024 04:15,1692.0
9.8.2024 04:30,1920.0
9.8.2024 04:45,1908.0
9.8.2024 05:00,1968.0
9.8.2024 05:15,1920.0
9.8.2024 05:30,1860.0
9.8.2024 05:45,1524.0
9.8.2024 06:00,1452.0
9.8.2024 06:15,1884.0
9.8.2024 06:30,1524.0
9.8.2024 06:45,1518.0
9.8.2024 07:00,1566.0
9.8.2024 07:15,1524.0
9.8.2024 07:30,1464.0
9.8.2024 07:45,1026.0
9.8.2024 08:00,798.0
9.8.2024 08:15,996.0
9.8.2024 08:30,984.0
9.8.2024 08:45,966.0
9.8.2024 09:00,1170.0
9.8.2024 09:15,1128.0
9.8.2024 09:30,1104.0
9.8.2024 09:45,858.0
9.8.2024 10:00,582.0
9.8.2024 10:15,540.0
9.8.2024 10:30,588.0
9.8.2024 10:45,576.0
9.8.2024 11:00,642.0
9.8.2024 11:15,504.0
9.8.2024 11:30,564.0
9.8.2024 11:45,474.0
9.8.2024 12:00,504.0
9.8.2024 12:15,432.0
9.8.2024 12:30,468.0
9.8.2024 12:45,756.0
9.8.2024 13:00,906.0
9.8.2024 13:15,822.0
9.8.2024 13:30,648.0
9.8.2024 13:45,840.0
9.8.2024 14:00,1188.0
9.8.2024 14:15,1434.0
9.8.2024 14:30,1206.0
9.8.2024 14:45,1344.0
9.8.2024 15:00,1404.0
9.8.2024 15:15,1380.0
9.8.2024 15:30,1530.0
9.8.2024 15:45,1464.0
9.8.2024 16:00,1692.0
9.8.2024 16:15,1800.0
9.8.2024 16:30,1782.0
9.8.2024 16:45,1914.0
9.8.2024 17:00,1854.0
9.8.2024 17:15,1896.0
9.8.2024 17:30,1800.0
9.8.2024 17:45,1554.0
9.8.2024 18:00,1368.0
9.8.2024 18:15,1854.0
9.8.2024 18:30,2004.0
9.8.2024 18:45,1926.0
9.8.2024 19:00,1944.0
9.8.2024 19:15,1614.0
9.8.2024 19:30,1518.0
9.8.2024 19:45,1266.0
9.8.2024 20:00,1266.0
9.8.2024 20:15,1926.0
9.8.2024 20:30,2016.0
9.8.2024 20:45,1872.0
9.8.2024 21:00,1974.0
9.8.2024 21:15,2004.0
9.8.2024 21:30,1608.0
9.8.2024 21:45,1458.0
9.8.2024 22:00,1572.0
9.8.2024 22:15,1512.0
9.8.2024 22:30,1566.0
9.8.2024 22:45,1530.0
9.8.2024 23:00,1542.0
9.8.2024 23:15,1560.0
9.8.2024 23:30,1578.0
9.8.2024 23:45,1572.0
10.8.2024 00:00,1740.0
10.8.2024 00:15,1908.0
10.8.2024 00:30,1728.0
10.8.2024 00:45,1932.0
10.8.2024 01:00,1962.0
10.8.2024 01:15,1962.0
10.8.2024 01:30,1494.0
10.8.2024 01:45,1212.0
10.8.2024 02:00,1458.0
10.8.2024 02:15,1548.0
10.8.2024 02:30,1452.0
10.8.2024 02:45,1506.0
10.8.2024 03:00,1566.0
10.8.2024 03:15,1314.0
10.8.2024 03:30,1464.0
10.8.2024 03:45,1560.0
10.8.2024 04:00,1680.0
10.8.2024 04:15,1590.0
10.8.2024 04:30,1680.0
10.8.2024 04:45,1956.0
10.8.2024 05:00,1914.0
10.8.2024 05:15,1872.0
10.8.2024 05:30,1968.0
10.8.2024 05:45,1884.0
10.8.2024 06:00,1884.0
10.8.2024 06:15,1806.0
10.8.2024 06:30,1872.0
10.8.2024 06:45,1740.0
10.8.2024 07:00,1746.0
10.8.2024 07:15,1710.0
10.8.2024 07:30,1542.0
10.8.2024 07:45,1038.0
10.8.2024 08:00,702.0
10.8.2024 08:15,1014.0
10.8.2024 08:30,996.0
10.8.2024 08:45,690.0
10.8.2024 09:00,600.0
10.8.2024 09:15,852.0
10.8.2024 09:30,1032.0
10.8.2024 09:45,1290.0
10.8.2024 10:00,1098.0
10.8.2024 10:15,1104.0
10.8.2024 10:30,1206.0
10.8.2024 10:45,828.0
10.8.2024 11:00,666.0
10.8.2024 11:15,654.0
10.8.2024 11:30,600.0
10.8.2024 11:45,582.0
10.8.2024 12:00,564.0
10.8.2024 12:15,480.0
10.8.2024 12:30,618.0
10.8.2024 12:45,918.0
10.8.2024 13:00,1332.0
10.8.2024 13:15,1536.0
10.8.2024 13:30,1284.0
10.8.2024 13:45,1320.0
10.8.2024 14:00,1650.0
10.8.2024 14:15,1686.0
10.8.2024 14:30,1464.0
10.8.2024 14:45,1266.0
10.8.2024 15:00,930.0
10.8.2024 15:15,1038.0
10.8.2024 15:30,1326.0
10.8.2024 15:45,1272.0
10.8.2024 16:00,1212.0
10.8.2024 16:15,1086.0
10.8.2024 16:30,1422.0
10.8.2024 16:45,1596.0
10.8.2024 17:00,1662.0
10.8.2024 17:15,1632.0
10.8.2024 17:30,1848.0
10.8.2024 17:45,1728.0
10.8.2024 18:00,1734.0
10.8.2024 18:15,1680.0
10.8.2024 18:30,2076.0
10.8.2024 18:45,1890.0
10.8.2024 19:00,1500.0
10.8.2024 19:15,1392.0
10.8.2024 19:30,1482.0
10.8.2024 19:45,1350.0
10.8.2024 20:00,1566.0
10.8.2024 20:15,2034.0
10.8.2024 20:30,1968.0
10.8.2024 20:45,1974.0
10.8.2024 21:00,2076.0
10.8.2024 21:15,1440.0
10.8.2024 21:30,1560.0
10.8.2024 21:45,1464.0
10.8.2024 22:00,1452.0
10.8.2024 22:15,1488.0
10.8.2024 22:30,1548.0
10.8.2024 22:45,1614.0
10.8.2024 23:00,1482.0
10.8.2024 23:15,1344.0
10.8.2024 23:30,1524.0
10.8.2024 23:45,1506.0
11.8.2024 00:00,1554.0
11.8.2024 00:15,1584.0
11.8.2024 00:30,1626.0
11.8.2024 00:45,1764.0
11.8.2024 01:00,1764.0
11.8.2024 01:15,2058.0
11.8.2024 01:30,2034.0
11.8.2024 01:45,2058.0
11.8.2024 02:00,2004.0
11.8.2024 02:15,1866.0
11.8.2024 02:30,1986.0
11.8.2024 02:45,1752.0
11.8.2024 03:00,1650.0
11.8.2024 03:15,1674.0
11.8.2024 03:30,1596.0
11.8.2024 03:45,1518.0
11.8.2024 04:00,1392.0
11.8.2024 04:15,1548.0
11.8.2024 04:30,1608.0
11.8.2024 04:45,1542.0
11.8.2024 05:00,1830.0
11.8.2024 05:15,1908.0
11.8.2024 05:30,2064.0
11.8.2024 05:45,1776.0
11.8.2024 06:00,1524.0
11.8.2024 06:15,1050.0
11.8.2024 06:30,930.0
11.8.2024 06:45,900.0
11.8.2024 07:00,846.0
11.8.2024 07:15,780.0
11.8.2024 07:30,528.0
11.8.2024 07:45,372.0
11.8.2024 08:00,96.0
11.8.2024 08:15,54.0
11.8.2024 08:30,84.0
11.8.2024 08:45,90.0
11.8.2024 09:00,36.0
11.8.2024 09:15,24.0
11.8.2024 09:30,0.0
11.8.2024 09:45,6.0
11.8.2024 10:00,0.0
11.8.2024 10:15,0.0
11.8.2024 10:30,0.0
11.8.2024 10:45,30.0
11.8.2024 11:00,78.0
11.8.2024 11:15,96.0
11.8.2024 11:30,84.0
11.8.2024 11:45,108.0
11.8.2024 12:00,120.0
11.8.2024 12:15,132.0
11.8.2024 12:30,108.0
11.8.2024 12:45,138.0
11.8.2024 13:00,96.0
11.8.2024 13:15,90.0
11.8.2024 13:30,60.0
11.8.2024 13:45,42.0
11.8.2024 14:00,42.0
11.8.2024 14:15,66.0
11.8.2024 14:30,108.0
11.8.2024 14:45,108.0
11.8.2024 15:00,102.0
11.8.2024 15:15,96.0
11.8.2024 15:30,102.0
11.8.2024 15:45,96.0
11.8.2024 16:00,84.0
11.8.2024 16:15,66.0
11.8.2024 16:30,84.0
11.8.2024 16:45,84.0
11.8.2024 17:00,60.0
11.8.2024 17:15,72.0
11.8.2024 17:30,90.0
11.8.2024 17:45,90.0
11.8.2024 18:00,84.0
11.8.2024 18:15,84.0
11.8.2024 18:30,84.0
11.8.2024 18:45,84.0
11.8.2024 19:00,84.0
11.8.2024 19:15,90.0
11.8.2024 19:30,84.0
11.8.2024 19:45,84.0
11.8.2024 20:00,96.0
11.8.2024 20:15,90.0
11.8.2024 20:30,90.0
11.8.2024 20:45,90.0
11.8.2024 21:00,90.0
11.8.2024 21:15,96.0
11.8.2024 21:30,102.0
11.8.2024 21:45,102.0
11.8.2024 22:00,102.0
11.8.2024 22:15,96.0
11.8.2024 22:30,96.0
11.8.2024 22:45,102.0
11.8.2024 23:00,102.0
11.8.2024 23:15,96.0
11.8.2024 23:30,102.0
11.8.2024 23:45,96.0
12.8.2024 00:00,102.0
12.8.2024 00:15,96.0
12.8.2024 00:30,96.0
12.8.2024 00:45,90.0
12.8.2024 01:00,96.0
12.8.2024 01:15,96.0
12.8.2024 01:30,108.0
12.8.2024 01:45,156.0
12.8.2024 02:00,156.0
12.8.2024 02:15,150.0
12.8.2024 02:30,156.0
12.8.2024 02:45,150.0
12.8.2024 03:00,150.0
12.8.2024 03:15,150.0
12.8.2024 03:30,144.0
12.8.2024 03:45,150.0
12.8.2024 04:00,156.0
12.8.2024 04:15,144.0
12.8.2024 04:30,144.0
12.8.2024 04:45,144.0
12.8.2024 05:00,144.0
12.8.2024 05:15,144.0
12.8.2024 05:30,144.0
12.8.2024 05:45,138.0
12.8.2024 06:00,144.0
12.8.2024 06:15,204.0
12.8.2024 06:30,186.0
12.8.2024 06:45,186.0
12.8.2024 07:00,156.0
12.8.2024 07:15,138.0
12.8.2024 07:30,174.0
12.8.2024 07:45,36.0
12.8.2024 08:00,336.0
12.8.2024 08:15,708.0
12.8.2024 08:30,1080.0
12.8.2024 08:45,1134.0
12.8.2024 09:00,1104.0
12.8.2024 09:15,1110.0
12.8.2024 09:30,1092.0
12.8.2024 09:45,1218.0
12.8.2024 10:00,1146.0
12.8.2024 10:15,1056.0
12.8.2024 10:30,1032.0
12.8.2024 10:45,738.0
12.8.2024 11:00,738.0
12.8.2024 11:15,828.0
12.8.2024 11:30,1008.0
12.8.2024 11:45,570.0
12.8.2024 12:00,432.0
12.8.2024 12:15,558.0
12.8.2024 12:30,804.0
12.8.2024 12:45,906.0
12.8.2024 13:00,894.0
12.8.2024 13:15,1134.0
12.8.2024 13:30,1272.0
12.8.2024 13:45,918.0
12.8.2024 14:00,900.0
12.8.2024 14:15,1050.0
12.8.2024 14:30,1050.0
12.8.2024 14:45,1122.0
12.8.2024 15:00,1164.0
12.8.2024 15:15,1134.0
12.8.2024 15:30,1200.0
12.8.2024 15:45,1098.0
12.8.2024 16:00,960.0
12.8.2024 16:15,966.0
12.8.2024 16:30,1080.0
12.8.2024 16:45,1032.0
12.8.2024 17:00,1242.0
12.8.2024 17:15,1302.0
12.8.2024 17:30,1182.0
12.8.2024 17:45,1386.0
12.8.2024 18:00,1488.0
12.8.2024 18:15,1512.0
12.8.2024 18:30,1560.0
12.8.2024 18:45,1536.0
12.8.2024 19:00,1500.0
12.8.2024 19:15,1650.0
12.8.2024 19:30,1818.0
12.8.2024 19:45,1824.0
12.8.2024 20:00,1716.0
12.8.2024 20:15,1884.0
12.8.2024 20:30,1824.0
12.8.2024 20:45,1854.0
12.8.2024 21:00,1932.0
12.8.2024 21:15,1866.0
12.8.2024 21:30,1860.0
12.8.2024 21:45,1896.0
12.8.2024 22:00,1548.0
12.8.2024 22:15,1698.0
12.8.2024 22:30,1872.0
12.8.2024 22:45,1896.0
12.8.2024 23:00,1848.0
12.8.2024 23:15,1782.0
12.8.2024 23:30,1380.0
12.8.2024 23:45,1656.0
13.8.2024 00:00,1932.0
13.8.2024 00:15,1836.0
13.8.2024 00:30,1764.0
13.8.2024 00:45,1758.0
13.8.2024 01:00,1374.0
13.8.2024 01:15,1392.0
13.8.2024 01:30,1956.0
13.8.2024 01:45,1884.0
13.8.2024 02:00,1578.0
13.8.2024 02:15,1752.0
13.8.2024 02:30,1788.0
13.8.2024 02:45,1362.0
13.8.2024 03:00,1368.0
13.8.2024 03:15,1440.0
13.8.2024 03:30,1848.0
13.8.2024 03:45,1704.0
13.8.2024 04:00,1752.0
13.8.2024 04:15,1656.0
13.8.2024 04:30,1638.0
13.8.2024 04:45,1560.0
13.8.2024 05:00,1806.0
13.8.2024 05:15,1800.0
13.8.2024 05:30,1518.0
13.8.2024 05:45,1440.0
13.8.2024 06:00,1494.0
13.8.2024 06:15,1818.0
13.8.2024 06:30,1536.0
13.8.2024 06:45,1434.0
13.8.2024 07:00,1668.0
13.8.2024 07:15,1200.0
13.8.2024 07:30,1170.0
13.8.2024 07:45,954.0
13.8.2024 08:00,576.0
13.8.2024 08:15,822.0
13.8.2024 08:30,894.0
13.8.2024 08:45,978.0
13.8.2024 09:00,1164.0
13.8.2024 09:15,1146.0
13.8.2024 09:30,1134.0
13.8.2024 09:45,1128.0
13.8.2024 10:00,762.0
13.8.2024 10:15,600.0
13.8.2024 10:30,990.0
13.8.2024 10:45,672.0
13.8.2024 11:00,624.0
13.8.2024 11:15,546.0
13.8.2024 11:30,666.0
13.8.2024 11:45,612.0
13.8.2024 12:00,456.0
13.8.2024 12:15,426.0
13.8.2024 12:30,408.0
13.8.2024 12:45,432.0
13.8.2024 13:00,648.0
13.8.2024 13:15,552.0
13.8.2024 13:30,918.0
13.8.2024 13:45,972.0
13.8.2024 14:00,708.0
13.8.2024 14:15,1224.0
13.8.2024 14:30,1494.0
13.8.2024 14:45,1488.0
13.8.2024 15:00,1440.0
13.8.2024 15:15,1518.0
13.8.2024 15:30,1698.0
13.8.2024 15:45,1872.0
13.8.2024 16:00,1926.0
13.8.2024 16:15,1908.0
13.8.2024 16:30,1836.0
13.8.2024 16:45,1776.0
13.8.2024 17:00,1710.0
13.8.2024 17:15,1956.0
13.8.2024 17:30,1830.0
13.8.2024 17:45,1860.0
13.8.2024 18:00,1932.0
13.8.2024 18:15,1992.0
13.8.2024 18:30,2022.0
13.8.2024 18:45,2058.0
13.8.2024 19:00,2016.0
13.8.2024 19:15,1992.0
13.8.2024 19:30,1632.0
13.8.2024 19:45,1230.0
13.8.2024 20:00,1128.0
13.8.2024 20:15,1548.0
13.8.2024 20:30,2058.0
13.8.2024 20:45,1986.0
13.8.2024 21:00,1908.0
13.8.2024 21:15,1956.0
13.8.2024 21:30,1746.0
13.8.2024 21:45,1584.0
13.8.2024 22:00,1554.0
13.8.2024 22:15,1608.0
13.8.2024 22:30,1602.0
13.8.2024 22:45,1602.0
13.8.2024 23:00,1512.0
13.8.2024 23:15,1608.0
13.8.2024 23:30,1638.0
13.8.2024 23:45,1656.0
14.8.2024 00:00,1812.0
14.8.2024 00:15,1932.0
14.8.2024 00:30,1800.0
14.8.2024 00:45,1896.0
14.8.2024 01:00,1728.0
14.8.2024 01:15,1518.0
14.8.2024 01:30,1692.0
14.8.2024 01:45,1938.0
14.8.2024 02:00,1644.0
14.8.2024 02:15,1554.0
14.8.2024 02:30,1566.0
14.8.2024 02:45,1608.0
14.8.2024 03:00,1524.0
14.8.2024 03:15,1632.0
14.8.2024 03:30,1572.0
14.8.2024 03:45,1608.0
14.8.2024 04:00,1848.0
14.8.2024 04:15,1848.0
14.8.2024 04:30,1734.0
14.8.2024 04:45,1782.0
14.8.2024 05:00,1944.0
14.8.2024 05:15,1872.0
14.8.2024 05:30,1890.0
14.8.2024 05:45,1452.0
14.8.2024 06:00,1206.0
14.8.2024 06:15,1488.0
14.8.2024 06:30,1854.0
14.8.2024 06:45,1776.0
14.8.2024 07:00,1692.0
14.8.2024 07:15,1548.0
14.8.2024 07:30,1488.0
14.8.2024 07:45,942.0
14.8.2024 08:00,684.0
14.8.2024 08:15,954.0
14.8.2024 08:30,894.0
14.8.2024 08:45,1170.0
14.8.2024 09:00,1122.0
14.8.2024 09:15,1056.0
14.8.2024 09:30,1008.0
14.8.2024 09:45,738.0
14.8.2024 10:00,702.0
14.8.2024 10:15,708.0
14.8.2024 10:30,708.0
14.8.2024 10:45,804.0
14.8.2024 11:00,798.0
14.8.2024 11:15,708.0
14.8.2024 11:30,660.0
14.8.2024 11:45,648.0
14.8.2024 12:00,720.0
14.8.2024 12:15,600.0
14.8.2024 12:30,870.0
14.8.2024 12:45,546.0
14.8.2024 13:00,744.0
14.8.2024 13:15,408.0
14.8.2024 13:30,1068.0
14.8.2024 13:45,846.0
14.8.2024 14:00,426.0
14.8.2024 14:15,540.0
14.8.2024 14:30,942.0
14.8.2024 14:45,1206.0
14.8.2024 15:00,1290.0
14.8.2024 15:15,1710.0
14.8.2024 15:30,1494.0
14.8.2024 15:45,1578.0
14.8.2024 16:00,1704.0
14.8.2024 16:15,1740.0
14.8.2024 16:30,1512.0
14.8.2024 16:45,1650.0
14.8.2024 17:00,1500.0
14.8.2024 17:15,1368.0
14.8.2024 17:30,1254.0
14.8.2024 17:45,1362.0
14.8.2024 18:00,1854.0
14.8.2024 18:15,1800.0
14.8.2024 18:30,1776.0
14.8.2024 18:45,1788.0
14.8.2024 19:00,1884.0
14.8.2024 19:15,1800.0
14.8.2024 19:30,1878.0
14.8.2024 19:45,1590.0
14.8.2024 20:00,1272.0
14.8.2024 20:15,1866.0
14.8.2024 20:30,1974.0
14.8.2024 20:45,1908.0
14.8.2024 21:00,1848.0
14.8.2024 21:15,1902.0
14.8.2024 21:30,1830.0
14.8.2024 21:45,1836.0
14.8.2024 22:00,1944.0
14.8.2024 22:15,1962.0
14.8.2024 22:30,2022.0
14.8.2024 22:45,1974.0
14.8.2024 23:00,1884.0
14.8.2024 23:15,1680.0
14.8.2024 23:30,1512.0
14.8.2024 23:45,1518.0
15.8.2024 00:00,1482.0
15.8.2024 00:15,1470.0
15.8.2024 00:30,1476.0
15.8.2024 00:45,1482.0
15.8.2024 01:00,1662.0
15.8.2024 01:15,1902.0
15.8.2024 01:30,1830.0
15.8.2024 01:45,1824.0
15.8.2024 02:00,1452.0
15.8.2024 02:15,1932.0
15.8.2024 02:30,1896.0
15.8.2024 02:45,1536.0
15.8.2024 03:00,1692.0
15.8.2024 03:15,1722.0
15.8.2024 03:30,1722.0
15.8.2024 03:45,1938.0
15.8.2024 04:00,1740.0
15.8.2024 04:15,1620.0
15.8.2024 04:30,1482.0
15.8.2024 04:45,1464.0
15.8.2024 05:00,1578.0
15.8.2024 05:15,1632.0
15.8.2024 05:30,1476.0
15.8.2024 05:45,1428.0
15.8.2024 06:00,1452.0
15.8.2024 06:15,1584.0
15.8.2024 06:30,1698.0
15.8.2024 06:45,1356.0
15.8.2024 07:00,1440.0
15.8.2024 07:15,1656.0
15.8.2024 07:30,1548.0
15.8.2024 07:45,1476.0
15.8.2024 08:00,1404.0
15.8.2024 08:15,1368.0
15.8.2024 08:30,1224.0
15.8.2024 08:45,1080.0
15.8.2024 09:00,768.0
15.8.2024 09:15,756.0
15.8.2024 09:30,678.0
15.8.2024 09:45,462.0
15.8.2024 10:00,630.0
15.8.2024 10:15,606.0
15.8.2024 10:30,588.0
15.8.2024 10:45,720.0
15.8.2024 11:00,1116.0
15.8.2024 11:15,726.0
15.8.2024 11:30,594.0
15.8.2024 11:45,480.0
15.8.2024 12:00,414.0
15.8.2024 12:15,930.0
15.8.2024 12:30,828.0
15.8.2024 12:45,870.0
15.8.2024 13:00,1038.0
15.8.2024 13:15,996.0
15.8.2024 13:30,1284.0
15.8.2024 13:45,1722.0
15.8.2024 14:00,1698.0
15.8.2024 14:15,1752.0
15.8.2024 14:30,1752.0
15.8.2024 14:45,1632.0
15.8.2024 15:00,1170.0
15.8.2024 15:15,1134.0
15.8.2024 15:30,1578.0
15.8.2024 15:45,1764.0
15.8.2024 16:00,1464.0
15.8.2024 16:15,1608.0
15.8.2024 16:30,1668.0
15.8.2024 16:45,1812.0
15.8.2024 17:00,1812.0
15.8.2024 17:15,1740.0
15.8.2024 17:30,1866.0
15.8.2024 17:45,1824.0
15.8.2024 18:00,1782.0
15.8.2024 18:15,1872.0
15.8.2024 18:30,1842.0
15.8.2024 18:45,1884.0
15.8.2024 19:00,1692.0
15.8.2024 19:15,1368.0
15.8.2024 19:30,1872.0
15.8.2024 19:45,1914.0
15.8.2024 20:00,1860.0
15.8.2024 20:15,1800.0
15.8.2024 20:30,1860.0
15.8.2024 20:45,1758.0
15.8.2024 21:00,1728.0
15.8.2024 21:15,1650.0
15.8.2024 21:30,1944.0
15.8.2024 21:45,1488.0
15.8.2024 22:00,1188.0
15.8.2024 22:15,1704.0
15.8.2024 22:30,2052.0
15.8.2024 22:45,1896.0
15.8.2024 23:00,1992.0
15.8.2024 23:15,1920.0
15.8.2024 23:30,1914.0
15.8.2024 23:45,1950.0
16.8.2024 00:00,1716.0
16.8.2024 00:15,1242.0
16.8.2024 00:30,1308.0
16.8.2024 00:45,1932.0
16.8.2024 01:00,1740.0
16.8.2024 01:15,1914.0
16.8.2024 01:30,1968.0
16.8.2024 01:45,1776.0
16.8.2024 02:00,1560.0
16.8.2024 02:15,1518.0
16.8.2024 02:30,1764.0
16.8.2024 02:45,1596.0
16.8.2024 03:00,1710.0
16.8.2024 03:15,1548.0
16.8.2024 03:30,1632.0
16.8.2024 03:45,1668.0
16.8.2024 04:00,1836.0
16.8.2024 04:15,2010.0
16.8.2024 04:30,1968.0
16.8.2024 04:45,1932.0
16.8.2024 05:00,2052.0
16.8.2024 05:15,1860.0
16.8.2024 05:30,1752.0
16.8.2024 05:45,1224.0
16.8.2024 06:00,1224.0
16.8.2024 06:15,1932.0
16.8.2024 06:30,1872.0
16.8.2024 06:45,1620.0
16.8.2024 07:00,1716.0
16.8.2024 07:15,1542.0
16.8.2024 07:30,1524.0
16.8.2024 07:45,1236.0
16.8.2024 08:00,966.0
16.8.2024 08:15,1056.0
16.8.2024 08:30,792.0
16.8.2024 08:45,954.0
16.8.2024 09:00,876.0
16.8.2024 09:15,594.0
16.8.2024 09:30,660.0
16.8.2024 09:45,678.0
16.8.2024 10:00,648.0
16.8.2024 10:15,624.0
16.8.2024 10:30,594.0
16.8.2024 10:45,636.0
16.8.2024 11:00,996.0
16.8.2024 11:15,1092.0
16.8.2024 11:30,1164.0
16.8.2024 11:45,948.0
16.8.2024 12:00,942.0
16.8.2024 12:15,972.0
16.8.2024 12:30,792.0
16.8.2024 12:45,822.0
16.8.2024 13:00,828.0
16.8.2024 13:15,708.0
16.8.2024 13:30,576.0
16.8.2024 13:45,462.0
16.8.2024 14:00,528.0
16.8.2024 14:15,822.0
16.8.2024 14:30,1470.0
16.8.2024 14:45,1098.0
16.8.2024 15:00,1044.0
16.8.2024 15:15,1026.0
16.8.2024 15:30,882.0
16.8.2024 15:45,1014.0
16.8.2024 16:00,1068.0
16.8.2024 16:15,1176.0
16.8.2024 16:30,1020.0
16.8.2024 16:45,1044.0
16.8.2024 17:00,1320.0
16.8.2024 17:15,1284.0
16.8.2024 17:30,1434.0
16.8.2024 17:45,1452.0
16.8.2024 18:00,1506.0
16.8.2024 18:15,1386.0
16.8.2024 18:30,1518.0
16.8.2024 18:45,1392.0
16.8.2024 19:00,1464.0
16.8.2024 19:15,1500.0
16.8.2024 19:30,1506.0
16.8.2024 19:45,1590.0
16.8.2024 20:00,1740.0
16.8.2024 20:15,1878.0
16.8.2024 20:30,1902.0
16.8.2024 20:45,1950.0
16.8.2024 21:00,2016.0
16.8.2024 21:15,1872.0
16.8.2024 21:30,2052.0
16.8.2024 21:45,1608.0
16.8.2024 22:00,1344.0
16.8.2024 22:15,1968.0
16.8.2024 22:30,1908.0
16.8.2024 22:45,2058.0
16.8.2024 23:00,2046.0
16.8.2024 23:15,1980.0
16.8.2024 23:30,2016.0
16.8.2024 23:45,1758.0
17.8.2024 00:00,1584.0
17.8.2024 00:15,1590.0
17.8.2024 00:30,1560.0
17.8.2024 00:45,1542.0
17.8.2024 01:00,1554.0
17.8.2024 01:15,1614.0
17.8.2024 01:30,1620.0
17.8.2024 01:45,1530.0
17.8.2024 02:00,1494.0
17.8.2024 02:15,1590.0
17.8.2024 02:30,1500.0
17.8.2024 02:45,1494.0
17.8.2024 03:00,1536.0
17.8.2024 03:15,1512.0
17.8.2024 03:30,1446.0
17.8.2024 03:45,1458.0
17.8.2024 04:00,1512.0
17.8.2024 04:15,1506.0
17.8.2024 04:30,1476.0
17.8.2024 04:45,1512.0
17.8.2024 05:00,1542.0
17.8.2024 05:15,1470.0
17.8.2024 05:30,1566.0
17.8.2024 05:45,1464.0
17.8.2024 06:00,1446.0
17.8.2024 06:15,1620.0
17.8.2024 06:30,1830.0
17.8.2024 06:45,1800.0
17.8.2024 07:00,1782.0
17.8.2024 07:15,1800.0
17.8.2024 07:30,1644.0
17.8.2024 07:45,1644.0
17.8.2024 08:00,1608.0
17.8.2024 08:15,1398.0
17.8.2024 08:30,1434.0
17.8.2024 08:45,1302.0
17.8.2024 09:00,1476.0
17.8.2024 09:15,1452.0
17.8.2024 09:30,1458.0
17.8.2024 09:45,1470.0
17.8.2024 10:00,1512.0
17.8.2024 10:15,1452.0
17.8.2024 10:30,1392.0
17.8.2024 10:45,1386.0
17.8.2024 11:00,1326.0
17.8.2024 11:15,1206.0
17.8.2024 11:30,1008.0
17.8.2024 11:45,708.0
17.8.2024 12:00,408.0
17.8.2024 12:15,474.0
17.8.2024 12:30,456.0
17.8.2024 12:45,720.0
17.8.2024 13:00,828.0
17.8.2024 13:15,822.0
17.8.2024 13:30,816.0
17.8.2024 13:45,834.0
17.8.2024 14:00,834.0
17.8.2024 14:15,936.0
17.8.2024 14:30,654.0
17.8.2024 14:45,492.0
17.8.2024 15:00,528.0
17.8.2024 15:15,816.0
17.8.2024 15:30,876.0
17.8.2024 15:45,1380.0
17.8.2024 16:00,1884.0
17.8.2024 16:15,1890.0
17.8.2024 16:30,1842.0
17.8.2024 16:45,1626.0
17.8.2024 17:00,1344.0
17.8.2024 17:15,1434.0
17.8.2024 17:30,1464.0
17.8.2024 17:45,1326.0
17.8.2024 18:00,1260.0
17.8.2024 18:15,1428.0
17.8.2024 18:30,1428.0
17.8.2024 18:45,1326.0
17.8.2024 19:00,1764.0
17.8.2024 19:15,1728.0
17.8.2024 19:30,1884.0
17.8.2024 19:45,1920.0
17.8.2024 20:00,1914.0
17.8.2024 20:15,1836.0
17.8.2024 20:30,1926.0
17.8.2024 20:45,1872.0
17.8.2024 21:00,1776.0
17.8.2024 21:15,1752.0
17.8.2024 21:30,1824.0
17.8.2024 21:45,1884.0
17.8.2024 22:00,1908.0
17.8.2024 22:15,1950.0
17.8.2024 22:30,1842.0
17.8.2024 22:45,1608.0
17.8.2024 23:00,1860.0
17.8.2024 23:15,1878.0
17.8.2024 23:30,1746.0
17.8.2024 23:45,1920.0
18.8.2024 00:00,1272.0
18.8.2024 00:15,1332.0
18.8.2024 00:30,1926.0
18.8.2024 00:45,1764.0
18.8.2024 01:00,1854.0
18.8.2024 01:15,1536.0
18.8.2024 01:30,1698.0
18.8.2024 01:45,1578.0
18.8.2024 02:00,1380.0
18.8.2024 02:15,1464.0
18.8.2024 02:30,1584.0
18.8.2024 02:45,1938.0
18.8.2024 03:00,1938.0
18.8.2024 03:15,2052.0
18.8.2024 03:30,1926.0
18.8.2024 03:45,1734.0
18.8.2024 04:00,1362.0
18.8.2024 04:15,1560.0
18.8.2024 04:30,1800.0
18.8.2024 04:45,1434.0
18.8.2024 05:00,1716.0
18.8.2024 05:15,1908.0
18.8.2024 05:30,1890.0
18.8.2024 05:45,1332.0
18.8.2024 06:00,1254.0
18.8.2024 06:15,1752.0
18.8.2024 06:30,1764.0
18.8.2024 06:45,1674.0
18.8.2024 07:00,1566.0
18.8.2024 07:15,1452.0
18.8.2024 07:30,1434.0
18.8.2024 07:45,1440.0
18.8.2024 08:00,828.0
18.8.2024 08:15,732.0
18.8.2024 08:30,828.0
18.8.2024 08:45,780.0
18.8.2024 09:00,768.0
18.8.2024 09:15,708.0
18.8.2024 09:30,828.0
18.8.2024 09:45,924.0
18.8.2024 10:00,972.0
18.8.2024 10:15,954.0
18.8.2024 10:30,786.0
18.8.2024 10:45,624.0
18.8.2024 11:00,624.0
18.8.2024 11:15,444.0
18.8.2024 11:30,516.0
18.8.2024 11:45,720.0
18.8.2024 12:00,522.0
18.8.2024 12:15,612.0
18.8.2024 12:30,558.0
18.8.2024 12:45,576.0
18.8.2024 13:00,450.0
18.8.2024 13:15,480.0
18.8.2024 13:30,888.0
18.8.2024 13:45,504.0
18.8.2024 14:00,558.0
18.8.2024 14:15,654.0
18.8.2024 14:30,780.0
18.8.2024 14:45,834.0
18.8.2024 15:00,912.0
18.8.2024 15:15,1128.0
18.8.2024 15:30,1476.0
18.8.2024 15:45,1446.0
18.8.2024 16:00,1398.0
18.8.2024 16:15,1344.0
18.8.2024 16:30,1374.0
18.8.2024 16:45,1656.0
18.8.2024 17:00,1788.0
18.8.2024 17:15,1842.0
18.8.2024 17:30,1800.0
18.8.2024 17:45,1818.0
18.8.2024 18:00,1902.0
18.8.2024 18:15,1788.0
18.8.2024 18:30,1812.0
18.8.2024 18:45,1908.0
18.8.2024 19:00,1980.0
18.8.2024 19:15,2010.0
18.8.2024 19:30,1920.0
18.8.2024 19:45,1692.0
18.8.2024 20:00,1710.0
18.8.2024 20:15,1632.0
18.8.2024 20:30,1704.0
18.8.2024 20:45,1848.0
18.8.2024 21:00,1962.0
18.8.2024 21:15,1878.0
18.8.2024 21:30,1806.0
18.8.2024 21:45,1524.0
18.8.2024 22:00,1224.0
18.8.2024 22:15,1524.0
18.8.2024 22:30,1608.0
18.8.2024 22:45,1908.0
18.8.2024 23:00,2052.0
18.8.2024 23:15,1944.0
18.8.2024 23:30,2004.0
18.8.2024 23:45,1950.0
19.8.2024 00:00,1776.0
19.8.2024 00:15,1590.0
19.8.2024 00:30,1722.0
19.8.2024 00:45,1872.0
19.8.2024 01:00,1650.0
19.8.2024 01:15,1530.0
19.8.2024 01:30,1512.0
19.8.2024 01:45,1524.0
19.8.2024 02:00,1530.0
19.8.2024 02:15,1518.0
19.8.2024 02:30,1638.0
19.8.2024 02:45,1620.0
19.8.2024 03:00,1476.0
19.8.2024 03:15,1872.0
19.8.2024 03:30,1938.0
19.8.2024 03:45,1794.0
19.8.2024 04:00,1758.0
19.8.2024 04:15,1842.0
19.8.2024 04:30,1860.0
19.8.2024 04:45,1962.0
19.8.2024 05:00,1890.0
19.8.2024 05:15,1920.0
19.8.2024 05:30,1896.0
19.8.2024 05:45,1512.0
19.8.2024 06:00,1188.0
19.8.2024 06:15,1818.0
19.8.2024 06:30,1752.0
19.8.2024 06:45,1782.0
19.8.2024 07:00,1644.0
19.8.2024 07:15,1440.0
19.8.2024 07:30,1620.0
19.8.2024 07:45,1416.0
19.8.2024 08:00,1230.0
19.8.2024 08:15,1332.0
19.8.2024 08:30,1254.0
19.8.2024 08:45,894.0
19.8.2024 09:00,756.0
19.8.2024 09:15,1092.0
19.8.2024 09:30,828.0
19.8.2024 09:45,624.0
19.8.2024 10:00,552.0
19.8.2024 10:15,588.0
19.8.2024 10:30,588.0
19.8.2024 10:45,402.0
19.8.2024 11:00,612.0
19.8.2024 11:15,654.0
19.8.2024 11:30,546.0
19.8.2024 11:45,408.0
19.8.2024 12:00,810.0
19.8.2024 12:15,486.0
19.8.2024 12:30,762.0
19.8.2024 12:45,468.0
19.8.2024 13:00,708.0
19.8.2024 13:15,984.0
19.8.2024 13:30,1026.0
19.8.2024 13:45,822.0
19.8.2024 14:00,972.0
19.8.2024 14:15,1080.0
19.8.2024 14:30,1224.0
19.8.2024 14:45,996.0
19.8.2024 15:00,840.0
19.8.2024 15:15,1308.0
19.8.2024 15:30,1506.0
19.8.2024 15:45,1344.0
19.8.2024 16:00,1542.0
19.8.2024 16:15,1548.0
19.8.2024 16:30,1332.0
19.8.2024 16:45,1554.0
19.8.2024 17:00,1488.0
19.8.2024 17:15,1590.0
19.8.2024 17:30,1812.0
19.8.2024 17:45,1878.0
19.8.2024 18:00,1908.0
19.8.2024 18:15,1830.0
19.8.2024 18:30,1902.0
19.8.2024 18:45,1584.0
19.8.2024 19:00,1560.0
19.8.2024 19:15,1542.0
19.8.2024 19:30,1560.0
19.8.2024 19:45,1488.0
19.8.2024 20:00,1596.0
19.8.2024 20:15,1404.0
19.8.2024 20:30,1524.0
19.8.2024 20:45,1494.0
19.8.2024 21:00,1494.0
19.8.2024 21:15,1506.0
19.8.2024 21:30,1656.0
19.8.2024 21:45,1920.0
19.8.2024 22:00,2004.0
19.8.2024 22:15,1932.0
19.8.2024 22:30,1470.0
19.8.2024 22:45,1902.0
19.8.2024 23:00,1662.0
19.8.2024 23:15,1458.0
19.8.2024 23:30,1254.0
19.8.2024 23:45,1056.0
20.8.2024 00:00,1056.0
20.8.2024 00:15,1020.0
20.8.2024 00:30,1020.0
20.8.2024 00:45,1026.0
20.8.2024 01:00,1032.0
20.8.2024 01:15,1044.0
20.8.2024 01:30,1032.0
20.8.2024 01:45,966.0
20.8.2024 02:00,1002.0
20.8.2024 02:15,912.0
20.8.2024 02:30,918.0
20.8.2024 02:45,918.0
20.8.2024 03:00,966.0
20.8.2024 03:15,954.0
20.8.2024 03:30,960.0
20.8.2024 03:45,912.0
20.8.2024 04:00,900.0
20.8.2024 04:15,894.0
20.8.2024 04:30,912.0
20.8.2024 04:45,900.0
20.8.2024 05:00,900.0
20.8.2024 05:15,888.0
20.8.2024 05:30,900.0
20.8.2024 05:45,288.0
20.8.2024 06:00,180.0
20.8.2024 06:15,540.0
20.8.2024 06:30,660.0
20.8.2024 06:45,738.0
20.8.2024 07:00,678.0
20.8.2024 07:15,690.0
20.8.2024 07:30,738.0
20.8.2024 07:45,666.0
20.8.2024 08:00,540.0
20.8.2024 08:15,204.0
20.8.2024 08:30,192.0
20.8.2024 08:45,138.0
20.8.2024 09:00,102.0
20.8.2024 09:15,60.0
20.8.2024 09:30,12.0
20.8.2024 09:45,12.0
20.8.2024 10:00,12.0
20.8.2024 10:15,24.0
20.8.2024 10:30,24.0
20.8.2024 10:45,144.0
20.8.2024 11:00,138.0
20.8.2024 11:15,144.0
20.8.2024 11:30,138.0
20.8.2024 11:45,132.0
20.8.2024 12:00,48.0
20.8.2024 12:15,72.0
20.8.2024 12:30,54.0
20.8.2024 12:45,12.0
20.8.2024 13:00,6.0
20.8.2024 13:15,0.0
20.8.2024 13:30,0.0
20.8.2024 13:45,6.0
20.8.2024 14:00,12.0
20.8.2024 14:15,0.0
20.8.2024 14:30,6.0
20.8.2024 14:45,0.0
20.8.2024 15:00,0.0
20.8.2024 15:15,18.0
20.8.2024 15:30,18.0
20.8.2024 15:45,24.0
20.8.2024 16:00,60.0
20.8.2024 16:15,120.0
20.8.2024 16:30,132.0
20.8.2024 16:45,84.0
20.8.2024 17:00,78.0
20.8.2024 17:15,72.0
20.8.2024 17:30,60.0
20.8.2024 17:45,72.0
20.8.2024 18:00,66.0
20.8.2024 18:15,66.0
20.8.2024 18:30,72.0
20.8.2024 18:45,72.0
20.8.2024 19:00,72.0
20.8.2024 19:15,72.0
20.8.2024 19:30,72.0
20.8.2024 19:45,72.0
20.8.2024 20:00,84.0
20.8.2024 20:15,84.0
20.8.2024 20:30,72.0
20.8.2024 20:45,78.0
20.8.2024 21:00,72.0
20.8.2024 21:15,84.0
20.8.2024 21:30,90.0
20.8.2024 21:45,96.0
20.8.2024 22:00,102.0
20.8.2024 22:15,108.0
20.8.2024 22:30,132.0
20.8.2024 22:45,120.0
20.8.2024 23:00,120.0
20.8.2024 23:15,132.0
20.8.2024 23:30,126.0
20.8.2024 23:45,120.0
21.8.2024 00:00,114.0
21.8.2024 00:15,114.0
21.8.2024 00:30,102.0
21.8.2024 00:45,102.0
21.8.2024 01:00,108.0
21.8.2024 01:15,114.0
21.8.2024 01:30,120.0
21.8.2024 01:45,120.0
21.8.2024 02:00,120.0
21.8.2024 02:15,120.0
21.8.2024 02:30,114.0
21.8.2024 02:45,108.0
21.8.2024 03:00,102.0
21.8.2024 03:15,102.0
21.8.2024 03:30,102.0
21.8.2024 03:45,96.0
21.8.2024 04:00,102.0
21.8.2024 04:15,102.0
21.8.2024 04:30,96.0
21.8.2024 04:45,96.0
21.8.2024 05:00,90.0
21.8.2024 05:15,84.0
21.8.2024 05:30,72.0
21.8.2024 05:45,72.0
21.8.2024 06:00,72.0
21.8.2024 06:15,72.0
21.8.2024 06:30,72.0
21.8.2024 06:45,78.0
21.8.2024 07:00,24.0
21.8.2024 07:15,6.0
21.8.2024 07:30,6.0
21.8.2024 07:45,6.0
21.8.2024 08:00,0.0
21.8.2024 08:15,0.0
21.8.2024 08:30,6.0
21.8.2024 08:45,12.0
21.8.2024 09:00,0.0
21.8.2024 09:15,0.0
21.8.2024 09:30,0.0
21.8.2024 09:45,12.0
21.8.2024 10:00,36.0
21.8.2024 10:15,48.0
21.8.2024 10:30,66.0
21.8.2024 10:45,36.0
21.8.2024 11:00,42.0
21.8.2024 11:15,60.0
21.8.2024 11:30,66.0
21.8.2024 11:45,60.0
21.8.2024 12:00,78.0
21.8.2024 12:15,6.0
21.8.2024 12:30,0.0
21.8.2024 12:45,0.0
21.8.2024 13:00,6.0
21.8.2024 13:15,0.0
21.8.2024 13:30,12.0
21.8.2024 13:45,12.0
21.8.2024 14:00,12.0
21.8.2024 14:15,18.0
21.8.2024 14:30,18.0
21.8.2024 14:45,30.0
21.8.2024 15:00,30.0
21.8.2024 15:15,42.0
21.8.2024 15:30,54.0
21.8.2024 15:45,72.0
21.8.2024 16:00,114.0
21.8.2024 16:15,132.0
21.8.2024 16:30,150.0
21.8.2024 16:45,138.0
21.8.2024 17:00,138.0
21.8.2024 17:15,48.0
21.8.2024 17:30,54.0
21.8.2024 17:45,84.0
21.8.2024 18:00,126.0
21.8.2024 18:15,150.0
21.8.2024 18:30,150.0
21.8.2024 18:45,150.0
21.8.2024 19:00,150.0
21.8.2024 19:15,150.0
21.8.2024 19:30,150.0
21.8.2024 19:45,150.0
21.8.2024 20:00,228.0
21.8.2024 20:15,348.0
21.8.2024 20:30,426.0
21.8.2024 20:45,606.0
21.8.2024 21:00,948.0
21.8.2024 21:15,1050.0
21.8.2024 21:30,1122.0
21.8.2024 21:45,1512.0
21.8.2024 22:00,1584.0
21.8.2024 22:15,1710.0
21.8.2024 22:30,1638.0
21.8.2024 22:45,1494.0
21.8.2024 23:00,1668.0
21.8.2024 23:15,1752.0
21.8.2024 23:30,1728.0
21.8.2024 23:45,1812.0
22.8.2024 00:00,1668.0
22.8.2024 00:15,1782.0
22.8.2024 00:30,1860.0
22.8.2024 00:45,1812.0
22.8.2024 01:00,1806.0
22.8.2024 01:15,1728.0
22.8.2024 01:30,1764.0
22.8.2024 01:45,1914.0
22.8.2024 02:00,1818.0
22.8.2024 02:15,1704.0
22.8.2024 02:30,1848.0
22.8.2024 02:45,1800.0
22.8.2024 03:00,1404.0
22.8.2024 03:15,1224.0
22.8.2024 03:30,1548.0
22.8.2024 03:45,1638.0
22.8.2024 04:00,1362.0
22.8.2024 04:15,1398.0
22.8.2024 04:30,1524.0
22.8.2024 04:45,1560.0
22.8.2024 05:00,1572.0
22.8.2024 05:15,1638.0
22.8.2024 05:30,1560.0
22.8.2024 05:45,1488.0
22.8.2024 06:00,1452.0
22.8.2024 06:15,1308.0
22.8.2024 06:30,978.0
22.8.2024 06:45,888.0
22.8.2024 07:00,846.0
22.8.2024 07:15,774.0
22.8.2024 07:30,750.0
22.8.2024 07:45,912.0
22.8.2024 08:00,684.0
22.8.2024 08:15,642.0
22.8.2024 08:30,192.0
22.8.2024 08:45,270.0
22.8.2024 09:00,384.0
22.8.2024 09:15,426.0
22.8.2024 09:30,384.0
22.8.2024 09:45,336.0
22.8.2024 10:00,612.0
22.8.2024 10:15,888.0
22.8.2024 10:30,306.0
22.8.2024 10:45,822.0
22.8.2024 11:00,648.0
22.8.2024 11:15,336.0
22.8.2024 11:30,432.0
22.8.2024 11:45,594.0
22.8.2024 12:00,600.0
22.8.2024 12:15,474.0
22.8.2024 12:30,588.0
22.8.2024 12:45,1170.0
22.8.2024 13:00,492.0
22.8.2024 13:15,264.0
22.8.2024 13:30,510.0
22.8.2024 13:45,750.0
22.8.2024 14:00,654.0
22.8.2024 14:15,1020.0
22.8.2024 14:30,912.0
22.8.2024 14:45,996.0
22.8.2024 15:00,936.0
22.8.2024 15:15,1128.0
22.8.2024 15:30,1152.0
22.8.2024 15:45,996.0
22.8.2024 16:00,1056.0
22.8.2024 16:15,1464.0
22.8.2024 16:30,1230.0
22.8.2024 16:45,1512.0
22.8.2024 17:00,1038.0
22.8.2024 17:15,1134.0
22.8.2024 17:30,1434.0
22.8.2024 17:45,1410.0
22.8.2024 18:00,1512.0
22.8.2024 18:15,1440.0
22.8.2024 18:30,1218.0
22.8.2024 18:45,1314.0
22.8.2024 19:00,1902.0
22.8.2024 19:15,1938.0
22.8.2024 19:30,1968.0
22.8.2024 19:45,1962.0
22.8.2024 20:00,1872.0
22.8.2024 20:15,1578.0
22.8.2024 20:30,1968.0
22.8.2024 20:45,1860.0
22.8.2024 21:00,1368.0
22.8.2024 21:15,1536.0
22.8.2024 21:30,1464.0
22.8.2024 21:45,1410.0
22.8.2024 22:00,1242.0
22.8.2024 22:15,1914.0
22.8.2024 22:30,1932.0
22.8.2024 22:45,1848.0
22.8.2024 23:00,1692.0
22.8.2024 23:15,1530.0
22.8.2024 23:30,1944.0
22.8.2024 23:45,1980.0
23.8.2024 00:00,1680.0
23.8.2024 00:15,1374.0
23.8.2024 00:30,1602.0
23.8.2024 00:45,1572.0
23.8.2024 01:00,1650.0
23.8.2024 01:15,1944.0
23.8.2024 01:30,1824.0
23.8.2024 01:45,1842.0
23.8.2024 02:00,1740.0
23.8.2024 02:15,1680.0
23.8.2024 02:30,1428.0
23.8.2024 02:45,1482.0
23.8.2024 03:00,1530.0
23.8.2024 03:15,1698.0
23.8.2024 03:30,1902.0
23.8.2024 03:45,1422.0
23.8.2024 04:00,1344.0
23.8.2024 04:15,1440.0
23.8.2024 04:30,1428.0
23.8.2024 04:45,1368.0
23.8.2024 05:00,1452.0
23.8.2024 05:15,1458.0
23.8.2024 05:30,1428.0
23.8.2024 05:45,1464.0
23.8.2024 06:00,1434.0
23.8.2024 06:15,1500.0
23.8.2024 06:30,1758.0
23.8.2024 06:45,1698.0
23.8.2024 07:00,1494.0
23.8.2024 07:15,1506.0
23.8.2024 07:30,1464.0
23.8.2024 07:45,1104.0
23.8.2024 08:00,960.0
23.8.2024 08:15,816.0
23.8.2024 08:30,588.0
23.8.2024 08:45,804.0
23.8.2024 09:00,918.0
23.8.2024 09:15,1032.0
23.8.2024 09:30,1260.0
23.8.2024 09:45,1110.0
23.8.2024 10:00,816.0
23.8.2024 10:15,648.0
23.8.2024 10:30,594.0
23.8.2024 10:45,690.0
23.8.2024 11:00,1014.0
23.8.2024 11:15,990.0
23.8.2024 11:30,978.0
23.8.2024 11:45,1014.0
23.8.2024 12:00,948.0
23.8.2024 12:15,756.0
23.8.2024 12:30,504.0
23.8.2024 12:45,312.0
23.8.2024 13:00,462.0
23.8.2024 13:15,504.0
23.8.2024 13:30,618.0
23.8.2024 13:45,570.0
23.8.2024 14:00,642.0
23.8.2024 14:15,804.0
23.8.2024 14:30,960.0
23.8.2024 14:45,1308.0
23.8.2024 15:00,1536.0
23.8.2024 15:15,1596.0
23.8.2024 15:30,1536.0
23.8.2024 15:45,1614.0
23.8.2024 16:00,1494.0
23.8.2024 16:15,1764.0
23.8.2024 16:30,1764.0
23.8.2024 16:45,1854.0
23.8.2024 17:00,1980.0
23.8.2024 17:15,1860.0
23.8.2024 17:30,1896.0
23.8.2024 17:45,1266.0
23.8.2024 18:00,1236.0
23.8.2024 18:15,1878.0
23.8.2024 18:30,1908.0
23.8.2024 18:45,1788.0
23.8.2024 19:00,1830.0
23.8.2024 19:15,1488.0
23.8.2024 19:30,1314.0
23.8.2024 19:45,1692.0
23.8.2024 20:00,1854.0
23.8.2024 20:15,1698.0
23.8.2024 20:30,1860.0
23.8.2024 20:45,1896.0
23.8.2024 21:00,1596.0
23.8.2024 21:15,1674.0
23.8.2024 21:30,1920.0
23.8.2024 21:45,1398.0
23.8.2024 22:00,1458.0
23.8.2024 22:15,1980.0
23.8.2024 22:30,1530.0
23.8.2024 22:45,1434.0
23.8.2024 23:00,1548.0
23.8.2024 23:15,1458.0
23.8.2024 23:30,1494.0
23.8.2024 23:45,1512.0
24.8.2024 00:00,1524.0
24.8.2024 00:15,1500.0
24.8.2024 00:30,1476.0
24.8.2024 00:45,1536.0
24.8.2024 01:00,1434.0
24.8.2024 01:15,1554.0
24.8.2024 01:30,1464.0
24.8.2024 01:45,1428.0
24.8.2024 02:00,1494.0
24.8.2024 02:15,1476.0
24.8.2024 02:30,1536.0
24.8.2024 02:45,1488.0
24.8.2024 03:00,1530.0
24.8.2024 03:15,1512.0
24.8.2024 03:30,1482.0
24.8.2024 03:45,1536.0
24.8.2024 04:00,1662.0
24.8.2024 04:15,1854.0
24.8.2024 04:30,1698.0
24.8.2024 04:45,1932.0
24.8.2024 05:00,1908.0
24.8.2024 05:15,1866.0
24.8.2024 05:30,1782.0
24.8.2024 05:45,1674.0
24.8.2024 06:00,1332.0
24.8.2024 06:15,1584.0
24.8.2024 06:30,1566.0
24.8.2024 06:45,1752.0
24.8.2024 07:00,1638.0
24.8.2024 07:15,1446.0
24.8.2024 07:30,1008.0
24.8.2024 07:45,954.0
24.8.2024 08:00,1374.0
24.8.2024 08:15,1272.0
24.8.2024 08:30,984.0
24.8.2024 08:45,816.0
24.8.2024 09:00,900.0
24.8.2024 09:15,774.0
24.8.2024 09:30,798.0
24.8.2024 09:45,732.0
24.8.2024 10:00,720.0
24.8.2024 10:15,744.0
24.8.2024 10:30,654.0
24.8.2024 10:45,672.0
24.8.2024 11:00,570.0
24.8.2024 11:15,612.0
24.8.2024 11:30,606.0
24.8.2024 11:45,588.0
24.8.2024 12:00,600.0
24.8.2024 12:15,804.0
24.8.2024 12:30,936.0
24.8.2024 12:45,528.0
24.8.2024 13:00,534.0
24.8.2024 13:15,564.0
24.8.2024 13:30,750.0
24.8.2024 13:45,408.0
24.8.2024 14:00,354.0
24.8.2024 14:15,792.0
24.8.2024 14:30,1272.0
24.8.2024 14:45,1248.0
24.8.2024 15:00,1146.0
24.8.2024 15:15,1248.0
24.8.2024 15:30,1308.0
24.8.2024 15:45,1146.0
24.8.2024 16:00,1092.0
24.8.2024 16:15,1446.0
24.8.2024 16:30,1650.0
24.8.2024 16:45,1452.0
24.8.2024 17:00,1482.0
24.8.2024 17:15,1446.0
24.8.2024 17:30,1386.0
24.8.2024 17:45,1464.0
24.8.2024 18:00,1536.0
24.8.2024 18:15,1542.0
24.8.2024 18:30,1488.0
24.8.2024 18:45,1320.0
24.8.2024 19:00,1434.0
24.8.2024 19:15,1464.0
24.8.2024 19:30,1470.0
24.8.2024 19:45,1452.0
24.8.2024 20:00,1524.0
24.8.2024 20:15,1512.0
24.8.2024 20:30,1440.0
24.8.2024 20:45,1416.0
24.8.2024 21:00,1428.0
24.8.2024 21:15,1614.0
24.8.2024 21:30,1590.0
24.8.2024 21:45,1398.0
24.8.2024 22:00,1590.0
24.8.2024 22:15,1800.0
24.8.2024 22:30,1944.0
24.8.2024 22:45,1812.0
24.8.2024 23:00,1896.0
24.8.2024 23:15,1902.0
24.8.2024 23:30,1908.0
24.8.2024 23:45,1692.0
25.8.2024 00:00,1446.0
25.8.2024 00:15,1458.0
25.8.2024 00:30,1530.0
25.8.2024 00:45,1416.0
25.8.2024 01:00,1494.0
25.8.2024 01:15,1428.0
25.8.2024 01:30,1452.0
25.8.2024 01:45,1410.0
25.8.2024 02:00,1752.0
25.8.2024 02:15,1860.0
25.8.2024 02:30,1800.0
25.8.2024 02:45,1956.0
25.8.2024 03:00,1956.0
25.8.2024 03:15,1908.0
25.8.2024 03:30,1782.0
25.8.2024 03:45,1872.0
25.8.2024 04:00,1800.0
25.8.2024 04:15,1890.0
25.8.2024 04:30,1860.0
25.8.2024 04:45,1800.0
25.8.2024 05:00,1824.0
25.8.2024 05:15,1830.0
25.8.2024 05:30,1800.0
25.8.2024 05:45,1482.0
25.8.2024 06:00,1308.0
25.8.2024 06:15,1896.0
25.8.2024 06:30,1794.0
25.8.2024 06:45,1752.0
25.8.2024 07:00,1692.0
25.8.2024 07:15,1572.0
25.8.2024 07:30,1308.0
25.8.2024 07:45,1032.0
25.8.2024 08:00,918.0
25.8.2024 08:15,1110.0
25.8.2024 08:30,1074.0
25.8.2024 08:45,906.0
25.8.2024 09:00,1008.0
25.8.2024 09:15,954.0
25.8.2024 09:30,954.0
25.8.2024 09:45,900.0
25.8.2024 10:00,924.0
25.8.2024 10:15,936.0
25.8.2024 10:30,882.0
25.8.2024 10:45,912.0
25.8.2024 11:00,648.0
25.8.2024 11:15,486.0
25.8.2024 11:30,402.0
25.8.2024 11:45,1056.0
25.8.2024 12:00,810.0
25.8.2024 12:15,498.0
25.8.2024 12:30,762.0
25.8.2024 12:45,852.0
25.8.2024 13:00,876.0
25.8.2024 13:15,948.0
25.8.2024 13:30,990.0
25.8.2024 13:45,1128.0
25.8.2024 14:00,624.0
25.8.2024 14:15,768.0
25.8.2024 14:30,1134.0
25.8.2024 14:45,1062.0
25.8.2024 15:00,1260.0
25.8.2024 15:15,1398.0
25.8.2024 15:30,1452.0
25.8.2024 15:45,1218.0
25.8.2024 16:00,1248.0
25.8.2024 16:15,870.0
25.8.2024 16:30,1536.0
25.8.2024 16:45,1170.0
25.8.2024 17:00,894.0
25.8.2024 17:15,1326.0
25.8.2024 17:30,1536.0
25.8.2024 17:45,1788.0
25.8.2024 18:00,1752.0
25.8.2024 18:15,1758.0
25.8.2024 18:30,1704.0
25.8.2024 18:45,1608.0
25.8.2024 19:00,1386.0
25.8.2024 19:15,1512.0
25.8.2024 19:30,1470.0
25.8.2024 19:45,1698.0
25.8.2024 20:00,1896.0
25.8.2024 20:15,1572.0
25.8.2024 20:30,1428.0
25.8.2024 20:45,1524.0
25.8.2024 21:00,1758.0
25.8.2024 21:15,1752.0
25.8.2024 21:30,1494.0
25.8.2024 21:45,1272.0
25.8.2024 22:00,1386.0
25.8.2024 22:15,1938.0
25.8.2024 22:30,1950.0
25.8.2024 22:45,1758.0
25.8.2024 23:00,1500.0
25.8.2024 23:15,1452.0
25.8.2024 23:30,1398.0
25.8.2024 23:45,1392.0
26.8.2024 00:00,1488.0
26.8.2024 00:15,1464.0
26.8.2024 00:30,1512.0
26.8.2024 00:45,1542.0
26.8.2024 01:00,1512.0
26.8.2024 01:15,1404.0
26.8.2024 01:30,1398.0
26.8.2024 01:45,1512.0
26.8.2024 02:00,1464.0
26.8.2024 02:15,1500.0
26.8.2024 02:30,1530.0
26.8.2024 02:45,1572.0
26.8.2024 03:00,1476.0
26.8.2024 03:15,1446.0
26.8.2024 03:30,1470.0
26.8.2024 03:45,1488.0
26.8.2024 04:00,1560.0
26.8.2024 04:15,1494.0
26.8.2024 04:30,1842.0
26.8.2024 04:45,1872.0
26.8.2024 05:00,1800.0
26.8.2024 05:15,1764.0
26.8.2024 05:30,1446.0
26.8.2024 05:45,1218.0
26.8.2024 06:00,1236.0
26.8.2024 06:15,1920.0
26.8.2024 06:30,1872.0
26.8.2024 06:45,1800.0
26.8.2024 07:00,1824.0
26.8.2024 07:15,1638.0
26.8.2024 07:30,1518.0
26.8.2024 07:45,888.0
26.8.2024 08:00,720.0
26.8.2024 08:15,1200.0
26.8.2024 08:30,1194.0
26.8.2024 08:45,1416.0
26.8.2024 09:00,1128.0
26.8.2024 09:15,552.0
26.8.2024 09:30,696.0
26.8.2024 09:45,1014.0
26.8.2024 10:00,960.0
26.8.2024 10:15,882.0
26.8.2024 10:30,924.0
26.8.2024 10:45,924.0
26.8.2024 11:00,960.0
26.8.2024 11:15,1314.0
26.8.2024 11:30,1188.0
26.8.2024 11:45,1182.0
26.8.2024 12:00,1248.0
26.8.2024 12:15,954.0
26.8.2024 12:30,720.0
26.8.2024 12:45,504.0
26.8.2024 13:00,774.0
26.8.2024 13:15,1272.0
26.8.2024 13:30,762.0
26.8.2024 13:45,360.0
26.8.2024 14:00,528.0
26.8.2024 14:15,558.0
26.8.2024 14:30,1152.0
26.8.2024 14:45,1470.0
26.8.2024 15:00,1206.0
26.8.2024 15:15,1740.0
26.8.2024 15:30,1452.0
26.8.2024 15:45,1026.0
26.8.2024 16:00,1254.0
26.8.2024 16:15,1542.0
26.8.2024 16:30,1566.0
26.8.2024 16:45,1464.0
26.8.2024 17:00,1662.0
26.8.2024 17:15,1824.0
26.8.2024 17:30,1776.0
26.8.2024 17:45,1992.0
26.8.2024 18:00,1932.0
26.8.2024 18:15,1986.0
26.8.2024 18:30,1338.0
26.8.2024 18:45,1134.0
26.8.2024 19:00,1548.0
26.8.2024 19:15,1992.0
26.8.2024 19:30,1908.0
26.8.2024 19:45,1578.0
26.8.2024 20:00,1668.0
26.8.2024 20:15,1740.0
26.8.2024 20:30,1962.0
26.8.2024 20:45,1908.0
26.8.2024 21:00,1788.0
26.8.2024 21:15,1848.0
26.8.2024 21:30,1896.0
26.8.2024 21:45,1464.0
26.8.2024 22:00,1302.0
26.8.2024 22:15,1740.0
26.8.2024 22:30,1812.0
26.8.2024 22:45,1698.0
26.8.2024 23:00,1500.0
26.8.2024 23:15,1452.0
26.8.2024 23:30,1536.0
26.8.2024 23:45,1584.0
27.8.2024 00:00,1590.0
27.8.2024 00:15,1530.0
27.8.2024 00:30,1548.0
27.8.2024 00:45,1608.0
27.8.2024 01:00,1512.0
27.8.2024 01:15,1524.0
27.8.2024 01:30,1608.0
27.8.2024 01:45,1344.0
27.8.2024 02:00,1584.0
27.8.2024 02:15,1620.0
27.8.2024 02:30,1542.0
27.8.2024 02:45,1542.0
27.8.2024 03:00,1548.0
27.8.2024 03:15,1932.0
27.8.2024 03:30,1968.0
27.8.2024 03:45,1920.0
27.8.2024 04:00,1920.0
27.8.2024 04:15,2004.0
27.8.2024 04:30,1818.0
27.8.2024 04:45,1740.0
27.8.2024 05:00,1542.0
27.8.2024 05:15,1464.0
27.8.2024 05:30,1536.0
27.8.2024 05:45,1254.0
27.8.2024 06:00,1212.0
27.8.2024 06:15,1608.0
27.8.2024 06:30,1836.0
27.8.2024 06:45,1710.0
27.8.2024 07:00,1794.0
27.8.2024 07:15,1644.0
27.8.2024 07:30,1656.0
27.8.2024 07:45,1494.0
27.8.2024 08:00,1164.0
27.8.2024 08:15,780.0
27.8.2024 08:30,846.0
27.8.2024 08:45,1134.0
27.8.2024 09:00,1200.0
27.8.2024 09:15,1128.0
27.8.2024 09:30,1164.0
27.8.2024 09:45,744.0
27.8.2024 10:00,714.0
27.8.2024 10:15,672.0
27.8.2024 10:30,804.0
27.8.2024 10:45,456.0
27.8.2024 11:00,882.0
27.8.2024 11:15,810.0
27.8.2024 11:30,1284.0
27.8.2024 11:45,1188.0
27.8.2024 12:00,1188.0
27.8.2024 12:15,876.0
27.8.2024 12:30,756.0
27.8.2024 12:45,1128.0
27.8.2024 13:00,1308.0
27.8.2024 13:15,1128.0
27.8.2024 13:30,684.0
27.8.2024 13:45,1020.0
27.8.2024 14:00,1026.0
27.8.2024 14:15,1524.0
27.8.2024 14:30,1422.0
27.8.2024 14:45,1572.0
27.8.2024 15:00,1434.0
27.8.2024 15:15,1620.0
27.8.2024 15:30,1722.0
27.8.2024 15:45,1446.0
27.8.2024 16:00,1338.0
27.8.2024 16:15,1380.0
27.8.2024 16:30,1314.0
27.8.2024 16:45,1128.0
27.8.2024 17:00,1254.0
27.8.2024 17:15,1512.0
27.8.2024 17:30,1548.0
27.8.2024 17:45,1344.0
27.8.2024 18:00,1644.0
27.8.2024 18:15,1902.0
27.8.2024 18:30,1860.0
27.8.2024 18:45,1782.0
27.8.2024 19:00,1848.0
27.8.2024 19:15,1836.0
27.8.2024 19:30,1890.0
27.8.2024 19:45,1824.0
27.8.2024 20:00,1872.0
27.8.2024 20:15,1878.0
27.8.2024 20:30,1842.0
27.8.2024 20:45,1956.0
27.8.2024 21:00,1578.0
27.8.2024 21:15,1710.0
27.8.2024 21:30,1860.0
27.8.2024 21:45,1524.0
27.8.2024 22:00,1128.0
27.8.2024 22:15,1764.0
27.8.2024 22:30,2034.0
27.8.2024 22:45,1872.0
27.8.2024 23:00,1920.0
27.8.2024 23:15,1794.0
27.8.2024 23:30,1620.0
27.8.2024 23:45,1284.0
28.8.2024 00:00,1614.0
28.8.2024 00:15,1530.0
28.8.2024 00:30,1488.0
28.8.2024 00:45,1512.0
28.8.2024 01:00,1578.0
28.8.2024 01:15,1482.0
28.8.2024 01:30,1440.0
28.8.2024 01:45,1602.0
28.8.2024 02:00,1878.0
28.8.2024 02:15,1980.0
28.8.2024 02:30,1926.0
28.8.2024 02:45,1908.0
28.8.2024 03:00,1932.0
28.8.2024 03:15,1776.0
28.8.2024 03:30,1440.0
28.8.2024 03:45,1728.0
28.8.2024 04:00,1794.0
28.8.2024 04:15,1758.0
28.8.2024 04:30,1584.0
28.8.2024 04:45,1764.0
28.8.2024 05:00,1656.0
28.8.2024 05:15,1692.0
28.8.2024 05:30,1794.0
28.8.2024 05:45,1764.0
28.8.2024 06:00,1236.0
28.8.2024 06:15,876.0
28.8.2024 06:30,834.0
28.8.2024 06:45,744.0
28.8.2024 07:00,678.0
28.8.2024 07:15,552.0
28.8.2024 07:30,270.0
28.8.2024 07:45,18.0
28.8.2024 08:00,6.0
28.8.2024 08:15,12.0
28.8.2024 08:30,48.0
28.8.2024 08:45,24.0
28.8.2024 09:00,12.0
28.8.2024 09:15,6.0
28.8.2024 09:30,6.0
28.8.2024 09:45,6.0
28.8.2024 10:00,18.0
28.8.2024 10:15,18.0
28.8.2024 10:30,54.0
28.8.2024 10:45,102.0
28.8.2024 11:00,84.0
28.8.2024 11:15,120.0
28.8.2024 11:30,132.0
28.8.2024 11:45,210.0
28.8.2024 12:00,138.0
28.8.2024 12:15,138.0
28.8.2024 12:30,126.0
28.8.2024 12:45,84.0
28.8.2024 13:00,24.0
28.8.2024 13:15,30.0
28.8.2024 13:30,18.0
28.8.2024 13:45,36.0
28.8.2024 14:00,48.0
28.8.2024 14:15,12.0
28.8.2024 14:30,30.0
28.8.2024 14:45,108.0
28.8.2024 15:00,78.0
28.8.2024 15:15,120.0
28.8.2024 15:30,144.0
28.8.2024 15:45,162.0
28.8.2024 16:00,18.0
28.8.2024 16:15,12.0
28.8.2024 16:30,48.0
28.8.2024 16:45,90.0
28.8.2024 17:00,84.0
28.8.2024 17:15,96.0
28.8.2024 17:30,96.0
28.8.2024 17:45,96.0
28.8.2024 18:00,96.0
28.8.2024 18:15,102.0
28.8.2024 18:30,96.0
28.8.2024 18:45,96.0
28.8.2024 19:00,78.0
28.8.2024 19:15,72.0
28.8.2024 19:30,84.0
28.8.2024 19:45,84.0
28.8.2024 20:00,84.0
28.8.2024 20:15,84.0
28.8.2024 20:30,90.0
28.8.2024 20:45,90.0
28.8.2024 21:00,84.0
28.8.2024 21:15,84.0
28.8.2024 21:30,96.0
28.8.2024 21:45,96.0
28.8.2024 22:00,96.0
28.8.2024 22:15,96.0
28.8.2024 22:30,120.0
28.8.2024 22:45,120.0
28.8.2024 23:00,120.0
28.8.2024 23:15,114.0
28.8.2024 23:30,120.0
28.8.2024 23:45,126.0
29.8.2024 00:00,120.0
29.8.2024 00:15,114.0
29.8.2024 00:30,108.0
29.8.2024 00:45,114.0
29.8.2024 01:00,138.0
29.8.2024 01:15,168.0
29.8.2024 01:30,180.0
29.8.2024 01:45,180.0
29.8.2024 02:00,180.0
29.8.2024 02:15,174.0
29.8.2024 02:30,174.0
29.8.2024 02:45,174.0
29.8.2024 03:00,174.0
29.8.2024 03:15,174.0
29.8.2024 03:30,180.0
29.8.2024 03:45,174.0
29.8.2024 04:00,174.0
29.8.2024 04:15,168.0
29.8.2024 04:30,168.0
29.8.2024 04:45,168.0
29.8.2024 05:00,162.0
29.8.2024 05:15,156.0
29.8.2024 05:30,144.0
29.8.2024 05:45,192.0
29.8.2024 06:00,210.0
29.8.2024 06:15,228.0
29.8.2024 06:30,246.0
29.8.2024 06:45,228.0
29.8.2024 07:00,168.0
29.8.2024 07:15,210.0
29.8.2024 07:30,84.0
29.8.2024 07:45,72.0
29.8.2024 08:00,354.0
29.8.2024 08:15,708.0
29.8.2024 08:30,624.0
29.8.2024 08:45,1068.0
29.8.2024 09:00,1164.0
29.8.2024 09:15,1260.0
29.8.2024 09:30,1002.0
29.8.2024 09:45,1428.0
29.8.2024 10:00,1116.0
29.8.2024 10:15,480.0
29.8.2024 10:30,684.0
29.8.2024 10:45,552.0
29.8.2024 11:00,618.0
29.8.2024 11:15,240.0
29.8.2024 11:30,654.0
29.8.2024 11:45,738.0
29.8.2024 12:00,768.0
29.8.2024 12:15,792.0
29.8.2024 12:30,648.0
29.8.2024 12:45,522.0
29.8.2024 13:00,1242.0
29.8.2024 13:15,1464.0
29.8.2024 13:30,1506.0
29.8.2024 13:45,1320.0
29.8.2024 14:00,1242.0
29.8.2024 14:15,1248.0
29.8.2024 14:30,1500.0
29.8.2024 14:45,1806.0
29.8.2024 15:00,1788.0
29.8.2024 15:15,1932.0
29.8.2024 15:30,1968.0
29.8.2024 15:45,1812.0
29.8.2024 16:00,1308.0
29.8.2024 16:15,1518.0
29.8.2024 16:30,1572.0
29.8.2024 16:45,1578.0
29.8.2024 17:00,1506.0
29.8.2024 17:15,1974.0
29.8.2024 17:30,1860.0
29.8.2024 17:45,1986.0
29.8.2024 18:00,1302.0
29.8.2024 18:15,1338.0
29.8.2024 18:30,1794.0
29.8.2024 18:45,1830.0
29.8.2024 19:00,1830.0
29.8.2024 19:15,1524.0
29.8.2024 19:30,1554.0
29.8.2024 19:45,1248.0
29.8.2024 20:00,1218.0
29.8.2024 20:15,1842.0
29.8.2024 20:30,1926.0
29.8.2024 20:45,1812.0
29.8.2024 21:00,1860.0
29.8.2024 21:15,1860.0
29.8.2024 21:30,1914.0
29.8.2024 21:45,1932.0
29.8.2024 22:00,1884.0
29.8.2024 22:15,1626.0
29.8.2024 22:30,1410.0
29.8.2024 22:45,1560.0
29.8.2024 23:00,1404.0
29.8.2024 23:15,1470.0
29.8.2024 23:30,1458.0
29.8.2024 23:45,1566.0
30.8.2024 00:00,1476.0
30.8.2024 00:15,1566.0
30.8.2024 00:30,1566.0
30.8.2024 00:45,1554.0
30.8.2024 01:00,1530.0
30.8.2024 01:15,1452.0
30.8.2024 01:30,1404.0
30.8.2024 01:45,1584.0
30.8.2024 02:00,1536.0
30.8.2024 02:15,1452.0
30.8.2024 02:30,1500.0
30.8.2024 02:45,1416.0
30.8.2024 03:00,1536.0
30.8.2024 03:15,1494.0
30.8.2024 03:30,1476.0
30.8.2024 03:45,1536.0
30.8.2024 04:00,1434.0
30.8.2024 04:15,1542.0
30.8.2024 04:30,1692.0
30.8.2024 04:45,1878.0
30.8.2024 05:00,1746.0
30.8.2024 05:15,1908.0
30.8.2024 05:30,1650.0
30.8.2024 05:45,1794.0
30.8.2024 06:00,1824.0
30.8.2024 06:15,1698.0
30.8.2024 06:30,1704.0
30.8.2024 06:45,1710.0
30.8.2024 07:00,1680.0
30.8.2024 07:15,1578.0
30.8.2024 07:30,1236.0
30.8.2024 07:45,1248.0
30.8.2024 08:00,984.0
30.8.2024 08:15,1272.0
30.8.2024 08:30,996.0
30.8.2024 08:45,858.0
30.8.2024 09:00,780.0
30.8.2024 09:15,558.0
30.8.2024 09:30,852.0
30.8.2024 09:45,906.0
30.8.2024 10:00,882.0
30.8.2024 10:15,990.0
30.8.2024 10:30,828.0
30.8.2024 10:45,852.0
30.8.2024 11:00,900.0
30.8.2024 11:15,642.0
30.8.2024 11:30,750.0
30.8.2024 11:45,468.0
30.8.2024 12:00,792.0
30.8.2024 12:15,708.0
30.8.2024 12:30,984.0
30.8.2024 12:45,828.0
30.8.2024 13:00,276.0
30.8.2024 13:15,648.0
30.8.2024 13:30,642.0
30.8.2024 13:45,978.0
30.8.2024 14:00,1368.0
30.8.2024 14:15,1230.0
30.8.2024 14:30,1134.0
30.8.2024 14:45,1026.0
30.8.2024 15:00,930.0
30.8.2024 15:15,1086.0
30.8.2024 15:30,1164.0
30.8.2024 15:45,1278.0
30.8.2024 16:00,1464.0
30.8.2024 16:15,1812.0
30.8.2024 16:30,1692.0
30.8.2024 16:45,1482.0
30.8.2024 17:00,1398.0
30.8.2024 17:15,1236.0
30.8.2024 17:30,1746.0
30.8.2024 17:45,1854.0
30.8.2024 18:00,1662.0
30.8.2024 18:15,1140.0
30.8.2024 18:30,1836.0
30.8.2024 18:45,1932.0
30.8.2024 19:00,1608.0
30.8.2024 19:15,1362.0
30.8.2024 19:30,1446.0
30.8.2024 19:45,1314.0
30.8.2024 20:00,1116.0
30.8.2024 20:15,1854.0
30.8.2024 20:30,1890.0
30.8.2024 20:45,1968.0
30.8.2024 21:00,1998.0
30.8.2024 21:15,1956.0
30.8.2024 21:30,1968.0
30.8.2024 21:45,1896.0
30.8.2024 22:00,1566.0
30.8.2024 22:15,1488.0
30.8.2024 22:30,1596.0
30.8.2024 22:45,1488.0
30.8.2024 23:00,1512.0
30.8.2024 23:15,1380.0
30.8.2024 23:30,1482.0
30.8.2024 23:45,1506.0
31.8.2024 00:00,1866.0
31.8.2024 00:15,1968.0
31.8.2024 00:30,1980.0
31.8.2024 00:45,1920.0
31.8.2024 01:00,1752.0
31.8.2024 01:15,1866.0
31.8.2024 01:30,1530.0
31.8.2024 01:45,1392.0
31.8.2024 02:00,1578.0
31.8.2024 02:15,1536.0
31.8.2024 02:30,1572.0
31.8.2024 02:45,1500.0
31.8.2024 03:00,1542.0
31.8.2024 03:15,1416.0
31.8.2024 03:30,1452.0
31.8.2024 03:45,1488.0
31.8.2024 04:00,1692.0
31.8.2024 04:15,1926.0
31.8.2024 04:30,1848.0
31.8.2024 04:45,1962.0
31.8.2024 05:00,1890.0
31.8.2024 05:15,1854.0
31.8.2024 05:30,1884.0
31.8.2024 05:45,1584.0
31.8.2024 06:00,1356.0
31.8.2024 06:15,1890.0
31.8.2024 06:30,1812.0
31.8.2024 06:45,1752.0
31.8.2024 07:00,1674.0
31.8.2024 07:15,1680.0
31.8.2024 07:30,1314.0
31.8.2024 07:45,654.0
31.8.2024 08:00,804.0
31.8.2024 08:15,1086.0
31.8.2024 08:30,1152.0
31.8.2024 08:45,1260.0
31.8.2024 09:00,1152.0
31.8.2024 09:15,960.0
31.8.2024 09:30,1026.0
31.8.2024 09:45,960.0
31.8.2024 10:00,1122.0
31.8.2024 10:15,846.0
31.8.2024 10:30,750.0
31.8.2024 10:45,396.0
31.8.2024 11:00,396.0
31.8.2024 11:15,576.0
31.8.2024 11:30,780.0
31.8.2024 11:45,858.0
31.8.2024 12:00,648.0
31.8.2024 12:15,732.0
31.8.2024 12:30,1062.0
31.8.2024 12:45,1206.0
31.8.2024 13:00,1272.0
31.8.2024 13:15,1224.0
31.8.2024 13:30,1242.0
31.8.2024 13:45,1560.0
31.8.2024 14:00,1050.0
31.8.2024 14:15,1062.0
31.8.2024 14:30,1212.0
31.8.2024 14:45,1092.0
31.8.2024 15:00,1080.0
31.8.2024 15:15,918.0
31.8.2024 15:30,1128.0
31.8.2024 15:45,1158.0
31.8.2024 16:00,1104.0
31.8.2024 16:15,882.0
31.8.2024 16:30,1122.0
31.8.2024 16:45,1254.0
31.8.2024 17:00,1836.0
31.8.2024 17:15,1860.0
31.8.2024 17:30,1914.0
31.8.2024 17:45,1824.0
31.8.2024 18:00,2004.0
31.8.2024 18:15,2088.0
31.8.2024 18:30,1944.0
31.8.2024 18:45,1944.0
31.8.2024 19:00,1872.0
31.8.2024 19:15,2016.0
31.8.2024 19:30,1800.0
31.8.2024 19:45,1308.0
31.8.2024 20:00,1224.0
31.8.2024 20:15,1416.0
31.8.2024 20:30,1596.0
31.8.2024 20:45,1788.0
31.8.2024 21:00,2136.0
31.8.2024 21:15,1980.0
31.8.2024 21:30,1968.0
31.8.2024 21:45,1746.0
31.8.2024 22:00,1422.0
31.8.2024 22:15,1572.0
31.8.2024 22:30,1728.0
31.8.2024 22:45,1656.0
31.8.2024 23:00,2130.0
31.8.2024 23:15,2016.0
31.8.2024 23:30,1884.0
31.8.2024 23:45,1482.0
1.9.2024 00:00,1470.0
1.9.2024 00:15,1320.0
1.9.2024 00:30,1632.0
1.9.2024 00:45,2010.0
1.9.2024 01:00,2052.0
1.9.2024 01:15,1968.0
1.9.2024 01:30,1836.0
1.9.2024 01:45,1524.0
1.9.2024 02:00,1200.0
1.9.2024 02:15,1620.0
1.9.2024 02:30,1830.0
1.9.2024 02:45,1794.0
1.9.2024 03:00,2124.0
1.9.2024 03:15,1812.0
1.9.2024 03:30,1686.0
1.9.2024 03:45,1890.0
1.9.2024 04:00,1938.0
1.9.2024 04:15,1356.0
1.9.2024 04:30,1242.0
1.9.2024 04:45,1386.0
1.9.2024 05:00,1950.0
1.9.2024 05:15,1920.0
1.9.2024 05:30,1890.0
1.9.2024 05:45,1704.0
1.9.2024 06:00,1290.0
1.9.2024 06:15,1752.0
1.9.2024 06:30,1776.0
1.9.2024 06:45,1494.0
1.9.2024 07:00,1344.0
1.9.2024 07:15,1272.0
1.9.2024 07:30,1290.0
1.9.2024 07:45,870.0
1.9.2024 08:00,516.0
1.9.2024 08:15,612.0
1.9.2024 08:30,966.0
1.9.2024 08:45,1194.0
1.9.2024 09:00,1002.0
1.9.2024 09:15,1074.0
1.9.2024 09:30,1014.0
1.9.2024 09:45,972.0
1.9.2024 10:00,1014.0
1.9.2024 10:15,1008.0
1.9.2024 10:30,636.0
1.9.2024 10:45,312.0
1.9.2024 11:00,474.0
1.9.2024 11:15,540.0
1.9.2024 11:30,510.0
1.9.2024 11:45,474.0
1.9.2024 12:00,456.0
1.9.2024 12:15,732.0
1.9.2024 12:30,600.0
1.9.2024 12:45,540.0
1.9.2024 13:00,474.0
1.9.2024 13:15,840.0
1.9.2024 13:30,876.0
1.9.2024 13:45,1110.0
1.9.2024 14:00,1014.0
1.9.2024 14:15,1296.0
1.9.2024 14:30,1278.0
1.9.2024 14:45,960.0
1.9.2024 15:00,1176.0
1.9.2024 15:15,1116.0
1.9.2024 15:30,1296.0
1.9.2024 15:45,1260.0
1.9.2024 16:00,1440.0
1.9.2024 16:15,1398.0
1.9.2024 16:30,1488.0
1.9.2024 16:45,1536.0
1.9.2024 17:00,1386.0
1.9.2024 17:15,1686.0
1.9.2024 17:30,1704.0
1.9.2024 17:45,1932.0
1.9.2024 18:00,1926.0
1.9.2024 18:15,1920.0
1.9.2024 18:30,1800.0
1.9.2024 18:45,1620.0
1.9.2024 19:00,1650.0
1.9.2024 19:15,1860.0
1.9.2024 19:30,1734.0
1.9.2024 19:45,1494.0
1.9.2024 20:00,1182.0
1.9.2024 20:15,1812.0
1.9.2024 20:30,2004.0
1.9.2024 20:45,1968.0
1.9.2024 21:00,1740.0
1.9.2024 21:15,1194.0
1.9.2024 21:30,1674.0
1.9.2024 21:45,1932.0
1.9.2024 22:00,1794.0
1.9.2024 22:15,1608.0
1.9.2024 22:30,1734.0
1.9.2024 22:45,1974.0
1.9.2024 23:00,1944.0
1.9.2024 23:15,1608.0
1.9.2024 23:30,1446.0
1.9.2024 23:45,1464.0
2.9.2024 00:00,1464.0
2.9.2024 00:15,1524.0
2.9.2024 00:30,1608.0
2.9.2024 00:45,1608.0
2.9.2024 01:00,1572.0
2.9.2024 01:15,1944.0
2.9.2024 01:30,1956.0
2.9.2024 01:45,1572.0
2.9.2024 02:00,1770.0
2.9.2024 02:15,1896.0
2.9.2024 02:30,1866.0
2.9.2024 02:45,1506.0
2.9.2024 03:00,1410.0
2.9.2024 03:15,1560.0
2.9.2024 03:30,1878.0
2.9.2024 03:45,1674.0
2.9.2024 04:00,1848.0
2.9.2024 04:15,1476.0
2.9.2024 04:30,1584.0
2.9.2024 04:45,1890.0
2.9.2024 05:00,1662.0
2.9.2024 05:15,1560.0
2.9.2024 05:30,1572.0
2.9.2024 05:45,1464.0
2.9.2024 06:00,1380.0
2.9.2024 06:15,1584.0
2.9.2024 06:30,1680.0
2.9.2024 06:45,1800.0
2.9.2024 07:00,1782.0
2.9.2024 07:15,1620.0
2.9.2024 07:30,1554.0
2.9.2024 07:45,984.0
2.9.2024 08:00,876.0
2.9.2024 08:15,1188.0
2.9.2024 08:30,1134.0
2.9.2024 08:45,1152.0
2.9.2024 09:00,1086.0
2.9.2024 09:15,1116.0
2.9.2024 09:30,1200.0
2.9.2024 09:45,1428.0
2.9.2024 10:00,1608.0
2.9.2024 10:15,1476.0
2.9.2024 10:30,1644.0
2.9.2024 10:45,1668.0
2.9.2024 11:00,1608.0
2.9.2024 11:15,1470.0
2.9.2024 11:30,1440.0
2.9.2024 11:45,1074.0
2.9.2024 12:00,672.0
2.9.2024 12:15,570.0
2.9.2024 12:30,684.0
2.9.2024 12:45,684.0
2.9.2024 13:00,570.0
2.9.2024 13:15,444.0
2.9.2024 13:30,798.0
2.9.2024 13:45,678.0
2.9.2024 14:00,1020.0
2.9.2024 14:15,1380.0
2.9.2024 14:30,1716.0
2.9.2024 14:45,1674.0
2.9.2024 15:00,1908.0
2.9.2024 15:15,1800.0
2.9.2024 15:30,1848.0
2.9.2024 15:45,1716.0
2.9.2024 16:00,1866.0
2.9.2024 16:15,1764.0
2.9.2024 16:30,1542.0
2.9.2024 16:45,1224.0
2.9.2024 17:00,1332.0
2.9.2024 17:15,1722.0
2.9.2024 17:30,1968.0
2.9.2024 17:45,1788.0
2.9.2024 18:00,1872.0
2.9.2024 18:15,1878.0
2.9.2024 18:30,1926.0
2.9.2024 18:45,1722.0
2.9.2024 19:00,1734.0
2.9.2024 19:15,1488.0
2.9.2024 19:30,1440.0
2.9.2024 19:45,1302.0
2.9.2024 20:00,1158.0
2.9.2024 20:15,1836.0
2.9.2024 20:30,1536.0
2.9.2024 20:45,1770.0
2.9.2024 21:00,1938.0
2.9.2024 21:15,1956.0
2.9.2024 21:30,1944.0
2.9.2024 21:45,1872.0
2.9.2024 22:00,1500.0
2.9.2024 22:15,1590.0
2.9.2024 22:30,1584.0
2.9.2024 22:45,1440.0
2.9.2024 23:00,1500.0
2.9.2024 23:15,1464.0
2.9.2024 23:30,1608.0
2.9.2024 23:45,1566.0
3.9.2024 00:00,1902.0
3.9.2024 00:15,1602.0
3.9.2024 00:30,1788.0
3.9.2024 00:45,1848.0
3.9.2024 01:00,1950.0
3.9.2024 01:15,1992.0
3.9.2024 01:30,1848.0
3.9.2024 01:45,1590.0
3.9.2024 02:00,1620.0
3.9.2024 02:15,1614.0
3.9.2024 02:30,1584.0
3.9.2024 02:45,1422.0
3.9.2024 03:00,1572.0
3.9.2024 03:15,1650.0
3.9.2024 03:30,1428.0
3.9.2024 03:45,1524.0
3.9.2024 04:00,1920.0
3.9.2024 04:15,1824.0
3.9.2024 04:30,1872.0
3.9.2024 04:45,2010.0
3.9.2024 05:00,1794.0
3.9.2024 05:15,1656.0
3.9.2024 05:30,1602.0
3.9.2024 05:45,1740.0
3.9.2024 06:00,1578.0
3.9.2024 06:15,1194.0
3.9.2024 06:30,900.0
3.9.2024 06:45,882.0
3.9.2024 07:00,780.0
3.9.2024 07:15,702.0
3.9.2024 07:30,576.0
3.9.2024 07:45,342.0
3.9.2024 08:00,144.0
3.9.2024 08:15,0.0
3.9.2024 08:30,12.0
3.9.2024 08:45,24.0
3.9.2024 09:00,36.0
3.9.2024 09:15,72.0
3.9.2024 09:30,30.0
3.9.2024 09:45,108.0
3.9.2024 10:00,174.0
3.9.2024 10:15,126.0
3.9.2024 10:30,168.0
3.9.2024 10:45,144.0
3.9.2024 11:00,174.0
3.9.2024 11:15,156.0
3.9.2024 11:30,186.0
3.9.2024 11:45,108.0
3.9.2024 12:00,0.0
3.9.2024 12:15,0.0
3.9.2024 12:30,0.0
3.9.2024 12:45,0.0
3.9.2024 13:00,0.0
3.9.2024 13:15,90.0
3.9.2024 13:30,138.0
3.9.2024 13:45,162.0
3.9.2024 14:00,96.0
3.9.2024 14:15,72.0
3.9.2024 14:30,66.0
3.9.2024 14:45,60.0
3.9.2024 15:00,24.0
3.9.2024 15:15,96.0
3.9.2024 15:30,84.0
3.9.2024 15:45,12.0
3.9.2024 16:00,0.0
3.9.2024 16:15,6.0
3.9.2024 16:30,48.0
3.9.2024 16:45,84.0
3.9.2024 17:00,72.0
3.9.2024 17:15,48.0
3.9.2024 17:30,36.0
3.9.2024 17:45,66.0
3.9.2024 18:00,84.0
3.9.2024 18:15,84.0
3.9.2024 18:30,84.0
3.9.2024 18:45,84.0
3.9.2024 19:00,90.0
3.9.2024 19:15,90.0
3.9.2024 19:30,96.0
3.9.2024 19:45,90.0
3.9.2024 20:00,96.0
3.9.2024 20:15,90.0
3.9.2024 20:30,90.0
3.9.2024 20:45,90.0
3.9.2024 21:00,90.0
3.9.2024 21:15,96.0
3.9.2024 21:30,114.0
3.9.2024 21:45,120.0
3.9.2024 22:00,114.0
3.9.2024 22:15,114.0
3.9.2024 22:30,132.0
3.9.2024 22:45,132.0
3.9.2024 23:00,132.0
3.9.2024 23:15,186.0
3.9.2024 23:30,192.0
3.9.2024 23:45,186.0
4.9.2024 00:00,186.0
4.9.2024 00:15,186.0
4.9.2024 00:30,180.0
4.9.2024 00:45,180.0
4.9.2024 01:00,180.0
4.9.2024 01:15,186.0
4.9.2024 01:30,192.0
4.9.2024 01:45,192.0
4.9.2024 02:00,192.0
4.9.2024 02:15,192.0
4.9.2024 02:30,186.0
4.9.2024 02:45,186.0
4.9.2024 03:00,180.0
4.9.2024 03:15,180.0
4.9.2024 03:30,180.0
4.9.2024 03:45,180.0
4.9.2024 04:00,180.0
4.9.2024 04:15,180.0
4.9.2024 04:30,180.0
4.9.2024 04:45,174.0
4.9.2024 05:00,174.0
4.9.2024 05:15,174.0
4.9.2024 05:30,174.0
4.9.2024 05:45,180.0
4.9.2024 06:00,156.0
4.9.2024 06:15,144.0
4.9.2024 06:30,156.0
4.9.2024 06:45,234.0
4.9.2024 07:00,162.0
4.9.2024 07:15,84.0
4.9.2024 07:30,192.0
4.9.2024 07:45,84.0
4.9.2024 08:00,48.0
4.9.2024 08:15,234.0
4.9.2024 08:30,660.0
4.9.2024 08:45,636.0
4.9.2024 09:00,534.0
4.9.2024 09:15,876.0
4.9.2024 09:30,1122.0
4.9.2024 09:45,1164.0
4.9.2024 10:00,1350.0
4.9.2024 10:15,1230.0
4.9.2024 10:30,1560.0
4.9.2024 10:45,1194.0
4.9.2024 11:00,852.0
4.9.2024 11:15,966.0
4.9.2024 11:30,1020.0
4.9.2024 11:45,816.0
4.9.2024 12:00,528.0
4.9.2024 12:15,852.0
4.9.2024 12:30,828.0
4.9.2024 12:45,1326.0
4.9.2024 13:00,1032.0
4.9.2024 13:15,1194.0
4.9.2024 13:30,1014.0
4.9.2024 13:45,450.0
4.9.2024 14:00,474.0
4.9.2024 14:15,708.0
4.9.2024 14:30,582.0
4.9.2024 14:45,588.0
4.9.2024 15:00,996.0
4.9.2024 15:15,1212.0
4.9.2024 15:30,1194.0
4.9.2024 15:45,1218.0
4.9.2024 16:00,1134.0
4.9.2024 16:15,1206.0
4.9.2024 16:30,1308.0
4.9.2024 16:45,1314.0
4.9.2024 17:00,1332.0
4.9.2024 17:15,1500.0
4.9.2024 17:30,1470.0
4.9.2024 17:45,1512.0
4.9.2024 18:00,1560.0
4.9.2024 18:15,1494.0
4.9.2024 18:30,1368.0
4.9.2024 18:45,1446.0
4.9.2024 19:00,1560.0
4.9.2024 19:15,1464.0
4.9.2024 19:30,1452.0
4.9.2024 19:45,1266.0
4.9.2024 20:00,1092.0
4.9.2024 20:15,1422.0
4.9.2024 20:30,1602.0
4.9.2024 20:45,1728.0
4.9.2024 21:00,1812.0
4.9.2024 21:15,1704.0
4.9.2024 21:30,1716.0
4.9.2024 21:45,1464.0
4.9.2024 22:00,1770.0
4.9.2024 22:15,1674.0
4.9.2024 22:30,1854.0
4.9.2024 22:45,2004.0
4.9.2024 23:00,2028.0
4.9.2024 23:15,1932.0
4.9.2024 23:30,1818.0
4.9.2024 23:45,1944.0
5.9.2024 00:00,1782.0
5.9.2024 00:15,1608.0
5.9.2024 00:30,1812.0
5.9.2024 00:45,1620.0
5.9.2024 01:00,1842.0
5.9.2024 01:15,1656.0
5.9.2024 01:30,1380.0
5.9.2024 01:45,1518.0
5.9.2024 02:00,1536.0
5.9.2024 02:15,1428.0
5.9.2024 02:30,1392.0
5.9.2024 02:45,1500.0
5.9.2024 03:00,1554.0
5.9.2024 03:15,1488.0
5.9.2024 03:30,1596.0
5.9.2024 03:45,1896.0
5.9.2024 04:00,1860.0
5.9.2024 04:15,1686.0
5.9.2024 04:30,1842.0
5.9.2024 04:45,1884.0
5.9.2024 05:00,1590.0
5.9.2024 05:15,1596.0
5.9.2024 05:30,1692.0
5.9.2024 05:45,1836.0
5.9.2024 06:00,1566.0
5.9.2024 06:15,1284.0
5.9.2024 06:30,1734.0
5.9.2024 06:45,1482.0
5.9.2024 07:00,1452.0
5.9.2024 07:15,1572.0
5.9.2024 07:30,1092.0
5.9.2024 07:45,648.0
5.9.2024 08:00,492.0
5.9.2024 08:15,666.0
5.9.2024 08:30,744.0
5.9.2024 08:45,558.0
5.9.2024 09:00,612.0
5.9.2024 09:15,564.0
5.9.2024 09:30,654.0
5.9.2024 09:45,384.0
5.9.2024 10:00,726.0
5.9.2024 10:15,912.0
5.9.2024 10:30,582.0
5.9.2024 10:45,930.0
5.9.2024 11:00,672.0
5.9.2024 11:15,810.0
5.9.2024 11:30,714.0
5.9.2024 11:45,918.0
5.9.2024 12:00,1044.0
5.9.2024 12:15,1056.0
5.9.2024 12:30,1026.0
5.9.2024 12:45,1104.0
5.9.2024 13:00,516.0
5.9.2024 13:15,612.0
5.9.2024 13:30,900.0
5.9.2024 13:45,756.0
5.9.2024 14:00,744.0
5.9.2024 14:15,696.0
5.9.2024 14:30,888.0
5.9.2024 14:45,894.0
5.9.2024 15:00,1002.0
5.9.2024 15:15,1158.0
5.9.2024 15:30,1194.0
5.9.2024 15:45,1074.0
5.9.2024 16:00,1092.0
5.9.2024 16:15,1236.0
5.9.2024 16:30,1272.0
5.9.2024 16:45,1314.0
5.9.2024 17:00,1278.0
5.9.2024 17:15,1428.0
5.9.2024 17:30,1416.0
5.9.2024 17:45,1188.0
5.9.2024 18:00,1656.0
5.9.2024 18:15,1992.0
5.9.2024 18:30,2052.0
5.9.2024 18:45,1980.0
5.9.2024 19:00,1872.0
5.9.2024 19:15,1908.0
5.9.2024 19:30,1836.0
5.9.2024 19:45,1758.0
5.9.2024 20:00,1314.0
5.9.2024 20:15,1338.0
5.9.2024 20:30,1416.0
5.9.2024 20:45,1728.0
5.9.2024 21:00,2016.0
5.9.2024 21:15,1824.0
5.9.2024 21:30,1824.0
5.9.2024 21:45,1434.0
5.9.2024 22:00,1560.0
5.9.2024 22:15,1458.0
5.9.2024 22:30,1296.0
5.9.2024 22:45,1416.0
5.9.2024 23:00,1560.0
5.9.2024 23:15,1320.0
5.9.2024 23:30,1320.0
5.9.2024 23:45,1602.0
6.9.2024 00:00,1548.0
6.9.2024 00:15,1584.0
6.9.2024 00:30,1488.0
6.9.2024 00:45,1626.0
6.9.2024 01:00,1554.0
6.9.2024 01:15,1482.0
6.9.2024 01:30,1572.0
6.9.2024 01:45,1542.0
6.9.2024 02:00,1542.0
6.9.2024 02:15,1332.0
6.9.2024 02:30,1500.0
6.9.2024 02:45,1416.0
6.9.2024 03:00,1338.0
6.9.2024 03:15,1422.0
6.9.2024 03:30,1374.0
6.9.2024 03:45,1452.0
6.9.2024 04:00,1680.0
6.9.2024 04:15,1854.0
6.9.2024 04:30,1806.0
6.9.2024 04:45,1896.0
6.9.2024 05:00,1578.0
6.9.2024 05:15,1242.0
6.9.2024 05:30,1434.0
6.9.2024 05:45,1482.0
6.9.2024 06:00,1500.0
6.9.2024 06:15,1470.0
6.9.2024 06:30,1512.0
6.9.2024 06:45,1602.0
6.9.2024 07:00,1572.0
6.9.2024 07:15,1488.0
6.9.2024 07:30,1524.0
6.9.2024 07:45,1188.0
6.9.2024 08:00,510.0
6.9.2024 08:15,906.0
6.9.2024 08:30,1434.0
6.9.2024 08:45,1290.0
6.9.2024 09:00,1224.0
6.9.2024 09:15,1188.0
6.9.2024 09:30,1404.0
6.9.2024 09:45,1260.0
6.9.2024 10:00,894.0
6.9.2024 10:15,438.0
6.9.2024 10:30,552.0
6.9.2024 10:45,492.0
6.9.2024 11:00,546.0
6.9.2024 11:15,528.0
6.9.2024 11:30,480.0
6.9.2024 11:45,636.0
6.9.2024 12:00,858.0
6.9.2024 12:15,876.0
6.9.2024 12:30,864.0
6.9.2024 12:45,786.0
6.9.2024 13:00,1140.0
6.9.2024 13:15,708.0
6.9.2024 13:30,540.0
6.9.2024 13:45,486.0
6.9.2024 14:00,294.0
6.9.2024 14:15,486.0
6.9.2024 14:30,918.0
6.9.2024 14:45,1476.0
6.9.2024 15:00,1452.0
6.9.2024 15:15,1278.0
6.9.2024 15:30,1362.0
6.9.2024 15:45,1416.0
6.9.2024 16:00,1200.0
6.9.2024 16:15,1020.0
6.9.2024 16:30,1218.0
6.9.2024 16:45,1446.0
6.9.2024 17:00,1488.0
6.9.2024 17:15,1632.0
6.9.2024 17:30,1740.0
6.9.2024 17:45,1794.0
6.9.2024 18:00,1956.0
6.9.2024 18:15,1824.0
6.9.2024 18:30,1950.0
6.9.2024 18:45,1716.0
6.9.2024 19:00,1758.0
6.9.2024 19:15,1956.0
6.9.2024 19:30,1932.0
6.9.2024 19:45,1248.0
6.9.2024 20:00,1116.0
6.9.2024 20:15,1680.0
6.9.2024 20:30,1848.0
6.9.2024 20:45,1818.0
6.9.2024 21:00,1932.0
6.9.2024 21:15,1776.0
6.9.2024 21:30,1794.0
6.9.2024 21:45,1692.0
6.9.2024 22:00,1932.0
6.9.2024 22:15,2040.0
6.9.2024 22:30,1908.0
6.9.2024 22:45,1662.0
6.9.2024 23:00,1740.0
6.9.2024 23:15,1638.0
6.9.2024 23:30,1386.0
6.9.2024 23:45,1362.0
7.9.2024 00:00,1014.0
7.9.2024 00:15,1194.0
7.9.2024 00:30,1410.0
7.9.2024 00:45,1416.0
7.9.2024 01:00,1290.0
7.9.2024 01:15,1554.0
7.9.2024 01:30,1962.0
7.9.2024 01:45,1956.0
7.9.2024 02:00,1902.0
7.9.2024 02:15,2130.0
7.9.2024 02:30,1536.0
7.9.2024 02:45,1530.0
7.9.2024 03:00,1500.0
7.9.2024 03:15,1554.0
7.9.2024 03:30,1536.0
7.9.2024 03:45,1422.0
7.9.2024 04:00,1500.0
7.9.2024 04:15,1764.0
7.9.2024 04:30,1860.0
7.9.2024 04:45,1950.0
7.9.2024 05:00,1860.0
7.9.2024 05:15,1842.0
7.9.2024 05:30,1788.0
7.9.2024 05:45,1932.0
7.9.2024 06:00,1914.0
7.9.2024 06:15,1572.0
7.9.2024 06:30,1530.0
7.9.2024 06:45,1296.0
7.9.2024 07:00,1284.0
7.9.2024 07:15,1296.0
7.9.2024 07:30,1248.0
7.9.2024 07:45,1170.0
7.9.2024 08:00,888.0
7.9.2024 08:15,1236.0
7.9.2024 08:30,1752.0
7.9.2024 08:45,1734.0
7.9.2024 09:00,1620.0
7.9.2024 09:15,1620.0
7.9.2024 09:30,1620.0
7.9.2024 09:45,1182.0
7.9.2024 10:00,888.0
7.9.2024 10:15,1068.0
7.9.2024 10:30,1002.0
7.9.2024 10:45,864.0
7.9.2024 11:00,570.0
7.9.2024 11:15,648.0
7.9.2024 11:30,750.0
7.9.2024 11:45,810.0
7.9.2024 12:00,1050.0
7.9.2024 12:15,1296.0
7.9.2024 12:30,1194.0
7.9.2024 12:45,1164.0
7.9.2024 13:00,1398.0
7.9.2024 13:15,966.0
7.9.2024 13:30,918.0
7.9.2024 13:45,780.0
7.9.2024 14:00,972.0
7.9.2024 14:15,1380.0
7.9.2024 14:30,1086.0
7.9.2024 14:45,1302.0
7.9.2024 15:00,918.0
7.9.2024 15:15,1050.0
7.9.2024 15:30,1260.0
7.9.2024 15:45,1260.0
7.9.2024 16:00,1182.0
7.9.2024 16:15,1326.0
7.9.2024 16:30,1242.0
7.9.2024 16:45,1470.0
7.9.2024 17:00,1668.0
7.9.2024 17:15,1932.0
7.9.2024 17:30,1938.0
7.9.2024 17:45,1992.0
7.9.2024 18:00,1974.0
7.9.2024 18:15,1926.0
7.9.2024 18:30,1608.0
7.9.2024 18:45,1572.0
7.9.2024 19:00,1440.0
7.9.2024 19:15,1500.0
7.9.2024 19:30,1812.0
7.9.2024 19:45,2004.0
7.9.2024 20:00,1956.0
7.9.2024 20:15,1506.0
7.9.2024 20:30,1542.0
7.9.2024 20:45,1656.0
7.9.2024 21:00,2040.0
7.9.2024 21:15,2082.0
7.9.2024 21:30,1932.0
7.9.2024 21:45,1932.0
7.9.2024 22:00,1938.0
7.9.2024 22:15,1890.0
7.9.2024 22:30,1902.0
7.9.2024 22:45,1662.0
7.9.2024 23:00,1464.0
7.9.2024 23:15,1428.0
7.9.2024 23:30,1170.0
7.9.2024 23:45,1530.0
8.9.2024 00:00,1494.0
8.9.2024 00:15,1512.0
8.9.2024 00:30,1512.0
8.9.2024 00:45,1362.0
8.9.2024 01:00,1482.0
8.9.2024 01:15,1452.0
8.9.2024 01:30,1536.0
8.9.2024 01:45,1548.0
8.9.2024 02:00,1458.0
8.9.2024 02:15,1518.0
8.9.2024 02:30,1560.0
8.9.2024 02:45,1248.0
8.9.2024 03:00,1392.0
8.9.2024 03:15,1518.0
8.9.2024 03:30,1464.0
8.9.2024 03:45,1494.0
8.9.2024 04:00,1476.0
8.9.2024 04:15,1494.0
8.9.2024 04:30,1422.0
8.9.2024 04:45,1656.0
8.9.2024 05:00,1860.0
8.9.2024 05:15,1692.0
8.9.2024 05:30,1632.0
8.9.2024 05:45,1872.0
8.9.2024 06:00,1872.0
8.9.2024 06:15,1806.0
8.9.2024 06:30,1728.0
8.9.2024 06:45,1770.0
8.9.2024 07:00,1782.0
8.9.2024 07:15,1566.0
8.9.2024 07:30,1440.0
8.9.2024 07:45,900.0
8.9.2024 08:00,492.0
8.9.2024 08:15,966.0
8.9.2024 08:30,984.0
8.9.2024 08:45,876.0
8.9.2024 09:00,852.0
8.9.2024 09:15,1026.0
8.9.2024 09:30,1278.0
8.9.2024 09:45,1284.0
8.9.2024 10:00,1278.0
8.9.2024 10:15,696.0
8.9.2024 10:30,642.0
8.9.2024 10:45,762.0
8.9.2024 11:00,1032.0
8.9.2024 11:15,660.0
8.9.2024 11:30,600.0
8.9.2024 11:45,630.0
8.9.2024 12:00,744.0
8.9.2024 12:15,414.0
8.9.2024 12:30,696.0
8.9.2024 12:45,882.0
8.9.2024 13:00,1026.0
8.9.2024 13:15,1398.0
8.9.2024 13:30,1116.0
8.9.2024 13:45,1038.0
8.9.2024 14:00,912.0
8.9.2024 14:15,954.0
8.9.2024 14:30,402.0
8.9.2024 14:45,888.0
8.9.2024 15:00,1044.0
8.9.2024 15:15,864.0
8.9.2024 15:30,930.0
8.9.2024 15:45,960.0
8.9.2024 16:00,1224.0
8.9.2024 16:15,1116.0
8.9.2024 16:30,1206.0
8.9.2024 16:45,1440.0
8.9.2024 17:00,1398.0
8.9.2024 17:15,1788.0
8.9.2024 17:30,1680.0
8.9.2024 17:45,1512.0
8.9.2024 18:00,1848.0
8.9.2024 18:15,1896.0
8.9.2024 18:30,1848.0
8.9.2024 18:45,1794.0
8.9.2024 19:00,1854.0
8.9.2024 19:15,1914.0
8.9.2024 19:30,1860.0
8.9.2024 19:45,1218.0
8.9.2024 20:00,1290.0
8.9.2024 20:15,1902.0
8.9.2024 20:30,1902.0
8.9.2024 20:45,1932.0
8.9.2024 21:00,1800.0
8.9.2024 21:15,1752.0
8.9.2024 21:30,1530.0
8.9.2024 21:45,1506.0
8.9.2024 22:00,1530.0
8.9.2024 22:15,1494.0
8.9.2024 22:30,1494.0
8.9.2024 22:45,1464.0
8.9.2024 23:00,1500.0
8.9.2024 23:15,1512.0
8.9.2024 23:30,1440.0
8.9.2024 23:45,1512.0
9.9.2024 00:00,1410.0
9.9.2024 00:15,1416.0
9.9.2024 00:30,1176.0
9.9.2024 00:45,1416.0
9.9.2024 01:00,1692.0
9.9.2024 01:15,1920.0
9.9.2024 01:30,2004.0
9.9.2024 01:45,2010.0
9.9.2024 02:00,1986.0
9.9.2024 02:15,1980.0
9.9.2024 02:30,1824.0
9.9.2024 02:45,1800.0
9.9.2024 03:00,1458.0
9.9.2024 03:15,1860.0
9.9.2024 03:30,1920.0
9.9.2024 03:45,1584.0
9.9.2024 04:00,1788.0
9.9.2024 04:15,1782.0
9.9.2024 04:30,1476.0
9.9.2024 04:45,1452.0
9.9.2024 05:00,1512.0
9.9.2024 05:15,1656.0
9.9.2024 05:30,1548.0
9.9.2024 05:45,1362.0
9.9.2024 06:00,960.0
9.9.2024 06:15,828.0
9.9.2024 06:30,804.0
9.9.2024 06:45,756.0
9.9.2024 07:00,708.0
9.9.2024 07:15,756.0
9.9.2024 07:30,552.0
9.9.2024 07:45,378.0
9.9.2024 08:00,312.0
9.9.2024 08:15,150.0
9.9.2024 08:30,72.0
9.9.2024 08:45,12.0
9.9.2024 09:00,42.0
9.9.2024 09:15,132.0
9.9.2024 09:30,60.0
9.9.2024 09:45,84.0
9.9.2024 10:00,36.0
9.9.2024 10:15,72.0
9.9.2024 10:30,54.0
9.9.2024 10:45,78.0
9.9.2024 11:00,60.0
9.9.2024 11:15,72.0
9.9.2024 11:30,72.0
9.9.2024 11:45,114.0
9.9.2024 12:00,120.0
9.9.2024 12:15,54.0
9.9.2024 12:30,18.0
9.9.2024 12:45,24.0
9.9.2024 13:00,12.0
9.9.2024 13:15,12.0
9.9.2024 13:30,24.0
9.9.2024 13:45,12.0
9.9.2024 14:00,18.0
9.9.2024 14:15,24.0
9.9.2024 14:30,60.0
9.9.2024 14:45,36.0
9.9.2024 15:00,48.0
9.9.2024 15:15,96.0
9.9.2024 15:30,48.0
9.9.2024 15:45,60.0
9.9.2024 16:00,114.0
9.9.2024 16:15,132.0
9.9.2024 16:30,144.0
9.9.2024 16:45,144.0
9.9.2024 17:00,12.0
9.9.2024 17:15,54.0
9.9.2024 17:30,72.0
9.9.2024 17:45,78.0
9.9.2024 18:00,78.0
9.9.2024 18:15,78.0
9.9.2024 18:30,96.0
9.9.2024 18:45,102.0
9.9.2024 19:00,108.0
9.9.2024 19:15,108.0
9.9.2024 19:30,108.0
9.9.2024 19:45,114.0
9.9.2024 20:00,114.0
9.9.2024 20:15,114.0
9.9.2024 20:30,132.0
9.9.2024 20:45,162.0
9.9.2024 21:00,186.0
9.9.2024 21:15,186.0
9.9.2024 21:30,174.0
9.9.2024 21:45,174.0
9.9.2024 22:00,168.0
9.9.2024 22:15,138.0
9.9.2024 22:30,162.0
9.9.2024 22:45,150.0
9.9.2024 23:00,162.0
9.9.2024 23:15,144.0
9.9.2024 23:30,138.0
9.9.2024 23:45,156.0
10.9.2024 00:00,108.0
10.9.2024 00:15,120.0
10.9.2024 00:30,132.0
10.9.2024 00:45,144.0
10.9.2024 01:00,156.0
10.9.2024 01:15,204.0
10.9.2024 01:30,180.0
10.9.2024 01:45,204.0
10.9.2024 02:00,174.0
10.9.2024 02:15,180.0
10.9.2024 02:30,192.0
10.9.2024 02:45,198.0
10.9.2024 03:00,180.0
10.9.2024 03:15,180.0
10.9.2024 03:30,174.0
10.9.2024 03:45,174.0
10.9.2024 04:00,174.0
10.9.2024 04:15,168.0
10.9.2024 04:30,168.0
10.9.2024 04:45,168.0
10.9.2024 05:00,162.0
10.9.2024 05:15,162.0
10.9.2024 05:30,174.0
10.9.2024 05:45,180.0
10.9.2024 06:00,162.0
10.9.2024 06:15,222.0
10.9.2024 06:30,408.0
10.9.2024 06:45,492.0
10.9.2024 07:00,384.0
10.9.2024 07:15,378.0
10.9.2024 07:30,306.0
10.9.2024 07:45,216.0
10.9.2024 08:00,264.0
10.9.2024 08:15,456.0
10.9.2024 08:30,624.0
10.9.2024 08:45,948.0
10.9.2024 09:00,804.0
10.9.2024 09:15,948.0
10.9.2024 09:30,912.0
10.9.2024 09:45,888.0
10.9.2024 10:00,1086.0
10.9.2024 10:15,942.0
10.9.2024 10:30,1050.0
10.9.2024 10:45,1128.0
10.9.2024 11:00,1164.0
10.9.2024 11:15,996.0
10.9.2024 11:30,1056.0
10.9.2024 11:45,1020.0
10.9.2024 12:00,1308.0
10.9.2024 12:15,828.0
10.9.2024 12:30,372.0
10.9.2024 12:45,486.0
10.9.2024 13:00,444.0
10.9.2024 13:15,642.0
10.9.2024 13:30,504.0
10.9.2024 13:45,1008.0
10.9.2024 14:00,936.0
10.9.2024 14:15,516.0
10.9.2024 14:30,600.0
10.9.2024 14:45,990.0
10.9.2024 15:00,1266.0
10.9.2024 15:15,1140.0
10.9.2024 15:30,1326.0
10.9.2024 15:45,1512.0
10.9.2024 16:00,1128.0
10.9.2024 16:15,1260.0
10.9.2024 16:30,1644.0
10.9.2024 16:45,1668.0
10.9.2024 17:00,1788.0
10.9.2024 17:15,1572.0
10.9.2024 17:30,1902.0
10.9.2024 17:45,1938.0
10.9.2024 18:00,1896.0
10.9.2024 18:15,1980.0
10.9.2024 18:30,1548.0
10.9.2024 18:45,1440.0
10.9.2024 19:00,1488.0
10.9.2024 19:15,1404.0
10.9.2024 19:30,1506.0
10.9.2024 19:45,1290.0
10.9.2024 20:00,1134.0
10.9.2024 20:15,1452.0
10.9.2024 20:30,2004.0
10.9.2024 20:45,1950.0
10.9.2024 21:00,2040.0
10.9.2024 21:15,2100.0
10.9.2024 21:30,2064.0
10.9.2024 21:45,1998.0
10.9.2024 22:00,1986.0
10.9.2024 22:15,1524.0
10.9.2024 22:30,1632.0
10.9.2024 22:45,1548.0
10.9.2024 23:00,1620.0
10.9.2024 23:15,1596.0
10.9.2024 23:30,1644.0
10.9.2024 23:45,1704.0
11.9.2024 00:00,1998.0
11.9.2024 00:15,1896.0
11.9.2024 00:30,1542.0
11.9.2024 00:45,1548.0
11.9.2024 01:00,1416.0
11.9.2024 01:15,1488.0
11.9.2024 01:30,1650.0
11.9.2024 01:45,1710.0
11.9.2024 02:00,1944.0
11.9.2024 02:15,1962.0
11.9.2024 02:30,1740.0
11.9.2024 02:45,1536.0
11.9.2024 03:00,1416.0
11.9.2024 03:15,1500.0
11.9.2024 03:30,1482.0
11.9.2024 03:45,1530.0
11.9.2024 04:00,1530.0
11.9.2024 04:15,1680.0
11.9.2024 04:30,1800.0
11.9.2024 04:45,1890.0
11.9.2024 05:00,1872.0
11.9.2024 05:15,1962.0
11.9.2024 05:30,1824.0
11.9.2024 05:45,1212.0
11.9.2024 06:00,2052.0
11.9.2024 06:15,2052.0
11.9.2024 06:30,1872.0
11.9.2024 06:45,1968.0
11.9.2024 07:00,1914.0
11.9.2024 07:15,1350.0
11.9.2024 07:30,1104.0
11.9.2024 07:45,714.0
11.9.2024 08:00,624.0
11.9.2024 08:15,780.0
11.9.2024 08:30,1044.0
11.9.2024 08:45,1392.0
11.9.2024 09:00,1320.0
11.9.2024 09:15,1398.0
11.9.2024 09:30,1200.0
11.9.2024 09:45,708.0
11.9.2024 10:00,846.0
11.9.2024 10:15,930.0
11.9.2024 10:30,870.0
11.9.2024 10:45,672.0
11.9.2024 11:00,810.0
11.9.2024 11:15,888.0
11.9.2024 11:30,954.0
11.9.2024 11:45,690.0
11.9.2024 12:00,552.0
11.9.2024 12:15,804.0
11.9.2024 12:30,588.0
11.9.2024 12:45,642.0
11.9.2024 13:00,1146.0
11.9.2024 13:15,1188.0
11.9.2024 13:30,1362.0
11.9.2024 13:45,1524.0
11.9.2024 14:00,2016.0
11.9.2024 14:15,1626.0
11.9.2024 14:30,1590.0
11.9.2024 14:45,1560.0
11.9.2024 15:00,1464.0
11.9.2024 15:15,1632.0
11.9.2024 15:30,1638.0
11.9.2024 15:45,1524.0
11.9.2024 16:00,1674.0
11.9.2024 16:15,1662.0
11.9.2024 16:30,1626.0
11.9.2024 16:45,1530.0
11.9.2024 17:00,1590.0
11.9.2024 17:15,1464.0
11.9.2024 17:30,1500.0
11.9.2024 17:45,1608.0
11.9.2024 18:00,1842.0
11.9.2024 18:15,2040.0
11.9.2024 18:30,2052.0
11.9.2024 18:45,2076.0
11.9.2024 19:00,1872.0
11.9.2024 19:15,1800.0
11.9.2024 19:30,1680.0
11.9.2024 19:45,1206.0
11.9.2024 20:00,1104.0
11.9.2024 20:15,1548.0
11.9.2024 20:30,1710.0
11.9.2024 20:45,1704.0
11.9.2024 21:00,1758.0
11.9.2024 21:15,2040.0
11.9.2024 21:30,2022.0
11.9.2024 21:45,1452.0
11.9.2024 22:00,1506.0
11.9.2024 22:15,1512.0
11.9.2024 22:30,1464.0
11.9.2024 22:45,1632.0
11.9.2024 23:00,1410.0
11.9.2024 23:15,1440.0
11.9.2024 23:30,1386.0
11.9.2024 23:45,1530.0
12.9.2024 00:00,1524.0
12.9.2024 00:15,1488.0
12.9.2024 00:30,1644.0
12.9.2024 00:45,2004.0
12.9.2024 01:00,1776.0
12.9.2024 01:15,1962.0
12.9.2024 01:30,2034.0
12.9.2024 01:45,1932.0
12.9.2024 02:00,1740.0
12.9.2024 02:15,1536.0
12.9.2024 02:30,1458.0
12.9.2024 02:45,1560.0
12.9.2024 03:00,1590.0
12.9.2024 03:15,1560.0
12.9.2024 03:30,1410.0
12.9.2024 03:45,1584.0
12.9.2024 04:00,1620.0
12.9.2024 04:15,1620.0
12.9.2024 04:30,1812.0
12.9.2024 04:45,1788.0
12.9.2024 05:00,1878.0
12.9.2024 05:15,2004.0
12.9.2024 05:30,1932.0
12.9.2024 05:45,1710.0
12.9.2024 06:00,1434.0
12.9.2024 06:15,1824.0
12.9.2024 06:30,1866.0
12.9.2024 06:45,1836.0
12.9.2024 07:00,1806.0
12.9.2024 07:15,1914.0
12.9.2024 07:30,1836.0
12.9.2024 07:45,1050.0
12.9.2024 08:00,816.0
12.9.2024 08:15,1020.0
12.9.2024 08:30,1548.0
12.9.2024 08:45,1620.0
12.9.2024 09:00,1668.0
12.9.2024 09:15,900.0
12.9.2024 09:30,1122.0
12.9.2024 09:45,996.0
12.9.2024 10:00,672.0
12.9.2024 10:15,726.0
12.9.2024 10:30,690.0
12.9.2024 10:45,546.0
12.9.2024 11:00,972.0
12.9.2024 11:15,648.0
12.9.2024 11:30,1092.0
12.9.2024 11:45,744.0
12.9.2024 12:00,642.0
12.9.2024 12:15,540.0
12.9.2024 12:30,912.0
12.9.2024 12:45,636.0
12.9.2024 13:00,780.0
12.9.2024 13:15,870.0
12.9.2024 13:30,888.0
12.9.2024 13:45,840.0
12.9.2024 14:00,1032.0
12.9.2024 14:15,1284.0
12.9.2024 14:30,924.0
12.9.2024 14:45,1524.0
12.9.2024 15:00,1350.0
12.9.2024 15:15,936.0
12.9.2024 15:30,1212.0
12.9.2024 15:45,1110.0
12.9.2024 16:00,1308.0
12.9.2024 16:15,1440.0
12.9.2024 16:30,1482.0
12.9.2024 16:45,1536.0
12.9.2024 17:00,1446.0
12.9.2024 17:15,1512.0
12.9.2024 17:30,1662.0
12.9.2024 17:45,1800.0
12.9.2024 18:00,2112.0
12.9.2024 18:15,1956.0
12.9.2024 18:30,2052.0
12.9.2024 18:45,1740.0
12.9.2024 19:00,1632.0
12.9.2024 19:15,1626.0
12.9.2024 19:30,1578.0
12.9.2024 19:45,1290.0
12.9.2024 20:00,1200.0
12.9.2024 20:15,1608.0
12.9.2024 20:30,2046.0
12.9.2024 20:45,2112.0
12.9.2024 21:00,2106.0
12.9.2024 21:15,2082.0
12.9.2024 21:30,1932.0
12.9.2024 21:45,1662.0
12.9.2024 22:00,1656.0
12.9.2024 22:15,1656.0
12.9.2024 22:30,1596.0
12.9.2024 22:45,1260.0
12.9.2024 23:00,1290.0
12.9.2024 23:15,1524.0
12.9.2024 23:30,1512.0
12.9.2024 23:45,1584.0
13.9.2024 00:00,1368.0
13.9.2024 00:15,1392.0
13.9.2024 00:30,1608.0
13.9.2024 00:45,1758.0
13.9.2024 01:00,1884.0
13.9.2024 01:15,2124.0
13.9.2024 01:30,2016.0
13.9.2024 01:45,1944.0
13.9.2024 02:00,1572.0
13.9.2024 02:15,1476.0
13.9.2024 02:30,1584.0
13.9.2024 02:45,1590.0
13.9.2024 03:00,1626.0
13.9.2024 03:15,1350.0
13.9.2024 03:30,1332.0
13.9.2024 03:45,1620.0
13.9.2024 04:00,1626.0
13.9.2024 04:15,1542.0
13.9.2024 04:30,1692.0
13.9.2024 04:45,2046.0
13.9.2024 05:00,2076.0
13.9.2024 05:15,1914.0
13.9.2024 05:30,1872.0
13.9.2024 05:45,1284.0
13.9.2024 06:00,1560.0
13.9.2024 06:15,2052.0
13.9.2024 06:30,1866.0
13.9.2024 06:45,1764.0
13.9.2024 07:00,1296.0
13.9.2024 07:15,1272.0
13.9.2024 07:30,1128.0
13.9.2024 07:45,1260.0
13.9.2024 08:00,780.0
13.9.2024 08:15,876.0
13.9.2024 08:30,1176.0
13.9.2024 08:45,1032.0
13.9.2024 09:00,936.0
13.9.2024 09:15,894.0
13.9.2024 09:30,1308.0
13.9.2024 09:45,1458.0
13.9.2024 10:00,1368.0
13.9.2024 10:15,1284.0
13.9.2024 10:30,960.0
13.9.2024 10:45,1224.0
13.9.2024 11:00,912.0
13.9.2024 11:15,834.0
13.9.2024 11:30,774.0
13.9.2024 11:45,756.0
13.9.2024 12:00,894.0
13.9.2024 12:15,600.0
13.9.2024 12:30,822.0
13.9.2024 12:45,834.0
13.9.2024 13:00,960.0
13.9.2024 13:15,1200.0
13.9.2024 13:30,1308.0
13.9.2024 13:45,1206.0
13.9.2024 14:00,1008.0
13.9.2024 14:15,876.0
13.9.2024 14:30,1164.0
13.9.2024 14:45,1296.0
13.9.2024 15:00,1290.0
13.9.2024 15:15,1218.0
13.9.2024 15:30,1326.0
13.9.2024 15:45,1452.0
13.9.2024 16:00,1680.0
13.9.2024 16:15,1800.0
13.9.2024 16:30,1500.0
13.9.2024 16:45,1290.0
13.9.2024 17:00,1560.0
13.9.2024 17:15,1524.0
13.9.2024 17:30,1608.0
13.9.2024 17:45,1500.0
13.9.2024 18:00,1560.0
13.9.2024 18:15,1548.0
13.9.2024 18:30,1584.0
13.9.2024 18:45,1584.0
13.9.2024 19:00,1746.0
13.9.2024 19:15,2028.0
13.9.2024 19:30,1836.0
13.9.2024 19:45,1650.0
13.9.2024 20:00,1266.0
13.9.2024 20:15,1968.0
13.9.2024 20:30,1992.0
13.9.2024 20:45,2094.0
13.9.2024 21:00,2088.0
13.9.2024 21:15,1596.0
13.9.2024 21:30,1614.0
13.9.2024 21:45,1554.0
13.9.2024 22:00,1608.0
13.9.2024 22:15,1638.0
13.9.2024 22:30,1410.0
13.9.2024 22:45,1464.0
13.9.2024 23:00,1620.0
13.9.2024 23:15,1632.0
13.9.2024 23:30,1512.0
13.9.2024 23:45,1512.0
14.9.2024 00:00,1446.0
14.9.2024 00:15,1548.0
14.9.2024 00:30,1554.0
14.9.2024 00:45,1518.0
14.9.2024 01:00,1530.0
14.9.2024 01:15,1464.0
14.9.2024 01:30,1584.0
14.9.2024 01:45,1608.0
14.9.2024 02:00,1446.0
14.9.2024 02:15,1530.0
14.9.2024 02:30,1524.0
14.9.2024 02:45,1632.0
14.9.2024 03:00,1992.0
14.9.2024 03:15,2004.0
14.9.2024 03:30,2088.0
14.9.2024 03:45,1950.0
14.9.2024 04:00,1410.0
14.9.2024 04:15,1644.0
14.9.2024 04:30,1968.0
14.9.2024 04:45,1860.0
14.9.2024 05:00,1656.0
14.9.2024 05:15,1878.0
14.9.2024 05:30,1710.0
14.9.2024 05:45,1530.0
14.9.2024 06:00,1932.0
14.9.2024 06:15,1662.0
14.9.2024 06:30,1146.0
14.9.2024 06:45,972.0
14.9.2024 07:00,936.0
14.9.2024 07:15,912.0
14.9.2024 07:30,816.0
14.9.2024 07:45,678.0
14.9.2024 08:00,540.0
14.9.2024 08:15,498.0
14.9.2024 08:30,510.0
14.9.2024 08:45,252.0
14.9.2024 09:00,36.0
14.9.2024 09:15,18.0
14.9.2024 09:30,12.0
14.9.2024 09:45,12.0
14.9.2024 10:00,12.0
14.9.2024 10:15,18.0
14.9.2024 10:30,12.0
14.9.2024 10:45,0.0
14.9.2024 11:00,18.0
14.9.2024 11:15,24.0
14.9.2024 11:30,24.0
14.9.2024 11:45,6.0
14.9.2024 12:00,0.0
14.9.2024 12:15,0.0
14.9.2024 12:30,0.0
14.9.2024 12:45,6.0
14.9.2024 13:00,12.0
14.9.2024 13:15,6.0
14.9.2024 13:30,12.0
14.9.2024 13:45,18.0
14.9.2024 14:00,18.0
14.9.2024 14:15,18.0
14.9.2024 14:30,24.0
14.9.2024 14:45,6.0
14.9.2024 15:00,6.0
14.9.2024 15:15,30.0
14.9.2024 15:30,6.0
14.9.2024 15:45,0.0
14.9.2024 16:00,6.0
14.9.2024 16:15,6.0
14.9.2024 16:30,18.0
14.9.2024 16:45,36.0
14.9.2024 17:00,66.0
14.9.2024 17:15,72.0
14.9.2024 17:30,84.0
14.9.2024 17:45,90.0
14.9.2024 18:00,90.0
14.9.2024 18:15,84.0
14.9.2024 18:30,120.0
14.9.2024 18:45,132.0
14.9.2024 19:00,132.0
14.9.2024 19:15,132.0
14.9.2024 19:30,126.0
14.9.2024 19:45,132.0
14.9.2024 20:00,168.0
14.9.2024 20:15,168.0
14.9.2024 20:30,162.0
14.9.2024 20:45,180.0
14.9.2024 21:00,156.0
14.9.2024 21:15,174.0
14.9.2024 21:30,180.0
14.9.2024 21:45,180.0
14.9.2024 22:00,186.0
14.9.2024 22:15,150.0
14.9.2024 22:30,144.0
14.9.2024 22:45,150.0
14.9.2024 23:00,138.0
14.9.2024 23:15,138.0
14.9.2024 23:30,108.0
14.9.2024 23:45,90.0
15.9.2024 00:00,90.0
15.9.2024 00:15,90.0
15.9.2024 00:30,84.0
15.9.2024 00:45,84.0
15.9.2024 01:00,84.0
15.9.2024 01:15,84.0
15.9.2024 01:30,90.0
15.9.2024 01:45,90.0
15.9.2024 02:00,96.0
15.9.2024 02:15,84.0
15.9.2024 02:30,108.0
15.9.2024 02:45,132.0
15.9.2024 03:00,132.0
15.9.2024 03:15,132.0
15.9.2024 03:30,132.0
15.9.2024 03:45,126.0
15.9.2024 04:00,132.0
15.9.2024 04:15,132.0
15.9.2024 04:30,126.0
15.9.2024 04:45,126.0
15.9.2024 05:00,126.0
15.9.2024 05:15,126.0
15.9.2024 05:30,132.0
15.9.2024 05:45,132.0
15.9.2024 06:00,132.0
15.9.2024 06:15,114.0
15.9.2024 06:30,90.0
15.9.2024 06:45,54.0
15.9.2024 07:00,30.0
15.9.2024 07:15,12.0
15.9.2024 07:30,0.0
15.9.2024 07:45,0.0
15.9.2024 08:00,0.0
15.9.2024 08:15,0.0
15.9.2024 08:30,6.0
15.9.2024 08:45,6.0
15.9.2024 09:00,6.0
15.9.2024 09:15,12.0
15.9.2024 09:30,6.0
15.9.2024 09:45,6.0
15.9.2024 10:00,6.0
15.9.2024 10:15,6.0
15.9.2024 10:30,6.0
15.9.2024 10:45,6.0
15.9.2024 11:00,6.0
15.9.2024 11:15,6.0
15.9.2024 11:30,6.0
15.9.2024 11:45,0.0
15.9.2024 12:00,6.0
15.9.2024 12:15,0.0
15.9.2024 12:30,0.0
15.9.2024 12:45,6.0
15.9.2024 13:00,6.0
15.9.2024 13:15,6.0
15.9.2024 13:30,0.0
15.9.2024 13:45,6.0
15.9.2024 14:00,0.0
15.9.2024 14:15,6.0
15.9.2024 14:30,0.0
15.9.2024 14:45,18.0
15.9.2024 15:00,36.0
15.9.2024 15:15,24.0
15.9.2024 15:30,24.0
15.9.2024 15:45,6.0
15.9.2024 16:00,12.0
15.9.2024 16:15,42.0
15.9.2024 16:30,78.0
15.9.2024 16:45,84.0
15.9.2024 17:00,96.0
15.9.2024 17:15,114.0
15.9.2024 17:30,150.0
15.9.2024 17:45,162.0
15.9.2024 18:00,102.0
15.9.2024 18:15,84.0
15.9.2024 18:30,84.0
15.9.2024 18:45,60.0
15.9.2024 19:00,54.0
15.9.2024 19:15,54.0
15.9.2024 19:30,66.0
15.9.2024 19:45,60.0
15.9.2024 20:00,96.0
15.9.2024 20:15,216.0
15.9.2024 20:30,510.0
15.9.2024 20:45,576.0
15.9.2024 21:00,624.0
15.9.2024 21:15,558.0
15.9.2024 21:30,624.0
15.9.2024 21:45,606.0
15.9.2024 22:00,558.0
15.9.2024 22:15,540.0
15.9.2024 22:30,546.0
15.9.2024 22:45,504.0
15.9.2024 23:00,540.0
15.9.2024 23:15,546.0
15.9.2024 23:30,480.0
15.9.2024 23:45,540.0
16.9.2024 00:00,498.0
16.9.2024 00:15,516.0
16.9.2024 00:30,672.0
16.9.2024 00:45,612.0
16.9.2024 01:00,624.0
16.9.2024 01:15,654.0
16.9.2024 01:30,642.0
16.9.2024 01:45,546.0
16.9.2024 02:00,510.0
16.9.2024 02:15,504.0
16.9.2024 02:30,588.0
16.9.2024 02:45,564.0
16.9.2024 03:00,570.0
16.9.2024 03:15,588.0
16.9.2024 03:30,576.0
16.9.2024 03:45,570.0
16.9.2024 04:00,498.0
16.9.2024 04:15,534.0
16.9.2024 04:30,546.0
16.9.2024 04:45,534.0
16.9.2024 05:00,552.0
16.9.2024 05:15,510.0
16.9.2024 05:30,522.0
16.9.2024 05:45,546.0
16.9.2024 06:00,546.0
16.9.2024 06:15,528.0
16.9.2024 06:30,504.0
16.9.2024 06:45,516.0
16.9.2024 07:00,498.0
16.9.2024 07:15,456.0
16.9.2024 07:30,348.0
16.9.2024 07:45,318.0
16.9.2024 08:00,306.0
16.9.2024 08:15,330.0
16.9.2024 08:30,300.0
16.9.2024 08:45,234.0
16.9.2024 09:00,216.0
16.9.2024 09:15,96.0
16.9.2024 09:30,60.0
16.9.2024 09:45,36.0
16.9.2024 10:00,162.0
16.9.2024 10:15,30.0
16.9.2024 10:30,192.0
16.9.2024 10:45,150.0
16.9.2024 11:00,366.0
16.9.2024 11:15,384.0
16.9.2024 11:30,240.0
16.9.2024 11:45,204.0
16.9.2024 12:00,102.0
16.9.2024 12:15,66.0
16.9.2024 12:30,252.0
16.9.2024 12:45,144.0
16.9.2024 13:00,72.0
16.9.2024 13:15,192.0
16.9.2024 13:30,396.0
16.9.2024 13:45,480.0
16.9.2024 14:00,642.0
16.9.2024 14:15,552.0
16.9.2024 14:30,486.0
16.9.2024 14:45,462.0
16.9.2024 15:00,510.0
16.9.2024 15:15,552.0
16.9.2024 15:30,558.0
16.9.2024 15:45,510.0
16.9.2024 16:00,552.0
16.9.2024 16:15,510.0
16.9.2024 16:30,540.0
16.9.2024 16:45,540.0
16.9.2024 17:00,516.0
16.9.2024 17:15,528.0
16.9.2024 17:30,528.0
16.9.2024 17:45,672.0
16.9.2024 18:00,678.0
16.9.2024 18:15,666.0
16.9.2024 18:30,468.0
16.9.2024 18:45,606.0
16.9.2024 19:00,624.0
16.9.2024 19:15,696.0
16.9.2024 19:30,642.0
16.9.2024 19:45,636.0
16.9.2024 20:00,414.0
16.9.2024 20:15,480.0
16.9.2024 20:30,600.0
16.9.2024 20:45,726.0
16.9.2024 21:00,594.0
16.9.2024 21:15,492.0
16.9.2024 21:30,516.0
16.9.2024 21:45,570.0
16.9.2024 22:00,564.0
16.9.2024 22:15,600.0
16.9.2024 22:30,564.0
16.9.2024 22:45,534.0
16.9.2024 23:00,588.0
16.9.2024 23:15,558.0
16.9.2024 23:30,552.0
16.9.2024 23:45,582.0
17.9.2024 00:00,498.0
17.9.2024 00:15,468.0
17.9.2024 00:30,552.0
17.9.2024 00:45,552.0
17.9.2024 01:00,510.0
17.9.2024 01:15,576.0
17.9.2024 01:30,636.0
17.9.2024 01:45,744.0
17.9.2024 02:00,570.0
17.9.2024 02:15,600.0
17.9.2024 02:30,468.0
17.9.2024 02:45,510.0
17.9.2024 03:00,420.0
17.9.2024 03:15,540.0
17.9.2024 03:30,558.0
17.9.2024 03:45,522.0
17.9.2024 04:00,402.0
17.9.2024 04:15,504.0
17.9.2024 04:30,540.0
17.9.2024 04:45,516.0
17.9.2024 05:00,534.0
17.9.2024 05:15,504.0
17.9.2024 05:30,558.0
17.9.2024 05:45,666.0
17.9.2024 06:00,708.0
17.9.2024 06:15,672.0
17.9.2024 06:30,720.0
17.9.2024 06:45,714.0
17.9.2024 07:00,600.0
17.9.2024 07:15,486.0
17.9.2024 07:30,468.0
17.9.2024 07:45,378.0
17.9.2024 08:00,180.0
17.9.2024 08:15,216.0
17.9.2024 08:30,372.0
17.9.2024 08:45,354.0
17.9.2024 09:00,438.0
17.9.2024 09:15,438.0
17.9.2024 09:30,408.0
17.9.2024 09:45,624.0
17.9.2024 10:00,474.0
17.9.2024 10:15,420.0
17.9.2024 10:30,306.0
17.9.2024 10:45,90.0
17.9.2024 11:00,90.0
17.9.2024 11:15,72.0
17.9.2024 11:30,30.0
17.9.2024 11:45,84.0
17.9.2024 12:00,66.0
17.9.2024 12:15,66.0
17.9.2024 12:30,132.0
17.9.2024 12:45,162.0
17.9.2024 13:00,138.0
17.9.2024 13:15,306.0
17.9.2024 13:30,300.0
17.9.2024 13:45,198.0
17.9.2024 14:00,174.0
17.9.2024 14:15,426.0
17.9.2024 14:30,486.0
17.9.2024 14:45,408.0
17.9.2024 15:00,552.0
17.9.2024 15:15,468.0
17.9.2024 15:30,300.0
17.9.2024 15:45,252.0
17.9.2024 16:00,402.0
17.9.2024 16:15,522.0
17.9.2024 16:30,588.0
17.9.2024 16:45,642.0
17.9.2024 17:00,570.0
17.9.2024 17:15,534.0
17.9.2024 17:30,540.0
17.9.2024 17:45,588.0
17.9.2024 18:00,672.0
17.9.2024 18:15,648.0
17.9.2024 18:30,612.0
17.9.2024 18:45,624.0
17.9.2024 19:00,618.0
17.9.2024 19:15,666.0
17.9.2024 19:30,654.0
17.9.2024 19:45,648.0
17.9.2024 20:00,582.0
17.9.2024 20:15,480.0
17.9.2024 20:30,492.0
17.9.2024 20:45,504.0
17.9.2024 21:00,540.0
17.9.2024 21:15,678.0
17.9.2024 21:30,648.0
17.9.2024 21:45,684.0
17.9.2024 22:00,528.0
17.9.2024 22:15,420.0
17.9.2024 22:30,468.0
17.9.2024 22:45,552.0
17.9.2024 23:00,420.0
17.9.2024 23:15,528.0
17.9.2024 23:30,618.0
17.9.2024 23:45,564.0
18.9.2024 00:00,582.0
18.9.2024 00:15,720.0
18.9.2024 00:30,672.0
18.9.2024 00:45,690.0
18.9.2024 01:00,684.0
18.9.2024 01:15,726.0
18.9.2024 01:30,690.0
18.9.2024 01:45,654.0
18.9.2024 02:00,468.0
18.9.2024 02:15,444.0
18.9.2024 02:30,528.0
18.9.2024 02:45,528.0
18.9.2024 03:00,498.0
18.9.2024 03:15,570.0
18.9.2024 03:30,528.0
18.9.2024 03:45,546.0
18.9.2024 04:00,618.0
18.9.2024 04:15,720.0
18.9.2024 04:30,672.0
18.9.2024 04:45,684.0
18.9.2024 05:00,666.0
18.9.2024 05:15,678.0
18.9.2024 05:30,648.0
18.9.2024 05:45,528.0
18.9.2024 06:00,522.0
18.9.2024 06:15,528.0
18.9.2024 06:30,564.0
18.9.2024 06:45,576.0
18.9.2024 07:00,558.0
18.9.2024 07:15,540.0
18.9.2024 07:30,558.0
18.9.2024 07:45,456.0
18.9.2024 08:00,288.0
18.9.2024 08:15,264.0
18.9.2024 08:30,408.0
18.9.2024 08:45,312.0
18.9.2024 09:00,354.0
18.9.2024 09:15,306.0
18.9.2024 09:30,264.0
18.9.2024 09:45,192.0
18.9.2024 10:00,246.0
18.9.2024 10:15,324.0
18.9.2024 10:30,192.0
18.9.2024 10:45,324.0
18.9.2024 11:00,276.0
18.9.2024 11:15,234.0
18.9.2024 11:30,276.0
18.9.2024 11:45,138.0
18.9.2024 12:00,330.0
18.9.2024 12:15,234.0
18.9.2024 12:30,426.0
18.9.2024 12:45,312.0
18.9.2024 13:00,288.0
18.9.2024 13:15,408.0
18.9.2024 13:30,516.0
18.9.2024 13:45,564.0
18.9.2024 14:00,552.0
18.9.2024 14:15,330.0
18.9.2024 14:30,294.0
18.9.2024 14:45,360.0
18.9.2024 15:00,372.0
18.9.2024 15:15,546.0
18.9.2024 15:30,564.0
18.9.2024 15:45,564.0
18.9.2024 16:00,528.0
18.9.2024 16:15,558.0
18.9.2024 16:30,504.0
18.9.2024 16:45,504.0
18.9.2024 17:00,516.0
18.9.2024 17:15,540.0
18.9.2024 17:30,516.0
18.9.2024 17:45,516.0
18.9.2024 18:00,426.0
18.9.2024 18:15,480.0
18.9.2024 18:30,564.0
18.9.2024 18:45,636.0
18.9.2024 19:00,714.0
18.9.2024 19:15,678.0
18.9.2024 19:30,618.0
18.9.2024 19:45,654.0
18.9.2024 20:00,546.0
18.9.2024 20:15,456.0
18.9.2024 20:30,516.0
18.9.2024 20:45,582.0
18.9.2024 21:00,618.0
18.9.2024 21:15,594.0
18.9.2024 21:30,678.0
18.9.2024 21:45,564.0
18.9.2024 22:00,528.0
18.9.2024 22:15,582.0
18.9.2024 22:30,732.0
18.9.2024 22:45,636.0
18.9.2024 23:00,702.0
18.9.2024 23:15,576.0
18.9.2024 23:30,498.0
18.9.2024 23:45,516.0
19.9.2024 00:00,564.0
19.9.2024 00:15,540.0
19.9.2024 00:30,540.0
19.9.2024 00:45,696.0
19.9.2024 01:00,696.0
19.9.2024 01:15,714.0
19.9.2024 01:30,612.0
19.9.2024 01:45,642.0
19.9.2024 02:00,594.0
19.9.2024 02:15,504.0
19.9.2024 02:30,552.0
19.9.2024 02:45,492.0
19.9.2024 03:00,570.0
19.9.2024 03:15,540.0
19.9.2024 03:30,528.0
19.9.2024 03:45,618.0
19.9.2024 04:00,684.0
19.9.2024 04:15,708.0
19.9.2024 04:30,696.0
19.9.2024 04:45,696.0
19.9.2024 05:00,540.0
19.9.2024 05:15,642.0
19.9.2024 05:30,648.0
19.9.2024 05:45,612.0
19.9.2024 06:00,510.0
19.9.2024 06:15,582.0
19.9.2024 06:30,474.0
19.9.2024 06:45,516.0
19.9.2024 07:00,480.0
19.9.2024 07:15,408.0
19.9.2024 07:30,276.0
19.9.2024 07:45,150.0
19.9.2024 08:00,102.0
19.9.2024 08:15,78.0
19.9.2024 08:30,36.0
19.9.2024 08:45,0.0
19.9.2024 09:00,0.0
19.9.2024 09:15,0.0
19.9.2024 09:30,0.0
19.9.2024 09:45,0.0
19.9.2024 10:00,0.0
19.9.2024 10:15,0.0
19.9.2024 10:30,0.0
19.9.2024 10:45,0.0
19.9.2024 11:00,0.0
19.9.2024 11:15,0.0
19.9.2024 11:30,0.0
19.9.2024 11:45,0.0
19.9.2024 12:00,0.0
19.9.2024 12:15,0.0
19.9.2024 12:30,0.0
19.9.2024 12:45,0.0
19.9.2024 13:00,0.0
19.9.2024 13:15,0.0
19.9.2024 13:30,0.0
19.9.2024 13:45,0.0
19.9.2024 14:00,12.0
19.9.2024 14:15,0.0
19.9.2024 14:30,0.0
19.9.2024 14:45,0.0
19.9.2024 15:00,0.0
19.9.2024 15:15,48.0
19.9.2024 15:30,108.0
19.9.2024 15:45,96.0
19.9.2024 16:00,96.0
19.9.2024 16:15,348.0
19.9.2024 16:30,384.0
19.9.2024 16:45,168.0
19.9.2024 17:00,84.0
19.9.2024 17:15,108.0
19.9.2024 17:30,108.0
19.9.2024 17:45,120.0
19.9.2024 18:00,126.0
19.9.2024 18:15,126.0
19.9.2024 18:30,120.0
19.9.2024 18:45,120.0
19.9.2024 19:00,120.0
19.9.2024 19:15,120.0
19.9.2024 19:30,120.0
19.9.2024 19:45,126.0
19.9.2024 20:00,132.0
19.9.2024 20:15,144.0
19.9.2024 20:30,144.0
19.9.2024 20:45,144.0
19.9.2024 21:00,144.0
19.9.2024 21:15,138.0
19.9.2024 21:30,138.0
19.9.2024 21:45,138.0
19.9.2024 22:00,150.0
19.9.2024 22:15,150.0
19.9.2024 22:30,156.0
19.9.2024 22:45,156.0
19.9.2024 23:00,156.0
19.9.2024 23:15,156.0
19.9.2024 23:30,132.0
19.9.2024 23:45,114.0
20.9.2024 00:00,108.0
20.9.2024 00:15,102.0
20.9.2024 00:30,120.0
20.9.2024 00:45,108.0
20.9.2024 01:00,138.0
20.9.2024 01:15,144.0
20.9.2024 01:30,132.0
20.9.2024 01:45,180.0
20.9.2024 02:00,180.0
20.9.2024 02:15,180.0
20.9.2024 02:30,192.0
20.9.2024 02:45,228.0
20.9.2024 03:00,228.0
20.9.2024 03:15,222.0
20.9.2024 03:30,216.0
20.9.2024 03:45,210.0
20.9.2024 04:00,210.0
20.9.2024 04:15,216.0
20.9.2024 04:30,216.0
20.9.2024 04:45,216.0
20.9.2024 05:00,222.0
20.9.2024 05:15,228.0
20.9.2024 05:30,228.0
20.9.2024 05:45,234.0
20.9.2024 06:00,228.0
20.9.2024 06:15,306.0
20.9.2024 06:30,408.0
20.9.2024 06:45,456.0
20.9.2024 07:00,468.0
20.9.2024 07:15,444.0
20.9.2024 07:30,366.0
20.9.2024 07:45,276.0
20.9.2024 08:00,300.0
20.9.2024 08:15,612.0
20.9.2024 08:30,1248.0
20.9.2024 08:45,1620.0
20.9.2024 09:00,1698.0
20.9.2024 09:15,1692.0
20.9.2024 09:30,1620.0
20.9.2024 09:45,1344.0
20.9.2024 10:00,1476.0
20.9.2024 10:15,1374.0
20.9.2024 10:30,792.0
20.9.2024 10:45,1092.0
20.9.2024 11:00,1158.0
20.9.2024 11:15,1236.0
20.9.2024 11:30,1140.0
20.9.2024 11:45,1140.0
20.9.2024 12:00,1140.0
20.9.2024 12:15,852.0
20.9.2024 12:30,756.0
20.9.2024 12:45,474.0
20.9.2024 13:00,1476.0
20.9.2024 13:15,1674.0
20.9.2024 13:30,1464.0
20.9.2024 13:45,1548.0
20.9.2024 14:00,1224.0
20.9.2024 14:15,954.0
20.9.2024 14:30,1296.0
20.9.2024 14:45,1182.0
20.9.2024 15:00,954.0
20.9.2024 15:15,1098.0
20.9.2024 15:30,1374.0
20.9.2024 15:45,1422.0
20.9.2024 16:00,1440.0
20.9.2024 16:15,1524.0
20.9.2024 16:30,1440.0
20.9.2024 16:45,1254.0
20.9.2024 17:00,1440.0
20.9.2024 17:15,1530.0
20.9.2024 17:30,1512.0
20.9.2024 17:45,1482.0
20.9.2024 18:00,1608.0
20.9.2024 18:15,2124.0
20.9.2024 18:30,2112.0
20.9.2024 18:45,2172.0
20.9.2024 19:00,1812.0
20.9.2024 19:15,1572.0
20.9.2024 19:30,1650.0
20.9.2024 19:45,1506.0
20.9.2024 20:00,1128.0
20.9.2024 20:15,1446.0
20.9.2024 20:30,1620.0
20.9.2024 20:45,1710.0
20.9.2024 21:00,2028.0
20.9.2024 21:15,2166.0
20.9.2024 21:30,2124.0
20.9.2024 21:45,1788.0
20.9.2024 22:00,1476.0
20.9.2024 22:15,1548.0
20.9.2024 22:30,1350.0
20.9.2024 22:45,1500.0
20.9.2024 23:00,1632.0
20.9.2024 23:15,1620.0
20.9.2024 23:30,1620.0
20.9.2024 23:45,1566.0
21.9.2024 00:00,1638.0
21.9.2024 00:15,1494.0
21.9.2024 00:30,1560.0
21.9.2024 00:45,1434.0
21.9.2024 01:00,1548.0
21.9.2024 01:15,1914.0
21.9.2024 01:30,2046.0
21.9.2024 01:45,2100.0
21.9.2024 02:00,2028.0
21.9.2024 02:15,2094.0
21.9.2024 02:30,2094.0
21.9.2024 02:45,1926.0
21.9.2024 03:00,1554.0
21.9.2024 03:15,1692.0
21.9.2024 03:30,1512.0
21.9.2024 03:45,1566.0
21.9.2024 04:00,1572.0
21.9.2024 04:15,1566.0
21.9.2024 04:30,1488.0
21.9.2024 04:45,1380.0
21.9.2024 05:00,1542.0
21.9.2024 05:15,1614.0
21.9.2024 05:30,1620.0
21.9.2024 05:45,1566.0
21.9.2024 06:00,1566.0
21.9.2024 06:15,1644.0
21.9.2024 06:30,1530.0
21.9.2024 06:45,1440.0
21.9.2024 07:00,1416.0
21.9.2024 07:15,1410.0
21.9.2024 07:30,1380.0
21.9.2024 07:45,1650.0
21.9.2024 08:00,1200.0
21.9.2024 08:15,1272.0
21.9.2024 08:30,1344.0
21.9.2024 08:45,1308.0
21.9.2024 09:00,1128.0
21.9.2024 09:15,942.0
21.9.2024 09:30,1656.0
21.9.2024 09:45,900.0
21.9.2024 10:00,678.0
21.9.2024 10:15,780.0
21.9.2024 10:30,810.0
21.9.2024 10:45,804.0
21.9.2024 11:00,798.0
21.9.2024 11:15,714.0
21.9.2024 11:30,594.0
21.9.2024 11:45,480.0
21.9.2024 12:00,276.0
21.9.2024 12:15,372.0
21.9.2024 12:30,528.0
21.9.2024 12:45,636.0
21.9.2024 13:00,936.0
21.9.2024 13:15,1128.0
21.9.2024 13:30,1668.0
21.9.2024 13:45,1230.0
21.9.2024 14:00,1320.0
21.9.2024 14:15,1356.0
21.9.2024 14:30,1110.0
21.9.2024 14:45,1398.0
21.9.2024 15:00,966.0
21.9.2024 15:15,1230.0
21.9.2024 15:30,1350.0
21.9.2024 15:45,1464.0
21.9.2024 16:00,1314.0
21.9.2024 16:15,1272.0
21.9.2024 16:30,1230.0
21.9.2024 16:45,1428.0
21.9.2024 17:00,1530.0
21.9.2024 17:15,1512.0
21.9.2024 17:30,1434.0
21.9.2024 17:45,1818.0
21.9.2024 18:00,2064.0
21.9.2024 18:15,1968.0
21.9.2024 18:30,2004.0
21.9.2024 18:45,2058.0
21.9.2024 19:00,1980.0
21.9.2024 19:15,2052.0
21.9.2024 19:30,1848.0
21.9.2024 19:45,1482.0
21.9.2024 20:00,1176.0
21.9.2024 20:15,1770.0
21.9.2024 20:30,1980.0
21.9.2024 20:45,1728.0
21.9.2024 21:00,1932.0
21.9.2024 21:15,2100.0
21.9.2024 21:30,2196.0
21.9.2024 21:45,2196.0
21.9.2024 22:00,1686.0
21.9.2024 22:15,1608.0
21.9.2024 22:30,1662.0
21.9.2024 22:45,1500.0
21.9.2024 23:00,1428.0
21.9.2024 23:15,1248.0
21.9.2024 23:30,1626.0
21.9.2024 23:45,1698.0
22.9.2024 00:00,1644.0
22.9.2024 00:15,1596.0
22.9.2024 00:30,1626.0
22.9.2024 00:45,1938.0
22.9.2024 01:00,2022.0
22.9.2024 01:15,1956.0
22.9.2024 01:30,2052.0
22.9.2024 01:45,1974.0
22.9.2024 02:00,2070.0
22.9.2024 02:15,1944.0
22.9.2024 02:30,2094.0
22.9.2024 02:45,2058.0
22.9.2024 03:00,1632.0
22.9.2024 03:15,1614.0
22.9.2024 03:30,1548.0
22.9.2024 03:45,1710.0
22.9.2024 04:00,1632.0
22.9.2024 04:15,1590.0
22.9.2024 04:30,1554.0
22.9.2024 04:45,1644.0
22.9.2024 05:00,1884.0
22.9.2024 05:15,1824.0
22.9.2024 05:30,2010.0
22.9.2024 05:45,2040.0
22.9.2024 06:00,1944.0
22.9.2024 06:15,1932.0
22.9.2024 06:30,1872.0
22.9.2024 06:45,1794.0
22.9.2024 07:00,1716.0
22.9.2024 07:15,1704.0
22.9.2024 07:30,1710.0
22.9.2024 07:45,1590.0
22.9.2024 08:00,1218.0
22.9.2024 08:15,1230.0
22.9.2024 08:30,1326.0
22.9.2024 08:45,1356.0
22.9.2024 09:00,1044.0
22.9.2024 09:15,924.0
22.9.2024 09:30,1152.0
22.9.2024 09:45,1242.0
22.9.2024 10:00,1530.0
22.9.2024 10:15,1500.0
22.9.2024 10:30,1464.0
22.9.2024 10:45,990.0
22.9.2024 11:00,840.0
22.9.2024 11:15,1056.0
22.9.2024 11:30,1116.0
22.9.2024 11:45,996.0
22.9.2024 12:00,1092.0
22.9.2024 12:15,1248.0
22.9.2024 12:30,822.0
22.9.2024 12:45,1230.0
22.9.2024 13:00,792.0
22.9.2024 13:15,1158.0
22.9.2024 13:30,942.0
22.9.2024 13:45,1374.0
22.9.2024 14:00,1638.0
22.9.2024 14:15,1500.0
22.9.2024 14:30,1512.0
22.9.2024 14:45,1614.0
22.9.2024 15:00,1524.0
22.9.2024 15:15,1476.0
22.9.2024 15:30,1140.0
22.9.2024 15:45,1368.0
22.9.2024 16:00,1452.0
22.9.2024 16:15,1410.0
22.9.2024 16:30,1488.0
22.9.2024 16:45,1506.0
22.9.2024 17:00,1428.0
22.9.2024 17:15,1548.0
22.9.2024 17:30,1542.0
22.9.2024 17:45,1608.0
22.9.2024 18:00,1512.0
22.9.2024 18:15,1590.0
22.9.2024 18:30,1752.0
22.9.2024 18:45,2124.0
22.9.2024 19:00,1920.0
22.9.2024 19:15,1986.0
22.9.2024 19:30,1632.0
22.9.2024 19:45,1302.0
22.9.2024 20:00,1170.0
22.9.2024 20:15,1926.0
22.9.2024 20:30,2148.0
22.9.2024 20:45,2016.0
22.9.2024 21:00,1740.0
22.9.2024 21:15,1236.0
22.9.2024 21:30,1668.0
22.9.2024 21:45,1890.0
22.9.2024 22:00,1548.0
22.9.2024 22:15,1074.0
22.9.2024 22:30,1044.0
22.9.2024 22:45,1044.0
22.9.2024 23:00,1050.0
22.9.2024 23:15,1038.0
22.9.2024 23:30,1020.0
22.9.2024 23:45,990.0
23.9.2024 00:00,984.0
23.9.2024 00:15,990.0
23.9.2024 00:30,972.0
23.9.2024 00:45,984.0
23.9.2024 01:00,966.0
23.9.2024 01:15,978.0
23.9.2024 01:30,978.0
23.9.2024 01:45,984.0
23.9.2024 02:00,978.0
23.9.2024 02:15,978.0
23.9.2024 02:30,996.0
23.9.2024 02:45,1014.0
23.9.2024 03:00,1008.0
23.9.2024 03:15,1026.0
23.9.2024 03:30,1014.0
23.9.2024 03:45,1014.0
23.9.2024 04:00,996.0
23.9.2024 04:15,996.0
23.9.2024 04:30,1002.0
23.9.2024 04:45,1002.0
23.9.2024 05:00,1008.0
23.9.2024 05:15,1002.0
23.9.2024 05:30,1008.0
23.9.2024 05:45,1032.0
23.9.2024 06:00,1014.0
23.9.2024 06:15,1002.0
23.9.2024 06:30,972.0
23.9.2024 06:45,900.0
23.9.2024 07:00,804.0
23.9.2024 07:15,672.0
23.9.2024 07:30,486.0
23.9.2024 07:45,234.0
23.9.2024 08:00,132.0
23.9.2024 08:15,18.0
23.9.2024 08:30,12.0
23.9.2024 08:45,18.0
23.9.2024 09:00,18.0
23.9.2024 09:15,18.0
23.9.2024 09:30,18.0
23.9.2024 09:45,6.0
23.9.2024 10:00,6.0
23.9.2024 10:15,18.0
23.9.2024 10:30,6.0
23.9.2024 10:45,18.0
23.9.2024 11:00,12.0
23.9.2024 11:15,6.0
23.9.2024 11:30,6.0
23.9.2024 11:45,6.0
23.9.2024 12:00,0.0
23.9.2024 12:15,0.0
23.9.2024 12:30,0.0
23.9.2024 12:45,6.0
23.9.2024 13:00,6.0
23.9.2024 13:15,6.0
23.9.2024 13:30,12.0
23.9.2024 13:45,24.0
23.9.2024 14:00,12.0
23.9.2024 14:15,18.0
23.9.2024 14:30,18.0
23.9.2024 14:45,12.0
23.9.2024 15:00,12.0
23.9.2024 15:15,24.0
23.9.2024 15:30,18.0
23.9.2024 15:45,12.0
23.9.2024 16:00,6.0
23.9.2024 16:15,12.0
23.9.2024 16:30,48.0
23.9.2024 16:45,66.0
23.9.2024 17:00,60.0
23.9.2024 17:15,72.0
23.9.2024 17:30,78.0
23.9.2024 17:45,90.0
23.9.2024 18:00,84.0
23.9.2024 18:15,84.0
23.9.2024 18:30,96.0
23.9.2024 18:45,132.0
23.9.2024 19:00,138.0
23.9.2024 19:15,138.0
23.9.2024 19:30,138.0
23.9.2024 19:45,132.0
23.9.2024 20:00,144.0
23.9.2024 20:15,132.0
23.9.2024 20:30,132.0
23.9.2024 20:45,138.0
23.9.2024 21:00,132.0
23.9.2024 21:15,132.0
23.9.2024 21:30,144.0
23.9.2024 21:45,150.0
23.9.2024 22:00,144.0
23.9.2024 22:15,144.0
23.9.2024 22:30,138.0
23.9.2024 22:45,144.0
23.9.2024 23:00,138.0
23.9.2024 23:15,138.0
23.9.2024 23:30,120.0
23.9.2024 23:45,96.0
24.9.2024 00:00,114.0
24.9.2024 00:15,102.0
24.9.2024 00:30,102.0
24.9.2024 00:45,96.0
24.9.2024 01:00,90.0
24.9.2024 01:15,96.0
24.9.2024 01:30,96.0
24.9.2024 01:45,102.0
24.9.2024 02:00,90.0
24.9.2024 02:15,90.0
24.9.2024 02:30,108.0
24.9.2024 02:45,138.0
24.9.2024 03:00,144.0
24.9.2024 03:15,138.0
24.9.2024 03:30,138.0
24.9.2024 03:45,144.0
24.9.2024 04:00,132.0
24.9.2024 04:15,132.0
24.9.2024 04:30,126.0
24.9.2024 04:45,126.0
24.9.2024 05:00,126.0
24.9.2024 05:15,126.0
24.9.2024 05:30,126.0
24.9.2024 05:45,144.0
24.9.2024 06:00,132.0
24.9.2024 06:15,120.0
24.9.2024 06:30,108.0
24.9.2024 06:45,90.0
24.9.2024 07:00,84.0
24.9.2024 07:15,60.0
24.9.2024 07:30,12.0
24.9.2024 07:45,6.0
24.9.2024 08:00,0.0
24.9.2024 08:15,0.0
24.9.2024 08:30,6.0
24.9.2024 08:45,18.0
24.9.2024 09:00,12.0
24.9.2024 09:15,12.0
24.9.2024 09:30,0.0
24.9.2024 09:45,0.0
24.9.2024 10:00,12.0
24.9.2024 10:15,6.0
24.9.2024 10:30,12.0
24.9.2024 10:45,12.0
24.9.2024 11:00,0.0
24.9.2024 11:15,6.0
24.9.2024 11:30,12.0
24.9.2024 11:45,0.0
24.9.2024 12:00,0.0
24.9.2024 12:15,0.0
24.9.2024 12:30,0.0
24.9.2024 12:45,0.0
24.9.2024 13:00,0.0
24.9.2024 13:15,0.0
24.9.2024 13:30,18.0
24.9.2024 13:45,12.0
24.9.2024 14:00,0.0
24.9.2024 14:15,18.0
24.9.2024 14:30,12.0
24.9.2024 14:45,12.0
24.9.2024 15:00,24.0
24.9.2024 15:15,42.0
24.9.2024 15:30,42.0
24.9.2024 15:45,12.0
24.9.2024 16:00,24.0
24.9.2024 16:15,36.0
24.9.2024 16:30,54.0
24.9.2024 16:45,54.0
24.9.2024 17:00,60.0
24.9.2024 17:15,66.0
24.9.2024 17:30,78.0
24.9.2024 17:45,96.0
24.9.2024 18:00,96.0
24.9.2024 18:15,90.0
24.9.2024 18:30,102.0
24.9.2024 18:45,144.0
24.9.2024 19:00,144.0
24.9.2024 19:15,138.0
24.9.2024 19:30,144.0
24.9.2024 19:45,132.0
24.9.2024 20:00,138.0
24.9.2024 20:15,138.0
24.9.2024 20:30,138.0
24.9.2024 20:45,138.0
24.9.2024 21:00,132.0
24.9.2024 21:15,138.0
24.9.2024 21:30,138.0
24.9.2024 21:45,150.0
24.9.2024 22:00,144.0
24.9.2024 22:15,144.0
24.9.2024 22:30,144.0
24.9.2024 22:45,144.0
24.9.2024 23:00,138.0
24.9.2024 23:15,144.0
24.9.2024 23:30,114.0
24.9.2024 23:45,96.0
25.9.2024 00:00,96.0
25.9.2024 00:15,96.0
25.9.2024 00:30,90.0
25.9.2024 00:45,90.0
25.9.2024 01:00,90.0
25.9.2024 01:15,84.0
25.9.2024 01:30,90.0
25.9.2024 01:45,96.0
25.9.2024 02:00,90.0
25.9.2024 02:15,90.0
25.9.2024 02:30,108.0
25.9.2024 02:45,138.0
25.9.2024 03:00,144.0
25.9.2024 03:15,138.0
25.9.2024 03:30,138.0
25.9.2024 03:45,132.0
25.9.2024 04:00,132.0
25.9.2024 04:15,132.0
25.9.2024 04:30,132.0
25.9.2024 04:45,132.0
25.9.2024 05:00,132.0
25.9.2024 05:15,132.0
25.9.2024 05:30,138.0
25.9.2024 05:45,144.0
25.9.2024 06:00,144.0
25.9.2024 06:15,138.0
25.9.2024 06:30,138.0
25.9.2024 06:45,132.0
25.9.2024 07:00,126.0
25.9.2024 07:15,108.0
25.9.2024 07:30,66.0
25.9.2024 07:45,30.0
25.9.2024 08:00,42.0
25.9.2024 08:15,48.0
25.9.2024 08:30,18.0
25.9.2024 08:45,12.0
25.9.2024 09:00,6.0
25.9.2024 09:15,6.0
25.9.2024 09:30,12.0
25.9.2024 09:45,12.0
25.9.2024 10:00,12.0
25.9.2024 10:15,18.0
25.9.2024 10:30,18.0
25.9.2024 10:45,12.0
25.9.2024 11:00,24.0
25.9.2024 11:15,12.0
25.9.2024 11:30,6.0
25.9.2024 11:45,0.0
25.9.2024 12:00,6.0
25.9.2024 12:15,0.0
25.9.2024 12:30,0.0
25.9.2024 12:45,0.0
25.9.2024 13:00,6.0
25.9.2024 13:15,12.0
25.9.2024 13:30,12.0
25.9.2024 13:45,6.0
25.9.2024 14:00,12.0
25.9.2024 14:15,12.0
25.9.2024 14:30,12.0
25.9.2024 14:45,6.0
25.9.2024 15:00,18.0
25.9.2024 15:15,18.0
25.9.2024 15:30,12.0
25.9.2024 15:45,12.0
25.9.2024 16:00,12.0
25.9.2024 16:15,0.0
25.9.2024 16:30,0.0
25.9.2024 16:45,18.0
25.9.2024 17:00,36.0
25.9.2024 17:15,54.0
25.9.2024 17:30,36.0
25.9.2024 17:45,24.0
25.9.2024 18:00,30.0
25.9.2024 18:15,30.0
25.9.2024 18:30,36.0
25.9.2024 18:45,30.0
25.9.2024 19:00,30.0
25.9.2024 19:15,30.0
25.9.2024 19:30,30.0
25.9.2024 19:45,36.0
25.9.2024 20:00,30.0
25.9.2024 20:15,36.0
25.9.2024 20:30,30.0
25.9.2024 20:45,36.0
25.9.2024 21:00,36.0
25.9.2024 21:15,30.0
25.9.2024 21:30,30.0
25.9.2024 21:45,30.0
25.9.2024 22:00,30.0
25.9.2024 22:15,30.0
25.9.2024 22:30,48.0
25.9.2024 22:45,84.0
25.9.2024 23:00,84.0
25.9.2024 23:15,84.0
25.9.2024 23:30,84.0
25.9.2024 23:45,84.0
26.9.2024 00:00,78.0
26.9.2024 00:15,78.0
26.9.2024 00:30,90.0
26.9.2024 00:45,126.0
26.9.2024 01:00,126.0
26.9.2024 01:15,126.0
26.9.2024 01:30,126.0
26.9.2024 01:45,120.0
26.9.2024 02:00,120.0
26.9.2024 02:15,120.0
26.9.2024 02:30,120.0
26.9.2024 02:45,120.0
26.9.2024 03:00,120.0
26.9.2024 03:15,120.0
26.9.2024 03:30,96.0
26.9.2024 03:45,72.0
26.9.2024 04:00,72.0
26.9.2024 04:15,72.0
26.9.2024 04:30,72.0
26.9.2024 04:45,72.0
26.9.2024 05:00,72.0
26.9.2024 05:15,72.0
26.9.2024 05:30,54.0
26.9.2024 05:45,24.0
26.9.2024 06:00,18.0
26.9.2024 06:15,6.0
26.9.2024 06:30,0.0
26.9.2024 06:45,0.0
26.9.2024 07:00,0.0
26.9.2024 07:15,0.0
26.9.2024 07:30,0.0
26.9.2024 07:45,0.0
26.9.2024 08:00,6.0
26.9.2024 08:15,0.0
26.9.2024 08:30,0.0
26.9.2024 08:45,0.0
26.9.2024 09:00,6.0
26.9.2024 09:15,6.0
26.9.2024 09:30,0.0
26.9.2024 09:45,6.0
26.9.2024 10:00,6.0
26.9.2024 10:15,6.0
26.9.2024 10:30,0.0
26.9.2024 10:45,6.0
26.9.2024 11:00,6.0
26.9.2024 11:15,6.0
26.9.2024 11:30,0.0
26.9.2024 11:45,0.0
26.9.2024 12:00,0.0
26.9.2024 12:15,0.0
26.9.2024 12:30,0.0
26.9.2024 12:45,0.0
26.9.2024 13:00,0.0
26.9.2024 13:15,0.0
26.9.2024 13:30,12.0
26.9.2024 13:45,12.0
26.9.2024 14:00,6.0
26.9.2024 14:15,12.0
26.9.2024 14:30,12.0
26.9.2024 14:45,0.0
26.9.2024 15:00,0.0
26.9.2024 15:15,12.0
26.9.2024 15:30,12.0
26.9.2024 15:45,6.0
26.9.2024 16:00,6.0
26.9.2024 16:15,0.0
26.9.2024 16:30,0.0
26.9.2024 16:45,6.0
26.9.2024 17:00,0.0
26.9.2024 17:15,0.0
26.9.2024 17:30,0.0
26.9.2024 17:45,18.0
26.9.2024 18:00,18.0
26.9.2024 18:15,24.0
26.9.2024 18:30,24.0
26.9.2024 18:45,24.0
26.9.2024 19:00,24.0
26.9.2024 19:15,24.0
26.9.2024 19:30,24.0
26.9.2024 19:45,24.0
26.9.2024 20:00,24.0
26.9.2024 20:15,24.0
26.9.2024 20:30,24.0
26.9.2024 20:45,24.0
26.9.2024 21:00,24.0
26.9.2024 21:15,24.0
26.9.2024 21:30,24.0
26.9.2024 21:45,24.0
26.9.2024 22:00,24.0
26.9.2024 22:15,24.0
26.9.2024 22:30,36.0
26.9.2024 22:45,78.0
26.9.2024 23:00,72.0
26.9.2024 23:15,78.0
26.9.2024 23:30,72.0
26.9.2024 23:45,84.0
27.9.2024 00:00,72.0
27.9.2024 00:15,72.0
27.9.2024 00:30,84.0
27.9.2024 00:45,120.0
27.9.2024 01:00,120.0
27.9.2024 01:15,120.0
27.9.2024 01:30,114.0
27.9.2024 01:45,108.0
27.9.2024 02:00,114.0
27.9.2024 02:15,108.0
27.9.2024 02:30,108.0
27.9.2024 02:45,108.0
27.9.2024 03:00,108.0
27.9.2024 03:15,114.0
27.9.2024 03:30,90.0
27.9.2024 03:45,60.0
27.9.2024 04:00,66.0
27.9.2024 04:15,66.0
27.9.2024 04:30,60.0
27.9.2024 04:45,60.0
27.9.2024 05:00,66.0
27.9.2024 05:15,66.0
27.9.2024 05:30,42.0
27.9.2024 05:45,18.0
27.9.2024 06:00,6.0
27.9.2024 06:15,0.0
27.9.2024 06:30,6.0
27.9.2024 06:45,0.0
27.9.2024 07:00,0.0
27.9.2024 07:15,0.0
27.9.2024 07:30,6.0
27.9.2024 07:45,6.0
27.9.2024 08:00,0.0
27.9.2024 08:15,0.0
27.9.2024 08:30,0.0
27.9.2024 08:45,0.0
27.9.2024 09:00,12.0
27.9.2024 09:15,12.0
27.9.2024 09:30,6.0
27.9.2024 09:45,0.0
27.9.2024 10:00,0.0
27.9.2024 10:15,6.0
27.9.2024 10:30,6.0
27.9.2024 10:45,12.0
27.9.2024 11:00,6.0
27.9.2024 11:15,12.0
27.9.2024 11:30,12.0
27.9.2024 11:45,6.0
27.9.2024 12:00,12.0
27.9.2024 12:15,0.0
27.9.2024 12:30,6.0
27.9.2024 12:45,0.0
27.9.2024 13:00,6.0
27.9.2024 13:15,18.0
27.9.2024 13:30,90.0
27.9.2024 13:45,30.0
27.9.2024 14:00,6.0
27.9.2024 14:15,0.0
27.9.2024 14:30,6.0
27.9.2024 14:45,12.0
27.9.2024 15:00,18.0
27.9.2024 15:15,0.0
27.9.2024 15:30,12.0
27.9.2024 15:45,0.0
27.9.2024 16:00,6.0
27.9.2024 16:15,36.0
27.9.2024 16:30,42.0
27.9.2024 16:45,24.0
27.9.2024 17:00,18.0
27.9.2024 17:15,18.0
27.9.2024 17:30,12.0
27.9.2024 17:45,24.0
27.9.2024 18:00,24.0
27.9.2024 18:15,24.0
27.9.2024 18:30,24.0
27.9.2024 18:45,24.0
27.9.2024 19:00,24.0
27.9.2024 19:15,24.0
27.9.2024 19:30,24.0
27.9.2024 19:45,24.0
27.9.2024 20:00,30.0
27.9.2024 20:15,36.0
27.9.2024 20:30,42.0
27.9.2024 20:45,36.0
27.9.2024 21:00,36.0
27.9.2024 21:15,36.0
27.9.2024 21:30,30.0
27.9.2024 21:45,36.0
27.9.2024 22:00,36.0
27.9.2024 22:15,36.0
27.9.2024 22:30,54.0
27.9.2024 22:45,90.0
27.9.2024 23:00,84.0
27.9.2024 23:15,84.0
27.9.2024 23:30,96.0
27.9.2024 23:45,132.0
28.9.2024 00:00,126.0
28.9.2024 00:15,162.0
28.9.2024 00:30,114.0
28.9.2024 00:45,168.0
28.9.2024 01:00,156.0
28.9.2024 01:15,168.0
28.9.2024 01:30,162.0
28.9.2024 01:45,156.0
28.9.2024 02:00,180.0
28.9.2024 02:15,144.0
28.9.2024 02:30,150.0
28.9.2024 02:45,174.0
28.9.2024 03:00,144.0
28.9.2024 03:15,174.0
28.9.2024 03:30,114.0
28.9.2024 03:45,96.0
28.9.2024 04:00,120.0
28.9.2024 04:15,102.0
28.9.2024 04:30,96.0
28.9.2024 04:45,84.0
28.9.2024 05:00,78.0
28.9.2024 05:15,66.0
28.9.2024 05:30,48.0
28.9.2024 05:45,18.0
28.9.2024 06:00,12.0
28.9.2024 06:15,0.0
28.9.2024 06:30,0.0
28.9.2024 06:45,0.0
28.9.2024 07:00,0.0
28.9.2024 07:15,0.0
28.9.2024 07:30,0.0
28.9.2024 07:45,6.0
28.9.2024 08:00,0.0
28.9.2024 08:15,6.0
28.9.2024 08:30,6.0
28.9.2024 08:45,12.0
28.9.2024 09:00,0.0
28.9.2024 09:15,12.0
28.9.2024 09:30,24.0
28.9.2024 09:45,12.0
28.9.2024 10:00,12.0
28.9.2024 10:15,18.0
28.9.2024 10:30,18.0
28.9.2024 10:45,12.0
28.9.2024 11:00,12.0
28.9.2024 11:15,6.0
28.9.2024 11:30,12.0
28.9.2024 11:45,12.0
28.9.2024 12:00,6.0
28.9.2024 12:15,0.0
28.9.2024 12:30,12.0
28.9.2024 12:45,0.0
28.9.2024 13:00,6.0
28.9.2024 13:15,0.0
28.9.2024 13:30,6.0
28.9.2024 13:45,18.0
28.9.2024 14:00,18.0
28.9.2024 14:15,24.0
28.9.2024 14:30,12.0
28.9.2024 14:45,12.0
28.9.2024 15:00,12.0
28.9.2024 15:15,12.0
28.9.2024 15:30,6.0
28.9.2024 15:45,18.0
28.9.2024 16:00,12.0
28.9.2024 16:15,0.0
28.9.2024 16:30,0.0
28.9.2024 16:45,0.0
28.9.2024 17:00,0.0
28.9.2024 17:15,0.0
28.9.2024 17:30,0.0
28.9.2024 17:45,12.0
28.9.2024 18:00,18.0
28.9.2024 18:15,18.0
28.9.2024 18:30,24.0
28.9.2024 18:45,24.0
28.9.2024 19:00,24.0
28.9.2024 19:15,24.0
28.9.2024 19:30,24.0
28.9.2024 19:45,24.0
28.9.2024 20:00,30.0
28.9.2024 20:15,36.0
28.9.2024 20:30,36.0
28.9.2024 20:45,36.0
28.9.2024 21:00,36.0
28.9.2024 21:15,42.0
28.9.2024 21:30,36.0
28.9.2024 21:45,42.0
28.9.2024 22:00,60.0
28.9.2024 22:15,108.0
28.9.2024 22:30,90.0
28.9.2024 22:45,102.0
28.9.2024 23:00,150.0
28.9.2024 23:15,120.0
28.9.2024 23:30,102.0
28.9.2024 23:45,144.0
29.9.2024 00:00,126.0
29.9.2024 00:15,96.0
29.9.2024 00:30,144.0
29.9.2024 00:45,180.0
29.9.2024 01:00,168.0
29.9.2024 01:15,138.0
29.9.2024 01:30,144.0
29.9.2024 01:45,132.0
29.9.2024 02:00,132.0
29.9.2024 02:15,138.0
29.9.2024 02:30,138.0
29.9.2024 02:45,168.0
29.9.2024 03:00,168.0
29.9.2024 03:15,162.0
29.9.2024 03:30,120.0
29.9.2024 03:45,90.0
29.9.2024 04:00,108.0
29.9.2024 04:15,90.0
29.9.2024 04:30,90.0
29.9.2024 04:45,90.0
29.9.2024 05:00,84.0
29.9.2024 05:15,90.0
29.9.2024 05:30,60.0
29.9.2024 05:45,18.0
29.9.2024 06:00,12.0
29.9.2024 06:15,0.0
29.9.2024 06:30,0.0
29.9.2024 06:45,0.0
29.9.2024 07:00,0.0
29.9.2024 07:15,0.0
29.9.2024 07:30,0.0
29.9.2024 07:45,0.0
29.9.2024 08:00,0.0
29.9.2024 08:15,0.0
29.9.2024 08:30,0.0
29.9.2024 08:45,0.0
29.9.2024 09:00,0.0
29.9.2024 09:15,0.0
29.9.2024 09:30,0.0
29.9.2024 09:45,0.0
29.9.2024 10:00,0.0
29.9.2024 10:15,0.0
29.9.2024 10:30,6.0
29.9.2024 10:45,6.0
29.9.2024 11:00,6.0
29.9.2024 11:15,6.0
29.9.2024 11:30,0.0
29.9.2024 11:45,0.0
29.9.2024 12:00,0.0
29.9.2024 12:15,0.0
29.9.2024 12:30,0.0
29.9.2024 12:45,0.0
29.9.2024 13:00,6.0
29.9.2024 13:15,6.0
29.9.2024 13:30,6.0
29.9.2024 13:45,0.0
29.9.2024 14:00,6.0
29.9.2024 14:15,0.0
29.9.2024 14:30,0.0
29.9.2024 14:45,0.0
29.9.2024 15:00,6.0
29.9.2024 15:15,0.0
29.9.2024 15:30,0.0
29.9.2024 15:45,0.0
29.9.2024 16:00,0.0
29.9.2024 16:15,0.0
29.9.2024 16:30,0.0
29.9.2024 16:45,0.0
29.9.2024 17:00,0.0
29.9.2024 17:15,0.0
29.9.2024 17:30,0.0
29.9.2024 17:45,12.0
29.9.2024 18:00,18.0
29.9.2024 18:15,24.0
29.9.2024 18:30,18.0
29.9.2024 18:45,24.0
29.9.2024 19:00,24.0
29.9.2024 19:15,24.0
29.9.2024 19:30,24.0
29.9.2024 19:45,24.0
29.9.2024 20:00,24.0
29.9.2024 20:15,30.0
29.9.2024 20:30,36.0
29.9.2024 20:45,36.0
29.9.2024 21:00,30.0
29.9.2024 21:15,36.0
29.9.2024 21:30,42.0
29.9.2024 21:45,42.0
29.9.2024 22:00,54.0
29.9.2024 22:15,72.0
29.9.2024 22:30,84.0
29.9.2024 22:45,108.0
29.9.2024 23:00,120.0
29.9.2024 23:15,126.0
29.9.2024 23:30,114.0
29.9.2024 23:45,108.0
30.9.2024 00:00,120.0
30.9.2024 00:15,126.0
30.9.2024 00:30,108.0
30.9.2024 00:45,150.0
30.9.2024 01:00,168.0
30.9.2024 01:15,168.0
30.9.2024 01:30,138.0
30.9.2024 01:45,156.0
30.9.2024 02:00,156.0
30.9.2024 02:15,156.0
30.9.2024 02:30,156.0
30.9.2024 02:45,162.0
30.9.2024 03:00,138.0
30.9.2024 03:15,174.0
30.9.2024 03:30,126.0
30.9.2024 03:45,120.0
30.9.2024 04:00,90.0
30.9.2024 04:15,90.0
30.9.2024 04:30,90.0
30.9.2024 04:45,84.0
30.9.2024 05:00,84.0
30.9.2024 05:15,84.0
30.9.2024 05:30,54.0
30.9.2024 05:45,24.0
30.9.2024 06:00,12.0
30.9.2024 06:15,0.0
30.9.2024 06:30,0.0
30.9.2024 06:45,0.0
30.9.2024 07:00,0.0
30.9.2024 07:15,0.0
30.9.2024 07:30,0.0
30.9.2024 07:45,0.0
30.9.2024 08:00,0.0
30.9.2024 08:15,0.0
30.9.2024 08:30,0.0
30.9.2024 08:45,0.0
30.9.2024 09:00,6.0
30.9.2024 09:15,12.0
30.9.2024 09:30,0.0
30.9.2024 09:45,6.0
30.9.2024 10:00,12.0
30.9.2024 10:15,6.0
30.9.2024 10:30,6.0
30.9.2024 10:45,6.0
30.9.2024 11:00,0.0
30.9.2024 11:15,6.0
30.9.2024 11:30,0.0
30.9.2024 11:45,0.0
30.9.2024 12:00,0.0
30.9.2024 12:15,0.0
30.9.2024 12:30,0.0
30.9.2024 12:45,0.0
30.9.2024 13:00,6.0
30.9.2024 13:15,6.0
30.9.2024 13:30,12.0
30.9.2024 13:45,6.0
30.9.2024 14:00,12.0
30.9.2024 14:15,0.0
30.9.2024 14:30,0.0
30.9.2024 14:45,6.0
30.9.2024 15:00,0.0
30.9.2024 15:15,6.0
30.9.2024 15:30,12.0
30.9.2024 15:45,0.0
30.9.2024 16:00,0.0
30.9.2024 16:15,0.0
30.9.2024 16:30,0.0
30.9.2024 16:45,0.0
30.9.2024 17:00,0.0
30.9.2024 17:15,12.0
30.9.2024 17:30,24.0
30.9.2024 17:45,36.0
30.9.2024 18:00,42.0
30.9.2024 18:15,42.0
30.9.2024 18:30,24.0
30.9.2024 18:45,24.0
30.9.2024 19:00,24.0
30.9.2024 19:15,24.0
30.9.2024 19:30,24.0
30.9.2024 19:45,24.0
30.9.2024 20:00,24.0
30.9.2024 20:15,24.0
30.9.2024 20:30,24.0
30.9.2024 20:45,24.0
30.9.2024 21:00,24.0
30.9.2024 21:15,24.0
30.9.2024 21:30,24.0
30.9.2024 21:45,24.0
30.9.2024 22:00,24.0
30.9.2024 22:15,24.0
30.9.2024 22:30,36.0
30.9.2024 22:45,72.0
30.9.2024 23:00,72.0
30.9.2024 23:15,72.0
30.9.2024 23:30,72.0
30.9.2024 23:45,72.0
1.10.2024 00:00,72.0
1.10.2024 00:15,72.0
1.10.2024 00:30,84.0
1.10.2024 00:45,120.0
1.10.2024 01:00,114.0
1.10.2024 01:15,108.0
1.10.2024 01:30,120.0
1.10.2024 01:45,114.0
1.10.2024 02:00,114.0
1.10.2024 02:15,114.0
1.10.2024 02:30,114.0
1.10.2024 02:45,114.0
1.10.2024 03:00,114.0
1.10.2024 03:15,114.0
1.10.2024 03:30,96.0
1.10.2024 03:45,66.0
1.10.2024 04:00,66.0
1.10.2024 04:15,60.0
1.10.2024 04:30,60.0
1.10.2024 04:45,66.0
1.10.2024 05:00,66.0
1.10.2024 05:15,66.0
1.10.2024 05:30,48.0
1.10.2024 05:45,18.0
1.10.2024 06:00,12.0
1.10.2024 06:15,0.0
1.10.2024 06:30,0.0
1.10.2024 06:45,0.0
1.10.2024 07:00,6.0
1.10.2024 07:15,6.0
1.10.2024 07:30,0.0
1.10.2024 07:45,0.0
1.10.2024 08:00,0.0
1.10.2024 08:15,0.0
1.10.2024 08:30,0.0
1.10.2024 08:45,0.0
1.10.2024 09:00,0.0
1.10.2024 09:15,0.0
1.10.2024 09:30,0.0
1.10.2024 09:45,0.0
1.10.2024 10:00,0.0
1.10.2024 10:15,0.0
1.10.2024 10:30,0.0
1.10.2024 10:45,0.0
1.10.2024 11:00,0.0
1.10.2024 11:15,6.0
1.10.2024 11:30,12.0
1.10.2024 11:45,12.0
1.10.2024 12:00,0.0
1.10.2024 12:15,0.0
1.10.2024 12:30,6.0
1.10.2024 12:45,0.0
1.10.2024 13:00,6.0
1.10.2024 13:15,6.0
1.10.2024 13:30,12.0
1.10.2024 13:45,24.0
1.10.2024 14:00,18.0
1.10.2024 14:15,18.0
1.10.2024 14:30,18.0
1.10.2024 14:45,6.0
1.10.2024 15:00,12.0
1.10.2024 15:15,18.0
1.10.2024 15:30,18.0
1.10.2024 15:45,12.0
1.10.2024 16:00,6.0
1.10.2024 16:15,0.0
1.10.2024 16:30,0.0
1.10.2024 16:45,0.0
1.10.2024 17:00,0.0
1.10.2024 17:15,6.0
1.10.2024 17:30,12.0
1.10.2024 17:45,30.0
1.10.2024 18:00,30.0
1.10.2024 18:15,24.0
1.10.2024 18:30,18.0
1.10.2024 18:45,24.0
1.10.2024 19:00,18.0
1.10.2024 19:15,24.0
1.10.2024 19:30,18.0
1.10.2024 19:45,24.0
1.10.2024 20:00,18.0
1.10.2024 20:15,24.0
1.10.2024 20:30,18.0
1.10.2024 20:45,18.0
1.10.2024 21:00,24.0
1.10.2024 21:15,18.0
1.10.2024 21:30,24.0
1.10.2024 21:45,24.0
1.10.2024 22:00,24.0
1.10.2024 22:15,36.0
1.10.2024 22:30,36.0
1.10.2024 22:45,90.0
1.10.2024 23:00,84.0
1.10.2024 23:15,84.0
1.10.2024 23:30,84.0
1.10.2024 23:45,84.0
2.10.2024 00:00,84.0
2.10.2024 00:15,78.0
2.10.2024 00:30,90.0
2.10.2024 00:45,120.0
2.10.2024 01:00,120.0
2.10.2024 01:15,120.0
2.10.2024 01:30,120.0
2.10.2024 01:45,120.0
2.10.2024 02:00,120.0
2.10.2024 02:15,120.0
2.10.2024 02:30,120.0
2.10.2024 02:45,120.0
2.10.2024 03:00,120.0
2.10.2024 03:15,120.0
2.10.2024 03:30,102.0
2.10.2024 03:45,72.0
2.10.2024 04:00,72.0
2.10.2024 04:15,72.0
2.10.2024 04:30,72.0
2.10.2024 04:45,72.0
2.10.2024 05:00,72.0
2.10.2024 05:15,72.0
2.10.2024 05:30,60.0
2.10.2024 05:45,42.0
2.10.2024 06:00,30.0
2.10.2024 06:15,6.0
2.10.2024 06:30,0.0
2.10.2024 06:45,0.0
2.10.2024 07:00,0.0
2.10.2024 07:15,0.0
2.10.2024 07:30,0.0
2.10.2024 07:45,0.0
2.10.2024 08:00,0.0
2.10.2024 08:15,0.0
2.10.2024 08:30,6.0
2.10.2024 08:45,6.0
2.10.2024 09:00,0.0
2.10.2024 09:15,6.0
2.10.2024 09:30,0.0
2.10.2024 09:45,0.0
2.10.2024 10:00,0.0
2.10.2024 10:15,6.0
2.10.2024 10:30,6.0
2.10.2024 10:45,0.0
2.10.2024 11:00,0.0
2.10.2024 11:15,0.0
2.10.2024 11:30,0.0
2.10.2024 11:45,0.0
2.10.2024 12:00,0.0
2.10.2024 12:15,0.0
2.10.2024 12:30,0.0
2.10.2024 12:45,6.0
2.10.2024 13:00,12.0
2.10.2024 13:15,0.0
2.10.2024 13:30,0.0
2.10.2024 13:45,0.0
2.10.2024 14:00,0.0
2.10.2024 14:15,12.0
2.10.2024 14:30,6.0
2.10.2024 14:45,6.0
2.10.2024 15:00,6.0
2.10.2024 15:15,6.0
2.10.2024 15:30,0.0
2.10.2024 15:45,0.0
2.10.2024 16:00,0.0
2.10.2024 16:15,0.0
2.10.2024 16:30,0.0
2.10.2024 16:45,12.0
2.10.2024 17:00,42.0
2.10.2024 17:15,36.0
2.10.2024 17:30,66.0
2.10.2024 17:45,84.0
2.10.2024 18:00,90.0
2.10.2024 18:15,84.0
2.10.2024 18:30,90.0
2.10.2024 18:45,138.0
2.10.2024 19:00,126.0
2.10.2024 19:15,126.0
2.10.2024 19:30,126.0
2.10.2024 19:45,132.0
2.10.2024 20:00,126.0
2.10.2024 20:15,156.0
2.10.2024 20:30,156.0
2.10.2024 20:45,168.0
2.10.2024 21:00,156.0
2.10.2024 21:15,144.0
2.10.2024 21:30,144.0
2.10.2024 21:45,150.0
2.10.2024 22:00,150.0
2.10.2024 22:15,192.0
2.10.2024 22:30,228.0
2.10.2024 22:45,216.0
2.10.2024 23:00,192.0
2.10.2024 23:15,228.0
2.10.2024 23:30,168.0
2.10.2024 23:45,150.0
3.10.2024 00:00,174.0
3.10.2024 00:15,180.0
3.10.2024 00:30,228.0
3.10.2024 00:45,168.0
3.10.2024 01:00,186.0
3.10.2024 01:15,192.0
3.10.2024 01:30,168.0
3.10.2024 01:45,192.0
3.10.2024 02:00,174.0
3.10.2024 02:15,168.0
3.10.2024 02:30,180.0
3.10.2024 02:45,264.0
3.10.2024 03:00,240.0
3.10.2024 03:15,234.0
3.10.2024 03:30,228.0
3.10.2024 03:45,228.0
3.10.2024 04:00,210.0
3.10.2024 04:15,222.0
3.10.2024 04:30,204.0
3.10.2024 04:45,204.0
3.10.2024 05:00,198.0
3.10.2024 05:15,192.0
3.10.2024 05:30,192.0
3.10.2024 05:45,204.0
3.10.2024 06:00,204.0
3.10.2024 06:15,240.0
3.10.2024 06:30,306.0
3.10.2024 06:45,240.0
3.10.2024 07:00,252.0
3.10.2024 07:15,216.0
3.10.2024 07:30,78.0
3.10.2024 07:45,198.0
3.10.2024 08:00,156.0
3.10.2024 08:15,312.0
3.10.2024 08:30,408.0
3.10.2024 08:45,600.0
3.10.2024 09:00,390.0
3.10.2024 09:15,312.0
3.10.2024 09:30,342.0
3.10.2024 09:45,252.0
3.10.2024 10:00,372.0
3.10.2024 10:15,582.0
3.10.2024 10:30,516.0
3.10.2024 10:45,888.0
3.10.2024 11:00,792.0
3.10.2024 11:15,876.0
3.10.2024 11:30,648.0
3.10.2024 11:45,876.0
3.10.2024 12:00,900.0
3.10.2024 12:15,624.0
3.10.2024 12:30,312.0
3.10.2024 12:45,300.0
3.10.2024 13:00,552.0
3.10.2024 13:15,726.0
3.10.2024 13:30,840.0
3.10.2024 13:45,426.0
3.10.2024 14:00,1164.0
3.10.2024 14:15,1248.0
3.10.2024 14:30,1194.0
3.10.2024 14:45,1128.0
3.10.2024 15:00,1248.0
3.10.2024 15:15,1626.0
3.10.2024 15:30,1818.0
3.10.2024 15:45,1542.0
3.10.2024 16:00,1650.0
3.10.2024 16:15,1794.0
3.10.2024 16:30,1746.0
3.10.2024 16:45,1788.0
3.10.2024 17:00,1488.0
3.10.2024 17:15,1200.0
3.10.2024 17:30,1398.0
3.10.2024 17:45,1428.0
3.10.2024 18:00,1728.0
3.10.2024 18:15,1686.0
3.10.2024 18:30,1656.0
3.10.2024 18:45,1908.0
3.10.2024 19:00,1908.0
3.10.2024 19:15,1800.0
3.10.2024 19:30,1656.0
3.10.2024 19:45,1674.0
3.10.2024 20:00,1320.0
3.10.2024 20:15,1548.0
3.10.2024 20:30,1344.0
3.10.2024 20:45,1572.0
3.10.2024 21:00,1452.0
3.10.2024 21:15,1644.0
3.10.2024 21:30,1560.0
3.10.2024 21:45,1584.0
3.10.2024 22:00,1482.0
3.10.2024 22:15,1554.0
3.10.2024 22:30,1578.0
3.10.2024 22:45,1518.0
3.10.2024 23:00,1668.0
3.10.2024 23:15,1608.0
3.10.2024 23:30,1446.0
3.10.2024 23:45,1608.0
4.10.2024 00:00,1578.0
4.10.2024 00:15,1560.0
4.10.2024 00:30,1584.0
4.10.2024 00:45,1494.0
4.10.2024 01:00,1536.0
4.10.2024 01:15,1566.0
4.10.2024 01:30,1542.0
4.10.2024 01:45,1572.0
4.10.2024 02:00,1530.0
4.10.2024 02:15,1548.0
4.10.2024 02:30,1446.0
4.10.2024 02:45,1776.0
4.10.2024 03:00,1932.0
4.10.2024 03:15,1932.0
4.10.2024 03:30,2028.0
4.10.2024 03:45,1956.0
4.10.2024 04:00,1914.0
4.10.2024 04:15,1626.0
4.10.2024 04:30,1182.0
4.10.2024 04:45,1164.0
4.10.2024 05:00,1158.0
4.10.2024 05:15,1110.0
4.10.2024 05:30,1218.0
4.10.2024 05:45,1674.0
4.10.2024 06:00,1782.0
4.10.2024 06:15,1812.0
4.10.2024 06:30,1956.0
4.10.2024 06:45,1890.0
4.10.2024 07:00,1764.0
4.10.2024 07:15,1602.0
4.10.2024 07:30,1602.0
4.10.2024 07:45,1380.0
4.10.2024 08:00,1230.0
4.10.2024 08:15,1128.0
4.10.2024 08:30,720.0
4.10.2024 08:45,1062.0
4.10.2024 09:00,1032.0
4.10.2024 09:15,1074.0
4.10.2024 09:30,930.0
4.10.2024 09:45,972.0
4.10.2024 10:00,942.0
4.10.2024 10:15,1116.0
4.10.2024 10:30,1002.0
4.10.2024 10:45,954.0
4.10.2024 11:00,810.0
4.10.2024 11:15,1032.0
4.10.2024 11:30,1062.0
4.10.2024 11:45,1308.0
4.10.2024 12:00,1344.0
4.10.2024 12:15,930.0
4.10.2024 12:30,978.0
4.10.2024 12:45,1278.0
4.10.2024 13:00,882.0
4.10.2024 13:15,996.0
4.10.2024 13:30,1362.0
4.10.2024 13:45,1506.0
4.10.2024 14:00,1098.0
4.10.2024 14:15,1296.0
4.10.2024 14:30,1158.0
4.10.2024 14:45,1272.0
4.10.2024 15:00,876.0
4.10.2024 15:15,822.0
4.10.2024 15:30,1092.0
4.10.2024 15:45,1242.0
4.10.2024 16:00,1224.0
4.10.2024 16:15,858.0
4.10.2024 16:30,1152.0
4.10.2024 16:45,1362.0
4.10.2024 17:00,1422.0
4.10.2024 17:15,1560.0
4.10.2024 17:30,1764.0
4.10.2024 17:45,1842.0
4.10.2024 18:00,1824.0
4.10.2024 18:15,1800.0
4.10.2024 18:30,1968.0
4.10.2024 18:45,2016.0
4.10.2024 19:00,1896.0
4.10.2024 19:15,1818.0
4.10.2024 19:30,1566.0
4.10.2024 19:45,1284.0
4.10.2024 20:00,1368.0
4.10.2024 20:15,1968.0
4.10.2024 20:30,2058.0
4.10.2024 20:45,1776.0
4.10.2024 21:00,1422.0
4.10.2024 21:15,1620.0
4.10.2024 21:30,1536.0
4.10.2024 21:45,1590.0
4.10.2024 22:00,1572.0
4.10.2024 22:15,1596.0
4.10.2024 22:30,1608.0
4.10.2024 22:45,1620.0
4.10.2024 23:00,1620.0
4.10.2024 23:15,1704.0
4.10.2024 23:30,1674.0
4.10.2024 23:45,1500.0
5.10.2024 00:00,1398.0
5.10.2024 00:15,1860.0
5.10.2024 00:30,1956.0
5.10.2024 00:45,1812.0
5.10.2024 01:00,1698.0
5.10.2024 01:15,1716.0
5.10.2024 01:30,1878.0
5.10.2024 01:45,1830.0
5.10.2024 02:00,1506.0
5.10.2024 02:15,1518.0
5.10.2024 02:30,1428.0
5.10.2024 02:45,1584.0
5.10.2024 03:00,1524.0
5.10.2024 03:15,1476.0
5.10.2024 03:30,1560.0
5.10.2024 03:45,1602.0
5.10.2024 04:00,1764.0
5.10.2024 04:15,2004.0
5.10.2024 04:30,2106.0
5.10.2024 04:45,1992.0
5.10.2024 05:00,1848.0
5.10.2024 05:15,1854.0
5.10.2024 05:30,1842.0
5.10.2024 05:45,1902.0
5.10.2024 06:00,1656.0
5.10.2024 06:15,1530.0
5.10.2024 06:30,1392.0
5.10.2024 06:45,1410.0
5.10.2024 07:00,1392.0
5.10.2024 07:15,1266.0
5.10.2024 07:30,1116.0
5.10.2024 07:45,834.0
5.10.2024 08:00,552.0
5.10.2024 08:15,798.0
5.10.2024 08:30,966.0
5.10.2024 08:45,858.0
5.10.2024 09:00,798.0
5.10.2024 09:15,516.0
5.10.2024 09:30,702.0
5.10.2024 09:45,846.0
5.10.2024 10:00,792.0
5.10.2024 10:15,1062.0
5.10.2024 10:30,780.0
5.10.2024 10:45,948.0
5.10.2024 11:00,1002.0
5.10.2024 11:15,900.0
5.10.2024 11:30,696.0
5.10.2024 11:45,1032.0
5.10.2024 12:00,930.0
5.10.2024 12:15,900.0
5.10.2024 12:30,600.0
5.10.2024 12:45,564.0
5.10.2024 13:00,828.0
5.10.2024 13:15,912.0
5.10.2024 13:30,732.0
5.10.2024 13:45,960.0
5.10.2024 14:00,840.0
5.10.2024 14:15,852.0
5.10.2024 14:30,804.0
5.10.2024 14:45,834.0
5.10.2024 15:00,918.0
5.10.2024 15:15,1074.0
5.10.2024 15:30,1092.0
5.10.2024 15:45,1074.0
5.10.2024 16:00,1278.0
5.10.2024 16:15,1476.0
5.10.2024 16:30,1656.0
5.10.2024 16:45,1800.0
5.10.2024 17:00,1884.0
5.10.2024 17:15,1818.0
5.10.2024 17:30,1488.0
5.10.2024 17:45,1620.0
5.10.2024 18:00,1596.0
5.10.2024 18:15,1902.0
5.10.2024 18:30,1998.0
5.10.2024 18:45,1488.0
5.10.2024 19:00,1632.0
5.10.2024 19:15,1860.0
5.10.2024 19:30,1938.0
5.10.2024 19:45,1524.0
5.10.2024 20:00,1230.0
5.10.2024 20:15,1644.0
5.10.2024 20:30,1944.0
5.10.2024 20:45,2070.0
5.10.2024 21:00,2004.0
5.10.2024 21:15,2064.0
5.10.2024 21:30,1632.0
5.10.2024 21:45,1488.0
5.10.2024 22:00,1608.0
5.10.2024 22:15,1632.0
5.10.2024 22:30,1638.0
5.10.2024 22:45,1686.0
5.10.2024 23:00,1578.0
5.10.2024 23:15,1596.0
5.10.2024 23:30,1602.0
5.10.2024 23:45,1644.0
6.10.2024 00:00,1758.0
6.10.2024 00:15,1350.0
6.10.2024 00:30,1884.0
6.10.2024 00:45,1842.0
6.10.2024 01:00,1956.0
6.10.2024 01:15,1866.0
6.10.2024 01:30,1968.0
6.10.2024 01:45,1884.0
6.10.2024 02:00,1764.0
6.10.2024 02:15,1464.0
6.10.2024 02:30,1146.0
6.10.2024 02:45,1404.0
6.10.2024 03:00,1560.0
6.10.2024 03:15,1800.0
6.10.2024 03:30,1956.0
6.10.2024 03:45,1950.0
6.10.2024 04:00,1824.0
6.10.2024 04:15,1962.0
6.10.2024 04:30,1908.0
6.10.2024 04:45,1818.0
6.10.2024 05:00,1926.0
6.10.2024 05:15,1824.0
6.10.2024 05:30,1650.0
6.10.2024 05:45,1644.0
6.10.2024 06:00,1614.0
6.10.2024 06:15,1578.0
6.10.2024 06:30,1494.0
6.10.2024 06:45,1416.0
6.10.2024 07:00,1380.0
6.10.2024 07:15,1356.0
6.10.2024 07:30,1248.0
6.10.2024 07:45,1092.0
6.10.2024 08:00,984.0
6.10.2024 08:15,1164.0
6.10.2024 08:30,1164.0
6.10.2024 08:45,1212.0
6.10.2024 09:00,996.0
6.10.2024 09:15,1128.0
6.10.2024 09:30,1242.0
6.10.2024 09:45,1542.0
6.10.2024 10:00,1512.0
6.10.2024 10:15,1464.0
6.10.2024 10:30,1656.0
6.10.2024 10:45,1224.0
6.10.2024 11:00,1170.0
6.10.2024 11:15,978.0
6.10.2024 11:30,1020.0
6.10.2024 11:45,1224.0
6.10.2024 12:00,996.0
6.10.2024 12:15,1032.0
6.10.2024 12:30,852.0
6.10.2024 12:45,984.0
6.10.2024 13:00,1284.0
6.10.2024 13:15,1488.0
6.10.2024 13:30,1428.0
6.10.2024 13:45,1344.0
6.10.2024 14:00,1188.0
6.10.2024 14:15,1308.0
6.10.2024 14:30,1494.0
6.10.2024 14:45,1038.0
6.10.2024 15:00,984.0
6.10.2024 15:15,1032.0
6.10.2024 15:30,1320.0
6.10.2024 15:45,1218.0
6.10.2024 16:00,1146.0
6.10.2024 16:15,1392.0
6.10.2024 16:30,1644.0
6.10.2024 16:45,1632.0
6.10.2024 17:00,1356.0
6.10.2024 17:15,1188.0
6.10.2024 17:30,1926.0
6.10.2024 17:45,2082.0
6.10.2024 18:00,2106.0
6.10.2024 18:15,1848.0
6.10.2024 18:30,1644.0
6.10.2024 18:45,1572.0
6.10.2024 19:00,1572.0
6.10.2024 19:15,1986.0
6.10.2024 19:30,2058.0
6.10.2024 19:45,1272.0
6.10.2024 20:00,1206.0
6.10.2024 20:15,1590.0
6.10.2024 20:30,1608.0
6.10.2024 20:45,1632.0
6.10.2024 21:00,1704.0
6.10.2024 21:15,2166.0
6.10.2024 21:30,2076.0
6.10.2024 21:45,1782.0
6.10.2024 22:00,1656.0
6.10.2024 22:15,1662.0
6.10.2024 22:30,1704.0
6.10.2024 22:45,1548.0
6.10.2024 23:00,1644.0
6.10.2024 23:15,1470.0
6.10.2024 23:30,1752.0
6.10.2024 23:45,1758.0
7.10.2024 00:00,1980.0
7.10.2024 00:15,2058.0
7.10.2024 00:30,2040.0
7.10.2024 00:45,2052.0
7.10.2024 01:00,2172.0
7.10.2024 01:15,2052.0
7.10.2024 01:30,1548.0
7.10.2024 01:45,1602.0
7.10.2024 02:00,1554.0
7.10.2024 02:15,1566.0
7.10.2024 02:30,1554.0
7.10.2024 02:45,1632.0
7.10.2024 03:00,1608.0
7.10.2024 03:15,1626.0
7.10.2024 03:30,1560.0
7.10.2024 03:45,1488.0
7.10.2024 04:00,1662.0
7.10.2024 04:15,1860.0
7.10.2024 04:30,1902.0
7.10.2024 04:45,2010.0
7.10.2024 05:00,1770.0
7.10.2024 05:15,2064.0
7.10.2024 05:30,1860.0
7.10.2024 05:45,2016.0
7.10.2024 06:00,1878.0
7.10.2024 06:15,1644.0
7.10.2024 06:30,1494.0
7.10.2024 06:45,1728.0
7.10.2024 07:00,1584.0
7.10.2024 07:15,1560.0
7.10.2024 07:30,1548.0
7.10.2024 07:45,936.0
7.10.2024 08:00,600.0
7.10.2024 08:15,948.0
7.10.2024 08:30,1320.0
7.10.2024 08:45,1158.0
7.10.2024 09:00,936.0
7.10.2024 09:15,714.0
7.10.2024 09:30,702.0
7.10.2024 09:45,720.0
7.10.2024 10:00,546.0
7.10.2024 10:15,750.0
7.10.2024 10:30,744.0
7.10.2024 10:45,900.0
7.10.2024 11:00,1176.0
7.10.2024 11:15,1158.0
7.10.2024 11:30,1092.0
7.10.2024 11:45,1056.0
7.10.2024 12:00,918.0
7.10.2024 12:15,888.0
7.10.2024 12:30,894.0
7.10.2024 12:45,1056.0
7.10.2024 13:00,900.0
7.10.2024 13:15,798.0
7.10.2024 13:30,918.0
7.10.2024 13:45,1452.0
7.10.2024 14:00,1224.0
7.10.2024 14:15,1296.0
7.10.2024 14:30,828.0
7.10.2024 14:45,780.0
7.10.2024 15:00,948.0
7.10.2024 15:15,990.0
7.10.2024 15:30,1044.0
7.10.2024 15:45,1008.0
7.10.2024 16:00,1296.0
7.10.2024 16:15,1650.0
7.10.2024 16:30,1596.0
7.10.2024 16:45,1830.0
7.10.2024 17:00,1836.0
7.10.2024 17:15,1884.0
7.10.2024 17:30,1866.0
7.10.2024 17:45,1980.0
7.10.2024 18:00,1884.0
7.10.2024 18:15,1812.0
7.10.2024 18:30,1986.0
7.10.2024 18:45,2094.0
7.10.2024 19:00,1950.0
7.10.2024 19:15,2028.0
7.10.2024 19:30,1842.0
7.10.2024 19:45,1248.0
7.10.2024 20:00,1242.0
7.10.2024 20:15,1866.0
7.10.2024 20:30,2064.0
7.10.2024 20:45,2058.0
7.10.2024 21:00,2022.0
7.10.2024 21:15,2058.0
7.10.2024 21:30,1944.0
7.10.2024 21:45,1656.0
7.10.2024 22:00,1602.0
7.10.2024 22:15,1638.0
7.10.2024 22:30,1668.0
7.10.2024 22:45,1572.0
7.10.2024 23:00,1632.0
7.10.2024 23:15,1680.0
7.10.2024 23:30,1644.0
7.10.2024 23:45,1662.0
8.10.2024 00:00,1644.0
8.10.2024 00:15,1668.0
8.10.2024 00:30,2070.0
8.10.2024 00:45,1812.0
8.10.2024 01:00,1566.0
8.10.2024 01:15,1494.0
8.10.2024 01:30,1818.0
8.10.2024 01:45,1848.0
8.10.2024 02:00,1578.0
8.10.2024 02:15,1620.0
8.10.2024 02:30,1530.0
8.10.2024 02:45,1314.0
8.10.2024 03:00,1548.0
8.10.2024 03:15,1572.0
8.10.2024 03:30,1488.0
8.10.2024 03:45,1578.0
8.10.2024 04:00,1560.0
8.10.2024 04:15,1596.0
8.10.2024 04:30,1638.0
8.10.2024 04:45,1854.0
8.10.2024 05:00,2058.0
8.10.2024 05:15,1992.0
8.10.2024 05:30,1860.0
8.10.2024 05:45,1680.0
8.10.2024 06:00,1656.0
8.10.2024 06:15,1524.0
8.10.2024 06:30,1434.0
8.10.2024 06:45,1458.0
8.10.2024 07:00,1488.0
8.10.2024 07:15,1476.0
8.10.2024 07:30,1140.0
8.10.2024 07:45,876.0
8.10.2024 08:00,1248.0
8.10.2024 08:15,1170.0
8.10.2024 08:30,1116.0
8.10.2024 08:45,1068.0
8.10.2024 09:00,900.0
8.10.2024 09:15,870.0
8.10.2024 09:30,840.0
8.10.2024 09:45,924.0
8.10.2024 10:00,1260.0
8.10.2024 10:15,648.0
8.10.2024 10:30,948.0
8.10.2024 10:45,888.0
8.10.2024 11:00,924.0
8.10.2024 11:15,780.0
8.10.2024 11:30,1092.0
8.10.2024 11:45,1200.0
8.10.2024 12:00,576.0
8.10.2024 12:15,504.0
8.10.2024 12:30,828.0
8.10.2024 12:45,1026.0
8.10.2024 13:00,912.0
8.10.2024 13:15,720.0
8.10.2024 13:30,774.0
8.10.2024 13:45,1374.0
8.10.2024 14:00,996.0
8.10.2024 14:15,1008.0
8.10.2024 14:30,1734.0
8.10.2024 14:45,1524.0
8.10.2024 15:00,1632.0
8.10.2024 15:15,1368.0
8.10.2024 15:30,1386.0
8.10.2024 15:45,900.0
8.10.2024 16:00,1092.0
8.10.2024 16:15,1572.0
8.10.2024 16:30,1776.0
8.10.2024 16:45,1650.0
8.10.2024 17:00,1632.0
8.10.2024 17:15,1470.0
8.10.2024 17:30,1494.0
8.10.2024 17:45,1602.0
8.10.2024 18:00,1488.0
8.10.2024 18:15,1500.0
8.10.2024 18:30,1548.0
8.10.2024 18:45,1824.0
8.10.2024 19:00,2040.0
8.10.2024 19:15,2016.0
8.10.2024 19:30,1932.0
8.10.2024 19:45,1500.0
8.10.2024 20:00,1260.0
8.10.2024 20:15,1980.0
8.10.2024 20:30,2028.0
8.10.2024 20:45,1680.0
8.10.2024 21:00,1680.0
8.10.2024 21:15,1566.0
8.10.2024 21:30,1614.0
8.10.2024 21:45,1656.0
8.10.2024 22:00,1596.0
8.10.2024 22:15,1614.0
8.10.2024 22:30,1632.0
8.10.2024 22:45,1554.0
8.10.2024 23:00,1560.0
8.10.2024 23:15,1644.0
8.10.2024 23:30,1542.0
8.10.2024 23:45,1710.0
9.10.2024 00:00,1962.0
9.10.2024 00:15,1824.0
9.10.2024 00:30,1812.0
9.10.2024 00:45,1548.0
9.10.2024 01:00,1536.0
9.10.2024 01:15,1602.0
9.10.2024 01:30,1584.0
9.10.2024 01:45,1548.0
9.10.2024 02:00,1536.0
9.10.2024 02:15,1614.0
9.10.2024 02:30,1542.0
9.10.2024 02:45,1572.0
9.10.2024 03:00,1662.0
9.10.2024 03:15,1980.0
9.10.2024 03:30,2028.0
9.10.2024 03:45,1884.0
9.10.2024 04:00,1818.0
9.10.2024 04:15,1908.0
9.10.2024 04:30,1938.0
9.10.2024 04:45,1812.0
9.10.2024 05:00,1632.0
9.10.2024 05:15,1410.0
9.10.2024 05:30,1542.0
9.10.2024 05:45,1296.0
9.10.2024 06:00,1008.0
9.10.2024 06:15,954.0
9.10.2024 06:30,900.0
9.10.2024 06:45,846.0
9.10.2024 07:00,732.0
9.10.2024 07:15,690.0
9.10.2024 07:30,498.0
9.10.2024 07:45,204.0
9.10.2024 08:00,252.0
9.10.2024 08:15,156.0
9.10.2024 08:30,12.0
9.10.2024 08:45,24.0
9.10.2024 09:00,18.0
9.10.2024 09:15,12.0
9.10.2024 09:30,18.0
9.10.2024 09:45,6.0
9.10.2024 10:00,18.0
9.10.2024 10:15,18.0
9.10.2024 10:30,18.0
9.10.2024 10:45,6.0
9.10.2024 11:00,12.0
9.10.2024 11:15,18.0
9.10.2024 11:30,12.0
9.10.2024 11:45,6.0
9.10.2024 12:00,6.0
9.10.2024 12:15,0.0
9.10.2024 12:30,6.0
9.10.2024 12:45,6.0
9.10.2024 13:00,12.0
9.10.2024 13:15,18.0
9.10.2024 13:30,18.0
9.10.2024 13:45,24.0
9.10.2024 14:00,18.0
9.10.2024 14:15,18.0
9.10.2024 14:30,18.0
9.10.2024 14:45,12.0
9.10.2024 15:00,18.0
9.10.2024 15:15,18.0
9.10.2024 15:30,24.0
9.10.2024 15:45,18.0
9.10.2024 16:00,42.0
9.10.2024 16:15,36.0
9.10.2024 16:30,48.0
9.10.2024 16:45,18.0
9.10.2024 17:00,36.0
9.10.2024 17:15,60.0
9.10.2024 17:30,72.0
9.10.2024 17:45,84.0
9.10.2024 18:00,84.0
9.10.2024 18:15,78.0
9.10.2024 18:30,78.0
9.10.2024 18:45,120.0
9.10.2024 19:00,132.0
9.10.2024 19:15,126.0
9.10.2024 19:30,126.0
9.10.2024 19:45,120.0
9.10.2024 20:00,120.0
9.10.2024 20:15,120.0
9.10.2024 20:30,132.0
9.10.2024 20:45,120.0
9.10.2024 21:00,120.0
9.10.2024 21:15,126.0
9.10.2024 21:30,132.0
9.10.2024 21:45,150.0
9.10.2024 22:00,138.0
9.10.2024 22:15,144.0
9.10.2024 22:30,144.0
9.10.2024 22:45,144.0
9.10.2024 23:00,156.0
9.10.2024 23:15,138.0
9.10.2024 23:30,132.0
9.10.2024 23:45,96.0
10.10.2024 00:00,96.0
10.10.2024 00:15,108.0
10.10.2024 00:30,96.0
10.10.2024 00:45,90.0
10.10.2024 01:00,96.0
10.10.2024 01:15,144.0
10.10.2024 01:30,192.0
10.10.2024 01:45,198.0
10.10.2024 02:00,192.0
10.10.2024 02:15,186.0
10.10.2024 02:30,168.0
10.10.2024 02:45,198.0
10.10.2024 03:00,180.0
10.10.2024 03:15,180.0
10.10.2024 03:30,180.0
10.10.2024 03:45,186.0
10.10.2024 04:00,192.0
10.10.2024 04:15,186.0
10.10.2024 04:30,180.0
10.10.2024 04:45,168.0
10.10.2024 05:00,168.0
10.10.2024 05:15,180.0
10.10.2024 05:30,168.0
10.10.2024 05:45,336.0
10.10.2024 06:00,492.0
10.10.2024 06:15,444.0
10.10.2024 06:30,396.0
10.10.2024 06:45,492.0
10.10.2024 07:00,486.0
10.10.2024 07:15,390.0
10.10.2024 07:30,234.0
10.10.2024 07:45,54.0
10.10.2024 08:00,12.0
10.10.2024 08:15,222.0
10.10.2024 08:30,252.0
10.10.2024 08:45,516.0
10.10.2024 09:00,792.0
10.10.2024 09:15,816.0
10.10.2024 09:30,1044.0
10.10.2024 09:45,1038.0
10.10.2024 10:00,1206.0
10.10.2024 10:15,1146.0
10.10.2024 10:30,1320.0
10.10.2024 10:45,1278.0
10.10.2024 11:00,1212.0
10.10.2024 11:15,870.0
10.10.2024 11:30,606.0
10.10.2024 11:45,612.0
10.10.2024 12:00,978.0
10.10.2024 12:15,1146.0
10.10.2024 12:30,864.0
10.10.2024 12:45,996.0
10.10.2024 13:00,654.0
10.10.2024 13:15,996.0
10.10.2024 13:30,1122.0
10.10.2024 13:45,1152.0
10.10.2024 14:00,1710.0
10.10.2024 14:15,1626.0
10.10.2024 14:30,1806.0
10.10.2024 14:45,1554.0
10.10.2024 15:00,1620.0
10.10.2024 15:15,1614.0
10.10.2024 15:30,1560.0
10.10.2024 15:45,1290.0
10.10.2024 16:00,1428.0
10.10.2024 16:15,1662.0
10.10.2024 16:30,1734.0
10.10.2024 16:45,1686.0
10.10.2024 17:00,1308.0
10.10.2024 17:15,1386.0
10.10.2024 17:30,1512.0
10.10.2024 17:45,1560.0
10.10.2024 18:00,1746.0
10.10.2024 18:15,1488.0
10.10.2024 18:30,1428.0
10.10.2024 18:45,1656.0
10.10.2024 19:00,1644.0
10.10.2024 19:15,1980.0
10.10.2024 19:30,1872.0
10.10.2024 19:45,1818.0
10.10.2024 20:00,1350.0
10.10.2024 20:15,1962.0
10.10.2024 20:30,2004.0
10.10.2024 20:45,1668.0
10.10.2024 21:00,1800.0
10.10.2024 21:15,1968.0
10.10.2024 21:30,1998.0
10.10.2024 21:45,1764.0
10.10.2024 22:00,1680.0
10.10.2024 22:15,1788.0
10.10.2024 22:30,1962.0
10.10.2024 22:45,1920.0
10.10.2024 23:00,1656.0
10.10.2024 23:15,1656.0
10.10.2024 23:30,1566.0
10.10.2024 23:45,1704.0
11.10.2024 00:00,1818.0
11.10.2024 00:15,1902.0
11.10.2024 00:30,1884.0
11.10.2024 00:45,1878.0
11.10.2024 01:00,1482.0
11.10.2024 01:15,1884.0
11.10.2024 01:30,1980.0
11.10.2024 01:45,1926.0
11.10.2024 02:00,1638.0
11.10.2024 02:15,1500.0
11.10.2024 02:30,1524.0
11.10.2024 02:45,1566.0
11.10.2024 03:00,1476.0
11.10.2024 03:15,1608.0
11.10.2024 03:30,1758.0
11.10.2024 03:45,2034.0
11.10.2024 04:00,1968.0
11.10.2024 04:15,1902.0
11.10.2024 04:30,1740.0
11.10.2024 04:45,1560.0
11.10.2024 05:00,1242.0
11.10.2024 05:15,1404.0
11.10.2024 05:30,1830.0
11.10.2024 05:45,1740.0
11.10.2024 06:00,1602.0
11.10.2024 06:15,1650.0
11.10.2024 06:30,1650.0
11.10.2024 06:45,1680.0
11.10.2024 07:00,1764.0
11.10.2024 07:15,1482.0
11.10.2024 07:30,1218.0
11.10.2024 07:45,1326.0
11.10.2024 08:00,1344.0
11.10.2024 08:15,1272.0
11.10.2024 08:30,1284.0
11.10.2024 08:45,1218.0
11.10.2024 09:00,1086.0
11.10.2024 09:15,996.0
11.10.2024 09:30,1188.0
11.10.2024 09:45,1080.0
11.10.2024 10:00,906.0
11.10.2024 10:15,972.0
11.10.2024 10:30,978.0
11.10.2024 10:45,1074.0
11.10.2024 11:00,960.0
11.10.2024 11:15,900.0
11.10.2024 11:30,672.0
11.10.2024 11:45,402.0
11.10.2024 12:00,360.0
11.10.2024 12:15,486.0
11.10.2024 12:30,504.0
11.10.2024 12:45,588.0
11.10.2024 13:00,516.0
11.10.2024 13:15,660.0
11.10.2024 13:30,732.0
11.10.2024 13:45,654.0
11.10.2024 14:00,714.0
11.10.2024 14:15,834.0
11.10.2024 14:30,894.0
11.10.2024 14:45,1092.0
11.10.2024 15:00,1362.0
11.10.2024 15:15,1464.0
11.10.2024 15:30,1494.0
11.10.2024 15:45,1590.0
11.10.2024 16:00,1572.0
11.10.2024 16:15,1644.0
11.10.2024 16:30,1692.0
11.10.2024 16:45,1746.0
11.10.2024 17:00,1656.0
11.10.2024 17:15,1920.0
11.10.2024 17:30,1590.0
11.10.2024 17:45,2100.0
11.10.2024 18:00,1998.0
11.10.2024 18:15,1944.0
11.10.2024 18:30,1986.0
11.10.2024 18:45,1992.0
11.10.2024 19:00,2058.0
11.10.2024 19:15,1968.0
11.10.2024 19:30,1962.0
11.10.2024 19:45,1404.0
11.10.2024 20:00,1182.0
11.10.2024 20:15,1758.0
11.10.2024 20:30,2058.0
11.10.2024 20:45,2040.0
11.10.2024 21:00,1872.0
11.10.2024 21:15,1998.0
11.10.2024 21:30,1944.0
11.10.2024 21:45,1494.0
11.10.2024 22:00,1548.0
11.10.2024 22:15,1590.0
11.10.2024 22:30,1374.0
11.10.2024 22:45,1470.0
11.10.2024 23:00,1608.0
11.10.2024 23:15,1662.0
11.10.2024 23:30,1500.0
11.10.2024 23:45,1590.0
12.10.2024 00:00,1662.0
12.10.2024 00:15,1452.0
12.10.2024 00:30,1428.0
12.10.2024 00:45,1842.0
12.10.2024 01:00,1992.0
12.10.2024 01:15,1812.0
12.10.2024 01:30,1944.0
12.10.2024 01:45,1902.0
12.10.2024 02:00,1764.0
12.10.2024 02:15,1776.0
12.10.2024 02:30,1704.0
12.10.2024 02:45,1542.0
12.10.2024 03:00,1506.0
12.10.2024 03:15,1620.0
12.10.2024 03:30,1500.0
12.10.2024 03:45,1614.0
12.10.2024 04:00,1962.0
12.10.2024 04:15,2124.0
12.10.2024 04:30,2070.0
12.10.2024 04:45,1998.0
12.10.2024 05:00,1866.0
12.10.2024 05:15,1668.0
12.10.2024 05:30,1704.0
12.10.2024 05:45,1944.0
12.10.2024 06:00,1998.0
12.10.2024 06:15,1722.0
12.10.2024 06:30,1860.0
12.10.2024 06:45,1920.0
12.10.2024 07:00,1824.0
12.10.2024 07:15,1692.0
12.10.2024 07:30,1584.0
12.10.2024 07:45,1392.0
12.10.2024 08:00,678.0
12.10.2024 08:15,996.0
12.10.2024 08:30,1068.0
12.10.2024 08:45,1212.0
12.10.2024 09:00,1056.0
12.10.2024 09:15,648.0
12.10.2024 09:30,846.0
12.10.2024 09:45,1284.0
12.10.2024 10:00,1032.0
12.10.2024 10:15,1080.0
12.10.2024 10:30,1230.0
12.10.2024 10:45,1206.0
12.10.2024 11:00,924.0
12.10.2024 11:15,756.0
12.10.2024 11:30,1182.0
12.10.2024 11:45,1092.0
12.10.2024 12:00,894.0
12.10.2024 12:15,792.0
12.10.2024 12:30,828.0
12.10.2024 12:45,990.0
12.10.2024 13:00,1368.0
12.10.2024 13:15,1362.0
12.10.2024 13:30,1620.0
12.10.2024 13:45,1890.0
12.10.2024 14:00,1998.0
12.10.2024 14:15,1908.0
12.10.2024 14:30,1620.0
12.10.2024 14:45,1482.0
12.10.2024 15:00,1872.0
12.10.2024 15:15,1944.0
12.10.2024 15:30,2040.0
12.10.2024 15:45,1974.0
12.10.2024 16:00,1536.0
12.10.2024 16:15,1308.0
12.10.2024 16:30,1488.0
12.10.2024 16:45,1674.0
12.10.2024 17:00,1656.0
12.10.2024 17:15,1500.0
12.10.2024 17:30,1476.0
12.10.2024 17:45,1866.0
12.10.2024 18:00,2064.0
12.10.2024 18:15,2058.0
12.10.2024 18:30,1950.0
12.10.2024 18:45,1956.0
12.10.2024 19:00,1974.0
12.10.2024 19:15,1932.0
12.10.2024 19:30,1956.0
12.10.2024 19:45,1530.0
12.10.2024 20:00,1200.0
12.10.2024 20:15,1806.0
12.10.2024 20:30,2172.0
12.10.2024 20:45,2172.0
12.10.2024 21:00,2010.0
12.10.2024 21:15,1734.0
12.10.2024 21:30,1752.0
12.10.2024 21:45,1620.0
12.10.2024 22:00,1704.0
12.10.2024 22:15,1656.0
12.10.2024 22:30,1668.0
12.10.2024 22:45,1590.0
12.10.2024 23:00,1560.0
12.10.2024 23:15,1578.0
12.10.2024 23:30,1674.0
12.10.2024 23:45,1488.0
13.10.2024 00:00,1572.0
13.10.2024 00:15,1902.0
13.10.2024 00:30,2088.0
13.10.2024 00:45,2046.0
13.10.2024 01:00,2022.0
13.10.2024 01:15,2016.0
13.10.2024 01:30,1908.0
13.10.2024 01:45,1830.0
13.10.2024 02:00,1530.0
13.10.2024 02:15,1626.0
13.10.2024 02:30,1620.0
13.10.2024 02:45,1746.0
13.10.2024 03:00,1602.0
13.10.2024 03:15,1584.0
13.10.2024 03:30,1704.0
13.10.2024 03:45,1692.0
13.10.2024 04:00,1860.0
13.10.2024 04:15,2082.0
13.10.2024 04:30,2088.0
13.10.2024 04:45,2052.0
13.10.2024 05:00,2004.0
13.10.2024 05:15,2016.0
13.10.2024 05:30,2028.0
13.10.2024 05:45,1506.0
13.10.2024 06:00,1140.0
13.10.2024 06:15,1770.0
13.10.2024 06:30,1998.0
13.10.2024 06:45,1926.0
13.10.2024 07:00,2004.0
13.10.2024 07:15,1968.0
13.10.2024 07:30,1854.0
13.10.2024 07:45,768.0
13.10.2024 08:00,672.0
13.10.2024 08:15,1122.0
13.10.2024 08:30,1476.0
13.10.2024 08:45,1560.0
13.10.2024 09:00,1698.0
13.10.2024 09:15,1632.0
13.10.2024 09:30,1584.0
13.10.2024 09:45,1284.0
13.10.2024 10:00,1194.0
13.10.2024 10:15,1050.0
13.10.2024 10:30,828.0
13.10.2024 10:45,1254.0
13.10.2024 11:00,1218.0
13.10.2024 11:15,882.0
13.10.2024 11:30,870.0
13.10.2024 11:45,516.0
13.10.2024 12:00,942.0
13.10.2024 12:15,1308.0
13.10.2024 12:30,1032.0
13.10.2024 12:45,1008.0
13.10.2024 13:00,972.0
13.10.2024 13:15,1350.0
13.10.2024 13:30,1242.0
13.10.2024 13:45,1242.0
13.10.2024 14:00,1056.0
13.10.2024 14:15,798.0
13.10.2024 14:30,888.0
13.10.2024 14:45,852.0
13.10.2024 15:00,852.0
13.10.2024 15:15,1104.0
13.10.2024 15:30,1152.0
13.10.2024 15:45,1176.0
13.10.2024 16:00,1548.0
13.10.2024 16:15,1632.0
13.10.2024 16:30,1890.0
13.10.2024 16:45,1986.0
13.10.2024 17:00,1962.0
13.10.2024 17:15,1938.0
13.10.2024 17:30,1854.0
13.10.2024 17:45,1740.0
13.10.2024 18:00,1980.0
13.10.2024 18:15,2016.0
13.10.2024 18:30,1968.0
13.10.2024 18:45,1926.0
13.10.2024 19:00,1986.0
13.10.2024 19:15,1998.0
13.10.2024 19:30,1722.0
13.10.2024 19:45,1488.0
13.10.2024 20:00,1200.0
13.10.2024 20:15,1788.0
13.10.2024 20:30,2064.0
13.10.2024 20:45,1956.0
13.10.2024 21:00,2004.0
13.10.2024 21:15,1764.0
13.10.2024 21:30,1974.0
13.10.2024 21:45,1872.0
13.10.2024 22:00,1548.0
13.10.2024 22:15,1626.0
13.10.2024 22:30,1620.0
13.10.2024 22:45,1530.0
13.10.2024 23:00,1716.0
13.10.2024 23:15,1596.0
13.10.2024 23:30,1596.0
13.10.2024 23:45,1608.0
14.10.2024 00:00,1878.0
14.10.2024 00:15,1884.0
14.10.2024 00:30,1878.0
14.10.2024 00:45,1872.0
14.10.2024 01:00,1992.0
14.10.2024 01:15,1890.0
14.10.2024 01:30,1812.0
14.10.2024 01:45,1428.0
14.10.2024 02:00,1464.0
14.10.2024 02:15,1578.0
14.10.2024 02:30,1596.0
14.10.2024 02:45,1410.0
14.10.2024 03:00,1494.0
14.10.2024 03:15,1590.0
14.10.2024 03:30,1542.0
14.10.2024 03:45,1710.0
14.10.2024 04:00,1896.0
14.10.2024 04:15,1692.0
14.10.2024 04:30,1662.0
14.10.2024 04:45,1860.0
14.10.2024 05:00,1908.0
14.10.2024 05:15,1944.0
14.10.2024 05:30,1962.0
14.10.2024 05:45,1272.0
14.10.2024 06:00,1848.0
14.10.2024 06:15,1740.0
14.10.2024 06:30,1740.0
14.10.2024 06:45,1830.0
14.10.2024 07:00,1722.0
14.10.2024 07:15,1656.0
14.10.2024 07:30,1386.0
14.10.2024 07:45,888.0
14.10.2024 08:00,600.0
14.10.2024 08:15,1164.0
14.10.2024 08:30,1320.0
14.10.2024 08:45,1290.0
14.10.2024 09:00,1170.0
14.10.2024 09:15,1086.0
14.10.2024 09:30,1026.0
14.10.2024 09:45,924.0
14.10.2024 10:00,534.0
14.10.2024 10:15,636.0
14.10.2024 10:30,564.0
14.10.2024 10:45,648.0
14.10.2024 11:00,588.0
14.10.2024 11:15,594.0
14.10.2024 11:30,444.0
14.10.2024 11:45,486.0
14.10.2024 12:00,636.0
14.10.2024 12:15,780.0
14.10.2024 12:30,1086.0
14.10.2024 12:45,1254.0
14.10.2024 13:00,1200.0
14.10.2024 13:15,1200.0
14.10.2024 13:30,1260.0
14.10.2024 13:45,1356.0
14.10.2024 14:00,1098.0
14.10.2024 14:15,1236.0
14.10.2024 14:30,1236.0
14.10.2024 14:45,1500.0
14.10.2024 15:00,1044.0
14.10.2024 15:15,1182.0
14.10.2024 15:30,1014.0
14.10.2024 15:45,1026.0
14.10.2024 16:00,1176.0
14.10.2024 16:15,1296.0
14.10.2024 16:30,1326.0
14.10.2024 16:45,1428.0
14.10.2024 17:00,1908.0
14.10.2024 17:15,2088.0
14.10.2024 17:30,1974.0
14.10.2024 17:45,2034.0
14.10.2024 18:00,1680.0
14.10.2024 18:15,1656.0
14.10.2024 18:30,2052.0
14.10.2024 18:45,1968.0
14.10.2024 19:00,1926.0
14.10.2024 19:15,1902.0
14.10.2024 19:30,1896.0
14.10.2024 19:45,1884.0
14.10.2024 20:00,1296.0
14.10.2024 20:15,2022.0
14.10.2024 20:30,2118.0
14.10.2024 20:45,1998.0
14.10.2024 21:00,1968.0
14.10.2024 21:15,2028.0
14.10.2024 21:30,1644.0
14.10.2024 21:45,1506.0
14.10.2024 22:00,1590.0
14.10.2024 22:15,1662.0
14.10.2024 22:30,2016.0
14.10.2024 22:45,2064.0
14.10.2024 23:00,2046.0
14.10.2024 23:15,1596.0
14.10.2024 23:30,1500.0
14.10.2024 23:45,1584.0
15.10.2024 00:00,1416.0
15.10.2024 00:15,1980.0
15.10.2024 00:30,1884.0
15.10.2024 00:45,1824.0
15.10.2024 01:00,1968.0
15.10.2024 01:15,1956.0
15.10.2024 01:30,1956.0
15.10.2024 01:45,1932.0
15.10.2024 02:00,1872.0
15.10.2024 02:15,1932.0
15.10.2024 02:30,1614.0
15.10.2024 02:45,1680.0
15.10.2024 03:00,1518.0
15.10.2024 03:15,1560.0
15.10.2024 03:30,1632.0
15.10.2024 03:45,1608.0
15.10.2024 04:00,1896.0
15.10.2024 04:15,2058.0
15.10.2024 04:30,1920.0
15.10.2024 04:45,1626.0
15.10.2024 05:00,1452.0
15.10.2024 05:15,1590.0
15.10.2024 05:30,1626.0
15.10.2024 05:45,1488.0
15.10.2024 06:00,1524.0
15.10.2024 06:15,2022.0
15.10.2024 06:30,1974.0
15.10.2024 06:45,1818.0
15.10.2024 07:00,1572.0
15.10.2024 07:15,1626.0
15.10.2024 07:30,1536.0
15.10.2024 07:45,1464.0
15.10.2024 08:00,822.0
15.10.2024 08:15,852.0
15.10.2024 08:30,972.0
15.10.2024 08:45,960.0
15.10.2024 09:00,918.0
15.10.2024 09:15,882.0
15.10.2024 09:30,1134.0
15.10.2024 09:45,984.0
15.10.2024 10:00,744.0
15.10.2024 10:15,942.0
15.10.2024 10:30,858.0
15.10.2024 10:45,840.0
15.10.2024 11:00,1122.0
15.10.2024 11:15,1362.0
15.10.2024 11:30,1338.0
15.10.2024 11:45,1170.0
15.10.2024 12:00,660.0
15.10.2024 12:15,648.0
15.10.2024 12:30,570.0
15.10.2024 12:45,750.0
15.10.2024 13:00,1290.0
15.10.2024 13:15,1224.0
15.10.2024 13:30,1140.0
15.10.2024 13:45,804.0
15.10.2024 14:00,882.0
15.10.2024 14:15,1080.0
15.10.2024 14:30,864.0
15.10.2024 14:45,954.0
15.10.2024 15:00,1008.0
15.10.2024 15:15,1422.0
15.10.2024 15:30,1062.0
15.10.2024 15:45,1206.0
15.10.2024 16:00,1410.0
15.10.2024 16:15,1584.0
15.10.2024 16:30,1656.0
15.10.2024 16:45,1800.0
15.10.2024 17:00,1380.0
15.10.2024 17:15,1476.0
15.10.2024 17:30,1404.0
15.10.2024 17:45,1824.0
15.10.2024 18:00,1974.0
15.10.2024 18:15,1860.0
15.10.2024 18:30,1824.0
15.10.2024 18:45,1794.0
15.10.2024 19:00,1860.0
15.10.2024 19:15,1788.0
15.10.2024 19:30,1656.0
15.10.2024 19:45,1410.0
15.10.2024 20:00,1236.0
15.10.2024 20:15,1854.0
15.10.2024 20:30,2016.0
15.10.2024 20:45,2040.0
15.10.2024 21:00,1590.0
15.10.2024 21:15,1692.0
15.10.2024 21:30,1554.0
15.10.2024 21:45,1638.0
15.10.2024 22:00,1710.0
15.10.2024 22:15,1638.0
15.10.2024 22:30,1704.0
15.10.2024 22:45,1644.0
15.10.2024 23:00,1668.0
15.10.2024 23:15,1686.0
15.10.2024 23:30,1776.0
15.10.2024 23:45,1692.0
16.10.2024 00:00,1548.0
16.10.2024 00:15,1674.0
16.10.2024 00:30,1602.0
16.10.2024 00:45,1680.0
16.10.2024 01:00,1956.0
16.10.2024 01:15,1938.0
16.10.2024 01:30,1956.0
16.10.2024 01:45,1944.0
16.10.2024 02:00,1932.0
16.10.2024 02:15,1920.0
16.10.2024 02:30,1722.0
16.10.2024 02:45,1584.0
16.10.2024 03:00,1680.0
16.10.2024 03:15,1656.0
16.10.2024 03:30,1734.0
16.10.2024 03:45,1578.0
16.10.2024 04:00,1632.0
16.10.2024 04:15,1140.0
16.10.2024 04:30,1332.0
16.10.2024 04:45,1542.0
16.10.2024 05:00,1704.0
16.10.2024 05:15,1932.0
16.10.2024 05:30,1926.0
16.10.2024 05:45,1728.0
16.10.2024 06:00,1440.0
16.10.2024 06:15,1002.0
16.10.2024 06:30,948.0
16.10.2024 06:45,924.0
16.10.2024 07:00,876.0
16.10.2024 07:15,816.0
16.10.2024 07:30,552.0
16.10.2024 07:45,420.0
16.10.2024 08:00,342.0
16.10.2024 08:15,300.0
16.10.2024 08:30,18.0
16.10.2024 08:45,18.0
16.10.2024 09:00,18.0
16.10.2024 09:15,18.0
16.10.2024 09:30,18.0
16.10.2024 09:45,18.0
16.10.2024 10:00,18.0
16.10.2024 10:15,24.0
16.10.2024 10:30,24.0
16.10.2024 10:45,24.0
16.10.2024 11:00,24.0
16.10.2024 11:15,18.0
16.10.2024 11:30,18.0
16.10.2024 11:45,12.0
16.10.2024 12:00,0.0
16.10.2024 12:15,0.0
16.10.2024 12:30,0.0
16.10.2024 12:45,6.0
16.10.2024 13:00,12.0
16.10.2024 13:15,12.0
16.10.2024 13:30,24.0
16.10.2024 13:45,24.0
16.10.2024 14:00,12.0
16.10.2024 14:15,6.0
16.10.2024 14:30,24.0
16.10.2024 14:45,18.0
16.10.2024 15:00,18.0
16.10.2024 15:15,24.0
16.10.2024 15:30,24.0
16.10.2024 15:45,18.0
16.10.2024 16:00,18.0
16.10.2024 16:15,24.0
16.10.2024 16:30,18.0
16.10.2024 16:45,6.0
16.10.2024 17:00,30.0
16.10.2024 17:15,48.0
16.10.2024 17:30,66.0
16.10.2024 17:45,78.0
16.10.2024 18:00,84.0
16.10.2024 18:15,78.0
16.10.2024 18:30,78.0
16.10.2024 18:45,120.0
16.10.2024 19:00,132.0
16.10.2024 19:15,132.0
16.10.2024 19:30,126.0
16.10.2024 19:45,120.0
16.10.2024 20:00,132.0
16.10.2024 20:15,162.0
16.10.2024 20:30,156.0
16.10.2024 20:45,156.0
16.10.2024 21:00,168.0
16.10.2024 21:15,150.0
16.10.2024 21:30,156.0
16.10.2024 21:45,138.0
16.10.2024 22:00,156.0
16.10.2024 22:15,174.0
16.10.2024 22:30,150.0
16.10.2024 22:45,168.0
16.10.2024 23:00,144.0
16.10.2024 23:15,144.0
16.10.2024 23:30,210.0
16.10.2024 23:45,162.0
17.10.2024 00:00,144.0
17.10.2024 00:15,150.0
17.10.2024 00:30,144.0
17.10.2024 00:45,138.0
17.10.2024 01:00,132.0
17.10.2024 01:15,132.0
17.10.2024 01:30,144.0
17.10.2024 01:45,180.0
17.10.2024 02:00,162.0
17.10.2024 02:15,162.0
17.10.2024 02:30,198.0
17.10.2024 02:45,162.0
17.10.2024 03:00,180.0
17.10.2024 03:15,180.0
17.10.2024 03:30,174.0
17.10.2024 03:45,174.0
17.10.2024 04:00,174.0
17.10.2024 04:15,180.0
17.10.2024 04:30,174.0
17.10.2024 04:45,168.0
17.10.2024 05:00,162.0
17.10.2024 05:15,162.0
17.10.2024 05:30,162.0
17.10.2024 05:45,180.0
17.10.2024 06:00,174.0
17.10.2024 06:15,198.0
17.10.2024 06:30,216.0
17.10.2024 06:45,276.0
17.10.2024 07:00,354.0
17.10.2024 07:15,492.0
17.10.2024 07:30,336.0
17.10.2024 07:45,312.0
17.10.2024 08:00,402.0
17.10.2024 08:15,624.0
17.10.2024 08:30,1062.0
17.10.2024 08:45,1146.0
17.10.2024 09:00,1200.0
17.10.2024 09:15,1116.0
17.10.2024 09:30,1212.0
17.10.2024 09:45,1110.0
17.10.2024 10:00,1296.0
17.10.2024 10:15,1218.0
17.10.2024 10:30,1050.0
17.10.2024 10:45,1002.0
17.10.2024 11:00,1530.0
17.10.2024 11:15,1266.0
17.10.2024 11:30,1290.0
17.10.2024 11:45,1350.0
17.10.2024 12:00,864.0
17.10.2024 12:15,654.0
17.10.2024 12:30,588.0
17.10.2024 12:45,654.0
17.10.2024 13:00,840.0
17.10.2024 13:15,726.0
17.10.2024 13:30,690.0
17.10.2024 13:45,894.0
17.10.2024 14:00,942.0
17.10.2024 14:15,1554.0
17.10.2024 14:30,1458.0
17.10.2024 14:45,1452.0
17.10.2024 15:00,1314.0
17.10.2024 15:15,1506.0
17.10.2024 15:30,1260.0
17.10.2024 15:45,1296.0
17.10.2024 16:00,1578.0
17.10.2024 16:15,1944.0
17.10.2024 16:30,1926.0
17.10.2024 16:45,1836.0
17.10.2024 17:00,1470.0
17.10.2024 17:15,1458.0
17.10.2024 17:30,1776.0
17.10.2024 17:45,1704.0
17.10.2024 18:00,1836.0
17.10.2024 18:15,1878.0
17.10.2024 18:30,1884.0
17.10.2024 18:45,1680.0
17.10.2024 19:00,1584.0
17.10.2024 19:15,1536.0
17.10.2024 19:30,1884.0
17.10.2024 19:45,1368.0
17.10.2024 20:00,1200.0
17.10.2024 20:15,1848.0
17.10.2024 20:30,1926.0
17.10.2024 20:45,1896.0
17.10.2024 21:00,1734.0
17.10.2024 21:15,1530.0
17.10.2024 21:30,1854.0
17.10.2024 21:45,1584.0
17.10.2024 22:00,1488.0
17.10.2024 22:15,1536.0
17.10.2024 22:30,1626.0
17.10.2024 22:45,1614.0
17.10.2024 23:00,1584.0
17.10.2024 23:15,1554.0
17.10.2024 23:30,1572.0
17.10.2024 23:45,1536.0
18.10.2024 00:00,1530.0
18.10.2024 00:15,1590.0
18.10.2024 00:30,1578.0
18.10.2024 00:45,1788.0
18.10.2024 01:00,2004.0
18.10.2024 01:15,1896.0
18.10.2024 01:30,1968.0
18.10.2024 01:45,1716.0
18.10.2024 02:00,1458.0
18.10.2024 02:15,1296.0
18.10.2024 02:30,1446.0
18.10.2024 02:45,1542.0
18.10.2024 03:00,1428.0
18.10.2024 03:15,1512.0
18.10.2024 03:30,1518.0
18.10.2024 03:45,1560.0
18.10.2024 04:00,1836.0
18.10.2024 04:15,1680.0
18.10.2024 04:30,1446.0
18.10.2024 04:45,1230.0
18.10.2024 05:00,1200.0
18.10.2024 05:15,1434.0
18.10.2024 05:30,1386.0
18.10.2024 05:45,1494.0
18.10.2024 06:00,1824.0
18.10.2024 06:15,1824.0
18.10.2024 06:30,1866.0
18.10.2024 06:45,1842.0
18.10.2024 07:00,1800.0
18.10.2024 07:15,1542.0
18.10.2024 07:30,1626.0
18.10.2024 07:45,1434.0
18.10.2024 08:00,1428.0
18.10.2024 08:15,1338.0
18.10.2024 08:30,1356.0
18.10.2024 08:45,1476.0
18.10.2024 09:00,1044.0
18.10.2024 09:15,1572.0
18.10.2024 09:30,1626.0
18.10.2024 09:45,1458.0
18.10.2024 10:00,726.0
18.10.2024 10:15,438.0
18.10.2024 10:30,582.0
18.10.2024 10:45,1236.0
18.10.2024 11:00,1266.0
18.10.2024 11:15,1032.0
18.10.2024 11:30,1092.0
18.10.2024 11:45,1602.0
18.10.2024 12:00,1542.0
18.10.2024 12:15,1530.0
18.10.2024 12:30,1458.0
18.10.2024 12:45,1518.0
18.10.2024 13:00,1524.0
18.10.2024 13:15,1536.0
18.10.2024 13:30,1548.0
18.10.2024 13:45,1506.0
18.10.2024 14:00,1434.0
18.10.2024 14:15,1614.0
18.10.2024 14:30,1518.0
18.10.2024 14:45,1530.0
18.10.2024 15:00,1746.0
18.10.2024 15:15,1800.0
18.10.2024 15:30,1836.0
18.10.2024 15:45,1704.0
18.10.2024 16:00,1614.0
18.10.2024 16:15,1728.0
18.10.2024 16:30,1494.0
18.10.2024 16:45,1794.0
18.10.2024 17:00,1800.0
18.10.2024 17:15,1782.0
18.10.2024 17:30,1872.0
18.10.2024 17:45,1932.0
18.10.2024 18:00,1926.0
18.10.2024 18:15,1764.0
18.10.2024 18:30,1944.0
18.10.2024 18:45,2046.0
18.10.2024 19:00,1944.0
18.10.2024 19:15,1800.0
18.10.2024 19:30,1896.0
18.10.2024 19:45,1584.0
18.10.2024 20:00,1248.0
18.10.2024 20:15,1932.0
18.10.2024 20:30,1830.0
18.10.2024 20:45,1662.0
18.10.2024 21:00,1722.0
18.10.2024 21:15,1884.0
18.10.2024 21:30,1992.0
18.10.2024 21:45,1752.0
18.10.2024 22:00,1530.0
18.10.2024 22:15,1686.0
18.10.2024 22:30,1944.0
18.10.2024 22:45,2028.0
18.10.2024 23:00,1836.0
18.10.2024 23:15,2022.0
18.10.2024 23:30,2022.0
18.10.2024 23:45,1854.0
19.10.2024 00:00,1986.0
19.10.2024 00:15,1800.0
19.10.2024 00:30,1590.0
19.10.2024 00:45,1776.0
19.10.2024 01:00,1680.0
19.10.2024 01:15,1656.0
19.10.2024 01:30,1554.0
19.10.2024 01:45,1554.0
19.10.2024 02:00,1986.0
19.10.2024 02:15,1962.0
19.10.2024 02:30,1896.0
19.10.2024 02:45,1980.0
19.10.2024 03:00,1986.0
19.10.2024 03:15,1764.0
19.10.2024 03:30,1818.0
19.10.2024 03:45,1926.0
19.10.2024 04:00,2016.0
19.10.2024 04:15,1674.0
19.10.2024 04:30,1692.0
19.10.2024 04:45,1620.0
19.10.2024 05:00,1458.0
19.10.2024 05:15,1482.0
19.10.2024 05:30,1554.0
19.10.2024 05:45,1968.0
19.10.2024 06:00,2106.0
19.10.2024 06:15,2004.0
19.10.2024 06:30,1752.0
19.10.2024 06:45,1890.0
19.10.2024 07:00,2028.0
19.10.2024 07:15,1716.0
19.10.2024 07:30,1632.0
19.10.2024 07:45,1404.0
19.10.2024 08:00,1122.0
19.10.2024 08:15,1812.0
19.10.2024 08:30,1812.0
19.10.2024 08:45,1800.0
19.10.2024 09:00,1602.0
19.10.2024 09:15,1500.0
19.10.2024 09:30,1212.0
19.10.2024 09:45,1146.0
19.10.2024 10:00,1062.0
19.10.2024 10:15,906.0
19.10.2024 10:30,834.0
19.10.2024 10:45,834.0
19.10.2024 11:00,864.0
19.10.2024 11:15,804.0
19.10.2024 11:30,1284.0
19.10.2024 11:45,1110.0
19.10.2024 12:00,1188.0
19.10.2024 12:15,1218.0
19.10.2024 12:30,1056.0
19.10.2024 12:45,1062.0
19.10.2024 13:00,1044.0
19.10.2024 13:15,1122.0
19.10.2024 13:30,966.0
19.10.2024 13:45,1128.0
19.10.2024 14:00,1008.0
19.10.2024 14:15,894.0
19.10.2024 14:30,1374.0
19.10.2024 14:45,1428.0
19.10.2024 15:00,1428.0
19.10.2024 15:15,1188.0
19.10.2024 15:30,1260.0
19.10.2024 15:45,1368.0
19.10.2024 16:00,1518.0
19.10.2024 16:15,1584.0
19.10.2024 16:30,1452.0
19.10.2024 16:45,1626.0
19.10.2024 17:00,1554.0
19.10.2024 17:15,1464.0
19.10.2024 17:30,1944.0
19.10.2024 17:45,2076.0
19.10.2024 18:00,1752.0
19.10.2024 18:15,1860.0
19.10.2024 18:30,2010.0
19.10.2024 18:45,1968.0
19.10.2024 19:00,2040.0
19.10.2024 19:15,1950.0
19.10.2024 19:30,1938.0
19.10.2024 19:45,1374.0
19.10.2024 20:00,1224.0
19.10.2024 20:15,1926.0
19.10.2024 20:30,1998.0
19.10.2024 20:45,1776.0
19.10.2024 21:00,1740.0
19.10.2024 21:15,1680.0
19.10.2024 21:30,1608.0
19.10.2024 21:45,1824.0
19.10.2024 22:00,1386.0
19.10.2024 22:15,1260.0
19.10.2024 22:30,1584.0
19.10.2024 22:45,1716.0
19.10.2024 23:00,2136.0
19.10.2024 23:15,2112.0
19.10.2024 23:30,1746.0
19.10.2024 23:45,1596.0
20.10.2024 00:00,1632.0
20.10.2024 00:15,1596.0
20.10.2024 00:30,1548.0
20.10.2024 00:45,1620.0
20.10.2024 01:00,1596.0
20.10.2024 01:15,1524.0
20.10.2024 01:30,1572.0
20.10.2024 01:45,1644.0
20.10.2024 02:00,1968.0
20.10.2024 02:15,1956.0
20.10.2024 02:30,1734.0
20.10.2024 02:45,1908.0
20.10.2024 03:00,1974.0
20.10.2024 03:15,1632.0
20.10.2024 03:30,1638.0
20.10.2024 03:45,1608.0
20.10.2024 04:00,1560.0
20.10.2024 04:15,1584.0
20.10.2024 04:30,1680.0
20.10.2024 04:45,2106.0
20.10.2024 05:00,2004.0
20.10.2024 05:15,1578.0
20.10.2024 05:30,1698.0
20.10.2024 05:45,1860.0
20.10.2024 06:00,1584.0
20.10.2024 06:15,1644.0
20.10.2024 06:30,1692.0
20.10.2024 06:45,1662.0
20.10.2024 07:00,1494.0
20.10.2024 07:15,1548.0
20.10.2024 07:30,1536.0
20.10.2024 07:45,1302.0
20.10.2024 08:00,882.0
20.10.2024 08:15,1470.0
20.10.2024 08:30,1662.0
20.10.2024 08:45,1536.0
20.10.2024 09:00,1572.0
20.10.2024 09:15,1692.0
20.10.2024 09:30,1164.0
20.10.2024 09:45,744.0
20.10.2024 10:00,936.0
20.10.2024 10:15,930.0
20.10.2024 10:30,876.0
20.10.2024 10:45,1092.0
20.10.2024 11:00,1032.0
20.10.2024 11:15,918.0
20.10.2024 11:30,1104.0
20.10.2024 11:45,1038.0
20.10.2024 12:00,1110.0
20.10.2024 12:15,1602.0
20.10.2024 12:30,1686.0
20.10.2024 12:45,696.0
20.10.2024 13:00,1116.0
20.10.2024 13:15,1368.0
20.10.2024 13:30,1668.0
20.10.2024 13:45,768.0
20.10.2024 14:00,930.0
20.10.2024 14:15,708.0
20.10.2024 14:30,1086.0
20.10.2024 14:45,1176.0
20.10.2024 15:00,1236.0
20.10.2024 15:15,1206.0
20.10.2024 15:30,864.0
20.10.2024 15:45,1170.0
20.10.2024 16:00,936.0
20.10.2024 16:15,1188.0
20.10.2024 16:30,1518.0
20.10.2024 16:45,1662.0
20.10.2024 17:00,1944.0
20.10.2024 17:15,1896.0
20.10.2024 17:30,1884.0
20.10.2024 17:45,1902.0
20.10.2024 18:00,1824.0
20.10.2024 18:15,1836.0
20.10.2024 18:30,1992.0
20.10.2024 18:45,1962.0
20.10.2024 19:00,1608.0
20.10.2024 19:15,1752.0
20.10.2024 19:30,2016.0
20.10.2024 19:45,1476.0
20.10.2024 20:00,1224.0
20.10.2024 20:15,1986.0
20.10.2024 20:30,2100.0
20.10.2024 20:45,1752.0
20.10.2024 21:00,1758.0
20.10.2024 21:15,1722.0
20.10.2024 21:30,1608.0
20.10.2024 21:45,1548.0
20.10.2024 22:00,1710.0
20.10.2024 22:15,1770.0
20.10.2024 22:30,1626.0
20.10.2024 22:45,1650.0
20.10.2024 23:00,1740.0
20.10.2024 23:15,1698.0
20.10.2024 23:30,1650.0
20.10.2024 23:45,1524.0
21.10.2024 00:00,1584.0
21.10.2024 00:15,1428.0
21.10.2024 00:30,1584.0
21.10.2024 00:45,1644.0
21.10.2024 01:00,2076.0
21.10.2024 01:15,2100.0
21.10.2024 01:30,2004.0
21.10.2024 01:45,1878.0
21.10.2024 02:00,1608.0
21.10.2024 02:15,1548.0
21.10.2024 02:30,1320.0
21.10.2024 02:45,1638.0
21.10.2024 03:00,1692.0
21.10.2024 03:15,1572.0
21.10.2024 03:30,1506.0
21.10.2024 03:45,1704.0
21.10.2024 04:00,1884.0
21.10.2024 04:15,2076.0
21.10.2024 04:30,1812.0
21.10.2024 04:45,1764.0
21.10.2024 05:00,1602.0
21.10.2024 05:15,1686.0
21.10.2024 05:30,1920.0
21.10.2024 05:45,1752.0
21.10.2024 06:00,1956.0
21.10.2024 06:15,1824.0
21.10.2024 06:30,1746.0
21.10.2024 06:45,1698.0
21.10.2024 07:00,1464.0
21.10.2024 07:15,1422.0
21.10.2024 07:30,1428.0
21.10.2024 07:45,1428.0
21.10.2024 08:00,1002.0
21.10.2024 08:15,1044.0
21.10.2024 08:30,1350.0
21.10.2024 08:45,1206.0
21.10.2024 09:00,1140.0
21.10.2024 09:15,1134.0
21.10.2024 09:30,1044.0
21.10.2024 09:45,1170.0
21.10.2024 10:00,1212.0
21.10.2024 10:15,1044.0
21.10.2024 10:30,1428.0
21.10.2024 10:45,1014.0
21.10.2024 11:00,1188.0
21.10.2024 11:15,1056.0
21.10.2024 11:30,846.0
21.10.2024 11:45,1200.0
21.10.2024 12:00,1104.0
21.10.2024 12:15,1200.0
21.10.2024 12:30,1200.0
21.10.2024 12:45,1488.0
21.10.2024 13:00,1140.0
21.10.2024 13:15,1014.0
21.10.2024 13:30,1140.0
21.10.2024 13:45,1290.0
21.10.2024 14:00,1290.0
21.10.2024 14:15,900.0
21.10.2024 14:30,1080.0
21.10.2024 14:45,642.0
21.10.2024 15:00,930.0
21.10.2024 15:15,1248.0
21.10.2024 15:30,1320.0
21.10.2024 15:45,1410.0
21.10.2024 16:00,1416.0
21.10.2024 16:15,1452.0
21.10.2024 16:30,1500.0
21.10.2024 16:45,1578.0
21.10.2024 17:00,1824.0
21.10.2024 17:15,1596.0
21.10.2024 17:30,1638.0
21.10.2024 17:45,1554.0
21.10.2024 18:00,1872.0
21.10.2024 18:15,1842.0
21.10.2024 18:30,1830.0
21.10.2024 18:45,1782.0
21.10.2024 19:00,1956.0
21.10.2024 19:15,1968.0
21.10.2024 19:30,1986.0
21.10.2024 19:45,1932.0
21.10.2024 20:00,1614.0
21.10.2024 20:15,2004.0
21.10.2024 20:30,1812.0
21.10.2024 20:45,1812.0
21.10.2024 21:00,2046.0
21.10.2024 21:15,1776.0
21.10.2024 21:30,1806.0
21.10.2024 21:45,1500.0
21.10.2024 22:00,1812.0
21.10.2024 22:15,1692.0
21.10.2024 22:30,2076.0
21.10.2024 22:45,2064.0
21.10.2024 23:00,1836.0
21.10.2024 23:15,2016.0
21.10.2024 23:30,2034.0
21.10.2024 23:45,1914.0
22.10.2024 00:00,1836.0
22.10.2024 00:15,1884.0
22.10.2024 00:30,1860.0
22.10.2024 00:45,1578.0
22.10.2024 01:00,1536.0
22.10.2024 01:15,1542.0
22.10.2024 01:30,1560.0
22.10.2024 01:45,1392.0
22.10.2024 02:00,1362.0
22.10.2024 02:15,1566.0
22.10.2024 02:30,1602.0
22.10.2024 02:45,1632.0
22.10.2024 03:00,1680.0
22.10.2024 03:15,1764.0
22.10.2024 03:30,2010.0
22.10.2024 03:45,1908.0
22.10.2024 04:00,1950.0
22.10.2024 04:15,1686.0
22.10.2024 04:30,1416.0
22.10.2024 04:45,1650.0
22.10.2024 05:00,1548.0
22.10.2024 05:15,1596.0
22.10.2024 05:30,1560.0
22.10.2024 05:45,1530.0
22.10.2024 06:00,1746.0
22.10.2024 06:15,1866.0
22.10.2024 06:30,1836.0
22.10.2024 06:45,1680.0
22.10.2024 07:00,1734.0
22.10.2024 07:15,1422.0
22.10.2024 07:30,1494.0
22.10.2024 07:45,1080.0
22.10.2024 08:00,606.0
22.10.2024 08:15,804.0
22.10.2024 08:30,852.0
22.10.2024 08:45,936.0
22.10.2024 09:00,864.0
22.10.2024 09:15,720.0
22.10.2024 09:30,774.0
22.10.2024 09:45,1284.0
22.10.2024 10:00,1428.0
22.10.2024 10:15,1254.0
22.10.2024 10:30,1284.0
22.10.2024 10:45,1374.0
22.10.2024 11:00,1518.0
22.10.2024 11:15,1008.0
22.10.2024 11:30,1056.0
22.10.2024 11:45,1014.0
22.10.2024 12:00,636.0
22.10.2024 12:15,612.0
22.10.2024 12:30,636.0
22.10.2024 12:45,804.0
22.10.2024 13:00,564.0
22.10.2024 13:15,552.0
22.10.2024 13:30,582.0
22.10.2024 13:45,786.0
22.10.2024 14:00,858.0
22.10.2024 14:15,852.0
22.10.2024 14:30,1008.0
22.10.2024 14:45,942.0
22.10.2024 15:00,1212.0
22.10.2024 15:15,1056.0
22.10.2024 15:30,1152.0
22.10.2024 15:45,1152.0
22.10.2024 16:00,1362.0
22.10.2024 16:15,1368.0
22.10.2024 16:30,1284.0
22.10.2024 16:45,1446.0
22.10.2024 17:00,1668.0
22.10.2024 17:15,1842.0
22.10.2024 17:30,1866.0
22.10.2024 17:45,1866.0
22.10.2024 18:00,1884.0
22.10.2024 18:15,1848.0
22.10.2024 18:30,2052.0
22.10.2024 18:45,1866.0
22.10.2024 19:00,1944.0
22.10.2024 19:15,1914.0
22.10.2024 19:30,2016.0
22.10.2024 19:45,1740.0
22.10.2024 20:00,1182.0
22.10.2024 20:15,1464.0
22.10.2024 20:30,1692.0
22.10.2024 20:45,2022.0
22.10.2024 21:00,2016.0
22.10.2024 21:15,1416.0
22.10.2024 21:30,1434.0
22.10.2024 21:45,1560.0
22.10.2024 22:00,1596.0
22.10.2024 22:15,1578.0
22.10.2024 22:30,1626.0
22.10.2024 22:45,1560.0
22.10.2024 23:00,1590.0
22.10.2024 23:15,1644.0
22.10.2024 23:30,1872.0
22.10.2024 23:45,1944.0
23.10.2024 00:00,1968.0
23.10.2024 00:15,1920.0
23.10.2024 00:30,1956.0
23.10.2024 00:45,1866.0
23.10.2024 01:00,1680.0
23.10.2024 01:15,1458.0
23.10.2024 01:30,1488.0
23.10.2024 01:45,1452.0
23.10.2024 02:00,1608.0
23.10.2024 02:15,1662.0
23.10.2024 02:30,1818.0
23.10.2024 02:45,1932.0
23.10.2024 03:00,1764.0
23.10.2024 03:15,1626.0
23.10.2024 03:30,1632.0
23.10.2024 03:45,1596.0
23.10.2024 04:00,1644.0
23.10.2024 04:15,1932.0
23.10.2024 04:30,1998.0
23.10.2024 04:45,1680.0
23.10.2024 05:00,1686.0
23.10.2024 05:15,1434.0
23.10.2024 05:30,1566.0
23.10.2024 05:45,1698.0
23.10.2024 06:00,1452.0
23.10.2024 06:15,1308.0
23.10.2024 06:30,1254.0
23.10.2024 06:45,882.0
23.10.2024 07:00,696.0
23.10.2024 07:15,618.0
23.10.2024 07:30,336.0
23.10.2024 07:45,114.0
23.10.2024 08:00,24.0
23.10.2024 08:15,6.0
23.10.2024 08:30,12.0
23.10.2024 08:45,12.0
23.10.2024 09:00,0.0
23.10.2024 09:15,12.0
23.10.2024 09:30,18.0
23.10.2024 09:45,12.0
23.10.2024 10:00,6.0
23.10.2024 10:15,6.0
23.10.2024 10:30,0.0
23.10.2024 10:45,0.0
23.10.2024 11:00,12.0
23.10.2024 11:15,24.0
23.10.2024 11:30,24.0
23.10.2024 11:45,6.0
23.10.2024 12:00,0.0
23.10.2024 12:15,6.0
23.10.2024 12:30,0.0
23.10.2024 12:45,0.0
23.10.2024 13:00,18.0
23.10.2024 13:15,12.0
23.10.2024 13:30,6.0
23.10.2024 13:45,18.0
23.10.2024 14:00,24.0
23.10.2024 14:15,12.0
23.10.2024 14:30,12.0
23.10.2024 14:45,12.0
23.10.2024 15:00,24.0
23.10.2024 15:15,30.0
23.10.2024 15:30,36.0
23.10.2024 15:45,42.0
23.10.2024 16:00,12.0
23.10.2024 16:15,12.0
23.10.2024 16:30,24.0
23.10.2024 16:45,6.0
23.10.2024 17:00,30.0
23.10.2024 17:15,54.0
23.10.2024 17:30,66.0
23.10.2024 17:45,72.0
23.10.2024 18:00,72.0
23.10.2024 18:15,72.0
23.10.2024 18:30,78.0
23.10.2024 18:45,114.0
23.10.2024 19:00,120.0
23.10.2024 19:15,120.0
23.10.2024 19:30,132.0
23.10.2024 19:45,138.0
23.10.2024 20:00,132.0
23.10.2024 20:15,162.0
23.10.2024 20:30,168.0
23.10.2024 20:45,150.0
23.10.2024 21:00,156.0
23.10.2024 21:15,162.0
23.10.2024 21:30,156.0
23.10.2024 21:45,174.0
23.10.2024 22:00,162.0
23.10.2024 22:15,192.0
23.10.2024 22:30,210.0
23.10.2024 22:45,204.0
23.10.2024 23:00,234.0
23.10.2024 23:15,216.0
23.10.2024 23:30,174.0
23.10.2024 23:45,126.0
24.10.2024 00:00,120.0
24.10.2024 00:15,126.0
24.10.2024 00:30,138.0
24.10.2024 00:45,108.0
24.10.2024 01:00,108.0
24.10.2024 01:15,138.0
24.10.2024 01:30,120.0
24.10.2024 01:45,132.0
24.10.2024 02:00,168.0
24.10.2024 02:15,162.0
24.10.2024 02:30,162.0
24.10.2024 02:45,198.0
24.10.2024 03:00,204.0
24.10.2024 03:15,210.0
24.10.2024 03:30,210.0
24.10.2024 03:45,204.0
24.10.2024 04:00,192.0
24.10.2024 04:15,186.0
24.10.2024 04:30,186.0
24.10.2024 04:45,186.0
24.10.2024 05:00,180.0
24.10.2024 05:15,180.0
24.10.2024 05:30,186.0
24.10.2024 05:45,234.0
24.10.2024 06:00,774.0
24.10.2024 06:15,1074.0
24.10.2024 06:30,984.0
24.10.2024 06:45,906.0
24.10.2024 07:00,858.0
24.10.2024 07:15,762.0
24.10.2024 07:30,660.0
24.10.2024 07:45,528.0
24.10.2024 08:00,510.0
24.10.2024 08:15,888.0
24.10.2024 08:30,1206.0
24.10.2024 08:45,1626.0
24.10.2024 09:00,1338.0
24.10.2024 09:15,1194.0
24.10.2024 09:30,894.0
24.10.2024 09:45,744.0
24.10.2024 10:00,786.0
24.10.2024 10:15,756.0
24.10.2024 10:30,756.0
24.10.2024 10:45,750.0
24.10.2024 11:00,762.0
24.10.2024 11:15,564.0
24.10.2024 11:30,642.0
24.10.2024 11:45,744.0
24.10.2024 12:00,588.0
24.10.2024 12:15,648.0
24.10.2024 12:30,642.0
24.10.2024 12:45,846.0
24.10.2024 13:00,1182.0
24.10.2024 13:15,1398.0
24.10.2024 13:30,1350.0
24.10.2024 13:45,1230.0
24.10.2024 14:00,1080.0
24.10.2024 14:15,1212.0
24.10.2024 14:30,1278.0
24.10.2024 14:45,1182.0
24.10.2024 15:00,888.0
24.10.2024 15:15,1074.0
24.10.2024 15:30,1230.0
24.10.2024 15:45,1374.0
24.10.2024 16:00,1524.0
24.10.2024 16:15,1338.0
24.10.2024 16:30,1404.0
24.10.2024 16:45,1374.0
24.10.2024 17:00,1338.0
24.10.2024 17:15,1374.0
24.10.2024 17:30,1362.0
24.10.2024 17:45,1272.0
24.10.2024 18:00,1584.0
24.10.2024 18:15,1800.0
24.10.2024 18:30,1758.0
24.10.2024 18:45,1872.0
24.10.2024 19:00,1794.0
24.10.2024 19:15,1668.0
24.10.2024 19:30,1356.0
24.10.2024 19:45,1230.0
24.10.2024 20:00,1140.0
24.10.2024 20:15,1590.0
24.10.2024 20:30,1842.0
24.10.2024 20:45,1788.0
24.10.2024 21:00,1812.0
24.10.2024 21:15,1164.0
24.10.2024 21:30,1038.0
24.10.2024 21:45,1176.0
24.10.2024 22:00,1440.0
24.10.2024 22:15,1440.0
24.10.2024 22:30,1398.0
24.10.2024 22:45,1440.0
24.10.2024 23:00,1614.0
24.10.2024 23:15,1638.0
24.10.2024 23:30,1542.0
24.10.2024 23:45,1572.0
25.10.2024 00:00,1608.0
25.10.2024 00:15,1578.0
25.10.2024 00:30,1548.0
25.10.2024 00:45,1326.0
25.10.2024 01:00,1566.0
25.10.2024 01:15,1506.0
25.10.2024 01:30,1476.0
25.10.2024 01:45,1488.0
25.10.2024 02:00,1560.0
25.10.2024 02:15,1710.0
25.10.2024 02:30,1872.0
25.10.2024 02:45,2040.0
25.10.2024 03:00,1968.0
25.10.2024 03:15,2022.0
25.10.2024 03:30,2052.0
25.10.2024 03:45,1962.0
25.10.2024 04:00,1860.0
25.10.2024 04:15,1932.0
25.10.2024 04:30,1764.0
25.10.2024 04:45,1536.0
25.10.2024 05:00,1602.0
25.10.2024 05:15,1428.0
25.10.2024 05:30,1578.0
25.10.2024 05:45,1464.0
25.10.2024 06:00,1392.0
25.10.2024 06:15,2058.0
25.10.2024 06:30,2130.0
25.10.2024 06:45,1920.0
25.10.2024 07:00,1926.0
25.10.2024 07:15,1602.0
25.10.2024 07:30,1500.0
25.10.2024 07:45,1014.0
25.10.2024 08:00,774.0
25.10.2024 08:15,984.0
25.10.2024 08:30,1230.0
25.10.2024 08:45,1164.0
25.10.2024 09:00,1164.0
25.10.2024 09:15,1170.0
25.10.2024 09:30,1140.0
25.10.2024 09:45,786.0
25.10.2024 10:00,486.0
25.10.2024 10:15,162.0
25.10.2024 10:30,108.0
25.10.2024 10:45,162.0
25.10.2024 11:00,210.0
25.10.2024 11:15,618.0
25.10.2024 11:30,894.0
25.10.2024 11:45,852.0
25.10.2024 12:00,786.0
25.10.2024 12:15,774.0
25.10.2024 12:30,756.0
25.10.2024 12:45,738.0
25.10.2024 13:00,948.0
25.10.2024 13:15,816.0
25.10.2024 13:30,1200.0
25.10.2024 13:45,1224.0
25.10.2024 14:00,1506.0
25.10.2024 14:15,1458.0
25.10.2024 14:30,1218.0
25.10.2024 14:45,1350.0
25.10.2024 15:00,1098.0
25.10.2024 15:15,738.0
25.10.2024 15:30,1050.0
25.10.2024 15:45,1212.0
25.10.2024 16:00,1068.0
25.10.2024 16:15,1206.0
25.10.2024 16:30,1314.0
25.10.2024 16:45,1506.0
25.10.2024 17:00,1530.0
25.10.2024 17:15,1548.0
25.10.2024 17:30,1512.0
25.10.2024 17:45,1608.0
25.10.2024 18:00,1572.0
25.10.2024 18:15,1644.0
25.10.2024 18:30,1578.0
25.10.2024 18:45,1524.0
25.10.2024 19:00,1650.0
25.10.2024 19:15,1794.0
25.10.2024 19:30,1614.0
25.10.2024 19:45,1506.0
25.10.2024 20:00,1122.0
25.10.2024 20:15,1536.0
25.10.2024 20:30,1668.0
25.10.2024 20:45,1416.0
25.10.2024 21:00,1518.0
25.10.2024 21:15,1644.0
25.10.2024 21:30,1530.0
25.10.2024 21:45,1644.0
25.10.2024 22:00,1794.0
25.10.2024 22:15,2088.0
25.10.2024 22:30,1920.0
25.10.2024 22:45,1428.0
25.10.2024 23:00,1524.0
25.10.2024 23:15,1848.0
25.10.2024 23:30,2052.0
25.10.2024 23:45,1950.0
26.10.2024 00:00,1752.0
26.10.2024 00:15,1506.0
26.10.2024 00:30,1548.0
26.10.2024 00:45,1584.0
26.10.2024 01:00,1500.0
26.10.2024 01:15,1500.0
26.10.2024 01:30,1548.0
26.10.2024 01:45,1398.0
26.10.2024 02:00,1668.0
26.10.2024 02:15,1476.0
26.10.2024 02:30,1464.0
26.10.2024 02:45,1650.0
26.10.2024 03:00,1908.0
26.10.2024 03:15,1854.0
26.10.2024 03:30,2136.0
26.10.2024 03:45,2040.0
26.10.2024 04:00,1746.0
26.10.2024 04:15,1548.0
26.10.2024 04:30,1734.0
26.10.2024 04:45,1458.0
26.10.2024 05:00,1584.0
26.10.2024 05:15,1578.0
26.10.2024 05:30,1632.0
26.10.2024 05:45,1500.0
26.10.2024 06:00,1488.0
26.10.2024 06:15,1500.0
26.10.2024 06:30,1836.0
26.10.2024 06:45,1620.0
26.10.2024 07:00,1536.0
26.10.2024 07:15,1512.0
26.10.2024 07:30,1632.0
26.10.2024 07:45,930.0
26.10.2024 08:00,630.0
26.10.2024 08:15,876.0
26.10.2024 08:30,918.0
26.10.2024 08:45,936.0
26.10.2024 09:00,960.0
26.10.2024 09:15,1230.0
26.10.2024 09:30,1440.0
26.10.2024 09:45,1074.0
26.10.2024 10:00,756.0
26.10.2024 10:15,1068.0
26.10.2024 10:30,756.0
26.10.2024 10:45,1032.0
26.10.2024 11:00,900.0
26.10.2024 11:15,930.0
26.10.2024 11:30,864.0
26.10.2024 11:45,972.0
26.10.2024 12:00,834.0
26.10.2024 12:15,960.0
26.10.2024 12:30,1014.0
26.10.2024 12:45,1080.0
26.10.2024 13:00,1272.0
26.10.2024 13:15,1260.0
26.10.2024 13:30,1206.0
26.10.2024 13:45,1170.0
26.10.2024 14:00,1530.0
26.10.2024 14:15,1866.0
26.10.2024 14:30,1872.0
26.10.2024 14:45,1380.0
26.10.2024 15:00,1308.0
26.10.2024 15:15,1308.0
26.10.2024 15:30,1296.0
26.10.2024 15:45,1116.0
26.10.2024 16:00,1296.0
26.10.2024 16:15,1464.0
26.10.2024 16:30,1482.0
26.10.2024 16:45,1332.0
26.10.2024 17:00,1482.0
26.10.2024 17:15,1578.0
26.10.2024 17:30,1524.0
26.10.2024 17:45,1620.0
26.10.2024 18:00,1644.0
26.10.2024 18:15,1524.0
26.10.2024 18:30,1620.0
26.10.2024 18:45,1542.0
26.10.2024 19:00,1458.0
26.10.2024 19:15,1272.0
26.10.2024 19:30,1560.0
26.10.2024 19:45,1278.0
26.10.2024 20:00,1200.0
26.10.2024 20:15,1578.0
26.10.2024 20:30,1668.0
26.10.2024 20:45,1950.0
26.10.2024 21:00,2028.0
26.10.2024 21:15,1764.0
26.10.2024 21:30,1578.0
26.10.2024 21:45,1806.0
26.10.2024 22:00,1764.0
26.10.2024 22:15,1764.0
26.10.2024 22:30,1872.0
26.10.2024 22:45,1902.0
26.10.2024 23:00,1308.0
26.10.2024 23:15,1272.0
26.10.2024 23:30,2016.0
26.10.2024 23:45,1746.0
27.10.2024 00:00,1980.0
27.10.2024 00:15,1626.0
27.10.2024 00:30,1656.0
27.10.2024 00:45,1464.0
27.10.2024 01:00,1722.0
27.10.2024 01:15,1740.0
27.10.2024 01:30,1542.0
27.10.2024 01:45,1362.0
27.10.2024 02:00,1218.0
27.10.2024 02:15,1194.0
27.10.2024 02:30,1338.0
27.10.2024 02:45,1908.0
27.10.2024 03:00,1980.0
27.10.2024 03:15,1938.0
27.10.2024 03:30,2034.0
27.10.2024 03:45,2058.0
27.10.2024 04:00,2094.0
27.10.2024 04:15,1950.0
27.10.2024 04:30,1902.0
27.10.2024 04:45,1524.0
27.10.2024 05:00,1560.0
27.10.2024 05:15,1602.0
27.10.2024 05:30,1536.0
27.10.2024 05:45,1524.0
27.10.2024 06:00,1248.0
27.10.2024 06:15,1602.0
27.10.2024 06:30,1818.0
27.10.2024 06:45,1878.0
27.10.2024 07:00,1872.0
27.10.2024 07:15,1926.0
27.10.2024 07:30,1854.0
27.10.2024 07:45,1170.0
27.10.2024 08:00,1026.0
27.10.2024 08:15,1074.0
27.10.2024 08:30,1062.0
27.10.2024 08:45,1080.0
27.10.2024 09:00,1416.0
27.10.2024 09:15,1656.0
27.10.2024 09:30,1908.0
27.10.2024 09:45,1998.0
27.10.2024 10:00,1956.0
27.10.2024 10:15,1992.0
27.10.2024 10:30,1812.0
27.10.2024 10:45,1356.0
27.10.2024 11:00,1152.0
27.10.2024 11:15,1512.0
27.10.2024 11:30,1488.0
27.10.2024 11:45,1380.0
27.10.2024 12:00,1284.0
27.10.2024 12:15,1362.0
27.10.2024 12:30,1452.0
27.10.2024 12:45,1422.0
27.10.2024 13:00,1536.0
27.10.2024 13:15,1596.0
27.10.2024 13:30,1878.0
27.10.2024 13:45,1560.0
27.10.2024 14:00,1686.0
27.10.2024 14:15,1512.0
27.10.2024 14:30,1332.0
27.10.2024 14:45,1500.0
27.10.2024 15:00,1494.0
27.10.2024 15:15,1482.0
27.10.2024 15:30,1482.0
27.10.2024 15:45,1404.0
27.10.2024 16:00,1452.0
27.10.2024 16:15,1338.0
27.10.2024 16:30,1440.0
27.10.2024 16:45,1572.0
27.10.2024 17:00,1500.0
27.10.2024 17:15,1464.0
27.10.2024 17:30,1572.0
27.10.2024 17:45,1536.0
27.10.2024 18:00,1668.0
27.10.2024 18:15,2034.0
27.10.2024 18:30,1752.0
27.10.2024 18:45,1986.0
27.10.2024 19:00,1644.0
27.10.2024 19:15,1560.0
27.10.2024 19:30,1614.0
27.10.2024 19:45,1302.0
27.10.2024 20:00,1152.0
27.10.2024 20:15,1536.0
27.10.2024 20:30,1974.0
27.10.2024 20:45,1704.0
27.10.2024 21:00,1836.0
27.10.2024 21:15,1668.0
27.10.2024 21:30,1854.0
27.10.2024 21:45,1908.0
27.10.2024 22:00,1860.0
27.10.2024 22:15,1350.0
27.10.2024 22:30,1608.0
27.10.2024 22:45,1596.0
27.10.2024 23:00,1500.0
27.10.2024 23:15,1686.0
27.10.2024 23:30,1548.0
27.10.2024 23:45,1482.0
28.10.2024 00:00,1686.0
28.10.2024 00:15,1524.0
28.10.2024 00:30,1818.0
28.10.2024 00:45,1932.0
28.10.2024 01:00,1662.0
28.10.2024 01:15,1422.0
28.10.2024 01:30,1584.0
28.10.2024 01:45,1572.0
28.10.2024 02:00,1506.0
28.10.2024 02:15,1536.0
28.10.2024 02:30,1578.0
28.10.2024 02:45,1446.0
28.10.2024 03:00,1578.0
28.10.2024 03:15,1548.0
28.10.2024 03:30,1602.0
28.10.2024 03:45,1680.0
28.10.2024 04:00,1500.0
28.10.2024 04:15,2004.0
28.10.2024 04:30,2046.0
28.10.2024 04:45,1896.0
28.10.2024 05:00,1632.0
28.10.2024 05:15,1242.0
28.10.2024 05:30,1512.0
28.10.2024 05:45,1842.0
28.10.2024 06:00,1356.0
28.10.2024 06:15,1548.0
28.10.2024 06:30,2046.0
28.10.2024 06:45,2040.0
28.10.2024 07:00,1908.0
28.10.2024 07:15,1410.0
28.10.2024 07:30,1206.0
28.10.2024 07:45,966.0
28.10.2024 08:00,846.0
28.10.2024 08:15,876.0
28.10.2024 08:30,1116.0
28.10.2024 08:45,1608.0
28.10.2024 09:00,1452.0
28.10.2024 09:15,1554.0
28.10.2024 09:30,1356.0
28.10.2024 09:45,1104.0
28.10.2024 10:00,1080.0
28.10.2024 10:15,852.0
28.10.2024 10:30,996.0
28.10.2024 10:45,1044.0
28.10.2024 11:00,1158.0
28.10.2024 11:15,1188.0
28.10.2024 11:30,1140.0
28.10.2024 11:45,1158.0
28.10.2024 12:00,1236.0
28.10.2024 12:15,1284.0
28.10.2024 12:30,1068.0
28.10.2024 12:45,1212.0
28.10.2024 13:00,1632.0
28.10.2024 13:15,1620.0
28.10.2024 13:30,1812.0
28.10.2024 13:45,1620.0
28.10.2024 14:00,1410.0
28.10.2024 14:15,1308.0
28.10.2024 14:30,1398.0
28.10.2024 14:45,1458.0
28.10.2024 15:00,1602.0
28.10.2024 15:15,1506.0
28.10.2024 15:30,1488.0
28.10.2024 15:45,1416.0
28.10.2024 16:00,1422.0
28.10.2024 16:15,1368.0
28.10.2024 16:30,1944.0
28.10.2024 16:45,1818.0
28.10.2024 17:00,1830.0
28.10.2024 17:15,2010.0
28.10.2024 17:30,2040.0
28.10.2024 17:45,1980.0
28.10.2024 18:00,1680.0
28.10.2024 18:15,1554.0
28.10.2024 18:30,1434.0
28.10.2024 18:45,1602.0
28.10.2024 19:00,2004.0
28.10.2024 19:15,1992.0
28.10.2024 19:30,1902.0
28.10.2024 19:45,1614.0
28.10.2024 20:00,1188.0
28.10.2024 20:15,1740.0
28.10.2024 20:30,2064.0
28.10.2024 20:45,2016.0
28.10.2024 21:00,1998.0
28.10.2024 21:15,1728.0
28.10.2024 21:30,2028.0
28.10.2024 21:45,1956.0
28.10.2024 22:00,1482.0
28.10.2024 22:15,1740.0
28.10.2024 22:30,1518.0
28.10.2024 22:45,1482.0
28.10.2024 23:00,1644.0
28.10.2024 23:15,2070.0
28.10.2024 23:30,1974.0
28.10.2024 23:45,1560.0
29.10.2024 00:00,1848.0
29.10.2024 00:15,1932.0
29.10.2024 00:30,1986.0
29.10.2024 00:45,1896.0
29.10.2024 01:00,1848.0
29.10.2024 01:15,1524.0
29.10.2024 01:30,1548.0
29.10.2024 01:45,1530.0
29.10.2024 02:00,1584.0
29.10.2024 02:15,1644.0
29.10.2024 02:30,1962.0
29.10.2024 02:45,1536.0
29.10.2024 03:00,1644.0
29.10.2024 03:15,1602.0
29.10.2024 03:30,1662.0
29.10.2024 03:45,1728.0
29.10.2024 04:00,2016.0
29.10.2024 04:15,1986.0
29.10.2024 04:30,1992.0
29.10.2024 04:45,1692.0
29.10.2024 05:00,1680.0
29.10.2024 05:15,1680.0
29.10.2024 05:30,1560.0
29.10.2024 05:45,1386.0
29.10.2024 06:00,1296.0
29.10.2024 06:15,2058.0
29.10.2024 06:30,2034.0
29.10.2024 06:45,1920.0
29.10.2024 07:00,1662.0
29.10.2024 07:15,1374.0
29.10.2024 07:30,1860.0
29.10.2024 07:45,1236.0
29.10.2024 08:00,738.0
29.10.2024 08:15,852.0
29.10.2024 08:30,1128.0
29.10.2024 08:45,1008.0
29.10.2024 09:00,1134.0
29.10.2024 09:15,1428.0
29.10.2024 09:30,1458.0
29.10.2024 09:45,1284.0
29.10.2024 10:00,1236.0
29.10.2024 10:15,708.0
29.10.2024 10:30,744.0
29.10.2024 10:45,744.0
29.10.2024 11:00,642.0
29.10.2024 11:15,612.0
29.10.2024 11:30,714.0
29.10.2024 11:45,534.0
29.10.2024 12:00,474.0
29.10.2024 12:15,936.0
29.10.2024 12:30,870.0
29.10.2024 12:45,906.0
29.10.2024 13:00,1218.0
29.10.2024 13:15,1332.0
29.10.2024 13:30,1434.0
29.10.2024 13:45,636.0
29.10.2024 14:00,672.0
29.10.2024 14:15,792.0
29.10.2024 14:30,1080.0
29.10.2024 14:45,414.0
29.10.2024 15:00,234.0
29.10.2024 15:15,1200.0
29.10.2024 15:30,1818.0
29.10.2024 15:45,1434.0
29.10.2024 16:00,1338.0
29.10.2024 16:15,1350.0
29.10.2024 16:30,1212.0
29.10.2024 16:45,1386.0
29.10.2024 17:00,1446.0
29.10.2024 17:15,1398.0
29.10.2024 17:30,1548.0
29.10.2024 17:45,1452.0
29.10.2024 18:00,1422.0
29.10.2024 18:15,1776.0
29.10.2024 18:30,1920.0
29.10.2024 18:45,1944.0
29.10.2024 19:00,1800.0
29.10.2024 19:15,1872.0
29.10.2024 19:30,1944.0
29.10.2024 19:45,1812.0
29.10.2024 20:00,1212.0
29.10.2024 20:15,1956.0
29.10.2024 20:30,1992.0
29.10.2024 20:45,1890.0
29.10.2024 21:00,1560.0
29.10.2024 21:15,2004.0
29.10.2024 21:30,1920.0
29.10.2024 21:45,1788.0
29.10.2024 22:00,1644.0
29.10.2024 22:15,1638.0
29.10.2024 22:30,1560.0
29.10.2024 22:45,1728.0
29.10.2024 23:00,1566.0
29.10.2024 23:15,1710.0
29.10.2024 23:30,1926.0
29.10.2024 23:45,1986.0
30.10.2024 00:00,1746.0
30.10.2024 00:15,1908.0
30.10.2024 00:30,1740.0
30.10.2024 00:45,1584.0
30.10.2024 01:00,1572.0
30.10.2024 01:15,1626.0
30.10.2024 01:30,1506.0
30.10.2024 01:45,1764.0
30.10.2024 02:00,1896.0
30.10.2024 02:15,1698.0
30.10.2024 02:30,1842.0
30.10.2024 02:45,1860.0
30.10.2024 03:00,1824.0
30.10.2024 03:15,1968.0
30.10.2024 03:30,2016.0
30.10.2024 03:45,1500.0
30.10.2024 04:00,1620.0
30.10.2024 04:15,1896.0
30.10.2024 04:30,2022.0
30.10.2024 04:45,1818.0
30.10.2024 05:00,1566.0
30.10.2024 05:15,1596.0
30.10.2024 05:30,1374.0
30.10.2024 05:45,1614.0
30.10.2024 06:00,1488.0
30.10.2024 06:15,1368.0
30.10.2024 06:30,978.0
30.10.2024 06:45,876.0
30.10.2024 07:00,774.0
30.10.2024 07:15,618.0
30.10.2024 07:30,168.0
30.10.2024 07:45,204.0
30.10.2024 08:00,246.0
30.10.2024 08:15,150.0
30.10.2024 08:30,36.0
30.10.2024 08:45,12.0
30.10.2024 09:00,12.0
30.10.2024 09:15,12.0
30.10.2024 09:30,12.0
30.10.2024 09:45,6.0
30.10.2024 10:00,6.0
30.10.2024 10:15,12.0
30.10.2024 10:30,12.0
30.10.2024 10:45,30.0
30.10.2024 11:00,0.0
30.10.2024 11:15,6.0
30.10.2024 11:30,6.0
30.10.2024 11:45,6.0
30.10.2024 12:00,6.0
30.10.2024 12:15,0.0
30.10.2024 12:30,0.0
30.10.2024 12:45,0.0
30.10.2024 13:00,6.0
30.10.2024 13:15,6.0
30.10.2024 13:30,12.0
30.10.2024 13:45,12.0
30.10.2024 14:00,30.0
30.10.2024 14:15,30.0
30.10.2024 14:30,12.0
30.10.2024 14:45,12.0
30.10.2024 15:00,18.0
30.10.2024 15:15,24.0
30.10.2024 15:30,72.0
30.10.2024 15:45,204.0
30.10.2024 16:00,174.0
30.10.2024 16:15,204.0
30.10.2024 16:30,162.0
30.10.2024 16:45,132.0
30.10.2024 17:00,72.0
30.10.2024 17:15,72.0
30.10.2024 17:30,72.0
30.10.2024 17:45,78.0
30.10.2024 18:00,72.0
30.10.2024 18:15,84.0
30.10.2024 18:30,78.0
30.10.2024 18:45,108.0
30.10.2024 19:00,120.0
30.10.2024 19:15,120.0
30.10.2024 19:30,126.0
30.10.2024 19:45,126.0
30.10.2024 20:00,138.0
30.10.2024 20:15,132.0
30.10.2024 20:30,156.0
30.10.2024 20:45,150.0
30.10.2024 21:00,156.0
30.10.2024 21:15,150.0
30.10.2024 21:30,162.0
30.10.2024 21:45,168.0
30.10.2024 22:00,168.0
30.10.2024 22:15,180.0
30.10.2024 22:30,186.0
30.10.2024 22:45,174.0
30.10.2024 23:00,198.0
30.10.2024 23:15,246.0
30.10.2024 23:30,210.0
30.10.2024 23:45,168.0
31.10.2024 00:00,162.0
31.10.2024 00:15,162.0
31.10.2024 00:30,162.0
31.10.2024 00:45,156.0
31.10.2024 01:00,162.0
31.10.2024 01:15,180.0
31.10.2024 01:30,192.0
31.10.2024 01:45,180.0
31.10.2024 02:00,168.0
31.10.2024 02:15,192.0
31.10.2024 02:30,156.0
31.10.2024 02:45,198.0
31.10.2024 03:00,264.0
31.10.2024 03:15,252.0
31.10.2024 03:30,246.0
31.10.2024 03:45,228.0
31.10.2024 04:00,222.0
31.10.2024 04:15,198.0
31.10.2024 04:30,186.0
31.10.2024 04:45,186.0
31.10.2024 05:00,186.0
31.10.2024 05:15,180.0
31.10.2024 05:30,180.0
31.10.2024 05:45,228.0
31.10.2024 06:00,228.0
31.10.2024 06:15,264.0
31.10.2024 06:30,366.0
31.10.2024 06:45,354.0
31.10.2024 07:00,300.0
31.10.2024 07:15,228.0
31.10.2024 07:30,228.0
31.10.2024 07:45,42.0
31.10.2024 08:00,78.0
31.10.2024 08:15,348.0
31.10.2024 08:30,762.0
31.10.2024 08:45,1080.0
31.10.2024 09:00,1080.0
31.10.2024 09:15,1494.0
31.10.2024 09:30,1266.0
31.10.2024 09:45,1056.0
31.10.2024 10:00,1074.0
31.10.2024 10:15,1266.0
31.10.2024 10:30,924.0
31.10.2024 10:45,918.0
31.10.2024 11:00,948.0
31.10.2024 11:15,1260.0
31.10.2024 11:30,1056.0
31.10.2024 11:45,756.0
31.10.2024 12:00,1350.0
31.10.2024 12:15,1116.0
31.10.2024 12:30,1284.0
31.10.2024 12:45,1632.0
31.10.2024 13:00,1032.0
31.10.2024 13:15,1242.0
31.10.2024 13:30,1140.0
31.10.2024 13:45,756.0
31.10.2024 14:00,828.0
31.10.2024 14:15,1428.0
31.10.2024 14:30,1308.0
31.10.2024 14:45,1224.0
31.10.2024 15:00,1254.0
31.10.2024 15:15,1368.0
31.10.2024 15:30,1794.0
31.10.2024 15:45,1356.0
31.10.2024 16:00,1590.0
31.10.2024 16:15,1818.0
31.10.2024 16:30,1632.0
31.10.2024 16:45,1440.0
31.10.2024 17:00,1518.0
31.10.2024 17:15,1530.0
31.10.2024 17:30,1578.0
31.10.2024 17:45,1482.0
31.10.2024 18:00,1692.0
31.10.2024 18:15,1584.0
31.10.2024 18:30,1818.0
31.10.2024 18:45,1968.0
31.10.2024 19:00,1920.0
31.10.2024 19:15,1944.0
31.10.2024 19:30,2106.0
31.10.2024 19:45,1368.0
31.10.2024 20:00,1224.0
31.10.2024 20:15,1782.0
31.10.2024 20:30,2016.0
31.10.2024 20:45,1998.0
31.10.2024 21:00,1548.0
31.10.2024 21:15,1566.0
31.10.2024 21:30,1620.0
31.10.2024 21:45,1572.0
31.10.2024 22:00,1488.0
31.10.2024 22:15,1518.0
31.10.2024 22:30,1554.0
31.10.2024 22:45,1524.0
31.10.2024 23:00,1638.0
31.10.2024 23:15,1542.0
31.10.2024 23:30,1560.0
31.10.2024 23:45,1548.0
1.11.2024 00:00,1530.0
1.11.2024 00:15,1596.0
1.11.2024 00:30,1536.0
1.11.2024 00:45,1752.0
1.11.2024 01:00,2064.0
1.11.2024 01:15,1908.0
1.11.2024 01:30,1728.0
1.11.2024 01:45,1524.0
1.11.2024 02:00,1458.0
1.11.2024 02:15,1470.0
1.11.2024 02:30,1440.0
1.11.2024 02:45,1500.0
1.11.2024 03:00,1644.0
1.11.2024 03:15,1602.0
1.11.2024 03:30,1584.0
1.11.2024 03:45,1536.0
1.11.2024 04:00,1428.0
1.11.2024 04:15,1686.0
1.11.2024 04:30,1902.0
1.11.2024 04:45,1800.0
1.11.2024 05:00,1788.0
1.11.2024 05:15,1416.0
1.11.2024 05:30,1506.0
1.11.2024 05:45,1422.0
1.11.2024 06:00,1386.0
1.11.2024 06:15,1866.0
1.11.2024 06:30,1926.0
1.11.2024 06:45,1368.0
1.11.2024 07:00,1350.0
1.11.2024 07:15,1224.0
1.11.2024 07:30,1194.0
1.11.2024 07:45,942.0
1.11.2024 08:00,588.0
1.11.2024 08:15,828.0
1.11.2024 08:30,1056.0
1.11.2024 08:45,1320.0
1.11.2024 09:00,1272.0
1.11.2024 09:15,816.0
1.11.2024 09:30,654.0
1.11.2024 09:45,924.0
1.11.2024 10:00,1038.0
1.11.2024 10:15,1104.0
1.11.2024 10:30,918.0
1.11.2024 10:45,1140.0
1.11.2024 11:00,936.0
1.11.2024 11:15,696.0
1.11.2024 11:30,1494.0
1.11.2024 11:45,1266.0
1.11.2024 12:00,456.0
1.11.2024 12:15,1068.0
1.11.2024 12:30,1266.0
1.11.2024 12:45,672.0
1.11.2024 13:00,474.0
1.11.2024 13:15,1386.0
1.11.2024 13:30,1284.0
1.11.2024 13:45,960.0
1.11.2024 14:00,756.0
1.11.2024 14:15,1152.0
1.11.2024 14:30,1326.0
1.11.2024 14:45,1002.0
1.11.2024 15:00,1488.0
1.11.2024 15:15,1476.0
1.11.2024 15:30,1230.0
1.11.2024 15:45,1500.0
1.11.2024 16:00,1410.0
1.11.2024 16:15,1800.0
1.11.2024 16:30,1776.0
1.11.2024 16:45,1602.0
1.11.2024 17:00,1416.0
1.11.2024 17:15,1890.0
1.11.2024 17:30,1746.0
1.11.2024 17:45,1404.0
1.11.2024 18:00,1560.0
1.11.2024 18:15,1494.0
1.11.2024 18:30,1536.0
1.11.2024 18:45,1464.0
1.11.2024 19:00,1584.0
1.11.2024 19:15,1620.0
1.11.2024 19:30,1542.0
1.11.2024 19:45,1356.0
1.11.2024 20:00,1290.0
1.11.2024 20:15,1794.0
1.11.2024 20:30,1998.0
1.11.2024 20:45,1824.0
1.11.2024 21:00,1848.0
1.11.2024 21:15,1734.0
1.11.2024 21:30,1890.0
1.11.2024 21:45,1986.0
1.11.2024 22:00,1860.0
1.11.2024 22:15,1644.0
1.11.2024 22:30,1584.0
1.11.2024 22:45,1602.0
1.11.2024 23:00,1584.0
1.11.2024 23:15,1464.0
1.11.2024 23:30,1524.0
1.11.2024 23:45,1542.0
2.11.2024 00:00,1416.0
2.11.2024 00:15,1614.0
2.11.2024 00:30,1932.0
2.11.2024 00:45,1932.0
2.11.2024 01:00,1716.0
2.11.2024 01:15,1560.0
2.11.2024 01:30,1668.0
2.11.2024 01:45,1806.0
2.11.2024 02:00,1560.0
2.11.2024 02:15,1476.0
2.11.2024 02:30,1584.0
2.11.2024 02:45,1512.0
2.11.2024 03:00,1650.0
2.11.2024 03:15,1644.0
2.11.2024 03:30,1542.0
2.11.2024 03:45,1410.0
2.11.2024 04:00,1944.0
2.11.2024 04:15,1992.0
2.11.2024 04:30,1860.0
2.11.2024 04:45,1524.0
2.11.2024 05:00,1464.0
2.11.2024 05:15,1566.0
2.11.2024 05:30,1524.0
2.11.2024 05:45,1548.0
2.11.2024 06:00,1434.0
2.11.2024 06:15,1440.0
2.11.2024 06:30,1332.0
2.11.2024 06:45,1530.0
2.11.2024 07:00,1614.0
2.11.2024 07:15,1542.0
2.11.2024 07:30,1320.0
2.11.2024 07:45,846.0
2.11.2024 08:00,612.0
2.11.2024 08:15,984.0
2.11.2024 08:30,1314.0
2.11.2024 08:45,1068.0
2.11.2024 09:00,1080.0
2.11.2024 09:15,768.0
2.11.2024 09:30,552.0
2.11.2024 09:45,1080.0
2.11.2024 10:00,798.0
2.11.2024 10:15,780.0
2.11.2024 10:30,924.0
2.11.2024 10:45,846.0
2.11.2024 11:00,510.0
2.11.2024 11:15,504.0
2.11.2024 11:30,618.0
2.11.2024 11:45,498.0
2.11.2024 12:00,576.0
2.11.2024 12:15,534.0
2.11.2024 12:30,726.0
2.11.2024 12:45,942.0
2.11.2024 13:00,750.0
2.11.2024 13:15,888.0
2.11.2024 13:30,894.0
2.11.2024 13:45,876.0
2.11.2024 14:00,1128.0
2.11.2024 14:15,972.0
2.11.2024 14:30,1068.0
2.11.2024 14:45,1020.0
2.11.2024 15:00,930.0
2.11.2024 15:15,1104.0
2.11.2024 15:30,1098.0
2.11.2024 15:45,1416.0
2.11.2024 16:00,1542.0
2.11.2024 16:15,1692.0
2.11.2024 16:30,1704.0
2.11.2024 16:45,1518.0
2.11.2024 17:00,1098.0
2.11.2024 17:15,1404.0
2.11.2024 17:30,1830.0
2.11.2024 17:45,1872.0
2.11.2024 18:00,1824.0
2.11.2024 18:15,1818.0
2.11.2024 18:30,1800.0
2.11.2024 18:45,1836.0
2.11.2024 19:00,1800.0
2.11.2024 19:15,1824.0
2.11.2024 19:30,1632.0
2.11.2024 19:45,1380.0
2.11.2024 20:00,1164.0
2.11.2024 20:15,1512.0
2.11.2024 20:30,1938.0
2.11.2024 20:45,1926.0
2.11.2024 21:00,1560.0
2.11.2024 21:15,1560.0
2.11.2024 21:30,1830.0
2.11.2024 21:45,1794.0
2.11.2024 22:00,1830.0
2.11.2024 22:15,1350.0
2.11.2024 22:30,1584.0
2.11.2024 22:45,1614.0
2.11.2024 23:00,1638.0
2.11.2024 23:15,1530.0
2.11.2024 23:30,1512.0
2.11.2024 23:45,1536.0
3.11.2024 00:00,1554.0
3.11.2024 00:15,1542.0
3.11.2024 00:30,1596.0
3.11.2024 00:45,1590.0
3.11.2024 01:00,1632.0
3.11.2024 01:15,1782.0
3.11.2024 01:30,1788.0
3.11.2024 01:45,1890.0
3.11.2024 02:00,1506.0
3.11.2024 02:15,1494.0
3.11.2024 02:30,1536.0
3.11.2024 02:45,1524.0
3.11.2024 03:00,1362.0
3.11.2024 03:15,1572.0
3.11.2024 03:30,1620.0
3.11.2024 03:45,1476.0
3.11.2024 04:00,1644.0
3.11.2024 04:15,1818.0
3.11.2024 04:30,1902.0
3.11.2024 04:45,1932.0
3.11.2024 05:00,1692.0
3.11.2024 05:15,1650.0
3.11.2024 05:30,1584.0
3.11.2024 05:45,1542.0
3.11.2024 06:00,1806.0
3.11.2024 06:15,1800.0
3.11.2024 06:30,1914.0
3.11.2024 06:45,1776.0
3.11.2024 07:00,1560.0
3.11.2024 07:15,1332.0
3.11.2024 07:30,1650.0
3.11.2024 07:45,1296.0
3.11.2024 08:00,696.0
3.11.2024 08:15,900.0
3.11.2024 08:30,1284.0
3.11.2024 08:45,1296.0
3.11.2024 09:00,1170.0
3.11.2024 09:15,1122.0
3.11.2024 09:30,1158.0
3.11.2024 09:45,1068.0
3.11.2024 10:00,1032.0
3.11.2024 10:15,1002.0
3.11.2024 10:30,834.0
3.11.2024 10:45,924.0
3.11.2024 11:00,924.0
3.11.2024 11:15,576.0
3.11.2024 11:30,708.0
3.11.2024 11:45,570.0
3.11.2024 12:00,720.0
3.11.2024 12:15,900.0
3.11.2024 12:30,672.0
3.11.2024 12:45,1032.0
3.11.2024 13:00,1014.0
3.11.2024 13:15,1080.0
3.11.2024 13:30,1134.0
3.11.2024 13:45,888.0
3.11.2024 14:00,1188.0
3.11.2024 14:15,1284.0
3.11.2024 14:30,1392.0
3.11.2024 14:45,1044.0
3.11.2024 15:00,1224.0
3.11.2024 15:15,1104.0
3.11.2024 15:30,1152.0
3.11.2024 15:45,1260.0
3.11.2024 16:00,1224.0
3.11.2024 16:15,1146.0
3.11.2024 16:30,1332.0
3.11.2024 16:45,1464.0
3.11.2024 17:00,1488.0
3.11.2024 17:15,1944.0
3.11.2024 17:30,1608.0
3.11.2024 17:45,1944.0
3.11.2024 18:00,1944.0
3.11.2024 18:15,1884.0
3.11.2024 18:30,1974.0
3.11.2024 18:45,1854.0
3.11.2024 19:00,1992.0
3.11.2024 19:15,1854.0
3.11.2024 19:30,1908.0
3.11.2024 19:45,1560.0
3.11.2024 20:00,1194.0
3.11.2024 20:15,1476.0
3.11.2024 20:30,1986.0
3.11.2024 20:45,1938.0
3.11.2024 21:00,2040.0
3.11.2024 21:15,1980.0
3.11.2024 21:30,1944.0
3.11.2024 21:45,1602.0
3.11.2024 22:00,1620.0
3.11.2024 22:15,1656.0
3.11.2024 22:30,1602.0
3.11.2024 22:45,1212.0
3.11.2024 23:00,1362.0
3.11.2024 23:15,1446.0
3.11.2024 23:30,1530.0
3.11.2024 23:45,1488.0
4.11.2024 00:00,1602.0
4.11.2024 00:15,1836.0
4.11.2024 00:30,1728.0
4.11.2024 00:45,1926.0
4.11.2024 01:00,1950.0
4.11.2024 01:15,1908.0
4.11.2024 01:30,1884.0
4.11.2024 01:45,1644.0
4.11.2024 02:00,1554.0
4.11.2024 02:15,1542.0
4.11.2024 02:30,1566.0
4.11.2024 02:45,1638.0
4.11.2024 03:00,1644.0
4.11.2024 03:15,1614.0
4.11.2024 03:30,1230.0
4.11.2024 03:45,1248.0
4.11.2024 04:00,1482.0
4.11.2024 04:15,1764.0
4.11.2024 04:30,1788.0
4.11.2024 04:45,1932.0
4.11.2024 05:00,2088.0
4.11.2024 05:15,2004.0
4.11.2024 05:30,2016.0
4.11.2024 05:45,1734.0
4.11.2024 06:00,1584.0
4.11.2024 06:15,1632.0
4.11.2024 06:30,1458.0
4.11.2024 06:45,1554.0
4.11.2024 07:00,1434.0
4.11.2024 07:15,1284.0
4.11.2024 07:30,1182.0
4.11.2024 07:45,1044.0
4.11.2024 08:00,636.0
4.11.2024 08:15,720.0
4.11.2024 08:30,978.0
4.11.2024 08:45,870.0
4.11.2024 09:00,1092.0
4.11.2024 09:15,1308.0
4.11.2024 09:30,1188.0
4.11.2024 09:45,1230.0
4.11.2024 10:00,1146.0
4.11.2024 10:15,930.0
4.11.2024 10:30,936.0
4.11.2024 10:45,1140.0
4.11.2024 11:00,930.0
4.11.2024 11:15,1140.0
4.11.2024 11:30,1314.0
4.11.2024 11:45,822.0
4.11.2024 12:00,516.0
4.11.2024 12:15,900.0
4.11.2024 12:30,846.0
4.11.2024 12:45,840.0
4.11.2024 13:00,1062.0
4.11.2024 13:15,1404.0
4.11.2024 13:30,1380.0
4.11.2024 13:45,1446.0
4.11.2024 14:00,852.0
4.11.2024 14:15,1362.0
4.11.2024 14:30,1320.0
4.11.2024 14:45,804.0
4.11.2024 15:00,552.0
4.11.2024 15:15,822.0
4.11.2024 15:30,1068.0
4.11.2024 15:45,1242.0
4.11.2024 16:00,1188.0
4.11.2024 16:15,1410.0
4.11.2024 16:30,1596.0
4.11.2024 16:45,1524.0
4.11.2024 17:00,1464.0
4.11.2024 17:15,1962.0
4.11.2024 17:30,2022.0
4.11.2024 17:45,1938.0
4.11.2024 18:00,1968.0
4.11.2024 18:15,1986.0
4.11.2024 18:30,2004.0
4.11.2024 18:45,2016.0
4.11.2024 19:00,2052.0
4.11.2024 19:15,2010.0
4.11.2024 19:30,1824.0
4.11.2024 19:45,1500.0
4.11.2024 20:00,1200.0
4.11.2024 20:15,1542.0
4.11.2024 20:30,1902.0
4.11.2024 20:45,1950.0
4.11.2024 21:00,1824.0
4.11.2024 21:15,1824.0
4.11.2024 21:30,1668.0
4.11.2024 21:45,1878.0
4.11.2024 22:00,1560.0
4.11.2024 22:15,1638.0
4.11.2024 22:30,1602.0
4.11.2024 22:45,1584.0
4.11.2024 23:00,1500.0
4.11.2024 23:15,1680.0
4.11.2024 23:30,1554.0
4.11.2024 23:45,1578.0
5.11.2024 00:00,1512.0
5.11.2024 00:15,1590.0
5.11.2024 00:30,1440.0
5.11.2024 00:45,1854.0
5.11.2024 01:00,1914.0
5.11.2024 01:15,1680.0
5.11.2024 01:30,1524.0
5.11.2024 01:45,1758.0
5.11.2024 02:00,1560.0
5.11.2024 02:15,1788.0
5.11.2024 02:30,1782.0
5.11.2024 02:45,1656.0
5.11.2024 03:00,1236.0
5.11.2024 03:15,1404.0
5.11.2024 03:30,1320.0
5.11.2024 03:45,1332.0
5.11.2024 04:00,1344.0
5.11.2024 04:15,1380.0
5.11.2024 04:30,1380.0
5.11.2024 04:45,1422.0
5.11.2024 05:00,1428.0
5.11.2024 05:15,1416.0
5.11.2024 05:30,1386.0
5.11.2024 05:45,1572.0
5.11.2024 06:00,1758.0
5.11.2024 06:15,1872.0
5.11.2024 06:30,1860.0
5.11.2024 06:45,1920.0
5.11.2024 07:00,1824.0
5.11.2024 07:15,1788.0
5.11.2024 07:30,1686.0
5.11.2024 07:45,1572.0
5.11.2024 08:00,1062.0
5.11.2024 08:15,1314.0
5.11.2024 08:30,1518.0
5.11.2024 08:45,1110.0
5.11.2024 09:00,798.0
5.11.2024 09:15,756.0
5.11.2024 09:30,1008.0
5.11.2024 09:45,984.0
5.11.2024 10:00,1104.0
5.11.2024 10:15,834.0
5.11.2024 10:30,930.0
5.11.2024 10:45,1224.0
5.11.2024 11:00,1068.0
5.11.2024 11:15,1182.0
5.11.2024 11:30,1140.0
5.11.2024 11:45,1188.0
5.11.2024 12:00,1188.0
5.11.2024 12:15,954.0
5.11.2024 12:30,1008.0
5.11.2024 12:45,1248.0
5.11.2024 13:00,1404.0
5.11.2024 13:15,1362.0
5.11.2024 13:30,1128.0
5.11.2024 13:45,1296.0
5.11.2024 14:00,1230.0
5.11.2024 14:15,1344.0
5.11.2024 14:30,1074.0
5.11.2024 14:45,1500.0
5.11.2024 15:00,1578.0
5.11.2024 15:15,1878.0
5.11.2024 15:30,1776.0
5.11.2024 15:45,1734.0
5.11.2024 16:00,1602.0
5.11.2024 16:15,1560.0
5.11.2024 16:30,1932.0
5.11.2024 16:45,1860.0
5.11.2024 17:00,1728.0
5.11.2024 17:15,1548.0
5.11.2024 17:30,1782.0
5.11.2024 17:45,1650.0
5.11.2024 18:00,1704.0
5.11.2024 18:15,1800.0
5.11.2024 18:30,1830.0
5.11.2024 18:45,1824.0
5.11.2024 19:00,1914.0
5.11.2024 19:15,1914.0
5.11.2024 19:30,1908.0
5.11.2024 19:45,1488.0
5.11.2024 20:00,1200.0
5.11.2024 20:15,1386.0
5.11.2024 20:30,1890.0
5.11.2024 20:45,1866.0
5.11.2024 21:00,1974.0
5.11.2024 21:15,1416.0
5.11.2024 21:30,1332.0
5.11.2024 21:45,1482.0
5.11.2024 22:00,1458.0
5.11.2024 22:15,1284.0
5.11.2024 22:30,1284.0
5.11.2024 22:45,1656.0
5.11.2024 23:00,1674.0
5.11.2024 23:15,1536.0
5.11.2024 23:30,1446.0
5.11.2024 23:45,1656.0
6.11.2024 00:00,1842.0
6.11.2024 00:15,1686.0
6.11.2024 00:30,1494.0
6.11.2024 00:45,1620.0
6.11.2024 01:00,1788.0
6.11.2024 01:15,1860.0
6.11.2024 01:30,1782.0
6.11.2024 01:45,1914.0
6.11.2024 02:00,1680.0
6.11.2024 02:15,1494.0
6.11.2024 02:30,1380.0
6.11.2024 02:45,1548.0
6.11.2024 03:00,1614.0
6.11.2024 03:15,1542.0
6.11.2024 03:30,1548.0
6.11.2024 03:45,1584.0
6.11.2024 04:00,1632.0
6.11.2024 04:15,1818.0
6.11.2024 04:30,2010.0
6.11.2024 04:45,1662.0
6.11.2024 05:00,1536.0
6.11.2024 05:15,1980.0
6.11.2024 05:30,1722.0
6.11.2024 05:45,1776.0
6.11.2024 06:00,1710.0
6.11.2024 06:15,1572.0
6.11.2024 06:30,1668.0
6.11.2024 06:45,1482.0
6.11.2024 07:00,1452.0
6.11.2024 07:15,1488.0
6.11.2024 07:30,1404.0
6.11.2024 07:45,1212.0
6.11.2024 08:00,876.0
6.11.2024 08:15,918.0
6.11.2024 08:30,1236.0
6.11.2024 08:45,1380.0
6.11.2024 09:00,1290.0
6.11.2024 09:15,1134.0
6.11.2024 09:30,1140.0
6.11.2024 09:45,1182.0
6.11.2024 10:00,1152.0
6.11.2024 10:15,1170.0
6.11.2024 10:30,1308.0
6.11.2024 10:45,924.0
6.11.2024 11:00,1128.0
6.11.2024 11:15,810.0
6.11.2024 11:30,558.0
6.11.2024 11:45,618.0
6.11.2024 12:00,966.0
6.11.2024 12:15,732.0
6.11.2024 12:30,684.0
6.11.2024 12:45,714.0
6.11.2024 13:00,1278.0
6.11.2024 13:15,1134.0
6.11.2024 13:30,1236.0
6.11.2024 13:45,1200.0
6.11.2024 14:00,1158.0
6.11.2024 14:15,1068.0
6.11.2024 14:30,1320.0
6.11.2024 14:45,1572.0
6.11.2024 15:00,978.0
6.11.2024 15:15,870.0
6.11.2024 15:30,1080.0
6.11.2024 15:45,1452.0
6.11.2024 16:00,1104.0
6.11.2024 16:15,1332.0
6.11.2024 16:30,1674.0
6.11.2024 16:45,1632.0
6.11.2024 17:00,1512.0
6.11.2024 17:15,1728.0
6.11.2024 17:30,1860.0
6.11.2024 17:45,1878.0
6.11.2024 18:00,1926.0
6.11.2024 18:15,1866.0
6.11.2024 18:30,1920.0
6.11.2024 18:45,1968.0
6.11.2024 19:00,1914.0
6.11.2024 19:15,1896.0
6.11.2024 19:30,1824.0
6.11.2024 19:45,1452.0
6.11.2024 20:00,1236.0
6.11.2024 20:15,1374.0
6.11.2024 20:30,1650.0
6.11.2024 20:45,1632.0
6.11.2024 21:00,1920.0
6.11.2024 21:15,2022.0
6.11.2024 21:30,1968.0
6.11.2024 21:45,1920.0
6.11.2024 22:00,1896.0
6.11.2024 22:15,1644.0
6.11.2024 22:30,1920.0
6.11.2024 22:45,1770.0
6.11.2024 23:00,1998.0
6.11.2024 23:15,2016.0
6.11.2024 23:30,1680.0
6.11.2024 23:45,1476.0
7.11.2024 00:00,1416.0
7.11.2024 00:15,1482.0
7.11.2024 00:30,1422.0
7.11.2024 00:45,1488.0
7.11.2024 01:00,1878.0
7.11.2024 01:15,1782.0
7.11.2024 01:30,1896.0
7.11.2024 01:45,1770.0
7.11.2024 02:00,1440.0
7.11.2024 02:15,1452.0
7.11.2024 02:30,1212.0
7.11.2024 02:45,1542.0
7.11.2024 03:00,1812.0
7.11.2024 03:15,2010.0
7.11.2024 03:30,1848.0
7.11.2024 03:45,1788.0
7.11.2024 04:00,1626.0
7.11.2024 04:15,1488.0
7.11.2024 04:30,1500.0
7.11.2024 04:45,1452.0
7.11.2024 05:00,1518.0
7.11.2024 05:15,1848.0
7.11.2024 05:30,1920.0
7.11.2024 05:45,1536.0
7.11.2024 06:00,1674.0
7.11.2024 06:15,1872.0
7.11.2024 06:30,1920.0
7.11.2024 06:45,1656.0
7.11.2024 07:00,1908.0
7.11.2024 07:15,1632.0
7.11.2024 07:30,1536.0
7.11.2024 07:45,1194.0
7.11.2024 08:00,816.0
7.11.2024 08:15,858.0
7.11.2024 08:30,1002.0
7.11.2024 08:45,912.0
7.11.2024 09:00,714.0
7.11.2024 09:15,738.0
7.11.2024 09:30,948.0
7.11.2024 09:45,1026.0
7.11.2024 10:00,1170.0
7.11.2024 10:15,1068.0
7.11.2024 10:30,954.0
7.11.2024 10:45,912.0
7.11.2024 11:00,1056.0
7.11.2024 11:15,948.0
7.11.2024 11:30,966.0
7.11.2024 11:45,1068.0
7.11.2024 12:00,1008.0
7.11.2024 12:15,942.0
7.11.2024 12:30,930.0
7.11.2024 12:45,1050.0
7.11.2024 13:00,1098.0
7.11.2024 13:15,828.0
7.11.2024 13:30,1140.0
7.11.2024 13:45,882.0
7.11.2024 14:00,1086.0
7.11.2024 14:15,1200.0
7.11.2024 14:30,996.0
7.11.2024 14:45,1158.0
7.11.2024 15:00,1302.0
7.11.2024 15:15,1476.0
7.11.2024 15:30,1620.0
7.11.2024 15:45,1560.0
7.11.2024 16:00,1302.0
7.11.2024 16:15,1482.0
7.11.2024 16:30,1380.0
7.11.2024 16:45,1476.0
7.11.2024 17:00,1470.0
7.11.2024 17:15,1590.0
7.11.2024 17:30,1692.0
7.11.2024 17:45,1914.0
7.11.2024 18:00,1794.0
7.11.2024 18:15,1746.0
7.11.2024 18:30,1512.0
7.11.2024 18:45,1590.0
7.11.2024 19:00,1512.0
7.11.2024 19:15,1662.0
7.11.2024 19:30,1860.0
7.11.2024 19:45,1368.0
7.11.2024 20:00,1188.0
7.11.2024 20:15,1416.0
7.11.2024 20:30,1836.0
7.11.2024 20:45,2052.0
7.11.2024 21:00,2070.0
7.11.2024 21:15,1974.0
7.11.2024 21:30,1830.0
7.11.2024 21:45,1800.0
7.11.2024 22:00,1962.0
7.11.2024 22:15,1944.0
7.11.2024 22:30,1806.0
7.11.2024 22:45,1500.0
7.11.2024 23:00,1632.0
7.11.2024 23:15,1614.0
7.11.2024 23:30,1644.0
7.11.2024 23:45,1662.0
8.11.2024 00:00,1488.0
8.11.2024 00:15,1272.0
8.11.2024 00:30,1494.0
8.11.2024 00:45,1500.0
8.11.2024 01:00,1590.0
8.11.2024 01:15,1716.0
8.11.2024 01:30,1914.0
8.11.2024 01:45,1644.0
8.11.2024 02:00,2046.0
8.11.2024 02:15,1848.0
8.11.2024 02:30,1836.0
8.11.2024 02:45,1932.0
8.11.2024 03:00,1914.0
8.11.2024 03:15,1644.0
8.11.2024 03:30,1464.0
8.11.2024 03:45,1632.0
8.11.2024 04:00,1644.0
8.11.2024 04:15,1668.0
8.11.2024 04:30,1524.0
8.11.2024 04:45,1536.0
8.11.2024 05:00,1530.0
8.11.2024 05:15,1950.0
8.11.2024 05:30,1602.0
8.11.2024 05:45,1506.0
8.11.2024 06:00,1608.0
8.11.2024 06:15,1560.0
8.11.2024 06:30,1164.0
8.11.2024 06:45,972.0
8.11.2024 07:00,864.0
8.11.2024 07:15,696.0
8.11.2024 07:30,312.0
8.11.2024 07:45,348.0
8.11.2024 08:00,270.0
8.11.2024 08:15,204.0
8.11.2024 08:30,48.0
8.11.2024 08:45,18.0
8.11.2024 09:00,12.0
8.11.2024 09:15,6.0
8.11.2024 09:30,0.0
8.11.2024 09:45,0.0
8.11.2024 10:00,0.0
8.11.2024 10:15,0.0
8.11.2024 10:30,0.0
8.11.2024 10:45,0.0
8.11.2024 11:00,6.0
8.11.2024 11:15,0.0
8.11.2024 11:30,0.0
8.11.2024 11:45,0.0
8.11.2024 12:00,6.0
8.11.2024 12:15,0.0
8.11.2024 12:30,0.0
8.11.2024 12:45,0.0
8.11.2024 13:00,0.0
8.11.2024 13:15,6.0
8.11.2024 13:30,0.0
8.11.2024 13:45,12.0
8.11.2024 14:00,12.0
8.11.2024 14:15,18.0
8.11.2024 14:30,6.0
8.11.2024 14:45,18.0
8.11.2024 15:00,54.0
8.11.2024 15:15,12.0
8.11.2024 15:30,12.0
8.11.2024 15:45,24.0
8.11.2024 16:00,156.0
8.11.2024 16:15,354.0
8.11.2024 16:30,480.0
8.11.2024 16:45,288.0
8.11.2024 17:00,108.0
8.11.2024 17:15,132.0
8.11.2024 17:30,138.0
8.11.2024 17:45,132.0
8.11.2024 18:00,174.0
8.11.2024 18:15,252.0
8.11.2024 18:30,318.0
8.11.2024 18:45,438.0
8.11.2024 19:00,480.0
8.11.2024 19:15,564.0
8.11.2024 19:30,666.0
8.11.2024 19:45,822.0
8.11.2024 20:00,1356.0
8.11.2024 20:15,1908.0
8.11.2024 20:30,2088.0
8.11.2024 20:45,2088.0
8.11.2024 21:00,2034.0
8.11.2024 21:15,2046.0
8.11.2024 21:30,2046.0
8.11.2024 21:45,2010.0
8.11.2024 22:00,1548.0
8.11.2024 22:15,1722.0
8.11.2024 22:30,1692.0
8.11.2024 22:45,1524.0
8.11.2024 23:00,1764.0
8.11.2024 23:15,1632.0
8.11.2024 23:30,1530.0
8.11.2024 23:45,1716.0
9.11.2024 00:00,1728.0
9.11.2024 00:15,1968.0
9.11.2024 00:30,1974.0
9.11.2024 00:45,1812.0
9.11.2024 01:00,1506.0
9.11.2024 01:15,1392.0
9.11.2024 01:30,1242.0
9.11.2024 01:45,1548.0
9.11.2024 02:00,1314.0
9.11.2024 02:15,1344.0
9.11.2024 02:30,1476.0
9.11.2024 02:45,1416.0
9.11.2024 03:00,1506.0
9.11.2024 03:15,1632.0
9.11.2024 03:30,1638.0
9.11.2024 03:45,1428.0
9.11.2024 04:00,1590.0
9.11.2024 04:15,1608.0
9.11.2024 04:30,1476.0
9.11.2024 04:45,1734.0
9.11.2024 05:00,1728.0
9.11.2024 05:15,2040.0
9.11.2024 05:30,1890.0
9.11.2024 05:45,1992.0
9.11.2024 06:00,1944.0
9.11.2024 06:15,1956.0
9.11.2024 06:30,1812.0
9.11.2024 06:45,1968.0
9.11.2024 07:00,1704.0
9.11.2024 07:15,1716.0
9.11.2024 07:30,1662.0
9.11.2024 07:45,1062.0
9.11.2024 08:00,750.0
9.11.2024 08:15,1344.0
9.11.2024 08:30,1044.0
9.11.2024 08:45,1260.0
9.11.2024 09:00,1098.0
9.11.2024 09:15,1248.0
9.11.2024 09:30,1032.0
9.11.2024 09:45,780.0
9.11.2024 10:00,732.0
9.11.2024 10:15,732.0
9.11.2024 10:30,672.0
9.11.2024 10:45,684.0
9.11.2024 11:00,690.0
9.11.2024 11:15,636.0
9.11.2024 11:30,516.0
9.11.2024 11:45,726.0
9.11.2024 12:00,456.0
9.11.2024 12:15,546.0
9.11.2024 12:30,582.0
9.11.2024 12:45,570.0
9.11.2024 13:00,636.0
9.11.2024 13:15,762.0
9.11.2024 13:30,804.0
9.11.2024 13:45,750.0
9.11.2024 14:00,864.0
9.11.2024 14:15,912.0
9.11.2024 14:30,960.0
9.11.2024 14:45,960.0
9.11.2024 15:00,1116.0
9.11.2024 15:15,1074.0
9.11.2024 15:30,1134.0
9.11.2024 15:45,1188.0
9.11.2024 16:00,1452.0
9.11.2024 16:15,1392.0
9.11.2024 16:30,1428.0
9.11.2024 16:45,1626.0
9.11.2024 17:00,1608.0
9.11.2024 17:15,1812.0
9.11.2024 17:30,1926.0
9.11.2024 17:45,1824.0
9.11.2024 18:00,1890.0
9.11.2024 18:15,1872.0
9.11.2024 18:30,1854.0
9.11.2024 18:45,1986.0
9.11.2024 19:00,1836.0
9.11.2024 19:15,1614.0
9.11.2024 19:30,1638.0
9.11.2024 19:45,1458.0
9.11.2024 20:00,1236.0
9.11.2024 20:15,1854.0
9.11.2024 20:30,2082.0
9.11.2024 20:45,1920.0
9.11.2024 21:00,1824.0
9.11.2024 21:15,1962.0
9.11.2024 21:30,1596.0
9.11.2024 21:45,1650.0
9.11.2024 22:00,1728.0
9.11.2024 22:15,1620.0
9.11.2024 22:30,1710.0
9.11.2024 22:45,1692.0
9.11.2024 23:00,1746.0
9.11.2024 23:15,1746.0
9.11.2024 23:30,1632.0
9.11.2024 23:45,1674.0
10.11.2024 00:00,1644.0
10.11.2024 00:15,1662.0
10.11.2024 00:30,1956.0
10.11.2024 00:45,1638.0
10.11.2024 01:00,1590.0
10.11.2024 01:15,1608.0
10.11.2024 01:30,1536.0
10.11.2024 01:45,1620.0
10.11.2024 02:00,1602.0
10.11.2024 02:15,1560.0
10.11.2024 02:30,1698.0
10.11.2024 02:45,1500.0
10.11.2024 03:00,1698.0
10.11.2024 03:15,1974.0
10.11.2024 03:30,2004.0
10.11.2024 03:45,1896.0
10.11.2024 04:00,1806.0
10.11.2024 04:15,1776.0
10.11.2024 04:30,1800.0
10.11.2024 04:45,1704.0
10.11.2024 05:00,1596.0
10.11.2024 05:15,1614.0
10.11.2024 05:30,1590.0
10.11.2024 05:45,1932.0
10.11.2024 06:00,1860.0
10.11.2024 06:15,1860.0
10.11.2024 06:30,1944.0
10.11.2024 06:45,1746.0
10.11.2024 07:00,1476.0
10.11.2024 07:15,1380.0
10.11.2024 07:30,1764.0
10.11.2024 07:45,1140.0
10.11.2024 08:00,1080.0
10.11.2024 08:15,1158.0
10.11.2024 08:30,1236.0
10.11.2024 08:45,1242.0
10.11.2024 09:00,1230.0
10.11.2024 09:15,1056.0
10.11.2024 09:30,858.0
10.11.2024 09:45,672.0
10.11.2024 10:00,648.0
10.11.2024 10:15,624.0
10.11.2024 10:30,582.0
10.11.2024 10:45,636.0
10.11.2024 11:00,660.0
10.11.2024 11:15,678.0
10.11.2024 11:30,552.0
10.11.2024 11:45,666.0
10.11.2024 12:00,600.0
10.11.2024 12:15,660.0
10.11.2024 12:30,696.0
10.11.2024 12:45,672.0
10.11.2024 13:00,810.0
10.11.2024 13:15,1104.0
10.11.2024 13:30,924.0
10.11.2024 13:45,792.0
10.11.2024 14:00,828.0
10.11.2024 14:15,846.0
10.11.2024 14:30,984.0
10.11.2024 14:45,996.0
10.11.2024 15:00,1050.0
10.11.2024 15:15,1170.0
10.11.2024 15:30,1140.0
10.11.2024 15:45,1290.0
10.11.2024 16:00,1308.0
10.11.2024 16:15,1368.0
10.11.2024 16:30,1344.0
10.11.2024 16:45,1416.0
10.11.2024 17:00,1512.0
10.11.2024 17:15,1464.0
10.11.2024 17:30,1512.0
10.11.2024 17:45,1686.0
10.11.2024 18:00,2124.0
10.11.2024 18:15,1818.0
10.11.2024 18:30,1860.0
10.11.2024 18:45,1620.0
10.11.2024 19:00,1614.0
10.11.2024 19:15,1560.0
10.11.2024 19:30,1620.0
10.11.2024 19:45,1458.0
10.11.2024 20:00,1284.0
10.11.2024 20:15,1752.0
10.11.2024 20:30,1788.0
10.11.2024 20:45,2010.0
10.11.2024 21:00,2052.0
10.11.2024 21:15,2052.0
10.11.2024 21:30,2058.0
10.11.2024 21:45,1860.0
10.11.2024 22:00,1752.0
10.11.2024 22:15,1758.0
10.11.2024 22:30,1524.0
10.11.2024 22:45,1572.0
10.11.2024 23:00,1638.0
10.11.2024 23:15,1686.0
10.11.2024 23:30,1722.0
10.11.2024 23:45,1800.0
11.11.2024 00:00,1854.0
11.11.2024 00:15,1908.0
11.11.2024 00:30,1788.0
11.11.2024 00:45,1614.0
11.11.2024 01:00,1758.0
11.11.2024 01:15,1890.0
11.11.2024 01:30,1908.0
11.11.2024 01:45,1992.0
11.11.2024 02:00,1584.0
11.11.2024 02:15,1464.0
11.11.2024 02:30,1608.0
11.11.2024 02:45,1554.0
11.11.2024 03:00,1638.0
11.11.2024 03:15,1572.0
11.11.2024 03:30,1632.0
11.11.2024 03:45,1584.0
11.11.2024 04:00,1572.0
11.11.2024 04:15,1668.0
11.11.2024 04:30,1536.0
11.11.2024 04:45,1548.0
11.11.2024 05:00,1500.0
11.11.2024 05:15,1800.0
11.11.2024 05:30,1956.0
11.11.2024 05:45,1944.0
11.11.2024 06:00,1980.0
11.11.2024 06:15,2022.0
11.11.2024 06:30,1962.0
11.11.2024 06:45,1872.0
11.11.2024 07:00,1674.0
11.11.2024 07:15,1470.0
11.11.2024 07:30,1194.0
11.11.2024 07:45,1212.0
11.11.2024 08:00,726.0
11.11.2024 08:15,978.0
11.11.2024 08:30,1104.0
11.11.2024 08:45,1068.0
11.11.2024 09:00,1134.0
11.11.2024 09:15,1200.0
11.11.2024 09:30,1158.0
11.11.2024 09:45,1188.0
11.11.2024 10:00,840.0
11.11.2024 10:15,672.0
11.11.2024 10:30,684.0
11.11.2024 10:45,690.0
11.11.2024 11:00,774.0
11.11.2024 11:15,678.0
11.11.2024 11:30,690.0
11.11.2024 11:45,708.0
11.11.2024 12:00,810.0
11.11.2024 12:15,1074.0
11.11.2024 12:30,1140.0
11.11.2024 12:45,930.0
11.11.2024 13:00,684.0
11.11.2024 13:15,780.0
11.11.2024 13:30,966.0
11.11.2024 13:45,1092.0
11.11.2024 14:00,828.0
11.11.2024 14:15,816.0
11.11.2024 14:30,1020.0
11.11.2024 14:45,996.0
11.11.2024 15:00,1338.0
11.11.2024 15:15,1326.0
11.11.2024 15:30,1392.0
11.11.2024 15:45,1362.0
11.11.2024 16:00,1344.0
11.11.2024 16:15,1590.0
11.11.2024 16:30,1848.0
11.11.2024 16:45,1848.0
11.11.2024 17:00,1410.0
11.11.2024 17:15,1524.0
11.11.2024 17:30,2016.0
11.11.2024 17:45,2004.0
11.11.2024 18:00,1770.0
11.11.2024 18:15,1596.0
11.11.2024 18:30,1614.0
11.11.2024 18:45,1710.0
11.11.2024 19:00,2040.0
11.11.2024 19:15,1962.0
11.11.2024 19:30,1800.0
11.11.2024 19:45,1518.0
11.11.2024 20:00,1248.0
11.11.2024 20:15,1626.0
11.11.2024 20:30,1800.0
11.11.2024 20:45,1854.0
11.11.2024 21:00,1824.0
11.11.2024 21:15,1980.0
11.11.2024 21:30,1914.0
11.11.2024 21:45,2046.0
11.11.2024 22:00,1824.0
11.11.2024 22:15,1512.0
11.11.2024 22:30,1692.0
11.11.2024 22:45,1548.0
11.11.2024 23:00,1728.0
11.11.2024 23:15,1794.0
11.11.2024 23:30,1974.0
11.11.2024 23:45,1692.0
12.11.2024 00:00,1512.0
12.11.2024 00:15,1782.0
12.11.2024 00:30,2028.0
12.11.2024 00:45,1896.0
12.11.2024 01:00,1548.0
12.11.2024 01:15,1554.0
12.11.2024 01:30,1482.0
12.11.2024 01:45,1476.0
12.11.2024 02:00,1638.0
12.11.2024 02:15,1530.0
12.11.2024 02:30,1560.0
12.11.2024 02:45,1596.0
12.11.2024 03:00,1734.0
12.11.2024 03:15,1890.0
12.11.2024 03:30,2010.0
12.11.2024 03:45,1986.0
12.11.2024 04:00,1872.0
12.11.2024 04:15,1614.0
12.11.2024 04:30,1536.0
12.11.2024 04:45,1488.0
12.11.2024 05:00,1548.0
12.11.2024 05:15,1554.0
12.11.2024 05:30,1560.0
12.11.2024 05:45,1554.0
12.11.2024 06:00,1680.0
12.11.2024 06:15,1752.0
12.11.2024 06:30,1824.0
12.11.2024 06:45,1638.0
12.11.2024 07:00,1530.0
12.11.2024 07:15,1506.0
12.11.2024 07:30,1404.0
12.11.2024 07:45,1062.0
12.11.2024 08:00,738.0
12.11.2024 08:15,954.0
12.11.2024 08:30,1332.0
12.11.2024 08:45,1212.0
12.11.2024 09:00,1116.0
12.11.2024 09:15,1086.0
12.11.2024 09:30,912.0
12.11.2024 09:45,426.0
12.11.2024 10:00,552.0
12.11.2024 10:15,606.0
12.11.2024 10:30,480.0
12.11.2024 10:45,402.0
12.11.2024 11:00,624.0
12.11.2024 11:15,654.0
12.11.2024 11:30,702.0
12.11.2024 11:45,594.0
12.11.2024 12:00,720.0
12.11.2024 12:15,666.0
12.11.2024 12:30,978.0
12.11.2024 12:45,846.0
12.11.2024 13:00,324.0
12.11.2024 13:15,276.0
12.11.2024 13:30,588.0
12.11.2024 13:45,1152.0
12.11.2024 14:00,1110.0
12.11.2024 14:15,1416.0
12.11.2024 14:30,1044.0
12.11.2024 14:45,1248.0
12.11.2024 15:00,1146.0
12.11.2024 15:15,1308.0
12.11.2024 15:30,990.0
12.11.2024 15:45,1182.0
12.11.2024 16:00,1320.0
12.11.2024 16:15,1314.0
12.11.2024 16:30,1200.0
12.11.2024 16:45,1302.0
12.11.2024 17:00,1266.0
12.11.2024 17:15,1464.0
12.11.2024 17:30,1524.0
12.11.2024 17:45,1698.0
12.11.2024 18:00,1476.0
12.11.2024 18:15,1710.0
12.11.2024 18:30,1518.0
12.11.2024 18:45,1890.0
12.11.2024 19:00,1638.0
12.11.2024 19:15,1560.0
12.11.2024 19:30,1776.0
12.11.2024 19:45,1932.0
12.11.2024 20:00,1560.0
12.11.2024 20:15,1770.0
12.11.2024 20:30,1842.0
12.11.2024 20:45,1980.0
12.11.2024 21:00,1890.0
12.11.2024 21:15,1728.0
12.11.2024 21:30,1434.0
12.11.2024 21:45,1518.0
12.11.2024 22:00,1572.0
12.11.2024 22:15,1632.0
12.11.2024 22:30,1686.0
12.11.2024 22:45,1656.0
12.11.2024 23:00,1596.0
12.11.2024 23:15,1662.0
12.11.2024 23:30,1728.0
12.11.2024 23:45,1692.0
13.11.2024 00:00,1938.0
13.11.2024 00:15,1920.0
13.11.2024 00:30,2052.0
13.11.2024 00:45,1752.0
13.11.2024 01:00,1662.0
13.11.2024 01:15,1818.0
13.11.2024 01:30,1818.0
13.11.2024 01:45,1266.0
13.11.2024 02:00,1428.0
13.11.2024 02:15,1590.0
13.11.2024 02:30,1560.0
13.11.2024 02:45,1500.0
13.11.2024 03:00,1656.0
13.11.2024 03:15,1632.0
13.11.2024 03:30,1686.0
13.11.2024 03:45,1524.0
13.11.2024 04:00,1782.0
13.11.2024 04:15,1638.0
13.11.2024 04:30,1632.0
13.11.2024 04:45,1818.0
13.11.2024 05:00,1872.0
13.11.2024 05:15,1926.0
13.11.2024 05:30,1836.0
13.11.2024 05:45,1560.0
13.11.2024 06:00,1392.0
13.11.2024 06:15,1566.0
13.11.2024 06:30,1512.0
13.11.2024 06:45,1602.0
13.11.2024 07:00,1440.0
13.11.2024 07:15,1338.0
13.11.2024 07:30,1398.0
13.11.2024 07:45,1146.0
13.11.2024 08:00,882.0
13.11.2024 08:15,1020.0
13.11.2024 08:30,960.0
13.11.2024 08:45,1188.0
13.11.2024 09:00,1164.0
13.11.2024 09:15,924.0
13.11.2024 09:30,1026.0
13.11.2024 09:45,1128.0
13.11.2024 10:00,942.0
13.11.2024 10:15,936.0
13.11.2024 10:30,1020.0
13.11.2024 10:45,924.0
13.11.2024 11:00,780.0
13.11.2024 11:15,714.0
13.11.2024 11:30,1032.0
13.11.2024 11:45,810.0
13.11.2024 12:00,588.0
13.11.2024 12:15,642.0
13.11.2024 12:30,654.0
13.11.2024 12:45,648.0
13.11.2024 13:00,852.0
13.11.2024 13:15,1014.0
13.11.2024 13:30,1032.0
13.11.2024 13:45,948.0
13.11.2024 14:00,870.0
13.11.2024 14:15,1380.0
13.11.2024 14:30,1506.0
13.11.2024 14:45,1272.0
13.11.2024 15:00,1416.0
13.11.2024 15:15,1386.0
13.11.2024 15:30,1200.0
13.11.2024 15:45,1032.0
13.11.2024 16:00,1296.0
13.11.2024 16:15,1284.0
13.11.2024 16:30,1380.0
13.11.2024 16:45,1446.0
13.11.2024 17:00,1404.0
13.11.2024 17:15,1284.0
13.11.2024 17:30,1224.0
13.11.2024 17:45,1758.0
13.11.2024 18:00,1866.0
13.11.2024 18:15,1890.0
13.11.2024 18:30,1920.0
13.11.2024 18:45,1824.0
13.11.2024 19:00,1884.0
13.11.2024 19:15,1944.0
13.11.2024 19:30,2028.0
13.11.2024 19:45,1482.0
13.11.2024 20:00,1296.0
13.11.2024 20:15,1842.0
13.11.2024 20:30,2100.0
13.11.2024 20:45,2004.0
13.11.2024 21:00,1920.0
13.11.2024 21:15,1704.0
13.11.2024 21:30,1518.0
13.11.2024 21:45,1800.0
13.11.2024 22:00,1968.0
13.11.2024 22:15,1740.0
13.11.2024 22:30,1500.0
13.11.2024 22:45,1644.0
13.11.2024 23:00,1452.0
13.11.2024 23:15,1608.0
13.11.2024 23:30,1596.0
13.11.2024 23:45,1608.0
14.11.2024 00:00,1500.0
14.11.2024 00:15,1584.0
14.11.2024 00:30,1662.0
14.11.2024 00:45,1842.0
14.11.2024 01:00,1956.0
14.11.2024 01:15,1962.0
14.11.2024 01:30,1992.0
14.11.2024 01:45,1998.0
14.11.2024 02:00,1836.0
14.11.2024 02:15,1440.0
14.11.2024 02:30,1332.0
14.11.2024 02:45,1608.0
14.11.2024 03:00,1680.0
14.11.2024 03:15,1920.0
14.11.2024 03:30,2052.0
14.11.2024 03:45,2058.0
14.11.2024 04:00,1938.0
14.11.2024 04:15,1872.0
14.11.2024 04:30,1722.0
14.11.2024 04:45,2022.0
14.11.2024 05:00,1626.0
14.11.2024 05:15,1506.0
14.11.2024 05:30,1518.0
14.11.2024 05:45,1656.0
14.11.2024 06:00,1608.0
14.11.2024 06:15,1752.0
14.11.2024 06:30,1824.0
14.11.2024 06:45,1740.0
14.11.2024 07:00,1884.0
14.11.2024 07:15,1932.0
14.11.2024 07:30,1950.0
14.11.2024 07:45,1188.0
14.11.2024 08:00,990.0
14.11.2024 08:15,912.0
14.11.2024 08:30,1110.0
14.11.2024 08:45,1044.0
14.11.2024 09:00,894.0
14.11.2024 09:15,1014.0
14.11.2024 09:30,1074.0
14.11.2024 09:45,1026.0
14.11.2024 10:00,1164.0
14.11.2024 10:15,1026.0
14.11.2024 10:30,1272.0
14.11.2024 10:45,1092.0
14.11.2024 11:00,966.0
14.11.2024 11:15,996.0
14.11.2024 11:30,1146.0
14.11.2024 11:45,1254.0
14.11.2024 12:00,1356.0
14.11.2024 12:15,1686.0
14.11.2024 12:30,1872.0
14.11.2024 12:45,1716.0
14.11.2024 13:00,1596.0
14.11.2024 13:15,1518.0
14.11.2024 13:30,1338.0
14.11.2024 13:45,1242.0
14.11.2024 14:00,816.0
14.11.2024 14:15,690.0
14.11.2024 14:30,828.0
14.11.2024 14:45,906.0
14.11.2024 15:00,1002.0
14.11.2024 15:15,1452.0
14.11.2024 15:30,1260.0
14.11.2024 15:45,1308.0
14.11.2024 16:00,1494.0
14.11.2024 16:15,1728.0
14.11.2024 16:30,1644.0
14.11.2024 16:45,1806.0
14.11.2024 17:00,1836.0
14.11.2024 17:15,2028.0
14.11.2024 17:30,1926.0
14.11.2024 17:45,1944.0
14.11.2024 18:00,1830.0
14.11.2024 18:15,2052.0
14.11.2024 18:30,1950.0
14.11.2024 18:45,1974.0
14.11.2024 19:00,2148.0
14.11.2024 19:15,2136.0
14.11.2024 19:30,2034.0
14.11.2024 19:45,1788.0
14.11.2024 20:00,1266.0
14.11.2024 20:15,1602.0
14.11.2024 20:30,1890.0
14.11.2024 20:45,1872.0
14.11.2024 21:00,1704.0
14.11.2024 21:15,1908.0
14.11.2024 21:30,1848.0
14.11.2024 21:45,1920.0
14.11.2024 22:00,1890.0
14.11.2024 22:15,1926.0
14.11.2024 22:30,1824.0
14.11.2024 22:45,1800.0
14.11.2024 23:00,1668.0
14.11.2024 23:15,1602.0
14.11.2024 23:30,1632.0
14.11.2024 23:45,1662.0
15.11.2024 00:00,2022.0
15.11.2024 00:15,1836.0
15.11.2024 00:30,1968.0
15.11.2024 00:45,1926.0
15.11.2024 01:00,1944.0
15.11.2024 01:15,2088.0
15.11.2024 01:30,1560.0
15.11.2024 01:45,1494.0
15.11.2024 02:00,1404.0
15.11.2024 02:15,1686.0
15.11.2024 02:30,1776.0
15.11.2024 02:45,1854.0
15.11.2024 03:00,1680.0
15.11.2024 03:15,1506.0
15.11.2024 03:30,1662.0
15.11.2024 03:45,1656.0
15.11.2024 04:00,1674.0
15.11.2024 04:15,1770.0
15.11.2024 04:30,1896.0
15.11.2024 04:45,1932.0
15.11.2024 05:00,1872.0
15.11.2024 05:15,1866.0
15.11.2024 05:30,1872.0
15.11.2024 05:45,1938.0
15.11.2024 06:00,1740.0
15.11.2024 06:15,1668.0
15.11.2024 06:30,1164.0
15.11.2024 06:45,948.0
15.11.2024 07:00,882.0
15.11.2024 07:15,816.0
15.11.2024 07:30,600.0
15.11.2024 07:45,318.0
15.11.2024 08:00,204.0
15.11.2024 08:15,0.0
15.11.2024 08:30,6.0
15.11.2024 08:45,12.0
15.11.2024 09:00,18.0
15.11.2024 09:15,12.0
15.11.2024 09:30,12.0
15.11.2024 09:45,0.0
15.11.2024 10:00,0.0
15.11.2024 10:15,0.0
15.11.2024 10:30,0.0
15.11.2024 10:45,18.0
15.11.2024 11:00,12.0
15.11.2024 11:15,6.0
15.11.2024 11:30,0.0
15.11.2024 11:45,6.0
15.11.2024 12:00,0.0
15.11.2024 12:15,0.0
15.11.2024 12:30,0.0
15.11.2024 12:45,0.0
15.11.2024 13:00,0.0
15.11.2024 13:15,12.0
15.11.2024 13:30,12.0
15.11.2024 13:45,18.0
15.11.2024 14:00,12.0
15.11.2024 14:15,12.0
15.11.2024 14:30,12.0
15.11.2024 14:45,6.0
15.11.2024 15:00,12.0
15.11.2024 15:15,18.0
15.11.2024 15:30,12.0
15.11.2024 15:45,36.0
15.11.2024 16:00,60.0
15.11.2024 16:15,312.0
15.11.2024 16:30,372.0
15.11.2024 16:45,90.0
15.11.2024 17:00,72.0
15.11.2024 17:15,132.0
15.11.2024 17:30,144.0
15.11.2024 17:45,144.0
15.11.2024 18:00,138.0
15.11.2024 18:15,138.0
15.11.2024 18:30,144.0
15.11.2024 18:45,168.0
15.11.2024 19:00,180.0
15.11.2024 19:15,138.0
15.11.2024 19:30,138.0
15.11.2024 19:45,138.0
15.11.2024 20:00,144.0
15.11.2024 20:15,144.0
15.11.2024 20:30,150.0
15.11.2024 20:45,144.0
15.11.2024 21:00,150.0
15.11.2024 21:15,144.0
15.11.2024 21:30,144.0
15.11.2024 21:45,150.0
15.11.2024 22:00,144.0
15.11.2024 22:15,150.0
15.11.2024 22:30,168.0
15.11.2024 22:45,198.0
15.11.2024 23:00,192.0
15.11.2024 23:15,216.0
15.11.2024 23:30,216.0
15.11.2024 23:45,210.0
16.11.2024 00:00,210.0
16.11.2024 00:15,192.0
16.11.2024 00:30,186.0
16.11.2024 00:45,180.0
16.11.2024 01:00,174.0
16.11.2024 01:15,192.0
16.11.2024 01:30,180.0
16.11.2024 01:45,180.0
16.11.2024 02:00,186.0
16.11.2024 02:15,180.0
16.11.2024 02:30,186.0
16.11.2024 02:45,222.0
16.11.2024 03:00,228.0
16.11.2024 03:15,240.0
16.11.2024 03:30,234.0
16.11.2024 03:45,240.0
16.11.2024 04:00,240.0
16.11.2024 04:15,216.0
16.11.2024 04:30,198.0
16.11.2024 04:45,192.0
16.11.2024 05:00,198.0
16.11.2024 05:15,204.0
16.11.2024 05:30,198.0
16.11.2024 05:45,198.0
16.11.2024 06:00,228.0
16.11.2024 06:15,264.0
16.11.2024 06:30,312.0
16.11.2024 06:45,426.0
16.11.2024 07:00,498.0
16.11.2024 07:15,564.0
16.11.2024 07:30,732.0
16.11.2024 07:45,684.0
16.11.2024 08:00,708.0
16.11.2024 08:15,732.0
16.11.2024 08:30,732.0
16.11.2024 08:45,876.0
16.11.2024 09:00,840.0
16.11.2024 09:15,978.0
16.11.2024 09:30,1152.0
16.11.2024 09:45,1224.0
16.11.2024 10:00,1020.0
16.11.2024 10:15,1068.0
16.11.2024 10:30,1026.0
16.11.2024 10:45,1056.0
16.11.2024 11:00,1182.0
16.11.2024 11:15,1212.0
16.11.2024 11:30,1044.0
16.11.2024 11:45,1302.0
16.11.2024 12:00,1068.0
16.11.2024 12:15,834.0
16.11.2024 12:30,1176.0
16.11.2024 12:45,984.0
16.11.2024 13:00,1182.0
16.11.2024 13:15,1332.0
16.11.2024 13:30,1074.0
16.11.2024 13:45,786.0
16.11.2024 14:00,798.0
16.11.2024 14:15,774.0
16.11.2024 14:30,1008.0
16.11.2024 14:45,936.0
16.11.2024 15:00,1026.0
16.11.2024 15:15,1050.0
16.11.2024 15:30,1224.0
16.11.2024 15:45,1308.0
16.11.2024 16:00,1470.0
16.11.2024 16:15,1446.0
16.11.2024 16:30,1620.0
16.11.2024 16:45,1440.0
16.11.2024 17:00,1638.0
16.11.2024 17:15,1812.0
16.11.2024 17:30,1800.0
16.11.2024 17:45,1878.0
16.11.2024 18:00,1812.0
16.11.2024 18:15,1860.0
16.11.2024 18:30,1842.0
16.11.2024 18:45,1776.0
16.11.2024 19:00,1788.0
16.11.2024 19:15,1872.0
16.11.2024 19:30,1932.0
16.11.2024 19:45,1512.0
16.11.2024 20:00,1248.0
16.11.2024 20:15,1482.0
16.11.2024 20:30,1848.0
16.11.2024 20:45,1920.0
16.11.2024 21:00,1686.0
16.11.2024 21:15,1932.0
16.11.2024 21:30,1980.0
16.11.2024 21:45,1872.0
16.11.2024 22:00,1566.0
16.11.2024 22:15,1566.0
16.11.2024 22:30,1488.0
16.11.2024 22:45,1578.0
16.11.2024 23:00,1650.0
16.11.2024 23:15,1440.0
16.11.2024 23:30,1596.0
16.11.2024 23:45,1542.0
17.11.2024 00:00,1530.0
17.11.2024 00:15,1830.0
17.11.2024 00:30,1854.0
17.11.2024 00:45,1944.0
17.11.2024 01:00,1932.0
17.11.2024 01:15,1920.0
17.11.2024 01:30,1944.0
17.11.2024 01:45,1632.0
17.11.2024 02:00,1440.0
17.11.2024 02:15,1536.0
17.11.2024 02:30,1500.0
17.11.2024 02:45,1470.0
17.11.2024 03:00,1596.0
17.11.2024 03:15,1452.0
17.11.2024 03:30,1596.0
17.11.2024 03:45,1560.0
17.11.2024 04:00,1740.0
17.11.2024 04:15,1938.0
17.11.2024 04:30,1938.0
17.11.2024 04:45,1680.0
17.11.2024 05:00,1860.0
17.11.2024 05:15,1884.0
17.11.2024 05:30,1956.0
17.11.2024 05:45,1968.0
17.11.2024 06:00,1872.0
17.11.2024 06:15,1944.0
17.11.2024 06:30,1632.0
17.11.2024 06:45,1608.0
17.11.2024 07:00,1716.0
17.11.2024 07:15,1734.0
17.11.2024 07:30,1668.0
17.11.2024 07:45,1200.0
17.11.2024 08:00,804.0
17.11.2024 08:15,900.0
17.11.2024 08:30,1326.0
17.11.2024 08:45,1392.0
17.11.2024 09:00,978.0
17.11.2024 09:15,840.0
17.11.2024 09:30,726.0
17.11.2024 09:45,648.0
17.11.2024 10:00,786.0
17.11.2024 10:15,816.0
17.11.2024 10:30,576.0
17.11.2024 10:45,618.0
17.11.2024 11:00,714.0
17.11.2024 11:15,558.0
17.11.2024 11:30,462.0
17.11.2024 11:45,546.0
17.11.2024 12:00,498.0
17.11.2024 12:15,756.0
17.11.2024 12:30,894.0
17.11.2024 12:45,1242.0
17.11.2024 13:00,1176.0
17.11.2024 13:15,1644.0
17.11.2024 13:30,1422.0
17.11.2024 13:45,1152.0
17.11.2024 14:00,1326.0
17.11.2024 14:15,1512.0
17.11.2024 14:30,1500.0
17.11.2024 14:45,1512.0
17.11.2024 15:00,1158.0
17.11.2024 15:15,1440.0
17.11.2024 15:30,1350.0
17.11.2024 15:45,1272.0
17.11.2024 16:00,1248.0
17.11.2024 16:15,1260.0
17.11.2024 16:30,1320.0
17.11.2024 16:45,1320.0
17.11.2024 17:00,1380.0
17.11.2024 17:15,1476.0
17.11.2024 17:30,1638.0
17.11.2024 17:45,1794.0
17.11.2024 18:00,1812.0
17.11.2024 18:15,1878.0
17.11.2024 18:30,1662.0
17.11.2024 18:45,1728.0
17.11.2024 19:00,1812.0
17.11.2024 19:15,2004.0
17.11.2024 19:30,2028.0
17.11.2024 19:45,2046.0
17.11.2024 20:00,1422.0
17.11.2024 20:15,1500.0
17.11.2024 20:30,1614.0
17.11.2024 20:45,1584.0
17.11.2024 21:00,1734.0
17.11.2024 21:15,2052.0
17.11.2024 21:30,1908.0
17.11.2024 21:45,1710.0
17.11.2024 22:00,1962.0
17.11.2024 22:15,1854.0
17.11.2024 22:30,1650.0
17.11.2024 22:45,1566.0
17.11.2024 23:00,1506.0
17.11.2024 23:15,1482.0
17.11.2024 23:30,1494.0
17.11.2024 23:45,1896.0
18.11.2024 00:00,1956.0
18.11.2024 00:15,1680.0
18.11.2024 00:30,1620.0
18.11.2024 00:45,1614.0
18.11.2024 01:00,1704.0
18.11.2024 01:15,1680.0
18.11.2024 01:30,1668.0
18.11.2024 01:45,1914.0
18.11.2024 02:00,1872.0
18.11.2024 02:15,1500.0
18.11.2024 02:30,1464.0
18.11.2024 02:45,1404.0
18.11.2024 03:00,1482.0
18.11.2024 03:15,1314.0
18.11.2024 03:30,1212.0
18.11.2024 03:45,900.0
18.11.2024 04:00,792.0
18.11.2024 04:15,780.0
18.11.2024 04:30,780.0
18.11.2024 04:45,780.0
18.11.2024 05:00,768.0
18.11.2024 05:15,786.0
18.11.2024 05:30,840.0
18.11.2024 05:45,1212.0
18.11.2024 06:00,1770.0
18.11.2024 06:15,1878.0
18.11.2024 06:30,1596.0
18.11.2024 06:45,1236.0
18.11.2024 07:00,1116.0
18.11.2024 07:15,1074.0
18.11.2024 07:30,972.0
18.11.2024 07:45,1236.0
18.11.2024 08:00,930.0
18.11.2024 08:15,1272.0
18.11.2024 08:30,1164.0
18.11.2024 08:45,960.0
18.11.2024 09:00,1128.0
18.11.2024 09:15,1158.0
18.11.2024 09:30,918.0
18.11.2024 09:45,810.0
18.11.2024 10:00,756.0
18.11.2024 10:15,798.0
18.11.2024 10:30,732.0
18.11.2024 10:45,552.0
18.11.2024 11:00,1038.0
18.11.2024 11:15,828.0
18.11.2024 11:30,762.0
18.11.2024 11:45,696.0
18.11.2024 12:00,696.0
18.11.2024 12:15,690.0
18.11.2024 12:30,618.0
18.11.2024 12:45,906.0
18.11.2024 13:00,1068.0
18.11.2024 13:15,1092.0
18.11.2024 13:30,1356.0
18.11.2024 13:45,1182.0
18.11.2024 14:00,1092.0
18.11.2024 14:15,1272.0
18.11.2024 14:30,1446.0
18.11.2024 14:45,1080.0
18.11.2024 15:00,1086.0
18.11.2024 15:15,1122.0
18.11.2024 15:30,1134.0
18.11.2024 15:45,1314.0
18.11.2024 16:00,1428.0
18.11.2024 16:15,1620.0
18.11.2024 16:30,1836.0
18.11.2024 16:45,1878.0
18.11.2024 17:00,1770.0
18.11.2024 17:15,1884.0
18.11.2024 17:30,1932.0
18.11.2024 17:45,1860.0
18.11.2024 18:00,1884.0
18.11.2024 18:15,2088.0
18.11.2024 18:30,1926.0
18.11.2024 18:45,1980.0
18.11.2024 19:00,1902.0
18.11.2024 19:15,2052.0
18.11.2024 19:30,1554.0
18.11.2024 19:45,1224.0
18.11.2024 20:00,1236.0
18.11.2024 20:15,1512.0
18.11.2024 20:30,2100.0
18.11.2024 20:45,1998.0
18.11.2024 21:00,2124.0
18.11.2024 21:15,2076.0
18.11.2024 21:30,2166.0
18.11.2024 21:45,1968.0
18.11.2024 22:00,1716.0
18.11.2024 22:15,1590.0
18.11.2024 22:30,1692.0
18.11.2024 22:45,1668.0
18.11.2024 23:00,1452.0
18.11.2024 23:15,1680.0
18.11.2024 23:30,1692.0
18.11.2024 23:45,1776.0
19.11.2024 00:00,1590.0
19.11.2024 00:15,2118.0
19.11.2024 00:30,1938.0
19.11.2024 00:45,2130.0
19.11.2024 01:00,2046.0
19.11.2024 01:15,1626.0
19.11.2024 01:30,1626.0
19.11.2024 01:45,1638.0
19.11.2024 02:00,1626.0
19.11.2024 02:15,1680.0
19.11.2024 02:30,1572.0
19.11.2024 02:45,1674.0
19.11.2024 03:00,1674.0
19.11.2024 03:15,1698.0
19.11.2024 03:30,2028.0
19.11.2024 03:45,1992.0
19.11.2024 04:00,1914.0
19.11.2024 04:15,1704.0
19.11.2024 04:30,1776.0
19.11.2024 04:45,1986.0
19.11.2024 05:00,1938.0
19.11.2024 05:15,1920.0
19.11.2024 05:30,1842.0
19.11.2024 05:45,1848.0
19.11.2024 06:00,1686.0
19.11.2024 06:15,1980.0
19.11.2024 06:30,1902.0
19.11.2024 06:45,1848.0
19.11.2024 07:00,1872.0
19.11.2024 07:15,1962.0
19.11.2024 07:30,1830.0
19.11.2024 07:45,1332.0
19.11.2024 08:00,816.0
19.11.2024 08:15,1464.0
19.11.2024 08:30,1452.0
19.11.2024 08:45,1500.0
19.11.2024 09:00,1188.0
19.11.2024 09:15,1128.0
19.11.2024 09:30,1326.0
19.11.2024 09:45,1278.0
19.11.2024 10:00,966.0
19.11.2024 10:15,600.0
19.11.2024 10:30,798.0
19.11.2024 10:45,660.0
19.11.2024 11:00,828.0
19.11.2024 11:15,684.0
19.11.2024 11:30,852.0
19.11.2024 11:45,654.0
19.11.2024 12:00,636.0
19.11.2024 12:15,690.0
19.11.2024 12:30,1134.0
19.11.2024 12:45,768.0
19.11.2024 13:00,684.0
19.11.2024 13:15,972.0
19.11.2024 13:30,900.0
19.11.2024 13:45,588.0
19.11.2024 14:00,762.0
19.11.2024 14:15,1110.0
19.11.2024 14:30,1014.0
19.11.2024 14:45,1158.0
19.11.2024 15:00,1362.0
19.11.2024 15:15,1200.0
19.11.2024 15:30,1344.0
19.11.2024 15:45,1770.0
19.11.2024 16:00,1944.0
19.11.2024 16:15,2244.0
19.11.2024 16:30,1920.0
19.11.2024 16:45,1842.0
19.11.2024 17:00,1920.0
19.11.2024 17:15,2088.0
19.11.2024 17:30,2130.0
19.11.2024 17:45,2076.0
19.11.2024 18:00,2064.0
19.11.2024 18:15,1878.0
19.11.2024 18:30,1716.0
19.11.2024 18:45,1956.0
19.11.2024 19:00,1884.0
19.11.2024 19:15,2046.0
19.11.2024 19:30,1908.0
19.11.2024 19:45,1380.0
19.11.2024 20:00,1236.0
19.11.2024 20:15,1710.0
19.11.2024 20:30,2100.0
19.11.2024 20:45,2016.0
19.11.2024 21:00,2178.0
19.11.2024 21:15,1776.0
19.11.2024 21:30,1542.0
19.11.2024 21:45,1296.0
19.11.2024 22:00,1572.0
19.11.2024 22:15,1614.0
19.11.2024 22:30,1506.0
19.11.2024 22:45,1578.0
19.11.2024 23:00,1716.0
19.11.2024 23:15,1668.0
19.11.2024 23:30,1614.0
19.11.2024 23:45,1644.0
20.11.2024 00:00,2022.0
20.11.2024 00:15,1758.0
20.11.2024 00:30,1764.0
20.11.2024 00:45,1992.0
20.11.2024 01:00,2112.0
20.11.2024 01:15,2040.0
20.11.2024 01:30,1878.0
20.11.2024 01:45,1764.0
20.11.2024 02:00,1704.0
20.11.2024 02:15,1722.0
20.11.2024 02:30,1668.0
20.11.2024 02:45,1614.0
20.11.2024 03:00,1530.0
20.11.2024 03:15,1584.0
20.11.2024 03:30,1584.0
20.11.2024 03:45,1710.0
20.11.2024 04:00,1656.0
20.11.2024 04:15,1626.0
20.11.2024 04:30,1884.0
20.11.2024 04:45,1956.0
20.11.2024 05:00,1848.0
20.11.2024 05:15,1992.0
20.11.2024 05:30,1956.0
20.11.2024 05:45,1944.0
20.11.2024 06:00,1626.0
20.11.2024 06:15,1122.0
20.11.2024 06:30,984.0
20.11.2024 06:45,948.0
20.11.2024 07:00,846.0
20.11.2024 07:15,720.0
20.11.2024 07:30,366.0
20.11.2024 07:45,354.0
20.11.2024 08:00,324.0
20.11.2024 08:15,144.0
20.11.2024 08:30,6.0
20.11.2024 08:45,6.0
20.11.2024 09:00,6.0
20.11.2024 09:15,6.0
20.11.2024 09:30,6.0
20.11.2024 09:45,0.0
20.11.2024 10:00,0.0
20.11.2024 10:15,0.0
20.11.2024 10:30,6.0
20.11.2024 10:45,6.0
20.11.2024 11:00,0.0
20.11.2024 11:15,0.0
20.11.2024 11:30,0.0
20.11.2024 11:45,6.0
20.11.2024 12:00,6.0
20.11.2024 12:15,0.0
20.11.2024 12:30,0.0
20.11.2024 12:45,0.0
20.11.2024 13:00,6.0
20.11.2024 13:15,12.0
20.11.2024 13:30,6.0
20.11.2024 13:45,12.0
20.11.2024 14:00,12.0
20.11.2024 14:15,6.0
20.11.2024 14:30,12.0
20.11.2024 14:45,12.0
20.11.2024 15:00,6.0
20.11.2024 15:15,24.0
20.11.2024 15:30,18.0
20.11.2024 15:45,18.0
20.11.2024 16:00,60.0
20.11.2024 16:15,72.0
20.11.2024 16:30,102.0
20.11.2024 16:45,144.0
20.11.2024 17:00,102.0
20.11.2024 17:15,132.0
20.11.2024 17:30,144.0
20.11.2024 17:45,150.0
20.11.2024 18:00,150.0
20.11.2024 18:15,150.0
20.11.2024 18:30,150.0
20.11.2024 18:45,162.0
20.11.2024 19:00,150.0
20.11.2024 19:15,144.0
20.11.2024 19:30,150.0
20.11.2024 19:45,120.0
20.11.2024 20:00,138.0
20.11.2024 20:15,132.0
20.11.2024 20:30,144.0
20.11.2024 20:45,126.0
20.11.2024 21:00,144.0
20.11.2024 21:15,120.0
20.11.2024 21:30,144.0
20.11.2024 21:45,114.0
20.11.2024 22:00,102.0
20.11.2024 22:15,102.0
20.11.2024 22:30,120.0
20.11.2024 22:45,168.0
20.11.2024 23:00,180.0
20.11.2024 23:15,168.0
20.11.2024 23:30,162.0
20.11.2024 23:45,162.0
21.11.2024 00:00,156.0
21.11.2024 00:15,216.0
21.11.2024 00:30,216.0
21.11.2024 00:45,216.0
21.11.2024 01:00,216.0
21.11.2024 01:15,216.0
21.11.2024 01:30,210.0
21.11.2024 01:45,228.0
21.11.2024 02:00,264.0
21.11.2024 02:15,264.0
21.11.2024 02:30,246.0
21.11.2024 02:45,234.0
21.11.2024 03:00,222.0
21.11.2024 03:15,216.0
21.11.2024 03:30,216.0
21.11.2024 03:45,234.0
21.11.2024 04:00,240.0
21.11.2024 04:15,228.0
21.11.2024 04:30,210.0
21.11.2024 04:45,210.0
21.11.2024 05:00,210.0
21.11.2024 05:15,210.0
21.11.2024 05:30,204.0
21.11.2024 05:45,210.0
21.11.2024 06:00,270.0
21.11.2024 06:15,438.0
21.11.2024 06:30,486.0
21.11.2024 06:45,414.0
21.11.2024 07:00,384.0
21.11.2024 07:15,324.0
21.11.2024 07:30,354.0
21.11.2024 07:45,252.0
21.11.2024 08:00,312.0
21.11.2024 08:15,624.0
21.11.2024 08:30,1086.0
21.11.2024 08:45,1182.0
21.11.2024 09:00,1086.0
21.11.2024 09:15,1050.0
21.11.2024 09:30,1002.0
21.11.2024 09:45,1098.0
21.11.2024 10:00,1158.0
21.11.2024 10:15,954.0
21.11.2024 10:30,888.0
21.11.2024 10:45,792.0
21.11.2024 11:00,708.0
21.11.2024 11:15,678.0
21.11.2024 11:30,678.0
21.11.2024 11:45,696.0
21.11.2024 12:00,678.0
21.11.2024 12:15,720.0
21.11.2024 12:30,852.0
21.11.2024 12:45,708.0
21.11.2024 13:00,846.0
21.11.2024 13:15,942.0
21.11.2024 13:30,1326.0
21.11.2024 13:45,1404.0
21.11.2024 14:00,1476.0
21.11.2024 14:15,1308.0
21.11.2024 14:30,1026.0
21.11.2024 14:45,1002.0
21.11.2024 15:00,1134.0
21.11.2024 15:15,1542.0
21.11.2024 15:30,1896.0
21.11.2024 15:45,1704.0
21.11.2024 16:00,1836.0
21.11.2024 16:15,1830.0
21.11.2024 16:30,1878.0
21.11.2024 16:45,1788.0
21.11.2024 17:00,1560.0
21.11.2024 17:15,1710.0
21.11.2024 17:30,1614.0
21.11.2024 17:45,1656.0
21.11.2024 18:00,2052.0
21.11.2024 18:15,1980.0
21.11.2024 18:30,2040.0
21.11.2024 18:45,2010.0
21.11.2024 19:00,2028.0
21.11.2024 19:15,1908.0
21.11.2024 19:30,1998.0
21.11.2024 19:45,1824.0
21.11.2024 20:00,1290.0
21.11.2024 20:15,1830.0
21.11.2024 20:30,1884.0
21.11.2024 20:45,2004.0
21.11.2024 21:00,1974.0
21.11.2024 21:15,1860.0
21.11.2024 21:30,1968.0
21.11.2024 21:45,1992.0
21.11.2024 22:00,1806.0
21.11.2024 22:15,1830.0
21.11.2024 22:30,1932.0
21.11.2024 22:45,1728.0
21.11.2024 23:00,1644.0
21.11.2024 23:15,1656.0
21.11.2024 23:30,1740.0
21.11.2024 23:45,1602.0
22.11.2024 00:00,1680.0
22.11.2024 00:15,1608.0
22.11.2024 00:30,1800.0
22.11.2024 00:45,1800.0
22.11.2024 01:00,1722.0
22.11.2024 01:15,1848.0
22.11.2024 01:30,1824.0
22.11.2024 01:45,1908.0
22.11.2024 02:00,2010.0
22.11.2024 02:15,1800.0
22.11.2024 02:30,1602.0
22.11.2024 02:45,1698.0
22.11.2024 03:00,1722.0
22.11.2024 03:15,1512.0
22.11.2024 03:30,1608.0
22.11.2024 03:45,1608.0
22.11.2024 04:00,1728.0
22.11.2024 04:15,1854.0
22.11.2024 04:30,1878.0
22.11.2024 04:45,1830.0
22.11.2024 05:00,1878.0
22.11.2024 05:15,1944.0
22.11.2024 05:30,1872.0
22.11.2024 05:45,1464.0
22.11.2024 06:00,1458.0
22.11.2024 06:15,1722.0
22.11.2024 06:30,1944.0
22.11.2024 06:45,1896.0
22.11.2024 07:00,1812.0
22.11.2024 07:15,1608.0
22.11.2024 07:30,1260.0
22.11.2024 07:45,1230.0
22.11.2024 08:00,798.0
22.11.2024 08:15,1080.0
22.11.2024 08:30,1068.0
22.11.2024 08:45,942.0
22.11.2024 09:00,978.0
22.11.2024 09:15,786.0
22.11.2024 09:30,870.0
22.11.2024 09:45,960.0
22.11.2024 10:00,1158.0
22.11.2024 10:15,1044.0
22.11.2024 10:30,1008.0
22.11.2024 10:45,960.0
22.11.2024 11:00,822.0
22.11.2024 11:15,1098.0
22.11.2024 11:30,1014.0
22.11.2024 11:45,828.0
22.11.2024 12:00,486.0
22.11.2024 12:15,726.0
22.11.2024 12:30,780.0
22.11.2024 12:45,810.0
22.11.2024 13:00,1122.0
22.11.2024 13:15,1182.0
22.11.2024 13:30,1128.0
22.11.2024 13:45,1152.0
22.11.2024 14:00,1254.0
22.11.2024 14:15,1032.0
22.11.2024 14:30,1116.0
22.11.2024 14:45,954.0
22.11.2024 15:00,1116.0
22.11.2024 15:15,1428.0
22.11.2024 15:30,1314.0
22.11.2024 15:45,1398.0
22.11.2024 16:00,1380.0
22.11.2024 16:15,1500.0
22.11.2024 16:30,1416.0
22.11.2024 16:45,1512.0
22.11.2024 17:00,1476.0
22.11.2024 17:15,1506.0
22.11.2024 17:30,1488.0
22.11.2024 17:45,1572.0
22.11.2024 18:00,1698.0
22.11.2024 18:15,1860.0
22.11.2024 18:30,1896.0
22.11.2024 18:45,1842.0
22.11.2024 19:00,1890.0
22.11.2024 19:15,1938.0
22.11.2024 19:30,1962.0
22.11.2024 19:45,1848.0
22.11.2024 20:00,1794.0
22.11.2024 20:15,1956.0
22.11.2024 20:30,1902.0
22.11.2024 20:45,2052.0
22.11.2024 21:00,2040.0
22.11.2024 21:15,1998.0
22.11.2024 21:30,1986.0
22.11.2024 21:45,1476.0
22.11.2024 22:00,1740.0
22.11.2024 22:15,1854.0
22.11.2024 22:30,1872.0
22.11.2024 22:45,1776.0
22.11.2024 23:00,1626.0
22.11.2024 23:15,1776.0
22.11.2024 23:30,1692.0
22.11.2024 23:45,1902.0
23.11.2024 00:00,2058.0
23.11.2024 00:15,1950.0
23.11.2024 00:30,1632.0
23.11.2024 00:45,1764.0
23.11.2024 01:00,1884.0
23.11.2024 01:15,1890.0
23.11.2024 01:30,1878.0
23.11.2024 01:45,1662.0
23.11.2024 02:00,1704.0
23.11.2024 02:15,1830.0
23.11.2024 02:30,1944.0
23.11.2024 02:45,1872.0
23.11.2024 03:00,1710.0
23.11.2024 03:15,1680.0
23.11.2024 03:30,1632.0
23.11.2024 03:45,1608.0
23.11.2024 04:00,1362.0
23.11.2024 04:15,1686.0
23.11.2024 04:30,1788.0
23.11.2024 04:45,1848.0
23.11.2024 05:00,1914.0
23.11.2024 05:15,1992.0
23.11.2024 05:30,1902.0
23.11.2024 05:45,1440.0
23.11.2024 06:00,1512.0
23.11.2024 06:15,1824.0
23.11.2024 06:30,1680.0
23.11.2024 06:45,1488.0
23.11.2024 07:00,1458.0
23.11.2024 07:15,1422.0
23.11.2024 07:30,1368.0
23.11.2024 07:45,1110.0
23.11.2024 08:00,756.0
23.11.2024 08:15,930.0
23.11.2024 08:30,924.0
23.11.2024 08:45,756.0
23.11.2024 09:00,1020.0
23.11.2024 09:15,900.0
23.11.2024 09:30,864.0
23.11.2024 09:45,888.0
23.11.2024 10:00,840.0
23.11.2024 10:15,804.0
23.11.2024 10:30,816.0
23.11.2024 10:45,690.0
23.11.2024 11:00,864.0
23.11.2024 11:15,798.0
23.11.2024 11:30,924.0
23.11.2024 11:45,960.0
23.11.2024 12:00,906.0
23.11.2024 12:15,1014.0
23.11.2024 12:30,996.0
23.11.2024 12:45,906.0
23.11.2024 13:00,1308.0
23.11.2024 13:15,1326.0
23.11.2024 13:30,1194.0
23.11.2024 13:45,1302.0
23.11.2024 14:00,1146.0
23.11.2024 14:15,1152.0
23.11.2024 14:30,1044.0
23.11.2024 14:45,1038.0
23.11.2024 15:00,1296.0
23.11.2024 15:15,1272.0
23.11.2024 15:30,1164.0
23.11.2024 15:45,1584.0
23.11.2024 16:00,1638.0
23.11.2024 16:15,1860.0
23.11.2024 16:30,1920.0
23.11.2024 16:45,2016.0
23.11.2024 17:00,1962.0
23.11.2024 17:15,1638.0
23.11.2024 17:30,1674.0
23.11.2024 17:45,1752.0
23.11.2024 18:00,1668.0
23.11.2024 18:15,1626.0
23.11.2024 18:30,1848.0
23.11.2024 18:45,2034.0
23.11.2024 19:00,1896.0
23.11.2024 19:15,1596.0
23.11.2024 19:30,1596.0
23.11.2024 19:45,1488.0
23.11.2024 20:00,1368.0
23.11.2024 20:15,1848.0
23.11.2024 20:30,1962.0
23.11.2024 20:45,1860.0
23.11.2024 21:00,1686.0
23.11.2024 21:15,1974.0
23.11.2024 21:30,1956.0
23.11.2024 21:45,1938.0
23.11.2024 22:00,1344.0
23.11.2024 22:15,1266.0
23.11.2024 22:30,1602.0
23.11.2024 22:45,1950.0
23.11.2024 23:00,1842.0
23.11.2024 23:15,1878.0
23.11.2024 23:30,1596.0
23.11.2024 23:45,1290.0
24.11.2024 00:00,1290.0
24.11.2024 00:15,2016.0
24.11.2024 00:30,2040.0
24.11.2024 00:45,1998.0
24.11.2024 01:00,1716.0
24.11.2024 01:15,1536.0
24.11.2024 01:30,1710.0
24.11.2024 01:45,1776.0
24.11.2024 02:00,1794.0
24.11.2024 02:15,1878.0
24.11.2024 02:30,1974.0
24.11.2024 02:45,1596.0
24.11.2024 03:00,1548.0
24.11.2024 03:15,1848.0
24.11.2024 03:30,1800.0
24.11.2024 03:45,1848.0
24.11.2024 04:00,1836.0
24.11.2024 04:15,1752.0
24.11.2024 04:30,1752.0
24.11.2024 04:45,1410.0
24.11.2024 05:00,1656.0
24.11.2024 05:15,1830.0
24.11.2024 05:30,1890.0
24.11.2024 05:45,1698.0
24.11.2024 06:00,1260.0
24.11.2024 06:15,1632.0
24.11.2024 06:30,1896.0
24.11.2024 06:45,1896.0
24.11.2024 07:00,1950.0
24.11.2024 07:15,1506.0
24.11.2024 07:30,1248.0
24.11.2024 07:45,972.0
24.11.2024 08:00,786.0
24.11.2024 08:15,972.0
24.11.2024 08:30,1302.0
24.11.2024 08:45,1164.0
24.11.2024 09:00,840.0
24.11.2024 09:15,1116.0
24.11.2024 09:30,1140.0
24.11.2024 09:45,1428.0
24.11.2024 10:00,1422.0
24.11.2024 10:15,1374.0
24.11.2024 10:30,510.0
24.11.2024 10:45,672.0
24.11.2024 11:00,1134.0
24.11.2024 11:15,1284.0
24.11.2024 11:30,1020.0
24.11.2024 11:45,726.0
24.11.2024 12:00,630.0
24.11.2024 12:15,672.0
24.11.2024 12:30,696.0
24.11.2024 12:45,756.0
24.11.2024 13:00,990.0
24.11.2024 13:15,1302.0
24.11.2024 13:30,1434.0
24.11.2024 13:45,1158.0
24.11.2024 14:00,864.0
24.11.2024 14:15,936.0
24.11.2024 14:30,894.0
24.11.2024 14:45,1068.0
24.11.2024 15:00,1236.0
24.11.2024 15:15,1296.0
24.11.2024 15:30,1260.0
24.11.2024 15:45,1344.0
24.11.2024 16:00,1776.0
24.11.2024 16:15,1866.0
24.11.2024 16:30,1656.0
24.11.2024 16:45,1986.0
24.11.2024 17:00,1986.0
24.11.2024 17:15,1788.0
24.11.2024 17:30,1956.0
24.11.2024 17:45,1716.0
24.11.2024 18:00,1590.0
24.11.2024 18:15,1716.0
24.11.2024 18:30,1998.0
24.11.2024 18:45,2076.0
24.11.2024 19:00,1560.0
24.11.2024 19:15,1578.0
24.11.2024 19:30,1620.0
24.11.2024 19:45,1338.0
24.11.2024 20:00,1236.0
24.11.2024 20:15,1872.0
24.11.2024 20:30,1914.0
24.11.2024 20:45,2004.0
24.11.2024 21:00,1992.0
24.11.2024 21:15,2028.0
24.11.2024 21:30,1272.0
24.11.2024 21:45,1500.0
24.11.2024 22:00,1608.0
24.11.2024 22:15,1422.0
24.11.2024 22:30,1452.0
24.11.2024 22:45,1596.0
24.11.2024 23:00,1860.0
24.11.2024 23:15,1986.0
24.11.2024 23:30,1950.0
24.11.2024 23:45,1962.0
25.11.2024 00:00,2040.0
25.11.2024 00:15,1932.0
25.11.2024 00:30,1734.0
25.11.2024 00:45,1632.0
25.11.2024 01:00,1626.0
25.11.2024 01:15,1608.0
25.11.2024 01:30,1608.0
25.11.2024 01:45,1548.0
25.11.2024 02:00,1596.0
25.11.2024 02:15,1512.0
25.11.2024 02:30,1644.0
25.11.2024 02:45,1752.0
25.11.2024 03:00,1692.0
25.11.2024 03:15,1578.0
25.11.2024 03:30,1980.0
25.11.2024 03:45,2076.0
25.11.2024 04:00,1926.0
25.11.2024 04:15,2034.0
25.11.2024 04:30,1770.0
25.11.2024 04:45,1644.0
25.11.2024 05:00,1602.0
25.11.2024 05:15,1524.0
25.11.2024 05:30,1584.0
25.11.2024 05:45,1290.0
25.11.2024 06:00,1572.0
25.11.2024 06:15,1626.0
25.11.2024 06:30,1920.0
25.11.2024 06:45,1716.0
25.11.2024 07:00,1752.0
25.11.2024 07:15,1836.0
25.11.2024 07:30,1824.0
25.11.2024 07:45,1416.0
25.11.2024 08:00,1032.0
25.11.2024 08:15,1566.0
25.11.2024 08:30,1770.0
25.11.2024 08:45,1590.0
25.11.2024 09:00,1560.0
25.11.2024 09:15,1098.0
25.11.2024 09:30,1038.0
25.11.2024 09:45,924.0
25.11.2024 10:00,888.0
25.11.2024 10:15,816.0
25.11.2024 10:30,732.0
25.11.2024 10:45,972.0
25.11.2024 11:00,606.0
25.11.2024 11:15,666.0
25.11.2024 11:30,510.0
25.11.2024 11:45,1062.0
25.11.2024 12:00,1032.0
25.11.2024 12:15,1368.0
25.11.2024 12:30,1164.0
25.11.2024 12:45,984.0
25.11.2024 13:00,1332.0
25.11.2024 13:15,1428.0
25.11.2024 13:30,1398.0
25.11.2024 13:45,1314.0
25.11.2024 14:00,1074.0
25.11.2024 14:15,972.0
25.11.2024 14:30,1224.0
25.11.2024 14:45,1200.0
25.11.2024 15:00,1164.0
25.11.2024 15:15,1434.0
25.11.2024 15:30,1452.0
25.11.2024 15:45,1422.0
25.11.2024 16:00,1818.0
25.11.2024 16:15,2016.0
25.11.2024 16:30,1968.0
25.11.2024 16:45,1662.0
25.11.2024 17:00,1836.0
25.11.2024 17:15,1680.0
25.11.2024 17:30,1662.0
25.11.2024 17:45,1950.0
25.11.2024 18:00,2190.0
25.11.2024 18:15,2166.0
25.11.2024 18:30,1932.0
25.11.2024 18:45,1746.0
25.11.2024 19:00,1740.0
25.11.2024 19:15,1626.0
25.11.2024 19:30,1632.0
25.11.2024 19:45,1428.0
25.11.2024 20:00,1236.0
25.11.2024 20:15,1920.0
25.11.2024 20:30,2100.0
25.11.2024 20:45,2070.0
25.11.2024 21:00,1830.0
25.11.2024 21:15,1458.0
25.11.2024 21:30,1404.0
25.11.2024 21:45,1542.0
25.11.2024 22:00,1404.0
25.11.2024 22:15,1524.0
25.11.2024 22:30,1500.0
25.11.2024 22:45,1596.0
25.11.2024 23:00,1638.0
25.11.2024 23:15,1626.0
25.11.2024 23:30,1680.0
25.11.2024 23:45,1686.0
26.11.2024 00:00,1680.0
26.11.2024 00:15,1782.0
26.11.2024 00:30,1998.0
26.11.2024 00:45,2118.0
26.11.2024 01:00,2100.0
26.11.2024 01:15,1902.0
26.11.2024 01:30,1650.0
26.11.2024 01:45,1560.0
26.11.2024 02:00,1284.0
26.11.2024 02:15,1368.0
26.11.2024 02:30,1566.0
26.11.2024 02:45,1518.0
26.11.2024 03:00,1296.0
26.11.2024 03:15,1260.0
26.11.2024 03:30,1284.0
26.11.2024 03:45,1110.0
26.11.2024 04:00,1032.0
26.11.2024 04:15,930.0
26.11.2024 04:30,978.0
26.11.2024 04:45,1038.0
26.11.2024 05:00,1080.0
26.11.2024 05:15,1302.0
26.11.2024 05:30,1764.0
26.11.2024 05:45,1722.0
26.11.2024 06:00,1752.0
26.11.2024 06:15,1704.0
26.11.2024 06:30,1422.0
26.11.2024 06:45,1278.0
26.11.2024 07:00,1020.0
26.11.2024 07:15,852.0
26.11.2024 07:30,996.0
26.11.2024 07:45,930.0
26.11.2024 08:00,624.0
26.11.2024 08:15,744.0
26.11.2024 08:30,888.0
26.11.2024 08:45,1224.0
26.11.2024 09:00,1068.0
26.11.2024 09:15,1152.0
26.11.2024 09:30,1194.0
26.11.2024 09:45,1278.0
26.11.2024 10:00,1164.0
26.11.2024 10:15,780.0
26.11.2024 10:30,732.0
26.11.2024 10:45,612.0
26.11.2024 11:00,852.0
26.11.2024 11:15,828.0
26.11.2024 11:30,720.0
26.11.2024 11:45,702.0
26.11.2024 12:00,774.0
26.11.2024 12:15,876.0
26.11.2024 12:30,1212.0
26.11.2024 12:45,1074.0
26.11.2024 13:00,936.0
26.11.2024 13:15,1182.0
26.11.2024 13:30,1368.0
26.11.2024 13:45,1218.0
26.11.2024 14:00,924.0
26.11.2024 14:15,894.0
26.11.2024 14:30,936.0
26.11.2024 14:45,966.0
26.11.2024 15:00,1020.0
26.11.2024 15:15,1164.0
26.11.2024 15:30,1074.0
26.11.2024 15:45,1254.0
26.11.2024 16:00,1494.0
26.11.2024 16:15,1734.0
26.11.2024 16:30,1830.0
26.11.2024 16:45,1872.0
26.11.2024 17:00,1908.0
26.11.2024 17:15,1824.0
26.11.2024 17:30,2082.0
26.11.2024 17:45,2052.0
26.11.2024 18:00,1956.0
26.11.2024 18:15,2034.0
26.11.2024 18:30,1878.0
26.11.2024 18:45,2022.0
26.11.2024 19:00,1998.0
26.11.2024 19:15,1986.0
26.11.2024 19:30,1932.0
26.11.2024 19:45,1740.0
26.11.2024 20:00,1266.0
26.11.2024 20:15,1686.0
26.11.2024 20:30,2016.0
26.11.2024 20:45,1914.0
26.11.2024 21:00,2004.0
26.11.2024 21:15,2004.0
26.11.2024 21:30,2010.0
26.11.2024 21:45,1872.0
26.11.2024 22:00,1656.0
26.11.2024 22:15,1476.0
26.11.2024 22:30,1584.0
26.11.2024 22:45,1662.0
26.11.2024 23:00,1632.0
26.11.2024 23:15,1938.0
26.11.2024 23:30,1938.0
26.11.2024 23:45,1878.0
27.11.2024 00:00,1950.0
27.11.2024 00:15,1878.0
27.11.2024 00:30,1722.0
27.11.2024 00:45,1524.0
27.11.2024 01:00,1818.0
27.11.2024 01:15,1920.0
27.11.2024 01:30,1608.0
27.11.2024 01:45,1656.0
27.11.2024 02:00,1650.0
27.11.2024 02:15,1560.0
27.11.2024 02:30,1596.0
27.11.2024 02:45,1590.0
27.11.2024 03:00,1716.0
27.11.2024 03:15,1836.0
27.11.2024 03:30,1758.0
27.11.2024 03:45,1908.0
27.11.2024 04:00,1944.0
27.11.2024 04:15,1872.0
27.11.2024 04:30,1896.0
27.11.2024 04:45,1818.0
27.11.2024 05:00,1494.0
27.11.2024 05:15,1524.0
27.11.2024 05:30,1680.0
27.11.2024 05:45,1764.0
27.11.2024 06:00,1668.0
27.11.2024 06:15,1584.0
27.11.2024 06:30,1368.0
27.11.2024 06:45,1248.0
27.11.2024 07:00,882.0
27.11.2024 07:15,630.0
27.11.2024 07:30,438.0
27.11.2024 07:45,234.0
27.11.2024 08:00,234.0
27.11.2024 08:15,66.0
27.11.2024 08:30,126.0
27.11.2024 08:45,96.0
27.11.2024 09:00,12.0
27.11.2024 09:15,6.0
27.11.2024 09:30,12.0
27.11.2024 09:45,6.0
27.11.2024 10:00,6.0
27.11.2024 10:15,12.0
27.11.2024 10:30,18.0
27.11.2024 10:45,12.0
27.11.2024 11:00,12.0
27.11.2024 11:15,12.0
27.11.2024 11:30,12.0
27.11.2024 11:45,12.0
27.11.2024 12:00,0.0
27.11.2024 12:15,0.0
27.11.2024 12:30,0.0
27.11.2024 12:45,0.0
27.11.2024 13:00,0.0
27.11.2024 13:15,0.0
27.11.2024 13:30,0.0
27.11.2024 13:45,6.0
27.11.2024 14:00,30.0
27.11.2024 14:15,12.0
27.11.2024 14:30,18.0
27.11.2024 14:45,12.0
27.11.2024 15:00,18.0
27.11.2024 15:15,24.0
27.11.2024 15:30,36.0
27.11.2024 15:45,36.0
27.11.2024 16:00,60.0
27.11.2024 16:15,36.0
27.11.2024 16:30,60.0
27.11.2024 16:45,78.0
27.11.2024 17:00,114.0
27.11.2024 17:15,120.0
27.11.2024 17:30,132.0
27.11.2024 17:45,132.0
27.11.2024 18:00,138.0
27.11.2024 18:15,132.0
27.11.2024 18:30,138.0
27.11.2024 18:45,132.0
27.11.2024 19:00,120.0
27.11.2024 19:15,120.0
27.11.2024 19:30,120.0
27.11.2024 19:45,132.0
27.11.2024 20:00,162.0
27.11.2024 20:15,126.0
27.11.2024 20:30,84.0
27.11.2024 20:45,84.0
27.11.2024 21:00,120.0
27.11.2024 21:15,108.0
27.11.2024 21:30,114.0
27.11.2024 21:45,102.0
27.11.2024 22:00,102.0
27.11.2024 22:15,108.0
27.11.2024 22:30,150.0
27.11.2024 22:45,210.0
27.11.2024 23:00,252.0
27.11.2024 23:15,282.0
27.11.2024 23:30,240.0
27.11.2024 23:45,228.0
28.11.2024 00:00,222.0
28.11.2024 00:15,198.0
28.11.2024 00:30,204.0
28.11.2024 00:45,204.0
28.11.2024 01:00,228.0
28.11.2024 01:15,240.0
28.11.2024 01:30,210.0
28.11.2024 01:45,222.0
28.11.2024 02:00,198.0
28.11.2024 02:15,204.0
28.11.2024 02:30,210.0
28.11.2024 02:45,192.0
28.11.2024 03:00,186.0
28.11.2024 03:15,186.0
28.11.2024 03:30,186.0
28.11.2024 03:45,180.0
28.11.2024 04:00,180.0
28.11.2024 04:15,186.0
28.11.2024 04:30,198.0
28.11.2024 04:45,192.0
28.11.2024 05:00,192.0
28.11.2024 05:15,192.0
28.11.2024 05:30,192.0
28.11.2024 05:45,192.0
28.11.2024 06:00,204.0
28.11.2024 06:15,366.0
28.11.2024 06:30,468.0
28.11.2024 06:45,570.0
28.11.2024 07:00,576.0
28.11.2024 07:15,684.0
28.11.2024 07:30,606.0
28.11.2024 07:45,636.0
28.11.2024 08:00,618.0
28.11.2024 08:15,840.0
28.11.2024 08:30,888.0
28.11.2024 08:45,1236.0
28.11.2024 09:00,1092.0
28.11.2024 09:15,1044.0
28.11.2024 09:30,1068.0
28.11.2024 09:45,1092.0
28.11.2024 10:00,1044.0
28.11.2024 10:15,786.0
28.11.2024 10:30,870.0
28.11.2024 10:45,906.0
28.11.2024 11:00,1020.0
28.11.2024 11:15,1092.0
28.11.2024 11:30,828.0
28.11.2024 11:45,936.0
28.11.2024 12:00,912.0
28.11.2024 12:15,912.0
28.11.2024 12:30,1008.0
28.11.2024 12:45,936.0
28.11.2024 13:00,918.0
28.11.2024 13:15,1056.0
28.11.2024 13:30,1020.0
28.11.2024 13:45,1074.0
28.11.2024 14:00,1086.0
28.11.2024 14:15,996.0
28.11.2024 14:30,1056.0
28.11.2024 14:45,1212.0
28.11.2024 15:00,1344.0
28.11.2024 15:15,1752.0
28.11.2024 15:30,1716.0
28.11.2024 15:45,1302.0
28.11.2024 16:00,1470.0
28.11.2024 16:15,1524.0
28.11.2024 16:30,1524.0
28.11.2024 16:45,1878.0
28.11.2024 17:00,1704.0
28.11.2024 17:15,1566.0
28.11.2024 17:30,1752.0
28.11.2024 17:45,1896.0
28.11.2024 18:00,2016.0
28.11.2024 18:15,1992.0
28.11.2024 18:30,1842.0
28.11.2024 18:45,1794.0
28.11.2024 19:00,1968.0
28.11.2024 19:15,1944.0
28.11.2024 19:30,1980.0
28.11.2024 19:45,1722.0
28.11.2024 20:00,1296.0
28.11.2024 20:15,1608.0
28.11.2024 20:30,1590.0
28.11.2024 20:45,1776.0
28.11.2024 21:00,1926.0
28.11.2024 21:15,2124.0
28.11.2024 21:30,2034.0
28.11.2024 21:45,1878.0
28.11.2024 22:00,1584.0
28.11.2024 22:15,1572.0
28.11.2024 22:30,1530.0
28.11.2024 22:45,1512.0
28.11.2024 23:00,1722.0
28.11.2024 23:15,1662.0
28.11.2024 23:30,1632.0
28.11.2024 23:45,1686.0
29.11.2024 00:00,1644.0
29.11.2024 00:15,1692.0
29.11.2024 00:30,2040.0
29.11.2024 00:45,1926.0
29.11.2024 01:00,2076.0
29.11.2024 01:15,1842.0
29.11.2024 01:30,1848.0
29.11.2024 01:45,1656.0
29.11.2024 02:00,1734.0
29.11.2024 02:15,2142.0
29.11.2024 02:30,1944.0
29.11.2024 02:45,1944.0
29.11.2024 03:00,1968.0
29.11.2024 03:15,2004.0
29.11.2024 03:30,1674.0
29.11.2024 03:45,1578.0
29.11.2024 04:00,1602.0
29.11.2024 04:15,1620.0
29.11.2024 04:30,1626.0
29.11.2024 04:45,1674.0
29.11.2024 05:00,1800.0
29.11.2024 05:15,1734.0
29.11.2024 05:30,1560.0
29.11.2024 05:45,1488.0
29.11.2024 06:00,1800.0
29.11.2024 06:15,2046.0
29.11.2024 06:30,2046.0
29.11.2024 06:45,1536.0
29.11.2024 07:00,1488.0
29.11.2024 07:15,1446.0
29.11.2024 07:30,1428.0
29.11.2024 07:45,1734.0
29.11.2024 08:00,1560.0
29.11.2024 08:15,1728.0
29.11.2024 08:30,1536.0
29.11.2024 08:45,1530.0
29.11.2024 09:00,1392.0
29.11.2024 09:15,1356.0
29.11.2024 09:30,1488.0
29.11.2024 09:45,1140.0
29.11.2024 10:00,1140.0
29.11.2024 10:15,912.0
29.11.2024 10:30,660.0
29.11.2024 10:45,696.0
29.11.2024 11:00,798.0
29.11.2024 11:15,1068.0
29.11.2024 11:30,1248.0
29.11.2024 11:45,1152.0
29.11.2024 12:00,510.0
29.11.2024 12:15,852.0
29.11.2024 12:30,672.0
29.11.2024 12:45,690.0
29.11.2024 13:00,1128.0
29.11.2024 13:15,1188.0
29.11.2024 13:30,1020.0
29.11.2024 13:45,798.0
29.11.2024 14:00,810.0
29.11.2024 14:15,996.0
29.11.2024 14:30,948.0
29.11.2024 14:45,948.0
29.11.2024 15:00,1290.0
29.11.2024 15:15,1344.0
29.11.2024 15:30,1212.0
29.11.2024 15:45,1398.0
29.11.2024 16:00,1572.0
29.11.2024 16:15,1878.0
29.11.2024 16:30,1920.0
29.11.2024 16:45,1878.0
29.11.2024 17:00,1866.0
29.11.2024 17:15,1950.0
29.11.2024 17:30,1812.0
29.11.2024 17:45,1524.0
29.11.2024 18:00,1758.0
29.11.2024 18:15,2136.0
29.11.2024 18:30,2058.0
29.11.2024 18:45,2052.0
29.11.2024 19:00,2058.0
29.11.2024 19:15,2034.0
29.11.2024 19:30,2046.0
29.11.2024 19:45,1494.0
29.11.2024 20:00,1374.0
29.11.2024 20:15,1932.0
29.11.2024 20:30,2040.0
29.11.2024 20:45,2016.0
29.11.2024 21:00,1992.0
29.11.2024 21:15,1902.0
29.11.2024 21:30,2010.0
29.11.2024 21:45,1644.0
29.11.2024 22:00,1518.0
29.11.2024 22:15,1488.0
29.11.2024 22:30,1524.0
29.11.2024 22:45,1506.0
29.11.2024 23:00,1590.0
29.11.2024 23:15,1728.0
29.11.2024 23:30,1596.0
29.11.2024 23:45,1800.0
30.11.2024 00:00,1974.0
30.11.2024 00:15,2022.0
30.11.2024 00:30,1980.0
30.11.2024 00:45,1944.0
30.11.2024 01:00,2064.0
30.11.2024 01:15,1908.0
30.11.2024 01:30,2136.0
30.11.2024 01:45,1950.0
30.11.2024 02:00,2196.0
30.11.2024 02:15,1980.0
30.11.2024 02:30,2010.0
30.11.2024 02:45,1668.0
30.11.2024 03:00,1548.0
30.11.2024 03:15,1722.0
30.11.2024 03:30,1674.0
30.11.2024 03:45,1674.0
30.11.2024 04:00,1806.0
30.11.2024 04:15,2130.0
30.11.2024 04:30,1866.0
30.11.2024 04:45,2088.0
30.11.2024 05:00,1956.0
30.11.2024 05:15,1980.0
30.11.2024 05:30,1626.0
30.11.2024 05:45,1536.0
30.11.2024 06:00,1836.0
30.11.2024 06:15,2142.0
30.11.2024 06:30,2112.0
30.11.2024 06:45,1890.0
30.11.2024 07:00,1224.0
30.11.2024 07:15,1206.0
30.11.2024 07:30,1596.0
30.11.2024 07:45,1860.0
30.11.2024 08:00,1620.0
30.11.2024 08:15,1488.0
30.11.2024 08:30,1440.0
30.11.2024 08:45,852.0
30.11.2024 09:00,1314.0
30.11.2024 09:15,1380.0
30.11.2024 09:30,1272.0
30.11.2024 09:45,984.0
30.11.2024 10:00,552.0
30.11.2024 10:15,738.0
30.11.2024 10:30,744.0
30.11.2024 10:45,618.0
30.11.2024 11:00,546.0
30.11.2024 11:15,708.0
30.11.2024 11:30,684.0
30.11.2024 11:45,600.0
30.11.2024 12:00,714.0
30.11.2024 12:15,396.0
30.11.2024 12:30,684.0
30.11.2024 12:45,564.0
30.11.2024 13:00,726.0
30.11.2024 13:15,756.0
30.11.2024 13:30,852.0
30.11.2024 13:45,1266.0
30.11.2024 14:00,1272.0
30.11.2024 14:15,1308.0
30.11.2024 14:30,1398.0
30.11.2024 14:45,1554.0
30.11.2024 15:00,1044.0
30.11.2024 15:15,1104.0
30.11.2024 15:30,1236.0
30.11.2024 15:45,1350.0
30.11.2024 16:00,1506.0
30.11.2024 16:15,1458.0
30.11.2024 16:30,1794.0
30.11.2024 16:45,2004.0
30.11.2024 17:00,2028.0
30.11.2024 17:15,2184.0
30.11.2024 17:30,2082.0
30.11.2024 17:45,2142.0
30.11.2024 18:00,2022.0
30.11.2024 18:15,1782.0
30.11.2024 18:30,1782.0
30.11.2024 18:45,1884.0
30.11.2024 19:00,1770.0
30.11.2024 19:15,1716.0
30.11.2024 19:30,2118.0
30.11.2024 19:45,1404.0
30.11.2024 20:00,1314.0
30.11.2024 20:15,1962.0
30.11.2024 20:30,2208.0
30.11.2024 20:45,2100.0
30.11.2024 21:00,2070.0
30.11.2024 21:15,2112.0
30.11.2024 21:30,1860.0
30.11.2024 21:45,1632.0
30.11.2024 22:00,1560.0
30.11.2024 22:15,1692.0
30.11.2024 22:30,1584.0
30.11.2024 22:45,1560.0
30.11.2024 23:00,2028.0
30.11.2024 23:15,2070.0
30.11.2024 23:30,2028.0
30.11.2024 23:45,1800.0
1.12.2024 00:00,1842.0
1.12.2024 00:15,2154.0
1.12.2024 00:30,2106.0
1.12.2024 00:45,1680.0
1.12.2024 01:00,1704.0
1.12.2024 01:15,1476.0
1.12.2024 01:30,1692.0
1.12.2024 01:45,2004.0
1.12.2024 02:00,1590.0
1.12.2024 02:15,1686.0
1.12.2024 02:30,1674.0
1.12.2024 02:45,1470.0
1.12.2024 03:00,2088.0
1.12.2024 03:15,1938.0
1.12.2024 03:30,1830.0
1.12.2024 03:45,1776.0
1.12.2024 04:00,1932.0
1.12.2024 04:15,1974.0
1.12.2024 04:30,1878.0
1.12.2024 04:45,1998.0
1.12.2024 05:00,2010.0
1.12.2024 05:15,2052.0
1.12.2024 05:30,1998.0
1.12.2024 05:45,1968.0
1.12.2024 06:00,1740.0
1.12.2024 06:15,1308.0
1.12.2024 06:30,1980.0
1.12.2024 06:45,1986.0
1.12.2024 07:00,1872.0
1.12.2024 07:15,1734.0
1.12.2024 07:30,1650.0
1.12.2024 07:45,1080.0
1.12.2024 08:00,804.0
1.12.2024 08:15,1104.0
1.12.2024 08:30,1494.0
1.12.2024 08:45,1254.0
1.12.2024 09:00,966.0
1.12.2024 09:15,984.0
1.12.2024 09:30,930.0
1.12.2024 09:45,1092.0
1.12.2024 10:00,1152.0
1.12.2024 10:15,1164.0
1.12.2024 10:30,564.0
1.12.2024 10:45,372.0
1.12.2024 11:00,618.0
1.12.2024 11:15,792.0
1.12.2024 11:30,1104.0
1.12.2024 11:45,1176.0
1.12.2024 12:00,1062.0
1.12.2024 12:15,672.0
1.12.2024 12:30,588.0
1.12.2024 12:45,972.0
1.12.2024 13:00,1284.0
1.12.2024 13:15,1338.0
1.12.2024 13:30,1290.0
1.12.2024 13:45,516.0
1.12.2024 14:00,1254.0
1.12.2024 14:15,1416.0
1.12.2024 14:30,1140.0
1.12.2024 14:45,1008.0
1.12.2024 15:00,900.0
1.12.2024 15:15,1080.0
1.12.2024 15:30,1236.0
1.12.2024 15:45,1272.0
1.12.2024 16:00,1278.0
1.12.2024 16:15,1362.0
1.12.2024 16:30,1566.0
1.12.2024 16:45,1548.0
1.12.2024 17:00,1650.0
1.12.2024 17:15,1674.0
1.12.2024 17:30,1878.0
1.12.2024 17:45,1542.0
1.12.2024 18:00,1614.0
1.12.2024 18:15,1974.0
1.12.2024 18:30,2220.0
1.12.2024 18:45,2052.0
1.12.2024 19:00,2148.0
1.12.2024 19:15,2172.0
1.12.2024 19:30,2148.0
1.12.2024 19:45,1680.0
1.12.2024 20:00,1284.0
1.12.2024 20:15,1866.0
1.12.2024 20:30,2052.0
1.12.2024 20:45,2022.0
1.12.2024 21:00,1800.0
1.12.2024 21:15,1680.0
1.12.2024 21:30,1680.0
1.12.2024 21:45,1860.0
1.12.2024 22:00,2148.0
1.12.2024 22:15,2082.0
1.12.2024 22:30,2094.0
1.12.2024 22:45,2040.0
1.12.2024 23:00,1680.0
1.12.2024 23:15,1650.0
1.12.2024 23:30,1638.0
1.12.2024 23:45,1716.0
2.12.2024 00:00,1644.0
2.12.2024 00:15,1578.0
2.12.2024 00:30,1656.0
2.12.2024 00:45,1674.0
2.12.2024 01:00,1956.0
2.12.2024 01:15,2058.0
2.12.2024 01:30,2106.0
2.12.2024 01:45,2028.0
2.12.2024 02:00,1860.0
2.12.2024 02:15,1524.0
2.12.2024 02:30,1320.0
2.12.2024 02:45,1524.0
2.12.2024 03:00,1584.0
2.12.2024 03:15,1698.0
2.12.2024 03:30,1632.0
2.12.2024 03:45,1692.0
2.12.2024 04:00,1800.0
2.12.2024 04:15,2052.0
2.12.2024 04:30,1908.0
2.12.2024 04:45,2016.0
2.12.2024 05:00,1884.0
2.12.2024 05:15,1878.0
2.12.2024 05:30,1776.0
2.12.2024 05:45,1962.0
2.12.2024 06:00,1992.0
2.12.2024 06:15,1938.0
2.12.2024 06:30,1500.0
2.12.2024 06:45,1254.0
2.12.2024 07:00,1212.0
2.12.2024 07:15,1392.0
2.12.2024 07:30,1770.0
2.12.2024 07:45,1764.0
2.12.2024 08:00,1632.0
2.12.2024 08:15,1578.0
2.12.2024 08:30,1452.0
2.12.2024 08:45,1404.0
2.12.2024 09:00,816.0
2.12.2024 09:15,1308.0
2.12.2024 09:30,1296.0
2.12.2024 09:45,1200.0
2.12.2024 10:00,1128.0
2.12.2024 10:15,1230.0
2.12.2024 10:30,786.0
2.12.2024 10:45,384.0
2.12.2024 11:00,390.0
2.12.2024 11:15,396.0
2.12.2024 11:30,378.0
2.12.2024 11:45,660.0
2.12.2024 12:00,1092.0
2.12.2024 12:15,894.0
2.12.2024 12:30,1284.0
2.12.2024 12:45,1218.0
2.12.2024 13:00,1092.0
2.12.2024 13:15,1152.0
2.12.2024 13:30,1164.0
2.12.2024 13:45,1218.0
2.12.2024 14:00,1278.0
2.12.2024 14:15,1416.0
2.12.2024 14:30,1554.0
2.12.2024 14:45,1284.0
2.12.2024 15:00,1140.0
2.12.2024 15:15,1200.0
2.12.2024 15:30,1590.0
2.12.2024 15:45,1716.0
2.12.2024 16:00,1716.0
2.12.2024 16:15,1782.0
2.12.2024 16:30,1476.0
2.12.2024 16:45,1554.0
2.12.2024 17:00,1560.0
2.12.2024 17:15,1734.0
2.12.2024 17:30,1464.0
2.12.2024 17:45,1422.0
2.12.2024 18:00,1812.0
2.12.2024 18:15,2136.0
2.12.2024 18:30,2172.0
2.12.2024 18:45,2112.0
2.12.2024 19:00,2136.0
2.12.2024 19:15,2160.0
2.12.2024 19:30,2130.0
2.12.2024 19:45,1542.0
2.12.2024 20:00,1236.0
2.12.2024 20:15,1830.0
2.12.2024 20:30,1896.0
2.12.2024 20:45,1890.0
2.12.2024 21:00,2010.0
2.12.2024 21:15,1830.0
2.12.2024 21:30,1746.0
2.12.2024 21:45,1836.0
2.12.2024 22:00,1584.0
2.12.2024 22:15,1590.0
2.12.2024 22:30,1428.0
2.12.2024 22:45,1572.0
2.12.2024 23:00,1536.0
2.12.2024 23:15,1548.0
2.12.2024 23:30,1518.0
2.12.2024 23:45,1734.0
3.12.2024 00:00,1674.0
3.12.2024 00:15,1746.0
3.12.2024 00:30,1764.0
3.12.2024 00:45,2040.0
3.12.2024 01:00,2142.0
3.12.2024 01:15,2136.0
3.12.2024 01:30,1866.0
3.12.2024 01:45,1938.0
3.12.2024 02:00,1656.0
3.12.2024 02:15,1536.0
3.12.2024 02:30,1614.0
3.12.2024 02:45,1566.0
3.12.2024 03:00,1560.0
3.12.2024 03:15,1620.0
3.12.2024 03:30,1530.0
3.12.2024 03:45,1668.0
3.12.2024 04:00,1908.0
3.12.2024 04:15,1998.0
3.12.2024 04:30,1932.0
3.12.2024 04:45,1986.0
3.12.2024 05:00,1950.0
3.12.2024 05:15,1860.0
3.12.2024 05:30,1788.0
3.12.2024 05:45,1914.0
3.12.2024 06:00,1950.0
3.12.2024 06:15,1758.0
3.12.2024 06:30,1848.0
3.12.2024 06:45,1860.0
3.12.2024 07:00,1524.0
3.12.2024 07:15,1278.0
3.12.2024 07:30,1308.0
3.12.2024 07:45,1008.0
3.12.2024 08:00,804.0
3.12.2024 08:15,918.0
3.12.2024 08:30,990.0
3.12.2024 08:45,1008.0
3.12.2024 09:00,1326.0
3.12.2024 09:15,1098.0
3.12.2024 09:30,792.0
3.12.2024 09:45,912.0
3.12.2024 10:00,1050.0
3.12.2024 10:15,540.0
3.12.2024 10:30,624.0
3.12.2024 10:45,564.0
3.12.2024 11:00,804.0
3.12.2024 11:15,720.0
3.12.2024 11:30,696.0
3.12.2024 11:45,858.0
3.12.2024 12:00,918.0
3.12.2024 12:15,990.0
3.12.2024 12:30,1080.0
3.12.2024 12:45,1092.0
3.12.2024 13:00,756.0
3.12.2024 13:15,708.0
3.12.2024 13:30,954.0
3.12.2024 13:45,822.0
3.12.2024 14:00,888.0
3.12.2024 14:15,972.0
3.12.2024 14:30,984.0
3.12.2024 14:45,954.0
3.12.2024 15:00,1206.0
3.12.2024 15:15,1614.0
3.12.2024 15:30,1590.0
3.12.2024 15:45,1578.0
3.12.2024 16:00,1704.0
3.12.2024 16:15,1782.0
3.12.2024 16:30,1584.0
3.12.2024 16:45,1572.0
3.12.2024 17:00,1614.0
3.12.2024 17:15,1650.0
3.12.2024 17:30,1626.0
3.12.2024 17:45,1314.0
3.12.2024 18:00,1728.0
3.12.2024 18:15,2106.0
3.12.2024 18:30,1848.0
3.12.2024 18:45,2100.0
3.12.2024 19:00,2232.0
3.12.2024 19:15,2046.0
3.12.2024 19:30,1944.0
3.12.2024 19:45,1584.0
3.12.2024 20:00,1248.0
3.12.2024 20:15,1554.0
3.12.2024 20:30,2124.0
3.12.2024 20:45,2064.0
3.12.2024 21:00,2076.0
3.12.2024 21:15,2124.0
3.12.2024 21:30,2154.0
3.12.2024 21:45,1980.0
3.12.2024 22:00,1626.0
3.12.2024 22:15,1632.0
3.12.2024 22:30,1596.0
3.12.2024 22:45,1668.0
3.12.2024 23:00,1548.0
3.12.2024 23:15,1668.0
3.12.2024 23:30,1590.0
3.12.2024 23:45,1602.0
4.12.2024 00:00,1500.0
4.12.2024 00:15,1644.0
4.12.2024 00:30,1620.0
4.12.2024 00:45,2118.0
4.12.2024 01:00,1872.0
4.12.2024 01:15,1704.0
4.12.2024 01:30,1554.0
4.12.2024 01:45,1752.0
4.12.2024 02:00,2052.0
4.12.2024 02:15,2016.0
4.12.2024 02:30,2004.0
4.12.2024 02:45,1758.0
4.12.2024 03:00,1614.0
4.12.2024 03:15,1572.0
4.12.2024 03:30,1560.0
4.12.2024 03:45,1620.0
4.12.2024 04:00,1632.0
4.12.2024 04:15,1638.0
4.12.2024 04:30,1614.0
4.12.2024 04:45,1632.0
4.12.2024 05:00,1896.0
4.12.2024 05:15,2160.0
4.12.2024 05:30,1788.0
4.12.2024 05:45,1824.0
4.12.2024 06:00,1998.0
4.12.2024 06:15,1932.0
4.12.2024 06:30,1854.0
4.12.2024 06:45,1914.0
4.12.2024 07:00,1572.0
4.12.2024 07:15,1914.0
4.12.2024 07:30,1602.0
4.12.2024 07:45,1416.0
4.12.2024 08:00,816.0
4.12.2024 08:15,996.0
4.12.2024 08:30,1272.0
4.12.2024 08:45,1374.0
4.12.2024 09:00,1356.0
4.12.2024 09:15,1008.0
4.12.2024 09:30,492.0
4.12.2024 09:45,396.0
4.12.2024 10:00,408.0
4.12.2024 10:15,456.0
4.12.2024 10:30,816.0
4.12.2024 10:45,972.0
4.12.2024 11:00,996.0
4.12.2024 11:15,1164.0
4.12.2024 11:30,1074.0
4.12.2024 11:45,1236.0
4.12.2024 12:00,1140.0
4.12.2024 12:15,1038.0
4.12.2024 12:30,1080.0
4.12.2024 12:45,1140.0
4.12.2024 13:00,1200.0
4.12.2024 13:15,1266.0
4.12.2024 13:30,1338.0
4.12.2024 13:45,1380.0
4.12.2024 14:00,1230.0
4.12.2024 14:15,1446.0
4.12.2024 14:30,1368.0
4.12.2024 14:45,912.0
4.12.2024 15:00,1104.0
4.12.2024 15:15,1164.0
4.12.2024 15:30,1212.0
4.12.2024 15:45,1284.0
4.12.2024 16:00,1524.0
4.12.2024 16:15,1782.0
4.12.2024 16:30,1764.0
4.12.2024 16:45,1896.0
4.12.2024 17:00,1524.0
4.12.2024 17:15,1542.0
4.12.2024 17:30,1692.0
4.12.2024 17:45,1578.0
4.12.2024 18:00,1302.0
4.12.2024 18:15,1272.0
4.12.2024 18:30,1626.0
4.12.2024 18:45,1674.0
4.12.2024 19:00,1560.0
4.12.2024 19:15,1740.0
4.12.2024 19:30,1458.0
4.12.2024 19:45,1440.0
4.12.2024 20:00,1506.0
4.12.2024 20:15,1602.0
4.12.2024 20:30,1242.0
4.12.2024 20:45,1536.0
4.12.2024 21:00,1566.0
4.12.2024 21:15,1560.0
4.12.2024 21:30,1890.0
4.12.2024 21:45,1986.0
4.12.2024 22:00,1962.0
4.12.2024 22:15,2004.0
4.12.2024 22:30,1992.0
4.12.2024 22:45,2064.0
4.12.2024 23:00,2088.0
4.12.2024 23:15,2028.0
4.12.2024 23:30,2076.0
4.12.2024 23:45,1992.0
5.12.2024 00:00,1974.0
5.12.2024 00:15,2064.0
5.12.2024 00:30,2058.0
5.12.2024 00:45,1560.0
5.12.2024 01:00,1620.0
5.12.2024 01:15,1626.0
5.12.2024 01:30,1614.0
5.12.2024 01:45,1584.0
5.12.2024 02:00,2022.0
5.12.2024 02:15,2004.0
5.12.2024 02:30,1824.0
5.12.2024 02:45,2004.0
5.12.2024 03:00,2082.0
5.12.2024 03:15,1902.0
5.12.2024 03:30,1620.0
5.12.2024 03:45,1722.0
5.12.2024 04:00,1866.0
5.12.2024 04:15,2028.0
5.12.2024 04:30,1680.0
5.12.2024 04:45,1644.0
5.12.2024 05:00,1602.0
5.12.2024 05:15,1668.0
5.12.2024 05:30,1518.0
5.12.2024 05:45,1440.0
5.12.2024 06:00,1410.0
5.12.2024 06:15,1332.0
5.12.2024 06:30,1236.0
5.12.2024 06:45,966.0
5.12.2024 07:00,924.0
5.12.2024 07:15,780.0
5.12.2024 07:30,516.0
5.12.2024 07:45,396.0
5.12.2024 08:00,258.0
5.12.2024 08:15,0.0
5.12.2024 08:30,6.0
5.12.2024 08:45,6.0
5.12.2024 09:00,12.0
5.12.2024 09:15,18.0
5.12.2024 09:30,18.0
5.12.2024 09:45,18.0
5.12.2024 10:00,12.0
5.12.2024 10:15,12.0
5.12.2024 10:30,18.0
5.12.2024 10:45,18.0
5.12.2024 11:00,12.0
5.12.2024 11:15,18.0
5.12.2024 11:30,18.0
5.12.2024 11:45,12.0
5.12.2024 12:00,0.0
5.12.2024 12:15,0.0
5.12.2024 12:30,6.0
5.12.2024 12:45,6.0
5.12.2024 13:00,12.0
5.12.2024 13:15,18.0
5.12.2024 13:30,12.0
5.12.2024 13:45,6.0
5.12.2024 14:00,12.0
5.12.2024 14:15,18.0
5.12.2024 14:30,6.0
5.12.2024 14:45,0.0
5.12.2024 15:00,6.0
5.12.2024 15:15,18.0
5.12.2024 15:30,18.0
5.12.2024 15:45,24.0
5.12.2024 16:00,18.0
5.12.2024 16:15,12.0
5.12.2024 16:30,84.0
5.12.2024 16:45,78.0
5.12.2024 17:00,102.0
5.12.2024 17:15,132.0
5.12.2024 17:30,144.0
5.12.2024 17:45,150.0
5.12.2024 18:00,156.0
5.12.2024 18:15,156.0
5.12.2024 18:30,156.0
5.12.2024 18:45,150.0
5.12.2024 19:00,150.0
5.12.2024 19:15,156.0
5.12.2024 19:30,156.0
5.12.2024 19:45,162.0
5.12.2024 20:00,228.0
5.12.2024 20:15,216.0
5.12.2024 20:30,174.0
5.12.2024 20:45,168.0
5.12.2024 21:00,180.0
5.12.2024 21:15,144.0
5.12.2024 21:30,132.0
5.12.2024 21:45,132.0
5.12.2024 22:00,138.0
5.12.2024 22:15,132.0
5.12.2024 22:30,198.0
5.12.2024 22:45,156.0
5.12.2024 23:00,186.0
5.12.2024 23:15,192.0
5.12.2024 23:30,192.0
5.12.2024 23:45,192.0
6.12.2024 00:00,156.0
6.12.2024 00:15,144.0
6.12.2024 00:30,162.0
6.12.2024 00:45,162.0
6.12.2024 01:00,144.0
6.12.2024 01:15,162.0
6.12.2024 01:30,156.0
6.12.2024 01:45,216.0
6.12.2024 02:00,210.0
6.12.2024 02:15,228.0
6.12.2024 02:30,216.0
6.12.2024 02:45,216.0
6.12.2024 03:00,210.0
6.12.2024 03:15,246.0
6.12.2024 03:30,276.0
6.12.2024 03:45,258.0
6.12.2024 04:00,276.0
6.12.2024 04:15,228.0
6.12.2024 04:30,246.0
6.12.2024 04:45,258.0
6.12.2024 05:00,270.0
6.12.2024 05:15,246.0
6.12.2024 05:30,240.0
6.12.2024 05:45,288.0
6.12.2024 06:00,348.0
6.12.2024 06:15,558.0
6.12.2024 06:30,534.0
6.12.2024 06:45,462.0
6.12.2024 07:00,564.0
6.12.2024 07:15,726.0
6.12.2024 07:30,780.0
6.12.2024 07:45,480.0
6.12.2024 08:00,780.0
6.12.2024 08:15,984.0
6.12.2024 08:30,1068.0
6.12.2024 08:45,1386.0
6.12.2024 09:00,1230.0
6.12.2024 09:15,1302.0
6.12.2024 09:30,1200.0
6.12.2024 09:45,1176.0
6.12.2024 10:00,1068.0
6.12.2024 10:15,972.0
6.12.2024 10:30,1170.0
6.12.2024 10:45,1224.0
6.12.2024 11:00,1068.0
6.12.2024 11:15,1260.0
6.12.2024 11:30,1176.0
6.12.2024 11:45,1026.0
6.12.2024 12:00,792.0
6.12.2024 12:15,822.0
6.12.2024 12:30,684.0
6.12.2024 12:45,714.0
6.12.2024 13:00,876.0
6.12.2024 13:15,1254.0
6.12.2024 13:30,1224.0
6.12.2024 13:45,1302.0
6.12.2024 14:00,1242.0
6.12.2024 14:15,1164.0
6.12.2024 14:30,1248.0
6.12.2024 14:45,858.0
6.12.2024 15:00,42.0
6.12.2024 15:15,552.0
6.12.2024 15:30,1620.0
6.12.2024 15:45,1380.0
6.12.2024 16:00,1314.0
6.12.2024 16:15,1398.0
6.12.2024 16:30,1488.0
6.12.2024 16:45,1608.0
6.12.2024 17:00,1908.0
6.12.2024 17:15,1800.0
6.12.2024 17:30,2046.0
6.12.2024 17:45,1890.0
6.12.2024 18:00,1968.0
6.12.2024 18:15,1962.0
6.12.2024 18:30,1920.0
6.12.2024 18:45,1932.0
6.12.2024 19:00,1884.0
6.12.2024 19:15,1788.0
6.12.2024 19:30,1716.0
6.12.2024 19:45,1494.0
6.12.2024 20:00,1236.0
6.12.2024 20:15,1524.0
6.12.2024 20:30,2010.0
6.12.2024 20:45,1986.0
6.12.2024 21:00,1962.0
6.12.2024 21:15,2064.0
6.12.2024 21:30,1860.0
6.12.2024 21:45,1560.0
6.12.2024 22:00,1680.0
6.12.2024 22:15,1542.0
6.12.2024 22:30,1524.0
6.12.2024 22:45,1602.0
6.12.2024 23:00,1644.0
6.12.2024 23:15,1656.0
6.12.2024 23:30,1656.0
6.12.2024 23:45,1674.0
7.12.2024 00:00,1596.0
7.12.2024 00:15,1620.0
7.12.2024 00:30,1632.0
7.12.2024 00:45,1644.0
7.12.2024 01:00,1734.0
7.12.2024 01:15,1668.0
7.12.2024 01:30,1650.0
7.12.2024 01:45,1644.0
7.12.2024 02:00,1596.0
7.12.2024 02:15,1632.0
7.12.2024 02:30,1560.0
7.12.2024 02:45,1632.0
7.12.2024 03:00,1698.0
7.12.2024 03:15,1704.0
7.12.2024 03:30,1668.0
7.12.2024 03:45,1626.0
7.12.2024 04:00,1554.0
7.12.2024 04:15,1692.0
7.12.2024 04:30,2028.0
7.12.2024 04:45,1980.0
7.12.2024 05:00,1956.0
7.12.2024 05:15,1812.0
7.12.2024 05:30,1728.0
7.12.2024 05:45,1632.0
7.12.2024 06:00,1776.0
7.12.2024 06:15,1998.0
7.12.2024 06:30,1752.0
7.12.2024 06:45,1680.0
7.12.2024 07:00,1452.0
7.12.2024 07:15,1584.0
7.12.2024 07:30,1344.0
7.12.2024 07:45,1164.0
7.12.2024 08:00,1230.0
7.12.2024 08:15,936.0
7.12.2024 08:30,156.0
7.12.2024 08:45,354.0
7.12.2024 09:00,282.0
7.12.2024 09:15,264.0
7.12.2024 09:30,408.0
7.12.2024 09:45,264.0
7.12.2024 10:00,204.0
7.12.2024 10:15,630.0
7.12.2024 10:30,834.0
7.12.2024 10:45,1248.0
7.12.2024 11:00,1338.0
7.12.2024 11:15,1230.0
7.12.2024 11:30,1140.0
7.12.2024 11:45,1086.0
7.12.2024 12:00,1110.0
7.12.2024 12:15,1146.0
7.12.2024 12:30,588.0
7.12.2024 12:45,444.0
7.12.2024 13:00,1050.0
7.12.2024 13:15,1188.0
7.12.2024 13:30,1056.0
7.12.2024 13:45,1200.0
7.12.2024 14:00,1416.0
7.12.2024 14:15,1260.0
7.12.2024 14:30,876.0
7.12.2024 14:45,1158.0
7.12.2024 15:00,1362.0
7.12.2024 15:15,1284.0
7.12.2024 15:30,1656.0
7.12.2024 15:45,1836.0
7.12.2024 16:00,1656.0
7.12.2024 16:15,1764.0
7.12.2024 16:30,1926.0
7.12.2024 16:45,1932.0
7.12.2024 17:00,1878.0
7.12.2024 17:15,2016.0
7.12.2024 17:30,1938.0
7.12.2024 17:45,1980.0
7.12.2024 18:00,1704.0
7.12.2024 18:15,1782.0
7.12.2024 18:30,1740.0
7.12.2024 18:45,1494.0
7.12.2024 19:00,1782.0
7.12.2024 19:15,2028.0
7.12.2024 19:30,2184.0
7.12.2024 19:45,1608.0
7.12.2024 20:00,1266.0
7.12.2024 20:15,1746.0
7.12.2024 20:30,1812.0
7.12.2024 20:45,1764.0
7.12.2024 21:00,1878.0
7.12.2024 21:15,1932.0
7.12.2024 21:30,1836.0
7.12.2024 21:45,1824.0
7.12.2024 22:00,1578.0
7.12.2024 22:15,1632.0
7.12.2024 22:30,1836.0
7.12.2024 22:45,1752.0
7.12.2024 23:00,1488.0
7.12.2024 23:15,1452.0
7.12.2024 23:30,1710.0
7.12.2024 23:45,1920.0
8.12.2024 00:00,1998.0
8.12.2024 00:15,2028.0
8.12.2024 00:30,1662.0
8.12.2024 00:45,1512.0
8.12.2024 01:00,1644.0
8.12.2024 01:15,1656.0
8.12.2024 01:30,1818.0
8.12.2024 01:45,1896.0
8.12.2024 02:00,1728.0
8.12.2024 02:15,1560.0
8.12.2024 02:30,1446.0
8.12.2024 02:45,1572.0
8.12.2024 03:00,1590.0
8.12.2024 03:15,1404.0
8.12.2024 03:30,1482.0
8.12.2024 03:45,1782.0
8.12.2024 04:00,1962.0
8.12.2024 04:15,1956.0
8.12.2024 04:30,1914.0
8.12.2024 04:45,1806.0
8.12.2024 05:00,1758.0
8.12.2024 05:15,1842.0
8.12.2024 05:30,1806.0
8.12.2024 05:45,1908.0
8.12.2024 06:00,1620.0
8.12.2024 06:15,1368.0
8.12.2024 06:30,1080.0
8.12.2024 06:45,960.0
8.12.2024 07:00,882.0
8.12.2024 07:15,804.0
8.12.2024 07:30,432.0
8.12.2024 07:45,360.0
8.12.2024 08:00,288.0
8.12.2024 08:15,204.0
8.12.2024 08:30,0.0
8.12.2024 08:45,0.0
8.12.2024 09:00,0.0
8.12.2024 09:15,0.0
8.12.2024 09:30,0.0
8.12.2024 09:45,0.0
8.12.2024 10:00,6.0
8.12.2024 10:15,0.0
8.12.2024 10:30,0.0
8.12.2024 10:45,6.0
8.12.2024 11:00,6.0
8.12.2024 11:15,0.0
8.12.2024 11:30,0.0
8.12.2024 11:45,0.0
8.12.2024 12:00,0.0
8.12.2024 12:15,0.0
8.12.2024 12:30,0.0
8.12.2024 12:45,0.0
8.12.2024 13:00,0.0
8.12.2024 13:15,0.0
8.12.2024 13:30,0.0
8.12.2024 13:45,0.0
8.12.2024 14:00,6.0
8.12.2024 14:15,6.0
8.12.2024 14:30,12.0
8.12.2024 14:45,6.0
8.12.2024 15:00,0.0
8.12.2024 15:15,6.0
8.12.2024 15:30,6.0
8.12.2024 15:45,0.0
8.12.2024 16:00,36.0
8.12.2024 16:15,84.0
8.12.2024 16:30,126.0
8.12.2024 16:45,156.0
8.12.2024 17:00,180.0
8.12.2024 17:15,204.0
8.12.2024 17:30,216.0
8.12.2024 17:45,216.0
8.12.2024 18:00,216.0
8.12.2024 18:15,216.0
8.12.2024 18:30,222.0
8.12.2024 18:45,216.0
8.12.2024 19:00,348.0
8.12.2024 19:15,510.0
8.12.2024 19:30,588.0
8.12.2024 19:45,624.0
8.12.2024 20:00,864.0
8.12.2024 20:15,924.0
8.12.2024 20:30,900.0
8.12.2024 20:45,882.0
8.12.2024 21:00,1392.0
8.12.2024 21:15,1602.0
8.12.2024 21:30,1746.0
8.12.2024 21:45,1908.0
8.12.2024 22:00,1848.0
8.12.2024 22:15,1686.0
8.12.2024 22:30,1494.0
8.12.2024 22:45,1788.0
8.12.2024 23:00,1860.0
8.12.2024 23:15,1872.0
8.12.2024 23:30,1866.0
8.12.2024 23:45,1914.0
9.12.2024 00:00,1896.0
9.12.2024 00:15,1746.0
9.12.2024 00:30,1926.0
9.12.2024 00:45,1890.0
9.12.2024 01:00,1878.0
9.12.2024 01:15,1794.0
9.12.2024 01:30,1980.0
9.12.2024 01:45,1914.0
9.12.2024 02:00,1464.0
9.12.2024 02:15,1524.0
9.12.2024 02:30,1836.0
9.12.2024 02:45,1692.0
9.12.2024 03:00,1884.0
9.12.2024 03:15,1722.0
9.12.2024 03:30,1878.0
9.12.2024 03:45,1644.0
9.12.2024 04:00,1590.0
9.12.2024 04:15,1818.0
9.12.2024 04:30,1848.0
9.12.2024 04:45,1800.0
9.12.2024 05:00,1674.0
9.12.2024 05:15,1488.0
9.12.2024 05:30,1650.0
9.12.2024 05:45,1788.0
9.12.2024 06:00,1686.0
9.12.2024 06:15,1656.0
9.12.2024 06:30,1668.0
9.12.2024 06:45,1740.0
9.12.2024 07:00,1818.0
9.12.2024 07:15,1794.0
9.12.2024 07:30,1680.0
9.12.2024 07:45,1068.0
9.12.2024 08:00,804.0
9.12.2024 08:15,1074.0
9.12.2024 08:30,1044.0
9.12.2024 08:45,1026.0
9.12.2024 09:00,942.0
9.12.2024 09:15,894.0
9.12.2024 09:30,930.0
9.12.2024 09:45,858.0
9.12.2024 10:00,888.0
9.12.2024 10:15,918.0
9.12.2024 10:30,672.0
9.12.2024 10:45,630.0
9.12.2024 11:00,894.0
9.12.2024 11:15,1056.0
9.12.2024 11:30,474.0
9.12.2024 11:45,576.0
9.12.2024 12:00,1062.0
9.12.2024 12:15,1014.0
9.12.2024 12:30,810.0
9.12.2024 12:45,708.0
9.12.2024 13:00,696.0
9.12.2024 13:15,690.0
9.12.2024 13:30,780.0
9.12.2024 13:45,948.0
9.12.2024 14:00,1122.0
9.12.2024 14:15,1248.0
9.12.2024 14:30,1212.0
9.12.2024 14:45,1038.0
9.12.2024 15:00,1290.0
9.12.2024 15:15,1476.0
9.12.2024 15:30,1332.0
9.12.2024 15:45,1356.0
9.12.2024 16:00,1656.0
9.12.2024 16:15,1590.0
9.12.2024 16:30,1416.0
9.12.2024 16:45,1464.0
9.12.2024 17:00,1476.0
9.12.2024 17:15,1650.0
9.12.2024 17:30,1698.0
9.12.2024 17:45,1590.0
9.12.2024 18:00,1704.0
9.12.2024 18:15,1836.0
9.12.2024 18:30,1998.0
9.12.2024 18:45,1872.0
9.12.2024 19:00,1938.0
9.12.2024 19:15,2016.0
9.12.2024 19:30,2028.0
9.12.2024 19:45,1944.0
9.12.2024 20:00,1890.0
9.12.2024 20:15,1800.0
9.12.2024 20:30,1788.0
9.12.2024 20:45,1560.0
9.12.2024 21:00,1446.0
9.12.2024 21:15,1536.0
9.12.2024 21:30,1500.0
9.12.2024 21:45,1620.0
9.12.2024 22:00,1728.0
9.12.2024 22:15,1836.0
9.12.2024 22:30,1938.0
9.12.2024 22:45,1788.0
9.12.2024 23:00,1410.0
9.12.2024 23:15,1452.0
9.12.2024 23:30,1596.0
9.12.2024 23:45,1614.0
10.12.2024 00:00,1722.0
10.12.2024 00:15,1980.0
10.12.2024 00:30,1908.0
10.12.2024 00:45,1974.0
10.12.2024 01:00,1818.0
10.12.2024 01:15,1536.0
10.12.2024 01:30,1260.0
10.12.2024 01:45,1392.0
10.12.2024 02:00,1824.0
10.12.2024 02:15,1866.0
10.12.2024 02:30,1830.0
10.12.2024 02:45,1746.0
10.12.2024 03:00,1542.0
10.12.2024 03:15,1626.0
10.12.2024 03:30,1536.0
10.12.2024 03:45,1638.0
10.12.2024 04:00,1644.0
10.12.2024 04:15,1518.0
10.12.2024 04:30,1440.0
10.12.2024 04:45,1320.0
10.12.2024 05:00,1404.0
10.12.2024 05:15,1530.0
10.12.2024 05:30,1884.0
10.12.2024 05:45,1848.0
10.12.2024 06:00,1662.0
10.12.2024 06:15,1536.0
10.12.2024 06:30,1500.0
10.12.2024 06:45,1506.0
10.12.2024 07:00,1674.0
10.12.2024 07:15,1692.0
10.12.2024 07:30,1716.0
10.12.2024 07:45,1248.0
10.12.2024 08:00,786.0
10.12.2024 08:15,906.0
10.12.2024 08:30,1170.0
10.12.2024 08:45,1332.0
10.12.2024 09:00,1182.0
10.12.2024 09:15,1296.0
10.12.2024 09:30,1080.0
10.12.2024 09:45,1128.0
10.12.2024 10:00,450.0
10.12.2024 10:15,228.0
10.12.2024 10:30,240.0
10.12.2024 10:45,60.0
10.12.2024 11:00,18.0
10.12.2024 11:15,12.0
10.12.2024 11:30,30.0
10.12.2024 11:45,12.0
10.12.2024 12:00,240.0
10.12.2024 12:15,378.0
10.12.2024 12:30,426.0
10.12.2024 12:45,774.0
10.12.2024 13:00,1350.0
10.12.2024 13:15,1242.0
10.12.2024 13:30,744.0
10.12.2024 13:45,750.0
10.12.2024 14:00,1212.0
10.12.2024 14:15,1260.0
10.12.2024 14:30,1446.0
10.12.2024 14:45,1242.0
10.12.2024 15:00,1326.0
10.12.2024 15:15,1776.0
10.12.2024 15:30,1416.0
10.12.2024 15:45,1314.0
10.12.2024 16:00,1368.0
10.12.2024 16:15,1512.0
10.12.2024 16:30,1494.0
10.12.2024 16:45,1476.0
10.12.2024 17:00,1656.0
10.12.2024 17:15,1692.0
10.12.2024 17:30,1806.0
10.12.2024 17:45,2184.0
10.12.2024 18:00,2070.0
10.12.2024 18:15,2076.0
10.12.2024 18:30,1956.0
10.12.2024 18:45,1842.0
10.12.2024 19:00,2124.0
10.12.2024 19:15,1542.0
10.12.2024 19:30,1392.0
10.12.2024 19:45,1686.0
10.12.2024 20:00,1320.0
10.12.2024 20:15,2016.0
10.12.2024 20:30,1818.0
10.12.2024 20:45,2046.0
10.12.2024 21:00,2124.0
10.12.2024 21:15,1614.0
10.12.2024 21:30,1248.0
10.12.2024 21:45,1722.0
10.12.2024 22:00,2052.0
10.12.2024 22:15,1824.0
10.12.2024 22:30,1764.0
10.12.2024 22:45,1590.0
10.12.2024 23:00,1566.0
10.12.2024 23:15,1662.0
10.12.2024 23:30,1656.0
10.12.2024 23:45,1698.0
11.12.2024 00:00,1644.0
11.12.2024 00:15,1740.0
11.12.2024 00:30,1860.0
11.12.2024 00:45,2136.0
11.12.2024 01:00,2028.0
11.12.2024 01:15,2046.0
11.12.2024 01:30,1794.0
11.12.2024 01:45,1284.0
11.12.2024 02:00,1350.0
11.12.2024 02:15,1914.0
11.12.2024 02:30,1896.0
11.12.2024 02:45,1836.0
11.12.2024 03:00,1932.0
11.12.2024 03:15,1968.0
11.12.2024 03:30,1980.0
11.12.2024 03:45,1902.0
11.12.2024 04:00,1308.0
11.12.2024 04:15,1398.0
11.12.2024 04:30,1740.0
11.12.2024 04:45,1890.0
11.12.2024 05:00,2190.0
11.12.2024 05:15,1992.0
11.12.2024 05:30,1710.0
11.12.2024 05:45,1662.0
11.12.2024 06:00,1914.0
11.12.2024 06:15,1662.0
11.12.2024 06:30,1788.0
11.12.2024 06:45,1710.0
11.12.2024 07:00,1548.0
11.12.2024 07:15,1878.0
11.12.2024 07:30,1746.0
11.12.2024 07:45,1344.0
11.12.2024 08:00,852.0
11.12.2024 08:15,1236.0
11.12.2024 08:30,1368.0
11.12.2024 08:45,1470.0
11.12.2024 09:00,1242.0
11.12.2024 09:15,1284.0
11.12.2024 09:30,1026.0
11.12.2024 09:45,792.0
11.12.2024 10:00,606.0
11.12.2024 10:15,900.0
11.12.2024 10:30,792.0
11.12.2024 10:45,720.0
11.12.2024 11:00,1086.0
11.12.2024 11:15,918.0
11.12.2024 11:30,1014.0
11.12.2024 11:45,1038.0
11.12.2024 12:00,960.0
11.12.2024 12:15,1020.0
11.12.2024 12:30,840.0
11.12.2024 12:45,870.0
11.12.2024 13:00,1230.0
11.12.2024 13:15,1230.0
11.12.2024 13:30,1224.0
11.12.2024 13:45,1320.0
11.12.2024 14:00,960.0
11.12.2024 14:15,1002.0
11.12.2024 14:30,1344.0
11.12.2024 14:45,1116.0
11.12.2024 15:00,1686.0
11.12.2024 15:15,1578.0
11.12.2024 15:30,1704.0
11.12.2024 15:45,1914.0
11.12.2024 16:00,1842.0
11.12.2024 16:15,1848.0
11.12.2024 16:30,1374.0
11.12.2024 16:45,1488.0
11.12.2024 17:00,1962.0
11.12.2024 17:15,1854.0
11.12.2024 17:30,2028.0
11.12.2024 17:45,2088.0
11.12.2024 18:00,1650.0
11.12.2024 18:15,1386.0
11.12.2024 18:30,1548.0
11.12.2024 18:45,1716.0
11.12.2024 19:00,1584.0
11.12.2024 19:15,1728.0
11.12.2024 19:30,1692.0
11.12.2024 19:45,1428.0
11.12.2024 20:00,1362.0
11.12.2024 20:15,1914.0
11.12.2024 20:30,1998.0
11.12.2024 20:45,1998.0
11.12.2024 21:00,1488.0
11.12.2024 21:15,1716.0
11.12.2024 21:30,2016.0
11.12.2024 21:45,2016.0
11.12.2024 22:00,1974.0
11.12.2024 22:15,2028.0
11.12.2024 22:30,1956.0
11.12.2024 22:45,1662.0
11.12.2024 23:00,1638.0
11.12.2024 23:15,1572.0
11.12.2024 23:30,1716.0
11.12.2024 23:45,1626.0
12.12.2024 00:00,1980.0
12.12.2024 00:15,2034.0
12.12.2024 00:30,2040.0
12.12.2024 00:45,2040.0
12.12.2024 01:00,1776.0
12.12.2024 01:15,1284.0
12.12.2024 01:30,1452.0
12.12.2024 01:45,1836.0
12.12.2024 02:00,2034.0
12.12.2024 02:15,1980.0
12.12.2024 02:30,1842.0
12.12.2024 02:45,1452.0
12.12.2024 03:00,1458.0
12.12.2024 03:15,1476.0
12.12.2024 03:30,1554.0
12.12.2024 03:45,1596.0
12.12.2024 04:00,1860.0
12.12.2024 04:15,1914.0
12.12.2024 04:30,1680.0
12.12.2024 04:45,1944.0
12.12.2024 05:00,2028.0
12.12.2024 05:15,1932.0
12.12.2024 05:30,1890.0
12.12.2024 05:45,1854.0
12.12.2024 06:00,1860.0
12.12.2024 06:15,1896.0
12.12.2024 06:30,1740.0
12.12.2024 06:45,1584.0
12.12.2024 07:00,1812.0
12.12.2024 07:15,1752.0
12.12.2024 07:30,1812.0
12.12.2024 07:45,1578.0
12.12.2024 08:00,1344.0
12.12.2024 08:15,792.0
12.12.2024 08:30,1008.0
12.12.2024 08:45,1236.0
12.12.2024 09:00,1296.0
12.12.2024 09:15,1224.0
12.12.2024 09:30,1320.0
12.12.2024 09:45,1194.0
12.12.2024 10:00,840.0
12.12.2024 10:15,900.0
12.12.2024 10:30,864.0
12.12.2024 10:45,708.0
12.12.2024 11:00,1068.0
12.12.2024 11:15,1338.0
12.12.2024 11:30,1188.0
12.12.2024 11:45,972.0
12.12.2024 12:00,1404.0
12.12.2024 12:15,1548.0
12.12.2024 12:30,1410.0
12.12.2024 12:45,1518.0
12.12.2024 13:00,1230.0
12.12.2024 13:15,864.0
12.12.2024 13:30,1392.0
12.12.2024 13:45,1284.0
12.12.2024 14:00,984.0
12.12.2024 14:15,1158.0
12.12.2024 14:30,1104.0
12.12.2024 14:45,1062.0
12.12.2024 15:00,1482.0
12.12.2024 15:15,1860.0
12.12.2024 15:30,1584.0
12.12.2024 15:45,1584.0
12.12.2024 16:00,1602.0
12.12.2024 16:15,1212.0
12.12.2024 16:30,1890.0
12.12.2024 16:45,2100.0
12.12.2024 17:00,2100.0
12.12.2024 17:15,1962.0
12.12.2024 17:30,1704.0
12.12.2024 17:45,2070.0
12.12.2024 18:00,1896.0
12.12.2024 18:15,2160.0
12.12.2024 18:30,2208.0
12.12.2024 18:45,2292.0
12.12.2024 19:00,2286.0
12.12.2024 19:15,2220.0
12.12.2024 19:30,2268.0
12.12.2024 19:45,1806.0
12.12.2024 20:00,1320.0
12.12.2024 20:15,1776.0
12.12.2024 20:30,2088.0
12.12.2024 20:45,2064.0
12.12.2024 21:00,2226.0
12.12.2024 21:15,2124.0
12.12.2024 21:30,1896.0
12.12.2024 21:45,1776.0
12.12.2024 22:00,1674.0
12.12.2024 22:15,1716.0
12.12.2024 22:30,1572.0
12.12.2024 22:45,1638.0
12.12.2024 23:00,1740.0
12.12.2024 23:15,1638.0
12.12.2024 23:30,1662.0
12.12.2024 23:45,1608.0
13.12.2024 00:00,1560.0
13.12.2024 00:15,1878.0
13.12.2024 00:30,2046.0
13.12.2024 00:45,1908.0
13.12.2024 01:00,2064.0
13.12.2024 01:15,2040.0
13.12.2024 01:30,2064.0
13.12.2024 01:45,2070.0
13.12.2024 02:00,1944.0
13.12.2024 02:15,2088.0
13.12.2024 02:30,2172.0
13.12.2024 02:45,2148.0
13.12.2024 03:00,2040.0
13.12.2024 03:15,2148.0
13.12.2024 03:30,1986.0
13.12.2024 03:45,1776.0
13.12.2024 04:00,1584.0
13.12.2024 04:15,1728.0
13.12.2024 04:30,1500.0
13.12.2024 04:45,1908.0
13.12.2024 05:00,2016.0
13.12.2024 05:15,2184.0
13.12.2024 05:30,2124.0
13.12.2024 05:45,1920.0
13.12.2024 06:00,2088.0
13.12.2024 06:15,2070.0
13.12.2024 06:30,1932.0
13.12.2024 06:45,1986.0
13.12.2024 07:00,1962.0
13.12.2024 07:15,1860.0
13.12.2024 07:30,1848.0
13.12.2024 07:45,1500.0
13.12.2024 08:00,960.0
13.12.2024 08:15,1134.0
13.12.2024 08:30,1392.0
13.12.2024 08:45,1470.0
13.12.2024 09:00,1338.0
13.12.2024 09:15,1284.0
13.12.2024 09:30,1404.0
13.12.2024 09:45,1362.0
13.12.2024 10:00,1200.0
13.12.2024 10:15,1416.0
13.12.2024 10:30,1452.0
13.12.2024 10:45,1362.0
13.12.2024 11:00,1200.0
13.12.2024 11:15,1242.0
13.12.2024 11:30,1380.0
13.12.2024 11:45,1272.0
13.12.2024 12:00,1548.0
13.12.2024 12:15,1110.0
13.12.2024 12:30,1296.0
13.12.2024 12:45,1290.0
13.12.2024 13:00,1356.0
13.12.2024 13:15,1386.0
13.12.2024 13:30,1356.0
13.12.2024 13:45,1368.0
13.12.2024 14:00,1242.0
13.12.2024 14:15,1308.0
13.12.2024 14:30,1320.0
13.12.2024 14:45,1458.0
13.12.2024 15:00,1446.0
13.12.2024 15:15,1512.0
13.12.2024 15:30,1452.0
13.12.2024 15:45,1590.0
13.12.2024 16:00,1542.0
13.12.2024 16:15,1536.0
13.12.2024 16:30,1644.0
13.12.2024 16:45,1656.0
13.12.2024 17:00,1572.0
13.12.2024 17:15,1638.0
13.12.2024 17:30,1620.0
13.12.2024 17:45,1710.0
13.12.2024 18:00,1596.0
13.12.2024 18:15,1650.0
13.12.2024 18:30,1656.0
13.12.2024 18:45,1776.0
13.12.2024 19:00,1620.0
13.12.2024 19:15,1614.0
13.12.2024 19:30,2226.0
13.12.2024 19:45,2208.0
13.12.2024 20:00,2106.0
13.12.2024 20:15,1836.0
13.12.2024 20:30,2076.0
13.12.2024 20:45,2160.0
13.12.2024 21:00,2124.0
13.12.2024 21:15,2064.0
13.12.2024 21:30,2076.0
13.12.2024 21:45,2070.0
13.12.2024 22:00,1968.0
13.12.2024 22:15,1836.0
13.12.2024 22:30,1908.0
13.12.2024 22:45,1704.0
13.12.2024 23:00,1638.0
13.12.2024 23:15,1644.0
13.12.2024 23:30,1668.0
13.12.2024 23:45,1638.0
14.12.2024 00:00,1692.0
14.12.2024 00:15,2142.0
14.12.2024 00:30,1764.0
14.12.2024 00:45,2124.0
14.12.2024 01:00,2178.0
14.12.2024 01:15,1656.0
14.12.2024 01:30,1638.0
14.12.2024 01:45,1668.0
14.12.2024 02:00,1596.0
14.12.2024 02:15,1482.0
14.12.2024 02:30,1992.0
14.12.2024 02:45,2028.0
14.12.2024 03:00,1602.0
14.12.2024 03:15,1572.0
14.12.2024 03:30,1572.0
14.12.2024 03:45,1428.0
14.12.2024 04:00,1650.0
14.12.2024 04:15,1656.0
14.12.2024 04:30,1548.0
14.12.2024 04:45,1644.0
14.12.2024 05:00,2130.0
14.12.2024 05:15,2178.0
14.12.2024 05:30,2064.0
14.12.2024 05:45,1968.0
14.12.2024 06:00,2010.0
14.12.2024 06:15,1968.0
14.12.2024 06:30,2016.0
14.12.2024 06:45,1926.0
14.12.2024 07:00,1860.0
14.12.2024 07:15,1428.0
14.12.2024 07:30,1422.0
14.12.2024 07:45,1182.0
14.12.2024 08:00,1008.0
14.12.2024 08:15,1326.0
14.12.2024 08:30,1914.0
14.12.2024 08:45,1818.0
14.12.2024 09:00,1854.0
14.12.2024 09:15,1860.0
14.12.2024 09:30,1824.0
14.12.2024 09:45,1788.0
14.12.2024 10:00,1410.0
14.12.2024 10:15,1440.0
14.12.2024 10:30,1320.0
14.12.2024 10:45,1254.0
14.12.2024 11:00,1428.0
14.12.2024 11:15,1914.0
14.12.2024 11:30,1980.0
14.12.2024 11:45,1824.0
14.12.2024 12:00,1692.0
14.12.2024 12:15,1692.0
14.12.2024 12:30,1380.0
14.12.2024 12:45,1314.0
14.12.2024 13:00,1632.0
14.12.2024 13:15,1608.0
14.12.2024 13:30,1656.0
14.12.2024 13:45,1698.0
14.12.2024 14:00,1560.0
14.12.2024 14:15,1284.0
14.12.2024 14:30,1254.0
14.12.2024 14:45,1272.0
14.12.2024 15:00,1056.0
14.12.2024 15:15,1260.0
14.12.2024 15:30,1812.0
14.12.2024 15:45,1740.0
14.12.2024 16:00,1734.0
14.12.2024 16:15,1962.0
14.12.2024 16:30,2034.0
14.12.2024 16:45,1794.0
14.12.2024 17:00,1566.0
14.12.2024 17:15,1644.0
14.12.2024 17:30,1722.0
14.12.2024 17:45,1830.0
14.12.2024 18:00,2256.0
14.12.2024 18:15,2238.0
14.12.2024 18:30,1800.0
14.12.2024 18:45,1932.0
14.12.2024 19:00,2040.0
14.12.2024 19:15,2106.0
14.12.2024 19:30,1968.0
14.12.2024 19:45,1488.0
14.12.2024 20:00,1332.0
14.12.2024 20:15,1650.0
14.12.2024 20:30,1902.0
14.12.2024 20:45,2004.0
14.12.2024 21:00,1740.0
14.12.2024 21:15,2064.0
14.12.2024 21:30,2016.0
14.12.2024 21:45,1632.0
14.12.2024 22:00,1500.0
14.12.2024 22:15,1596.0
14.12.2024 22:30,1494.0
14.12.2024 22:45,1458.0
14.12.2024 23:00,1764.0
14.12.2024 23:15,1824.0
14.12.2024 23:30,1794.0
14.12.2024 23:45,1560.0
15.12.2024 00:00,1560.0
15.12.2024 00:15,1566.0
15.12.2024 00:30,1494.0
15.12.2024 00:45,1578.0
15.12.2024 01:00,1800.0
15.12.2024 01:15,1968.0
15.12.2024 01:30,1848.0
15.12.2024 01:45,1854.0
15.12.2024 02:00,1992.0
15.12.2024 02:15,1920.0
15.12.2024 02:30,1896.0
15.12.2024 02:45,1800.0
15.12.2024 03:00,1902.0
15.12.2024 03:15,1920.0
15.12.2024 03:30,1902.0
15.12.2024 03:45,1572.0
15.12.2024 04:00,1620.0
15.12.2024 04:15,1620.0
15.12.2024 04:30,1584.0
15.12.2024 04:45,1506.0
15.12.2024 05:00,1842.0
15.12.2024 05:15,1926.0
15.12.2024 05:30,1956.0
15.12.2024 05:45,1908.0
15.12.2024 06:00,1716.0
15.12.2024 06:15,1932.0
15.12.2024 06:30,1902.0
15.12.2024 06:45,1944.0
15.12.2024 07:00,1860.0
15.12.2024 07:15,1812.0
15.12.2024 07:30,1740.0
15.12.2024 07:45,1662.0
15.12.2024 08:00,1536.0
15.12.2024 08:15,1332.0
15.12.2024 08:30,1092.0
15.12.2024 08:45,1242.0
15.12.2024 09:00,1206.0
15.12.2024 09:15,1158.0
15.12.2024 09:30,1224.0
15.12.2024 09:45,1050.0
15.12.2024 10:00,630.0
15.12.2024 10:15,558.0
15.12.2024 10:30,684.0
15.12.2024 10:45,750.0
15.12.2024 11:00,1230.0
15.12.2024 11:15,1122.0
15.12.2024 11:30,1050.0
15.12.2024 11:45,1122.0
15.12.2024 12:00,1050.0
15.12.2024 12:15,1200.0
15.12.2024 12:30,984.0
15.12.2024 12:45,834.0
15.12.2024 13:00,1170.0
15.12.2024 13:15,1224.0
15.12.2024 13:30,798.0
15.12.2024 13:45,822.0
15.12.2024 14:00,942.0
15.12.2024 14:15,906.0
15.12.2024 14:30,1014.0
15.12.2024 14:45,1092.0
15.12.2024 15:00,1344.0
15.12.2024 15:15,1656.0
15.12.2024 15:30,1392.0
15.12.2024 15:45,1506.0
15.12.2024 16:00,1716.0
15.12.2024 16:15,1554.0
15.12.2024 16:30,1398.0
15.12.2024 16:45,1392.0
15.12.2024 17:00,1542.0
15.12.2024 17:15,1506.0
15.12.2024 17:30,1524.0
15.12.2024 17:45,1584.0
15.12.2024 18:00,1578.0
15.12.2024 18:15,1704.0
15.12.2024 18:30,1944.0
15.12.2024 18:45,2094.0
15.12.2024 19:00,2172.0
15.12.2024 19:15,2070.0
15.12.2024 19:30,2124.0
15.12.2024 19:45,2172.0
15.12.2024 20:00,2106.0
15.12.2024 20:15,1944.0
15.12.2024 20:30,1932.0
15.12.2024 20:45,1950.0
15.12.2024 21:00,1962.0
15.12.2024 21:15,1944.0
15.12.2024 21:30,1854.0
15.12.2024 21:45,1710.0
15.12.2024 22:00,1692.0
15.12.2024 22:15,1734.0
15.12.2024 22:30,1338.0
15.12.2024 22:45,978.0
15.12.2024 23:00,1026.0
15.12.2024 23:15,1038.0
15.12.2024 23:30,1032.0
15.12.2024 23:45,1038.0
16.12.2024 00:00,1026.0
16.12.2024 00:15,1044.0
16.12.2024 00:30,1032.0
16.12.2024 00:45,1032.0
16.12.2024 01:00,1026.0
16.12.2024 01:15,1032.0
16.12.2024 01:30,1020.0
16.12.2024 01:45,1038.0
16.12.2024 02:00,1020.0
16.12.2024 02:15,1044.0
16.12.2024 02:30,984.0
16.12.2024 02:45,1032.0
16.12.2024 03:00,1044.0
16.12.2024 03:15,1038.0
16.12.2024 03:30,1056.0
16.12.2024 03:45,1044.0
16.12.2024 04:00,1044.0
16.12.2024 04:15,1032.0
16.12.2024 04:30,1062.0
16.12.2024 04:45,1038.0
16.12.2024 05:00,1044.0
16.12.2024 05:15,1044.0
16.12.2024 05:30,1056.0
16.12.2024 05:45,1062.0
16.12.2024 06:00,1062.0
16.12.2024 06:15,1062.0
16.12.2024 06:30,984.0
16.12.2024 06:45,648.0
16.12.2024 07:00,654.0
16.12.2024 07:15,618.0
16.12.2024 07:30,594.0
16.12.2024 07:45,504.0
16.12.2024 08:00,414.0
16.12.2024 08:15,240.0
16.12.2024 08:30,0.0
16.12.2024 08:45,6.0
16.12.2024 09:00,0.0
16.12.2024 09:15,0.0
16.12.2024 09:30,0.0
16.12.2024 09:45,0.0
16.12.2024 10:00,0.0
16.12.2024 10:15,0.0
16.12.2024 10:30,0.0
16.12.2024 10:45,0.0
16.12.2024 11:00,6.0
16.12.2024 11:15,12.0
16.12.2024 11:30,12.0
16.12.2024 11:45,6.0
16.12.2024 12:00,0.0
16.12.2024 12:15,0.0
16.12.2024 12:30,0.0
16.12.2024 12:45,0.0
16.12.2024 13:00,0.0
16.12.2024 13:15,0.0
16.12.2024 13:30,0.0
16.12.2024 13:45,0.0
16.12.2024 14:00,0.0
16.12.2024 14:15,0.0
16.12.2024 14:30,0.0
16.12.2024 14:45,0.0
16.12.2024 15:00,0.0
16.12.2024 15:15,0.0
16.12.2024 15:30,6.0
16.12.2024 15:45,12.0
16.12.2024 16:00,84.0
16.12.2024 16:15,252.0
16.12.2024 16:30,198.0
16.12.2024 16:45,84.0
16.12.2024 17:00,78.0
16.12.2024 17:15,144.0
16.12.2024 17:30,168.0
16.12.2024 17:45,174.0
16.12.2024 18:00,180.0
16.12.2024 18:15,162.0
16.12.2024 18:30,126.0
16.12.2024 18:45,150.0
16.12.2024 19:00,144.0
16.12.2024 19:15,150.0
16.12.2024 19:30,150.0
16.12.2024 19:45,168.0
16.12.2024 20:00,156.0
16.12.2024 20:15,156.0
16.12.2024 20:30,114.0
16.12.2024 20:45,90.0
16.12.2024 21:00,96.0
16.12.2024 21:15,102.0
16.12.2024 21:30,96.0
16.12.2024 21:45,90.0
16.12.2024 22:00,90.0
16.12.2024 22:15,132.0
16.12.2024 22:30,126.0
16.12.2024 22:45,138.0
16.12.2024 23:00,156.0
16.12.2024 23:15,156.0
16.12.2024 23:30,156.0
16.12.2024 23:45,168.0
17.12.2024 00:00,150.0
17.12.2024 00:15,132.0
17.12.2024 00:30,144.0
17.12.2024 00:45,144.0
17.12.2024 01:00,138.0
17.12.2024 01:15,144.0
17.12.2024 01:30,132.0
17.12.2024 01:45,138.0
17.12.2024 02:00,144.0
17.12.2024 02:15,150.0
17.12.2024 02:30,132.0
17.12.2024 02:45,144.0
17.12.2024 03:00,132.0
17.12.2024 03:15,138.0
17.12.2024 03:30,132.0
17.12.2024 03:45,138.0
17.12.2024 04:00,126.0
17.12.2024 04:15,120.0
17.12.2024 04:30,120.0
17.12.2024 04:45,114.0
17.12.2024 05:00,114.0
17.12.2024 05:15,114.0
17.12.2024 05:30,126.0
17.12.2024 05:45,120.0
17.12.2024 06:00,120.0
17.12.2024 06:15,120.0
17.12.2024 06:30,120.0
17.12.2024 06:45,108.0
17.12.2024 07:00,78.0
17.12.2024 07:15,84.0
17.12.2024 07:30,24.0
17.12.2024 07:45,0.0
17.12.2024 08:00,0.0
17.12.2024 08:15,0.0
17.12.2024 08:30,0.0
17.12.2024 08:45,0.0
17.12.2024 09:00,0.0
17.12.2024 09:15,0.0
17.12.2024 09:30,0.0
17.12.2024 09:45,0.0
17.12.2024 10:00,0.0
17.12.2024 10:15,0.0
17.12.2024 10:30,0.0
17.12.2024 10:45,0.0
17.12.2024 11:00,0.0
17.12.2024 11:15,0.0
17.12.2024 11:30,0.0
17.12.2024 11:45,12.0
17.12.2024 12:00,0.0
17.12.2024 12:15,0.0
17.12.2024 12:30,0.0
17.12.2024 12:45,0.0
17.12.2024 13:00,0.0
17.12.2024 13:15,12.0
17.12.2024 13:30,18.0
17.12.2024 13:45,12.0
17.12.2024 14:00,18.0
17.12.2024 14:15,18.0
17.12.2024 14:30,12.0
17.12.2024 14:45,6.0
17.12.2024 15:00,6.0
17.12.2024 15:15,12.0
17.12.2024 15:30,12.0
17.12.2024 15:45,18.0
17.12.2024 16:00,12.0
17.12.2024 16:15,30.0
17.12.2024 16:30,0.0
17.12.2024 16:45,42.0
17.12.2024 17:00,84.0
17.12.2024 17:15,108.0
17.12.2024 17:30,114.0
17.12.2024 17:45,120.0
17.12.2024 18:00,126.0
17.12.2024 18:15,132.0
17.12.2024 18:30,132.0
17.12.2024 18:45,132.0
17.12.2024 19:00,120.0
17.12.2024 19:15,114.0
17.12.2024 19:30,132.0
17.12.2024 19:45,126.0
17.12.2024 20:00,144.0
17.12.2024 20:15,150.0
17.12.2024 20:30,108.0
17.12.2024 20:45,108.0
17.12.2024 21:00,114.0
17.12.2024 21:15,114.0
17.12.2024 21:30,114.0
17.12.2024 21:45,114.0
17.12.2024 22:00,114.0
17.12.2024 22:15,120.0
17.12.2024 22:30,132.0
17.12.2024 22:45,144.0
17.12.2024 23:00,156.0
17.12.2024 23:15,174.0
17.12.2024 23:30,174.0
17.12.2024 23:45,192.0
18.12.2024 00:00,144.0
18.12.2024 00:15,144.0
18.12.2024 00:30,150.0
18.12.2024 00:45,150.0
18.12.2024 01:00,156.0
18.12.2024 01:15,156.0
18.12.2024 01:30,156.0
18.12.2024 01:45,168.0
18.12.2024 02:00,174.0
18.12.2024 02:15,162.0
18.12.2024 02:30,174.0
18.12.2024 02:45,156.0
18.12.2024 03:00,156.0
18.12.2024 03:15,162.0
18.12.2024 03:30,156.0
18.12.2024 03:45,144.0
18.12.2024 04:00,150.0
18.12.2024 04:15,126.0
18.12.2024 04:30,156.0
18.12.2024 04:45,132.0
18.12.2024 05:00,126.0
18.12.2024 05:15,120.0
18.12.2024 05:30,120.0
18.12.2024 05:45,126.0
18.12.2024 06:00,120.0
18.12.2024 06:15,120.0
18.12.2024 06:30,114.0
18.12.2024 06:45,96.0
18.12.2024 07:00,54.0
18.12.2024 07:15,24.0
18.12.2024 07:30,6.0
18.12.2024 07:45,0.0
18.12.2024 08:00,0.0
18.12.2024 08:15,0.0
18.12.2024 08:30,0.0
18.12.2024 08:45,0.0
18.12.2024 09:00,0.0
18.12.2024 09:15,0.0
18.12.2024 09:30,0.0
18.12.2024 09:45,0.0
18.12.2024 10:00,0.0
18.12.2024 10:15,0.0
18.12.2024 10:30,0.0
18.12.2024 10:45,0.0
18.12.2024 11:00,0.0
18.12.2024 11:15,12.0
18.12.2024 11:30,0.0
18.12.2024 11:45,0.0
18.12.2024 12:00,0.0
18.12.2024 12:15,0.0
18.12.2024 12:30,0.0
18.12.2024 12:45,0.0
18.12.2024 13:00,0.0
18.12.2024 13:15,0.0
18.12.2024 13:30,0.0
18.12.2024 13:45,12.0
18.12.2024 14:00,12.0
18.12.2024 14:15,6.0
18.12.2024 14:30,0.0
18.12.2024 14:45,0.0
18.12.2024 15:00,0.0
18.12.2024 15:15,12.0
18.12.2024 15:30,12.0
18.12.2024 15:45,12.0
18.12.2024 16:00,12.0
18.12.2024 16:15,12.0
18.12.2024 16:30,12.0
18.12.2024 16:45,48.0
18.12.2024 17:00,78.0
18.12.2024 17:15,120.0
18.12.2024 17:30,144.0
18.12.2024 17:45,168.0
18.12.2024 18:00,150.0
18.12.2024 18:15,150.0
18.12.2024 18:30,144.0
18.12.2024 18:45,144.0
18.12.2024 19:00,132.0
18.12.2024 19:15,168.0
18.12.2024 19:30,168.0
18.12.2024 19:45,168.0
18.12.2024 20:00,168.0
18.12.2024 20:15,162.0
18.12.2024 20:30,120.0
18.12.2024 20:45,114.0
18.12.2024 21:00,120.0
18.12.2024 21:15,132.0
18.12.2024 21:30,126.0
18.12.2024 21:45,108.0
18.12.2024 22:00,96.0
18.12.2024 22:15,90.0
18.12.2024 22:30,90.0
18.12.2024 22:45,102.0
18.12.2024 23:00,138.0
18.12.2024 23:15,150.0
18.12.2024 23:30,150.0
18.12.2024 23:45,156.0
19.12.2024 00:00,150.0
19.12.2024 00:15,144.0
19.12.2024 00:30,150.0
19.12.2024 00:45,162.0
19.12.2024 01:00,156.0
19.12.2024 01:15,150.0
19.12.2024 01:30,156.0
19.12.2024 01:45,150.0
19.12.2024 02:00,144.0
19.12.2024 02:15,150.0
19.12.2024 02:30,156.0
19.12.2024 02:45,138.0
19.12.2024 03:00,132.0
19.12.2024 03:15,126.0
19.12.2024 03:30,120.0
19.12.2024 03:45,144.0
19.12.2024 04:00,144.0
19.12.2024 04:15,156.0
19.12.2024 04:30,156.0
19.12.2024 04:45,144.0
19.12.2024 05:00,126.0
19.12.2024 05:15,126.0
19.12.2024 05:30,120.0
19.12.2024 05:45,126.0
19.12.2024 06:00,132.0
19.12.2024 06:15,144.0
19.12.2024 06:30,138.0
19.12.2024 06:45,96.0
19.12.2024 07:00,60.0
19.12.2024 07:15,12.0
19.12.2024 07:30,0.0
19.12.2024 07:45,0.0
19.12.2024 08:00,12.0
19.12.2024 08:15,12.0
19.12.2024 08:30,6.0
19.12.2024 08:45,6.0
19.12.2024 09:00,0.0
19.12.2024 09:15,0.0
19.12.2024 09:30,0.0
19.12.2024 09:45,0.0
19.12.2024 10:00,0.0
19.12.2024 10:15,0.0
19.12.2024 10:30,0.0
19.12.2024 10:45,0.0
19.12.2024 11:00,0.0
19.12.2024 11:15,0.0
19.12.2024 11:30,0.0
19.12.2024 11:45,0.0
19.12.2024 12:00,0.0
19.12.2024 12:15,0.0
19.12.2024 12:30,0.0
19.12.2024 12:45,0.0
19.12.2024 13:00,0.0
19.12.2024 13:15,6.0
19.12.2024 13:30,0.0
19.12.2024 13:45,0.0
19.12.2024 14:00,6.0
19.12.2024 14:15,6.0
19.12.2024 14:30,12.0
19.12.2024 14:45,6.0
19.12.2024 15:00,12.0
19.12.2024 15:15,12.0
19.12.2024 15:30,12.0
19.12.2024 15:45,12.0
19.12.2024 16:00,12.0
19.12.2024 16:15,12.0
19.12.2024 16:30,12.0
19.12.2024 16:45,30.0
19.12.2024 17:00,78.0
19.12.2024 17:15,102.0
19.12.2024 17:30,120.0
19.12.2024 17:45,132.0
19.12.2024 18:00,150.0
19.12.2024 18:15,174.0
19.12.2024 18:30,156.0
19.12.2024 18:45,138.0
19.12.2024 19:00,126.0
19.12.2024 19:15,126.0
19.12.2024 19:30,126.0
19.12.2024 19:45,138.0
19.12.2024 20:00,156.0
19.12.2024 20:15,162.0
19.12.2024 20:30,126.0
19.12.2024 20:45,126.0
19.12.2024 21:00,108.0
19.12.2024 21:15,114.0
19.12.2024 21:30,108.0
19.12.2024 21:45,96.0
19.12.2024 22:00,114.0
19.12.2024 22:15,120.0
19.12.2024 22:30,114.0
19.12.2024 22:45,120.0
19.12.2024 23:00,150.0
19.12.2024 23:15,168.0
19.12.2024 23:30,144.0
19.12.2024 23:45,156.0
20.12.2024 00:00,144.0
20.12.2024 00:15,156.0
20.12.2024 00:30,150.0
20.12.2024 00:45,144.0
20.12.2024 01:00,132.0
20.12.2024 01:15,156.0
20.12.2024 01:30,138.0
20.12.2024 01:45,138.0
20.12.2024 02:00,156.0
20.12.2024 02:15,168.0
20.12.2024 02:30,174.0
20.12.2024 02:45,156.0
20.12.2024 03:00,168.0
20.12.2024 03:15,150.0
20.12.2024 03:30,156.0
20.12.2024 03:45,168.0
20.12.2024 04:00,150.0
20.12.2024 04:15,156.0
20.12.2024 04:30,168.0
20.12.2024 04:45,132.0
20.12.2024 05:00,132.0
20.12.2024 05:15,144.0
20.12.2024 05:30,132.0
20.12.2024 05:45,144.0
20.12.2024 06:00,126.0
20.12.2024 06:15,156.0
20.12.2024 06:30,150.0
20.12.2024 06:45,102.0
20.12.2024 07:00,60.0
20.12.2024 07:15,12.0
20.12.2024 07:30,0.0
20.12.2024 07:45,0.0
20.12.2024 08:00,0.0
20.12.2024 08:15,12.0
20.12.2024 08:30,0.0
20.12.2024 08:45,0.0
20.12.2024 09:00,0.0
20.12.2024 09:15,0.0
20.12.2024 09:30,0.0
20.12.2024 09:45,0.0
20.12.2024 10:00,0.0
20.12.2024 10:15,0.0
20.12.2024 10:30,0.0
20.12.2024 10:45,0.0
20.12.2024 11:00,12.0
20.12.2024 11:15,6.0
20.12.2024 11:30,6.0
20.12.2024 11:45,6.0
20.12.2024 12:00,0.0
20.12.2024 12:15,0.0
20.12.2024 12:30,0.0
20.12.2024 12:45,6.0
20.12.2024 13:00,12.0
20.12.2024 13:15,6.0
20.12.2024 13:30,6.0
20.12.2024 13:45,12.0
20.12.2024 14:00,12.0
20.12.2024 14:15,12.0
20.12.2024 14:30,12.0
20.12.2024 14:45,6.0
20.12.2024 15:00,6.0
20.12.2024 15:15,12.0
20.12.2024 15:30,18.0
20.12.2024 15:45,36.0
20.12.2024 16:00,12.0
20.12.2024 16:15,24.0
20.12.2024 16:30,48.0
20.12.2024 16:45,42.0
20.12.2024 17:00,108.0
20.12.2024 17:15,108.0
20.12.2024 17:30,126.0
20.12.2024 17:45,132.0
20.12.2024 18:00,156.0
20.12.2024 18:15,150.0
20.12.2024 18:30,138.0
20.12.2024 18:45,144.0
20.12.2024 19:00,150.0
20.12.2024 19:15,132.0
20.12.2024 19:30,132.0
20.12.2024 19:45,132.0
20.12.2024 20:00,144.0
20.12.2024 20:15,144.0
20.12.2024 20:30,120.0
20.12.2024 20:45,120.0
20.12.2024 21:00,120.0
20.12.2024 21:15,120.0
20.12.2024 21:30,102.0
20.12.2024 21:45,102.0
20.12.2024 22:00,114.0
20.12.2024 22:15,120.0
20.12.2024 22:30,108.0
20.12.2024 22:45,114.0
20.12.2024 23:00,156.0
20.12.2024 23:15,168.0
20.12.2024 23:30,156.0
20.12.2024 23:45,156.0
21.12.2024 00:00,156.0
21.12.2024 00:15,156.0
21.12.2024 00:30,162.0
21.12.2024 00:45,162.0
21.12.2024 01:00,156.0
21.12.2024 01:15,168.0
21.12.2024 01:30,168.0
21.12.2024 01:45,162.0
21.12.2024 02:00,156.0
21.12.2024 02:15,162.0
21.12.2024 02:30,156.0
21.12.2024 02:45,150.0
21.12.2024 03:00,150.0
21.12.2024 03:15,132.0
21.12.2024 03:30,126.0
21.12.2024 03:45,132.0
21.12.2024 04:00,150.0
21.12.2024 04:15,270.0
21.12.2024 04:30,168.0
21.12.2024 04:45,156.0
21.12.2024 05:00,150.0
21.12.2024 05:15,144.0
21.12.2024 05:30,138.0
21.12.2024 05:45,132.0
21.12.2024 06:00,138.0
21.12.2024 06:15,138.0
21.12.2024 06:30,138.0
21.12.2024 06:45,108.0
21.12.2024 07:00,66.0
21.12.2024 07:15,12.0
21.12.2024 07:30,0.0
21.12.2024 07:45,0.0
21.12.2024 08:00,0.0
21.12.2024 08:15,0.0
21.12.2024 08:30,0.0
21.12.2024 08:45,0.0
21.12.2024 09:00,0.0
21.12.2024 09:15,0.0
21.12.2024 09:30,0.0
21.12.2024 09:45,0.0
21.12.2024 10:00,0.0
21.12.2024 10:15,0.0
21.12.2024 10:30,0.0
21.12.2024 10:45,0.0
21.12.2024 11:00,0.0
21.12.2024 11:15,0.0
21.12.2024 11:30,0.0
21.12.2024 11:45,0.0
21.12.2024 12:00,0.0
21.12.2024 12:15,0.0
21.12.2024 12:30,0.0
21.12.2024 12:45,0.0
21.12.2024 13:00,0.0
21.12.2024 13:15,6.0
21.12.2024 13:30,0.0
21.12.2024 13:45,6.0
21.12.2024 14:00,6.0
21.12.2024 14:15,6.0
21.12.2024 14:30,18.0
21.12.2024 14:45,6.0
21.12.2024 15:00,18.0
21.12.2024 15:15,12.0
21.12.2024 15:30,12.0
21.12.2024 15:45,18.0
21.12.2024 16:00,18.0
21.12.2024 16:15,18.0
21.12.2024 16:30,30.0
21.12.2024 16:45,42.0
21.12.2024 17:00,108.0
21.12.2024 17:15,168.0
21.12.2024 17:30,186.0
21.12.2024 17:45,192.0
21.12.2024 18:00,210.0
21.12.2024 18:15,216.0
21.12.2024 18:30,216.0
21.12.2024 18:45,216.0
21.12.2024 19:00,150.0
21.12.2024 19:15,138.0
21.12.2024 19:30,144.0
21.12.2024 19:45,144.0
21.12.2024 20:00,150.0
21.12.2024 20:15,156.0
21.12.2024 20:30,114.0
21.12.2024 20:45,114.0
21.12.2024 21:00,120.0
21.12.2024 21:15,120.0
21.12.2024 21:30,108.0
21.12.2024 21:45,96.0
21.12.2024 22:00,108.0
21.12.2024 22:15,96.0
21.12.2024 22:30,96.0
21.12.2024 22:45,96.0
21.12.2024 23:00,132.0
21.12.2024 23:15,144.0
21.12.2024 23:30,138.0
21.12.2024 23:45,132.0
22.12.2024 00:00,132.0
22.12.2024 00:15,132.0
22.12.2024 00:30,132.0
22.12.2024 00:45,138.0
22.12.2024 01:00,138.0
22.12.2024 01:15,144.0
22.12.2024 01:30,144.0
22.12.2024 01:45,144.0
22.12.2024 02:00,144.0
22.12.2024 02:15,144.0
22.12.2024 02:30,150.0
22.12.2024 02:45,192.0
22.12.2024 03:00,180.0
22.12.2024 03:15,162.0
22.12.2024 03:30,150.0
22.12.2024 03:45,144.0
22.12.2024 04:00,174.0
22.12.2024 04:15,162.0
22.12.2024 04:30,168.0
22.12.2024 04:45,138.0
22.12.2024 05:00,156.0
22.12.2024 05:15,132.0
22.12.2024 05:30,132.0
22.12.2024 05:45,132.0
22.12.2024 06:00,132.0
22.12.2024 06:15,144.0
22.12.2024 06:30,168.0
22.12.2024 06:45,156.0
22.12.2024 07:00,120.0
22.12.2024 07:15,36.0
22.12.2024 07:30,0.0
22.12.2024 07:45,0.0
22.12.2024 08:00,6.0
22.12.2024 08:15,12.0
22.12.2024 08:30,6.0
22.12.2024 08:45,0.0
22.12.2024 09:00,0.0
22.12.2024 09:15,0.0
22.12.2024 09:30,0.0
22.12.2024 09:45,0.0
22.12.2024 10:00,0.0
22.12.2024 10:15,0.0
22.12.2024 10:30,0.0
22.12.2024 10:45,0.0
22.12.2024 11:00,0.0
22.12.2024 11:15,6.0
22.12.2024 11:30,0.0
22.12.2024 11:45,0.0
22.12.2024 12:00,12.0
22.12.2024 12:15,12.0
22.12.2024 12:30,0.0
22.12.2024 12:45,0.0
22.12.2024 13:00,0.0
22.12.2024 13:15,0.0
22.12.2024 13:30,0.0
22.12.2024 13:45,0.0
22.12.2024 14:00,0.0
22.12.2024 14:15,6.0
22.12.2024 14:30,0.0
22.12.2024 14:45,0.0
22.12.2024 15:00,0.0
22.12.2024 15:15,0.0
22.12.2024 15:30,0.0
22.12.2024 15:45,0.0
22.12.2024 16:00,24.0
22.12.2024 16:15,36.0
22.12.2024 16:30,24.0
22.12.2024 16:45,48.0
22.12.2024 17:00,96.0
22.12.2024 17:15,132.0
22.12.2024 17:30,126.0
22.12.2024 17:45,162.0
22.12.2024 18:00,180.0
22.12.2024 18:15,156.0
22.12.2024 18:30,168.0
22.12.2024 18:45,162.0
22.12.2024 19:00,144.0
22.12.2024 19:15,132.0
22.12.2024 19:30,132.0
22.12.2024 19:45,138.0
22.12.2024 20:00,180.0
22.12.2024 20:15,168.0
22.12.2024 20:30,156.0
22.12.2024 20:45,138.0
22.12.2024 21:00,162.0
22.12.2024 21:15,120.0
22.12.2024 21:30,174.0
22.12.2024 21:45,126.0
22.12.2024 22:00,186.0
22.12.2024 22:15,132.0
22.12.2024 22:30,186.0
22.12.2024 22:45,132.0
22.12.2024 23:00,228.0
22.12.2024 23:15,180.0
22.12.2024 23:30,192.0
22.12.2024 23:45,210.0
23.12.2024 00:00,162.0
23.12.2024 00:15,204.0
23.12.2024 00:30,192.0
23.12.2024 00:45,180.0
23.12.2024 01:00,168.0
23.12.2024 01:15,228.0
23.12.2024 01:30,198.0
23.12.2024 01:45,204.0
23.12.2024 02:00,192.0
23.12.2024 02:15,180.0
23.12.2024 02:30,216.0
23.12.2024 02:45,198.0
23.12.2024 03:00,180.0
23.12.2024 03:15,204.0
23.12.2024 03:30,168.0
23.12.2024 03:45,168.0
23.12.2024 04:00,132.0
23.12.2024 04:15,132.0
23.12.2024 04:30,156.0
23.12.2024 04:45,156.0
23.12.2024 05:00,144.0
23.12.2024 05:15,144.0
23.12.2024 05:30,138.0
23.12.2024 05:45,138.0
23.12.2024 06:00,138.0
23.12.2024 06:15,144.0
23.12.2024 06:30,168.0
23.12.2024 06:45,132.0
23.12.2024 07:00,84.0
23.12.2024 07:15,24.0
23.12.2024 07:30,0.0
23.12.2024 07:45,0.0
23.12.2024 08:00,0.0
23.12.2024 08:15,6.0
23.12.2024 08:30,6.0
23.12.2024 08:45,0.0
23.12.2024 09:00,0.0
23.12.2024 09:15,0.0
23.12.2024 09:30,0.0
23.12.2024 09:45,0.0
23.12.2024 10:00,0.0
23.12.2024 10:15,0.0
23.12.2024 10:30,0.0
23.12.2024 10:45,0.0
23.12.2024 11:00,0.0
23.12.2024 11:15,6.0
23.12.2024 11:30,0.0
23.12.2024 11:45,0.0
23.12.2024 12:00,0.0
23.12.2024 12:15,0.0
23.12.2024 12:30,0.0
23.12.2024 12:45,0.0
23.12.2024 13:00,12.0
23.12.2024 13:15,12.0
23.12.2024 13:30,0.0
23.12.2024 13:45,0.0
23.12.2024 14:00,12.0
23.12.2024 14:15,12.0
23.12.2024 14:30,12.0
23.12.2024 14:45,6.0
23.12.2024 15:00,12.0
23.12.2024 15:15,18.0
23.12.2024 15:30,12.0
23.12.2024 15:45,12.0
23.12.2024 16:00,12.0
23.12.2024 16:15,72.0
23.12.2024 16:30,204.0
23.12.2024 16:45,168.0
23.12.2024 17:00,138.0
23.12.2024 17:15,228.0
23.12.2024 17:30,258.0
23.12.2024 17:45,270.0
23.12.2024 18:00,270.0
23.12.2024 18:15,294.0
23.12.2024 18:30,294.0
23.12.2024 18:45,270.0
23.12.2024 19:00,264.0
23.12.2024 19:15,252.0
23.12.2024 19:30,276.0
23.12.2024 19:45,348.0
23.12.2024 20:00,516.0
23.12.2024 20:15,606.0
23.12.2024 20:30,540.0
23.12.2024 20:45,504.0
23.12.2024 21:00,516.0
23.12.2024 21:15,510.0
23.12.2024 21:30,510.0
23.12.2024 21:45,492.0
23.12.2024 22:00,828.0
23.12.2024 22:15,1488.0
23.12.2024 22:30,1512.0
23.12.2024 22:45,1506.0
23.12.2024 23:00,1776.0
23.12.2024 23:15,1980.0
23.12.2024 23:30,1944.0
23.12.2024 23:45,1674.0
24.12.2024 00:00,1800.0
24.12.2024 00:15,2040.0
24.12.2024 00:30,2076.0
24.12.2024 00:45,2088.0
24.12.2024 01:00,1860.0
24.12.2024 01:15,1890.0
24.12.2024 01:30,1530.0
24.12.2024 01:45,1560.0
24.12.2024 02:00,1524.0
24.12.2024 02:15,1560.0
24.12.2024 02:30,1608.0
24.12.2024 02:45,1596.0
24.12.2024 03:00,1602.0
24.12.2024 03:15,1542.0
24.12.2024 03:30,1656.0
24.12.2024 03:45,1506.0
24.12.2024 04:00,1602.0
24.12.2024 04:15,1554.0
24.12.2024 04:30,1572.0
24.12.2024 04:45,1566.0
24.12.2024 05:00,1536.0
24.12.2024 05:15,1398.0
24.12.2024 05:30,1452.0
24.12.2024 05:45,1356.0
24.12.2024 06:00,1278.0
24.12.2024 06:15,996.0
24.12.2024 06:30,936.0
24.12.2024 06:45,1104.0
24.12.2024 07:00,1176.0
24.12.2024 07:15,918.0
24.12.2024 07:30,414.0
24.12.2024 07:45,318.0
24.12.2024 08:00,720.0
24.12.2024 08:15,966.0
24.12.2024 08:30,1044.0
24.12.2024 08:45,1272.0
24.12.2024 09:00,1464.0
24.12.2024 09:15,1368.0
24.12.2024 09:30,1140.0
24.12.2024 09:45,744.0
24.12.2024 10:00,1242.0
24.12.2024 10:15,804.0
24.12.2024 10:30,888.0
24.12.2024 10:45,936.0
24.12.2024 11:00,1182.0
24.12.2024 11:15,720.0
24.12.2024 11:30,852.0
24.12.2024 11:45,540.0
24.12.2024 12:00,774.0
24.12.2024 12:15,984.0
24.12.2024 12:30,990.0
24.12.2024 12:45,990.0
24.12.2024 13:00,1008.0
24.12.2024 13:15,1092.0
24.12.2024 13:30,936.0
24.12.2024 13:45,1026.0
24.12.2024 14:00,906.0
24.12.2024 14:15,882.0
24.12.2024 14:30,780.0
24.12.2024 14:45,912.0
24.12.2024 15:00,1044.0
24.12.2024 15:15,1074.0
24.12.2024 15:30,1032.0
24.12.2024 15:45,1158.0
24.12.2024 16:00,966.0
24.12.2024 16:15,984.0
24.12.2024 16:30,1464.0
24.12.2024 16:45,1692.0
24.12.2024 17:00,1620.0
24.12.2024 17:15,1740.0
24.12.2024 17:30,1788.0
24.12.2024 17:45,1860.0
24.12.2024 18:00,1860.0
24.12.2024 18:15,1824.0
24.12.2024 18:30,1746.0
24.12.2024 18:45,1800.0
24.12.2024 19:00,1734.0
24.12.2024 19:15,1752.0
24.12.2024 19:30,1824.0
24.12.2024 19:45,1464.0
24.12.2024 20:00,1494.0
24.12.2024 20:15,1824.0
24.12.2024 20:30,1836.0
24.12.2024 20:45,1872.0
24.12.2024 21:00,1704.0
24.12.2024 21:15,1572.0
24.12.2024 21:30,1662.0
24.12.2024 21:45,1860.0
24.12.2024 22:00,1944.0
24.12.2024 22:15,2004.0
24.12.2024 22:30,1902.0
24.12.2024 22:45,1872.0
24.12.2024 23:00,1602.0
24.12.2024 23:15,1566.0
24.12.2024 23:30,1560.0
24.12.2024 23:45,1632.0
25.12.2024 00:00,1878.0
25.12.2024 00:15,1836.0
25.12.2024 00:30,1818.0
25.12.2024 00:45,1866.0
25.12.2024 01:00,1788.0
25.12.2024 01:15,1938.0
25.12.2024 01:30,1788.0
25.12.2024 01:45,1578.0
25.12.2024 02:00,1386.0
25.12.2024 02:15,1662.0
25.12.2024 02:30,1602.0
25.12.2024 02:45,1632.0
25.12.2024 03:00,1536.0
25.12.2024 03:15,1632.0
25.12.2024 03:30,1572.0
25.12.2024 03:45,1632.0
25.12.2024 04:00,1584.0
25.12.2024 04:15,1572.0
25.12.2024 04:30,1566.0
25.12.2024 04:45,1650.0
25.12.2024 05:00,1680.0
25.12.2024 05:15,1608.0
25.12.2024 05:30,1650.0
25.12.2024 05:45,1566.0
25.12.2024 06:00,1620.0
25.12.2024 06:15,1638.0
25.12.2024 06:30,1596.0
25.12.2024 06:45,1584.0
25.12.2024 07:00,1560.0
25.12.2024 07:15,1422.0
25.12.2024 07:30,1404.0
25.12.2024 07:45,1134.0
25.12.2024 08:00,834.0
25.12.2024 08:15,1398.0
25.12.2024 08:30,1440.0
25.12.2024 08:45,912.0
25.12.2024 09:00,948.0
25.12.2024 09:15,912.0
25.12.2024 09:30,882.0
25.12.2024 09:45,672.0
25.12.2024 10:00,924.0
25.12.2024 10:15,876.0
25.12.2024 10:30,918.0
25.12.2024 10:45,900.0
25.12.2024 11:00,1080.0
25.12.2024 11:15,1206.0
25.12.2024 11:30,1206.0
25.12.2024 11:45,852.0
25.12.2024 12:00,666.0
25.12.2024 12:15,552.0
25.12.2024 12:30,576.0
25.12.2024 12:45,696.0
25.12.2024 13:00,1026.0
25.12.2024 13:15,1248.0
25.12.2024 13:30,1194.0
25.12.2024 13:45,1104.0
25.12.2024 14:00,864.0
25.12.2024 14:15,942.0
25.12.2024 14:30,786.0
25.12.2024 14:45,1074.0
25.12.2024 15:00,1092.0
25.12.2024 15:15,1176.0
25.12.2024 15:30,1218.0
25.12.2024 15:45,1266.0
25.12.2024 16:00,1332.0
25.12.2024 16:15,1314.0
25.12.2024 16:30,1752.0
25.12.2024 16:45,1638.0
25.12.2024 17:00,1704.0
25.12.2024 17:15,1956.0
25.12.2024 17:30,1884.0
25.12.2024 17:45,1644.0
25.12.2024 18:00,1794.0
25.12.2024 18:15,1536.0
25.12.2024 18:30,1854.0
25.12.2024 18:45,1842.0
25.12.2024 19:00,1908.0
25.12.2024 19:15,1392.0
25.12.2024 19:30,1620.0
25.12.2024 19:45,1434.0
25.12.2024 20:00,1158.0
25.12.2024 20:15,1344.0
25.12.2024 20:30,1872.0
25.12.2024 20:45,1752.0
25.12.2024 21:00,1752.0
25.12.2024 21:15,2016.0
25.12.2024 21:30,1836.0
25.12.2024 21:45,1614.0
25.12.2024 22:00,1440.0
25.12.2024 22:15,1560.0
25.12.2024 22:30,1476.0
25.12.2024 22:45,1572.0
25.12.2024 23:00,1524.0
25.12.2024 23:15,1578.0
25.12.2024 23:30,1584.0
25.12.2024 23:45,1584.0
26.12.2024 00:00,1536.0
26.12.2024 00:15,1638.0
26.12.2024 00:30,1626.0
26.12.2024 00:45,1494.0
26.12.2024 01:00,1524.0
26.12.2024 01:15,1392.0
26.12.2024 01:30,1500.0
26.12.2024 01:45,1524.0
26.12.2024 02:00,1602.0
26.12.2024 02:15,1452.0
26.12.2024 02:30,1500.0
26.12.2024 02:45,1458.0
26.12.2024 03:00,1704.0
26.12.2024 03:15,1464.0
26.12.2024 03:30,1524.0
26.12.2024 03:45,1554.0
26.12.2024 04:00,1548.0
26.12.2024 04:15,1560.0
26.12.2024 04:30,1428.0
26.12.2024 04:45,1584.0
26.12.2024 05:00,2022.0
26.12.2024 05:15,1908.0
26.12.2024 05:30,2082.0
26.12.2024 05:45,2070.0
26.12.2024 06:00,1860.0
26.12.2024 06:15,1812.0
26.12.2024 06:30,1428.0
26.12.2024 06:45,1152.0
26.12.2024 07:00,1008.0
26.12.2024 07:15,966.0
26.12.2024 07:30,930.0
26.12.2024 07:45,930.0
26.12.2024 08:00,900.0
26.12.2024 08:15,834.0
26.12.2024 08:30,696.0
26.12.2024 08:45,540.0
26.12.2024 09:00,594.0
26.12.2024 09:15,504.0
26.12.2024 09:30,510.0
26.12.2024 09:45,516.0
26.12.2024 10:00,444.0
26.12.2024 10:15,402.0
26.12.2024 10:30,474.0
26.12.2024 10:45,492.0
26.12.2024 11:00,486.0
26.12.2024 11:15,456.0
26.12.2024 11:30,462.0
26.12.2024 11:45,414.0
26.12.2024 12:00,288.0
26.12.2024 12:15,162.0
26.12.2024 12:30,240.0
26.12.2024 12:45,378.0
26.12.2024 13:00,474.0
26.12.2024 13:15,294.0
26.12.2024 13:30,240.0
26.12.2024 13:45,546.0
26.12.2024 14:00,534.0
26.12.2024 14:15,606.0
26.12.2024 14:30,636.0
26.12.2024 14:45,636.0
26.12.2024 15:00,660.0
26.12.2024 15:15,408.0
26.12.2024 15:30,90.0
26.12.2024 15:45,36.0
26.12.2024 16:00,48.0
26.12.2024 16:15,72.0
26.12.2024 16:30,120.0
26.12.2024 16:45,126.0
26.12.2024 17:00,144.0
26.12.2024 17:15,180.0
26.12.2024 17:30,126.0
26.12.2024 17:45,102.0
26.12.2024 18:00,84.0
26.12.2024 18:15,90.0
26.12.2024 18:30,84.0
26.12.2024 18:45,84.0
26.12.2024 19:00,84.0
26.12.2024 19:15,84.0
26.12.2024 19:30,90.0
26.12.2024 19:45,90.0
26.12.2024 20:00,90.0
26.12.2024 20:15,24.0
26.12.2024 20:30,18.0
26.12.2024 20:45,18.0
26.12.2024 21:00,30.0
26.12.2024 21:15,18.0
26.12.2024 21:30,18.0
26.12.2024 21:45,18.0
26.12.2024 22:00,18.0
26.12.2024 22:15,18.0
26.12.2024 22:30,60.0
26.12.2024 22:45,66.0
26.12.2024 23:00,96.0
26.12.2024 23:15,108.0
26.12.2024 23:30,114.0
26.12.2024 23:45,114.0
27.12.2024 00:00,114.0
27.12.2024 00:15,114.0
27.12.2024 00:30,132.0
27.12.2024 00:45,120.0
27.12.2024 01:00,120.0
27.12.2024 01:15,120.0
27.12.2024 01:30,120.0
27.12.2024 01:45,120.0
27.12.2024 02:00,120.0
27.12.2024 02:15,120.0
27.12.2024 02:30,120.0
27.12.2024 02:45,120.0
27.12.2024 03:00,108.0
27.12.2024 03:15,108.0
27.12.2024 03:30,108.0
27.12.2024 03:45,120.0
27.12.2024 04:00,108.0
27.12.2024 04:15,108.0
27.12.2024 04:30,120.0
27.12.2024 04:45,126.0
27.12.2024 05:00,18.0
27.12.2024 05:15,12.0
27.12.2024 05:30,18.0
27.12.2024 05:45,12.0
27.12.2024 06:00,12.0
27.12.2024 06:15,12.0
27.12.2024 06:30,12.0
27.12.2024 06:45,6.0
27.12.2024 07:00,0.0
27.12.2024 07:15,6.0
27.12.2024 07:30,0.0
27.12.2024 07:45,0.0
27.12.2024 08:00,0.0
27.12.2024 08:15,0.0
27.12.2024 08:30,0.0
27.12.2024 08:45,0.0
27.12.2024 09:00,0.0
27.12.2024 09:15,0.0
27.12.2024 09:30,0.0
27.12.2024 09:45,0.0
27.12.2024 10:00,0.0
27.12.2024 10:15,0.0
27.12.2024 10:30,0.0
27.12.2024 10:45,0.0
27.12.2024 11:00,0.0
27.12.2024 11:15,0.0
27.12.2024 11:30,0.0
27.12.2024 11:45,0.0
27.12.2024 12:00,0.0
27.12.2024 12:15,0.0
27.12.2024 12:30,0.0
27.12.2024 12:45,0.0
27.12.2024 13:00,0.0
27.12.2024 13:15,0.0
27.12.2024 13:30,0.0
27.12.2024 13:45,0.0
27.12.2024 14:00,0.0
27.12.2024 14:15,0.0
27.12.2024 14:30,0.0
27.12.2024 14:45,0.0
27.12.2024 15:00,0.0
27.12.2024 15:15,0.0
27.12.2024 15:30,0.0
27.12.2024 15:45,0.0
27.12.2024 16:00,0.0
27.12.2024 16:15,0.0
27.12.2024 16:30,0.0
27.12.2024 16:45,0.0
27.12.2024 17:00,0.0
27.12.2024 17:15,0.0
27.12.2024 17:30,18.0
27.12.2024 17:45,12.0
27.12.2024 18:00,12.0
27.12.2024 18:15,12.0
27.12.2024 18:30,12.0
27.12.2024 18:45,12.0
27.12.2024 19:00,12.0
27.12.2024 19:15,12.0
27.12.2024 19:30,18.0
27.12.2024 19:45,12.0
27.12.2024 20:00,12.0
27.12.2024 20:15,12.0
27.12.2024 20:30,12.0
27.12.2024 20:45,12.0
27.12.2024 21:00,24.0
27.12.2024 21:15,18.0
27.12.2024 21:30,12.0
27.12.2024 21:45,12.0
27.12.2024 22:00,12.0
27.12.2024 22:15,12.0
27.12.2024 22:30,12.0
27.12.2024 22:45,12.0
27.12.2024 23:00,12.0
27.12.2024 23:15,12.0
27.12.2024 23:30,12.0
27.12.2024 23:45,12.0
28.12.2024 00:00,12.0
28.12.2024 00:15,12.0
28.12.2024 00:30,24.0
28.12.2024 00:45,18.0
28.12.2024 01:00,12.0
28.12.2024 01:15,12.0
28.12.2024 01:30,12.0
28.12.2024 01:45,12.0
28.12.2024 02:00,12.0
28.12.2024 02:15,12.0
28.12.2024 02:30,12.0
28.12.2024 02:45,12.0
28.12.2024 03:00,12.0
28.12.2024 03:15,12.0
28.12.2024 03:30,12.0
28.12.2024 03:45,12.0
28.12.2024 04:00,12.0
28.12.2024 04:15,24.0
28.12.2024 04:30,12.0
28.12.2024 04:45,12.0
28.12.2024 05:00,12.0
28.12.2024 05:15,12.0
28.12.2024 05:30,12.0
28.12.2024 05:45,12.0
28.12.2024 06:00,12.0
28.12.2024 06:15,12.0
28.12.2024 06:30,6.0
28.12.2024 06:45,6.0
28.12.2024 07:00,0.0
28.12.2024 07:15,0.0
28.12.2024 07:30,0.0
28.12.2024 07:45,0.0
28.12.2024 08:00,0.0
28.12.2024 08:15,0.0
28.12.2024 08:30,0.0
28.12.2024 08:45,0.0
28.12.2024 09:00,0.0
28.12.2024 09:15,0.0
28.12.2024 09:30,0.0
28.12.2024 09:45,0.0
28.12.2024 10:00,0.0
28.12.2024 10:15,0.0
28.12.2024 10:30,0.0
28.12.2024 10:45,0.0
28.12.2024 11:00,0.0
28.12.2024 11:15,0.0
28.12.2024 11:30,0.0
28.12.2024 11:45,0.0
28.12.2024 12:00,0.0
28.12.2024 12:15,0.0
28.12.2024 12:30,0.0
28.12.2024 12:45,0.0
28.12.2024 13:00,0.0
28.12.2024 13:15,0.0
28.12.2024 13:30,0.0
28.12.2024 13:45,0.0
28.12.2024 14:00,0.0
28.12.2024 14:15,0.0
28.12.2024 14:30,0.0
28.12.2024 14:45,0.0
28.12.2024 15:00,0.0
28.12.2024 15:15,0.0
28.12.2024 15:30,0.0
28.12.2024 15:45,0.0
28.12.2024 16:00,0.0
28.12.2024 16:15,0.0
28.12.2024 16:30,0.0
28.12.2024 16:45,0.0
28.12.2024 17:00,0.0
28.12.2024 17:15,0.0
28.12.2024 17:30,0.0
28.12.2024 17:45,12.0
28.12.2024 18:00,24.0
28.12.2024 18:15,24.0
28.12.2024 18:30,18.0
28.12.2024 18:45,12.0
28.12.2024 19:00,18.0
28.12.2024 19:15,18.0
28.12.2024 19:30,18.0
28.12.2024 19:45,12.0
28.12.2024 20:00,18.0
28.12.2024 20:15,12.0
28.12.2024 20:30,12.0
28.12.2024 20:45,12.0
28.12.2024 21:00,18.0
28.12.2024 21:15,12.0
28.12.2024 21:30,12.0
28.12.2024 21:45,30.0
28.12.2024 22:00,12.0
28.12.2024 22:15,12.0
28.12.2024 22:30,12.0
28.12.2024 22:45,12.0
28.12.2024 23:00,12.0
28.12.2024 23:15,12.0
28.12.2024 23:30,12.0
28.12.2024 23:45,12.0
29.12.2024 00:00,12.0
29.12.2024 00:15,12.0
29.12.2024 00:30,18.0
29.12.2024 00:45,12.0
29.12.2024 01:00,12.0
29.12.2024 01:15,24.0
29.12.2024 01:30,12.0
29.12.2024 01:45,12.0
29.12.2024 02:00,12.0
29.12.2024 02:15,12.0
29.12.2024 02:30,12.0
29.12.2024 02:45,12.0
29.12.2024 03:00,12.0
29.12.2024 03:15,12.0
29.12.2024 03:30,12.0
29.12.2024 03:45,12.0
29.12.2024 04:00,12.0
29.12.2024 04:15,12.0
29.12.2024 04:30,12.0
29.12.2024 04:45,12.0
29.12.2024 05:00,24.0
29.12.2024 05:15,12.0
29.12.2024 05:30,12.0
29.12.2024 05:45,18.0
29.12.2024 06:00,12.0
29.12.2024 06:15,12.0
29.12.2024 06:30,12.0
29.12.2024 06:45,6.0
29.12.2024 07:00,0.0
29.12.2024 07:15,0.0
29.12.2024 07:30,0.0
29.12.2024 07:45,0.0
29.12.2024 08:00,0.0
29.12.2024 08:15,0.0
29.12.2024 08:30,0.0
29.12.2024 08:45,0.0
29.12.2024 09:00,0.0
29.12.2024 09:15,0.0
29.12.2024 09:30,0.0
29.12.2024 09:45,0.0
29.12.2024 10:00,0.0
29.12.2024 10:15,0.0
29.12.2024 10:30,0.0
29.12.2024 10:45,0.0
29.12.2024 11:00,0.0
29.12.2024 11:15,0.0
29.12.2024 11:30,0.0
29.12.2024 11:45,0.0
29.12.2024 12:00,0.0
29.12.2024 12:15,0.0
29.12.2024 12:30,0.0
29.12.2024 12:45,0.0
29.12.2024 13:00,0.0
29.12.2024 13:15,0.0
29.12.2024 13:30,0.0
29.12.2024 13:45,0.0
29.12.2024 14:00,0.0
29.12.2024 14:15,0.0
29.12.2024 14:30,0.0
29.12.2024 14:45,0.0
29.12.2024 15:00,0.0
29.12.2024 15:15,0.0
29.12.2024 15:30,0.0
29.12.2024 15:45,0.0
29.12.2024 16:00,0.0
29.12.2024 16:15,0.0
29.12.2024 16:30,0.0
29.12.2024 16:45,0.0
29.12.2024 17:00,0.0
29.12.2024 17:15,0.0
29.12.2024 17:30,12.0
29.12.2024 17:45,18.0
29.12.2024 18:00,24.0
29.12.2024 18:15,24.0
29.12.2024 18:30,18.0
29.12.2024 18:45,24.0
29.12.2024 19:00,24.0
29.12.2024 19:15,24.0
29.12.2024 19:30,24.0
29.12.2024 19:45,18.0
29.12.2024 20:00,24.0
29.12.2024 20:15,18.0
29.12.2024 20:30,24.0
29.12.2024 20:45,18.0
29.12.2024 21:00,24.0
29.12.2024 21:15,18.0
29.12.2024 21:30,24.0
29.12.2024 21:45,24.0
29.12.2024 22:00,24.0
29.12.2024 22:15,18.0
29.12.2024 22:30,24.0
29.12.2024 22:45,24.0
29.12.2024 23:00,42.0
29.12.2024 23:15,84.0
29.12.2024 23:30,84.0
29.12.2024 23:45,84.0
30.12.2024 00:00,84.0
30.12.2024 00:15,84.0
30.12.2024 00:30,84.0
30.12.2024 00:45,96.0
30.12.2024 01:00,96.0
30.12.2024 01:15,96.0
30.12.2024 01:30,96.0
30.12.2024 01:45,90.0
30.12.2024 02:00,84.0
30.12.2024 02:15,84.0
30.12.2024 02:30,84.0
30.12.2024 02:45,84.0
30.12.2024 03:00,84.0
30.12.2024 03:15,84.0
30.12.2024 03:30,84.0
30.12.2024 03:45,84.0
30.12.2024 04:00,84.0
30.12.2024 04:15,84.0
30.12.2024 04:30,84.0
30.12.2024 04:45,108.0
30.12.2024 05:00,114.0
30.12.2024 05:15,114.0
30.12.2024 05:30,114.0
30.12.2024 05:45,114.0
30.12.2024 06:00,108.0
30.12.2024 06:15,108.0
30.12.2024 06:30,108.0
30.12.2024 06:45,90.0
30.12.2024 07:00,36.0
30.12.2024 07:15,0.0
30.12.2024 07:30,0.0
30.12.2024 07:45,0.0
30.12.2024 08:00,0.0
30.12.2024 08:15,0.0
30.12.2024 08:30,0.0
30.12.2024 08:45,0.0
30.12.2024 09:00,0.0
30.12.2024 09:15,0.0
30.12.2024 09:30,0.0
30.12.2024 09:45,0.0
30.12.2024 10:00,0.0
30.12.2024 10:15,0.0
30.12.2024 10:30,0.0
30.12.2024 10:45,0.0
30.12.2024 11:00,0.0
30.12.2024 11:15,0.0
30.12.2024 11:30,0.0
30.12.2024 11:45,0.0
30.12.2024 12:00,0.0
30.12.2024 12:15,0.0
30.12.2024 12:30,0.0
30.12.2024 12:45,0.0
30.12.2024 13:00,0.0
30.12.2024 13:15,0.0
30.12.2024 13:30,0.0
30.12.2024 13:45,0.0
30.12.2024 14:00,0.0
30.12.2024 14:15,0.0
30.12.2024 14:30,0.0
30.12.2024 14:45,0.0
30.12.2024 15:00,0.0
30.12.2024 15:15,0.0
30.12.2024 15:30,0.0
30.12.2024 15:45,0.0
30.12.2024 16:00,0.0
30.12.2024 16:15,0.0
30.12.2024 16:30,0.0
30.12.2024 16:45,0.0
30.12.2024 17:00,0.0
30.12.2024 17:15,0.0
30.12.2024 17:30,6.0
30.12.2024 17:45,18.0
30.12.2024 18:00,18.0
30.12.2024 18:15,24.0
30.12.2024 18:30,18.0
30.12.2024 18:45,18.0
30.12.2024 19:00,18.0
30.12.2024 19:15,18.0
30.12.2024 19:30,30.0
30.12.2024 19:45,18.0
30.12.2024 20:00,18.0
30.12.2024 20:15,18.0
30.12.2024 20:30,18.0
30.12.2024 20:45,18.0
30.12.2024 21:00,18.0
30.12.2024 21:15,18.0
30.12.2024 21:30,18.0
30.12.2024 21:45,18.0
30.12.2024 22:00,18.0
30.12.2024 22:15,18.0
30.12.2024 22:30,18.0
30.12.2024 22:45,18.0
30.12.2024 23:00,60.0
30.12.2024 23:15,108.0
30.12.2024 23:30,108.0
30.12.2024 23:45,108.0
31.12.2024 00:00,108.0
31.12.2024 00:15,108.0
31.12.2024 00:30,114.0
31.12.2024 00:45,108.0
31.12.2024 01:00,108.0
31.12.2024 01:15,114.0
31.12.2024 01:30,114.0
31.12.2024 01:45,108.0
31.12.2024 02:00,114.0
31.12.2024 02:15,114.0
31.12.2024 02:30,114.0
31.12.2024 02:45,114.0
31.12.2024 03:00,114.0
31.12.2024 03:15,114.0
31.12.2024 03:30,114.0
31.12.2024 03:45,114.0
31.12.2024 04:00,114.0
31.12.2024 04:15,114.0
31.12.2024 04:30,114.0
31.12.2024 04:45,84.0
31.12.2024 05:00,84.0
31.12.2024 05:15,84.0
31.12.2024 05:30,84.0
31.12.2024 05:45,78.0
31.12.2024 06:00,84.0
31.12.2024 06:15,84.0
31.12.2024 06:30,72.0
31.12.2024 06:45,60.0
31.12.2024 07:00,24.0
31.12.2024 07:15,0.0
31.12.2024 07:30,0.0
31.12.2024 07:45,0.0
31.12.2024 08:00,0.0
31.12.2024 08:15,0.0
31.12.2024 08:30,0.0
31.12.2024 08:45,0.0
31.12.2024 09:00,6.0
31.12.2024 09:15,0.0
31.12.2024 09:30,0.0
31.12.2024 09:45,0.0
31.12.2024 10:00,0.0
31.12.2024 10:15,0.0
31.12.2024 10:30,0.0
31.12.2024 10:45,0.0
31.12.2024 11:00,0.0
31.12.2024 11:15,0.0
31.12.2024 11:30,0.0
31.12.2024 11:45,0.0
31.12.2024 12:00,0.0
31.12.2024 12:15,0.0
31.12.2024 12:30,0.0
31.12.2024 12:45,0.0
31.12.2024 13:00,6.0
31.12.2024 13:15,0.0
31.12.2024 13:30,0.0
31.12.2024 13:45,0.0
31.12.2024 14:00,0.0
31.12.2024 14:15,0.0
31.12.2024 14:30,0.0
31.12.2024 14:45,0.0
31.12.2024 15:00,0.0
31.12.2024 15:15,0.0
31.12.2024 15:30,0.0
31.12.2024 15:45,0.0
31.12.2024 16:00,0.0
31.12.2024 16:15,0.0
31.12.2024 16:30,0.0
31.12.2024 16:45,0.0
31.12.2024 17:00,0.0
31.12.2024 17:15,6.0
31.12.2024 17:30,12.0
31.12.2024 17:45,18.0
31.12.2024 18:00,24.0
31.12.2024 18:15,18.0
31.12.2024 18:30,24.0
31.12.2024 18:45,18.0
31.12.2024 19:00,18.0
31.12.2024 19:15,18.0
31.12.2024 19:30,18.0
31.12.2024 19:45,18.0
31.12.2024 20:00,18.0
31.12.2024 20:15,18.0
31.12.2024 20:30,18.0
31.12.2024 20:45,18.0
31.12.2024 21:00,18.0
31.12.2024 21:15,18.0
31.12.2024 21:30,18.0
31.12.2024 21:45,18.0
31.12.2024 22:00,18.0
31.12.2024 22:15,18.0
31.12.2024 22:30,18.0
31.12.2024 22:45,18.0
31.12.2024 23:00,36.0
31.12.2024 23:15,84.0
31.12.2024 23:30,78.0
31.12.2024 23:45,84.0
