Date,Load
01/01/2024 00.00,144
01/01/2024 00.15,126
01/01/2024 00.30,126
01/01/2024 00.45,126
01/01/2024 01.00,138
01/01/2024 01.15,138
01/01/2024 01.30,126
01/01/2024 01.45,126
01/01/2024 02.00,156
01/01/2024 02.15,168
01/01/2024 02.30,168
01/01/2024 02.45,174
01/01/2024 03.00,156
01/01/2024 03.15,180
01/01/2024 03.30,168
01/01/2024 03.45,168
01/01/2024 04.00,174
01/01/2024 04.15,174
01/01/2024 04.30,174
01/01/2024 04.45,186
01/01/2024 05.00,174
01/01/2024 05.15,186
01/01/2024 05.30,174
01/01/2024 05.45,162
01/01/2024 06.00,144
01/01/2024 06.15,108
01/01/2024 06.30,108
01/01/2024 06.45,72
01/01/2024 07.00,6
01/01/2024 07.15,0
01/01/2024 07.30,0
01/01/2024 07.45,0
01/01/2024 08.00,0
01/01/2024 08.15,0
01/01/2024 08.30,0
01/01/2024 08.45,0
01/01/2024 09.00,0
01/01/2024 09.15,0
01/01/2024 09.30,0
01/01/2024 09.45,0
01/01/2024 10.00,0
01/01/2024 10.15,0
01/01/2024 10.30,0
01/01/2024 10.45,0
01/01/2024 11.00,0
01/01/2024 11.15,0
01/01/2024 11.30,0
01/01/2024 11.45,0
01/01/2024 12.00,0
01/01/2024 12.15,0
01/01/2024 12.30,0
01/01/2024 12.45,0
01/01/2024 13.00,0
01/01/2024 13.15,0
01/01/2024 13.30,0
01/01/2024 13.45,0
01/01/2024 14.00,0
01/01/2024 14.15,0
01/01/2024 14.30,0
01/01/2024 14.45,0
01/01/2024 15.00,0
01/01/2024 15.15,6
01/01/2024 15.30,12
01/01/2024 15.45,6
01/01/2024 16.00,0
01/01/2024 16.15,0
01/01/2024 16.30,0
01/01/2024 16.45,12
01/01/2024 17.00,54
01/01/2024 17.15,72
01/01/2024 17.30,126
01/01/2024 17.45,162
01/01/2024 18.00,150
01/01/2024 18.15,126
01/01/2024 18.30,126
01/01/2024 18.45,126
01/01/2024 19.00,126
01/01/2024 19.15,126
01/01/2024 19.30,126
01/01/2024 19.45,126
01/01/2024 20.00,144
01/01/2024 20.15,168
01/01/2024 20.30,180
01/01/2024 20.45,162
01/01/2024 21.00,168
01/01/2024 21.15,162
01/01/2024 21.30,168
01/01/2024 21.45,168
01/01/2024 22.00,162
01/01/2024 22.15,168
01/01/2024 22.30,180
01/01/2024 22.45,162
01/01/2024 23.00,168
01/01/2024 23.15,180
01/01/2024 23.30,162
01/01/2024 23.45,168
02/01/2024 00.00,138
02/01/2024 00.15,114
02/01/2024 00.30,126
02/01/2024 00.45,138
02/01/2024 01.00,114
02/01/2024 01.15,114
02/01/2024 01.30,114
02/01/2024 01.45,126
02/01/2024 02.00,132
02/01/2024 02.15,168
02/01/2024 02.30,168
02/01/2024 02.45,156
02/01/2024 03.00,162
02/01/2024 03.15,156
02/01/2024 03.30,156
02/01/2024 03.45,156
02/01/2024 04.00,174
02/01/2024 04.15,162
02/01/2024 04.30,174
02/01/2024 04.45,168
02/01/2024 05.00,174
02/01/2024 05.15,192
02/01/2024 05.30,162
02/01/2024 05.45,180
02/01/2024 06.00,138
02/01/2024 06.15,108
02/01/2024 06.30,108
02/01/2024 06.45,60
02/01/2024 07.00,36
02/01/2024 07.15,0
02/01/2024 07.30,0
02/01/2024 07.45,0
02/01/2024 08.00,0
02/01/2024 08.15,0
02/01/2024 08.30,0
02/01/2024 08.45,6
02/01/2024 09.00,0
02/01/2024 09.15,0
02/01/2024 09.30,0
02/01/2024 09.45,12
02/01/2024 10.00,0
02/01/2024 10.15,0
02/01/2024 10.30,0
02/01/2024 10.45,0
02/01/2024 11.00,0
02/01/2024 11.15,0
02/01/2024 11.30,0
02/01/2024 11.45,0
02/01/2024 12.00,0
02/01/2024 12.15,0
02/01/2024 12.30,0
02/01/2024 12.45,6
02/01/2024 13.00,0
02/01/2024 13.15,6
02/01/2024 13.30,6
02/01/2024 13.45,6
02/01/2024 14.00,6
02/01/2024 14.15,12
02/01/2024 14.30,6
02/01/2024 14.45,0
02/01/2024 15.00,6
02/01/2024 15.15,6
02/01/2024 15.30,12
02/01/2024 15.45,30
02/01/2024 16.00,150
02/01/2024 16.15,150
02/01/2024 16.30,162
02/01/2024 16.45,216
02/01/2024 17.00,102
02/01/2024 17.15,204
02/01/2024 17.30,246
02/01/2024 17.45,282
02/01/2024 18.00,228
02/01/2024 18.15,240
02/01/2024 18.30,252
02/01/2024 18.45,288
02/01/2024 19.00,312
02/01/2024 19.15,330
02/01/2024 19.30,354
02/01/2024 19.45,390
02/01/2024 20.00,390
02/01/2024 20.15,552
02/01/2024 20.30,714
02/01/2024 20.45,1320
02/01/2024 21.00,1980
02/01/2024 21.15,2694
02/01/2024 21.30,3264
02/01/2024 21.45,3354
02/01/2024 22.00,3348
02/01/2024 22.15,3300
02/01/2024 22.30,3552
02/01/2024 22.45,3420
02/01/2024 23.00,3672
02/01/2024 23.15,3750
02/01/2024 23.30,3558
02/01/2024 23.45,2964
03/01/2024 00.00,2670
03/01/2024 00.15,2568
03/01/2024 00.30,2214
03/01/2024 00.45,2196
03/01/2024 01.00,2340
03/01/2024 01.15,2472
03/01/2024 01.30,2298
03/01/2024 01.45,2160
03/01/2024 02.00,2160
03/01/2024 02.15,2244
03/01/2024 02.30,2466
03/01/2024 02.45,2592
03/01/2024 03.00,2178
03/01/2024 03.15,2040
03/01/2024 03.30,2022
03/01/2024 03.45,2154
03/01/2024 04.00,2196
03/01/2024 04.15,2268
03/01/2024 04.30,2292
03/01/2024 04.45,2364
03/01/2024 05.00,2448
03/01/2024 05.15,2250
03/01/2024 05.30,2520
03/01/2024 05.45,2652
03/01/2024 06.00,2898
03/01/2024 06.15,3264
03/01/2024 06.30,2874
03/01/2024 06.45,2586
03/01/2024 07.00,2256
03/01/2024 07.15,1752
03/01/2024 07.30,1302
03/01/2024 07.45,1044
03/01/2024 08.00,1422
03/01/2024 08.15,1710
03/01/2024 08.30,1368
03/01/2024 08.45,1224
03/01/2024 09.00,942
03/01/2024 09.15,1452
03/01/2024 09.30,618
03/01/2024 09.45,1224
03/01/2024 10.00,1152
03/01/2024 10.15,1122
03/01/2024 10.30,1116
03/01/2024 10.45,696
03/01/2024 11.00,588
03/01/2024 11.15,1212
03/01/2024 11.30,1212
03/01/2024 11.45,1146
03/01/2024 12.00,1050
03/01/2024 12.15,1032
03/01/2024 12.30,810
03/01/2024 12.45,756
03/01/2024 13.00,930
03/01/2024 13.15,1440
03/01/2024 13.30,1278
03/01/2024 13.45,1320
03/01/2024 14.00,1182
03/01/2024 14.15,858
03/01/2024 14.30,1464
03/01/2024 14.45,1548
03/01/2024 15.00,1686
03/01/2024 15.15,1788
03/01/2024 15.30,1728
03/01/2024 15.45,1620
03/01/2024 16.00,2034
03/01/2024 16.15,1998
03/01/2024 16.30,2976
03/01/2024 16.45,3396
03/01/2024 17.00,3690
03/01/2024 17.15,3576
03/01/2024 17.30,3864
03/01/2024 17.45,4038
03/01/2024 18.00,4326
03/01/2024 18.15,4194
03/01/2024 18.30,3648
03/01/2024 18.45,2934
03/01/2024 19.00,2082
03/01/2024 19.15,2250
03/01/2024 19.30,2640
03/01/2024 19.45,2484
03/01/2024 20.00,1980
03/01/2024 20.15,2364
03/01/2024 20.30,3072
03/01/2024 20.45,3426
03/01/2024 21.00,3408
03/01/2024 21.15,3834
03/01/2024 21.30,4068
03/01/2024 21.45,4020
03/01/2024 22.00,4248
03/01/2024 22.15,4248
03/01/2024 22.30,3942
03/01/2024 22.45,3840
03/01/2024 23.00,3396
03/01/2024 23.15,3756
03/01/2024 23.30,3600
03/01/2024 23.45,3444
04/01/2024 00.00,3312
04/01/2024 00.15,3378
04/01/2024 00.30,3288
04/01/2024 00.45,3384
04/01/2024 01.00,3624
04/01/2024 01.15,3804
04/01/2024 01.30,4038
04/01/2024 01.45,3996
04/01/2024 02.00,3246
04/01/2024 02.15,3300
04/01/2024 02.30,3774
04/01/2024 02.45,3636
04/01/2024 03.00,3918
04/01/2024 03.15,3654
04/01/2024 03.30,3492
04/01/2024 03.45,3570
04/01/2024 04.00,3498
04/01/2024 04.15,3540
04/01/2024 04.30,3582
04/01/2024 04.45,3768
04/01/2024 05.00,3342
04/01/2024 05.15,2808
04/01/2024 05.30,2766
04/01/2024 05.45,3120
04/01/2024 06.00,3204
04/01/2024 06.15,3204
04/01/2024 06.30,3348
04/01/2024 06.45,3132
04/01/2024 07.00,2568
04/01/2024 07.15,2136
04/01/2024 07.30,2028
04/01/2024 07.45,1668
04/01/2024 08.00,1590
04/01/2024 08.15,2016
04/01/2024 08.30,2208
04/01/2024 08.45,2418
04/01/2024 09.00,3012
04/01/2024 09.15,2292
04/01/2024 09.30,1572
04/01/2024 09.45,1608
04/01/2024 10.00,1176
04/01/2024 10.15,1530
04/01/2024 10.30,1296
04/01/2024 10.45,1074
04/01/2024 11.00,1476
04/01/2024 11.15,1500
04/01/2024 11.30,1314
04/01/2024 11.45,816
04/01/2024 12.00,1014
04/01/2024 12.15,1200
04/01/2024 12.30,1200
04/01/2024 12.45,1194
04/01/2024 13.00,1068
04/01/2024 13.15,1206
04/01/2024 13.30,1092
04/01/2024 13.45,1404
04/01/2024 14.00,1902
04/01/2024 14.15,1380
04/01/2024 14.30,2628
04/01/2024 14.45,2370
04/01/2024 15.00,1254
04/01/2024 15.15,1032
04/01/2024 15.30,1698
04/01/2024 15.45,1608
04/01/2024 16.00,1182
04/01/2024 16.15,1254
04/01/2024 16.30,1422
04/01/2024 16.45,1728
04/01/2024 17.00,1998
04/01/2024 17.15,2010
04/01/2024 17.30,2340
04/01/2024 17.45,2520
04/01/2024 18.00,2172
04/01/2024 18.15,2394
04/01/2024 18.30,2244
04/01/2024 18.45,2196
04/01/2024 19.00,2136
04/01/2024 19.15,2028
04/01/2024 19.30,2178
04/01/2024 19.45,2118
04/01/2024 20.00,2430
04/01/2024 20.15,2856
04/01/2024 20.30,3426
04/01/2024 20.45,3048
04/01/2024 21.00,3510
04/01/2024 21.15,3540
04/01/2024 21.30,3840
04/01/2024 21.45,3348
04/01/2024 22.00,3156
04/01/2024 22.15,3072
04/01/2024 22.30,3348
04/01/2024 22.45,3450
04/01/2024 23.00,3522
04/01/2024 23.15,3396
04/01/2024 23.30,3462
04/01/2024 23.45,3510
05/01/2024 00.00,3474
05/01/2024 00.15,3474
05/01/2024 00.30,3510
05/01/2024 00.45,3486
05/01/2024 01.00,3420
05/01/2024 01.15,3318
05/01/2024 01.30,3474
05/01/2024 01.45,3900
05/01/2024 02.00,4056
05/01/2024 02.15,4188
05/01/2024 02.30,4122
05/01/2024 02.45,4392
05/01/2024 03.00,4398
05/01/2024 03.15,4206
05/01/2024 03.30,4272
05/01/2024 03.45,4278
05/01/2024 04.00,3720
05/01/2024 04.15,3738
05/01/2024 04.30,3678
05/01/2024 04.45,3834
05/01/2024 05.00,3732
05/01/2024 05.15,3732
05/01/2024 05.30,3762
05/01/2024 05.45,3552
05/01/2024 06.00,3060
05/01/2024 06.15,3102
05/01/2024 06.30,2862
05/01/2024 06.45,2646
05/01/2024 07.00,2778
05/01/2024 07.15,2538
05/01/2024 07.30,2718
05/01/2024 07.45,3228
05/01/2024 08.00,2706
05/01/2024 08.15,2256
05/01/2024 08.30,2424
05/01/2024 08.45,2484
05/01/2024 09.00,2286
05/01/2024 09.15,2082
05/01/2024 09.30,1872
05/01/2024 09.45,1752
05/01/2024 10.00,1548
05/01/2024 10.15,1824
05/01/2024 10.30,1626
05/01/2024 10.45,1356
05/01/2024 11.00,1116
05/01/2024 11.15,834
05/01/2024 11.30,822
05/01/2024 11.45,1116
05/01/2024 12.00,1152
05/01/2024 12.15,1482
05/01/2024 12.30,1494
05/01/2024 12.45,1494
05/01/2024 13.00,1224
05/01/2024 13.15,1800
05/01/2024 13.30,1776
05/01/2024 13.45,1776
05/01/2024 14.00,1968
05/01/2024 14.15,1968
05/01/2024 14.30,2154
05/01/2024 14.45,1860
05/01/2024 15.00,1980
05/01/2024 15.15,2154
05/01/2024 15.30,1938
05/01/2024 15.45,2394
05/01/2024 16.00,2394
05/01/2024 16.15,2652
05/01/2024 16.30,2784
05/01/2024 16.45,2898
05/01/2024 17.00,3180
05/01/2024 17.15,3348
05/01/2024 17.30,3414
05/01/2024 17.45,3828
05/01/2024 18.00,3804
05/01/2024 18.15,3600
05/01/2024 18.30,3912
05/01/2024 18.45,4152
05/01/2024 19.00,4386
05/01/2024 19.15,3666
05/01/2024 19.30,3462
05/01/2024 19.45,3342
05/01/2024 20.00,3204
05/01/2024 20.15,3162
05/01/2024 20.30,3744
05/01/2024 20.45,3708
05/01/2024 21.00,3408
05/01/2024 21.15,3552
05/01/2024 21.30,3384
05/01/2024 21.45,3540
05/01/2024 22.00,3306
05/01/2024 22.15,3474
05/01/2024 22.30,3204
05/01/2024 22.45,3444
05/01/2024 23.00,3252
05/01/2024 23.15,3282
05/01/2024 23.30,3294
05/01/2024 23.45,3540
06/01/2024 00.00,3354
06/01/2024 00.15,3504
06/01/2024 00.30,3372
06/01/2024 00.45,3408
06/01/2024 01.00,3444
06/01/2024 01.15,3462
06/01/2024 01.30,3408
06/01/2024 01.45,3390
06/01/2024 02.00,3438
06/01/2024 02.15,3282
06/01/2024 02.30,3384
06/01/2024 02.45,3396
06/01/2024 03.00,3246
06/01/2024 03.15,3276
06/01/2024 03.30,3132
06/01/2024 03.45,2964
06/01/2024 04.00,3408
06/01/2024 04.15,3396
06/01/2024 04.30,3228
06/01/2024 04.45,3264
06/01/2024 05.00,3072
06/01/2024 05.15,3288
06/01/2024 05.30,3396
06/01/2024 05.45,3228
06/01/2024 06.00,3468
06/01/2024 06.15,3216
06/01/2024 06.30,3150
06/01/2024 06.45,3126
06/01/2024 07.00,3204
06/01/2024 07.15,2922
06/01/2024 07.30,2640
06/01/2024 07.45,2736
06/01/2024 08.00,2178
06/01/2024 08.15,2328
06/01/2024 08.30,2454
06/01/2024 08.45,2004
06/01/2024 09.00,2058
06/01/2024 09.15,1266
06/01/2024 09.30,1404
06/01/2024 09.45,1806
06/01/2024 10.00,1344
06/01/2024 10.15,1338
06/01/2024 10.30,1572
06/01/2024 10.45,1326
06/01/2024 11.00,1260
06/01/2024 11.15,1158
06/01/2024 11.30,1356
06/01/2024 11.45,1224
06/01/2024 12.00,1404
06/01/2024 12.15,1884
06/01/2024 12.30,1344
06/01/2024 12.45,1398
06/01/2024 13.00,1326
06/01/2024 13.15,1476
06/01/2024 13.30,2226
06/01/2024 13.45,1578
06/01/2024 14.00,1584
06/01/2024 14.15,1608
06/01/2024 14.30,1500
06/01/2024 14.45,1770
06/01/2024 15.00,2064
06/01/2024 15.15,2484
06/01/2024 15.30,2664
06/01/2024 15.45,2538
06/01/2024 16.00,2538
06/01/2024 16.15,2628
06/01/2024 16.30,2952
06/01/2024 16.45,2988
06/01/2024 17.00,4056
06/01/2024 17.15,4314
06/01/2024 17.30,4152
06/01/2024 17.45,4152
06/01/2024 18.00,4158
06/01/2024 18.15,4068
06/01/2024 18.30,3552
06/01/2024 18.45,4044
06/01/2024 19.00,4362
06/01/2024 19.15,4356
06/01/2024 19.30,4308
06/01/2024 19.45,4116
06/01/2024 20.00,3666
06/01/2024 20.15,3594
06/01/2024 20.30,3774
06/01/2024 20.45,4200
06/01/2024 21.00,4392
06/01/2024 21.15,4554
06/01/2024 21.30,4572
06/01/2024 21.45,4452
06/01/2024 22.00,4488
06/01/2024 22.15,4512
06/01/2024 22.30,4512
06/01/2024 22.45,4176
06/01/2024 23.00,4302
06/01/2024 23.15,4344
06/01/2024 23.30,4266
06/01/2024 23.45,4350
07/01/2024 00.00,4494
07/01/2024 00.15,4368
07/01/2024 00.30,4464
07/01/2024 00.45,4248
07/01/2024 01.00,4026
07/01/2024 01.15,3642
07/01/2024 01.30,4092
07/01/2024 01.45,3870
07/01/2024 02.00,3804
07/01/2024 02.15,3558
07/01/2024 02.30,3672
07/01/2024 02.45,4284
07/01/2024 03.00,4536
07/01/2024 03.15,4500
07/01/2024 03.30,4368
07/01/2024 03.45,3948
07/01/2024 04.00,3606
07/01/2024 04.15,3780
07/01/2024 04.30,3732
07/01/2024 04.45,3768
07/01/2024 05.00,3660
07/01/2024 05.15,3744
07/01/2024 05.30,3738
07/01/2024 05.45,3996
07/01/2024 06.00,4608
07/01/2024 06.15,4494
07/01/2024 06.30,4410
07/01/2024 06.45,4146
07/01/2024 07.00,4164
07/01/2024 07.15,3882
07/01/2024 07.30,3192
07/01/2024 07.45,3132
07/01/2024 08.00,3396
07/01/2024 08.15,3276
07/01/2024 08.30,3048
07/01/2024 08.45,3294
07/01/2024 09.00,2970
07/01/2024 09.15,2838
07/01/2024 09.30,2658
07/01/2024 09.45,1878
07/01/2024 10.00,1386
07/01/2024 10.15,2022
07/01/2024 10.30,1836
07/01/2024 10.45,1884
07/01/2024 11.00,1746
07/01/2024 11.15,1344
07/01/2024 11.30,1176
07/01/2024 11.45,1422
07/01/2024 12.00,1440
07/01/2024 12.15,1596
07/01/2024 12.30,1440
07/01/2024 12.45,2076
07/01/2024 13.00,2268
07/01/2024 13.15,2208
07/01/2024 13.30,2520
07/01/2024 13.45,2616
07/01/2024 14.00,2772
07/01/2024 14.15,3360
07/01/2024 14.30,3396
07/01/2024 14.45,2976
07/01/2024 15.00,2832
07/01/2024 15.15,3090
07/01/2024 15.30,3366
07/01/2024 15.45,3300
07/01/2024 16.00,3054
07/01/2024 16.15,3504
07/01/2024 16.30,3546
07/01/2024 16.45,3840
07/01/2024 17.00,4272
07/01/2024 17.15,4374
07/01/2024 17.30,4404
07/01/2024 17.45,4326
07/01/2024 18.00,4500
07/01/2024 18.15,4512
07/01/2024 18.30,4296
07/01/2024 18.45,4452
07/01/2024 19.00,4218
07/01/2024 19.15,4374
07/01/2024 19.30,4410
07/01/2024 19.45,4266
07/01/2024 20.00,4062
07/01/2024 20.15,4020
07/01/2024 20.30,4254
07/01/2024 20.45,4230
07/01/2024 21.00,4206
07/01/2024 21.15,4050
07/01/2024 21.30,4212
07/01/2024 21.45,4302
07/01/2024 22.00,3984
07/01/2024 22.15,4056
07/01/2024 22.30,4092
07/01/2024 22.45,3912
07/01/2024 23.00,3858
07/01/2024 23.15,3684
07/01/2024 23.30,4068
07/01/2024 23.45,4320
08/01/2024 00.00,3942
08/01/2024 00.15,3606
08/01/2024 00.30,4044
08/01/2024 00.45,4230
08/01/2024 01.00,4008
08/01/2024 01.15,4074
08/01/2024 01.30,4116
08/01/2024 01.45,4194
08/01/2024 02.00,4014
08/01/2024 02.15,3888
08/01/2024 02.30,4056
08/01/2024 02.45,4110
08/01/2024 03.00,4056
08/01/2024 03.15,3978
08/01/2024 03.30,4044
08/01/2024 03.45,4020
08/01/2024 04.00,4128
08/01/2024 04.15,4080
08/01/2024 04.30,3924
08/01/2024 04.45,3792
08/01/2024 05.00,4140
08/01/2024 05.15,4026
08/01/2024 05.30,3636
08/01/2024 05.45,3126
08/01/2024 06.00,3390
08/01/2024 06.15,3330
08/01/2024 06.30,3780
08/01/2024 06.45,3936
08/01/2024 07.00,3702
08/01/2024 07.15,3312
08/01/2024 07.30,2862
08/01/2024 07.45,2004
08/01/2024 08.00,1752
08/01/2024 08.15,1644
08/01/2024 08.30,1530
08/01/2024 08.45,1428
08/01/2024 09.00,1188
08/01/2024 09.15,1254
08/01/2024 09.30,1008
08/01/2024 09.45,984
08/01/2024 10.00,840
08/01/2024 10.15,852
08/01/2024 10.30,816
08/01/2024 10.45,1008
08/01/2024 11.00,1488
08/01/2024 11.15,1416
08/01/2024 11.30,1644
08/01/2024 11.45,1524
08/01/2024 12.00,1536
08/01/2024 12.15,1560
08/01/2024 12.30,1452
08/01/2024 12.45,1560
08/01/2024 13.00,1524
08/01/2024 13.15,1584
08/01/2024 13.30,1524
08/01/2024 13.45,1710
08/01/2024 14.00,1692
08/01/2024 14.15,1476
08/01/2024 14.30,1254
08/01/2024 14.45,1242
08/01/2024 15.00,1098
08/01/2024 15.15,756
08/01/2024 15.30,762
08/01/2024 15.45,918
08/01/2024 16.00,1368
08/01/2024 16.15,1800
08/01/2024 16.30,2196
08/01/2024 16.45,2694
08/01/2024 17.00,1896
08/01/2024 17.15,2634
08/01/2024 17.30,2928
08/01/2024 17.45,2886
08/01/2024 18.00,2868
08/01/2024 18.15,2736
08/01/2024 18.30,2784
08/01/2024 18.45,2946
08/01/2024 19.00,2820
08/01/2024 19.15,2958
08/01/2024 19.30,2994
08/01/2024 19.45,2406
08/01/2024 20.00,2886
08/01/2024 20.15,2886
08/01/2024 20.30,2802
08/01/2024 20.45,2886
08/01/2024 21.00,3030
08/01/2024 21.15,2472
08/01/2024 21.30,2844
08/01/2024 21.45,2976
08/01/2024 22.00,2514
08/01/2024 22.15,2688
08/01/2024 22.30,2886
08/01/2024 22.45,2796
08/01/2024 23.00,2706
08/01/2024 23.15,2748
08/01/2024 23.30,2412
08/01/2024 23.45,2784
09/01/2024 00.00,2820
09/01/2024 00.15,2808
09/01/2024 00.30,2514
09/01/2024 00.45,2844
09/01/2024 01.00,2760
09/01/2024 01.15,2736
09/01/2024 01.30,2790
09/01/2024 01.45,2820
09/01/2024 02.00,2532
09/01/2024 02.15,2646
09/01/2024 02.30,2748
09/01/2024 02.45,2868
09/01/2024 03.00,2814
09/01/2024 03.15,2772
09/01/2024 03.30,2736
09/01/2024 03.45,2736
09/01/2024 04.00,2616
09/01/2024 04.15,2784
09/01/2024 04.30,2712
09/01/2024 04.45,2682
09/01/2024 05.00,2736
09/01/2024 05.15,2796
09/01/2024 05.30,2514
09/01/2024 05.45,2160
09/01/2024 06.00,2016
09/01/2024 06.15,2136
09/01/2024 06.30,2226
09/01/2024 06.45,2400
09/01/2024 07.00,2472
09/01/2024 07.15,2556
09/01/2024 07.30,2910
09/01/2024 07.45,2856
09/01/2024 08.00,3084
09/01/2024 08.15,3246
09/01/2024 08.30,3594
09/01/2024 08.45,3270
09/01/2024 09.00,3048
09/01/2024 09.15,3198
09/01/2024 09.30,3162
09/01/2024 09.45,3090
09/01/2024 10.00,2838
09/01/2024 10.15,2922
09/01/2024 10.30,2682
09/01/2024 10.45,2652
09/01/2024 11.00,2712
09/01/2024 11.15,2562
09/01/2024 11.30,2640
09/01/2024 11.45,2364
09/01/2024 12.00,1782
09/01/2024 12.15,1704
09/01/2024 12.30,1776
09/01/2024 12.45,1536
09/01/2024 13.00,1704
09/01/2024 13.15,1596
09/01/2024 13.30,2424
09/01/2024 13.45,2736
09/01/2024 14.00,1938
09/01/2024 14.15,2160
09/01/2024 14.30,2298
09/01/2024 14.45,2208
09/01/2024 15.00,2478
09/01/2024 15.15,2394
09/01/2024 15.30,2340
09/01/2024 15.45,2616
09/01/2024 16.00,3354
09/01/2024 16.15,3636
09/01/2024 16.30,3708
09/01/2024 16.45,3984
09/01/2024 17.00,4188
09/01/2024 17.15,4056
09/01/2024 17.30,4128
09/01/2024 17.45,4338
09/01/2024 18.00,4344
09/01/2024 18.15,4164
09/01/2024 18.30,3732
09/01/2024 18.45,3954
09/01/2024 19.00,4326
09/01/2024 19.15,4410
09/01/2024 19.30,4260
09/01/2024 19.45,3882
09/01/2024 20.00,4092
09/01/2024 20.15,4368
09/01/2024 20.30,4392
09/01/2024 20.45,4218
09/01/2024 21.00,4422
09/01/2024 21.15,4584
09/01/2024 21.30,4710
09/01/2024 21.45,4656
09/01/2024 22.00,4596
09/01/2024 22.15,4728
09/01/2024 22.30,4668
09/01/2024 22.45,4644
09/01/2024 23.00,4650
09/01/2024 23.15,4404
09/01/2024 23.30,4356
09/01/2024 23.45,4260
10/01/2024 00.00,4452
10/01/2024 00.15,4542
10/01/2024 00.30,4464
10/01/2024 00.45,4434
10/01/2024 01.00,3990
10/01/2024 01.15,4098
10/01/2024 01.30,4188
10/01/2024 01.45,4500
10/01/2024 02.00,4476
10/01/2024 02.15,4248
10/01/2024 02.30,4536
10/01/2024 02.45,4476
10/01/2024 03.00,4434
10/01/2024 03.15,4098
10/01/2024 03.30,4068
10/01/2024 03.45,3792
10/01/2024 04.00,4194
10/01/2024 04.15,4050
10/01/2024 04.30,4032
10/01/2024 04.45,3996
10/01/2024 05.00,3954
10/01/2024 05.15,4008
10/01/2024 05.30,4284
10/01/2024 05.45,4338
10/01/2024 06.00,4170
10/01/2024 06.15,4128
10/01/2024 06.30,4050
10/01/2024 06.45,3990
10/01/2024 07.00,4128
10/01/2024 07.15,4116
10/01/2024 07.30,4080
10/01/2024 07.45,3840
10/01/2024 08.00,3300
10/01/2024 08.15,3156
10/01/2024 08.30,3144
10/01/2024 08.45,2922
10/01/2024 09.00,2820
10/01/2024 09.15,2748
10/01/2024 09.30,2478
10/01/2024 09.45,2400
10/01/2024 10.00,2304
10/01/2024 10.15,2412
10/01/2024 10.30,2316
10/01/2024 10.45,2220
10/01/2024 11.00,2172
10/01/2024 11.15,1956
10/01/2024 11.30,1716
10/01/2024 11.45,1728
10/01/2024 12.00,1650
10/01/2024 12.15,1926
10/01/2024 12.30,1836
10/01/2024 12.45,2316
10/01/2024 13.00,2424
10/01/2024 13.15,2322
10/01/2024 13.30,2400
10/01/2024 13.45,2082
10/01/2024 14.00,2586
10/01/2024 14.15,2220
10/01/2024 14.30,2292
10/01/2024 14.45,2304
10/01/2024 15.00,2628
10/01/2024 15.15,2922
10/01/2024 15.30,3450
10/01/2024 15.45,3588
10/01/2024 16.00,3756
10/01/2024 16.15,3816
10/01/2024 16.30,4080
10/01/2024 16.45,4092
10/01/2024 17.00,4080
10/01/2024 17.15,4344
10/01/2024 17.30,4326
10/01/2024 17.45,4476
10/01/2024 18.00,4422
10/01/2024 18.15,4344
10/01/2024 18.30,4164
10/01/2024 18.45,4212
10/01/2024 19.00,4440
10/01/2024 19.15,4572
10/01/2024 19.30,4284
10/01/2024 19.45,3798
10/01/2024 20.00,4158
10/01/2024 20.15,4530
10/01/2024 20.30,4164
10/01/2024 20.45,4380
10/01/2024 21.00,4410
10/01/2024 21.15,4584
10/01/2024 21.30,4116
10/01/2024 21.45,4170
10/01/2024 22.00,4452
10/01/2024 22.15,4476
10/01/2024 22.30,4518
10/01/2024 22.45,4242
10/01/2024 23.00,4428
10/01/2024 23.15,4584
10/01/2024 23.30,4452
10/01/2024 23.45,4284
11/01/2024 00.00,4524
11/01/2024 00.15,4482
11/01/2024 00.30,4530
11/01/2024 00.45,4524
11/01/2024 01.00,4662
11/01/2024 01.15,4620
11/01/2024 01.30,4512
11/01/2024 01.45,4476
11/01/2024 02.00,4530
11/01/2024 02.15,4404
11/01/2024 02.30,4512
11/01/2024 02.45,4338
11/01/2024 03.00,4302
11/01/2024 03.15,4272
11/01/2024 03.30,4248
11/01/2024 03.45,4434
11/01/2024 04.00,4194
11/01/2024 04.15,4284
11/01/2024 04.30,3798
11/01/2024 04.45,3420
11/01/2024 05.00,3876
11/01/2024 05.15,3972
11/01/2024 05.30,4440
11/01/2024 05.45,4440
11/01/2024 06.00,4074
11/01/2024 06.15,4140
11/01/2024 06.30,4428
11/01/2024 06.45,4272
11/01/2024 07.00,4542
11/01/2024 07.15,4356
11/01/2024 07.30,4122
11/01/2024 07.45,3714
11/01/2024 08.00,2928
11/01/2024 08.15,3162
11/01/2024 08.30,3354
11/01/2024 08.45,3264
11/01/2024 09.00,3144
11/01/2024 09.15,3282
11/01/2024 09.30,3198
11/01/2024 09.45,3024
11/01/2024 10.00,2832
11/01/2024 10.15,2826
11/01/2024 10.30,2814
11/01/2024 10.45,2862
11/01/2024 11.00,2586
11/01/2024 11.15,2604
11/01/2024 11.30,2688
11/01/2024 11.45,2508
11/01/2024 12.00,2844
11/01/2024 12.15,2514
11/01/2024 12.30,2268
11/01/2024 12.45,2376
11/01/2024 13.00,3216
11/01/2024 13.15,3330
11/01/2024 13.30,2352
11/01/2024 13.45,2790
11/01/2024 14.00,2712
11/01/2024 14.15,2856
11/01/2024 14.30,3108
11/01/2024 14.45,2952
11/01/2024 15.00,2868
11/01/2024 15.15,2988
11/01/2024 15.30,3066
11/01/2024 15.45,3312
11/01/2024 16.00,3954
11/01/2024 16.15,4230
11/01/2024 16.30,4056
11/01/2024 16.45,4056
11/01/2024 17.00,4104
11/01/2024 17.15,4164
11/01/2024 17.30,4218
11/01/2024 17.45,4272
11/01/2024 18.00,4350
11/01/2024 18.15,4218
11/01/2024 18.30,4464
11/01/2024 18.45,4248
11/01/2024 19.00,4332
11/01/2024 19.15,4230
11/01/2024 19.30,4452
11/01/2024 19.45,4416
11/01/2024 20.00,4320
11/01/2024 20.15,4362
11/01/2024 20.30,4080
11/01/2024 20.45,4446
11/01/2024 21.00,4536
11/01/2024 21.15,4656
11/01/2024 21.30,4536
11/01/2024 21.45,4518
11/01/2024 22.00,4452
11/01/2024 22.15,4542
11/01/2024 22.30,4650
11/01/2024 22.45,4524
11/01/2024 23.00,4584
11/01/2024 23.15,4314
11/01/2024 23.30,4566
11/01/2024 23.45,4386
12/01/2024 00.00,4398
12/01/2024 00.15,4470
12/01/2024 00.30,4296
12/01/2024 00.45,4422
12/01/2024 01.00,4446
12/01/2024 01.15,4068
12/01/2024 01.30,4248
12/01/2024 01.45,4200
12/01/2024 02.00,4218
12/01/2024 02.15,4194
12/01/2024 02.30,3888
12/01/2024 02.45,3594
12/01/2024 03.00,3276
12/01/2024 03.15,3096
12/01/2024 03.30,3012
12/01/2024 03.45,3144
12/01/2024 04.00,3744
12/01/2024 04.15,3924
12/01/2024 04.30,3852
12/01/2024 04.45,3972
12/01/2024 05.00,3804
12/01/2024 05.15,3858
12/01/2024 05.30,3888
12/01/2024 05.45,4212
12/01/2024 06.00,4404
12/01/2024 06.15,4158
12/01/2024 06.30,3630
12/01/2024 06.45,3096
12/01/2024 07.00,2874
12/01/2024 07.15,2544
12/01/2024 07.30,2040
12/01/2024 07.45,1752
12/01/2024 08.00,1458
12/01/2024 08.15,1344
12/01/2024 08.30,1422
12/01/2024 08.45,1170
12/01/2024 09.00,1026
12/01/2024 09.15,1044
12/01/2024 09.30,996
12/01/2024 09.45,792
12/01/2024 10.00,798
12/01/2024 10.15,756
12/01/2024 10.30,828
12/01/2024 10.45,918
12/01/2024 11.00,1092
12/01/2024 11.15,1002
12/01/2024 11.30,996
12/01/2024 11.45,1254
12/01/2024 12.00,1098
12/01/2024 12.15,1110
12/01/2024 12.30,1116
12/01/2024 12.45,972
12/01/2024 13.00,1248
12/01/2024 13.15,1014
12/01/2024 13.30,1098
12/01/2024 13.45,1074
12/01/2024 14.00,1284
12/01/2024 14.15,1068
12/01/2024 14.30,1266
12/01/2024 14.45,1272
12/01/2024 15.00,1308
12/01/2024 15.15,1434
12/01/2024 15.30,1410
12/01/2024 15.45,1572
12/01/2024 16.00,1608
12/01/2024 16.15,1740
12/01/2024 16.30,1740
12/01/2024 16.45,1764
12/01/2024 17.00,1848
12/01/2024 17.15,1962
12/01/2024 17.30,1932
12/01/2024 17.45,1980
12/01/2024 18.00,1956
12/01/2024 18.15,1950
12/01/2024 18.30,2058
12/01/2024 18.45,1980
12/01/2024 19.00,1932
12/01/2024 19.15,2016
12/01/2024 19.30,1854
12/01/2024 19.45,1878
12/01/2024 20.00,1920
12/01/2024 20.15,2064
12/01/2024 20.30,2148
12/01/2024 20.45,2220
12/01/2024 21.00,2274
12/01/2024 21.15,2430
12/01/2024 21.30,2232
12/01/2024 21.45,1986
12/01/2024 22.00,1908
12/01/2024 22.15,1818
12/01/2024 22.30,1866
12/01/2024 22.45,1836
12/01/2024 23.00,1776
12/01/2024 23.15,1872
12/01/2024 23.30,1974
12/01/2024 23.45,1974
13/01/2024 00.00,1914
13/01/2024 00.15,1914
13/01/2024 00.30,1848
13/01/2024 00.45,1926
13/01/2024 01.00,1902
13/01/2024 01.15,1890
13/01/2024 01.30,1938
13/01/2024 01.45,1974
13/01/2024 02.00,1950
13/01/2024 02.15,2004
13/01/2024 02.30,1902
13/01/2024 02.45,1836
13/01/2024 03.00,2004
13/01/2024 03.15,1974
13/01/2024 03.30,1944
13/01/2024 03.45,2022
13/01/2024 04.00,1872
13/01/2024 04.15,2022
13/01/2024 04.30,2016
13/01/2024 04.45,1770
13/01/2024 05.00,1986
13/01/2024 05.15,1944
13/01/2024 05.30,1848
13/01/2024 05.45,1896
13/01/2024 06.00,2022
13/01/2024 06.15,2040
13/01/2024 06.30,2160
13/01/2024 06.45,2220
13/01/2024 07.00,2292
13/01/2024 07.15,2322
13/01/2024 07.30,2148
13/01/2024 07.45,2256
13/01/2024 08.00,2010
13/01/2024 08.15,2394
13/01/2024 08.30,2184
13/01/2024 08.45,2328
13/01/2024 09.00,2316
13/01/2024 09.15,1986
13/01/2024 09.30,1980
13/01/2024 09.45,2316
13/01/2024 10.00,2346
13/01/2024 10.15,2388
13/01/2024 10.30,2064
13/01/2024 10.45,1950
13/01/2024 11.00,1962
13/01/2024 11.15,1812
13/01/2024 11.30,1704
13/01/2024 11.45,1410
13/01/2024 12.00,2016
13/01/2024 12.15,2262
13/01/2024 12.30,1788
13/01/2024 12.45,2208
13/01/2024 13.00,2472
13/01/2024 13.15,2502
13/01/2024 13.30,2460
13/01/2024 13.45,2640
13/01/2024 14.00,2580
13/01/2024 14.15,2502
13/01/2024 14.30,2496
13/01/2024 14.45,2988
13/01/2024 15.00,2796
13/01/2024 15.15,2868
13/01/2024 15.30,2970
13/01/2024 15.45,3348
13/01/2024 16.00,3438
13/01/2024 16.15,3816
13/01/2024 16.30,3972
13/01/2024 16.45,4158
13/01/2024 17.00,4314
13/01/2024 17.15,4548
13/01/2024 17.30,4452
13/01/2024 17.45,4290
13/01/2024 18.00,4140
13/01/2024 18.15,4032
13/01/2024 18.30,4008
13/01/2024 18.45,3696
13/01/2024 19.00,3804
13/01/2024 19.15,3948
13/01/2024 19.30,4050
13/01/2024 19.45,4020
13/01/2024 20.00,4314
13/01/2024 20.15,4686
13/01/2024 20.30,4512
13/01/2024 20.45,4428
13/01/2024 21.00,4596
13/01/2024 21.15,4512
13/01/2024 21.30,4452
13/01/2024 21.45,4386
13/01/2024 22.00,4506
13/01/2024 22.15,4536
13/01/2024 22.30,4440
13/01/2024 22.45,3984
13/01/2024 23.00,3810
13/01/2024 23.15,4086
13/01/2024 23.30,4332
13/01/2024 23.45,4590
14/01/2024 00.00,4770
14/01/2024 00.15,4632
14/01/2024 00.30,4620
14/01/2024 00.45,4200
14/01/2024 01.00,4344
14/01/2024 01.15,4416
14/01/2024 01.30,4386
14/01/2024 01.45,4494
14/01/2024 02.00,4560
14/01/2024 02.15,4428
14/01/2024 02.30,4518
14/01/2024 02.45,4374
14/01/2024 03.00,4368
14/01/2024 03.15,3906
14/01/2024 03.30,3678
14/01/2024 03.45,4470
14/01/2024 04.00,4002
14/01/2024 04.15,3840
14/01/2024 04.30,3900
14/01/2024 04.45,4332
14/01/2024 05.00,4548
14/01/2024 05.15,4536
14/01/2024 05.30,4398
14/01/2024 05.45,4704
14/01/2024 06.00,4560
14/01/2024 06.15,4338
14/01/2024 06.30,4350
14/01/2024 06.45,4104
14/01/2024 07.00,4254
14/01/2024 07.15,4302
14/01/2024 07.30,3870
14/01/2024 07.45,3234
14/01/2024 08.00,2730
14/01/2024 08.15,2934
14/01/2024 08.30,3342
14/01/2024 08.45,2736
14/01/2024 09.00,2880
14/01/2024 09.15,3252
14/01/2024 09.30,3282
14/01/2024 09.45,3342
14/01/2024 10.00,2724
14/01/2024 10.15,2862
14/01/2024 10.30,2664
14/01/2024 10.45,2946
14/01/2024 11.00,2784
14/01/2024 11.15,2616
14/01/2024 11.30,2382
14/01/2024 11.45,2724
14/01/2024 12.00,2532
14/01/2024 12.15,2568
14/01/2024 12.30,2814
14/01/2024 12.45,2622
14/01/2024 13.00,2742
14/01/2024 13.15,2820
14/01/2024 13.30,2790
14/01/2024 13.45,2736
14/01/2024 14.00,2430
14/01/2024 14.15,2400
14/01/2024 14.30,2892
14/01/2024 14.45,3132
14/01/2024 15.00,3138
14/01/2024 15.15,3168
14/01/2024 15.30,3336
14/01/2024 15.45,3078
14/01/2024 16.00,3138
14/01/2024 16.15,3852
14/01/2024 16.30,3906
14/01/2024 16.45,4212
14/01/2024 17.00,4176
14/01/2024 17.15,4224
14/01/2024 17.30,3852
14/01/2024 17.45,4068
14/01/2024 18.00,4590
14/01/2024 18.15,4548
14/01/2024 18.30,4410
14/01/2024 18.45,4560
14/01/2024 19.00,4440
14/01/2024 19.15,4542
14/01/2024 19.30,4476
14/01/2024 19.45,4368
14/01/2024 20.00,4386
14/01/2024 20.15,4404
14/01/2024 20.30,4248
14/01/2024 20.45,4404
14/01/2024 21.00,4404
14/01/2024 21.15,4266
14/01/2024 21.30,4344
14/01/2024 21.45,4128
14/01/2024 22.00,4008
14/01/2024 22.15,3924
14/01/2024 22.30,4044
14/01/2024 22.45,4530
14/01/2024 23.00,4560
14/01/2024 23.15,4596
14/01/2024 23.30,4638
14/01/2024 23.45,4674
15/01/2024 00.00,4554
15/01/2024 00.15,4686
15/01/2024 00.30,4524
15/01/2024 00.45,4524
15/01/2024 01.00,4644
15/01/2024 01.15,4704
15/01/2024 01.30,4524
15/01/2024 01.45,4356
15/01/2024 02.00,4368
15/01/2024 02.15,4308
15/01/2024 02.30,4542
15/01/2024 02.45,4518
15/01/2024 03.00,4560
15/01/2024 03.15,4566
15/01/2024 03.30,4344
15/01/2024 03.45,4176
15/01/2024 04.00,3606
15/01/2024 04.15,3942
15/01/2024 04.30,4368
15/01/2024 04.45,4596
15/01/2024 05.00,4242
15/01/2024 05.15,4314
15/01/2024 05.30,4452
15/01/2024 05.45,4200
15/01/2024 06.00,4176
15/01/2024 06.15,3636
15/01/2024 06.30,3744
15/01/2024 06.45,3798
15/01/2024 07.00,3198
15/01/2024 07.15,2928
15/01/2024 07.30,2856
15/01/2024 07.45,2580
15/01/2024 08.00,2118
15/01/2024 08.15,2136
15/01/2024 08.30,2148
15/01/2024 08.45,1464
15/01/2024 09.00,1134
15/01/2024 09.15,918
15/01/2024 09.30,1278
15/01/2024 09.45,1542
15/01/2024 10.00,1878
15/01/2024 10.15,1770
15/01/2024 10.30,1620
15/01/2024 10.45,1662
15/01/2024 11.00,1626
15/01/2024 11.15,1626
15/01/2024 11.30,1524
15/01/2024 11.45,1326
15/01/2024 12.00,996
15/01/2024 12.15,1392
15/01/2024 12.30,1440
15/01/2024 12.45,1560
15/01/2024 13.00,1536
15/01/2024 13.15,1596
15/01/2024 13.30,1500
15/01/2024 13.45,1566
15/01/2024 14.00,1722
15/01/2024 14.15,1368
15/01/2024 14.30,1194
15/01/2024 14.45,1224
15/01/2024 15.00,1248
15/01/2024 15.15,2178
15/01/2024 15.30,2202
15/01/2024 15.45,2268
15/01/2024 16.00,2262
15/01/2024 16.15,2376
15/01/2024 16.30,1830
15/01/2024 16.45,2424
15/01/2024 17.00,2400
15/01/2024 17.15,2610
15/01/2024 17.30,2856
15/01/2024 17.45,2850
15/01/2024 18.00,2820
15/01/2024 18.15,2784
15/01/2024 18.30,2988
15/01/2024 18.45,2916
15/01/2024 19.00,2484
15/01/2024 19.15,2376
15/01/2024 19.30,2514
15/01/2024 19.45,2298
15/01/2024 20.00,2952
15/01/2024 20.15,2928
15/01/2024 20.30,2934
15/01/2024 20.45,2928
15/01/2024 21.00,2928
15/01/2024 21.15,2916
15/01/2024 21.30,3000
15/01/2024 21.45,2844
15/01/2024 22.00,2646
15/01/2024 22.15,2478
15/01/2024 22.30,2268
15/01/2024 22.45,2694
15/01/2024 23.00,2916
15/01/2024 23.15,2910
15/01/2024 23.30,2922
15/01/2024 23.45,2652
16/01/2024 00.00,2310
16/01/2024 00.15,2646
16/01/2024 00.30,2904
16/01/2024 00.45,2856
16/01/2024 01.00,2658
16/01/2024 01.15,2760
16/01/2024 01.30,2724
16/01/2024 01.45,2784
16/01/2024 02.00,2796
16/01/2024 02.15,2802
16/01/2024 02.30,2724
16/01/2024 02.45,2748
16/01/2024 03.00,2778
16/01/2024 03.15,2634
16/01/2024 03.30,2670
16/01/2024 03.45,2508
16/01/2024 04.00,2706
16/01/2024 04.15,2772
16/01/2024 04.30,2526
16/01/2024 04.45,2532
16/01/2024 05.00,2694
16/01/2024 05.15,2634
16/01/2024 05.30,2688
16/01/2024 05.45,2628
16/01/2024 06.00,2694
16/01/2024 06.15,2688
16/01/2024 06.30,3036
16/01/2024 06.45,2844
16/01/2024 07.00,3000
16/01/2024 07.15,3348
16/01/2024 07.30,3306
16/01/2024 07.45,2646
16/01/2024 08.00,3006
16/01/2024 08.15,3276
16/01/2024 08.30,3378
16/01/2024 08.45,2820
16/01/2024 09.00,2226
16/01/2024 09.15,2628
16/01/2024 09.30,2664
16/01/2024 09.45,2334
16/01/2024 10.00,2544
16/01/2024 10.15,2682
16/01/2024 10.30,2910
16/01/2024 10.45,2562
16/01/2024 11.00,2730
16/01/2024 11.15,2508
16/01/2024 11.30,2298
16/01/2024 11.45,1854
16/01/2024 12.00,2112
16/01/2024 12.15,2400
16/01/2024 12.30,2460
16/01/2024 12.45,2364
16/01/2024 13.00,2448
16/01/2024 13.15,2406
16/01/2024 13.30,2472
16/01/2024 13.45,2484
16/01/2024 14.00,2580
16/01/2024 14.15,2592
16/01/2024 14.30,2994
16/01/2024 14.45,3294
16/01/2024 15.00,3282
16/01/2024 15.15,3144
16/01/2024 15.30,3360
16/01/2024 15.45,3564
16/01/2024 16.00,3816
16/01/2024 16.15,3624
16/01/2024 16.30,3936
16/01/2024 16.45,3750
16/01/2024 17.00,3804
16/01/2024 17.15,4230
16/01/2024 17.30,4020
16/01/2024 17.45,4560
16/01/2024 18.00,4512
16/01/2024 18.15,4518
16/01/2024 18.30,4536
16/01/2024 18.45,4392
16/01/2024 19.00,4332
16/01/2024 19.15,4518
16/01/2024 19.30,4500
16/01/2024 19.45,3960
16/01/2024 20.00,3912
16/01/2024 20.15,4476
16/01/2024 20.30,4656
16/01/2024 20.45,4560
16/01/2024 21.00,4416
16/01/2024 21.15,4422
16/01/2024 21.30,4446
16/01/2024 21.45,4596
16/01/2024 22.00,4428
16/01/2024 22.15,4644
16/01/2024 22.30,4602
16/01/2024 22.45,4710
16/01/2024 23.00,4572
16/01/2024 23.15,4548
16/01/2024 23.30,4398
16/01/2024 23.45,4164
17/01/2024 00.00,4542
17/01/2024 00.15,4440
17/01/2024 00.30,4350
17/01/2024 00.45,3924
17/01/2024 01.00,3870
17/01/2024 01.15,3840
17/01/2024 01.30,3870
17/01/2024 01.45,3930
17/01/2024 02.00,4608
17/01/2024 02.15,4638
17/01/2024 02.30,4458
17/01/2024 02.45,4446
17/01/2024 03.00,4416
17/01/2024 03.15,4452
17/01/2024 03.30,4242
17/01/2024 03.45,3936
17/01/2024 04.00,3930
17/01/2024 04.15,3840
17/01/2024 04.30,4422
17/01/2024 04.45,3912
17/01/2024 05.00,3648
17/01/2024 05.15,3906
17/01/2024 05.30,3732
17/01/2024 05.45,4368
17/01/2024 06.00,4470
17/01/2024 06.15,4632
17/01/2024 06.30,4722
17/01/2024 06.45,4476
17/01/2024 07.00,4500
17/01/2024 07.15,4296
17/01/2024 07.30,3912
17/01/2024 07.45,3396
17/01/2024 08.00,3300
17/01/2024 08.15,3564
17/01/2024 08.30,3276
17/01/2024 08.45,3480
17/01/2024 09.00,3360
17/01/2024 09.15,3180
17/01/2024 09.30,3132
17/01/2024 09.45,2940
17/01/2024 10.00,2628
17/01/2024 10.15,2946
17/01/2024 10.30,2688
17/01/2024 10.45,2496
17/01/2024 11.00,2466
17/01/2024 11.15,2556
17/01/2024 11.30,2490
17/01/2024 11.45,2382
17/01/2024 12.00,2460
17/01/2024 12.15,2544
17/01/2024 12.30,2610
17/01/2024 12.45,2610
17/01/2024 13.00,2532
17/01/2024 13.15,2676
17/01/2024 13.30,2424
17/01/2024 13.45,2844
17/01/2024 14.00,2886
17/01/2024 14.15,2244
17/01/2024 14.30,2592
17/01/2024 14.45,3042
17/01/2024 15.00,3210
17/01/2024 15.15,2400
17/01/2024 15.30,3336
17/01/2024 15.45,3420
17/01/2024 16.00,3414
17/01/2024 16.15,3612
17/01/2024 16.30,3720
17/01/2024 16.45,3822
17/01/2024 17.00,4098
17/01/2024 17.15,3696
17/01/2024 17.30,3672
17/01/2024 17.45,4368
17/01/2024 18.00,4464
17/01/2024 18.15,4440
17/01/2024 18.30,4500
17/01/2024 18.45,4458
17/01/2024 19.00,4614
17/01/2024 19.15,4608
17/01/2024 19.30,4206
17/01/2024 19.45,4116
17/01/2024 20.00,4314
17/01/2024 20.15,4476
17/01/2024 20.30,4386
17/01/2024 20.45,4506
17/01/2024 21.00,4548
17/01/2024 21.15,4584
17/01/2024 21.30,4596
17/01/2024 21.45,4476
17/01/2024 22.00,4446
17/01/2024 22.15,4650
17/01/2024 22.30,4374
17/01/2024 22.45,4530
17/01/2024 23.00,4068
17/01/2024 23.15,4296
17/01/2024 23.30,4530
17/01/2024 23.45,4680
18/01/2024 00.00,4560
18/01/2024 00.15,4614
18/01/2024 00.30,4686
18/01/2024 00.45,4326
18/01/2024 01.00,4542
18/01/2024 01.15,4548
18/01/2024 01.30,4536
18/01/2024 01.45,4536
18/01/2024 02.00,4476
18/01/2024 02.15,4170
18/01/2024 02.30,4230
18/01/2024 02.45,4500
18/01/2024 03.00,4338
18/01/2024 03.15,4500
18/01/2024 03.30,4464
18/01/2024 03.45,4584
18/01/2024 04.00,4566
18/01/2024 04.15,4434
18/01/2024 04.30,4476
18/01/2024 04.45,4416
18/01/2024 05.00,4404
18/01/2024 05.15,4524
18/01/2024 05.30,4332
18/01/2024 05.45,4404
18/01/2024 06.00,4320
18/01/2024 06.15,4080
18/01/2024 06.30,3402
18/01/2024 06.45,3138
18/01/2024 07.00,2748
18/01/2024 07.15,2556
18/01/2024 07.30,2406
18/01/2024 07.45,2058
18/01/2024 08.00,1368
18/01/2024 08.15,1140
18/01/2024 08.30,1074
18/01/2024 08.45,1224
18/01/2024 09.00,1248
18/01/2024 09.15,1116
18/01/2024 09.30,1008
18/01/2024 09.45,894
18/01/2024 10.00,966
18/01/2024 10.15,960
18/01/2024 10.30,1098
18/01/2024 10.45,924
18/01/2024 11.00,726
18/01/2024 11.15,744
18/01/2024 11.30,612
18/01/2024 11.45,552
18/01/2024 12.00,504
18/01/2024 12.15,348
18/01/2024 12.30,294
18/01/2024 12.45,384
18/01/2024 13.00,948
18/01/2024 13.15,1044
18/01/2024 13.30,1038
18/01/2024 13.45,1104
18/01/2024 14.00,942
18/01/2024 14.15,912
18/01/2024 14.30,1038
18/01/2024 14.45,1080
18/01/2024 15.00,1128
18/01/2024 15.15,900
18/01/2024 15.30,1086
18/01/2024 15.45,1320
18/01/2024 16.00,1206
18/01/2024 16.15,1158
18/01/2024 16.30,1152
18/01/2024 16.45,1194
18/01/2024 17.00,1116
18/01/2024 17.15,1230
18/01/2024 17.30,1374
18/01/2024 17.45,1440
18/01/2024 18.00,1788
18/01/2024 18.15,2028
18/01/2024 18.30,2076
18/01/2024 18.45,2064
18/01/2024 19.00,2004
18/01/2024 19.15,2046
18/01/2024 19.30,1980
18/01/2024 19.45,1974
18/01/2024 20.00,1932
18/01/2024 20.15,2010
18/01/2024 20.30,2016
18/01/2024 20.45,1980
18/01/2024 21.00,2142
18/01/2024 21.15,1944
18/01/2024 21.30,2082
18/01/2024 21.45,2082
18/01/2024 22.00,1908
18/01/2024 22.15,2112
18/01/2024 22.30,2040
18/01/2024 22.45,1980
18/01/2024 23.00,2136
18/01/2024 23.15,2088
18/01/2024 23.30,2064
18/01/2024 23.45,2118
19/01/2024 00.00,2064
19/01/2024 00.15,2124
19/01/2024 00.30,2100
19/01/2024 00.45,2004
19/01/2024 01.00,2052
19/01/2024 01.15,2040
19/01/2024 01.30,2040
19/01/2024 01.45,2082
19/01/2024 02.00,2082
19/01/2024 02.15,1956
19/01/2024 02.30,1722
19/01/2024 02.45,1956
19/01/2024 03.00,2016
19/01/2024 03.15,2010
19/01/2024 03.30,2070
19/01/2024 03.45,2064
19/01/2024 04.00,2004
19/01/2024 04.15,1950
19/01/2024 04.30,2016
19/01/2024 04.45,1980
19/01/2024 05.00,2004
19/01/2024 05.15,1764
19/01/2024 05.30,1752
19/01/2024 05.45,1764
19/01/2024 06.00,1830
19/01/2024 06.15,1488
19/01/2024 06.30,1128
19/01/2024 06.45,912
19/01/2024 07.00,822
19/01/2024 07.15,660
19/01/2024 07.30,552
19/01/2024 07.45,270
19/01/2024 08.00,12
19/01/2024 08.15,0
19/01/2024 08.30,12
19/01/2024 08.45,18
19/01/2024 09.00,18
19/01/2024 09.15,12
19/01/2024 09.30,6
19/01/2024 09.45,0
19/01/2024 10.00,0
19/01/2024 10.15,0
19/01/2024 10.30,6
19/01/2024 10.45,0
19/01/2024 11.00,12
19/01/2024 11.15,12
19/01/2024 11.30,12
19/01/2024 11.45,18
19/01/2024 12.00,6
19/01/2024 12.15,0
19/01/2024 12.30,6
19/01/2024 12.45,18
19/01/2024 13.00,6
19/01/2024 13.15,6
19/01/2024 13.30,24
19/01/2024 13.45,18
19/01/2024 14.00,12
19/01/2024 14.15,6
19/01/2024 14.30,0
19/01/2024 14.45,0
19/01/2024 15.00,12
19/01/2024 15.15,24
19/01/2024 15.30,18
19/01/2024 15.45,42
19/01/2024 16.00,18
19/01/2024 16.15,36
19/01/2024 16.30,96
19/01/2024 16.45,102
19/01/2024 17.00,168
19/01/2024 17.15,186
19/01/2024 17.30,216
19/01/2024 17.45,246
19/01/2024 18.00,276
19/01/2024 18.15,282
19/01/2024 18.30,294
19/01/2024 18.45,300
19/01/2024 19.00,294
19/01/2024 19.15,288
19/01/2024 19.30,306
19/01/2024 19.45,288
19/01/2024 20.00,312
19/01/2024 20.15,336
19/01/2024 20.30,324
19/01/2024 20.45,324
19/01/2024 21.00,324
19/01/2024 21.15,318
19/01/2024 21.30,330
19/01/2024 21.45,318
19/01/2024 22.00,312
19/01/2024 22.15,312
19/01/2024 22.30,312
19/01/2024 22.45,282
19/01/2024 23.00,288
19/01/2024 23.15,312
19/01/2024 23.30,294
19/01/2024 23.45,300
20/01/2024 00.00,294
20/01/2024 00.15,312
20/01/2024 00.30,318
20/01/2024 00.45,294
20/01/2024 01.00,288
20/01/2024 01.15,270
20/01/2024 01.30,276
20/01/2024 01.45,324
20/01/2024 02.00,300
20/01/2024 02.15,294
20/01/2024 02.30,300
20/01/2024 02.45,318
20/01/2024 03.00,324
20/01/2024 03.15,306
20/01/2024 03.30,288
20/01/2024 03.45,276
20/01/2024 04.00,300
20/01/2024 04.15,288
20/01/2024 04.30,294
20/01/2024 04.45,306
20/01/2024 05.00,300
20/01/2024 05.15,294
20/01/2024 05.30,300
20/01/2024 05.45,336
20/01/2024 06.00,522
20/01/2024 06.15,1038
20/01/2024 06.30,1506
20/01/2024 06.45,1638
20/01/2024 07.00,1884
20/01/2024 07.15,2826
20/01/2024 07.30,2466
20/01/2024 07.45,2376
20/01/2024 08.00,2556
20/01/2024 08.15,2586
20/01/2024 08.30,2700
20/01/2024 08.45,2688
20/01/2024 09.00,2694
20/01/2024 09.15,2466
20/01/2024 09.30,2304
20/01/2024 09.45,2232
20/01/2024 10.00,1992
20/01/2024 10.15,2034
20/01/2024 10.30,2040
20/01/2024 10.45,1770
20/01/2024 11.00,1248
20/01/2024 11.15,942
20/01/2024 11.30,1044
20/01/2024 11.45,1356
20/01/2024 12.00,1512
20/01/2024 12.15,1524
20/01/2024 12.30,1722
20/01/2024 12.45,2088
20/01/2024 13.00,2268
20/01/2024 13.15,2520
20/01/2024 13.30,2412
20/01/2024 13.45,2490
20/01/2024 14.00,2352
20/01/2024 14.15,2136
20/01/2024 14.30,2442
20/01/2024 14.45,1776
20/01/2024 15.00,2076
20/01/2024 15.15,2046
20/01/2024 15.30,2496
20/01/2024 15.45,2880
20/01/2024 16.00,3276
20/01/2024 16.15,3324
20/01/2024 16.30,3348
20/01/2024 16.45,3444
20/01/2024 17.00,3834
20/01/2024 17.15,3852
20/01/2024 17.30,3864
20/01/2024 17.45,4044
20/01/2024 18.00,3978
20/01/2024 18.15,4008
20/01/2024 18.30,3924
20/01/2024 18.45,3948
20/01/2024 19.00,4284
20/01/2024 19.15,3906
20/01/2024 19.30,3678
20/01/2024 19.45,3312
20/01/2024 20.00,2988
20/01/2024 20.15,2916
20/01/2024 20.30,2898
20/01/2024 20.45,2910
20/01/2024 21.00,3768
20/01/2024 21.15,3738
20/01/2024 21.30,3732
20/01/2024 21.45,3528
20/01/2024 22.00,3144
20/01/2024 22.15,2880
20/01/2024 22.30,3402
20/01/2024 22.45,3600
20/01/2024 23.00,3828
20/01/2024 23.15,3852
20/01/2024 23.30,3690
20/01/2024 23.45,3312
21/01/2024 00.00,3666
21/01/2024 00.15,3804
21/01/2024 00.30,4002
21/01/2024 00.45,4140
21/01/2024 01.00,4344
21/01/2024 01.15,4212
21/01/2024 01.30,4038
21/01/2024 01.45,4080
21/01/2024 02.00,3900
21/01/2024 02.15,4398
21/01/2024 02.30,4008
21/01/2024 02.45,4128
21/01/2024 03.00,4224
21/01/2024 03.15,4236
21/01/2024 03.30,3996
21/01/2024 03.45,3714
21/01/2024 04.00,3912
21/01/2024 04.15,4206
21/01/2024 04.30,4242
21/01/2024 04.45,4050
21/01/2024 05.00,3972
21/01/2024 05.15,3948
21/01/2024 05.30,3696
21/01/2024 05.45,3744
21/01/2024 06.00,3948
21/01/2024 06.15,3786
21/01/2024 06.30,3312
21/01/2024 06.45,3552
21/01/2024 07.00,3798
21/01/2024 07.15,3624
21/01/2024 07.30,3276
21/01/2024 07.45,3234
21/01/2024 08.00,3120
21/01/2024 08.15,3048
21/01/2024 08.30,1764
21/01/2024 08.45,1530
21/01/2024 09.00,1518
21/01/2024 09.15,1428
21/01/2024 09.30,1176
21/01/2024 09.45,1440
21/01/2024 10.00,1716
21/01/2024 10.15,1758
21/01/2024 10.30,1632
21/01/2024 10.45,1824
21/01/2024 11.00,1884
21/01/2024 11.15,1944
21/01/2024 11.30,1764
21/01/2024 11.45,1956
21/01/2024 12.00,1932
21/01/2024 12.15,2160
21/01/2024 12.30,2076
21/01/2024 12.45,2028
21/01/2024 13.00,1986
21/01/2024 13.15,2208
21/01/2024 13.30,2076
21/01/2024 13.45,1692
21/01/2024 14.00,2208
21/01/2024 14.15,1536
21/01/2024 14.30,1536
21/01/2024 14.45,1350
21/01/2024 15.00,1764
21/01/2024 15.15,2244
21/01/2024 15.30,3006
21/01/2024 15.45,3318
21/01/2024 16.00,3222
21/01/2024 16.15,3906
21/01/2024 16.30,3888
21/01/2024 16.45,4116
21/01/2024 17.00,3852
21/01/2024 17.15,4344
21/01/2024 17.30,4296
21/01/2024 17.45,4140
21/01/2024 18.00,4032
21/01/2024 18.15,3828
21/01/2024 18.30,4008
21/01/2024 18.45,4014
21/01/2024 19.00,4332
21/01/2024 19.15,4464
21/01/2024 19.30,3852
21/01/2024 19.45,3396
21/01/2024 20.00,3732
21/01/2024 20.15,4020
21/01/2024 20.30,4428
21/01/2024 20.45,4404
21/01/2024 21.00,4350
21/01/2024 21.15,3834
21/01/2024 21.30,4164
21/01/2024 21.45,4338
21/01/2024 22.00,4332
21/01/2024 22.15,4212
21/01/2024 22.30,3984
21/01/2024 22.45,4164
21/01/2024 23.00,3648
21/01/2024 23.15,3486
21/01/2024 23.30,3492
21/01/2024 23.45,3534
22/01/2024 00.00,3468
22/01/2024 00.15,3516
22/01/2024 00.30,3408
22/01/2024 00.45,3414
22/01/2024 01.00,3372
22/01/2024 01.15,3426
22/01/2024 01.30,3450
22/01/2024 01.45,3324
22/01/2024 02.00,3366
22/01/2024 02.15,3432
22/01/2024 02.30,3438
22/01/2024 02.45,3516
22/01/2024 03.00,3384
22/01/2024 03.15,2910
22/01/2024 03.30,2100
22/01/2024 03.45,1842
22/01/2024 04.00,1740
22/01/2024 04.15,1740
22/01/2024 04.30,1758
22/01/2024 04.45,1728
22/01/2024 05.00,1698
22/01/2024 05.15,1686
22/01/2024 05.30,1704
22/01/2024 05.45,1740
22/01/2024 06.00,1722
22/01/2024 06.15,1680
22/01/2024 06.30,1686
22/01/2024 06.45,1542
22/01/2024 07.00,1356
22/01/2024 07.15,1194
22/01/2024 07.30,888
22/01/2024 07.45,804
22/01/2024 08.00,744
22/01/2024 08.15,840
22/01/2024 08.30,756
22/01/2024 08.45,150
22/01/2024 09.00,24
22/01/2024 09.15,60
22/01/2024 09.30,78
22/01/2024 09.45,24
22/01/2024 10.00,24
22/01/2024 10.15,30
22/01/2024 10.30,24
22/01/2024 10.45,12
22/01/2024 11.00,12
22/01/2024 11.15,0
22/01/2024 11.30,0
22/01/2024 11.45,12
22/01/2024 12.00,12
22/01/2024 12.15,12
22/01/2024 12.30,12
22/01/2024 12.45,24
22/01/2024 13.00,24
22/01/2024 13.15,12
22/01/2024 13.30,12
22/01/2024 13.45,12
22/01/2024 14.00,12
22/01/2024 14.15,12
22/01/2024 14.30,24
22/01/2024 14.45,0
22/01/2024 15.00,6
22/01/2024 15.15,18
22/01/2024 15.30,42
22/01/2024 15.45,30
22/01/2024 16.00,30
22/01/2024 16.15,72
22/01/2024 16.30,84
22/01/2024 16.45,168
22/01/2024 17.00,192
22/01/2024 17.15,240
22/01/2024 17.30,276
22/01/2024 17.45,312
22/01/2024 18.00,324
22/01/2024 18.15,324
22/01/2024 18.30,318
22/01/2024 18.45,330
22/01/2024 19.00,330
22/01/2024 19.15,330
22/01/2024 19.30,330
22/01/2024 19.45,324
22/01/2024 20.00,330
22/01/2024 20.15,348
22/01/2024 20.30,324
22/01/2024 20.45,336
22/01/2024 21.00,384
22/01/2024 21.15,360
22/01/2024 21.30,360
22/01/2024 21.45,336
22/01/2024 22.00,318
22/01/2024 22.15,312
22/01/2024 22.30,318
22/01/2024 22.45,336
22/01/2024 23.00,312
22/01/2024 23.15,324
22/01/2024 23.30,324
22/01/2024 23.45,312
23/01/2024 00.00,312
23/01/2024 00.15,324
23/01/2024 00.30,348
23/01/2024 00.45,312
23/01/2024 01.00,318
23/01/2024 01.15,324
23/01/2024 01.30,306
23/01/2024 01.45,318
23/01/2024 02.00,324
23/01/2024 02.15,306
23/01/2024 02.30,318
23/01/2024 02.45,306
23/01/2024 03.00,318
23/01/2024 03.15,306
23/01/2024 03.30,306
23/01/2024 03.45,324
23/01/2024 04.00,330
23/01/2024 04.15,318
23/01/2024 04.30,318
23/01/2024 04.45,306
23/01/2024 05.00,306
23/01/2024 05.15,306
23/01/2024 05.30,318
23/01/2024 05.45,318
23/01/2024 06.00,306
23/01/2024 06.15,318
23/01/2024 06.30,300
23/01/2024 06.45,300
23/01/2024 07.00,324
23/01/2024 07.15,270
23/01/2024 07.30,234
23/01/2024 07.45,312
23/01/2024 08.00,222
23/01/2024 08.15,108
23/01/2024 08.30,228
23/01/2024 08.45,258
23/01/2024 09.00,186
23/01/2024 09.15,66
23/01/2024 09.30,30
23/01/2024 09.45,24
23/01/2024 10.00,30
23/01/2024 10.15,30
23/01/2024 10.30,30
23/01/2024 10.45,60
23/01/2024 11.00,42
23/01/2024 11.15,30
23/01/2024 11.30,48
23/01/2024 11.45,36
23/01/2024 12.00,12
23/01/2024 12.15,12
23/01/2024 12.30,12
23/01/2024 12.45,12
23/01/2024 13.00,12
23/01/2024 13.15,12
23/01/2024 13.30,12
23/01/2024 13.45,36
23/01/2024 14.00,36
23/01/2024 14.15,24
23/01/2024 14.30,36
23/01/2024 14.45,54
23/01/2024 15.00,30
23/01/2024 15.15,102
23/01/2024 15.30,138
23/01/2024 15.45,180
23/01/2024 16.00,132
23/01/2024 16.15,162
23/01/2024 16.30,168
23/01/2024 16.45,192
23/01/2024 17.00,174
23/01/2024 17.15,210
23/01/2024 17.30,258
23/01/2024 17.45,306
23/01/2024 18.00,318
23/01/2024 18.15,336
23/01/2024 18.30,330
23/01/2024 18.45,330
23/01/2024 19.00,324
23/01/2024 19.15,324
23/01/2024 19.30,318
23/01/2024 19.45,324
23/01/2024 20.00,330
23/01/2024 20.15,336
23/01/2024 20.30,336
23/01/2024 20.45,336
23/01/2024 21.00,348
23/01/2024 21.15,348
23/01/2024 21.30,360
23/01/2024 21.45,348
23/01/2024 22.00,330
23/01/2024 22.15,342
23/01/2024 22.30,342
23/01/2024 22.45,342
23/01/2024 23.00,342
23/01/2024 23.15,354
23/01/2024 23.30,336
23/01/2024 23.45,348
24/01/2024 00.00,348
24/01/2024 00.15,330
24/01/2024 00.30,330
24/01/2024 00.45,336
24/01/2024 01.00,336
24/01/2024 01.15,342
24/01/2024 01.30,342
24/01/2024 01.45,342
24/01/2024 02.00,348
24/01/2024 02.15,324
24/01/2024 02.30,336
24/01/2024 02.45,336
24/01/2024 03.00,324
24/01/2024 03.15,330
24/01/2024 03.30,330
24/01/2024 03.45,330
24/01/2024 04.00,330
24/01/2024 04.15,354
24/01/2024 04.30,324
24/01/2024 04.45,336
24/01/2024 05.00,336
24/01/2024 05.15,324
24/01/2024 05.30,324
24/01/2024 05.45,342
24/01/2024 06.00,318
24/01/2024 06.15,336
24/01/2024 06.30,318
24/01/2024 06.45,300
24/01/2024 07.00,270
24/01/2024 07.15,228
24/01/2024 07.30,168
24/01/2024 07.45,150
24/01/2024 08.00,78
24/01/2024 08.15,30
24/01/2024 08.30,30
24/01/2024 08.45,42
24/01/2024 09.00,42
24/01/2024 09.15,30
24/01/2024 09.30,30
24/01/2024 09.45,12
24/01/2024 10.00,0
24/01/2024 10.15,0
24/01/2024 10.30,0
24/01/2024 10.45,0
24/01/2024 11.00,0
24/01/2024 11.15,0
24/01/2024 11.30,24
24/01/2024 11.45,12
24/01/2024 12.00,24
24/01/2024 12.15,24
24/01/2024 12.30,24
24/01/2024 12.45,12
24/01/2024 13.00,12
24/01/2024 13.15,12
24/01/2024 13.30,24
24/01/2024 13.45,12
24/01/2024 14.00,12
24/01/2024 14.15,12
24/01/2024 14.30,24
24/01/2024 14.45,24
24/01/2024 15.00,12
24/01/2024 15.15,12
24/01/2024 15.30,36
24/01/2024 15.45,108
24/01/2024 16.00,138
24/01/2024 16.15,90
24/01/2024 16.30,60
24/01/2024 16.45,108
24/01/2024 17.00,186
24/01/2024 17.15,240
24/01/2024 17.30,276
24/01/2024 17.45,288
24/01/2024 18.00,324
24/01/2024 18.15,318
24/01/2024 18.30,306
24/01/2024 18.45,312
24/01/2024 19.00,318
24/01/2024 19.15,312
24/01/2024 19.30,312
24/01/2024 19.45,318
24/01/2024 20.00,324
24/01/2024 20.15,336
24/01/2024 20.30,360
24/01/2024 20.45,348
24/01/2024 21.00,348
24/01/2024 21.15,372
24/01/2024 21.30,348
24/01/2024 21.45,348
24/01/2024 22.00,336
24/01/2024 22.15,348
24/01/2024 22.30,342
24/01/2024 22.45,336
24/01/2024 23.00,336
24/01/2024 23.15,336
24/01/2024 23.30,360
24/01/2024 23.45,330
25/01/2024 00.00,330
25/01/2024 00.15,342
25/01/2024 00.30,330
25/01/2024 00.45,336
25/01/2024 01.00,354
25/01/2024 01.15,336
25/01/2024 01.30,354
25/01/2024 01.45,360
25/01/2024 02.00,348
25/01/2024 02.15,342
25/01/2024 02.30,348
25/01/2024 02.45,360
25/01/2024 03.00,342
25/01/2024 03.15,360
25/01/2024 03.30,330
25/01/2024 03.45,348
25/01/2024 04.00,342
25/01/2024 04.15,330
25/01/2024 04.30,324
25/01/2024 04.45,336
25/01/2024 05.00,330
25/01/2024 05.15,330
25/01/2024 05.30,312
25/01/2024 05.45,312
25/01/2024 06.00,330
25/01/2024 06.15,318
25/01/2024 06.30,312
25/01/2024 06.45,312
25/01/2024 07.00,306
25/01/2024 07.15,288
25/01/2024 07.30,276
25/01/2024 07.45,330
25/01/2024 08.00,354
25/01/2024 08.15,336
25/01/2024 08.30,276
25/01/2024 08.45,276
25/01/2024 09.00,198
25/01/2024 09.15,174
25/01/2024 09.30,150
25/01/2024 09.45,84
25/01/2024 10.00,12
25/01/2024 10.15,60
25/01/2024 10.30,24
25/01/2024 10.45,24
25/01/2024 11.00,30
25/01/2024 11.15,24
25/01/2024 11.30,12
25/01/2024 11.45,12
25/01/2024 12.00,0
25/01/2024 12.15,0
25/01/2024 12.30,6
25/01/2024 12.45,0
25/01/2024 13.00,0
25/01/2024 13.15,0
25/01/2024 13.30,12
25/01/2024 13.45,18
25/01/2024 14.00,12
25/01/2024 14.15,12
25/01/2024 14.30,12
25/01/2024 14.45,12
25/01/2024 15.00,36
25/01/2024 15.15,48
25/01/2024 15.30,54
25/01/2024 15.45,72
25/01/2024 16.00,120
25/01/2024 16.15,132
25/01/2024 16.30,72
25/01/2024 16.45,144
25/01/2024 17.00,120
25/01/2024 17.15,252
25/01/2024 17.30,294
25/01/2024 17.45,330
25/01/2024 18.00,324
25/01/2024 18.15,324
25/01/2024 18.30,324
25/01/2024 18.45,324
25/01/2024 19.00,324
25/01/2024 19.15,336
25/01/2024 19.30,324
25/01/2024 19.45,324
25/01/2024 20.00,324
25/01/2024 20.15,324
25/01/2024 20.30,342
25/01/2024 20.45,336
25/01/2024 21.00,336
25/01/2024 21.15,336
25/01/2024 21.30,330
25/01/2024 21.45,348
25/01/2024 22.00,354
25/01/2024 22.15,336
25/01/2024 22.30,330
25/01/2024 22.45,342
25/01/2024 23.00,324
25/01/2024 23.15,342
25/01/2024 23.30,318
25/01/2024 23.45,318
26/01/2024 00.00,318
26/01/2024 00.15,318
26/01/2024 00.30,330
26/01/2024 00.45,306
26/01/2024 01.00,330
26/01/2024 01.15,360
26/01/2024 01.30,336
26/01/2024 01.45,336
26/01/2024 02.00,348
26/01/2024 02.15,336
26/01/2024 02.30,330
26/01/2024 02.45,348
26/01/2024 03.00,336
26/01/2024 03.15,324
26/01/2024 03.30,348
26/01/2024 03.45,336
26/01/2024 04.00,324
26/01/2024 04.15,324
26/01/2024 04.30,324
26/01/2024 04.45,372
26/01/2024 05.00,438
26/01/2024 05.15,432
26/01/2024 05.30,414
26/01/2024 05.45,432
26/01/2024 06.00,456
26/01/2024 06.15,474
26/01/2024 06.30,480
26/01/2024 06.45,468
26/01/2024 07.00,432
26/01/2024 07.15,426
26/01/2024 07.30,366
26/01/2024 07.45,282
26/01/2024 08.00,288
26/01/2024 08.15,270
26/01/2024 08.30,270
26/01/2024 08.45,300
26/01/2024 09.00,252
26/01/2024 09.15,234
26/01/2024 09.30,210
26/01/2024 09.45,24
26/01/2024 10.00,24
26/01/2024 10.15,30
26/01/2024 10.30,12
26/01/2024 10.45,24
26/01/2024 11.00,60
26/01/2024 11.15,156
26/01/2024 11.30,48
26/01/2024 11.45,12
26/01/2024 12.00,12
26/01/2024 12.15,12
26/01/2024 12.30,24
26/01/2024 12.45,12
26/01/2024 13.00,24
26/01/2024 13.15,36
26/01/2024 13.30,36
26/01/2024 13.45,24
26/01/2024 14.00,60
26/01/2024 14.15,48
26/01/2024 14.30,60
26/01/2024 14.45,36
26/01/2024 15.00,36
26/01/2024 15.15,114
26/01/2024 15.30,102
26/01/2024 15.45,168
26/01/2024 16.00,192
26/01/2024 16.15,216
26/01/2024 16.30,234
26/01/2024 16.45,312
26/01/2024 17.00,474
26/01/2024 17.15,570
26/01/2024 17.30,588
26/01/2024 17.45,630
26/01/2024 18.00,636
26/01/2024 18.15,624
26/01/2024 18.30,636
26/01/2024 18.45,660
26/01/2024 19.00,612
26/01/2024 19.15,576
26/01/2024 19.30,552
26/01/2024 19.45,558
26/01/2024 20.00,696
26/01/2024 20.15,804
26/01/2024 20.30,1092
26/01/2024 20.45,1572
26/01/2024 21.00,1782
26/01/2024 21.15,2706
26/01/2024 21.30,2688
26/01/2024 21.45,2400
26/01/2024 22.00,1758
26/01/2024 22.15,2136
26/01/2024 22.30,2844
26/01/2024 22.45,2868
26/01/2024 23.00,2832
26/01/2024 23.15,2448
26/01/2024 23.30,2274
26/01/2024 23.45,2424
27/01/2024 00.00,2730
27/01/2024 00.15,2802
27/01/2024 00.30,2676
27/01/2024 00.45,2634
27/01/2024 01.00,2682
27/01/2024 01.15,2790
27/01/2024 01.30,2874
27/01/2024 01.45,2850
27/01/2024 02.00,2772
27/01/2024 02.15,2880
27/01/2024 02.30,2808
27/01/2024 02.45,2676
27/01/2024 03.00,2298
27/01/2024 03.15,1698
27/01/2024 03.30,678
27/01/2024 03.45,666
27/01/2024 04.00,588
27/01/2024 04.15,594
27/01/2024 04.30,588
27/01/2024 04.45,570
27/01/2024 05.00,600
27/01/2024 05.15,612
27/01/2024 05.30,588
27/01/2024 05.45,600
27/01/2024 06.00,864
27/01/2024 06.15,1032
27/01/2024 06.30,1038
27/01/2024 06.45,1008
27/01/2024 07.00,1008
27/01/2024 07.15,936
27/01/2024 07.30,888
27/01/2024 07.45,792
27/01/2024 08.00,792
27/01/2024 08.15,1254
27/01/2024 08.30,2184
27/01/2024 08.45,2442
27/01/2024 09.00,2214
27/01/2024 09.15,2070
27/01/2024 09.30,762
27/01/2024 09.45,42
27/01/2024 10.00,876
27/01/2024 10.15,1308
27/01/2024 10.30,1476
27/01/2024 10.45,1362
27/01/2024 11.00,1668
27/01/2024 11.15,1668
27/01/2024 11.30,1662
27/01/2024 11.45,1296
27/01/2024 12.00,840
27/01/2024 12.15,792
27/01/2024 12.30,816
27/01/2024 12.45,936
27/01/2024 13.00,888
27/01/2024 13.15,672
27/01/2024 13.30,240
27/01/2024 13.45,72
27/01/2024 14.00,432
27/01/2024 14.15,936
27/01/2024 14.30,864
27/01/2024 14.45,888
27/01/2024 15.00,1104
27/01/2024 15.15,1092
27/01/2024 15.30,1296
27/01/2024 15.45,1530
27/01/2024 16.00,1596
27/01/2024 16.15,1542
27/01/2024 16.30,1248
27/01/2024 16.45,1014
27/01/2024 17.00,960
27/01/2024 17.15,1014
27/01/2024 17.30,1098
27/01/2024 17.45,1170
27/01/2024 18.00,1212
27/01/2024 18.15,888
27/01/2024 18.30,852
27/01/2024 18.45,864
27/01/2024 19.00,876
27/01/2024 19.15,942
27/01/2024 19.30,930
27/01/2024 19.45,930
27/01/2024 20.00,930
27/01/2024 20.15,876
27/01/2024 20.30,864
27/01/2024 20.45,906
27/01/2024 21.00,1308
27/01/2024 21.15,1638
27/01/2024 21.30,1416
27/01/2024 21.45,822
27/01/2024 22.00,810
27/01/2024 22.15,780
27/01/2024 22.30,810
27/01/2024 22.45,1140
27/01/2024 23.00,1776
27/01/2024 23.15,2172
27/01/2024 23.30,2004
27/01/2024 23.45,1536
28/01/2024 00.00,1470
28/01/2024 00.15,1488
28/01/2024 00.30,1464
28/01/2024 00.45,1782
28/01/2024 01.00,2112
28/01/2024 01.15,2112
28/01/2024 01.30,2124
28/01/2024 01.45,2004
28/01/2024 02.00,1602
28/01/2024 02.15,1464
28/01/2024 02.30,1458
28/01/2024 02.45,1422
28/01/2024 03.00,1416
28/01/2024 03.15,1446
28/01/2024 03.30,2040
28/01/2024 03.45,2184
28/01/2024 04.00,2316
28/01/2024 04.15,2688
28/01/2024 04.30,2352
28/01/2024 04.45,1800
28/01/2024 05.00,1536
28/01/2024 05.15,1164
28/01/2024 05.30,1008
28/01/2024 05.45,972
28/01/2024 06.00,972
28/01/2024 06.15,984
28/01/2024 06.30,1128
28/01/2024 06.45,1452
28/01/2024 07.00,1674
28/01/2024 07.15,1824
28/01/2024 07.30,1584
28/01/2024 07.45,1368
28/01/2024 08.00,1332
28/01/2024 08.15,1392
28/01/2024 08.30,1500
28/01/2024 08.45,1608
28/01/2024 09.00,2208
28/01/2024 09.15,2304
28/01/2024 09.30,1872
28/01/2024 09.45,1848
28/01/2024 10.00,1884
28/01/2024 10.15,1956
28/01/2024 10.30,1776
28/01/2024 10.45,1728
28/01/2024 11.00,1668
28/01/2024 11.15,1656
28/01/2024 11.30,1608
28/01/2024 11.45,1488
28/01/2024 12.00,1464
28/01/2024 12.15,1032
28/01/2024 12.30,1008
28/01/2024 12.45,1032
28/01/2024 13.00,828
28/01/2024 13.15,960
28/01/2024 13.30,1392
28/01/2024 13.45,960
28/01/2024 14.00,984
28/01/2024 14.15,1128
28/01/2024 14.30,1296
28/01/2024 14.45,1764
28/01/2024 15.00,1512
28/01/2024 15.15,1296
28/01/2024 15.30,1272
28/01/2024 15.45,1380
28/01/2024 16.00,1680
28/01/2024 16.15,1740
28/01/2024 16.30,1890
28/01/2024 16.45,2028
28/01/2024 17.00,2022
28/01/2024 17.15,2256
28/01/2024 17.30,2274
28/01/2024 17.45,2364
28/01/2024 18.00,2490
28/01/2024 18.15,2478
28/01/2024 18.30,2466
28/01/2024 18.45,2334
28/01/2024 19.00,2502
28/01/2024 19.15,2400
28/01/2024 19.30,2418
28/01/2024 19.45,2436
28/01/2024 20.00,2460
28/01/2024 20.15,2388
28/01/2024 20.30,2328
28/01/2024 20.45,2400
28/01/2024 21.00,2400
28/01/2024 21.15,2484
28/01/2024 21.30,2280
28/01/2024 21.45,2520
28/01/2024 22.00,2982
28/01/2024 22.15,3042
28/01/2024 22.30,3156
28/01/2024 22.45,3168
28/01/2024 23.00,3048
28/01/2024 23.15,2712
28/01/2024 23.30,2874
28/01/2024 23.45,3090
29/01/2024 00.00,2706
29/01/2024 00.15,2334
29/01/2024 00.30,2346
29/01/2024 00.45,2406
29/01/2024 01.00,2706
29/01/2024 01.15,2628
29/01/2024 01.30,2424
29/01/2024 01.45,2358
29/01/2024 02.00,2256
29/01/2024 02.15,2832
29/01/2024 02.30,2508
29/01/2024 02.45,2910
29/01/2024 03.00,2400
29/01/2024 03.15,2562
29/01/2024 03.30,2988
29/01/2024 03.45,2964
29/01/2024 04.00,2718
29/01/2024 04.15,2802
29/01/2024 04.30,2970
29/01/2024 04.45,2958
29/01/2024 05.00,2934
29/01/2024 05.15,2958
29/01/2024 05.30,2898
29/01/2024 05.45,3018
29/01/2024 06.00,2712
29/01/2024 06.15,2886
29/01/2024 06.30,2964
29/01/2024 06.45,2736
29/01/2024 07.00,2784
29/01/2024 07.15,2802
29/01/2024 07.30,2538
29/01/2024 07.45,2574
29/01/2024 08.00,2472
29/01/2024 08.15,2544
29/01/2024 08.30,2532
29/01/2024 08.45,2466
29/01/2024 09.00,2502
29/01/2024 09.15,2400
29/01/2024 09.30,2130
29/01/2024 09.45,2184
29/01/2024 10.00,2148
29/01/2024 10.15,2118
29/01/2024 10.30,1836
29/01/2024 10.45,2118
29/01/2024 11.00,1956
29/01/2024 11.15,1692
29/01/2024 11.30,1692
29/01/2024 11.45,1680
29/01/2024 12.00,1452
29/01/2024 12.15,1452
29/01/2024 12.30,1644
29/01/2024 12.45,1524
29/01/2024 13.00,1572
29/01/2024 13.15,1728
29/01/2024 13.30,1692
29/01/2024 13.45,1824
29/01/2024 14.00,1764
29/01/2024 14.15,1776
29/01/2024 14.30,2052
29/01/2024 14.45,2136
29/01/2024 15.00,2082
29/01/2024 15.15,2346
29/01/2024 15.30,2328
29/01/2024 15.45,2430
29/01/2024 16.00,2412
29/01/2024 16.15,2460
29/01/2024 16.30,2568
29/01/2024 16.45,2700
29/01/2024 17.00,2676
29/01/2024 17.15,2898
29/01/2024 17.30,2910
29/01/2024 17.45,2580
29/01/2024 18.00,2184
29/01/2024 18.15,2466
29/01/2024 18.30,3006
29/01/2024 18.45,3102
29/01/2024 19.00,3090
29/01/2024 19.15,3114
29/01/2024 19.30,2976
29/01/2024 19.45,2880
29/01/2024 20.00,2808
29/01/2024 20.15,3000
29/01/2024 20.30,3036
29/01/2024 20.45,3024
29/01/2024 21.00,3018
29/01/2024 21.15,3024
29/01/2024 21.30,3060
29/01/2024 21.45,2994
29/01/2024 22.00,3132
29/01/2024 22.15,3006
29/01/2024 22.30,3150
29/01/2024 22.45,2898
29/01/2024 23.00,2958
29/01/2024 23.15,3090
29/01/2024 23.30,3042
29/01/2024 23.45,2868
30/01/2024 00.00,3018
30/01/2024 00.15,3078
30/01/2024 00.30,3060
30/01/2024 00.45,3054
30/01/2024 01.00,2988
30/01/2024 01.15,2754
30/01/2024 01.30,2946
30/01/2024 01.45,3012
30/01/2024 02.00,3006
30/01/2024 02.15,3024
30/01/2024 02.30,2982
30/01/2024 02.45,2922
30/01/2024 03.00,2922
30/01/2024 03.15,2802
30/01/2024 03.30,2934
30/01/2024 03.45,3048
30/01/2024 04.00,2784
30/01/2024 04.15,2724
30/01/2024 04.30,3138
30/01/2024 04.45,2988
30/01/2024 05.00,2370
30/01/2024 05.15,2856
30/01/2024 05.30,2784
30/01/2024 05.45,2760
30/01/2024 06.00,2976
30/01/2024 06.15,2868
30/01/2024 06.30,3036
30/01/2024 06.45,2868
30/01/2024 07.00,2778
30/01/2024 07.15,2556
30/01/2024 07.30,2430
30/01/2024 07.45,2436
30/01/2024 08.00,2376
30/01/2024 08.15,2016
30/01/2024 08.30,1722
30/01/2024 08.45,1848
30/01/2024 09.00,2118
30/01/2024 09.15,2028
30/01/2024 09.30,1800
30/01/2024 09.45,1878
30/01/2024 10.00,1968
30/01/2024 10.15,1698
30/01/2024 10.30,1656
30/01/2024 10.45,1656
30/01/2024 11.00,1644
30/01/2024 11.15,1728
30/01/2024 11.30,1668
30/01/2024 11.45,1512
30/01/2024 12.00,1608
30/01/2024 12.15,1548
30/01/2024 12.30,1548
30/01/2024 12.45,1104
30/01/2024 13.00,1272
30/01/2024 13.15,1692
30/01/2024 13.30,1776
30/01/2024 13.45,1740
30/01/2024 14.00,1524
30/01/2024 14.15,1860
30/01/2024 14.30,1908
30/01/2024 14.45,1992
30/01/2024 15.00,2076
30/01/2024 15.15,2232
30/01/2024 15.30,2496
30/01/2024 15.45,2322
30/01/2024 16.00,2484
30/01/2024 16.15,2640
30/01/2024 16.30,2682
30/01/2024 16.45,2778
30/01/2024 17.00,2784
30/01/2024 17.15,2694
30/01/2024 17.30,2898
30/01/2024 17.45,2934
30/01/2024 18.00,2976
30/01/2024 18.15,3030
30/01/2024 18.30,2874
30/01/2024 18.45,2274
30/01/2024 19.00,2652
30/01/2024 19.15,3078
30/01/2024 19.30,2880
30/01/2024 19.45,2508
30/01/2024 20.00,2238
30/01/2024 20.15,2142
30/01/2024 20.30,2502
30/01/2024 20.45,2838
30/01/2024 21.00,2952
30/01/2024 21.15,2922
30/01/2024 21.30,2790
30/01/2024 21.45,2886
30/01/2024 22.00,2880
30/01/2024 22.15,2994
30/01/2024 22.30,2862
30/01/2024 22.45,2892
30/01/2024 23.00,2880
30/01/2024 23.15,1692
30/01/2024 23.30,1644
30/01/2024 23.45,1638
31/01/2024 00.00,2820
31/01/2024 00.15,2718
31/01/2024 00.30,1842
31/01/2024 00.45,1608
31/01/2024 01.00,1578
31/01/2024 01.15,1554
31/01/2024 01.30,1050
31/01/2024 01.45,1986
31/01/2024 02.00,2430
31/01/2024 02.15,2862
31/01/2024 02.30,2886
31/01/2024 02.45,2742
31/01/2024 03.00,2802
31/01/2024 03.15,2826
31/01/2024 03.30,2736
31/01/2024 03.45,1638
31/01/2024 04.00,1620
31/01/2024 04.15,1626
31/01/2024 04.30,1596
31/01/2024 04.45,1350
31/01/2024 05.00,2280
31/01/2024 05.15,2928
31/01/2024 05.30,2880
31/01/2024 05.45,2820
31/01/2024 06.00,2256
31/01/2024 06.15,2268
31/01/2024 06.30,2208
31/01/2024 06.45,1560
31/01/2024 07.00,1830
31/01/2024 07.15,2106
31/01/2024 07.30,2016
31/01/2024 07.45,2148
31/01/2024 08.00,2292
31/01/2024 08.15,2376
31/01/2024 08.30,2280
31/01/2024 08.45,1944
31/01/2024 09.00,996
31/01/2024 09.15,300
31/01/2024 09.30,108
31/01/2024 09.45,492
31/01/2024 10.00,1368
31/01/2024 10.15,1320
31/01/2024 10.30,1476
31/01/2024 10.45,1512
31/01/2024 11.00,1440
31/01/2024 11.15,1080
31/01/2024 11.30,1152
31/01/2024 11.45,1116
31/01/2024 12.00,1596
31/01/2024 12.15,1632
31/01/2024 12.30,1488
31/01/2024 12.45,1632
31/01/2024 13.00,1788
31/01/2024 13.15,1560
31/01/2024 13.30,1824
31/01/2024 13.45,1716
31/01/2024 14.00,1800
31/01/2024 14.15,1884
31/01/2024 14.30,2004
31/01/2024 14.45,2088
31/01/2024 15.00,1944
31/01/2024 15.15,1488
31/01/2024 15.30,1512
31/01/2024 15.45,1740
31/01/2024 16.00,1776
31/01/2024 16.15,1776
31/01/2024 16.30,2064
31/01/2024 16.45,2652
31/01/2024 17.00,2712
31/01/2024 17.15,2766
31/01/2024 17.30,2832
31/01/2024 17.45,2832
31/01/2024 18.00,2940
31/01/2024 18.15,2892
31/01/2024 18.30,3000
31/01/2024 18.45,3024
31/01/2024 19.00,3024
31/01/2024 19.15,2988
31/01/2024 19.30,2556
31/01/2024 19.45,2244
31/01/2024 20.00,2226
31/01/2024 20.15,2274
31/01/2024 20.30,2238
31/01/2024 20.45,2280
31/01/2024 21.00,2922
31/01/2024 21.15,2958
31/01/2024 21.30,2802
31/01/2024 21.45,2952
31/01/2024 22.00,3024
31/01/2024 22.15,2952
31/01/2024 22.30,2832
31/01/2024 22.45,2772
31/01/2024 23.00,2526
31/01/2024 23.15,2448
31/01/2024 23.30,2112
31/01/2024 23.45,2478
01/02/2024 00.00,2754
01/02/2024 00.15,2952
01/02/2024 00.30,2892
01/02/2024 00.45,2826
01/02/2024 01.00,2772
01/02/2024 01.15,2688
01/02/2024 01.30,2586
01/02/2024 01.45,2670
01/02/2024 02.00,2004
01/02/2024 02.15,1578
01/02/2024 02.30,1596
01/02/2024 02.45,1560
01/02/2024 03.00,1524
01/02/2024 03.15,1362
01/02/2024 03.30,936
01/02/2024 03.45,936
01/02/2024 04.00,978
01/02/2024 04.15,960
01/02/2024 04.30,1536
01/02/2024 04.45,2400
01/02/2024 05.00,2574
01/02/2024 05.15,2568
01/02/2024 05.30,2466
01/02/2024 05.45,2586
01/02/2024 06.00,2406
01/02/2024 06.15,1986
01/02/2024 06.30,1368
01/02/2024 06.45,1242
01/02/2024 07.00,1158
01/02/2024 07.15,1092
01/02/2024 07.30,954
01/02/2024 07.45,276
01/02/2024 08.00,180
01/02/2024 08.15,72
01/02/2024 08.30,24
01/02/2024 08.45,24
01/02/2024 09.00,12
01/02/2024 09.15,24
01/02/2024 09.30,12
01/02/2024 09.45,24
01/02/2024 10.00,12
01/02/2024 10.15,12
01/02/2024 10.30,24
01/02/2024 10.45,24
01/02/2024 11.00,18
01/02/2024 11.15,24
01/02/2024 11.30,12
01/02/2024 11.45,12
01/02/2024 12.00,12
01/02/2024 12.15,12
01/02/2024 12.30,12
01/02/2024 12.45,12
01/02/2024 13.00,12
01/02/2024 13.15,18
01/02/2024 13.30,12
01/02/2024 13.45,0
01/02/2024 14.00,0
01/02/2024 14.15,6
01/02/2024 14.30,24
01/02/2024 14.45,0
01/02/2024 15.00,0
01/02/2024 15.15,0
01/02/2024 15.30,0
01/02/2024 15.45,0
01/02/2024 16.00,24
01/02/2024 16.15,24
01/02/2024 16.30,24
01/02/2024 16.45,48
01/02/2024 17.00,144
01/02/2024 17.15,198
01/02/2024 17.30,282
01/02/2024 17.45,324
01/02/2024 18.00,342
01/02/2024 18.15,372
01/02/2024 18.30,360
01/02/2024 18.45,348
01/02/2024 19.00,372
01/02/2024 19.15,372
01/02/2024 19.30,420
01/02/2024 19.45,378
01/02/2024 20.00,384
01/02/2024 20.15,426
01/02/2024 20.30,438
01/02/2024 20.45,420
01/02/2024 21.00,420
01/02/2024 21.15,492
01/02/2024 21.30,564
01/02/2024 21.45,606
01/02/2024 22.00,840
01/02/2024 22.15,990
01/02/2024 22.30,984
01/02/2024 22.45,1824
01/02/2024 23.00,1860
01/02/2024 23.15,1824
01/02/2024 23.30,1968
01/02/2024 23.45,1914
02/02/2024 00.00,1692
02/02/2024 00.15,1788
02/02/2024 00.30,1668
02/02/2024 00.45,1476
02/02/2024 01.00,1128
02/02/2024 01.15,1482
02/02/2024 01.30,1728
02/02/2024 01.45,1782
02/02/2024 02.00,1620
02/02/2024 02.15,1638
02/02/2024 02.30,1704
02/02/2024 02.45,1836
02/02/2024 03.00,1938
02/02/2024 03.15,1848
02/02/2024 03.30,1848
02/02/2024 03.45,1800
02/02/2024 04.00,1758
02/02/2024 04.15,1962
02/02/2024 04.30,1932
02/02/2024 04.45,1836
02/02/2024 05.00,1506
02/02/2024 05.15,1476
02/02/2024 05.30,1656
02/02/2024 05.45,1812
02/02/2024 06.00,1848
02/02/2024 06.15,1776
02/02/2024 06.30,1902
02/02/2024 06.45,1818
02/02/2024 07.00,1800
02/02/2024 07.15,1560
02/02/2024 07.30,1428
02/02/2024 07.45,1374
02/02/2024 08.00,1416
02/02/2024 08.15,1458
02/02/2024 08.30,1224
02/02/2024 08.45,1098
02/02/2024 09.00,966
02/02/2024 09.15,1104
02/02/2024 09.30,1236
02/02/2024 09.45,990
02/02/2024 10.00,744
02/02/2024 10.15,774
02/02/2024 10.30,954
02/02/2024 10.45,1176
02/02/2024 11.00,972
02/02/2024 11.15,816
02/02/2024 11.30,714
02/02/2024 11.45,768
02/02/2024 12.00,882
02/02/2024 12.15,732
02/02/2024 12.30,864
02/02/2024 12.45,954
02/02/2024 13.00,516
02/02/2024 13.15,822
02/02/2024 13.30,792
02/02/2024 13.45,642
02/02/2024 14.00,336
02/02/2024 14.15,372
02/02/2024 14.30,600
02/02/2024 14.45,504
02/02/2024 15.00,540
02/02/2024 15.15,828
02/02/2024 15.30,642
02/02/2024 15.45,732
02/02/2024 16.00,762
02/02/2024 16.15,846
02/02/2024 16.30,822
02/02/2024 16.45,972
02/02/2024 17.00,1140
02/02/2024 17.15,1116
02/02/2024 17.30,1206
02/02/2024 17.45,1296
02/02/2024 18.00,1290
02/02/2024 18.15,1272
02/02/2024 18.30,1254
02/02/2024 18.45,1224
02/02/2024 19.00,972
02/02/2024 19.15,1002
02/02/2024 19.30,1218
02/02/2024 19.45,1290
02/02/2024 20.00,1632
02/02/2024 20.15,1734
02/02/2024 20.30,1992
02/02/2024 20.45,2040
02/02/2024 21.00,2034
02/02/2024 21.15,2076
02/02/2024 21.30,1980
02/02/2024 21.45,2010
02/02/2024 22.00,2016
02/02/2024 22.15,1950
02/02/2024 22.30,1872
02/02/2024 22.45,2082
02/02/2024 23.00,2040
02/02/2024 23.15,2034
02/02/2024 23.30,2076
02/02/2024 23.45,2016
03/02/2024 00.00,1902
03/02/2024 00.15,1872
03/02/2024 00.30,1968
03/02/2024 00.45,1980
03/02/2024 01.00,1974
03/02/2024 01.15,2016
03/02/2024 01.30,1944
03/02/2024 01.45,1944
03/02/2024 02.00,1896
03/02/2024 02.15,1962
03/02/2024 02.30,1956
03/02/2024 02.45,1944
03/02/2024 03.00,2028
03/02/2024 03.15,2004
03/02/2024 03.30,1968
03/02/2024 03.45,2028
03/02/2024 04.00,1890
03/02/2024 04.15,1776
03/02/2024 04.30,1866
03/02/2024 04.45,1956
03/02/2024 05.00,1914
03/02/2024 05.15,1962
03/02/2024 05.30,1830
03/02/2024 05.45,2004
03/02/2024 06.00,2070
03/02/2024 06.15,2100
03/02/2024 06.30,2136
03/02/2024 06.45,2220
03/02/2024 07.00,2676
03/02/2024 07.15,2220
03/02/2024 07.30,1872
03/02/2024 07.45,2004
03/02/2024 08.00,1968
03/02/2024 08.15,2184
03/02/2024 08.30,2460
03/02/2024 08.45,1872
03/02/2024 09.00,1782
03/02/2024 09.15,1692
03/02/2024 09.30,1890
03/02/2024 09.45,1812
03/02/2024 10.00,2046
03/02/2024 10.15,2190
03/02/2024 10.30,2136
03/02/2024 10.45,1812
03/02/2024 11.00,1980
03/02/2024 11.15,1866
03/02/2024 11.30,2076
03/02/2024 11.45,1908
03/02/2024 12.00,1596
03/02/2024 12.15,2280
03/02/2024 12.30,2706
03/02/2024 12.45,2316
03/02/2024 13.00,2172
03/02/2024 13.15,1512
03/02/2024 13.30,2310
03/02/2024 13.45,2154
03/02/2024 14.00,1962
03/02/2024 14.15,2268
03/02/2024 14.30,2820
03/02/2024 14.45,3354
03/02/2024 15.00,3522
03/02/2024 15.15,3486
03/02/2024 15.30,3408
03/02/2024 15.45,3174
03/02/2024 16.00,3768
03/02/2024 16.15,3684
03/02/2024 16.30,3684
03/02/2024 16.45,3852
03/02/2024 17.00,3486
03/02/2024 17.15,3762
03/02/2024 17.30,3810
03/02/2024 17.45,3810
03/02/2024 18.00,3702
03/02/2024 18.15,3636
03/02/2024 18.30,3462
03/02/2024 18.45,3504
03/02/2024 19.00,3630
03/02/2024 19.15,3780
03/02/2024 19.30,4008
03/02/2024 19.45,4230
03/02/2024 20.00,3774
03/02/2024 20.15,3336
03/02/2024 20.30,3174
03/02/2024 20.45,2868
03/02/2024 21.00,2568
03/02/2024 21.15,3288
03/02/2024 21.30,3684
03/02/2024 21.45,3636
03/02/2024 22.00,3714
03/02/2024 22.15,3960
03/02/2024 22.30,3750
03/02/2024 22.45,3870
03/02/2024 23.00,3750
03/02/2024 23.15,3576
03/02/2024 23.30,3456
03/02/2024 23.45,3486
04/02/2024 00.00,3666
04/02/2024 00.15,4008
04/02/2024 00.30,3888
04/02/2024 00.45,4074
04/02/2024 01.00,4032
04/02/2024 01.15,3900
04/02/2024 01.30,3972
04/02/2024 01.45,3912
04/02/2024 02.00,3822
04/02/2024 02.15,3600
04/02/2024 02.30,3660
04/02/2024 02.45,3612
04/02/2024 03.00,3798
04/02/2024 03.15,3930
04/02/2024 03.30,4134
04/02/2024 03.45,4140
04/02/2024 04.00,4170
04/02/2024 04.15,4104
04/02/2024 04.30,3798
04/02/2024 04.45,3960
04/02/2024 05.00,3924
04/02/2024 05.15,3696
04/02/2024 05.30,3810
04/02/2024 05.45,3888
04/02/2024 06.00,4122
04/02/2024 06.15,4200
04/02/2024 06.30,4254
04/02/2024 06.45,4092
04/02/2024 07.00,3996
04/02/2024 07.15,3804
04/02/2024 07.30,3636
04/02/2024 07.45,3372
04/02/2024 08.00,2814
04/02/2024 08.15,2682
04/02/2024 08.30,2712
04/02/2024 08.45,2724
04/02/2024 09.00,2352
04/02/2024 09.15,2526
04/02/2024 09.30,1908
04/02/2024 09.45,1644
04/02/2024 10.00,2220
04/02/2024 10.15,2100
04/02/2024 10.30,2406
04/02/2024 10.45,2322
04/02/2024 11.00,2316
04/02/2024 11.15,2034
04/02/2024 11.30,1896
04/02/2024 11.45,2010
04/02/2024 12.00,2304
04/02/2024 12.15,1950
04/02/2024 12.30,2094
04/02/2024 12.45,2202
04/02/2024 13.00,2898
04/02/2024 13.15,2052
04/02/2024 13.30,2202
04/02/2024 13.45,2256
04/02/2024 14.00,2370
04/02/2024 14.15,2394
04/02/2024 14.30,2352
04/02/2024 14.45,2664
04/02/2024 15.00,2382
04/02/2024 15.15,2394
04/02/2024 15.30,2490
04/02/2024 15.45,2904
04/02/2024 16.00,3354
04/02/2024 16.15,3588
04/02/2024 16.30,3804
04/02/2024 16.45,3924
04/02/2024 17.00,3912
04/02/2024 17.15,3696
04/02/2024 17.30,3312
04/02/2024 17.45,3960
04/02/2024 18.00,4002
04/02/2024 18.15,3858
04/02/2024 18.30,4068
04/02/2024 18.45,4344
04/02/2024 19.00,3630
04/02/2024 19.15,4452
04/02/2024 19.30,4296
04/02/2024 19.45,4296
04/02/2024 20.00,4380
04/02/2024 20.15,4428
04/02/2024 20.30,4464
04/02/2024 20.45,4488
04/02/2024 21.00,4536
04/02/2024 21.15,4482
04/02/2024 21.30,4206
04/02/2024 21.45,4260
04/02/2024 22.00,3834
04/02/2024 22.15,4374
04/02/2024 22.30,4392
04/02/2024 22.45,4296
04/02/2024 23.00,3762
04/02/2024 23.15,3624
04/02/2024 23.30,3738
04/02/2024 23.45,4062
05/02/2024 00.00,4050
05/02/2024 00.15,4218
05/02/2024 00.30,4362
05/02/2024 00.45,4338
05/02/2024 01.00,4344
05/02/2024 01.15,4344
05/02/2024 01.30,3762
05/02/2024 01.45,3042
05/02/2024 02.00,2796
05/02/2024 02.15,2712
05/02/2024 02.30,2940
05/02/2024 02.45,3024
05/02/2024 03.00,2742
05/02/2024 03.15,2904
05/02/2024 03.30,2814
05/02/2024 03.45,2826
05/02/2024 04.00,2898
05/02/2024 04.15,2844
05/02/2024 04.30,2898
05/02/2024 04.45,2646
05/02/2024 05.00,2400
05/02/2024 05.15,2616
05/02/2024 05.30,2826
05/02/2024 05.45,2358
05/02/2024 06.00,2586
05/02/2024 06.15,2442
05/02/2024 06.30,2310
05/02/2024 06.45,1998
05/02/2024 07.00,1824
05/02/2024 07.15,1104
05/02/2024 07.30,474
05/02/2024 07.45,312
05/02/2024 08.00,96
05/02/2024 08.15,0
05/02/2024 08.30,6
05/02/2024 08.45,12
05/02/2024 09.00,18
05/02/2024 09.15,0
05/02/2024 09.30,12
05/02/2024 09.45,12
05/02/2024 10.00,12
05/02/2024 10.15,12
05/02/2024 10.30,12
05/02/2024 10.45,12
05/02/2024 11.00,12
05/02/2024 11.15,12
05/02/2024 11.30,12
05/02/2024 11.45,12
05/02/2024 12.00,0
05/02/2024 12.15,0
05/02/2024 12.30,0
05/02/2024 12.45,0
05/02/2024 13.00,12
05/02/2024 13.15,120
05/02/2024 13.30,24
05/02/2024 13.45,150
05/02/2024 14.00,24
05/02/2024 14.15,12
05/02/2024 14.30,24
05/02/2024 14.45,12
05/02/2024 15.00,12
05/02/2024 15.15,72
05/02/2024 15.30,102
05/02/2024 15.45,24
05/02/2024 16.00,12
05/02/2024 16.15,48
05/02/2024 16.30,108
05/02/2024 16.45,126
05/02/2024 17.00,132
05/02/2024 17.15,168
05/02/2024 17.30,228
05/02/2024 17.45,288
05/02/2024 18.00,300
05/02/2024 18.15,318
05/02/2024 18.30,330
05/02/2024 18.45,318
05/02/2024 19.00,330
05/02/2024 19.15,318
05/02/2024 19.30,306
05/02/2024 19.45,318
05/02/2024 20.00,312
05/02/2024 20.15,330
05/02/2024 20.30,360
05/02/2024 20.45,360
05/02/2024 21.00,360
05/02/2024 21.15,348
05/02/2024 21.30,336
05/02/2024 21.45,348
05/02/2024 22.00,354
05/02/2024 22.15,372
05/02/2024 22.30,354
05/02/2024 22.45,372
05/02/2024 23.00,348
05/02/2024 23.15,360
05/02/2024 23.30,372
05/02/2024 23.45,348
06/02/2024 00.00,324
06/02/2024 00.15,324
06/02/2024 00.30,324
06/02/2024 00.45,324
06/02/2024 01.00,348
06/02/2024 01.15,360
06/02/2024 01.30,342
06/02/2024 01.45,324
06/02/2024 02.00,336
06/02/2024 02.15,324
06/02/2024 02.30,324
06/02/2024 02.45,324
06/02/2024 03.00,324
06/02/2024 03.15,300
06/02/2024 03.30,330
06/02/2024 03.45,336
06/02/2024 04.00,306
06/02/2024 04.15,312
06/02/2024 04.30,318
06/02/2024 04.45,306
06/02/2024 05.00,426
06/02/2024 05.15,408
06/02/2024 05.30,414
06/02/2024 05.45,396
06/02/2024 06.00,390
06/02/2024 06.15,426
06/02/2024 06.30,414
06/02/2024 06.45,408
06/02/2024 07.00,330
06/02/2024 07.15,276
06/02/2024 07.30,324
06/02/2024 07.45,264
06/02/2024 08.00,156
06/02/2024 08.15,144
06/02/2024 08.30,90
06/02/2024 08.45,72
06/02/2024 09.00,24
06/02/2024 09.15,12
06/02/2024 09.30,36
06/02/2024 09.45,36
06/02/2024 10.00,24
06/02/2024 10.15,12
06/02/2024 10.30,24
06/02/2024 10.45,12
06/02/2024 11.00,12
06/02/2024 11.15,0
06/02/2024 11.30,12
06/02/2024 11.45,12
06/02/2024 12.00,0
06/02/2024 12.15,0
06/02/2024 12.30,0
06/02/2024 12.45,0
06/02/2024 13.00,12
06/02/2024 13.15,12
06/02/2024 13.30,18
06/02/2024 13.45,36
06/02/2024 14.00,12
06/02/2024 14.15,18
06/02/2024 14.30,18
06/02/2024 14.45,6
06/02/2024 15.00,18
06/02/2024 15.15,0
06/02/2024 15.30,12
06/02/2024 15.45,12
06/02/2024 16.00,24
06/02/2024 16.15,60
06/02/2024 16.30,108
06/02/2024 16.45,192
06/02/2024 17.00,156
06/02/2024 17.15,186
06/02/2024 17.30,192
06/02/2024 17.45,240
06/02/2024 18.00,252
06/02/2024 18.15,258
06/02/2024 18.30,264
06/02/2024 18.45,240
06/02/2024 19.00,258
06/02/2024 19.15,264
06/02/2024 19.30,252
06/02/2024 19.45,264
06/02/2024 20.00,288
06/02/2024 20.15,288
06/02/2024 20.30,318
06/02/2024 20.45,402
06/02/2024 21.00,312
06/02/2024 21.15,336
06/02/2024 21.30,324
06/02/2024 21.45,330
06/02/2024 22.00,342
06/02/2024 22.15,318
06/02/2024 22.30,330
06/02/2024 22.45,330
06/02/2024 23.00,330
06/02/2024 23.15,318
06/02/2024 23.30,384
06/02/2024 23.45,312
07/02/2024 00.00,288
07/02/2024 00.15,300
07/02/2024 00.30,294
07/02/2024 00.45,300
07/02/2024 01.00,312
07/02/2024 01.15,330
07/02/2024 01.30,336
07/02/2024 01.45,300
07/02/2024 02.00,288
07/02/2024 02.15,324
07/02/2024 02.30,300
07/02/2024 02.45,306
07/02/2024 03.00,276
07/02/2024 03.15,276
07/02/2024 03.30,300
07/02/2024 03.45,294
07/02/2024 04.00,282
07/02/2024 04.15,264
07/02/2024 04.30,300
07/02/2024 04.45,288
07/02/2024 05.00,300
07/02/2024 05.15,288
07/02/2024 05.30,276
07/02/2024 05.45,366
07/02/2024 06.00,480
07/02/2024 06.15,678
07/02/2024 06.30,834
07/02/2024 06.45,750
07/02/2024 07.00,786
07/02/2024 07.15,708
07/02/2024 07.30,972
07/02/2024 07.45,1050
07/02/2024 08.00,768
07/02/2024 08.15,948
07/02/2024 08.30,1164
07/02/2024 08.45,1050
07/02/2024 09.00,954
07/02/2024 09.15,816
07/02/2024 09.30,774
07/02/2024 09.45,744
07/02/2024 10.00,660
07/02/2024 10.15,642
07/02/2024 10.30,528
07/02/2024 10.45,576
07/02/2024 11.00,462
07/02/2024 11.15,72
07/02/2024 11.30,198
07/02/2024 11.45,120
07/02/2024 12.00,120
07/02/2024 12.15,228
07/02/2024 12.30,228
07/02/2024 12.45,312
07/02/2024 13.00,204
07/02/2024 13.15,288
07/02/2024 13.30,270
07/02/2024 13.45,342
07/02/2024 14.00,732
07/02/2024 14.15,348
07/02/2024 14.30,588
07/02/2024 14.45,552
07/02/2024 15.00,612
07/02/2024 15.15,642
07/02/2024 15.30,804
07/02/2024 15.45,1182
07/02/2024 16.00,960
07/02/2024 16.15,1212
07/02/2024 16.30,1386
07/02/2024 16.45,1752
07/02/2024 17.00,1812
07/02/2024 17.15,1932
07/02/2024 17.30,1974
07/02/2024 17.45,1920
07/02/2024 18.00,2016
07/02/2024 18.15,2082
07/02/2024 18.30,1932
07/02/2024 18.45,2100
07/02/2024 19.00,2034
07/02/2024 19.15,1968
07/02/2024 19.30,1992
07/02/2024 19.45,1806
07/02/2024 20.00,1776
07/02/2024 20.15,1836
07/02/2024 20.30,2070
07/02/2024 20.45,2028
07/02/2024 21.00,2088
07/02/2024 21.15,2070
07/02/2024 21.30,2142
07/02/2024 21.45,2082
07/02/2024 22.00,2076
07/02/2024 22.15,1824
07/02/2024 22.30,2064
07/02/2024 22.45,1920
07/02/2024 23.00,2046
07/02/2024 23.15,2016
07/02/2024 23.30,1896
07/02/2024 23.45,1884
08/02/2024 00.00,1854
08/02/2024 00.15,2082
08/02/2024 00.30,2004
08/02/2024 00.45,1986
08/02/2024 01.00,1992
08/02/2024 01.15,1926
08/02/2024 01.30,2148
08/02/2024 01.45,2052
08/02/2024 02.00,2028
08/02/2024 02.15,2124
08/02/2024 02.30,2022
08/02/2024 02.45,1692
08/02/2024 03.00,1824
08/02/2024 03.15,2034
08/02/2024 03.30,2028
08/02/2024 03.45,2082
08/02/2024 04.00,1902
08/02/2024 04.15,1944
08/02/2024 04.30,1974
08/02/2024 04.45,1860
08/02/2024 05.00,2040
08/02/2024 05.15,1908
08/02/2024 05.30,2034
08/02/2024 05.45,2040
08/02/2024 06.00,1812
08/02/2024 06.15,1728
08/02/2024 06.30,1896
08/02/2024 06.45,1866
08/02/2024 07.00,2064
08/02/2024 07.15,1986
08/02/2024 07.30,1842
08/02/2024 07.45,1692
08/02/2024 08.00,1512
08/02/2024 08.15,1584
08/02/2024 08.30,1512
08/02/2024 08.45,1284
08/02/2024 09.00,1308
08/02/2024 09.15,1152
08/02/2024 09.30,1200
08/02/2024 09.45,1044
08/02/2024 10.00,804
08/02/2024 10.15,1038
08/02/2024 10.30,432
08/02/2024 10.45,642
08/02/2024 11.00,648
08/02/2024 11.15,756
08/02/2024 11.30,648
08/02/2024 11.45,336
08/02/2024 12.00,660
08/02/2024 12.15,864
08/02/2024 12.30,996
08/02/2024 12.45,810
08/02/2024 13.00,690
08/02/2024 13.15,756
08/02/2024 13.30,660
08/02/2024 13.45,702
08/02/2024 14.00,534
08/02/2024 14.15,636
08/02/2024 14.30,462
08/02/2024 14.45,408
08/02/2024 15.00,336
08/02/2024 15.15,606
08/02/2024 15.30,738
08/02/2024 15.45,912
08/02/2024 16.00,1296
08/02/2024 16.15,1590
08/02/2024 16.30,1920
08/02/2024 16.45,1860
08/02/2024 17.00,1908
08/02/2024 17.15,1764
08/02/2024 17.30,1998
08/02/2024 17.45,2004
08/02/2024 18.00,2184
08/02/2024 18.15,2058
08/02/2024 18.30,1932
08/02/2024 18.45,1974
08/02/2024 19.00,2112
08/02/2024 19.15,2130
08/02/2024 19.30,2304
08/02/2024 19.45,2220
08/02/2024 20.00,2076
08/02/2024 20.15,2178
08/02/2024 20.30,2304
08/02/2024 20.45,2160
08/02/2024 21.00,2202
08/02/2024 21.15,2130
08/02/2024 21.30,2154
08/02/2024 21.45,2178
08/02/2024 22.00,1986
08/02/2024 22.15,2112
08/02/2024 22.30,2094
08/02/2024 22.45,1986
08/02/2024 23.00,2022
08/02/2024 23.15,2052
08/02/2024 23.30,1968
08/02/2024 23.45,2106
09/02/2024 00.00,1998
09/02/2024 00.15,2040
09/02/2024 00.30,2034
09/02/2024 00.45,1956
09/02/2024 01.00,2052
09/02/2024 01.15,2118
09/02/2024 01.30,2082
09/02/2024 01.45,1974
09/02/2024 02.00,1956
09/02/2024 02.15,2046
09/02/2024 02.30,1980
09/02/2024 02.45,1980
09/02/2024 03.00,1914
09/02/2024 03.15,2094
09/02/2024 03.30,2070
09/02/2024 03.45,2046
09/02/2024 04.00,2076
09/02/2024 04.15,1998
09/02/2024 04.30,2016
09/02/2024 04.45,1980
09/02/2024 05.00,2010
09/02/2024 05.15,1950
09/02/2024 05.30,1848
09/02/2024 05.45,1992
09/02/2024 06.00,2034
09/02/2024 06.15,1884
09/02/2024 06.30,1788
09/02/2024 06.45,1818
09/02/2024 07.00,1944
09/02/2024 07.15,1872
09/02/2024 07.30,1668
09/02/2024 07.45,1758
09/02/2024 08.00,1380
09/02/2024 08.15,1242
09/02/2024 08.30,1062
09/02/2024 08.45,1260
09/02/2024 09.00,1338
09/02/2024 09.15,1308
09/02/2024 09.30,1074
09/02/2024 09.45,1284
09/02/2024 10.00,1212
09/02/2024 10.15,828
09/02/2024 10.30,972
09/02/2024 10.45,912
09/02/2024 11.00,894
09/02/2024 11.15,744
09/02/2024 11.30,840
09/02/2024 11.45,954
09/02/2024 12.00,918
09/02/2024 12.15,900
09/02/2024 12.30,1110
09/02/2024 12.45,1074
09/02/2024 13.00,954
09/02/2024 13.15,972
09/02/2024 13.30,1080
09/02/2024 13.45,1044
09/02/2024 14.00,942
09/02/2024 14.15,984
09/02/2024 14.30,990
09/02/2024 14.45,1122
09/02/2024 15.00,1164
09/02/2024 15.15,894
09/02/2024 15.30,1152
09/02/2024 15.45,1446
09/02/2024 16.00,1404
09/02/2024 16.15,1446
09/02/2024 16.30,1356
09/02/2024 16.45,1776
09/02/2024 17.00,1770
09/02/2024 17.15,1770
09/02/2024 17.30,1764
09/02/2024 17.45,1926
09/02/2024 18.00,1896
09/02/2024 18.15,1920
09/02/2024 18.30,1776
09/02/2024 18.45,1980
09/02/2024 19.00,1890
09/02/2024 19.15,2052
09/02/2024 19.30,1938
09/02/2024 19.45,2064
09/02/2024 20.00,2028
09/02/2024 20.15,1968
09/02/2024 20.30,2058
09/02/2024 20.45,2088
09/02/2024 21.00,1860
09/02/2024 21.15,1908
09/02/2024 21.30,1956
09/02/2024 21.45,2016
09/02/2024 22.00,1908
09/02/2024 22.15,1314
09/02/2024 22.30,1374
09/02/2024 22.45,1602
09/02/2024 23.00,1962
09/02/2024 23.15,1746
09/02/2024 23.30,1794
09/02/2024 23.45,1800
10/02/2024 00.00,1704
10/02/2024 00.15,1836
10/02/2024 00.30,1686
10/02/2024 00.45,1782
10/02/2024 01.00,1746
10/02/2024 01.15,1998
10/02/2024 01.30,1920
10/02/2024 01.45,1848
10/02/2024 02.00,1800
10/02/2024 02.15,1848
10/02/2024 02.30,2016
10/02/2024 02.45,1944
10/02/2024 03.00,1872
10/02/2024 03.15,1908
10/02/2024 03.30,1848
10/02/2024 03.45,1920
10/02/2024 04.00,1896
10/02/2024 04.15,1746
10/02/2024 04.30,1992
10/02/2024 04.45,1890
10/02/2024 05.00,1950
10/02/2024 05.15,2064
10/02/2024 05.30,2064
10/02/2024 05.45,2040
10/02/2024 06.00,1716
10/02/2024 06.15,1878
10/02/2024 06.30,2070
10/02/2024 06.45,2076
10/02/2024 07.00,2076
10/02/2024 07.15,1896
10/02/2024 07.30,1782
10/02/2024 07.45,1758
10/02/2024 08.00,1524
10/02/2024 08.15,1584
10/02/2024 08.30,1632
10/02/2024 08.45,1782
10/02/2024 09.00,1518
10/02/2024 09.15,1404
10/02/2024 09.30,1254
10/02/2024 09.45,1284
10/02/2024 10.00,1146
10/02/2024 10.15,1254
10/02/2024 10.30,924
10/02/2024 10.45,816
10/02/2024 11.00,732
10/02/2024 11.15,666
10/02/2024 11.30,630
10/02/2024 11.45,942
10/02/2024 12.00,768
10/02/2024 12.15,990
10/02/2024 12.30,900
10/02/2024 12.45,924
10/02/2024 13.00,768
10/02/2024 13.15,984
10/02/2024 13.30,858
10/02/2024 13.45,552
10/02/2024 14.00,948
10/02/2024 14.15,1014
10/02/2024 14.30,1098
10/02/2024 14.45,1260
10/02/2024 15.00,1488
10/02/2024 15.15,1278
10/02/2024 15.30,1440
10/02/2024 15.45,1578
10/02/2024 16.00,1758
10/02/2024 16.15,1656
10/02/2024 16.30,1890
10/02/2024 16.45,1902
10/02/2024 17.00,2064
10/02/2024 17.15,1974
10/02/2024 17.30,2100
10/02/2024 17.45,2304
10/02/2024 18.00,2268
10/02/2024 18.15,2076
10/02/2024 18.30,2076
10/02/2024 18.45,2256
10/02/2024 19.00,2070
10/02/2024 19.15,2040
10/02/2024 19.30,2244
10/02/2024 19.45,2154
10/02/2024 20.00,2058
10/02/2024 20.15,2496
10/02/2024 20.30,2388
10/02/2024 20.45,2112
10/02/2024 21.00,2070
10/02/2024 21.15,2460
10/02/2024 21.30,2136
10/02/2024 21.45,2064
10/02/2024 22.00,2088
10/02/2024 22.15,2028
10/02/2024 22.30,2028
10/02/2024 22.45,2256
10/02/2024 23.00,2406
10/02/2024 23.15,2520
10/02/2024 23.30,2358
10/02/2024 23.45,2136
11/02/2024 00.00,2178
11/02/2024 00.15,2232
11/02/2024 00.30,2172
11/02/2024 00.45,2034
11/02/2024 01.00,2442
11/02/2024 01.15,2610
11/02/2024 01.30,2598
11/02/2024 01.45,2454
11/02/2024 02.00,2490
11/02/2024 02.15,2478
11/02/2024 02.30,2526
11/02/2024 02.45,2412
11/02/2024 03.00,2460
11/02/2024 03.15,2130
11/02/2024 03.30,1812
11/02/2024 03.45,2286
11/02/2024 04.00,2424
11/02/2024 04.15,2526
11/02/2024 04.30,2364
11/02/2024 04.45,2310
11/02/2024 05.00,2448
11/02/2024 05.15,2508
11/02/2024 05.30,2100
11/02/2024 05.45,2142
11/02/2024 06.00,1938
11/02/2024 06.15,2172
11/02/2024 06.30,2172
11/02/2024 06.45,2250
11/02/2024 07.00,2412
11/02/2024 07.15,2256
11/02/2024 07.30,1476
11/02/2024 07.45,1386
11/02/2024 08.00,1188
11/02/2024 08.15,1194
11/02/2024 08.30,1356
11/02/2024 08.45,1212
11/02/2024 09.00,1230
11/02/2024 09.15,984
11/02/2024 09.30,1152
11/02/2024 09.45,1008
11/02/2024 10.00,918
11/02/2024 10.15,972
11/02/2024 10.30,1026
11/02/2024 10.45,912
11/02/2024 11.00,966
11/02/2024 11.15,912
11/02/2024 11.30,888
11/02/2024 11.45,768
11/02/2024 12.00,828
11/02/2024 12.15,852
11/02/2024 12.30,978
11/02/2024 12.45,918
11/02/2024 13.00,870
11/02/2024 13.15,822
11/02/2024 13.30,876
11/02/2024 13.45,1008
11/02/2024 14.00,840
11/02/2024 14.15,978
11/02/2024 14.30,1032
11/02/2024 14.45,1056
11/02/2024 15.00,1092
11/02/2024 15.15,1164
11/02/2024 15.30,1164
11/02/2024 15.45,1356
11/02/2024 16.00,1188
11/02/2024 16.15,1362
11/02/2024 16.30,1476
11/02/2024 16.45,1680
11/02/2024 17.00,1716
11/02/2024 17.15,1806
11/02/2024 17.30,1914
11/02/2024 17.45,1998
11/02/2024 18.00,1980
11/02/2024 18.15,2046
11/02/2024 18.30,1920
11/02/2024 18.45,2058
11/02/2024 19.00,2052
11/02/2024 19.15,2094
11/02/2024 19.30,1848
11/02/2024 19.45,1890
11/02/2024 20.00,1818
11/02/2024 20.15,1992
11/02/2024 20.30,1908
11/02/2024 20.45,2094
11/02/2024 21.00,2058
11/02/2024 21.15,2160
11/02/2024 21.30,1836
11/02/2024 21.45,1620
11/02/2024 22.00,1656
11/02/2024 22.15,1824
11/02/2024 22.30,1950
11/02/2024 22.45,1872
11/02/2024 23.00,1902
11/02/2024 23.15,2046
11/02/2024 23.30,2082
11/02/2024 23.45,2040
12/02/2024 00.00,1926
12/02/2024 00.15,1914
12/02/2024 00.30,2118
12/02/2024 00.45,1938
12/02/2024 01.00,2004
12/02/2024 01.15,1884
12/02/2024 01.30,1998
12/02/2024 01.45,1956
12/02/2024 02.00,1920
12/02/2024 02.15,2022
12/02/2024 02.30,1914
12/02/2024 02.45,1992
12/02/2024 03.00,1944
12/02/2024 03.15,1560
12/02/2024 03.30,1224
12/02/2024 03.45,1110
12/02/2024 04.00,1080
12/02/2024 04.15,726
12/02/2024 04.30,792
12/02/2024 04.45,432
12/02/2024 05.00,396
12/02/2024 05.15,372
12/02/2024 05.30,372
12/02/2024 05.45,360
12/02/2024 06.00,372
12/02/2024 06.15,360
12/02/2024 06.30,348
12/02/2024 06.45,312
12/02/2024 07.00,270
12/02/2024 07.15,240
12/02/2024 07.30,150
12/02/2024 07.45,108
12/02/2024 08.00,60
12/02/2024 08.15,12
12/02/2024 08.30,0
12/02/2024 08.45,0
12/02/2024 09.00,0
12/02/2024 09.15,0
12/02/2024 09.30,12
12/02/2024 09.45,12
12/02/2024 10.00,12
12/02/2024 10.15,12
12/02/2024 10.30,0
12/02/2024 10.45,0
12/02/2024 11.00,0
12/02/2024 11.15,0
12/02/2024 11.30,0
12/02/2024 11.45,0
12/02/2024 12.00,0
12/02/2024 12.15,0
12/02/2024 12.30,0
12/02/2024 12.45,0
12/02/2024 13.00,0
12/02/2024 13.15,0
12/02/2024 13.30,0
12/02/2024 13.45,0
12/02/2024 14.00,0
12/02/2024 14.15,0
12/02/2024 14.30,0
12/02/2024 14.45,0
12/02/2024 15.00,0
12/02/2024 15.15,0
12/02/2024 15.30,0
12/02/2024 15.45,12
12/02/2024 16.00,72
12/02/2024 16.15,108
12/02/2024 16.30,66
12/02/2024 16.45,210
12/02/2024 17.00,222
12/02/2024 17.15,306
12/02/2024 17.30,288
12/02/2024 17.45,342
12/02/2024 18.00,444
12/02/2024 18.15,414
12/02/2024 18.30,384
12/02/2024 18.45,366
12/02/2024 19.00,372
12/02/2024 19.15,366
12/02/2024 19.30,372
12/02/2024 19.45,366
12/02/2024 20.00,384
12/02/2024 20.15,372
12/02/2024 20.30,372
12/02/2024 20.45,372
12/02/2024 21.00,360
12/02/2024 21.15,372
12/02/2024 21.30,360
12/02/2024 21.45,378
12/02/2024 22.00,366
12/02/2024 22.15,366
12/02/2024 22.30,366
12/02/2024 22.45,354
12/02/2024 23.00,342
12/02/2024 23.15,366
12/02/2024 23.30,342
12/02/2024 23.45,354
13/02/2024 00.00,354
13/02/2024 00.15,354
13/02/2024 00.30,354
13/02/2024 00.45,348
13/02/2024 01.00,372
13/02/2024 01.15,348
13/02/2024 01.30,348
13/02/2024 01.45,348
13/02/2024 02.00,312
13/02/2024 02.15,318
13/02/2024 02.30,336
13/02/2024 02.45,312
13/02/2024 03.00,324
13/02/2024 03.15,330
13/02/2024 03.30,336
13/02/2024 03.45,330
13/02/2024 04.00,318
13/02/2024 04.15,342
13/02/2024 04.30,360
13/02/2024 04.45,360
13/02/2024 05.00,366
13/02/2024 05.15,354
13/02/2024 05.30,354
13/02/2024 05.45,366
13/02/2024 06.00,354
13/02/2024 06.15,408
13/02/2024 06.30,624
13/02/2024 06.45,1092
13/02/2024 07.00,1398
13/02/2024 07.15,1680
13/02/2024 07.30,1866
13/02/2024 07.45,1788
13/02/2024 08.00,2184
13/02/2024 08.15,2208
13/02/2024 08.30,2400
13/02/2024 08.45,2250
13/02/2024 09.00,2202
13/02/2024 09.15,2016
13/02/2024 09.30,2220
13/02/2024 09.45,2220
13/02/2024 10.00,2244
13/02/2024 10.15,2100
13/02/2024 10.30,2136
13/02/2024 10.45,2112
13/02/2024 11.00,1764
13/02/2024 11.15,1524
13/02/2024 11.30,1380
13/02/2024 11.45,1464
13/02/2024 12.00,1200
13/02/2024 12.15,1308
13/02/2024 12.30,1452
13/02/2024 12.45,1776
13/02/2024 13.00,2172
13/02/2024 13.15,2196
13/02/2024 13.30,1740
13/02/2024 13.45,2112
13/02/2024 14.00,2184
13/02/2024 14.15,1716
13/02/2024 14.30,1836
13/02/2024 14.45,1704
13/02/2024 15.00,1536
13/02/2024 15.15,1296
13/02/2024 15.30,1380
13/02/2024 15.45,1464
13/02/2024 16.00,1986
13/02/2024 16.15,2400
13/02/2024 16.30,2472
13/02/2024 16.45,2442
13/02/2024 17.00,2592
13/02/2024 17.15,2634
13/02/2024 17.30,2724
13/02/2024 17.45,2742
13/02/2024 18.00,2424
13/02/2024 18.15,2262
13/02/2024 18.30,2184
13/02/2024 18.45,2796
13/02/2024 19.00,2940
13/02/2024 19.15,2982
13/02/2024 19.30,2706
13/02/2024 19.45,2676
13/02/2024 20.00,2742
13/02/2024 20.15,2742
13/02/2024 20.30,2508
13/02/2024 20.45,2622
13/02/2024 21.00,2604
13/02/2024 21.15,2496
13/02/2024 21.30,2304
13/02/2024 21.45,2382
13/02/2024 22.00,2076
13/02/2024 22.15,2550
13/02/2024 22.30,2784
13/02/2024 22.45,2658
13/02/2024 23.00,2832
13/02/2024 23.15,2730
13/02/2024 23.30,2700
13/02/2024 23.45,2742
14/02/2024 00.00,2748
14/02/2024 00.15,2766
14/02/2024 00.30,2760
14/02/2024 00.45,2718
14/02/2024 01.00,2718
14/02/2024 01.15,2670
14/02/2024 01.30,2574
14/02/2024 01.45,2604
14/02/2024 02.00,2424
14/02/2024 02.15,2478
14/02/2024 02.30,2700
14/02/2024 02.45,2646
14/02/2024 03.00,2646
14/02/2024 03.15,2664
14/02/2024 03.30,2694
14/02/2024 03.45,2670
14/02/2024 04.00,2340
14/02/2024 04.15,1950
14/02/2024 04.30,1884
14/02/2024 04.45,2076
14/02/2024 05.00,2454
14/02/2024 05.15,2664
14/02/2024 05.30,2772
14/02/2024 05.45,2808
14/02/2024 06.00,2946
14/02/2024 06.15,2898
14/02/2024 06.30,2772
14/02/2024 06.45,3096
14/02/2024 07.00,3492
14/02/2024 07.15,3552
14/02/2024 07.30,3390
14/02/2024 07.45,3240
14/02/2024 08.00,3048
14/02/2024 08.15,3126
14/02/2024 08.30,2784
14/02/2024 08.45,2640
14/02/2024 09.00,2688
14/02/2024 09.15,2940
14/02/2024 09.30,2754
14/02/2024 09.45,2694
14/02/2024 10.00,2706
14/02/2024 10.15,2556
14/02/2024 10.30,2502
14/02/2024 10.45,2460
14/02/2024 11.00,2244
14/02/2024 11.15,2268
14/02/2024 11.30,2298
14/02/2024 11.45,2238
14/02/2024 12.00,2064
14/02/2024 12.15,2202
14/02/2024 12.30,2154
14/02/2024 12.45,2304
14/02/2024 13.00,2364
14/02/2024 13.15,2208
14/02/2024 13.30,2352
14/02/2024 13.45,2256
14/02/2024 14.00,2364
14/02/2024 14.15,2064
14/02/2024 14.30,2094
14/02/2024 14.45,1944
14/02/2024 15.00,1776
14/02/2024 15.15,1578
14/02/2024 15.30,1680
14/02/2024 15.45,1938
14/02/2024 16.00,2532
14/02/2024 16.15,2610
14/02/2024 16.30,2586
14/02/2024 16.45,2820
14/02/2024 17.00,2940
14/02/2024 17.15,3324
14/02/2024 17.30,3462
14/02/2024 17.45,3324
14/02/2024 18.00,3450
14/02/2024 18.15,3396
14/02/2024 18.30,3504
14/02/2024 18.45,3492
14/02/2024 19.00,3414
14/02/2024 19.15,3468
14/02/2024 19.30,3588
14/02/2024 19.45,3480
14/02/2024 20.00,3450
14/02/2024 20.15,3714
14/02/2024 20.30,3606
14/02/2024 20.45,3540
14/02/2024 21.00,3636
14/02/2024 21.15,3696
14/02/2024 21.30,3696
14/02/2024 21.45,3648
14/02/2024 22.00,3606
14/02/2024 22.15,3648
14/02/2024 22.30,3630
14/02/2024 22.45,3756
14/02/2024 23.00,3408
14/02/2024 23.15,3456
14/02/2024 23.30,3342
14/02/2024 23.45,3342
15/02/2024 00.00,3204
15/02/2024 00.15,2952
15/02/2024 00.30,3222
15/02/2024 00.45,3150
15/02/2024 01.00,3156
15/02/2024 01.15,3372
15/02/2024 01.30,3144
15/02/2024 01.45,3294
15/02/2024 02.00,3252
15/02/2024 02.15,3288
15/02/2024 02.30,3420
15/02/2024 02.45,3468
15/02/2024 03.00,3432
15/02/2024 03.15,3606
15/02/2024 03.30,3528
15/02/2024 03.45,3336
15/02/2024 04.00,3018
15/02/2024 04.15,2880
15/02/2024 04.30,2802
15/02/2024 04.45,2808
15/02/2024 05.00,2802
15/02/2024 05.15,2844
15/02/2024 05.30,2820
15/02/2024 05.45,2832
15/02/2024 06.00,2856
15/02/2024 06.15,3228
15/02/2024 06.30,3336
15/02/2024 06.45,3216
15/02/2024 07.00,3198
15/02/2024 07.15,3138
15/02/2024 07.30,2868
15/02/2024 07.45,2736
15/02/2024 08.00,2664
15/02/2024 08.15,1950
15/02/2024 08.30,2088
15/02/2024 08.45,2244
15/02/2024 09.00,2214
15/02/2024 09.15,2280
15/02/2024 09.30,2088
15/02/2024 09.45,1920
15/02/2024 10.00,1482
15/02/2024 10.15,1104
15/02/2024 10.30,1392
15/02/2024 10.45,1644
15/02/2024 11.00,1650
15/02/2024 11.15,2196
15/02/2024 11.30,2034
15/02/2024 11.45,2094
15/02/2024 12.00,2226
15/02/2024 12.15,2322
15/02/2024 12.30,2334
15/02/2024 12.45,1926
15/02/2024 13.00,1788
15/02/2024 13.15,1560
15/02/2024 13.30,1548
15/02/2024 13.45,1452
15/02/2024 14.00,1590
15/02/2024 14.15,1722
15/02/2024 14.30,1926
15/02/2024 14.45,2160
15/02/2024 15.00,2532
15/02/2024 15.15,2844
15/02/2024 15.30,3000
15/02/2024 15.45,3006
15/02/2024 16.00,2934
15/02/2024 16.15,3096
15/02/2024 16.30,3306
15/02/2024 16.45,4146
15/02/2024 17.00,3810
15/02/2024 17.15,3792
15/02/2024 17.30,3510
15/02/2024 17.45,3600
15/02/2024 18.00,3762
15/02/2024 18.15,3816
15/02/2024 18.30,3684
15/02/2024 18.45,3816
15/02/2024 19.00,3534
15/02/2024 19.15,3750
15/02/2024 19.30,3480
15/02/2024 19.45,3456
15/02/2024 20.00,3684
15/02/2024 20.15,3552
15/02/2024 20.30,3138
15/02/2024 20.45,2898
15/02/2024 21.00,2994
15/02/2024 21.15,3102
15/02/2024 21.30,2586
15/02/2024 21.45,2580
15/02/2024 22.00,3042
15/02/2024 22.15,3864
15/02/2024 22.30,4068
15/02/2024 22.45,4296
15/02/2024 23.00,4536
15/02/2024 23.15,4404
15/02/2024 23.30,4662
15/02/2024 23.45,4524
16/02/2024 00.00,4440
16/02/2024 00.15,4590
16/02/2024 00.30,4212
16/02/2024 00.45,4620
16/02/2024 01.00,4440
16/02/2024 01.15,4254
16/02/2024 01.30,4542
16/02/2024 01.45,4416
16/02/2024 02.00,4188
16/02/2024 02.15,4146
16/02/2024 02.30,4230
16/02/2024 02.45,4422
16/02/2024 03.00,4272
16/02/2024 03.15,4452
16/02/2024 03.30,4428
16/02/2024 03.45,4554
16/02/2024 04.00,4218
16/02/2024 04.15,4428
16/02/2024 04.30,3798
16/02/2024 04.45,3948
16/02/2024 05.00,4170
16/02/2024 05.15,4026
16/02/2024 05.30,4440
16/02/2024 05.45,4428
16/02/2024 06.00,4458
16/02/2024 06.15,4284
16/02/2024 06.30,4224
16/02/2024 06.45,4188
16/02/2024 07.00,4050
16/02/2024 07.15,3972
16/02/2024 07.30,3750
16/02/2024 07.45,3630
16/02/2024 08.00,3396
16/02/2024 08.15,3444
16/02/2024 08.30,3216
16/02/2024 08.45,3174
16/02/2024 09.00,2976
16/02/2024 09.15,2856
16/02/2024 09.30,2724
16/02/2024 09.45,2790
16/02/2024 10.00,2538
16/02/2024 10.15,2496
16/02/2024 10.30,2280
16/02/2024 10.45,1926
16/02/2024 11.00,2058
16/02/2024 11.15,2034
16/02/2024 11.30,1878
16/02/2024 11.45,2046
16/02/2024 12.00,2094
16/02/2024 12.15,2046
16/02/2024 12.30,2112
16/02/2024 12.45,2208
16/02/2024 13.00,2124
16/02/2024 13.15,2280
16/02/2024 13.30,2166
16/02/2024 13.45,2274
16/02/2024 14.00,1842
16/02/2024 14.15,2022
16/02/2024 14.30,2616
16/02/2024 14.45,2532
16/02/2024 15.00,2526
16/02/2024 15.15,2718
16/02/2024 15.30,2724
16/02/2024 15.45,1938
16/02/2024 16.00,2262
16/02/2024 16.15,3324
16/02/2024 16.30,3690
16/02/2024 16.45,3594
16/02/2024 17.00,3852
16/02/2024 17.15,3780
16/02/2024 17.30,3750
16/02/2024 17.45,3654
16/02/2024 18.00,3696
16/02/2024 18.15,3960
16/02/2024 18.30,4266
16/02/2024 18.45,4476
16/02/2024 19.00,4476
16/02/2024 19.15,4482
16/02/2024 19.30,4362
16/02/2024 19.45,4350
16/02/2024 20.00,4272
16/02/2024 20.15,4278
16/02/2024 20.30,4368
16/02/2024 20.45,4470
16/02/2024 21.00,4560
16/02/2024 21.15,4578
16/02/2024 21.30,4566
16/02/2024 21.45,4416
16/02/2024 22.00,4410
16/02/2024 22.15,4254
16/02/2024 22.30,4020
16/02/2024 22.45,4026
16/02/2024 23.00,4140
16/02/2024 23.15,4404
16/02/2024 23.30,4152
16/02/2024 23.45,4086
17/02/2024 00.00,4164
17/02/2024 00.15,4212
17/02/2024 00.30,4380
17/02/2024 00.45,4446
17/02/2024 01.00,4140
17/02/2024 01.15,4254
17/02/2024 01.30,3792
17/02/2024 01.45,3858
17/02/2024 02.00,3858
17/02/2024 02.15,3732
17/02/2024 02.30,3558
17/02/2024 02.45,3474
17/02/2024 03.00,3078
17/02/2024 03.15,3024
17/02/2024 03.30,3006
17/02/2024 03.45,2736
17/02/2024 04.00,2988
17/02/2024 04.15,2928
17/02/2024 04.30,2670
17/02/2024 04.45,2892
17/02/2024 05.00,2874
17/02/2024 05.15,2700
17/02/2024 05.30,2688
17/02/2024 05.45,2940
17/02/2024 06.00,2898
17/02/2024 06.15,2730
17/02/2024 06.30,2472
17/02/2024 06.45,2664
17/02/2024 07.00,2400
17/02/2024 07.15,2316
17/02/2024 07.30,1602
17/02/2024 07.45,1290
17/02/2024 08.00,1110
17/02/2024 08.15,1578
17/02/2024 08.30,1608
17/02/2024 08.45,1752
17/02/2024 09.00,1500
17/02/2024 09.15,1332
17/02/2024 09.30,1596
17/02/2024 09.45,1872
17/02/2024 10.00,1290
17/02/2024 10.15,1176
17/02/2024 10.30,1146
17/02/2024 10.45,1164
17/02/2024 11.00,816
17/02/2024 11.15,984
17/02/2024 11.30,1116
17/02/2024 11.45,1038
17/02/2024 12.00,960
17/02/2024 12.15,912
17/02/2024 12.30,1194
17/02/2024 12.45,1344
17/02/2024 13.00,1428
17/02/2024 13.15,1500
17/02/2024 13.30,1542
17/02/2024 13.45,1716
17/02/2024 14.00,1704
17/02/2024 14.15,1746
17/02/2024 14.30,1476
17/02/2024 14.45,1440
17/02/2024 15.00,1614
17/02/2024 15.15,1860
17/02/2024 15.30,1986
17/02/2024 15.45,2064
17/02/2024 16.00,2238
17/02/2024 16.15,2220
17/02/2024 16.30,1818
17/02/2024 16.45,2286
17/02/2024 17.00,2274
17/02/2024 17.15,2142
17/02/2024 17.30,2388
17/02/2024 17.45,2328
17/02/2024 18.00,2304
17/02/2024 18.15,2412
17/02/2024 18.30,2064
17/02/2024 18.45,1800
17/02/2024 19.00,1614
17/02/2024 19.15,1524
17/02/2024 19.30,2088
17/02/2024 19.45,2076
17/02/2024 20.00,2376
17/02/2024 20.15,2772
17/02/2024 20.30,2544
17/02/2024 20.45,2640
17/02/2024 21.00,2538
17/02/2024 21.15,2544
17/02/2024 21.30,2664
17/02/2024 21.45,2598
17/02/2024 22.00,2580
17/02/2024 22.15,2274
17/02/2024 22.30,2382
17/02/2024 22.45,2256
17/02/2024 23.00,2130
17/02/2024 23.15,2244
17/02/2024 23.30,2148
17/02/2024 23.45,2388
18/02/2024 00.00,2136
18/02/2024 00.15,2244
18/02/2024 00.30,2160
18/02/2024 00.45,2268
18/02/2024 01.00,2538
18/02/2024 01.15,2556
18/02/2024 01.30,2442
18/02/2024 01.45,2352
18/02/2024 02.00,2364
18/02/2024 02.15,2286
18/02/2024 02.30,2520
18/02/2024 02.45,2298
18/02/2024 03.00,2502
18/02/2024 03.15,2514
18/02/2024 03.30,2280
18/02/2024 03.45,2142
18/02/2024 04.00,2178
18/02/2024 04.15,2148
18/02/2024 04.30,2094
18/02/2024 04.45,2184
18/02/2024 05.00,2478
18/02/2024 05.15,2136
18/02/2024 05.30,2406
18/02/2024 05.45,2622
18/02/2024 06.00,2556
18/02/2024 06.15,2562
18/02/2024 06.30,2484
18/02/2024 06.45,2256
18/02/2024 07.00,2016
18/02/2024 07.15,1950
18/02/2024 07.30,1926
18/02/2024 07.45,1914
18/02/2024 08.00,1524
18/02/2024 08.15,1980
18/02/2024 08.30,1998
18/02/2024 08.45,1626
18/02/2024 09.00,1758
18/02/2024 09.15,1746
18/02/2024 09.30,1632
18/02/2024 09.45,1416
18/02/2024 10.00,1344
18/02/2024 10.15,1296
18/02/2024 10.30,1524
18/02/2024 10.45,1368
18/02/2024 11.00,1158
18/02/2024 11.15,1254
18/02/2024 11.30,1254
18/02/2024 11.45,984
18/02/2024 12.00,912
18/02/2024 12.15,984
18/02/2024 12.30,1122
18/02/2024 12.45,1128
18/02/2024 13.00,1332
18/02/2024 13.15,804
18/02/2024 13.30,1296
18/02/2024 13.45,690
18/02/2024 14.00,684
18/02/2024 14.15,1080
18/02/2024 14.30,1248
18/02/2024 14.45,1596
18/02/2024 15.00,1962
18/02/2024 15.15,1488
18/02/2024 15.30,2052
18/02/2024 15.45,2082
18/02/2024 16.00,1836
18/02/2024 16.15,1764
18/02/2024 16.30,2040
18/02/2024 16.45,2046
18/02/2024 17.00,2310
18/02/2024 17.15,2436
18/02/2024 17.30,2328
18/02/2024 17.45,2106
18/02/2024 18.00,1458
18/02/2024 18.15,2094
18/02/2024 18.30,2214
18/02/2024 18.45,2298
18/02/2024 19.00,2136
18/02/2024 19.15,2142
18/02/2024 19.30,2076
18/02/2024 19.45,1548
18/02/2024 20.00,1812
18/02/2024 20.15,2580
18/02/2024 20.30,2604
18/02/2024 20.45,2748
18/02/2024 21.00,2682
18/02/2024 21.15,2676
18/02/2024 21.30,2556
18/02/2024 21.45,2610
18/02/2024 22.00,2412
18/02/2024 22.15,2328
18/02/2024 22.30,2652
18/02/2024 22.45,2466
18/02/2024 23.00,2520
18/02/2024 23.15,1962
18/02/2024 23.30,1776
18/02/2024 23.45,1878
19/02/2024 00.00,2148
19/02/2024 00.15,1986
19/02/2024 00.30,2082
19/02/2024 00.45,1866
19/02/2024 01.00,2262
19/02/2024 01.15,2082
19/02/2024 01.30,2340
19/02/2024 01.45,2442
19/02/2024 02.00,2394
19/02/2024 02.15,2274
19/02/2024 02.30,2442
19/02/2024 02.45,2460
19/02/2024 03.00,2352
19/02/2024 03.15,1680
19/02/2024 03.30,1980
19/02/2024 03.45,1992
19/02/2024 04.00,1944
19/02/2024 04.15,1932
19/02/2024 04.30,2148
19/02/2024 04.45,1938
19/02/2024 05.00,2424
19/02/2024 05.15,2268
19/02/2024 05.30,1956
19/02/2024 05.45,1968
19/02/2024 06.00,2028
19/02/2024 06.15,1998
19/02/2024 06.30,1884
19/02/2024 06.45,1908
19/02/2024 07.00,1818
19/02/2024 07.15,1788
19/02/2024 07.30,1560
19/02/2024 07.45,1560
19/02/2024 08.00,1356
19/02/2024 08.15,1452
19/02/2024 08.30,1308
19/02/2024 08.45,1236
19/02/2024 09.00,840
19/02/2024 09.15,852
19/02/2024 09.30,762
19/02/2024 09.45,780
19/02/2024 10.00,732
19/02/2024 10.15,600
19/02/2024 10.30,642
19/02/2024 10.45,570
19/02/2024 11.00,924
19/02/2024 11.15,888
19/02/2024 11.30,924
19/02/2024 11.45,906
19/02/2024 12.00,894
19/02/2024 12.15,924
19/02/2024 12.30,798
19/02/2024 12.45,1026
19/02/2024 13.00,948
19/02/2024 13.15,948
19/02/2024 13.30,1308
19/02/2024 13.45,894
19/02/2024 14.00,1080
19/02/2024 14.15,1554
19/02/2024 14.30,1176
19/02/2024 14.45,1260
19/02/2024 15.00,1176
19/02/2024 15.15,1254
19/02/2024 15.30,1350
19/02/2024 15.45,1554
19/02/2024 16.00,1074
19/02/2024 16.15,1356
19/02/2024 16.30,1824
19/02/2024 16.45,1788
19/02/2024 17.00,1806
19/02/2024 17.15,1386
19/02/2024 17.30,1644
19/02/2024 17.45,2016
19/02/2024 18.00,2196
19/02/2024 18.15,1752
19/02/2024 18.30,2088
19/02/2024 18.45,2034
19/02/2024 19.00,1608
19/02/2024 19.15,2040
19/02/2024 19.30,1878
19/02/2024 19.45,1956
19/02/2024 20.00,2046
19/02/2024 20.15,2112
19/02/2024 20.30,2034
19/02/2024 20.45,1944
19/02/2024 21.00,2112
19/02/2024 21.15,2388
19/02/2024 21.30,1836
19/02/2024 21.45,2148
19/02/2024 22.00,2382
19/02/2024 22.15,2526
19/02/2024 22.30,2388
19/02/2024 22.45,1962
19/02/2024 23.00,2346
19/02/2024 23.15,2472
19/02/2024 23.30,2322
19/02/2024 23.45,2610
20/02/2024 00.00,2388
20/02/2024 00.15,2046
20/02/2024 00.30,1722
20/02/2024 00.45,1584
20/02/2024 01.00,1710
20/02/2024 01.15,1770
20/02/2024 01.30,1938
20/02/2024 01.45,2094
20/02/2024 02.00,2406
20/02/2024 02.15,2556
20/02/2024 02.30,2592
20/02/2024 02.45,2568
20/02/2024 03.00,2502
20/02/2024 03.15,2292
20/02/2024 03.30,2226
20/02/2024 03.45,2328
20/02/2024 04.00,2424
20/02/2024 04.15,2154
20/02/2024 04.30,2184
20/02/2024 04.45,2076
20/02/2024 05.00,2118
20/02/2024 05.15,1824
20/02/2024 05.30,1956
20/02/2024 05.45,2322
20/02/2024 06.00,2226
20/02/2024 06.15,2028
20/02/2024 06.30,2526
20/02/2024 06.45,2424
20/02/2024 07.00,1926
20/02/2024 07.15,1830
20/02/2024 07.30,1704
20/02/2024 07.45,1440
20/02/2024 08.00,1344
20/02/2024 08.15,1296
20/02/2024 08.30,1350
20/02/2024 08.45,1440
20/02/2024 09.00,1248
20/02/2024 09.15,996
20/02/2024 09.30,972
20/02/2024 09.45,960
20/02/2024 10.00,1008
20/02/2024 10.15,1044
20/02/2024 10.30,720
20/02/2024 10.45,1020
20/02/2024 11.00,1092
20/02/2024 11.15,924
20/02/2024 11.30,888
20/02/2024 11.45,960
20/02/2024 12.00,750
20/02/2024 12.15,924
20/02/2024 12.30,1026
20/02/2024 12.45,1230
20/02/2024 13.00,1008
20/02/2024 13.15,1308
20/02/2024 13.30,1104
20/02/2024 13.45,1020
20/02/2024 14.00,888
20/02/2024 14.15,966
20/02/2024 14.30,1500
20/02/2024 14.45,1554
20/02/2024 15.00,1176
20/02/2024 15.15,1638
20/02/2024 15.30,1716
20/02/2024 15.45,1482
20/02/2024 16.00,1740
20/02/2024 16.15,1572
20/02/2024 16.30,1572
20/02/2024 16.45,1746
20/02/2024 17.00,1644
20/02/2024 17.15,1746
20/02/2024 17.30,1980
20/02/2024 17.45,1944
20/02/2024 18.00,2124
20/02/2024 18.15,2124
20/02/2024 18.30,2058
20/02/2024 18.45,1812
20/02/2024 19.00,2076
20/02/2024 19.15,2136
20/02/2024 19.30,2028
20/02/2024 19.45,2040
20/02/2024 20.00,1572
20/02/2024 20.15,2046
20/02/2024 20.30,1968
20/02/2024 20.45,1986
20/02/2024 21.00,2064
20/02/2024 21.15,2484
20/02/2024 21.30,2316
20/02/2024 21.45,1872
20/02/2024 22.00,1680
20/02/2024 22.15,1704
20/02/2024 22.30,1764
20/02/2024 22.45,1596
20/02/2024 23.00,1308
20/02/2024 23.15,1536
20/02/2024 23.30,1764
20/02/2024 23.45,1884
21/02/2024 00.00,2208
21/02/2024 00.15,2430
21/02/2024 00.30,2448
21/02/2024 00.45,2088
21/02/2024 01.00,2208
21/02/2024 01.15,2280
21/02/2024 01.30,2382
21/02/2024 01.45,2412
21/02/2024 02.00,2388
21/02/2024 02.15,2358
21/02/2024 02.30,2388
21/02/2024 02.45,2400
21/02/2024 03.00,2442
21/02/2024 03.15,2148
21/02/2024 03.30,1860
21/02/2024 03.45,1962
21/02/2024 04.00,1596
21/02/2024 04.15,1734
21/02/2024 04.30,1938
21/02/2024 04.45,2094
21/02/2024 05.00,2370
21/02/2024 05.15,2424
21/02/2024 05.30,2052
21/02/2024 05.45,2388
21/02/2024 06.00,2154
21/02/2024 06.15,1920
21/02/2024 06.30,1524
21/02/2024 06.45,1254
21/02/2024 07.00,888
21/02/2024 07.15,768
21/02/2024 07.30,636
21/02/2024 07.45,396
21/02/2024 08.00,276
21/02/2024 08.15,180
21/02/2024 08.30,6
21/02/2024 08.45,24
21/02/2024 09.00,0
21/02/2024 09.15,12
21/02/2024 09.30,12
21/02/2024 09.45,0
21/02/2024 10.00,0
21/02/2024 10.15,12
21/02/2024 10.30,6
21/02/2024 10.45,12
21/02/2024 11.00,0
21/02/2024 11.15,18
21/02/2024 11.30,6
21/02/2024 11.45,0
21/02/2024 12.00,0
21/02/2024 12.15,54
21/02/2024 12.30,36
21/02/2024 12.45,0
21/02/2024 13.00,0
21/02/2024 13.15,24
21/02/2024 13.30,24
21/02/2024 13.45,0
21/02/2024 14.00,12
21/02/2024 14.15,78
21/02/2024 14.30,108
21/02/2024 14.45,96
21/02/2024 15.00,114
21/02/2024 15.15,108
21/02/2024 15.30,60
21/02/2024 15.45,180
21/02/2024 16.00,240
21/02/2024 16.15,168
21/02/2024 16.30,270
21/02/2024 16.45,330
21/02/2024 17.00,360
21/02/2024 17.15,396
21/02/2024 17.30,384
21/02/2024 17.45,414
21/02/2024 18.00,420
21/02/2024 18.15,432
21/02/2024 18.30,450
21/02/2024 18.45,432
21/02/2024 19.00,438
21/02/2024 19.15,450
21/02/2024 19.30,462
21/02/2024 19.45,420
21/02/2024 20.00,450
21/02/2024 20.15,444
21/02/2024 20.30,444
21/02/2024 20.45,468
21/02/2024 21.00,516
21/02/2024 21.15,948
21/02/2024 21.30,936
21/02/2024 21.45,948
21/02/2024 22.00,936
21/02/2024 22.15,948
21/02/2024 22.30,924
21/02/2024 22.45,948
21/02/2024 23.00,936
21/02/2024 23.15,960
21/02/2024 23.30,960
21/02/2024 23.45,924
22/02/2024 00.00,912
22/02/2024 00.15,960
22/02/2024 00.30,756
22/02/2024 00.45,468
22/02/2024 01.00,450
22/02/2024 01.15,462
22/02/2024 01.30,462
22/02/2024 01.45,420
22/02/2024 02.00,444
22/02/2024 02.15,420
22/02/2024 02.30,444
22/02/2024 02.45,420
22/02/2024 03.00,432
22/02/2024 03.15,444
22/02/2024 03.30,432
22/02/2024 03.45,444
22/02/2024 04.00,444
22/02/2024 04.15,420
22/02/2024 04.30,468
22/02/2024 04.45,456
22/02/2024 05.00,444
22/02/2024 05.15,456
22/02/2024 05.30,444
22/02/2024 05.45,456
22/02/2024 06.00,444
22/02/2024 06.15,486
22/02/2024 06.30,486
22/02/2024 06.45,420
22/02/2024 07.00,450
22/02/2024 07.15,600
22/02/2024 07.30,768
22/02/2024 07.45,900
22/02/2024 08.00,972
22/02/2024 08.15,954
22/02/2024 08.30,600
22/02/2024 08.45,1008
22/02/2024 09.00,1248
22/02/2024 09.15,1146
22/02/2024 09.30,1128
22/02/2024 09.45,1014
22/02/2024 10.00,936
22/02/2024 10.15,948
22/02/2024 10.30,1068
22/02/2024 10.45,1008
22/02/2024 11.00,966
22/02/2024 11.15,1032
22/02/2024 11.30,888
22/02/2024 11.45,618
22/02/2024 12.00,600
22/02/2024 12.15,1230
22/02/2024 12.30,786
22/02/2024 12.45,864
22/02/2024 13.00,816
22/02/2024 13.15,1104
22/02/2024 13.30,1032
22/02/2024 13.45,948
22/02/2024 14.00,1158
22/02/2024 14.15,876
22/02/2024 14.30,1176
22/02/2024 14.45,972
22/02/2024 15.00,834
22/02/2024 15.15,1488
22/02/2024 15.30,1416
22/02/2024 15.45,1254
22/02/2024 16.00,1428
22/02/2024 16.15,1506
22/02/2024 16.30,1728
22/02/2024 16.45,1644
22/02/2024 17.00,1716
22/02/2024 17.15,2016
22/02/2024 17.30,1890
22/02/2024 17.45,1926
22/02/2024 18.00,1872
22/02/2024 18.15,2178
22/02/2024 18.30,2190
22/02/2024 18.45,1968
22/02/2024 19.00,2172
22/02/2024 19.15,2064
22/02/2024 19.30,2106
22/02/2024 19.45,1980
22/02/2024 20.00,2100
22/02/2024 20.15,2148
22/02/2024 20.30,2148
22/02/2024 20.45,2076
22/02/2024 21.00,2106
22/02/2024 21.15,2232
22/02/2024 21.30,2112
22/02/2024 21.45,2010
22/02/2024 22.00,2154
22/02/2024 22.15,2022
22/02/2024 22.30,2040
22/02/2024 22.45,2052
22/02/2024 23.00,2118
22/02/2024 23.15,2094
22/02/2024 23.30,1656
22/02/2024 23.45,1776
23/02/2024 00.00,1878
23/02/2024 00.15,2064
23/02/2024 00.30,1992
23/02/2024 00.45,1986
23/02/2024 01.00,1944
23/02/2024 01.15,1986
23/02/2024 01.30,1956
23/02/2024 01.45,1920
23/02/2024 02.00,2034
23/02/2024 02.15,2118
23/02/2024 02.30,1884
23/02/2024 02.45,1992
23/02/2024 03.00,2004
23/02/2024 03.15,1800
23/02/2024 03.30,2022
23/02/2024 03.45,2034
23/02/2024 04.00,1980
23/02/2024 04.15,1812
23/02/2024 04.30,1614
23/02/2024 04.45,1902
23/02/2024 05.00,2148
23/02/2024 05.15,2106
23/02/2024 05.30,2052
23/02/2024 05.45,1992
23/02/2024 06.00,2124
23/02/2024 06.15,2070
23/02/2024 06.30,1956
23/02/2024 06.45,2064
23/02/2024 07.00,1968
23/02/2024 07.15,1854
23/02/2024 07.30,1758
23/02/2024 07.45,1704
23/02/2024 08.00,1464
23/02/2024 08.15,1380
23/02/2024 08.30,1284
23/02/2024 08.45,1446
23/02/2024 09.00,1308
23/02/2024 09.15,678
23/02/2024 09.30,768
23/02/2024 09.45,1038
23/02/2024 10.00,1140
23/02/2024 10.15,1212
23/02/2024 10.30,1104
23/02/2024 10.45,996
23/02/2024 11.00,888
23/02/2024 11.15,774
23/02/2024 11.30,906
23/02/2024 11.45,774
23/02/2024 12.00,1098
23/02/2024 12.15,888
23/02/2024 12.30,1164
23/02/2024 12.45,1188
23/02/2024 13.00,972
23/02/2024 13.15,972
23/02/2024 13.30,666
23/02/2024 13.45,1248
23/02/2024 14.00,936
23/02/2024 14.15,1014
23/02/2024 14.30,1062
23/02/2024 14.45,1182
23/02/2024 15.00,1284
23/02/2024 15.15,1236
23/02/2024 15.30,1236
23/02/2024 15.45,1542
23/02/2024 16.00,1392
23/02/2024 16.15,1584
23/02/2024 16.30,1644
23/02/2024 16.45,1602
23/02/2024 17.00,1842
23/02/2024 17.15,1764
23/02/2024 17.30,1638
23/02/2024 17.45,1728
23/02/2024 18.00,1992
23/02/2024 18.15,1968
23/02/2024 18.30,1842
23/02/2024 18.45,2004
23/02/2024 19.00,2064
23/02/2024 19.15,2028
23/02/2024 19.30,2124
23/02/2024 19.45,2064
23/02/2024 20.00,2046
23/02/2024 20.15,2010
23/02/2024 20.30,2004
23/02/2024 20.45,2034
23/02/2024 21.00,1818
23/02/2024 21.15,2172
23/02/2024 21.30,2208
23/02/2024 21.45,2076
23/02/2024 22.00,2100
23/02/2024 22.15,2172
23/02/2024 22.30,2130
23/02/2024 22.45,2034
23/02/2024 23.00,2088
23/02/2024 23.15,2004
23/02/2024 23.30,2088
23/02/2024 23.45,2052
24/02/2024 00.00,2160
24/02/2024 00.15,2124
24/02/2024 00.30,2028
24/02/2024 00.45,1986
24/02/2024 01.00,2118
24/02/2024 01.15,2142
24/02/2024 01.30,1806
24/02/2024 01.45,1806
24/02/2024 02.00,2106
24/02/2024 02.15,2052
24/02/2024 02.30,2160
24/02/2024 02.45,1986
24/02/2024 03.00,2022
24/02/2024 03.15,1980
24/02/2024 03.30,2076
24/02/2024 03.45,2124
24/02/2024 04.00,2028
24/02/2024 04.15,1788
24/02/2024 04.30,1992
24/02/2024 04.45,2172
24/02/2024 05.00,990
24/02/2024 05.15,1230
24/02/2024 05.30,1404
24/02/2024 05.45,1590
24/02/2024 06.00,1560
24/02/2024 06.15,1560
24/02/2024 06.30,1596
24/02/2024 06.45,1440
24/02/2024 07.00,1476
24/02/2024 07.15,1680
24/02/2024 07.30,1674
24/02/2024 07.45,1524
24/02/2024 08.00,1488
24/02/2024 08.15,1284
24/02/2024 08.30,1296
24/02/2024 08.45,1344
24/02/2024 09.00,1248
24/02/2024 09.15,1230
24/02/2024 09.30,1152
24/02/2024 09.45,1206
24/02/2024 10.00,1164
24/02/2024 10.15,1218
24/02/2024 10.30,996
24/02/2024 10.45,720
24/02/2024 11.00,756
24/02/2024 11.15,1002
24/02/2024 11.30,864
24/02/2024 11.45,924
24/02/2024 12.00,924
24/02/2024 12.15,804
24/02/2024 12.30,1104
24/02/2024 12.45,1038
24/02/2024 13.00,798
24/02/2024 13.15,858
24/02/2024 13.30,1038
24/02/2024 13.45,996
24/02/2024 14.00,1014
24/02/2024 14.15,984
24/02/2024 14.30,1314
24/02/2024 14.45,1452
24/02/2024 15.00,1212
24/02/2024 15.15,1218
24/02/2024 15.30,1584
24/02/2024 15.45,1500
24/02/2024 16.00,1476
24/02/2024 16.15,1308
24/02/2024 16.30,1590
24/02/2024 16.45,1494
24/02/2024 17.00,1608
24/02/2024 17.15,1698
24/02/2024 17.30,2004
24/02/2024 17.45,1770
24/02/2024 18.00,2028
24/02/2024 18.15,2112
24/02/2024 18.30,1920
24/02/2024 18.45,2022
24/02/2024 19.00,1932
24/02/2024 19.15,1956
24/02/2024 19.30,2106
24/02/2024 19.45,2064
24/02/2024 20.00,1896
24/02/2024 20.15,1770
24/02/2024 20.30,2010
24/02/2024 20.45,1968
24/02/2024 21.00,2076
24/02/2024 21.15,2082
24/02/2024 21.30,2190
24/02/2024 21.45,2076
24/02/2024 22.00,1992
24/02/2024 22.15,1872
24/02/2024 22.30,2118
24/02/2024 22.45,2022
24/02/2024 23.00,2046
24/02/2024 23.15,1800
24/02/2024 23.30,1926
24/02/2024 23.45,2022
25/02/2024 00.00,2028
25/02/2024 00.15,1956
25/02/2024 00.30,1932
25/02/2024 00.45,1914
25/02/2024 01.00,1920
25/02/2024 01.15,1740
25/02/2024 01.30,1836
25/02/2024 01.45,2034
25/02/2024 02.00,1992
25/02/2024 02.15,1800
25/02/2024 02.30,1608
25/02/2024 02.45,1614
25/02/2024 03.00,1488
25/02/2024 03.15,1698
25/02/2024 03.30,1734
25/02/2024 03.45,1908
25/02/2024 04.00,1992
25/02/2024 04.15,1968
25/02/2024 04.30,1980
25/02/2024 04.45,1878
25/02/2024 05.00,2052
25/02/2024 05.15,2004
25/02/2024 05.30,2004
25/02/2024 05.45,2058
25/02/2024 06.00,1848
25/02/2024 06.15,2148
25/02/2024 06.30,2064
25/02/2024 06.45,1914
25/02/2024 07.00,1896
25/02/2024 07.15,1848
25/02/2024 07.30,1728
25/02/2024 07.45,1584
25/02/2024 08.00,1608
25/02/2024 08.15,1536
25/02/2024 08.30,1464
25/02/2024 08.45,1362
25/02/2024 09.00,1326
25/02/2024 09.15,1290
25/02/2024 09.30,1206
25/02/2024 09.45,1164
25/02/2024 10.00,1002
25/02/2024 10.15,1098
25/02/2024 10.30,1014
25/02/2024 10.45,894
25/02/2024 11.00,624
25/02/2024 11.15,792
25/02/2024 11.30,1074
25/02/2024 11.45,906
25/02/2024 12.00,642
25/02/2024 12.15,684
25/02/2024 12.30,738
25/02/2024 12.45,912
25/02/2024 13.00,936
25/02/2024 13.15,918
25/02/2024 13.30,1326
25/02/2024 13.45,1434
25/02/2024 14.00,1008
25/02/2024 14.15,1188
25/02/2024 14.30,1110
25/02/2024 14.45,1164
25/02/2024 15.00,1392
25/02/2024 15.15,1410
25/02/2024 15.30,1374
25/02/2024 15.45,1128
25/02/2024 16.00,1140
25/02/2024 16.15,1026
25/02/2024 16.30,1140
25/02/2024 16.45,1290
25/02/2024 17.00,1230
25/02/2024 17.15,1368
25/02/2024 17.30,1332
25/02/2024 17.45,1122
25/02/2024 18.00,1230
25/02/2024 18.15,1356
25/02/2024 18.30,1362
25/02/2024 18.45,1506
25/02/2024 19.00,1494
25/02/2024 19.15,1452
25/02/2024 19.30,1428
25/02/2024 19.45,1512
25/02/2024 20.00,1626
25/02/2024 20.15,1842
25/02/2024 20.30,1830
25/02/2024 20.45,1830
25/02/2024 21.00,2082
25/02/2024 21.15,2028
25/02/2024 21.30,2088
25/02/2024 21.45,1986
25/02/2024 22.00,2106
25/02/2024 22.15,2094
25/02/2024 22.30,2076
25/02/2024 22.45,2100
25/02/2024 23.00,1980
25/02/2024 23.15,1974
25/02/2024 23.30,1986
25/02/2024 23.45,1836
26/02/2024 00.00,2034
26/02/2024 00.15,1944
26/02/2024 00.30,1968
26/02/2024 00.45,1764
26/02/2024 01.00,1368
26/02/2024 01.15,1164
26/02/2024 01.30,1116
26/02/2024 01.45,1098
26/02/2024 02.00,1080
26/02/2024 02.15,1080
26/02/2024 02.30,1062
26/02/2024 02.45,1098
26/02/2024 03.00,1116
26/02/2024 03.15,1086
26/02/2024 03.30,1080
26/02/2024 03.45,1068
26/02/2024 04.00,1068
26/02/2024 04.15,1086
26/02/2024 04.30,1092
26/02/2024 04.45,1086
26/02/2024 05.00,1104
26/02/2024 05.15,1074
26/02/2024 05.30,1104
26/02/2024 05.45,1116
26/02/2024 06.00,1080
26/02/2024 06.15,1062
26/02/2024 06.30,1068
26/02/2024 06.45,1020
26/02/2024 07.00,912
26/02/2024 07.15,846
26/02/2024 07.30,786
26/02/2024 07.45,516
26/02/2024 08.00,90
26/02/2024 08.15,30
26/02/2024 08.30,0
26/02/2024 08.45,12
26/02/2024 09.00,12
26/02/2024 09.15,12
26/02/2024 09.30,12
26/02/2024 09.45,12
26/02/2024 10.00,12
26/02/2024 10.15,12
26/02/2024 10.30,12
26/02/2024 10.45,12
26/02/2024 11.00,12
26/02/2024 11.15,12
26/02/2024 11.30,12
26/02/2024 11.45,12
26/02/2024 12.00,0
26/02/2024 12.15,0
26/02/2024 12.30,0
26/02/2024 12.45,0
26/02/2024 13.00,12
26/02/2024 13.15,12
26/02/2024 13.30,6
26/02/2024 13.45,6
26/02/2024 14.00,6
26/02/2024 14.15,24
26/02/2024 14.30,6
26/02/2024 14.45,6
26/02/2024 15.00,18
26/02/2024 15.15,12
26/02/2024 15.30,0
26/02/2024 15.45,0
26/02/2024 16.00,0
26/02/2024 16.15,0
26/02/2024 16.30,6
26/02/2024 16.45,42
26/02/2024 17.00,102
26/02/2024 17.15,174
26/02/2024 17.30,228
26/02/2024 17.45,282
26/02/2024 18.00,306
26/02/2024 18.15,312
26/02/2024 18.30,330
26/02/2024 18.45,336
26/02/2024 19.00,330
26/02/2024 19.15,342
26/02/2024 19.30,324
26/02/2024 19.45,324
26/02/2024 20.00,348
26/02/2024 20.15,336
26/02/2024 20.30,330
26/02/2024 20.45,336
26/02/2024 21.00,336
26/02/2024 21.15,336
26/02/2024 21.30,330
26/02/2024 21.45,330
26/02/2024 22.00,318
26/02/2024 22.15,312
26/02/2024 22.30,294
26/02/2024 22.45,318
26/02/2024 23.00,312
26/02/2024 23.15,336
26/02/2024 23.30,336
26/02/2024 23.45,324
27/02/2024 00.00,324
27/02/2024 00.15,330
27/02/2024 00.30,312
27/02/2024 00.45,294
27/02/2024 01.00,312
27/02/2024 01.15,318
27/02/2024 01.30,324
27/02/2024 01.45,300
27/02/2024 02.00,282
27/02/2024 02.15,282
27/02/2024 02.30,300
27/02/2024 02.45,306
27/02/2024 03.00,288
27/02/2024 03.15,288
27/02/2024 03.30,312
27/02/2024 03.45,288
27/02/2024 04.00,288
27/02/2024 04.15,288
27/02/2024 04.30,306
27/02/2024 04.45,300
27/02/2024 05.00,306
27/02/2024 05.15,312
27/02/2024 05.30,306
27/02/2024 05.45,306
27/02/2024 06.00,306
27/02/2024 06.15,312
27/02/2024 06.30,264
27/02/2024 06.45,228
27/02/2024 07.00,198
27/02/2024 07.15,102
27/02/2024 07.30,42
27/02/2024 07.45,12
27/02/2024 08.00,0
27/02/2024 08.15,6
27/02/2024 08.30,24
27/02/2024 08.45,24
27/02/2024 09.00,24
27/02/2024 09.15,18
27/02/2024 09.30,12
27/02/2024 09.45,12
27/02/2024 10.00,12
27/02/2024 10.15,12
27/02/2024 10.30,12
27/02/2024 10.45,0
27/02/2024 11.00,12
27/02/2024 11.15,0
27/02/2024 11.30,0
27/02/2024 11.45,0
27/02/2024 12.00,0
27/02/2024 12.15,0
27/02/2024 12.30,0
27/02/2024 12.45,0
27/02/2024 13.00,12
27/02/2024 13.15,24
27/02/2024 13.30,6
27/02/2024 13.45,24
27/02/2024 14.00,12
27/02/2024 14.15,12
27/02/2024 14.30,36
27/02/2024 14.45,12
27/02/2024 15.00,12
27/02/2024 15.15,0
27/02/2024 15.30,12
27/02/2024 15.45,30
27/02/2024 16.00,72
27/02/2024 16.15,204
27/02/2024 16.30,204
27/02/2024 16.45,108
27/02/2024 17.00,0
27/02/2024 17.15,78
27/02/2024 17.30,150
27/02/2024 17.45,216
27/02/2024 18.00,270
27/02/2024 18.15,300
27/02/2024 18.30,300
27/02/2024 18.45,300
27/02/2024 19.00,294
27/02/2024 19.15,282
27/02/2024 19.30,294
27/02/2024 19.45,282
27/02/2024 20.00,276
27/02/2024 20.15,318
27/02/2024 20.30,300
27/02/2024 20.45,300
27/02/2024 21.00,318
27/02/2024 21.15,306
27/02/2024 21.30,318
27/02/2024 21.45,312
27/02/2024 22.00,300
27/02/2024 22.15,288
27/02/2024 22.30,276
27/02/2024 22.45,282
27/02/2024 23.00,282
27/02/2024 23.15,288
27/02/2024 23.30,282
27/02/2024 23.45,288
28/02/2024 00.00,300
28/02/2024 00.15,282
28/02/2024 00.30,288
28/02/2024 00.45,288
28/02/2024 01.00,288
28/02/2024 01.15,300
28/02/2024 01.30,288
28/02/2024 01.45,276
28/02/2024 02.00,264
28/02/2024 02.15,246
28/02/2024 02.30,270
28/02/2024 02.45,264
28/02/2024 03.00,258
28/02/2024 03.15,264
28/02/2024 03.30,246
28/02/2024 03.45,276
28/02/2024 04.00,264
28/02/2024 04.15,252
28/02/2024 04.30,288
28/02/2024 04.45,264
28/02/2024 05.00,264
28/02/2024 05.15,270
28/02/2024 05.30,258
28/02/2024 05.45,264
28/02/2024 06.00,264
28/02/2024 06.15,246
28/02/2024 06.30,240
28/02/2024 06.45,216
28/02/2024 07.00,168
28/02/2024 07.15,78
28/02/2024 07.30,24
28/02/2024 07.45,0
28/02/2024 08.00,0
28/02/2024 08.15,12
28/02/2024 08.30,12
28/02/2024 08.45,30
28/02/2024 09.00,12
28/02/2024 09.15,18
28/02/2024 09.30,0
28/02/2024 09.45,6
28/02/2024 10.00,6
28/02/2024 10.15,24
28/02/2024 10.30,0
28/02/2024 10.45,0
28/02/2024 11.00,6
28/02/2024 11.15,24
28/02/2024 11.30,18
28/02/2024 11.45,6
28/02/2024 12.00,0
28/02/2024 12.15,0
28/02/2024 12.30,0
28/02/2024 12.45,0
28/02/2024 13.00,18
28/02/2024 13.15,6
28/02/2024 13.30,12
28/02/2024 13.45,6
28/02/2024 14.00,84
28/02/2024 14.15,48
28/02/2024 14.30,18
28/02/2024 14.45,0
28/02/2024 15.00,6
28/02/2024 15.15,12
28/02/2024 15.30,36
28/02/2024 15.45,12
28/02/2024 16.00,0
28/02/2024 16.15,24
28/02/2024 16.30,0
28/02/2024 16.45,12
28/02/2024 17.00,78
28/02/2024 17.15,150
28/02/2024 17.30,222
28/02/2024 17.45,246
28/02/2024 18.00,276
28/02/2024 18.15,294
28/02/2024 18.30,300
28/02/2024 18.45,294
28/02/2024 19.00,294
28/02/2024 19.15,294
28/02/2024 19.30,294
28/02/2024 19.45,300
28/02/2024 20.00,300
28/02/2024 20.15,294
28/02/2024 20.30,306
28/02/2024 20.45,306
28/02/2024 21.00,306
28/02/2024 21.15,282
28/02/2024 21.30,306
28/02/2024 21.45,294
28/02/2024 22.00,300
28/02/2024 22.15,324
28/02/2024 22.30,324
28/02/2024 22.45,312
28/02/2024 23.00,300
28/02/2024 23.15,330
28/02/2024 23.30,318
28/02/2024 23.45,312
29/02/2024 00.00,288
29/02/2024 00.15,306
29/02/2024 00.30,294
29/02/2024 00.45,288
29/02/2024 01.00,288
29/02/2024 01.15,288
29/02/2024 01.30,312
29/02/2024 01.45,300
29/02/2024 02.00,240
29/02/2024 02.15,264
29/02/2024 02.30,276
29/02/2024 02.45,270
29/02/2024 03.00,252
29/02/2024 03.15,264
29/02/2024 03.30,276
29/02/2024 03.45,282
29/02/2024 04.00,270
29/02/2024 04.15,246
29/02/2024 04.30,288
29/02/2024 04.45,294
29/02/2024 05.00,300
29/02/2024 05.15,300
29/02/2024 05.30,288
29/02/2024 05.45,294
29/02/2024 06.00,282
29/02/2024 06.15,276
29/02/2024 06.30,300
29/02/2024 06.45,228
29/02/2024 07.00,126
29/02/2024 07.15,120
29/02/2024 07.30,54
29/02/2024 07.45,6
29/02/2024 08.00,0
29/02/2024 08.15,36
29/02/2024 08.30,24
29/02/2024 08.45,36
29/02/2024 09.00,18
29/02/2024 09.15,30
29/02/2024 09.30,24
29/02/2024 09.45,24
29/02/2024 10.00,30
29/02/2024 10.15,30
29/02/2024 10.30,24
29/02/2024 10.45,24
29/02/2024 11.00,30
29/02/2024 11.15,30
29/02/2024 11.30,24
29/02/2024 11.45,24
29/02/2024 12.00,12
29/02/2024 12.15,24
29/02/2024 12.30,12
29/02/2024 12.45,12
29/02/2024 13.00,12
29/02/2024 13.15,30
29/02/2024 13.30,42
29/02/2024 13.45,12
29/02/2024 14.00,12
29/02/2024 14.15,24
29/02/2024 14.30,138
29/02/2024 14.45,24
29/02/2024 15.00,24
29/02/2024 15.15,24
29/02/2024 15.30,18
29/02/2024 15.45,24
29/02/2024 16.00,24
29/02/2024 16.15,30
29/02/2024 16.30,0
29/02/2024 16.45,0
29/02/2024 17.00,60
29/02/2024 17.15,144
29/02/2024 17.30,192
29/02/2024 17.45,258
29/02/2024 18.00,270
29/02/2024 18.15,300
29/02/2024 18.30,294
29/02/2024 18.45,294
29/02/2024 19.00,300
29/02/2024 19.15,288
29/02/2024 19.30,294
29/02/2024 19.45,276
29/02/2024 20.00,288
29/02/2024 20.15,282
29/02/2024 20.30,270
29/02/2024 20.45,282
29/02/2024 21.00,270
29/02/2024 21.15,276
29/02/2024 21.30,282
29/02/2024 21.45,288
29/02/2024 22.00,300
29/02/2024 22.15,312
29/02/2024 22.30,300
29/02/2024 22.45,306
29/02/2024 23.00,300
29/02/2024 23.15,300
29/02/2024 23.30,300
29/02/2024 23.45,312
01/03/2024 00.00,300
01/03/2024 00.15,300
01/03/2024 00.30,288
01/03/2024 00.45,282
01/03/2024 01.00,288
01/03/2024 01.15,276
01/03/2024 01.30,276
01/03/2024 01.45,270
01/03/2024 02.00,234
01/03/2024 02.15,234
01/03/2024 02.30,240
01/03/2024 02.45,222
01/03/2024 03.00,228
01/03/2024 03.15,228
01/03/2024 03.30,216
01/03/2024 03.45,216
01/03/2024 04.00,216
01/03/2024 04.15,216
01/03/2024 04.30,258
01/03/2024 04.45,270
01/03/2024 05.00,270
01/03/2024 05.15,270
01/03/2024 05.30,258
01/03/2024 05.45,264
01/03/2024 06.00,276
01/03/2024 06.15,270
01/03/2024 06.30,252
01/03/2024 06.45,210
01/03/2024 07.00,168
01/03/2024 07.15,102
01/03/2024 07.30,24
01/03/2024 07.45,0
01/03/2024 08.00,0
01/03/2024 08.15,18
01/03/2024 08.30,18
01/03/2024 08.45,18
01/03/2024 09.00,24
01/03/2024 09.15,18
01/03/2024 09.30,18
01/03/2024 09.45,18
01/03/2024 10.00,18
01/03/2024 10.15,24
01/03/2024 10.30,12
01/03/2024 10.45,12
01/03/2024 11.00,12
01/03/2024 11.15,18
01/03/2024 11.30,24
01/03/2024 11.45,18
01/03/2024 12.00,0
01/03/2024 12.15,12
01/03/2024 12.30,12
01/03/2024 12.45,12
01/03/2024 13.00,30
01/03/2024 13.15,18
01/03/2024 13.30,108
01/03/2024 13.45,138
01/03/2024 14.00,24
01/03/2024 14.15,78
01/03/2024 14.30,54
01/03/2024 14.45,12
01/03/2024 15.00,18
01/03/2024 15.15,18
01/03/2024 15.30,0
01/03/2024 15.45,6
01/03/2024 16.00,0
01/03/2024 16.15,6
01/03/2024 16.30,0
01/03/2024 16.45,0
01/03/2024 17.00,36
01/03/2024 17.15,84
01/03/2024 17.30,132
01/03/2024 17.45,210
01/03/2024 18.00,270
01/03/2024 18.15,288
01/03/2024 18.30,282
01/03/2024 18.45,288
01/03/2024 19.00,276
01/03/2024 19.15,288
01/03/2024 19.30,288
01/03/2024 19.45,288
01/03/2024 20.00,384
01/03/2024 20.15,480
01/03/2024 20.30,492
01/03/2024 20.45,498
01/03/2024 21.00,492
01/03/2024 21.15,768
01/03/2024 21.30,1500
01/03/2024 21.45,1698
01/03/2024 22.00,1590
01/03/2024 22.15,1482
01/03/2024 22.30,1482
01/03/2024 22.45,1470
01/03/2024 23.00,1578
01/03/2024 23.15,1962
01/03/2024 23.30,2010
01/03/2024 23.45,2418
02/03/2024 00.00,2292
02/03/2024 00.15,2586
02/03/2024 00.30,2532
02/03/2024 00.45,2652
02/03/2024 01.00,2634
02/03/2024 01.15,2610
02/03/2024 01.30,2628
02/03/2024 01.45,2568
02/03/2024 02.00,2568
02/03/2024 02.15,2616
02/03/2024 02.30,2580
02/03/2024 02.45,2550
02/03/2024 03.00,2544
02/03/2024 03.15,2562
02/03/2024 03.30,2586
02/03/2024 03.45,2538
02/03/2024 04.00,2604
02/03/2024 04.15,2412
02/03/2024 04.30,1608
02/03/2024 04.45,1116
02/03/2024 05.00,1032
02/03/2024 05.15,756
02/03/2024 05.30,642
02/03/2024 05.45,612
02/03/2024 06.00,648
02/03/2024 06.15,636
02/03/2024 06.30,1098
02/03/2024 06.45,1272
02/03/2024 07.00,1260
02/03/2024 07.15,1686
02/03/2024 07.30,1614
02/03/2024 07.45,1524
02/03/2024 08.00,1368
02/03/2024 08.15,1452
02/03/2024 08.30,1932
02/03/2024 08.45,1956
02/03/2024 09.00,1782
02/03/2024 09.15,1800
02/03/2024 09.30,1788
02/03/2024 09.45,1728
02/03/2024 10.00,1632
02/03/2024 10.15,1470
02/03/2024 10.30,1572
02/03/2024 10.45,1506
02/03/2024 11.00,1314
02/03/2024 11.15,960
02/03/2024 11.30,1284
02/03/2024 11.45,1278
02/03/2024 12.00,1314
02/03/2024 12.15,1146
02/03/2024 12.30,1332
02/03/2024 12.45,1212
02/03/2024 13.00,942
02/03/2024 13.15,1254
02/03/2024 13.30,1596
02/03/2024 13.45,1704
02/03/2024 14.00,1692
02/03/2024 14.15,1770
02/03/2024 14.30,1716
02/03/2024 14.45,1230
02/03/2024 15.00,1104
02/03/2024 15.15,1332
02/03/2024 15.30,1260
02/03/2024 15.45,1410
02/03/2024 16.00,1944
02/03/2024 16.15,2154
02/03/2024 16.30,2376
02/03/2024 16.45,2184
02/03/2024 17.00,1908
02/03/2024 17.15,1932
02/03/2024 17.30,2484
02/03/2024 17.45,2544
02/03/2024 18.00,2760
02/03/2024 18.15,2556
02/03/2024 18.30,2742
02/03/2024 18.45,2910
02/03/2024 19.00,2886
02/03/2024 19.15,2874
02/03/2024 19.30,2772
02/03/2024 19.45,2724
02/03/2024 20.00,2652
02/03/2024 20.15,2826
02/03/2024 20.30,2772
02/03/2024 20.45,2862
02/03/2024 21.00,2862
02/03/2024 21.15,2718
02/03/2024 21.30,2220
02/03/2024 21.45,2436
02/03/2024 22.00,2490
02/03/2024 22.15,2292
02/03/2024 22.30,2250
02/03/2024 22.45,2100
02/03/2024 23.00,2208
02/03/2024 23.15,2310
02/03/2024 23.30,2358
02/03/2024 23.45,2604
03/03/2024 00.00,2592
03/03/2024 00.15,2676
03/03/2024 00.30,2646
03/03/2024 00.45,2616
03/03/2024 01.00,2280
03/03/2024 01.15,2820
03/03/2024 01.30,2616
03/03/2024 01.45,2658
03/03/2024 02.00,2664
03/03/2024 02.15,2760
03/03/2024 02.30,2520
03/03/2024 02.45,2292
03/03/2024 03.00,2172
03/03/2024 03.15,2274
03/03/2024 03.30,2112
03/03/2024 03.45,2238
03/03/2024 04.00,2676
03/03/2024 04.15,2544
03/03/2024 04.30,2256
03/03/2024 04.45,2160
03/03/2024 05.00,2652
03/03/2024 05.15,2628
03/03/2024 05.30,2736
03/03/2024 05.45,2538
03/03/2024 06.00,2604
03/03/2024 06.15,2736
03/03/2024 06.30,2580
03/03/2024 06.45,1770
03/03/2024 07.00,1722
03/03/2024 07.15,1656
03/03/2024 07.30,2100
03/03/2024 07.45,2094
03/03/2024 08.00,1896
03/03/2024 08.15,1848
03/03/2024 08.30,1752
03/03/2024 08.45,1740
03/03/2024 09.00,1692
03/03/2024 09.15,1764
03/03/2024 09.30,1440
03/03/2024 09.45,1344
03/03/2024 10.00,1236
03/03/2024 10.15,1080
03/03/2024 10.30,1356
03/03/2024 10.45,1488
03/03/2024 11.00,1356
03/03/2024 11.15,1344
03/03/2024 11.30,1092
03/03/2024 11.45,1032
03/03/2024 12.00,1416
03/03/2024 12.15,1440
03/03/2024 12.30,1404
03/03/2024 12.45,1416
03/03/2024 13.00,1416
03/03/2024 13.15,1416
03/03/2024 13.30,1554
03/03/2024 13.45,1662
03/03/2024 14.00,1668
03/03/2024 14.15,1692
03/03/2024 14.30,1728
03/03/2024 14.45,1392
03/03/2024 15.00,1230
03/03/2024 15.15,1224
03/03/2024 15.30,1446
03/03/2024 15.45,1476
03/03/2024 16.00,2046
03/03/2024 16.15,2358
03/03/2024 16.30,2268
03/03/2024 16.45,2322
03/03/2024 17.00,2448
03/03/2024 17.15,2610
03/03/2024 17.30,2880
03/03/2024 17.45,2622
03/03/2024 18.00,2256
03/03/2024 18.15,2358
03/03/2024 18.30,2382
03/03/2024 18.45,2226
03/03/2024 19.00,2226
03/03/2024 19.15,2592
03/03/2024 19.30,2820
03/03/2024 19.45,2550
03/03/2024 20.00,2544
03/03/2024 20.15,3000
03/03/2024 20.30,3264
03/03/2024 20.45,3420
03/03/2024 21.00,3732
03/03/2024 21.15,3948
03/03/2024 21.30,4272
03/03/2024 21.45,4104
03/03/2024 22.00,4428
03/03/2024 22.15,4236
03/03/2024 22.30,3894
03/03/2024 22.45,3978
03/03/2024 23.00,3936
03/03/2024 23.15,3696
03/03/2024 23.30,3720
03/03/2024 23.45,3828
04/03/2024 00.00,3798
04/03/2024 00.15,3798
04/03/2024 00.30,4272
04/03/2024 00.45,4398
04/03/2024 01.00,4296
04/03/2024 01.15,4338
04/03/2024 01.30,4338
04/03/2024 01.45,4266
04/03/2024 02.00,4242
04/03/2024 02.15,4230
04/03/2024 02.30,4206
04/03/2024 02.45,4116
04/03/2024 03.00,3792
04/03/2024 03.15,3348
04/03/2024 03.30,3246
04/03/2024 03.45,3270
04/03/2024 04.00,3336
04/03/2024 04.15,3408
04/03/2024 04.30,3552
04/03/2024 04.45,3708
04/03/2024 05.00,3606
04/03/2024 05.15,3636
04/03/2024 05.30,3198
04/03/2024 05.45,3414
04/03/2024 06.00,3588
04/03/2024 06.15,3948
04/03/2024 06.30,4248
04/03/2024 06.45,3852
04/03/2024 07.00,3810
04/03/2024 07.15,3612
04/03/2024 07.30,3750
04/03/2024 07.45,3660
04/03/2024 08.00,3510
04/03/2024 08.15,3198
04/03/2024 08.30,3396
04/03/2024 08.45,3372
04/03/2024 09.00,3228
04/03/2024 09.15,3156
04/03/2024 09.30,2820
04/03/2024 09.45,2580
04/03/2024 10.00,2784
04/03/2024 10.15,2628
04/03/2024 10.30,2460
04/03/2024 10.45,2496
04/03/2024 11.00,2472
04/03/2024 11.15,2880
04/03/2024 11.30,3180
04/03/2024 11.45,3000
04/03/2024 12.00,2520
04/03/2024 12.15,2946
04/03/2024 12.30,2670
04/03/2024 12.45,2220
04/03/2024 13.00,2406
04/03/2024 13.15,2460
04/03/2024 13.30,2580
04/03/2024 13.45,2718
04/03/2024 14.00,3954
04/03/2024 14.15,3828
04/03/2024 14.30,3072
04/03/2024 14.45,3078
04/03/2024 15.00,3102
04/03/2024 15.15,3708
04/03/2024 15.30,4152
04/03/2024 15.45,3528
04/03/2024 16.00,2766
04/03/2024 16.15,3156
04/03/2024 16.30,3630
04/03/2024 16.45,3792
04/03/2024 17.00,3870
04/03/2024 17.15,3708
04/03/2024 17.30,3732
04/03/2024 17.45,4008
04/03/2024 18.00,4278
04/03/2024 18.15,4524
04/03/2024 18.30,4818
04/03/2024 18.45,4626
04/03/2024 19.00,4584
04/03/2024 19.15,4572
04/03/2024 19.30,4620
04/03/2024 19.45,4362
04/03/2024 20.00,4362
04/03/2024 20.15,4452
04/03/2024 20.30,4518
04/03/2024 20.45,4116
04/03/2024 21.00,4332
04/03/2024 21.15,4296
04/03/2024 21.30,4326
04/03/2024 21.45,4374
04/03/2024 22.00,4392
04/03/2024 22.15,3930
04/03/2024 22.30,4050
04/03/2024 22.45,4452
04/03/2024 23.00,4464
04/03/2024 23.15,4572
04/03/2024 23.30,4572
04/03/2024 23.45,4344
05/03/2024 00.00,4506
05/03/2024 00.15,4422
05/03/2024 00.30,4302
05/03/2024 00.45,4518
05/03/2024 01.00,4092
05/03/2024 01.15,3930
05/03/2024 01.30,4272
05/03/2024 01.45,4530
05/03/2024 02.00,4476
05/03/2024 02.15,4392
05/03/2024 02.30,4392
05/03/2024 02.45,4374
05/03/2024 03.00,4434
05/03/2024 03.15,4398
05/03/2024 03.30,4284
05/03/2024 03.45,4500
05/03/2024 04.00,4536
05/03/2024 04.15,4194
05/03/2024 04.30,4326
05/03/2024 04.45,4002
05/03/2024 05.00,3894
05/03/2024 05.15,3852
05/03/2024 05.30,4248
05/03/2024 05.45,4146
05/03/2024 06.00,4392
05/03/2024 06.15,4008
05/03/2024 06.30,4074
05/03/2024 06.45,4164
05/03/2024 07.00,4152
05/03/2024 07.15,4062
05/03/2024 07.30,3834
05/03/2024 07.45,3666
05/03/2024 08.00,3300
05/03/2024 08.15,3402
05/03/2024 08.30,3306
05/03/2024 08.45,3252
05/03/2024 09.00,3060
05/03/2024 09.15,2622
05/03/2024 09.30,1872
05/03/2024 09.45,2148
05/03/2024 10.00,2082
05/03/2024 10.15,1728
05/03/2024 10.30,2232
05/03/2024 10.45,2508
05/03/2024 11.00,2688
05/03/2024 11.15,2454
05/03/2024 11.30,2514
05/03/2024 11.45,1812
05/03/2024 12.00,1548
05/03/2024 12.15,2232
05/03/2024 12.30,2424
05/03/2024 12.45,1962
05/03/2024 13.00,2064
05/03/2024 13.15,1806
05/03/2024 13.30,2400
05/03/2024 13.45,2106
05/03/2024 14.00,1920
05/03/2024 14.15,3042
05/03/2024 14.30,3432
05/03/2024 14.45,2970
05/03/2024 15.00,3204
05/03/2024 15.15,3786
05/03/2024 15.30,3252
05/03/2024 15.45,3120
05/03/2024 16.00,3402
05/03/2024 16.15,3432
05/03/2024 16.30,3390
05/03/2024 16.45,3804
05/03/2024 17.00,4200
05/03/2024 17.15,4236
05/03/2024 17.30,4428
05/03/2024 17.45,4122
05/03/2024 18.00,4422
05/03/2024 18.15,4620
05/03/2024 18.30,3984
05/03/2024 18.45,4008
05/03/2024 19.00,3972
05/03/2024 19.15,4242
05/03/2024 19.30,4416
05/03/2024 19.45,4050
05/03/2024 20.00,3792
05/03/2024 20.15,3480
05/03/2024 20.30,3480
05/03/2024 20.45,3534
05/03/2024 21.00,4164
05/03/2024 21.15,4164
05/03/2024 21.30,4062
05/03/2024 21.45,4134
05/03/2024 22.00,4326
05/03/2024 22.15,4494
05/03/2024 22.30,4548
05/03/2024 22.45,4506
05/03/2024 23.00,4644
05/03/2024 23.15,4614
05/03/2024 23.30,4548
05/03/2024 23.45,4356
06/03/2024 00.00,4398
06/03/2024 00.15,4362
06/03/2024 00.30,4302
06/03/2024 00.45,4398
06/03/2024 01.00,4452
06/03/2024 01.15,4266
06/03/2024 01.30,4242
06/03/2024 01.45,4188
06/03/2024 02.00,4182
06/03/2024 02.15,3708
06/03/2024 02.30,3264
06/03/2024 02.45,2274
06/03/2024 03.00,2016
06/03/2024 03.15,2994
06/03/2024 03.30,3408
06/03/2024 03.45,3288
06/03/2024 04.00,2820
06/03/2024 04.15,2532
06/03/2024 04.30,2508
06/03/2024 04.45,2412
06/03/2024 05.00,2316
06/03/2024 05.15,2208
06/03/2024 05.30,2334
06/03/2024 05.45,2328
06/03/2024 06.00,2580
06/03/2024 06.15,2868
06/03/2024 06.30,3120
06/03/2024 06.45,3108
06/03/2024 07.00,2886
06/03/2024 07.15,2652
06/03/2024 07.30,2388
06/03/2024 07.45,2088
06/03/2024 08.00,2118
06/03/2024 08.15,1968
06/03/2024 08.30,1452
06/03/2024 08.45,1272
06/03/2024 09.00,1440
06/03/2024 09.15,984
06/03/2024 09.30,972
06/03/2024 09.45,876
06/03/2024 10.00,1332
06/03/2024 10.15,1596
06/03/2024 10.30,1320
06/03/2024 10.45,1428
06/03/2024 11.00,1548
06/03/2024 11.15,1464
06/03/2024 11.30,1458
06/03/2024 11.45,1632
06/03/2024 12.00,1692
06/03/2024 12.15,2100
06/03/2024 12.30,1554
06/03/2024 12.45,2448
06/03/2024 13.00,2436
06/03/2024 13.15,2418
06/03/2024 13.30,1482
06/03/2024 13.45,816
06/03/2024 14.00,768
06/03/2024 14.15,636
06/03/2024 14.30,732
06/03/2024 14.45,768
06/03/2024 15.00,1386
06/03/2024 15.15,2166
06/03/2024 15.30,2952
06/03/2024 15.45,3354
06/03/2024 16.00,3252
06/03/2024 16.15,3264
06/03/2024 16.30,3384
06/03/2024 16.45,3480
06/03/2024 17.00,3600
06/03/2024 17.15,4302
06/03/2024 17.30,4674
06/03/2024 17.45,4728
06/03/2024 18.00,4572
06/03/2024 18.15,4500
06/03/2024 18.30,4218
06/03/2024 18.45,4350
06/03/2024 19.00,4584
06/03/2024 19.15,4734
06/03/2024 19.30,4458
06/03/2024 19.45,4230
06/03/2024 20.00,4230
06/03/2024 20.15,4566
06/03/2024 20.30,4548
06/03/2024 20.45,4206
06/03/2024 21.00,3990
06/03/2024 21.15,4002
06/03/2024 21.30,4422
06/03/2024 21.45,4230
06/03/2024 22.00,4386
06/03/2024 22.15,4380
06/03/2024 22.30,4632
06/03/2024 22.45,4494
06/03/2024 23.00,3990
06/03/2024 23.15,3948
06/03/2024 23.30,3960
06/03/2024 23.45,4002
07/03/2024 00.00,4614
07/03/2024 00.15,4518
07/03/2024 00.30,4314
07/03/2024 00.45,4368
07/03/2024 01.00,4248
07/03/2024 01.15,4230
07/03/2024 01.30,4332
07/03/2024 01.45,4350
07/03/2024 02.00,4266
07/03/2024 02.15,4446
07/03/2024 02.30,3702
07/03/2024 02.45,3990
07/03/2024 03.00,4368
07/03/2024 03.15,4464
07/03/2024 03.30,4248
07/03/2024 03.45,4062
07/03/2024 04.00,4266
07/03/2024 04.15,4260
07/03/2024 04.30,4026
07/03/2024 04.45,3978
07/03/2024 05.00,3894
07/03/2024 05.15,3474
07/03/2024 05.30,3534
07/03/2024 05.45,4152
07/03/2024 06.00,3978
07/03/2024 06.15,3546
07/03/2024 06.30,3432
07/03/2024 06.45,3012
07/03/2024 07.00,2928
07/03/2024 07.15,2502
07/03/2024 07.30,2124
07/03/2024 07.45,2196
07/03/2024 08.00,2418
07/03/2024 08.15,2340
07/03/2024 08.30,2496
07/03/2024 08.45,2940
07/03/2024 09.00,3240
07/03/2024 09.15,2802
07/03/2024 09.30,3414
07/03/2024 09.45,3522
07/03/2024 10.00,3534
07/03/2024 10.15,3390
07/03/2024 10.30,2724
07/03/2024 10.45,3402
07/03/2024 11.00,2886
07/03/2024 11.15,2646
07/03/2024 11.30,2862
07/03/2024 11.45,2952
07/03/2024 12.00,2688
07/03/2024 12.15,2514
07/03/2024 12.30,2796
07/03/2024 12.45,3648
07/03/2024 13.00,3414
07/03/2024 13.15,3372
07/03/2024 13.30,3360
07/03/2024 13.45,2916
07/03/2024 14.00,3312
07/03/2024 14.15,3348
07/03/2024 14.30,3324
07/03/2024 14.45,3552
07/03/2024 15.00,3672
07/03/2024 15.15,4050
07/03/2024 15.30,3552
07/03/2024 15.45,3156
07/03/2024 16.00,3300
07/03/2024 16.15,3228
07/03/2024 16.30,3282
07/03/2024 16.45,3438
07/03/2024 17.00,3702
07/03/2024 17.15,4008
07/03/2024 17.30,4524
07/03/2024 17.45,4536
07/03/2024 18.00,4446
07/03/2024 18.15,4644
07/03/2024 18.30,4614
07/03/2024 18.45,4350
07/03/2024 19.00,4590
07/03/2024 19.15,4608
07/03/2024 19.30,4470
07/03/2024 19.45,4380
07/03/2024 20.00,4344
07/03/2024 20.15,4200
07/03/2024 20.30,4146
07/03/2024 20.45,4236
07/03/2024 21.00,4248
07/03/2024 21.15,4104
07/03/2024 21.30,3978
07/03/2024 21.45,3960
07/03/2024 22.00,3420
07/03/2024 22.15,3624
07/03/2024 22.30,4050
07/03/2024 22.45,4068
07/03/2024 23.00,4038
07/03/2024 23.15,4104
07/03/2024 23.30,3984
07/03/2024 23.45,4062
08/03/2024 00.00,4356
08/03/2024 00.15,4284
08/03/2024 00.30,4572
08/03/2024 00.45,4344
08/03/2024 01.00,4278
08/03/2024 01.15,4512
08/03/2024 01.30,4500
08/03/2024 01.45,3720
08/03/2024 02.00,3150
08/03/2024 02.15,3060
08/03/2024 02.30,3078
08/03/2024 02.45,3090
08/03/2024 03.00,2982
08/03/2024 03.15,2982
08/03/2024 03.30,2940
08/03/2024 03.45,2934
08/03/2024 04.00,2904
08/03/2024 04.15,2928
08/03/2024 04.30,2928
08/03/2024 04.45,2940
08/03/2024 05.00,2982
08/03/2024 05.15,3018
08/03/2024 05.30,3024
08/03/2024 05.45,2868
08/03/2024 06.00,3000
08/03/2024 06.15,2886
08/03/2024 06.30,2814
08/03/2024 06.45,2934
08/03/2024 07.00,2766
08/03/2024 07.15,2076
08/03/2024 07.30,1884
08/03/2024 07.45,1410
08/03/2024 08.00,1350
08/03/2024 08.15,1560
08/03/2024 08.30,1332
08/03/2024 08.45,1260
08/03/2024 09.00,1248
08/03/2024 09.15,1224
08/03/2024 09.30,1218
08/03/2024 09.45,1374
08/03/2024 10.00,1284
08/03/2024 10.15,1302
08/03/2024 10.30,1302
08/03/2024 10.45,1470
08/03/2024 11.00,1332
08/03/2024 11.15,1482
08/03/2024 11.30,1260
08/03/2024 11.45,1134
08/03/2024 12.00,996
08/03/2024 12.15,768
08/03/2024 12.30,978
08/03/2024 12.45,822
08/03/2024 13.00,768
08/03/2024 13.15,624
08/03/2024 13.30,1104
08/03/2024 13.45,984
08/03/2024 14.00,1116
08/03/2024 14.15,1044
08/03/2024 14.30,912
08/03/2024 14.45,1086
08/03/2024 15.00,1344
08/03/2024 15.15,1248
08/03/2024 15.30,1566
08/03/2024 15.45,1524
08/03/2024 16.00,1572
08/03/2024 16.15,1482
08/03/2024 16.30,1404
08/03/2024 16.45,1740
08/03/2024 17.00,1926
08/03/2024 17.15,1992
08/03/2024 17.30,1890
08/03/2024 17.45,1944
08/03/2024 18.00,2076
08/03/2024 18.15,2118
08/03/2024 18.30,2028
08/03/2024 18.45,2106
08/03/2024 19.00,2034
08/03/2024 19.15,2064
08/03/2024 19.30,2004
08/03/2024 19.45,2106
08/03/2024 20.00,2004
08/03/2024 20.15,1992
08/03/2024 20.30,1962
08/03/2024 20.45,2076
08/03/2024 21.00,2118
08/03/2024 21.15,2160
08/03/2024 21.30,2214
08/03/2024 21.45,2070
08/03/2024 22.00,2154
08/03/2024 22.15,2064
08/03/2024 22.30,2082
08/03/2024 22.45,2076
08/03/2024 23.00,2190
08/03/2024 23.15,2004
08/03/2024 23.30,2106
08/03/2024 23.45,2190
09/03/2024 00.00,2088
09/03/2024 00.15,2106
09/03/2024 00.30,2130
09/03/2024 00.45,1986
09/03/2024 01.00,2004
09/03/2024 01.15,1962
09/03/2024 01.30,2112
09/03/2024 01.45,2046
09/03/2024 02.00,2040
09/03/2024 02.15,2094
09/03/2024 02.30,2136
09/03/2024 02.45,2046
09/03/2024 03.00,2106
09/03/2024 03.15,2208
09/03/2024 03.30,2160
09/03/2024 03.45,2004
09/03/2024 04.00,1980
09/03/2024 04.15,2154
09/03/2024 04.30,2112
09/03/2024 04.45,2082
09/03/2024 05.00,1932
09/03/2024 05.15,1956
09/03/2024 05.30,1896
09/03/2024 05.45,2040
09/03/2024 06.00,2016
09/03/2024 06.15,1956
09/03/2024 06.30,1752
09/03/2024 06.45,1644
09/03/2024 07.00,1506
09/03/2024 07.15,1296
09/03/2024 07.30,1170
09/03/2024 07.45,1092
09/03/2024 08.00,924
09/03/2024 08.15,768
09/03/2024 08.30,894
09/03/2024 08.45,738
09/03/2024 09.00,1002
09/03/2024 09.15,1218
09/03/2024 09.30,1302
09/03/2024 09.45,1476
09/03/2024 10.00,1308
09/03/2024 10.15,1272
09/03/2024 10.30,1224
09/03/2024 10.45,1068
09/03/2024 11.00,1074
09/03/2024 11.15,1668
09/03/2024 11.30,1692
09/03/2024 11.45,1368
09/03/2024 12.00,1398
09/03/2024 12.15,1476
09/03/2024 12.30,1332
09/03/2024 12.45,1416
09/03/2024 13.00,1680
09/03/2024 13.15,924
09/03/2024 13.30,852
09/03/2024 13.45,660
09/03/2024 14.00,1692
09/03/2024 14.15,2352
09/03/2024 14.30,2214
09/03/2024 14.45,2052
09/03/2024 15.00,2088
09/03/2024 15.15,2160
09/03/2024 15.30,2088
09/03/2024 15.45,2022
09/03/2024 16.00,2004
09/03/2024 16.15,1986
09/03/2024 16.30,1836
09/03/2024 16.45,1764
09/03/2024 17.00,1782
09/03/2024 17.15,1740
09/03/2024 17.30,1584
09/03/2024 17.45,1914
09/03/2024 18.00,1872
09/03/2024 18.15,1920
09/03/2024 18.30,1674
09/03/2024 18.45,1920
09/03/2024 19.00,2160
09/03/2024 19.15,2028
09/03/2024 19.30,1986
09/03/2024 19.45,1992
09/03/2024 20.00,1890
09/03/2024 20.15,1944
09/03/2024 20.30,1962
09/03/2024 20.45,2088
09/03/2024 21.00,2118
09/03/2024 21.15,1974
09/03/2024 21.30,2070
09/03/2024 21.45,2022
09/03/2024 22.00,1836
09/03/2024 22.15,1698
09/03/2024 22.30,1710
09/03/2024 22.45,2034
09/03/2024 23.00,1968
09/03/2024 23.15,1974
09/03/2024 23.30,1968
09/03/2024 23.45,1992
10/03/2024 00.00,1974
10/03/2024 00.15,1998
10/03/2024 00.30,1962
10/03/2024 00.45,1974
10/03/2024 01.00,1890
10/03/2024 01.15,1920
10/03/2024 01.30,1890
10/03/2024 01.45,1914
10/03/2024 02.00,1932
10/03/2024 02.15,1968
10/03/2024 02.30,1968
10/03/2024 02.45,1998
10/03/2024 03.00,2004
10/03/2024 03.15,1986
10/03/2024 03.30,1998
10/03/2024 03.45,1920
10/03/2024 04.00,2058
10/03/2024 04.15,2100
10/03/2024 04.30,2028
10/03/2024 04.45,1968
10/03/2024 05.00,1878
10/03/2024 05.15,2010
10/03/2024 05.30,1938
10/03/2024 05.45,1920
10/03/2024 06.00,1830
10/03/2024 06.15,1878
10/03/2024 06.30,1938
10/03/2024 06.45,1932
10/03/2024 07.00,1866
10/03/2024 07.15,1878
10/03/2024 07.30,1866
10/03/2024 07.45,1614
10/03/2024 08.00,1386
10/03/2024 08.15,1404
10/03/2024 08.30,1488
10/03/2024 08.45,1602
10/03/2024 09.00,1692
10/03/2024 09.15,1854
10/03/2024 09.30,1992
10/03/2024 09.45,2016
10/03/2024 10.00,1776
10/03/2024 10.15,1344
10/03/2024 10.30,1242
10/03/2024 10.45,1242
10/03/2024 11.00,1404
10/03/2024 11.15,1548
10/03/2024 11.30,1248
10/03/2024 11.45,1080
10/03/2024 12.00,882
10/03/2024 12.15,630
10/03/2024 12.30,564
10/03/2024 12.45,810
10/03/2024 13.00,1296
10/03/2024 13.15,1080
10/03/2024 13.30,1038
10/03/2024 13.45,894
10/03/2024 14.00,990
10/03/2024 14.15,1068
10/03/2024 14.30,1212
10/03/2024 14.45,1266
10/03/2024 15.00,1194
10/03/2024 15.15,1302
10/03/2024 15.30,1464
10/03/2024 15.45,1596
10/03/2024 16.00,1188
10/03/2024 16.15,1392
10/03/2024 16.30,1620
10/03/2024 16.45,1608
10/03/2024 17.00,1560
10/03/2024 17.15,1650
10/03/2024 17.30,1752
10/03/2024 17.45,1800
10/03/2024 18.00,1926
10/03/2024 18.15,1956
10/03/2024 18.30,2112
10/03/2024 18.45,2022
10/03/2024 19.00,2112
10/03/2024 19.15,2022
10/03/2024 19.30,2052
10/03/2024 19.45,2112
10/03/2024 20.00,1998
10/03/2024 20.15,2028
10/03/2024 20.30,1980
10/03/2024 20.45,1956
10/03/2024 21.00,1962
10/03/2024 21.15,1950
10/03/2024 21.30,1968
10/03/2024 21.45,1980
10/03/2024 22.00,1944
10/03/2024 22.15,1902
10/03/2024 22.30,1884
10/03/2024 22.45,1932
10/03/2024 23.00,1830
10/03/2024 23.15,1812
10/03/2024 23.30,1920
10/03/2024 23.45,1986
11/03/2024 00.00,1950
11/03/2024 00.15,1980
11/03/2024 00.30,1998
11/03/2024 00.45,1986
11/03/2024 01.00,1950
11/03/2024 01.15,1998
11/03/2024 01.30,1956
11/03/2024 01.45,1896
11/03/2024 02.00,1914
11/03/2024 02.15,1938
11/03/2024 02.30,1860
11/03/2024 02.45,1830
11/03/2024 03.00,1782
11/03/2024 03.15,1884
11/03/2024 03.30,1884
11/03/2024 03.45,1842
11/03/2024 04.00,1704
11/03/2024 04.15,1500
11/03/2024 04.30,1800
11/03/2024 04.45,1956
11/03/2024 05.00,1914
11/03/2024 05.15,1872
11/03/2024 05.30,1890
11/03/2024 05.45,1908
11/03/2024 06.00,1902
11/03/2024 06.15,2004
11/03/2024 06.30,1842
11/03/2024 06.45,1656
11/03/2024 07.00,1536
11/03/2024 07.15,1416
11/03/2024 07.30,1548
11/03/2024 07.45,1488
11/03/2024 08.00,1464
11/03/2024 08.15,1392
11/03/2024 08.30,1458
11/03/2024 08.45,1644
11/03/2024 09.00,1692
11/03/2024 09.15,1770
11/03/2024 09.30,1722
11/03/2024 09.45,1590
11/03/2024 10.00,1740
11/03/2024 10.15,1494
11/03/2024 10.30,1446
11/03/2024 10.45,1878
11/03/2024 11.00,1608
11/03/2024 11.15,1596
11/03/2024 11.30,1596
11/03/2024 11.45,1368
11/03/2024 12.00,1308
11/03/2024 12.15,1212
11/03/2024 12.30,1170
11/03/2024 12.45,1458
11/03/2024 13.00,1356
11/03/2024 13.15,1350
11/03/2024 13.30,1566
11/03/2024 13.45,1680
11/03/2024 14.00,1860
11/03/2024 14.15,1680
11/03/2024 14.30,1368
11/03/2024 14.45,1554
11/03/2024 15.00,1608
11/03/2024 15.15,1668
11/03/2024 15.30,1416
11/03/2024 15.45,1350
11/03/2024 16.00,1482
11/03/2024 16.15,1284
11/03/2024 16.30,984
11/03/2024 16.45,1056
11/03/2024 17.00,1344
11/03/2024 17.15,1512
11/03/2024 17.30,1470
11/03/2024 17.45,1638
11/03/2024 18.00,1530
11/03/2024 18.15,1620
11/03/2024 18.30,1740
11/03/2024 18.45,1842
11/03/2024 19.00,2124
11/03/2024 19.15,2004
11/03/2024 19.30,1920
11/03/2024 19.45,1782
11/03/2024 20.00,1872
11/03/2024 20.15,1704
11/03/2024 20.30,1758
11/03/2024 20.45,1740
11/03/2024 21.00,1722
11/03/2024 21.15,1830
11/03/2024 21.30,1986
11/03/2024 21.45,1944
11/03/2024 22.00,1872
11/03/2024 22.15,2058
11/03/2024 22.30,1998
11/03/2024 22.45,2010
11/03/2024 23.00,2082
11/03/2024 23.15,2052
11/03/2024 23.30,2040
11/03/2024 23.45,1998
12/03/2024 00.00,2118
12/03/2024 00.15,2076
12/03/2024 00.30,2064
12/03/2024 00.45,1974
12/03/2024 01.00,2010
12/03/2024 01.15,2046
12/03/2024 01.30,2046
12/03/2024 01.45,2094
12/03/2024 02.00,2022
12/03/2024 02.15,2028
12/03/2024 02.30,2112
12/03/2024 02.45,2082
12/03/2024 03.00,2064
12/03/2024 03.15,1854
12/03/2024 03.30,2076
12/03/2024 03.45,2130
12/03/2024 04.00,2094
12/03/2024 04.15,2100
12/03/2024 04.30,1974
12/03/2024 04.45,1944
12/03/2024 05.00,1794
12/03/2024 05.15,1914
12/03/2024 05.30,2004
12/03/2024 05.45,1938
12/03/2024 06.00,1800
12/03/2024 06.15,1764
12/03/2024 06.30,1434
12/03/2024 06.45,1110
12/03/2024 07.00,1050
12/03/2024 07.15,978
12/03/2024 07.30,954
12/03/2024 07.45,792
12/03/2024 08.00,828
12/03/2024 08.15,780
12/03/2024 08.30,708
12/03/2024 08.45,216
12/03/2024 09.00,156
12/03/2024 09.15,54
12/03/2024 09.30,72
12/03/2024 09.45,6
12/03/2024 10.00,18
12/03/2024 10.15,0
12/03/2024 10.30,12
12/03/2024 10.45,0
12/03/2024 11.00,12
12/03/2024 11.15,6
12/03/2024 11.30,12
12/03/2024 11.45,12
12/03/2024 12.00,12
12/03/2024 12.15,0
12/03/2024 12.30,12
12/03/2024 12.45,0
12/03/2024 13.00,12
12/03/2024 13.15,12
12/03/2024 13.30,18
12/03/2024 13.45,18
12/03/2024 14.00,30
12/03/2024 14.15,66
12/03/2024 14.30,78
12/03/2024 14.45,12
12/03/2024 15.00,12
12/03/2024 15.15,78
12/03/2024 15.30,60
12/03/2024 15.45,132
12/03/2024 16.00,156
12/03/2024 16.15,84
12/03/2024 16.30,132
12/03/2024 16.45,192
12/03/2024 17.00,186
12/03/2024 17.15,228
12/03/2024 17.30,354
12/03/2024 17.45,396
12/03/2024 18.00,432
12/03/2024 18.15,432
12/03/2024 18.30,432
12/03/2024 18.45,420
12/03/2024 19.00,432
12/03/2024 19.15,438
12/03/2024 19.30,432
12/03/2024 19.45,450
12/03/2024 20.00,432
12/03/2024 20.15,420
12/03/2024 20.30,426
12/03/2024 20.45,408
12/03/2024 21.00,396
12/03/2024 21.15,426
12/03/2024 21.30,390
12/03/2024 21.45,384
12/03/2024 22.00,402
12/03/2024 22.15,396
12/03/2024 22.30,390
12/03/2024 22.45,402
12/03/2024 23.00,402
12/03/2024 23.15,414
12/03/2024 23.30,402
12/03/2024 23.45,408
13/03/2024 00.00,390
13/03/2024 00.15,384
13/03/2024 00.30,396
13/03/2024 00.45,390
13/03/2024 01.00,384
13/03/2024 01.15,384
13/03/2024 01.30,384
13/03/2024 01.45,408
13/03/2024 02.00,408
13/03/2024 02.15,420
13/03/2024 02.30,426
13/03/2024 02.45,426
13/03/2024 03.00,408
13/03/2024 03.15,396
13/03/2024 03.30,414
13/03/2024 03.45,408
13/03/2024 04.00,414
13/03/2024 04.15,348
13/03/2024 04.30,288
13/03/2024 04.45,282
13/03/2024 05.00,258
13/03/2024 05.15,252
13/03/2024 05.30,258
13/03/2024 05.45,246
13/03/2024 06.00,252
13/03/2024 06.15,252
13/03/2024 06.30,240
13/03/2024 06.45,204
13/03/2024 07.00,108
13/03/2024 07.15,24
13/03/2024 07.30,36
13/03/2024 07.45,24
13/03/2024 08.00,12
13/03/2024 08.15,12
13/03/2024 08.30,42
13/03/2024 08.45,126
13/03/2024 09.00,90
13/03/2024 09.15,108
13/03/2024 09.30,78
13/03/2024 09.45,18
13/03/2024 10.00,30
13/03/2024 10.15,30
13/03/2024 10.30,6
13/03/2024 10.45,18
13/03/2024 11.00,42
13/03/2024 11.15,36
13/03/2024 11.30,90
13/03/2024 11.45,12
13/03/2024 12.00,24
13/03/2024 12.15,60
13/03/2024 12.30,144
13/03/2024 12.45,114
13/03/2024 13.00,192
13/03/2024 13.15,246
13/03/2024 13.30,228
13/03/2024 13.45,252
13/03/2024 14.00,450
13/03/2024 14.15,480
13/03/2024 14.30,396
13/03/2024 14.45,288
13/03/2024 15.00,246
13/03/2024 15.15,126
13/03/2024 15.30,60
13/03/2024 15.45,24
13/03/2024 16.00,12
13/03/2024 16.15,162
13/03/2024 16.30,156
13/03/2024 16.45,264
13/03/2024 17.00,390
13/03/2024 17.15,408
13/03/2024 17.30,348
13/03/2024 17.45,372
13/03/2024 18.00,408
13/03/2024 18.15,432
13/03/2024 18.30,420
13/03/2024 18.45,432
13/03/2024 19.00,420
13/03/2024 19.15,432
13/03/2024 19.30,420
13/03/2024 19.45,456
13/03/2024 20.00,486
13/03/2024 20.15,576
13/03/2024 20.30,612
13/03/2024 20.45,588
13/03/2024 21.00,612
13/03/2024 21.15,978
13/03/2024 21.30,2334
13/03/2024 21.45,2388
13/03/2024 22.00,2226
13/03/2024 22.15,2304
13/03/2024 22.30,2418
13/03/2024 22.45,2520
13/03/2024 23.00,2688
13/03/2024 23.15,2718
13/03/2024 23.30,2682
13/03/2024 23.45,2532
14/03/2024 00.00,2580
14/03/2024 00.15,2064
14/03/2024 00.30,2202
14/03/2024 00.45,2166
14/03/2024 01.00,2130
14/03/2024 01.15,1962
14/03/2024 01.30,2052
14/03/2024 01.45,2124
14/03/2024 02.00,2400
14/03/2024 02.15,2412
14/03/2024 02.30,2196
14/03/2024 02.45,2388
14/03/2024 03.00,2772
14/03/2024 03.15,2850
14/03/2024 03.30,2826
14/03/2024 03.45,2700
14/03/2024 04.00,2580
14/03/2024 04.15,2766
14/03/2024 04.30,2844
14/03/2024 04.45,2640
14/03/2024 05.00,2304
14/03/2024 05.15,1368
14/03/2024 05.30,1128
14/03/2024 05.45,1422
14/03/2024 06.00,1278
14/03/2024 06.15,1200
14/03/2024 06.30,1290
14/03/2024 06.45,1272
14/03/2024 07.00,1440
14/03/2024 07.15,1494
14/03/2024 07.30,1758
14/03/2024 07.45,1734
14/03/2024 08.00,1848
14/03/2024 08.15,2322
14/03/2024 08.30,2256
14/03/2024 08.45,2022
14/03/2024 09.00,2472
14/03/2024 09.15,2178
14/03/2024 09.30,2112
14/03/2024 09.45,2616
14/03/2024 10.00,2682
14/03/2024 10.15,2652
14/03/2024 10.30,2616
14/03/2024 10.45,2424
14/03/2024 11.00,2424
14/03/2024 11.15,2610
14/03/2024 11.30,2766
14/03/2024 11.45,2172
14/03/2024 12.00,2430
14/03/2024 12.15,2724
14/03/2024 12.30,1998
14/03/2024 12.45,1494
14/03/2024 13.00,1500
14/03/2024 13.15,2784
14/03/2024 13.30,2568
14/03/2024 13.45,3060
14/03/2024 14.00,2448
14/03/2024 14.15,3156
14/03/2024 14.30,1992
14/03/2024 14.45,2532
14/03/2024 15.00,3582
14/03/2024 15.15,3414
14/03/2024 15.30,3762
14/03/2024 15.45,3882
14/03/2024 16.00,3978
14/03/2024 16.15,3852
14/03/2024 16.30,3828
14/03/2024 16.45,4200
14/03/2024 17.00,4158
14/03/2024 17.15,4146
14/03/2024 17.30,4236
14/03/2024 17.45,3828
14/03/2024 18.00,3444
14/03/2024 18.15,4074
14/03/2024 18.30,4590
14/03/2024 18.45,4428
14/03/2024 19.00,4602
14/03/2024 19.15,4350
14/03/2024 19.30,4530
14/03/2024 19.45,4488
14/03/2024 20.00,4626
14/03/2024 20.15,4518
14/03/2024 20.30,4608
14/03/2024 20.45,4212
14/03/2024 21.00,4050
14/03/2024 21.15,4344
14/03/2024 21.30,4536
14/03/2024 21.45,4512
14/03/2024 22.00,4590
14/03/2024 22.15,4656
14/03/2024 22.30,4560
14/03/2024 22.45,4644
14/03/2024 23.00,4500
14/03/2024 23.15,4668
14/03/2024 23.30,4722
14/03/2024 23.45,4626
15/03/2024 00.00,4440
15/03/2024 00.15,4554
15/03/2024 00.30,4614
15/03/2024 00.45,4524
15/03/2024 01.00,4122
15/03/2024 01.15,4518
15/03/2024 01.30,4662
15/03/2024 01.45,3798
15/03/2024 02.00,3288
15/03/2024 02.15,3186
15/03/2024 02.30,3924
15/03/2024 02.45,4212
15/03/2024 03.00,4566
15/03/2024 03.15,4548
15/03/2024 03.30,4410
15/03/2024 03.45,4572
15/03/2024 04.00,4332
15/03/2024 04.15,4356
15/03/2024 04.30,4464
15/03/2024 04.45,4374
15/03/2024 05.00,4362
15/03/2024 05.15,4524
15/03/2024 05.30,4392
15/03/2024 05.45,4482
15/03/2024 06.00,4428
15/03/2024 06.15,4368
15/03/2024 06.30,4398
15/03/2024 06.45,4392
15/03/2024 07.00,4404
15/03/2024 07.15,4380
15/03/2024 07.30,3936
15/03/2024 07.45,3642
15/03/2024 08.00,3432
15/03/2024 08.15,3642
15/03/2024 08.30,3240
15/03/2024 08.45,3306
15/03/2024 09.00,2928
15/03/2024 09.15,2868
15/03/2024 09.30,3240
15/03/2024 09.45,2904
15/03/2024 10.00,2880
15/03/2024 10.15,2880
15/03/2024 10.30,3120
15/03/2024 10.45,3288
15/03/2024 11.00,3090
15/03/2024 11.15,2718
15/03/2024 11.30,2964
15/03/2024 11.45,3006
15/03/2024 12.00,3030
15/03/2024 12.15,2892
15/03/2024 12.30,2964
15/03/2024 12.45,3270
15/03/2024 13.00,2916
15/03/2024 13.15,2880
15/03/2024 13.30,1884
15/03/2024 13.45,1680
15/03/2024 14.00,1938
15/03/2024 14.15,2844
15/03/2024 14.30,2442
15/03/2024 14.45,2736
15/03/2024 15.00,3216
15/03/2024 15.15,2496
15/03/2024 15.30,2856
15/03/2024 15.45,3036
15/03/2024 16.00,2808
15/03/2024 16.15,2850
15/03/2024 16.30,3012
15/03/2024 16.45,3018
15/03/2024 17.00,3036
15/03/2024 17.15,3270
15/03/2024 17.30,3144
15/03/2024 17.45,3258
15/03/2024 18.00,3090
15/03/2024 18.15,3360
15/03/2024 18.30,3780
15/03/2024 18.45,3840
15/03/2024 19.00,3882
15/03/2024 19.15,3654
15/03/2024 19.30,4032
15/03/2024 19.45,4140
15/03/2024 20.00,4182
15/03/2024 20.15,4182
15/03/2024 20.30,4398
15/03/2024 20.45,4236
15/03/2024 21.00,4134
15/03/2024 21.15,4452
15/03/2024 21.30,4554
15/03/2024 21.45,4536
15/03/2024 22.00,4320
15/03/2024 22.15,4548
15/03/2024 22.30,4650
15/03/2024 22.45,3882
15/03/2024 23.00,4338
15/03/2024 23.15,4596
15/03/2024 23.30,4422
15/03/2024 23.45,4512
16/03/2024 00.00,4632
16/03/2024 00.15,4554
16/03/2024 00.30,4560
16/03/2024 00.45,4170
16/03/2024 01.00,3924
16/03/2024 01.15,4152
16/03/2024 01.30,4584
16/03/2024 01.45,4716
16/03/2024 02.00,4296
16/03/2024 02.15,4428
16/03/2024 02.30,4188
16/03/2024 02.45,4494
16/03/2024 03.00,4614
16/03/2024 03.15,4440
16/03/2024 03.30,3924
16/03/2024 03.45,4218
16/03/2024 04.00,4608
16/03/2024 04.15,4482
16/03/2024 04.30,4500
16/03/2024 04.45,4428
16/03/2024 05.00,3516
16/03/2024 05.15,3258
16/03/2024 05.30,3492
16/03/2024 05.45,3228
16/03/2024 06.00,3618
16/03/2024 06.15,4470
16/03/2024 06.30,3846
16/03/2024 06.45,3300
16/03/2024 07.00,3384
16/03/2024 07.15,3798
16/03/2024 07.30,3912
16/03/2024 07.45,3630
16/03/2024 08.00,3276
16/03/2024 08.15,3030
16/03/2024 08.30,3120
16/03/2024 08.45,3096
16/03/2024 09.00,3738
16/03/2024 09.15,3720
16/03/2024 09.30,3588
16/03/2024 09.45,3336
16/03/2024 10.00,3102
16/03/2024 10.15,2916
16/03/2024 10.30,2724
16/03/2024 10.45,2946
16/03/2024 11.00,3204
16/03/2024 11.15,3042
16/03/2024 11.30,2040
16/03/2024 11.45,2352
16/03/2024 12.00,2520
16/03/2024 12.15,2544
16/03/2024 12.30,2934
16/03/2024 12.45,2346
16/03/2024 13.00,2520
16/03/2024 13.15,2058
16/03/2024 13.30,2754
16/03/2024 13.45,3978
16/03/2024 14.00,3972
16/03/2024 14.15,3852
16/03/2024 14.30,4134
16/03/2024 14.45,3912
16/03/2024 15.00,3690
16/03/2024 15.15,3702
16/03/2024 15.30,3552
16/03/2024 15.45,4044
16/03/2024 16.00,3828
16/03/2024 16.15,4284
16/03/2024 16.30,4428
16/03/2024 16.45,4308
16/03/2024 17.00,4356
16/03/2024 17.15,4164
16/03/2024 17.30,4596
16/03/2024 17.45,4242
16/03/2024 18.00,4104
16/03/2024 18.15,4692
16/03/2024 18.30,4560
16/03/2024 18.45,4458
16/03/2024 19.00,4656
16/03/2024 19.15,4644
16/03/2024 19.30,4704
16/03/2024 19.45,4740
16/03/2024 20.00,4728
16/03/2024 20.15,4668
16/03/2024 20.30,4566
16/03/2024 20.45,4746
16/03/2024 21.00,4344
16/03/2024 21.15,4392
16/03/2024 21.30,4416
16/03/2024 21.45,4608
16/03/2024 22.00,4476
16/03/2024 22.15,4608
16/03/2024 22.30,4662
16/03/2024 22.45,4746
16/03/2024 23.00,4422
16/03/2024 23.15,4026
16/03/2024 23.30,3912
16/03/2024 23.45,4056
17/03/2024 00.00,4056
17/03/2024 00.15,4692
17/03/2024 00.30,4692
17/03/2024 00.45,4530
17/03/2024 01.00,4740
17/03/2024 01.15,4632
17/03/2024 01.30,4734
17/03/2024 01.45,4572
17/03/2024 02.00,4704
17/03/2024 02.15,4788
17/03/2024 02.30,4710
17/03/2024 02.45,3924
17/03/2024 03.00,4152
17/03/2024 03.15,3960
17/03/2024 03.30,4116
17/03/2024 03.45,4500
17/03/2024 04.00,4578
17/03/2024 04.15,4656
17/03/2024 04.30,4362
17/03/2024 04.45,4416
17/03/2024 05.00,4368
17/03/2024 05.15,4218
17/03/2024 05.30,3996
17/03/2024 05.45,4248
17/03/2024 06.00,4632
17/03/2024 06.15,4536
17/03/2024 06.30,4224
17/03/2024 06.45,4590
17/03/2024 07.00,3942
17/03/2024 07.15,1788
17/03/2024 07.30,1596
17/03/2024 07.45,1902
17/03/2024 08.00,2202
17/03/2024 08.15,3306
17/03/2024 08.30,3294
17/03/2024 08.45,3324
17/03/2024 09.00,3018
17/03/2024 09.15,2904
17/03/2024 09.30,2844
17/03/2024 09.45,2868
17/03/2024 10.00,2424
17/03/2024 10.15,2514
17/03/2024 10.30,2352
17/03/2024 10.45,2340
17/03/2024 11.00,1674
17/03/2024 11.15,1548
17/03/2024 11.30,2280
17/03/2024 11.45,2172
17/03/2024 12.00,2124
17/03/2024 12.15,2472
17/03/2024 12.30,2436
17/03/2024 12.45,2028
17/03/2024 13.00,1950
17/03/2024 13.15,2436
17/03/2024 13.30,2514
17/03/2024 13.45,3048
17/03/2024 14.00,2388
17/03/2024 14.15,3570
17/03/2024 14.30,3330
17/03/2024 14.45,2394
17/03/2024 15.00,2652
17/03/2024 15.15,2904
17/03/2024 15.30,3516
17/03/2024 15.45,3726
17/03/2024 16.00,4002
17/03/2024 16.15,4146
17/03/2024 16.30,4182
17/03/2024 16.45,4194
17/03/2024 17.00,4074
17/03/2024 17.15,4428
17/03/2024 17.30,4566
17/03/2024 17.45,4422
17/03/2024 18.00,4554
17/03/2024 18.15,4686
17/03/2024 18.30,4626
17/03/2024 18.45,4374
17/03/2024 19.00,4410
17/03/2024 19.15,4596
17/03/2024 19.30,4140
17/03/2024 19.45,3792
17/03/2024 20.00,3804
17/03/2024 20.15,4044
17/03/2024 20.30,3984
17/03/2024 20.45,3906
17/03/2024 21.00,3918
17/03/2024 21.15,4212
17/03/2024 21.30,4788
17/03/2024 21.45,4686
17/03/2024 22.00,4548
17/03/2024 22.15,4584
17/03/2024 22.30,4344
17/03/2024 22.45,4506
17/03/2024 23.00,4656
17/03/2024 23.15,4494
17/03/2024 23.30,4332
17/03/2024 23.45,4194
18/03/2024 00.00,4458
18/03/2024 00.15,4224
18/03/2024 00.30,4506
18/03/2024 00.45,4080
18/03/2024 01.00,3696
18/03/2024 01.15,4032
18/03/2024 01.30,4416
18/03/2024 01.45,4134
18/03/2024 02.00,2808
18/03/2024 02.15,2568
18/03/2024 02.30,2568
18/03/2024 02.45,2466
18/03/2024 03.00,2526
18/03/2024 03.15,2520
18/03/2024 03.30,2316
18/03/2024 03.45,2172
18/03/2024 04.00,2196
18/03/2024 04.15,2388
18/03/2024 04.30,2688
18/03/2024 04.45,2736
18/03/2024 05.00,2448
18/03/2024 05.15,2706
18/03/2024 05.30,2472
18/03/2024 05.45,2568
18/03/2024 06.00,2988
18/03/2024 06.15,2718
18/03/2024 06.30,2670
18/03/2024 06.45,2580
18/03/2024 07.00,2670
18/03/2024 07.15,2520
18/03/2024 07.30,1806
18/03/2024 07.45,1500
18/03/2024 08.00,1530
18/03/2024 08.15,1422
18/03/2024 08.30,1254
18/03/2024 08.45,1296
18/03/2024 09.00,1230
18/03/2024 09.15,1206
18/03/2024 09.30,1092
18/03/2024 09.45,984
18/03/2024 10.00,984
18/03/2024 10.15,1038
18/03/2024 10.30,1032
18/03/2024 10.45,1038
18/03/2024 11.00,1200
18/03/2024 11.15,1020
18/03/2024 11.30,834
18/03/2024 11.45,1044
18/03/2024 12.00,1248
18/03/2024 12.15,1362
18/03/2024 12.30,1464
18/03/2024 12.45,1356
18/03/2024 13.00,918
18/03/2024 13.15,1056
18/03/2024 13.30,1224
18/03/2024 13.45,1164
18/03/2024 14.00,1044
18/03/2024 14.15,1062
18/03/2024 14.30,894
18/03/2024 14.45,852
18/03/2024 15.00,762
18/03/2024 15.15,828
18/03/2024 15.30,846
18/03/2024 15.45,1158
18/03/2024 16.00,1188
18/03/2024 16.15,1272
18/03/2024 16.30,1032
18/03/2024 16.45,1266
18/03/2024 17.00,1524
18/03/2024 17.15,1800
18/03/2024 17.30,1752
18/03/2024 17.45,1764
18/03/2024 18.00,1836
18/03/2024 18.15,1944
18/03/2024 18.30,1956
18/03/2024 18.45,1908
18/03/2024 19.00,2040
18/03/2024 19.15,2064
18/03/2024 19.30,2046
18/03/2024 19.45,1974
18/03/2024 20.00,1980
18/03/2024 20.15,2094
18/03/2024 20.30,2064
18/03/2024 20.45,2100
18/03/2024 21.00,2088
18/03/2024 21.15,2028
18/03/2024 21.30,2448
18/03/2024 21.45,2268
18/03/2024 22.00,2298
18/03/2024 22.15,2382
18/03/2024 22.30,2388
18/03/2024 22.45,2178
18/03/2024 23.00,2376
18/03/2024 23.15,2220
18/03/2024 23.30,2100
18/03/2024 23.45,1932
19/03/2024 00.00,1980
19/03/2024 00.15,1788
19/03/2024 00.30,1872
19/03/2024 00.45,1800
19/03/2024 01.00,1722
19/03/2024 01.15,1890
19/03/2024 01.30,1782
19/03/2024 01.45,1554
19/03/2024 02.00,1596
19/03/2024 02.15,1518
19/03/2024 02.30,1554
19/03/2024 02.45,1572
19/03/2024 03.00,1500
19/03/2024 03.15,1554
19/03/2024 03.30,1422
19/03/2024 03.45,1524
19/03/2024 04.00,1566
19/03/2024 04.15,1440
19/03/2024 04.30,1200
19/03/2024 04.45,1116
19/03/2024 05.00,1080
19/03/2024 05.15,1080
19/03/2024 05.30,1056
19/03/2024 05.45,1044
19/03/2024 06.00,1452
19/03/2024 06.15,1530
19/03/2024 06.30,1476
19/03/2024 06.45,1338
19/03/2024 07.00,1236
19/03/2024 07.15,834
19/03/2024 07.30,690
19/03/2024 07.45,486
19/03/2024 08.00,546
19/03/2024 08.15,264
19/03/2024 08.30,24
19/03/2024 08.45,24
19/03/2024 09.00,24
19/03/2024 09.15,24
19/03/2024 09.30,18
19/03/2024 09.45,24
19/03/2024 10.00,18
19/03/2024 10.15,12
19/03/2024 10.30,24
19/03/2024 10.45,24
19/03/2024 11.00,12
19/03/2024 11.15,24
19/03/2024 11.30,12
19/03/2024 11.45,12
19/03/2024 12.00,0
19/03/2024 12.15,6
19/03/2024 12.30,0
19/03/2024 12.45,0
19/03/2024 13.00,12
19/03/2024 13.15,6
19/03/2024 13.30,24
19/03/2024 13.45,30
19/03/2024 14.00,24
19/03/2024 14.15,48
19/03/2024 14.30,318
19/03/2024 14.45,456
19/03/2024 15.00,618
19/03/2024 15.15,576
19/03/2024 15.30,486
19/03/2024 15.45,414
19/03/2024 16.00,360
19/03/2024 16.15,372
19/03/2024 16.30,372
19/03/2024 16.45,330
19/03/2024 17.00,276
19/03/2024 17.15,270
19/03/2024 17.30,270
19/03/2024 17.45,288
19/03/2024 18.00,288
19/03/2024 18.15,306
19/03/2024 18.30,306
19/03/2024 18.45,288
19/03/2024 19.00,300
19/03/2024 19.15,300
19/03/2024 19.30,288
19/03/2024 19.45,300
19/03/2024 20.00,306
19/03/2024 20.15,276
19/03/2024 20.30,282
19/03/2024 20.45,306
19/03/2024 21.00,294
19/03/2024 21.15,642
19/03/2024 21.30,762
19/03/2024 21.45,786
19/03/2024 22.00,786
19/03/2024 22.15,720
19/03/2024 22.30,744
19/03/2024 22.45,720
19/03/2024 23.00,780
19/03/2024 23.15,468
19/03/2024 23.30,336
19/03/2024 23.45,330
20/03/2024 00.00,324
20/03/2024 00.15,324
20/03/2024 00.30,342
20/03/2024 00.45,330
20/03/2024 01.00,366
20/03/2024 01.15,774
20/03/2024 01.30,816
20/03/2024 01.45,588
20/03/2024 02.00,612
20/03/2024 02.15,804
20/03/2024 02.30,810
20/03/2024 02.45,804
20/03/2024 03.00,756
20/03/2024 03.15,804
20/03/2024 03.30,792
20/03/2024 03.45,486
20/03/2024 04.00,396
20/03/2024 04.15,288
20/03/2024 04.30,312
20/03/2024 04.45,294
20/03/2024 05.00,288
20/03/2024 05.15,288
20/03/2024 05.30,288
20/03/2024 05.45,276
20/03/2024 06.00,288
20/03/2024 06.15,288
20/03/2024 06.30,300
20/03/2024 06.45,294
20/03/2024 07.00,252
20/03/2024 07.15,192
20/03/2024 07.30,114
20/03/2024 07.45,54
20/03/2024 08.00,30
20/03/2024 08.15,30
20/03/2024 08.30,66
20/03/2024 08.45,66
20/03/2024 09.00,72
20/03/2024 09.15,78
20/03/2024 09.30,138
20/03/2024 09.45,108
20/03/2024 10.00,48
20/03/2024 10.15,60
20/03/2024 10.30,36
20/03/2024 10.45,12
20/03/2024 11.00,12
20/03/2024 11.15,24
20/03/2024 11.30,24
20/03/2024 11.45,12
20/03/2024 12.00,12
20/03/2024 12.15,12
20/03/2024 12.30,12
20/03/2024 12.45,12
20/03/2024 13.00,12
20/03/2024 13.15,12
20/03/2024 13.30,24
20/03/2024 13.45,18
20/03/2024 14.00,6
20/03/2024 14.15,24
20/03/2024 14.30,12
20/03/2024 14.45,6
20/03/2024 15.00,12
20/03/2024 15.15,24
20/03/2024 15.30,12
20/03/2024 15.45,0
20/03/2024 16.00,24
20/03/2024 16.15,48
20/03/2024 16.30,48
20/03/2024 16.45,90
20/03/2024 17.00,138
20/03/2024 17.15,150
20/03/2024 17.30,180
20/03/2024 17.45,216
20/03/2024 18.00,252
20/03/2024 18.15,276
20/03/2024 18.30,294
20/03/2024 18.45,270
20/03/2024 19.00,276
20/03/2024 19.15,270
20/03/2024 19.30,282
20/03/2024 19.45,288
20/03/2024 20.00,270
20/03/2024 20.15,300
20/03/2024 20.30,282
20/03/2024 20.45,282
20/03/2024 21.00,546
20/03/2024 21.15,798
20/03/2024 21.30,822
20/03/2024 21.45,810
20/03/2024 22.00,822
20/03/2024 22.15,798
20/03/2024 22.30,654
20/03/2024 22.45,816
20/03/2024 23.00,744
20/03/2024 23.15,672
20/03/2024 23.30,414
20/03/2024 23.45,312
21/03/2024 00.00,324
21/03/2024 00.15,306
21/03/2024 00.30,306
21/03/2024 00.45,330
21/03/2024 01.00,378
21/03/2024 01.15,780
21/03/2024 01.30,798
21/03/2024 01.45,702
21/03/2024 02.00,714
21/03/2024 02.15,804
21/03/2024 02.30,756
21/03/2024 02.45,720
21/03/2024 03.00,720
21/03/2024 03.15,708
21/03/2024 03.30,420
21/03/2024 03.45,324
21/03/2024 04.00,330
21/03/2024 04.15,300
21/03/2024 04.30,336
21/03/2024 04.45,300
21/03/2024 05.00,300
21/03/2024 05.15,528
21/03/2024 05.30,780
21/03/2024 05.45,792
21/03/2024 06.00,600
21/03/2024 06.15,372
21/03/2024 06.30,324
21/03/2024 06.45,300
21/03/2024 07.00,282
21/03/2024 07.15,270
21/03/2024 07.30,264
21/03/2024 07.45,246
21/03/2024 08.00,192
21/03/2024 08.15,102
21/03/2024 08.30,30
21/03/2024 08.45,18
21/03/2024 09.00,72
21/03/2024 09.15,24
21/03/2024 09.30,24
21/03/2024 09.45,6
21/03/2024 10.00,18
21/03/2024 10.15,0
21/03/2024 10.30,12
21/03/2024 10.45,0
21/03/2024 11.00,12
21/03/2024 11.15,0
21/03/2024 11.30,6
21/03/2024 11.45,0
21/03/2024 12.00,0
21/03/2024 12.15,0
21/03/2024 12.30,0
21/03/2024 12.45,0
21/03/2024 13.00,0
21/03/2024 13.15,18
21/03/2024 13.30,6
21/03/2024 13.45,18
21/03/2024 14.00,0
21/03/2024 14.15,0
21/03/2024 14.30,12
21/03/2024 14.45,12
21/03/2024 15.00,12
21/03/2024 15.15,30
21/03/2024 15.30,54
21/03/2024 15.45,24
21/03/2024 16.00,0
21/03/2024 16.15,30
21/03/2024 16.30,102
21/03/2024 16.45,144
21/03/2024 17.00,168
21/03/2024 17.15,222
21/03/2024 17.30,252
21/03/2024 17.45,270
21/03/2024 18.00,312
21/03/2024 18.15,324
21/03/2024 18.30,342
21/03/2024 18.45,312
21/03/2024 19.00,324
21/03/2024 19.15,342
21/03/2024 19.30,336
21/03/2024 19.45,312
21/03/2024 20.00,330
21/03/2024 20.15,318
21/03/2024 20.30,324
21/03/2024 20.45,318
21/03/2024 21.00,540
21/03/2024 21.15,816
21/03/2024 21.30,750
21/03/2024 21.45,816
21/03/2024 22.00,810
21/03/2024 22.15,798
21/03/2024 22.30,792
21/03/2024 22.45,732
21/03/2024 23.00,810
21/03/2024 23.15,834
21/03/2024 23.30,594
21/03/2024 23.45,426
22/03/2024 00.00,354
22/03/2024 00.15,342
22/03/2024 00.30,354
22/03/2024 00.45,330
22/03/2024 01.00,450
22/03/2024 01.15,750
22/03/2024 01.30,774
22/03/2024 01.45,750
22/03/2024 02.00,786
22/03/2024 02.15,786
22/03/2024 02.30,510
22/03/2024 02.45,498
22/03/2024 03.00,774
22/03/2024 03.15,846
22/03/2024 03.30,606
22/03/2024 03.45,390
22/03/2024 04.00,354
22/03/2024 04.15,330
22/03/2024 04.30,324
22/03/2024 04.45,312
22/03/2024 05.00,672
22/03/2024 05.15,780
22/03/2024 05.30,768
22/03/2024 05.45,792
22/03/2024 06.00,522
22/03/2024 06.15,342
22/03/2024 06.30,276
22/03/2024 06.45,210
22/03/2024 07.00,180
22/03/2024 07.15,180
22/03/2024 07.30,102
22/03/2024 07.45,48
22/03/2024 08.00,0
22/03/2024 08.15,6
22/03/2024 08.30,12
22/03/2024 08.45,6
22/03/2024 09.00,6
22/03/2024 09.15,0
22/03/2024 09.30,0
22/03/2024 09.45,0
22/03/2024 10.00,18
22/03/2024 10.15,0
22/03/2024 10.30,0
22/03/2024 10.45,0
22/03/2024 11.00,0
22/03/2024 11.15,0
22/03/2024 11.30,0
22/03/2024 11.45,0
22/03/2024 12.00,0
22/03/2024 12.15,0
22/03/2024 12.30,0
22/03/2024 12.45,0
22/03/2024 13.00,0
22/03/2024 13.15,6
22/03/2024 13.30,18
22/03/2024 13.45,12
22/03/2024 14.00,6
22/03/2024 14.15,6
22/03/2024 14.30,6
22/03/2024 14.45,12
22/03/2024 15.00,36
22/03/2024 15.15,12
22/03/2024 15.30,18
22/03/2024 15.45,60
22/03/2024 16.00,120
22/03/2024 16.15,120
22/03/2024 16.30,120
22/03/2024 16.45,168
22/03/2024 17.00,240
22/03/2024 17.15,216
22/03/2024 17.30,192
22/03/2024 17.45,240
22/03/2024 18.00,300
22/03/2024 18.15,330
22/03/2024 18.30,330
22/03/2024 18.45,324
22/03/2024 19.00,336
22/03/2024 19.15,336
22/03/2024 19.30,336
22/03/2024 19.45,366
22/03/2024 20.00,390
22/03/2024 20.15,468
22/03/2024 20.30,648
22/03/2024 20.45,804
22/03/2024 21.00,1404
22/03/2024 21.15,1842
22/03/2024 21.30,1584
22/03/2024 21.45,1812
22/03/2024 22.00,2160
22/03/2024 22.15,2184
22/03/2024 22.30,2160
22/03/2024 22.45,2172
22/03/2024 23.00,2172
22/03/2024 23.15,2394
22/03/2024 23.30,1860
22/03/2024 23.45,1656
23/03/2024 00.00,1866
23/03/2024 00.15,1812
23/03/2024 00.30,1890
23/03/2024 00.45,1860
23/03/2024 01.00,2190
23/03/2024 01.15,2214
23/03/2024 01.30,2268
23/03/2024 01.45,2196
23/03/2024 02.00,1716
23/03/2024 02.15,1836
23/03/2024 02.30,1896
23/03/2024 02.45,1848
23/03/2024 03.00,1716
23/03/2024 03.15,1344
23/03/2024 03.30,1212
23/03/2024 03.45,1218
23/03/2024 04.00,1596
23/03/2024 04.15,2034
23/03/2024 04.30,1710
23/03/2024 04.45,1794
23/03/2024 05.00,1782
23/03/2024 05.15,1656
23/03/2024 05.30,1440
23/03/2024 05.45,1338
23/03/2024 06.00,996
23/03/2024 06.15,1116
23/03/2024 06.30,1230
23/03/2024 06.45,1368
23/03/2024 07.00,1314
23/03/2024 07.15,1230
23/03/2024 07.30,1092
23/03/2024 07.45,1062
23/03/2024 08.00,756
23/03/2024 08.15,900
23/03/2024 08.30,1116
23/03/2024 08.45,1392
23/03/2024 09.00,1074
23/03/2024 09.15,1050
23/03/2024 09.30,828
23/03/2024 09.45,870
23/03/2024 10.00,720
23/03/2024 10.15,504
23/03/2024 10.30,756
23/03/2024 10.45,606
23/03/2024 11.00,756
23/03/2024 11.15,732
23/03/2024 11.30,642
23/03/2024 11.45,672
23/03/2024 12.00,816
23/03/2024 12.15,804
23/03/2024 12.30,678
23/03/2024 12.45,600
23/03/2024 13.00,720
23/03/2024 13.15,762
23/03/2024 13.30,870
23/03/2024 13.45,648
23/03/2024 14.00,816
23/03/2024 14.15,786
23/03/2024 14.30,1122
23/03/2024 14.45,1224
23/03/2024 15.00,1236
23/03/2024 15.15,1284
23/03/2024 15.30,1140
23/03/2024 15.45,840
23/03/2024 16.00,1164
23/03/2024 16.15,1758
23/03/2024 16.30,1824
23/03/2024 16.45,1368
23/03/2024 17.00,1380
23/03/2024 17.15,1638
23/03/2024 17.30,1788
23/03/2024 17.45,1872
23/03/2024 18.00,1806
23/03/2024 18.15,1752
23/03/2024 18.30,1740
23/03/2024 18.45,1692
23/03/2024 19.00,2028
23/03/2024 19.15,2148
23/03/2024 19.30,2118
23/03/2024 19.45,2004
23/03/2024 20.00,2142
23/03/2024 20.15,2214
23/03/2024 20.30,2178
23/03/2024 20.45,2208
23/03/2024 21.00,2268
23/03/2024 21.15,2538
23/03/2024 21.30,2442
23/03/2024 21.45,2202
23/03/2024 22.00,2346
23/03/2024 22.15,2454
23/03/2024 22.30,2376
23/03/2024 22.45,2508
23/03/2024 23.00,2400
23/03/2024 23.15,2364
23/03/2024 23.30,1992
23/03/2024 23.45,1860
24/03/2024 00.00,2052
24/03/2024 00.15,2112
24/03/2024 00.30,2172
24/03/2024 00.45,2136
24/03/2024 01.00,2160
24/03/2024 01.15,2622
24/03/2024 01.30,2400
24/03/2024 01.45,2412
24/03/2024 02.00,2424
24/03/2024 02.15,2478
24/03/2024 02.30,2394
24/03/2024 02.45,2022
24/03/2024 03.00,2070
24/03/2024 03.15,2142
24/03/2024 03.30,1800
24/03/2024 03.45,1500
24/03/2024 04.00,1518
24/03/2024 04.15,1836
24/03/2024 04.30,1914
24/03/2024 04.45,2028
24/03/2024 05.00,2490
24/03/2024 05.15,2250
24/03/2024 05.30,2160
24/03/2024 05.45,2094
24/03/2024 06.00,2004
24/03/2024 06.15,1848
24/03/2024 06.30,1644
24/03/2024 06.45,1866
24/03/2024 07.00,1896
24/03/2024 07.15,1872
24/03/2024 07.30,1692
24/03/2024 07.45,1614
24/03/2024 08.00,1464
24/03/2024 08.15,1404
24/03/2024 08.30,1404
24/03/2024 08.45,1272
24/03/2024 09.00,1350
24/03/2024 09.15,1278
24/03/2024 09.30,1104
24/03/2024 09.45,1008
24/03/2024 10.00,900
24/03/2024 10.15,750
24/03/2024 10.30,816
24/03/2024 10.45,762
24/03/2024 11.00,774
24/03/2024 11.15,726
24/03/2024 11.30,918
24/03/2024 11.45,510
24/03/2024 12.00,720
24/03/2024 12.15,852
24/03/2024 12.30,438
24/03/2024 12.45,570
24/03/2024 13.00,1164
24/03/2024 13.15,942
24/03/2024 13.30,1044
24/03/2024 13.45,1140
24/03/2024 14.00,792
24/03/2024 14.15,864
24/03/2024 14.30,1272
24/03/2024 14.45,1212
24/03/2024 15.00,1218
24/03/2024 15.15,1848
24/03/2024 15.30,2172
24/03/2024 15.45,2184
24/03/2024 16.00,2382
24/03/2024 16.15,2220
24/03/2024 16.30,2442
24/03/2024 16.45,2418
24/03/2024 17.00,2268
24/03/2024 17.15,2250
24/03/2024 17.30,2430
24/03/2024 17.45,2526
24/03/2024 18.00,2262
24/03/2024 18.15,2160
24/03/2024 18.30,2100
24/03/2024 18.45,2124
24/03/2024 19.00,1848
24/03/2024 19.15,1944
24/03/2024 19.30,2064
24/03/2024 19.45,2184
24/03/2024 20.00,2292
24/03/2024 20.15,2664
24/03/2024 20.30,2640
24/03/2024 20.45,2430
24/03/2024 21.00,2430
24/03/2024 21.15,2316
24/03/2024 21.30,2406
24/03/2024 21.45,2310
24/03/2024 22.00,2172
24/03/2024 22.15,2340
24/03/2024 22.30,2274
24/03/2024 22.45,2364
24/03/2024 23.00,2274
24/03/2024 23.15,2334
24/03/2024 23.30,2106
24/03/2024 23.45,1950
25/03/2024 00.00,2046
25/03/2024 00.15,2244
25/03/2024 00.30,2298
25/03/2024 00.45,2220
25/03/2024 01.00,2220
25/03/2024 01.15,2508
25/03/2024 01.30,2688
25/03/2024 01.45,2484
25/03/2024 02.00,2538
25/03/2024 02.15,2466
25/03/2024 02.30,2430
25/03/2024 02.45,2190
25/03/2024 03.00,2376
25/03/2024 03.15,2418
25/03/2024 03.30,2154
25/03/2024 03.45,1836
25/03/2024 04.00,1950
25/03/2024 04.15,1872
25/03/2024 04.30,1704
25/03/2024 04.45,1836
25/03/2024 05.00,2100
25/03/2024 05.15,2220
25/03/2024 05.30,2058
25/03/2024 05.45,2016
25/03/2024 06.00,1848
25/03/2024 06.15,1482
25/03/2024 06.30,1248
25/03/2024 06.45,690
25/03/2024 07.00,474
25/03/2024 07.15,342
25/03/2024 07.30,378
25/03/2024 07.45,660
25/03/2024 08.00,348
25/03/2024 08.15,108
25/03/2024 08.30,258
25/03/2024 08.45,762
25/03/2024 09.00,1176
25/03/2024 09.15,1134
25/03/2024 09.30,972
25/03/2024 09.45,522
25/03/2024 10.00,690
25/03/2024 10.15,720
25/03/2024 10.30,672
25/03/2024 10.45,828
25/03/2024 11.00,1542
25/03/2024 11.15,1464
25/03/2024 11.30,900
25/03/2024 11.45,600
25/03/2024 12.00,456
25/03/2024 12.15,1092
25/03/2024 12.30,1572
25/03/2024 12.45,1422
25/03/2024 13.00,1380
25/03/2024 13.15,1284
25/03/2024 13.30,894
25/03/2024 13.45,942
25/03/2024 14.00,924
25/03/2024 14.15,1230
25/03/2024 14.30,1140
25/03/2024 14.45,1332
25/03/2024 15.00,1524
25/03/2024 15.15,1740
25/03/2024 15.30,1968
25/03/2024 15.45,1632
25/03/2024 16.00,1722
25/03/2024 16.15,1830
25/03/2024 16.30,1836
25/03/2024 16.45,1710
25/03/2024 17.00,1932
25/03/2024 17.15,1938
25/03/2024 17.30,1992
25/03/2024 17.45,2004
25/03/2024 18.00,2034
25/03/2024 18.15,1980
25/03/2024 18.30,2124
25/03/2024 18.45,1914
25/03/2024 19.00,2016
25/03/2024 19.15,1956
25/03/2024 19.30,1938
25/03/2024 19.45,2058
25/03/2024 20.00,2016
25/03/2024 20.15,1968
25/03/2024 20.30,1758
25/03/2024 20.45,2136
25/03/2024 21.00,2004
25/03/2024 21.15,2352
25/03/2024 21.30,2472
25/03/2024 21.45,2580
25/03/2024 22.00,2316
25/03/2024 22.15,2358
25/03/2024 22.30,2226
25/03/2024 22.45,2490
25/03/2024 23.00,2436
25/03/2024 23.15,2484
25/03/2024 23.30,2226
25/03/2024 23.45,2196
26/03/2024 00.00,2076
26/03/2024 00.15,2172
26/03/2024 00.30,2112
26/03/2024 00.45,2256
26/03/2024 01.00,2262
26/03/2024 01.15,2562
26/03/2024 01.30,2508
26/03/2024 01.45,2388
26/03/2024 02.00,2478
26/03/2024 02.15,2460
26/03/2024 02.30,2514
26/03/2024 02.45,2616
26/03/2024 03.00,2370
26/03/2024 03.15,2406
26/03/2024 03.30,2334
26/03/2024 03.45,2400
26/03/2024 04.00,2244
26/03/2024 04.15,2208
26/03/2024 04.30,2166
26/03/2024 04.45,2100
26/03/2024 05.00,2034
26/03/2024 05.15,1908
26/03/2024 05.30,1716
26/03/2024 05.45,1626
26/03/2024 06.00,1602
26/03/2024 06.15,1752
26/03/2024 06.30,1956
26/03/2024 06.45,1974
26/03/2024 07.00,1968
26/03/2024 07.15,1758
26/03/2024 07.30,1644
26/03/2024 07.45,1572
26/03/2024 08.00,1572
26/03/2024 08.15,1614
26/03/2024 08.30,1332
26/03/2024 08.45,1206
26/03/2024 09.00,1380
26/03/2024 09.15,1482
26/03/2024 09.30,1134
26/03/2024 09.45,924
26/03/2024 10.00,1254
26/03/2024 10.15,1488
26/03/2024 10.30,1290
26/03/2024 10.45,1212
26/03/2024 11.00,834
26/03/2024 11.15,1194
26/03/2024 11.30,1788
26/03/2024 11.45,1896
26/03/2024 12.00,1842
26/03/2024 12.15,1746
26/03/2024 12.30,1284
26/03/2024 12.45,1320
26/03/2024 13.00,1812
26/03/2024 13.15,1950
26/03/2024 13.30,1860
26/03/2024 13.45,1812
26/03/2024 14.00,1794
26/03/2024 14.15,1602
26/03/2024 14.30,1650
26/03/2024 14.45,1662
26/03/2024 15.00,1890
26/03/2024 15.15,1866
26/03/2024 15.30,1674
26/03/2024 15.45,1302
26/03/2024 16.00,1044
26/03/2024 16.15,1500
26/03/2024 16.30,1740
26/03/2024 16.45,1890
26/03/2024 17.00,1962
26/03/2024 17.15,1932
26/03/2024 17.30,1980
26/03/2024 17.45,1980
26/03/2024 18.00,1950
26/03/2024 18.15,1926
26/03/2024 18.30,2016
26/03/2024 18.45,2028
26/03/2024 19.00,1968
26/03/2024 19.15,1956
26/03/2024 19.30,2076
26/03/2024 19.45,1914
26/03/2024 20.00,2136
26/03/2024 20.15,2004
26/03/2024 20.30,1992
26/03/2024 20.45,2106
26/03/2024 21.00,1992
26/03/2024 21.15,2052
26/03/2024 21.30,1932
26/03/2024 21.45,2124
26/03/2024 22.00,1920
26/03/2024 22.15,1794
26/03/2024 22.30,1614
26/03/2024 22.45,1584
26/03/2024 23.00,1440
26/03/2024 23.15,1452
26/03/2024 23.30,1440
26/03/2024 23.45,1272
27/03/2024 00.00,1248
27/03/2024 00.15,1584
27/03/2024 00.30,1758
27/03/2024 00.45,1878
27/03/2024 01.00,1932
27/03/2024 01.15,2016
27/03/2024 01.30,2046
27/03/2024 01.45,2076
27/03/2024 02.00,1998
27/03/2024 02.15,1776
27/03/2024 02.30,1722
27/03/2024 02.45,1998
27/03/2024 03.00,1938
27/03/2024 03.15,1848
27/03/2024 03.30,2022
27/03/2024 03.45,1956
27/03/2024 04.00,2028
27/03/2024 04.15,2016
27/03/2024 04.30,2040
27/03/2024 04.45,2052
27/03/2024 05.00,2040
27/03/2024 05.15,1986
27/03/2024 05.30,1896
27/03/2024 05.45,1950
27/03/2024 06.00,2094
27/03/2024 06.15,1920
27/03/2024 06.30,1938
27/03/2024 06.45,2022
27/03/2024 07.00,1818
27/03/2024 07.15,1668
27/03/2024 07.30,1572
27/03/2024 07.45,1410
27/03/2024 08.00,1464
27/03/2024 08.15,1464
27/03/2024 08.30,1386
27/03/2024 08.45,1404
27/03/2024 09.00,1404
27/03/2024 09.15,1248
27/03/2024 09.30,1350
27/03/2024 09.45,1224
27/03/2024 10.00,1284
27/03/2024 10.15,1296
27/03/2024 10.30,1560
27/03/2024 10.45,1254
27/03/2024 11.00,1368
27/03/2024 11.15,1248
27/03/2024 11.30,744
27/03/2024 11.45,744
27/03/2024 12.00,792
27/03/2024 12.15,888
27/03/2024 12.30,996
27/03/2024 12.45,1074
27/03/2024 13.00,1020
27/03/2024 13.15,1128
27/03/2024 13.30,1116
27/03/2024 13.45,1104
27/03/2024 14.00,1080
27/03/2024 14.15,1224
27/03/2024 14.30,1224
27/03/2024 14.45,1182
27/03/2024 15.00,1218
27/03/2024 15.15,1368
27/03/2024 15.30,1386
27/03/2024 15.45,1410
27/03/2024 16.00,1506
27/03/2024 16.15,1530
27/03/2024 16.30,1650
27/03/2024 16.45,1662
27/03/2024 17.00,1764
27/03/2024 17.15,1584
27/03/2024 17.30,1548
27/03/2024 17.45,1488
27/03/2024 18.00,1716
27/03/2024 18.15,1932
27/03/2024 18.30,2046
27/03/2024 18.45,1920
27/03/2024 19.00,1962
27/03/2024 19.15,2100
27/03/2024 19.30,2208
27/03/2024 19.45,2064
27/03/2024 20.00,2058
27/03/2024 20.15,2124
27/03/2024 20.30,2112
27/03/2024 20.45,2070
27/03/2024 21.00,2100
27/03/2024 21.15,2106
27/03/2024 21.30,2046
27/03/2024 21.45,2232
27/03/2024 22.00,1992
27/03/2024 22.15,1980
27/03/2024 22.30,2076
27/03/2024 22.45,2058
27/03/2024 23.00,1818
27/03/2024 23.15,1812
27/03/2024 23.30,1998
27/03/2024 23.45,2034
28/03/2024 00.00,2052
28/03/2024 00.15,2106
28/03/2024 00.30,2172
28/03/2024 00.45,2052
28/03/2024 01.00,2124
28/03/2024 01.15,2028
28/03/2024 01.30,1932
28/03/2024 01.45,2016
28/03/2024 02.00,2004
28/03/2024 02.15,2034
28/03/2024 02.30,2106
28/03/2024 02.45,1728
28/03/2024 03.00,2016
28/03/2024 03.15,2082
28/03/2024 03.30,2088
28/03/2024 03.45,1998
28/03/2024 04.00,2016
28/03/2024 04.15,1926
28/03/2024 04.30,2064
28/03/2024 04.45,1746
28/03/2024 05.00,1860
28/03/2024 05.15,2088
28/03/2024 05.30,1908
28/03/2024 05.45,1926
28/03/2024 06.00,1776
28/03/2024 06.15,1776
28/03/2024 06.30,1866
28/03/2024 06.45,1824
28/03/2024 07.00,1764
28/03/2024 07.15,1794
28/03/2024 07.30,1548
28/03/2024 07.45,1392
28/03/2024 08.00,1338
28/03/2024 08.15,1296
28/03/2024 08.30,1524
28/03/2024 08.45,1374
28/03/2024 09.00,1314
28/03/2024 09.15,1368
28/03/2024 09.30,1380
28/03/2024 09.45,1398
28/03/2024 10.00,1110
28/03/2024 10.15,1140
28/03/2024 10.30,1008
28/03/2024 10.45,1002
28/03/2024 11.00,936
28/03/2024 11.15,744
28/03/2024 11.30,906
28/03/2024 11.45,930
28/03/2024 12.00,984
28/03/2024 12.15,1068
28/03/2024 12.30,1512
28/03/2024 12.45,1584
28/03/2024 13.00,1452
28/03/2024 13.15,1038
28/03/2024 13.30,1524
28/03/2024 13.45,1746
28/03/2024 14.00,1710
28/03/2024 14.15,1608
28/03/2024 14.30,1344
28/03/2024 14.45,1152
28/03/2024 15.00,1494
28/03/2024 15.15,1548
28/03/2024 15.30,1590
28/03/2024 15.45,1812
28/03/2024 16.00,1860
28/03/2024 16.15,1794
28/03/2024 16.30,1866
28/03/2024 16.45,1842
28/03/2024 17.00,1938
28/03/2024 17.15,1692
28/03/2024 17.30,1848
28/03/2024 17.45,2094
28/03/2024 18.00,2112
28/03/2024 18.15,2136
28/03/2024 18.30,2058
28/03/2024 18.45,1908
28/03/2024 19.00,2094
28/03/2024 19.15,1980
28/03/2024 19.30,2076
28/03/2024 19.45,2064
28/03/2024 20.00,2160
28/03/2024 20.15,2040
28/03/2024 20.30,1962
28/03/2024 20.45,2094
28/03/2024 21.00,2082
28/03/2024 21.15,2058
28/03/2024 21.30,2106
28/03/2024 21.45,2118
28/03/2024 22.00,2196
28/03/2024 22.15,1896
28/03/2024 22.30,1674
28/03/2024 22.45,1620
28/03/2024 23.00,1800
28/03/2024 23.15,1986
28/03/2024 23.30,1872
28/03/2024 23.45,2112
29/03/2024 00.00,2064
29/03/2024 00.15,2004
29/03/2024 00.30,2100
29/03/2024 00.45,2136
29/03/2024 01.00,1890
29/03/2024 01.15,1842
29/03/2024 01.30,2196
29/03/2024 01.45,2100
29/03/2024 02.00,2070
29/03/2024 02.15,2214
29/03/2024 02.30,2142
29/03/2024 02.45,2232
29/03/2024 03.00,2166
29/03/2024 03.15,2088
29/03/2024 03.30,1962
29/03/2024 03.45,1824
29/03/2024 04.00,1824
29/03/2024 04.15,2094
29/03/2024 04.30,2124
29/03/2024 04.45,2100
29/03/2024 05.00,2124
29/03/2024 05.15,2028
29/03/2024 05.30,1980
29/03/2024 05.45,2124
29/03/2024 06.00,1944
29/03/2024 06.15,1896
29/03/2024 06.30,1836
29/03/2024 06.45,1776
29/03/2024 07.00,1590
29/03/2024 07.15,1734
29/03/2024 07.30,1704
29/03/2024 07.45,1602
29/03/2024 08.00,1416
29/03/2024 08.15,1440
29/03/2024 08.30,1506
29/03/2024 08.45,1356
29/03/2024 09.00,1332
29/03/2024 09.15,1440
29/03/2024 09.30,1254
29/03/2024 09.45,786
29/03/2024 10.00,636
29/03/2024 10.15,564
29/03/2024 10.30,456
29/03/2024 10.45,420
29/03/2024 11.00,582
29/03/2024 11.15,960
29/03/2024 11.30,714
29/03/2024 11.45,540
29/03/2024 12.00,744
29/03/2024 12.15,1416
29/03/2024 12.30,1500
29/03/2024 12.45,1200
29/03/2024 13.00,1284
29/03/2024 13.15,1206
29/03/2024 13.30,1104
29/03/2024 13.45,1104
29/03/2024 14.00,1404
29/03/2024 14.15,1356
29/03/2024 14.30,1092
29/03/2024 14.45,1422
29/03/2024 15.00,1206
29/03/2024 15.15,1080
29/03/2024 15.30,1140
29/03/2024 15.45,1236
29/03/2024 16.00,1344
29/03/2024 16.15,1266
29/03/2024 16.30,894
29/03/2024 16.45,1548
29/03/2024 17.00,1686
29/03/2024 17.15,1722
29/03/2024 17.30,1902
29/03/2024 17.45,2130
29/03/2024 18.00,2148
29/03/2024 18.15,2184
29/03/2024 18.30,2094
29/03/2024 18.45,2118
29/03/2024 19.00,2052
29/03/2024 19.15,2016
29/03/2024 19.30,1962
29/03/2024 19.45,2022
29/03/2024 20.00,2070
29/03/2024 20.15,2058
29/03/2024 20.30,1944
29/03/2024 20.45,2124
29/03/2024 21.00,1968
29/03/2024 21.15,2076
29/03/2024 21.30,1914
29/03/2024 21.45,2052
29/03/2024 22.00,1872
29/03/2024 22.15,1932
29/03/2024 22.30,1812
29/03/2024 22.45,1680
29/03/2024 23.00,1716
29/03/2024 23.15,2016
29/03/2024 23.30,2076
29/03/2024 23.45,2052
30/03/2024 00.00,2004
30/03/2024 00.15,1950
30/03/2024 00.30,2040
30/03/2024 00.45,1740
30/03/2024 01.00,1734
30/03/2024 01.15,1950
30/03/2024 01.30,1980
30/03/2024 01.45,2010
30/03/2024 02.00,2124
30/03/2024 02.15,1878
30/03/2024 02.30,1698
30/03/2024 02.45,1644
30/03/2024 03.00,1848
30/03/2024 03.15,2094
30/03/2024 03.30,2148
30/03/2024 03.45,2112
30/03/2024 04.00,2088
30/03/2024 04.15,2028
30/03/2024 04.30,1992
30/03/2024 04.45,1944
30/03/2024 05.00,1842
30/03/2024 05.15,1740
30/03/2024 05.30,1572
30/03/2024 05.45,1662
30/03/2024 06.00,1896
30/03/2024 06.15,1866
30/03/2024 06.30,1554
30/03/2024 06.45,1422
30/03/2024 07.00,1410
30/03/2024 07.15,1674
30/03/2024 07.30,1560
30/03/2024 07.45,1518
30/03/2024 08.00,1572
30/03/2024 08.15,1368
30/03/2024 08.30,1416
30/03/2024 08.45,1158
30/03/2024 09.00,1320
30/03/2024 09.15,1038
30/03/2024 09.30,1062
30/03/2024 09.45,1050
30/03/2024 10.00,888
30/03/2024 10.15,1068
30/03/2024 10.30,1146
30/03/2024 10.45,1116
30/03/2024 11.00,960
30/03/2024 11.15,1014
30/03/2024 11.30,852
30/03/2024 11.45,480
30/03/2024 12.00,624
30/03/2024 12.15,1158
30/03/2024 12.30,1020
30/03/2024 12.45,948
30/03/2024 13.00,1020
30/03/2024 13.15,942
30/03/2024 13.30,1098
30/03/2024 13.45,1524
30/03/2024 14.00,1752
30/03/2024 14.15,924
30/03/2024 14.30,1074
30/03/2024 14.45,1644
30/03/2024 15.00,1668
30/03/2024 15.15,1536
30/03/2024 15.30,1572
30/03/2024 15.45,1164
30/03/2024 16.00,864
30/03/2024 16.15,1254
30/03/2024 16.30,1506
30/03/2024 16.45,1464
30/03/2024 17.00,1548
30/03/2024 17.15,1740
30/03/2024 17.30,1764
30/03/2024 17.45,1992
30/03/2024 18.00,1884
30/03/2024 18.15,1884
30/03/2024 18.30,1944
30/03/2024 18.45,1890
30/03/2024 19.00,1962
30/03/2024 19.15,1968
30/03/2024 19.30,1728
30/03/2024 19.45,1764
30/03/2024 20.00,2022
30/03/2024 20.15,1938
30/03/2024 20.30,2016
30/03/2024 20.45,1974
30/03/2024 21.00,1932
30/03/2024 21.15,1824
30/03/2024 21.30,1998
30/03/2024 21.45,1986
30/03/2024 22.00,1980
30/03/2024 22.15,2058
30/03/2024 22.30,1980
30/03/2024 22.45,2028
30/03/2024 23.00,1980
30/03/2024 23.15,1944
30/03/2024 23.30,1794
30/03/2024 23.45,1986
31/03/2024 00.00,2004
31/03/2024 00.15,1974
31/03/2024 00.30,1968
31/03/2024 00.45,1788
31/03/2024 01.00,1962
31/03/2024 01.15,2010
31/03/2024 01.30,1986
31/03/2024 01.45,2034
31/03/2024 02.00,2010
31/03/2024 02.15,2016
31/03/2024 02.30,1944
31/03/2024 02.45,1770
31/03/2024 03.00,1536
31/03/2024 03.15,1560
31/03/2024 03.30,2040
31/03/2024 03.45,2034
31/03/2024 04.00,1938
31/03/2024 04.15,1950
31/03/2024 04.30,2112
31/03/2024 04.45,2052
31/03/2024 05.00,1992
31/03/2024 05.15,2016
31/03/2024 05.30,1812
31/03/2024 05.45,1626
31/03/2024 06.00,1566
31/03/2024 06.15,1698
31/03/2024 06.30,1854
31/03/2024 06.45,1848
31/03/2024 07.00,1770
31/03/2024 07.15,1476
31/03/2024 07.30,1308
31/03/2024 07.45,1326
31/03/2024 08.00,1434
31/03/2024 08.15,1062
31/03/2024 08.30,1230
31/03/2024 08.45,1146
31/03/2024 09.00,1074
31/03/2024 09.15,1014
31/03/2024 09.30,750
31/03/2024 09.45,864
31/03/2024 10.00,1002
31/03/2024 10.15,960
31/03/2024 10.30,864
31/03/2024 10.45,636
31/03/2024 11.00,504
31/03/2024 11.15,822
31/03/2024 11.30,714
31/03/2024 11.45,816
31/03/2024 12.00,738
31/03/2024 12.15,690
31/03/2024 12.30,834
31/03/2024 12.45,684
31/03/2024 13.00,990
31/03/2024 13.15,954
31/03/2024 13.30,768
31/03/2024 13.45,1308
31/03/2024 14.00,1440
31/03/2024 14.15,1386
31/03/2024 14.30,1674
31/03/2024 14.45,1488
31/03/2024 15.00,1146
31/03/2024 15.15,1452
31/03/2024 15.30,1584
31/03/2024 15.45,1692
31/03/2024 16.00,1650
31/03/2024 16.15,1572
31/03/2024 16.30,1536
31/03/2024 16.45,1656
31/03/2024 17.00,1542
31/03/2024 17.15,1614
31/03/2024 17.30,1746
31/03/2024 17.45,1764
31/03/2024 18.00,1836
31/03/2024 18.15,1824
31/03/2024 18.30,1896
31/03/2024 18.45,1878
31/03/2024 19.00,1824
31/03/2024 19.15,1926
31/03/2024 19.30,1812
31/03/2024 19.45,1860
31/03/2024 20.00,1854
31/03/2024 20.15,1794
31/03/2024 20.30,1992
31/03/2024 20.45,1986
31/03/2024 21.00,1956
31/03/2024 21.15,1974
31/03/2024 21.30,2028
31/03/2024 21.45,1980
31/03/2024 22.00,1878
31/03/2024 22.15,1764
31/03/2024 22.30,1962
31/03/2024 22.45,1968
31/03/2024 23.00,1938
31/03/2024 23.15,1860
31/03/2024 23.30,1632
31/03/2024 23.45,1476
01/04/2024 00.00,1350
01/04/2024 00.15,1428
01/04/2024 00.30,1542
01/04/2024 00.45,1332
01/04/2024 01.00,1380
01/04/2024 01.15,1314
01/04/2024 01.30,1086
01/04/2024 01.45,1080
01/04/2024 02.00,1080
01/04/2024 02.15,1080
01/04/2024 02.30,1056
01/04/2024 02.45,1086
01/04/2024 03.00,1080
01/04/2024 03.15,1080
01/04/2024 03.30,1062
01/04/2024 03.45,1056
01/04/2024 04.00,1044
01/04/2024 04.15,1062
01/04/2024 04.30,1032
01/04/2024 04.45,1026
01/04/2024 05.00,1014
01/04/2024 05.15,1008
01/04/2024 05.30,1020
01/04/2024 05.45,996
01/04/2024 06.00,972
01/04/2024 06.15,906
01/04/2024 06.30,828
01/04/2024 06.45,738
01/04/2024 07.00,666
01/04/2024 07.15,582
01/04/2024 07.30,456
01/04/2024 07.45,300
01/04/2024 08.00,72
01/04/2024 08.15,0
01/04/2024 08.30,12
01/04/2024 08.45,12
01/04/2024 09.00,0
01/04/2024 09.15,0
01/04/2024 09.30,0
01/04/2024 09.45,0
01/04/2024 10.00,0
01/04/2024 10.15,0
01/04/2024 10.30,0
01/04/2024 10.45,12
01/04/2024 11.00,0
01/04/2024 11.15,0
01/04/2024 11.30,0
01/04/2024 11.45,0
01/04/2024 12.00,0
01/04/2024 12.15,0
01/04/2024 12.30,18
01/04/2024 12.45,6
01/04/2024 13.00,0
01/04/2024 13.15,12
01/04/2024 13.30,0
01/04/2024 13.45,0
01/04/2024 14.00,0
01/04/2024 14.15,0
01/04/2024 14.30,0
01/04/2024 14.45,0
01/04/2024 15.00,6
01/04/2024 15.15,6
01/04/2024 15.30,0
01/04/2024 15.45,12
01/04/2024 16.00,12
01/04/2024 16.15,132
01/04/2024 16.30,102
01/04/2024 16.45,60
01/04/2024 17.00,60
01/04/2024 17.15,24
01/04/2024 17.30,66
01/04/2024 17.45,156
01/04/2024 18.00,204
01/04/2024 18.15,240
01/04/2024 18.30,240
01/04/2024 18.45,240
01/04/2024 19.00,228
01/04/2024 19.15,240
01/04/2024 19.30,240
01/04/2024 19.45,240
01/04/2024 20.00,240
01/04/2024 20.15,240
01/04/2024 20.30,240
01/04/2024 20.45,252
01/04/2024 21.00,228
01/04/2024 21.15,240
01/04/2024 21.30,240
01/04/2024 21.45,228
01/04/2024 22.00,252
01/04/2024 22.15,240
01/04/2024 22.30,246
01/04/2024 22.45,240
01/04/2024 23.00,240
01/04/2024 23.15,240
01/04/2024 23.30,240
01/04/2024 23.45,252
02/04/2024 00.00,264
02/04/2024 00.15,246
02/04/2024 00.30,252
02/04/2024 00.45,228
02/04/2024 01.00,228
02/04/2024 01.15,240
02/04/2024 01.30,252
02/04/2024 01.45,228
02/04/2024 02.00,228
02/04/2024 02.15,246
02/04/2024 02.30,228
02/04/2024 02.45,240
02/04/2024 03.00,228
02/04/2024 03.15,234
02/04/2024 03.30,216
02/04/2024 03.45,204
02/04/2024 04.00,216
02/04/2024 04.15,216
02/04/2024 04.30,192
02/04/2024 04.45,186
02/04/2024 05.00,186
02/04/2024 05.15,198
02/04/2024 05.30,204
02/04/2024 05.45,210
02/04/2024 06.00,204
02/04/2024 06.15,156
02/04/2024 06.30,102
02/04/2024 06.45,78
02/04/2024 07.00,12
02/04/2024 07.15,0
02/04/2024 07.30,0
02/04/2024 07.45,0
02/04/2024 08.00,0
02/04/2024 08.15,0
02/04/2024 08.30,12
02/04/2024 08.45,6
02/04/2024 09.00,0
02/04/2024 09.15,0
02/04/2024 09.30,0
02/04/2024 09.45,6
02/04/2024 10.00,0
02/04/2024 10.15,0
02/04/2024 10.30,0
02/04/2024 10.45,0
02/04/2024 11.00,0
02/04/2024 11.15,0
02/04/2024 11.30,0
02/04/2024 11.45,0
02/04/2024 12.00,0
02/04/2024 12.15,0
02/04/2024 12.30,0
02/04/2024 12.45,0
02/04/2024 13.00,0
02/04/2024 13.15,0
02/04/2024 13.30,0
02/04/2024 13.45,0
02/04/2024 14.00,0
02/04/2024 14.15,0
02/04/2024 14.30,0
02/04/2024 14.45,0
02/04/2024 15.00,0
02/04/2024 15.15,0
02/04/2024 15.30,0
02/04/2024 15.45,0
02/04/2024 16.00,0
02/04/2024 16.15,0
02/04/2024 16.30,0
02/04/2024 16.45,0
02/04/2024 17.00,0
02/04/2024 17.15,6
02/04/2024 17.30,12
02/04/2024 17.45,84
02/04/2024 18.00,138
02/04/2024 18.15,162
02/04/2024 18.30,180
02/04/2024 18.45,180
02/04/2024 19.00,180
02/04/2024 19.15,180
02/04/2024 19.30,174
02/04/2024 19.45,180
02/04/2024 20.00,180
02/04/2024 20.15,180
02/04/2024 20.30,180
02/04/2024 20.45,186
02/04/2024 21.00,174
02/04/2024 21.15,186
02/04/2024 21.30,186
02/04/2024 21.45,174
02/04/2024 22.00,180
02/04/2024 22.15,174
02/04/2024 22.30,186
02/04/2024 22.45,198
02/04/2024 23.00,186
02/04/2024 23.15,186
02/04/2024 23.30,174
02/04/2024 23.45,180
03/04/2024 00.00,180
03/04/2024 00.15,174
03/04/2024 00.30,180
03/04/2024 00.45,180
03/04/2024 01.00,174
03/04/2024 01.15,174
03/04/2024 01.30,174
03/04/2024 01.45,168
03/04/2024 02.00,180
03/04/2024 02.15,168
03/04/2024 02.30,180
03/04/2024 02.45,168
03/04/2024 03.00,168
03/04/2024 03.15,168
03/04/2024 03.30,162
03/04/2024 03.45,174
03/04/2024 04.00,174
03/04/2024 04.15,186
03/04/2024 04.30,162
03/04/2024 04.45,168
03/04/2024 05.00,156
03/04/2024 05.15,156
03/04/2024 05.30,138
03/04/2024 05.45,144
03/04/2024 06.00,150
03/04/2024 06.15,78
03/04/2024 06.30,36
03/04/2024 06.45,12
03/04/2024 07.00,0
03/04/2024 07.15,0
03/04/2024 07.30,0
03/04/2024 07.45,0
03/04/2024 08.00,0
03/04/2024 08.15,0
03/04/2024 08.30,0
03/04/2024 08.45,0
03/04/2024 09.00,0
03/04/2024 09.15,0
03/04/2024 09.30,0
03/04/2024 09.45,0
03/04/2024 10.00,0
03/04/2024 10.15,0
03/04/2024 10.30,0
03/04/2024 10.45,0
03/04/2024 11.00,0
03/04/2024 11.15,0
03/04/2024 11.30,0
03/04/2024 11.45,0
03/04/2024 12.00,0
03/04/2024 12.15,0
03/04/2024 12.30,0
03/04/2024 12.45,0
03/04/2024 13.00,0
03/04/2024 13.15,0
03/04/2024 13.30,0
03/04/2024 13.45,0
03/04/2024 14.00,0
03/04/2024 14.15,0
03/04/2024 14.30,0
03/04/2024 14.45,0
03/04/2024 15.00,0
03/04/2024 15.15,0
03/04/2024 15.30,6
03/04/2024 15.45,0
03/04/2024 16.00,6
03/04/2024 16.15,0
03/04/2024 16.30,18
03/04/2024 16.45,36
03/04/2024 17.00,18
03/04/2024 17.15,36
03/04/2024 17.30,24
03/04/2024 17.45,42
03/04/2024 18.00,84
03/04/2024 18.15,150
03/04/2024 18.30,180
03/04/2024 18.45,168
03/04/2024 19.00,168
03/04/2024 19.15,168
03/04/2024 19.30,162
03/04/2024 19.45,162
03/04/2024 20.00,168
03/04/2024 20.15,180
03/04/2024 20.30,174
03/04/2024 20.45,174
03/04/2024 21.00,174
03/04/2024 21.15,162
03/04/2024 21.30,162
03/04/2024 21.45,186
03/04/2024 22.00,174
03/04/2024 22.15,168
03/04/2024 22.30,180
03/04/2024 22.45,180
03/04/2024 23.00,180
03/04/2024 23.15,168
03/04/2024 23.30,168
03/04/2024 23.45,168
04/04/2024 00.00,180
04/04/2024 00.15,180
04/04/2024 00.30,192
04/04/2024 00.45,174
04/04/2024 01.00,162
04/04/2024 01.15,174
04/04/2024 01.30,174
04/04/2024 01.45,174
04/04/2024 02.00,180
04/04/2024 02.15,168
04/04/2024 02.30,162
04/04/2024 02.45,180
04/04/2024 03.00,162
04/04/2024 03.15,180
04/04/2024 03.30,174
04/04/2024 03.45,168
04/04/2024 04.00,162
04/04/2024 04.15,168
04/04/2024 04.30,162
04/04/2024 04.45,174
04/04/2024 05.00,144
04/04/2024 05.15,156
04/04/2024 05.30,156
04/04/2024 05.45,138
04/04/2024 06.00,138
04/04/2024 06.15,108
04/04/2024 06.30,24
04/04/2024 06.45,0
04/04/2024 07.00,0
04/04/2024 07.15,0
04/04/2024 07.30,0
04/04/2024 07.45,0
04/04/2024 08.00,0
04/04/2024 08.15,0
04/04/2024 08.30,0
04/04/2024 08.45,0
04/04/2024 09.00,0
04/04/2024 09.15,0
04/04/2024 09.30,0
04/04/2024 09.45,0
04/04/2024 10.00,0
04/04/2024 10.15,0
04/04/2024 10.30,0
04/04/2024 10.45,0
04/04/2024 11.00,0
04/04/2024 11.15,0
04/04/2024 11.30,0
04/04/2024 11.45,0
04/04/2024 12.00,0
04/04/2024 12.15,0
04/04/2024 12.30,0
04/04/2024 12.45,0
04/04/2024 13.00,0
04/04/2024 13.15,0
04/04/2024 13.30,0
04/04/2024 13.45,0
04/04/2024 14.00,0
04/04/2024 14.15,0
04/04/2024 14.30,6
04/04/2024 14.45,0
04/04/2024 15.00,0
04/04/2024 15.15,0
04/04/2024 15.30,0
04/04/2024 15.45,6
04/04/2024 16.00,0
04/04/2024 16.15,0
04/04/2024 16.30,0
04/04/2024 16.45,0
04/04/2024 17.00,0
04/04/2024 17.15,0
04/04/2024 17.30,12
04/04/2024 17.45,72
04/04/2024 18.00,150
04/04/2024 18.15,174
04/04/2024 18.30,180
04/04/2024 18.45,210
04/04/2024 19.00,228
04/04/2024 19.15,264
04/04/2024 19.30,270
04/04/2024 19.45,240
04/04/2024 20.00,312
04/04/2024 20.15,432
04/04/2024 20.30,516
04/04/2024 20.45,828
04/04/2024 21.00,1392
04/04/2024 21.15,1326
04/04/2024 21.30,1464
04/04/2024 21.45,1548
04/04/2024 22.00,1326
04/04/2024 22.15,1500
04/04/2024 22.30,1608
04/04/2024 22.45,1536
04/04/2024 23.00,1614
04/04/2024 23.15,1626
04/04/2024 23.30,1644
04/04/2024 23.45,1680
05/04/2024 00.00,1800
05/04/2024 00.15,1962
05/04/2024 00.30,1872
05/04/2024 00.45,1842
05/04/2024 01.00,1632
05/04/2024 01.15,1794
05/04/2024 01.30,1950
05/04/2024 01.45,1752
05/04/2024 02.00,1644
05/04/2024 02.15,1908
05/04/2024 02.30,1794
05/04/2024 02.45,1746
05/04/2024 03.00,1680
05/04/2024 03.15,1476
05/04/2024 03.30,1686
05/04/2024 03.45,1746
05/04/2024 04.00,1770
05/04/2024 04.15,1962
05/04/2024 04.30,1890
05/04/2024 04.45,1824
05/04/2024 05.00,1896
05/04/2024 05.15,1878
05/04/2024 05.30,1752
05/04/2024 05.45,1818
05/04/2024 06.00,1542
05/04/2024 06.15,1386
05/04/2024 06.30,1482
05/04/2024 06.45,1680
05/04/2024 07.00,1584
05/04/2024 07.15,1398
05/04/2024 07.30,1338
05/04/2024 07.45,1302
05/04/2024 08.00,1284
05/04/2024 08.15,1272
05/04/2024 08.30,1296
05/04/2024 08.45,1236
05/04/2024 09.00,900
05/04/2024 09.15,924
05/04/2024 09.30,720
05/04/2024 09.45,732
05/04/2024 10.00,600
05/04/2024 10.15,546
05/04/2024 10.30,624
05/04/2024 10.45,576
05/04/2024 11.00,600
05/04/2024 11.15,498
05/04/2024 11.30,570
05/04/2024 11.45,636
05/04/2024 12.00,936
05/04/2024 12.15,834
05/04/2024 12.30,852
05/04/2024 12.45,540
05/04/2024 13.00,804
05/04/2024 13.15,1518
05/04/2024 13.30,1128
05/04/2024 13.45,642
05/04/2024 14.00,600
05/04/2024 14.15,1242
05/04/2024 14.30,1026
05/04/2024 14.45,900
05/04/2024 15.00,894
05/04/2024 15.15,1164
05/04/2024 15.30,1224
05/04/2024 15.45,1332
05/04/2024 16.00,1386
05/04/2024 16.15,1464
05/04/2024 16.30,1524
05/04/2024 16.45,1500
05/04/2024 17.00,1650
05/04/2024 17.15,1716
05/04/2024 17.30,1740
05/04/2024 17.45,1926
05/04/2024 18.00,1884
05/04/2024 18.15,1956
05/04/2024 18.30,1908
05/04/2024 18.45,1938
05/04/2024 19.00,1788
05/04/2024 19.15,1794
05/04/2024 19.30,1716
05/04/2024 19.45,1920
05/04/2024 20.00,1752
05/04/2024 20.15,1962
05/04/2024 20.30,2046
05/04/2024 20.45,1992
05/04/2024 21.00,1980
05/04/2024 21.15,1938
05/04/2024 21.30,2094
05/04/2024 21.45,1980
05/04/2024 22.00,1920
05/04/2024 22.15,1956
05/04/2024 22.30,2028
05/04/2024 22.45,1836
05/04/2024 23.00,2004
05/04/2024 23.15,1896
05/04/2024 23.30,2064
05/04/2024 23.45,2070
06/04/2024 00.00,1968
06/04/2024 00.15,1992
06/04/2024 00.30,2016
06/04/2024 00.45,1854
06/04/2024 01.00,1878
06/04/2024 01.15,1932
06/04/2024 01.30,1608
06/04/2024 01.45,1524
06/04/2024 02.00,1596
06/04/2024 02.15,1620
06/04/2024 02.30,1602
06/04/2024 02.45,1512
06/04/2024 03.00,1626
06/04/2024 03.15,1866
06/04/2024 03.30,1680
06/04/2024 03.45,1860
06/04/2024 04.00,1788
06/04/2024 04.15,1740
06/04/2024 04.30,1752
06/04/2024 04.45,1824
06/04/2024 05.00,1686
06/04/2024 05.15,1818
06/04/2024 05.30,1968
06/04/2024 05.45,1890
06/04/2024 06.00,1836
06/04/2024 06.15,1758
06/04/2024 06.30,1482
06/04/2024 06.45,1560
06/04/2024 07.00,1602
06/04/2024 07.15,1512
06/04/2024 07.30,1434
06/04/2024 07.45,1428
06/04/2024 08.00,1302
06/04/2024 08.15,1212
06/04/2024 08.30,1128
06/04/2024 08.45,984
06/04/2024 09.00,942
06/04/2024 09.15,756
06/04/2024 09.30,894
06/04/2024 09.45,894
06/04/2024 10.00,840
06/04/2024 10.15,858
06/04/2024 10.30,828
06/04/2024 10.45,912
06/04/2024 11.00,750
06/04/2024 11.15,912
06/04/2024 11.30,840
06/04/2024 11.45,750
06/04/2024 12.00,744
06/04/2024 12.15,684
06/04/2024 12.30,636
06/04/2024 12.45,708
06/04/2024 13.00,978
06/04/2024 13.15,888
06/04/2024 13.30,726
06/04/2024 13.45,1098
06/04/2024 14.00,678
06/04/2024 14.15,804
06/04/2024 14.30,660
06/04/2024 14.45,1044
06/04/2024 15.00,1134
06/04/2024 15.15,1398
06/04/2024 15.30,1266
06/04/2024 15.45,1392
06/04/2024 16.00,1434
06/04/2024 16.15,1428
06/04/2024 16.30,1560
06/04/2024 16.45,1440
06/04/2024 17.00,1752
06/04/2024 17.15,1512
06/04/2024 17.30,1800
06/04/2024 17.45,1896
06/04/2024 18.00,1674
06/04/2024 18.15,1980
06/04/2024 18.30,1806
06/04/2024 18.45,1818
06/04/2024 19.00,1632
06/04/2024 19.15,1968
06/04/2024 19.30,1746
06/04/2024 19.45,1956
06/04/2024 20.00,1914
06/04/2024 20.15,1824
06/04/2024 20.30,1836
06/04/2024 20.45,1872
06/04/2024 21.00,1974
06/04/2024 21.15,1902
06/04/2024 21.30,1788
06/04/2024 21.45,1956
06/04/2024 22.00,1926
06/04/2024 22.15,2040
06/04/2024 22.30,1848
06/04/2024 22.45,2004
06/04/2024 23.00,1992
06/04/2024 23.15,2010
06/04/2024 23.30,1938
06/04/2024 23.45,1818
07/04/2024 00.00,1602
07/04/2024 00.15,1722
07/04/2024 00.30,1890
07/04/2024 00.45,1698
07/04/2024 01.00,1464
07/04/2024 01.15,1554
07/04/2024 01.30,1578
07/04/2024 01.45,1590
07/04/2024 02.00,1794
07/04/2024 02.15,1848
07/04/2024 02.30,2010
07/04/2024 02.45,1848
07/04/2024 03.00,1944
07/04/2024 03.15,1968
07/04/2024 03.30,1938
07/04/2024 03.45,1998
07/04/2024 04.00,1842
07/04/2024 04.15,1830
07/04/2024 04.30,1932
07/04/2024 04.45,1854
07/04/2024 05.00,1716
07/04/2024 05.15,1782
07/04/2024 05.30,1842
07/04/2024 05.45,1848
07/04/2024 06.00,1704
07/04/2024 06.15,1692
07/04/2024 06.30,1596
07/04/2024 06.45,1668
07/04/2024 07.00,1620
07/04/2024 07.15,1434
07/04/2024 07.30,1416
07/04/2024 07.45,1314
07/04/2024 08.00,1164
07/04/2024 08.15,1248
07/04/2024 08.30,1218
07/04/2024 08.45,1080
07/04/2024 09.00,858
07/04/2024 09.15,1062
07/04/2024 09.30,1032
07/04/2024 09.45,846
07/04/2024 10.00,540
07/04/2024 10.15,648
07/04/2024 10.30,900
07/04/2024 10.45,726
07/04/2024 11.00,648
07/04/2024 11.15,858
07/04/2024 11.30,762
07/04/2024 11.45,774
07/04/2024 12.00,540
07/04/2024 12.15,624
07/04/2024 12.30,606
07/04/2024 12.45,480
07/04/2024 13.00,432
07/04/2024 13.15,342
07/04/2024 13.30,504
07/04/2024 13.45,510
07/04/2024 14.00,372
07/04/2024 14.15,864
07/04/2024 14.30,600
07/04/2024 14.45,390
07/04/2024 15.00,534
07/04/2024 15.15,822
07/04/2024 15.30,600
07/04/2024 15.45,912
07/04/2024 16.00,990
07/04/2024 16.15,828
07/04/2024 16.30,918
07/04/2024 16.45,1014
07/04/2024 17.00,1206
07/04/2024 17.15,1230
07/04/2024 17.30,1320
07/04/2024 17.45,1470
07/04/2024 18.00,1512
07/04/2024 18.15,1560
07/04/2024 18.30,1470
07/04/2024 18.45,1524
07/04/2024 19.00,1500
07/04/2024 19.15,1500
07/04/2024 19.30,1506
07/04/2024 19.45,1530
07/04/2024 20.00,1464
07/04/2024 20.15,1428
07/04/2024 20.30,1308
07/04/2024 20.45,1332
07/04/2024 21.00,1458
07/04/2024 21.15,1932
07/04/2024 21.30,1956
07/04/2024 21.45,1968
07/04/2024 22.00,1932
07/04/2024 22.15,1878
07/04/2024 22.30,2046
07/04/2024 22.45,2058
07/04/2024 23.00,2010
07/04/2024 23.15,1938
07/04/2024 23.30,1896
07/04/2024 23.45,1836
08/04/2024 00.00,1920
08/04/2024 00.15,1992
08/04/2024 00.30,1878
08/04/2024 00.45,1866
08/04/2024 01.00,1956
08/04/2024 01.15,1938
08/04/2024 01.30,1968
08/04/2024 01.45,1884
08/04/2024 02.00,1746
08/04/2024 02.15,1590
08/04/2024 02.30,1638
08/04/2024 02.45,1704
08/04/2024 03.00,1836
08/04/2024 03.15,1548
08/04/2024 03.30,1842
08/04/2024 03.45,2040
08/04/2024 04.00,1926
08/04/2024 04.15,2004
08/04/2024 04.30,1968
08/04/2024 04.45,1956
08/04/2024 05.00,1830
08/04/2024 05.15,1800
08/04/2024 05.30,2010
08/04/2024 05.45,1794
08/04/2024 06.00,1776
08/04/2024 06.15,1698
08/04/2024 06.30,1650
08/04/2024 06.45,1716
08/04/2024 07.00,1644
08/04/2024 07.15,1632
08/04/2024 07.30,1554
08/04/2024 07.45,1482
08/04/2024 08.00,1410
08/04/2024 08.15,1248
08/04/2024 08.30,1320
08/04/2024 08.45,1218
08/04/2024 09.00,1062
08/04/2024 09.15,1062
08/04/2024 09.30,1146
08/04/2024 09.45,990
08/04/2024 10.00,1050
08/04/2024 10.15,804
08/04/2024 10.30,696
08/04/2024 10.45,828
08/04/2024 11.00,876
08/04/2024 11.15,948
08/04/2024 11.30,924
08/04/2024 11.45,1302
08/04/2024 12.00,912
08/04/2024 12.15,948
08/04/2024 12.30,1080
08/04/2024 12.45,1188
08/04/2024 13.00,1308
08/04/2024 13.15,1110
08/04/2024 13.30,900
08/04/2024 13.45,1356
08/04/2024 14.00,1068
08/04/2024 14.15,1194
08/04/2024 14.30,1122
08/04/2024 14.45,1320
08/04/2024 15.00,1686
08/04/2024 15.15,1644
08/04/2024 15.30,1368
08/04/2024 15.45,1416
08/04/2024 16.00,1524
08/04/2024 16.15,1428
08/04/2024 16.30,1794
08/04/2024 16.45,1734
08/04/2024 17.00,1782
08/04/2024 17.15,1500
08/04/2024 17.30,1470
08/04/2024 17.45,1542
08/04/2024 18.00,1548
08/04/2024 18.15,1572
08/04/2024 18.30,1620
08/04/2024 18.45,1944
08/04/2024 19.00,1614
08/04/2024 19.15,1668
08/04/2024 19.30,1914
08/04/2024 19.45,1788
08/04/2024 20.00,1860
08/04/2024 20.15,1932
08/04/2024 20.30,2040
08/04/2024 20.45,2124
08/04/2024 21.00,2136
08/04/2024 21.15,2028
08/04/2024 21.30,2052
08/04/2024 21.45,2070
08/04/2024 22.00,2058
08/04/2024 22.15,2004
08/04/2024 22.30,1920
08/04/2024 22.45,2106
08/04/2024 23.00,2094
08/04/2024 23.15,2016
08/04/2024 23.30,1842
08/04/2024 23.45,2088
09/04/2024 00.00,2058
09/04/2024 00.15,2124
09/04/2024 00.30,2106
09/04/2024 00.45,2082
09/04/2024 01.00,2082
09/04/2024 01.15,2172
09/04/2024 01.30,2106
09/04/2024 01.45,2004
09/04/2024 02.00,1950
09/04/2024 02.15,1920
09/04/2024 02.30,1686
09/04/2024 02.45,1392
09/04/2024 03.00,1872
09/04/2024 03.15,1962
09/04/2024 03.30,1986
09/04/2024 03.45,1998
09/04/2024 04.00,1872
09/04/2024 04.15,1830
09/04/2024 04.30,1968
09/04/2024 04.45,1884
09/04/2024 05.00,1740
09/04/2024 05.15,1920
09/04/2024 05.30,1980
09/04/2024 05.45,2016
09/04/2024 06.00,1956
09/04/2024 06.15,1818
09/04/2024 06.30,1968
09/04/2024 06.45,1866
09/04/2024 07.00,1908
09/04/2024 07.15,1782
09/04/2024 07.30,1776
09/04/2024 07.45,1770
09/04/2024 08.00,1716
09/04/2024 08.15,1608
09/04/2024 08.30,1524
09/04/2024 08.45,1224
09/04/2024 09.00,1128
09/04/2024 09.15,912
09/04/2024 09.30,1038
09/04/2024 09.45,1062
09/04/2024 10.00,1248
09/04/2024 10.15,1086
09/04/2024 10.30,1074
09/04/2024 10.45,1284
09/04/2024 11.00,1134
09/04/2024 11.15,930
09/04/2024 11.30,1392
09/04/2024 11.45,1422
09/04/2024 12.00,1416
09/04/2024 12.15,1218
09/04/2024 12.30,1404
09/04/2024 12.45,1158
09/04/2024 13.00,1200
09/04/2024 13.15,1236
09/04/2024 13.30,1122
09/04/2024 13.45,1236
09/04/2024 14.00,1008
09/04/2024 14.15,924
09/04/2024 14.30,816
09/04/2024 14.45,828
09/04/2024 15.00,564
09/04/2024 15.15,690
09/04/2024 15.30,486
09/04/2024 15.45,624
09/04/2024 16.00,1140
09/04/2024 16.15,906
09/04/2024 16.30,876
09/04/2024 16.45,1020
09/04/2024 17.00,1458
09/04/2024 17.15,1398
09/04/2024 17.30,1944
09/04/2024 17.45,2010
09/04/2024 18.00,2082
09/04/2024 18.15,1986
09/04/2024 18.30,1812
09/04/2024 18.45,2076
09/04/2024 19.00,2028
09/04/2024 19.15,1980
09/04/2024 19.30,1800
09/04/2024 19.45,1590
09/04/2024 20.00,1620
09/04/2024 20.15,1572
09/04/2024 20.30,1632
09/04/2024 20.45,1590
09/04/2024 21.00,1626
09/04/2024 21.15,1548
09/04/2024 21.30,1092
09/04/2024 21.45,852
09/04/2024 22.00,948
09/04/2024 22.15,978
09/04/2024 22.30,708
09/04/2024 22.45,534
09/04/2024 23.00,522
09/04/2024 23.15,768
09/04/2024 23.30,1380
09/04/2024 23.45,1392
10/04/2024 00.00,1404
10/04/2024 00.15,1506
10/04/2024 00.30,1560
10/04/2024 00.45,1758
10/04/2024 01.00,1776
10/04/2024 01.15,1788
10/04/2024 01.30,1716
10/04/2024 01.45,1542
10/04/2024 02.00,1620
10/04/2024 02.15,1536
10/04/2024 02.30,1716
10/04/2024 02.45,1530
10/04/2024 03.00,1728
10/04/2024 03.15,1932
10/04/2024 03.30,1890
10/04/2024 03.45,1776
10/04/2024 04.00,1980
10/04/2024 04.15,1902
10/04/2024 04.30,1908
10/04/2024 04.45,2016
10/04/2024 05.00,1896
10/04/2024 05.15,1776
10/04/2024 05.30,2106
10/04/2024 05.45,1908
10/04/2024 06.00,1842
10/04/2024 06.15,1860
10/04/2024 06.30,1902
10/04/2024 06.45,1914
10/04/2024 07.00,1890
10/04/2024 07.15,1878
10/04/2024 07.30,1800
10/04/2024 07.45,1464
10/04/2024 08.00,1092
10/04/2024 08.15,1086
10/04/2024 08.30,1014
10/04/2024 08.45,714
10/04/2024 09.00,690
10/04/2024 09.15,960
10/04/2024 09.30,1146
10/04/2024 09.45,1200
10/04/2024 10.00,1152
10/04/2024 10.15,1260
10/04/2024 10.30,1320
10/04/2024 10.45,1242
10/04/2024 11.00,1122
10/04/2024 11.15,840
10/04/2024 11.30,1110
10/04/2024 11.45,924
10/04/2024 12.00,1008
10/04/2024 12.15,966
10/04/2024 12.30,906
10/04/2024 12.45,636
10/04/2024 13.00,756
10/04/2024 13.15,696
10/04/2024 13.30,258
10/04/2024 13.45,288
10/04/2024 14.00,552
10/04/2024 14.15,744
10/04/2024 14.30,1224
10/04/2024 14.45,1254
10/04/2024 15.00,1260
10/04/2024 15.15,1236
10/04/2024 15.30,1290
10/04/2024 15.45,1500
10/04/2024 16.00,1512
10/04/2024 16.15,1410
10/04/2024 16.30,1644
10/04/2024 16.45,1746
10/04/2024 17.00,1662
10/04/2024 17.15,1680
10/04/2024 17.30,1224
10/04/2024 17.45,1176
10/04/2024 18.00,1668
10/04/2024 18.15,1806
10/04/2024 18.30,1704
10/04/2024 18.45,1668
10/04/2024 19.00,1812
10/04/2024 19.15,1644
10/04/2024 19.30,2004
10/04/2024 19.45,1908
10/04/2024 20.00,2028
10/04/2024 20.15,1926
10/04/2024 20.30,1938
10/04/2024 20.45,2004
10/04/2024 21.00,1950
10/04/2024 21.15,1926
10/04/2024 21.30,1812
10/04/2024 21.45,1584
10/04/2024 22.00,1872
10/04/2024 22.15,1728
10/04/2024 22.30,1980
10/04/2024 22.45,2040
10/04/2024 23.00,1944
10/04/2024 23.15,1554
10/04/2024 23.30,1080
10/04/2024 23.45,1020
11/04/2024 00.00,1002
11/04/2024 00.15,996
11/04/2024 00.30,990
11/04/2024 00.45,984
11/04/2024 01.00,996
11/04/2024 01.15,996
11/04/2024 01.30,1002
11/04/2024 01.45,996
11/04/2024 02.00,1002
11/04/2024 02.15,1014
11/04/2024 02.30,996
11/04/2024 02.45,960
11/04/2024 03.00,966
11/04/2024 03.15,960
11/04/2024 03.30,960
11/04/2024 03.45,948
11/04/2024 04.00,942
11/04/2024 04.15,942
11/04/2024 04.30,954
11/04/2024 04.45,948
11/04/2024 05.00,948
11/04/2024 05.15,978
11/04/2024 05.30,1008
11/04/2024 05.45,1008
11/04/2024 06.00,1008
11/04/2024 06.15,942
11/04/2024 06.30,912
11/04/2024 06.45,804
11/04/2024 07.00,756
11/04/2024 07.15,444
11/04/2024 07.30,132
11/04/2024 07.45,24
11/04/2024 08.00,0
11/04/2024 08.15,0
11/04/2024 08.30,12
11/04/2024 08.45,12
11/04/2024 09.00,12
11/04/2024 09.15,6
11/04/2024 09.30,12
11/04/2024 09.45,6
11/04/2024 10.00,6
11/04/2024 10.15,0
11/04/2024 10.30,0
11/04/2024 10.45,6
11/04/2024 11.00,0
11/04/2024 11.15,0
11/04/2024 11.30,6
11/04/2024 11.45,0
11/04/2024 12.00,0
11/04/2024 12.15,0
11/04/2024 12.30,0
11/04/2024 12.45,0
11/04/2024 13.00,0
11/04/2024 13.15,0
11/04/2024 13.30,6
11/04/2024 13.45,0
11/04/2024 14.00,12
11/04/2024 14.15,12
11/04/2024 14.30,0
11/04/2024 14.45,0
11/04/2024 15.00,0
11/04/2024 15.15,6
11/04/2024 15.30,6
11/04/2024 15.45,12
11/04/2024 16.00,12
11/04/2024 16.15,0
11/04/2024 16.30,0
11/04/2024 16.45,12
11/04/2024 17.00,0
11/04/2024 17.15,12
11/04/2024 17.30,42
11/04/2024 17.45,90
11/04/2024 18.00,156
11/04/2024 18.15,180
11/04/2024 18.30,180
11/04/2024 18.45,192
11/04/2024 19.00,180
11/04/2024 19.15,180
11/04/2024 19.30,180
11/04/2024 19.45,180
11/04/2024 20.00,180
11/04/2024 20.15,180
11/04/2024 20.30,180
11/04/2024 20.45,186
11/04/2024 21.00,174
11/04/2024 21.15,174
11/04/2024 21.30,174
11/04/2024 21.45,174
11/04/2024 22.00,168
11/04/2024 22.15,168
11/04/2024 22.30,174
11/04/2024 22.45,168
11/04/2024 23.00,186
11/04/2024 23.15,168
11/04/2024 23.30,174
11/04/2024 23.45,168
12/04/2024 00.00,168
12/04/2024 00.15,168
12/04/2024 00.30,180
12/04/2024 00.45,168
12/04/2024 01.00,180
12/04/2024 01.15,180
12/04/2024 01.30,168
12/04/2024 01.45,162
12/04/2024 02.00,180
12/04/2024 02.15,168
12/04/2024 02.30,180
12/04/2024 02.45,180
12/04/2024 03.00,168
12/04/2024 03.15,180
12/04/2024 03.30,168
12/04/2024 03.45,168
12/04/2024 04.00,180
12/04/2024 04.15,168
12/04/2024 04.30,168
12/04/2024 04.45,174
12/04/2024 05.00,168
12/04/2024 05.15,162
12/04/2024 05.30,168
12/04/2024 05.45,150
12/04/2024 06.00,156
12/04/2024 06.15,102
12/04/2024 06.30,30
12/04/2024 06.45,0
12/04/2024 07.00,0
12/04/2024 07.15,0
12/04/2024 07.30,6
12/04/2024 07.45,0
12/04/2024 08.00,0
12/04/2024 08.15,0
12/04/2024 08.30,0
12/04/2024 08.45,0
12/04/2024 09.00,0
12/04/2024 09.15,0
12/04/2024 09.30,0
12/04/2024 09.45,0
12/04/2024 10.00,0
12/04/2024 10.15,0
12/04/2024 10.30,0
12/04/2024 10.45,0
12/04/2024 11.00,0
12/04/2024 11.15,0
12/04/2024 11.30,0
12/04/2024 11.45,0
12/04/2024 12.00,0
12/04/2024 12.15,0
12/04/2024 12.30,0
12/04/2024 12.45,0
12/04/2024 13.00,0
12/04/2024 13.15,0
12/04/2024 13.30,0
12/04/2024 13.45,0
12/04/2024 14.00,0
12/04/2024 14.15,0
12/04/2024 14.30,0
12/04/2024 14.45,0
12/04/2024 15.00,0
12/04/2024 15.15,0
12/04/2024 15.30,0
12/04/2024 15.45,0
12/04/2024 16.00,0
12/04/2024 16.15,0
12/04/2024 16.30,0
12/04/2024 16.45,0
12/04/2024 17.00,0
12/04/2024 17.15,0
12/04/2024 17.30,72
12/04/2024 17.45,132
12/04/2024 18.00,144
12/04/2024 18.15,174
12/04/2024 18.30,138
12/04/2024 18.45,120
12/04/2024 19.00,126
12/04/2024 19.15,120
12/04/2024 19.30,126
12/04/2024 19.45,120
12/04/2024 20.00,126
12/04/2024 20.15,120
12/04/2024 20.30,126
12/04/2024 20.45,120
12/04/2024 21.00,120
12/04/2024 21.15,120
12/04/2024 21.30,120
12/04/2024 21.45,120
12/04/2024 22.00,120
12/04/2024 22.15,132
12/04/2024 22.30,120
12/04/2024 22.45,126
12/04/2024 23.00,126
12/04/2024 23.15,120
12/04/2024 23.30,126
12/04/2024 23.45,126
13/04/2024 00.00,120
13/04/2024 00.15,126
13/04/2024 00.30,132
13/04/2024 00.45,120
13/04/2024 01.00,120
13/04/2024 01.15,120
13/04/2024 01.30,120
13/04/2024 01.45,120
13/04/2024 02.00,132
13/04/2024 02.15,120
13/04/2024 02.30,120
13/04/2024 02.45,126
13/04/2024 03.00,120
13/04/2024 03.15,126
13/04/2024 03.30,120
13/04/2024 03.45,132
13/04/2024 04.00,120
13/04/2024 04.15,120
13/04/2024 04.30,120
13/04/2024 04.45,120
13/04/2024 05.00,120
13/04/2024 05.15,120
13/04/2024 05.30,120
13/04/2024 05.45,114
13/04/2024 06.00,96
13/04/2024 06.15,78
13/04/2024 06.30,42
13/04/2024 06.45,36
13/04/2024 07.00,12
13/04/2024 07.15,0
13/04/2024 07.30,0
13/04/2024 07.45,0
13/04/2024 08.00,0
13/04/2024 08.15,0
13/04/2024 08.30,0
13/04/2024 08.45,0
13/04/2024 09.00,6
13/04/2024 09.15,0
13/04/2024 09.30,0
13/04/2024 09.45,0
13/04/2024 10.00,12
13/04/2024 10.15,0
13/04/2024 10.30,0
13/04/2024 10.45,0
13/04/2024 11.00,0
13/04/2024 11.15,0
13/04/2024 11.30,0
13/04/2024 11.45,0
13/04/2024 12.00,0
13/04/2024 12.15,0
13/04/2024 12.30,0
13/04/2024 12.45,0
13/04/2024 13.00,0
13/04/2024 13.15,0
13/04/2024 13.30,0
13/04/2024 13.45,0
13/04/2024 14.00,0
13/04/2024 14.15,0
13/04/2024 14.30,0
13/04/2024 14.45,0
13/04/2024 15.00,0
13/04/2024 15.15,0
13/04/2024 15.30,0
13/04/2024 15.45,0
13/04/2024 16.00,0
13/04/2024 16.15,6
13/04/2024 16.30,12
13/04/2024 16.45,18
13/04/2024 17.00,48
13/04/2024 17.15,78
13/04/2024 17.30,90
13/04/2024 17.45,114
13/04/2024 18.00,138
13/04/2024 18.15,156
13/04/2024 18.30,150
13/04/2024 18.45,174
13/04/2024 19.00,162
13/04/2024 19.15,162
13/04/2024 19.30,162
13/04/2024 19.45,162
13/04/2024 20.00,156
13/04/2024 20.15,162
13/04/2024 20.30,156
13/04/2024 20.45,144
13/04/2024 21.00,156
13/04/2024 21.15,168
13/04/2024 21.30,156
13/04/2024 21.45,168
13/04/2024 22.00,144
13/04/2024 22.15,162
13/04/2024 22.30,156
13/04/2024 22.45,150
13/04/2024 23.00,162
13/04/2024 23.15,168
13/04/2024 23.30,156
13/04/2024 23.45,150
14/04/2024 00.00,168
14/04/2024 00.15,150
14/04/2024 00.30,162
14/04/2024 00.45,156
14/04/2024 01.00,156
14/04/2024 01.15,144
14/04/2024 01.30,168
14/04/2024 01.45,156
14/04/2024 02.00,144
14/04/2024 02.15,168
14/04/2024 02.30,144
14/04/2024 02.45,162
14/04/2024 03.00,168
14/04/2024 03.15,162
14/04/2024 03.30,156
14/04/2024 03.45,156
14/04/2024 04.00,156
14/04/2024 04.15,162
14/04/2024 04.30,156
14/04/2024 04.45,156
14/04/2024 05.00,156
14/04/2024 05.15,156
14/04/2024 05.30,144
14/04/2024 05.45,138
14/04/2024 06.00,138
14/04/2024 06.15,96
14/04/2024 06.30,54
14/04/2024 06.45,18
14/04/2024 07.00,0
14/04/2024 07.15,0
14/04/2024 07.30,0
14/04/2024 07.45,0
14/04/2024 08.00,0
14/04/2024 08.15,0
14/04/2024 08.30,0
14/04/2024 08.45,0
14/04/2024 09.00,0
14/04/2024 09.15,0
14/04/2024 09.30,0
14/04/2024 09.45,0
14/04/2024 10.00,0
14/04/2024 10.15,0
14/04/2024 10.30,0
14/04/2024 10.45,0
14/04/2024 11.00,0
14/04/2024 11.15,0
14/04/2024 11.30,0
14/04/2024 11.45,0
14/04/2024 12.00,0
14/04/2024 12.15,0
14/04/2024 12.30,0
14/04/2024 12.45,0
14/04/2024 13.00,0
14/04/2024 13.15,0
14/04/2024 13.30,0
14/04/2024 13.45,0
14/04/2024 14.00,0
14/04/2024 14.15,0
14/04/2024 14.30,0
14/04/2024 14.45,0
14/04/2024 15.00,0
14/04/2024 15.15,0
14/04/2024 15.30,6
14/04/2024 15.45,6
14/04/2024 16.00,24
14/04/2024 16.15,0
14/04/2024 16.30,6
14/04/2024 16.45,0
14/04/2024 17.00,36
14/04/2024 17.15,60
14/04/2024 17.30,102
14/04/2024 17.45,120
14/04/2024 18.00,144
14/04/2024 18.15,168
14/04/2024 18.30,168
14/04/2024 18.45,180
14/04/2024 19.00,174
14/04/2024 19.15,174
14/04/2024 19.30,168
14/04/2024 19.45,174
14/04/2024 20.00,162
14/04/2024 20.15,162
14/04/2024 20.30,162
14/04/2024 20.45,156
14/04/2024 21.00,168
14/04/2024 21.15,156
14/04/2024 21.30,168
14/04/2024 21.45,168
14/04/2024 22.00,162
14/04/2024 22.15,174
14/04/2024 22.30,162
14/04/2024 22.45,162
14/04/2024 23.00,174
14/04/2024 23.15,162
14/04/2024 23.30,162
14/04/2024 23.45,174
15/04/2024 00.00,162
15/04/2024 00.15,162
15/04/2024 00.30,174
15/04/2024 00.45,156
15/04/2024 01.00,156
15/04/2024 01.15,168
15/04/2024 01.30,156
15/04/2024 01.45,168
15/04/2024 02.00,168
15/04/2024 02.15,162
15/04/2024 02.30,162
15/04/2024 02.45,174
15/04/2024 03.00,162
15/04/2024 03.15,162
15/04/2024 03.30,174
15/04/2024 03.45,156
15/04/2024 04.00,162
15/04/2024 04.15,156
15/04/2024 04.30,162
15/04/2024 04.45,156
15/04/2024 05.00,156
15/04/2024 05.15,144
15/04/2024 05.30,150
15/04/2024 05.45,150
15/04/2024 06.00,132
15/04/2024 06.15,114
15/04/2024 06.30,66
15/04/2024 06.45,24
15/04/2024 07.00,0
15/04/2024 07.15,0
15/04/2024 07.30,0
15/04/2024 07.45,6
15/04/2024 08.00,0
15/04/2024 08.15,0
15/04/2024 08.30,0
15/04/2024 08.45,0
15/04/2024 09.00,0
15/04/2024 09.15,0
15/04/2024 09.30,0
15/04/2024 09.45,0
15/04/2024 10.00,6
15/04/2024 10.15,0
15/04/2024 10.30,0
15/04/2024 10.45,0
15/04/2024 11.00,0
15/04/2024 11.15,0
15/04/2024 11.30,0
15/04/2024 11.45,0
15/04/2024 12.00,0
15/04/2024 12.15,0
15/04/2024 12.30,0
15/04/2024 12.45,0
15/04/2024 13.00,0
15/04/2024 13.15,0
15/04/2024 13.30,0
15/04/2024 13.45,0
15/04/2024 14.00,0
15/04/2024 14.15,0
15/04/2024 14.30,0
15/04/2024 14.45,0
15/04/2024 15.00,0
15/04/2024 15.15,12
15/04/2024 15.30,0
15/04/2024 15.45,0
15/04/2024 16.00,0
15/04/2024 16.15,0
15/04/2024 16.30,6
15/04/2024 16.45,6
15/04/2024 17.00,6
15/04/2024 17.15,24
15/04/2024 17.30,78
15/04/2024 17.45,114
15/04/2024 18.00,144
15/04/2024 18.15,156
15/04/2024 18.30,174
15/04/2024 18.45,186
15/04/2024 19.00,174
15/04/2024 19.15,186
15/04/2024 19.30,174
15/04/2024 19.45,162
15/04/2024 20.00,138
15/04/2024 20.15,138
15/04/2024 20.30,138
15/04/2024 20.45,132
15/04/2024 21.00,120
15/04/2024 21.15,132
15/04/2024 21.30,120
15/04/2024 21.45,120
15/04/2024 22.00,120
15/04/2024 22.15,126
15/04/2024 22.30,126
15/04/2024 22.45,126
15/04/2024 23.00,126
15/04/2024 23.15,126
15/04/2024 23.30,126
15/04/2024 23.45,126
16/04/2024 00.00,132
16/04/2024 00.15,126
16/04/2024 00.30,126
16/04/2024 00.45,120
16/04/2024 01.00,132
16/04/2024 01.15,120
16/04/2024 01.30,120
16/04/2024 01.45,120
16/04/2024 02.00,120
16/04/2024 02.15,126
16/04/2024 02.30,126
16/04/2024 02.45,120
16/04/2024 03.00,126
16/04/2024 03.15,138
16/04/2024 03.30,126
16/04/2024 03.45,126
16/04/2024 04.00,120
16/04/2024 04.15,126
16/04/2024 04.30,126
16/04/2024 04.45,132
16/04/2024 05.00,120
16/04/2024 05.15,120
16/04/2024 05.30,114
16/04/2024 05.45,102
16/04/2024 06.00,96
16/04/2024 06.15,84
16/04/2024 06.30,36
16/04/2024 06.45,12
16/04/2024 07.00,0
16/04/2024 07.15,0
16/04/2024 07.30,0
16/04/2024 07.45,0
16/04/2024 08.00,0
16/04/2024 08.15,0
16/04/2024 08.30,0
16/04/2024 08.45,0
16/04/2024 09.00,0
16/04/2024 09.15,0
16/04/2024 09.30,0
16/04/2024 09.45,0
16/04/2024 10.00,0
16/04/2024 10.15,0
16/04/2024 10.30,0
16/04/2024 10.45,0
16/04/2024 11.00,0
16/04/2024 11.15,0
16/04/2024 11.30,0
16/04/2024 11.45,0
16/04/2024 12.00,0
16/04/2024 12.15,0
16/04/2024 12.30,0
16/04/2024 12.45,0
16/04/2024 13.00,0
16/04/2024 13.15,0
16/04/2024 13.30,0
16/04/2024 13.45,0
16/04/2024 14.00,0
16/04/2024 14.15,0
16/04/2024 14.30,0
16/04/2024 14.45,0
16/04/2024 15.00,0
16/04/2024 15.15,0
16/04/2024 15.30,0
16/04/2024 15.45,0
16/04/2024 16.00,0
16/04/2024 16.15,0
16/04/2024 16.30,0
16/04/2024 16.45,0
16/04/2024 17.00,6
16/04/2024 17.15,24
16/04/2024 17.30,84
16/04/2024 17.45,120
16/04/2024 18.00,144
16/04/2024 18.15,168
16/04/2024 18.30,180
16/04/2024 18.45,138
16/04/2024 19.00,156
16/04/2024 19.15,138
16/04/2024 19.30,138
16/04/2024 19.45,150
16/04/2024 20.00,138
16/04/2024 20.15,150
16/04/2024 20.30,150
16/04/2024 20.45,132
16/04/2024 21.00,144
16/04/2024 21.15,138
16/04/2024 21.30,120
16/04/2024 21.45,126
16/04/2024 22.00,126
16/04/2024 22.15,138
16/04/2024 22.30,126
16/04/2024 22.45,132
16/04/2024 23.00,138
16/04/2024 23.15,126
16/04/2024 23.30,126
16/04/2024 23.45,138
17/04/2024 00.00,126
17/04/2024 00.15,144
17/04/2024 00.30,138
17/04/2024 00.45,126
17/04/2024 01.00,120
17/04/2024 01.15,132
17/04/2024 01.30,120
17/04/2024 01.45,120
17/04/2024 02.00,138
17/04/2024 02.15,120
17/04/2024 02.30,126
17/04/2024 02.45,126
17/04/2024 03.00,126
17/04/2024 03.15,126
17/04/2024 03.30,126
17/04/2024 03.45,126
17/04/2024 04.00,126
17/04/2024 04.15,126
17/04/2024 04.30,126
17/04/2024 04.45,120
17/04/2024 05.00,120
17/04/2024 05.15,120
17/04/2024 05.30,144
17/04/2024 05.45,132
17/04/2024 06.00,132
17/04/2024 06.15,90
17/04/2024 06.30,24
17/04/2024 06.45,0
17/04/2024 07.00,0
17/04/2024 07.15,0
17/04/2024 07.30,0
17/04/2024 07.45,0
17/04/2024 08.00,0
17/04/2024 08.15,0
17/04/2024 08.30,6
17/04/2024 08.45,6
17/04/2024 09.00,0
17/04/2024 09.15,0
17/04/2024 09.30,0
17/04/2024 09.45,0
17/04/2024 10.00,0
17/04/2024 10.15,0
17/04/2024 10.30,0
17/04/2024 10.45,0
17/04/2024 11.00,0
17/04/2024 11.15,0
17/04/2024 11.30,0
17/04/2024 11.45,0
17/04/2024 12.00,0
17/04/2024 12.15,0
17/04/2024 12.30,0
17/04/2024 12.45,0
17/04/2024 13.00,0
17/04/2024 13.15,0
17/04/2024 13.30,0
17/04/2024 13.45,0
17/04/2024 14.00,0
17/04/2024 14.15,6
17/04/2024 14.30,6
17/04/2024 14.45,0
17/04/2024 15.00,6
17/04/2024 15.15,6
17/04/2024 15.30,30
17/04/2024 15.45,36
17/04/2024 16.00,66
17/04/2024 16.15,84
17/04/2024 16.30,84
17/04/2024 16.45,114
17/04/2024 17.00,96
17/04/2024 17.15,132
17/04/2024 17.30,114
17/04/2024 17.45,138
17/04/2024 18.00,132
17/04/2024 18.15,162
17/04/2024 18.30,174
17/04/2024 18.45,186
17/04/2024 19.00,174
17/04/2024 19.15,180
17/04/2024 19.30,186
17/04/2024 19.45,174
17/04/2024 20.00,150
17/04/2024 20.15,150
17/04/2024 20.30,132
17/04/2024 20.45,132
17/04/2024 21.00,138
17/04/2024 21.15,120
17/04/2024 21.30,138
17/04/2024 21.45,138
17/04/2024 22.00,126
17/04/2024 22.15,156
17/04/2024 22.30,138
17/04/2024 22.45,132
17/04/2024 23.00,138
17/04/2024 23.15,144
17/04/2024 23.30,126
17/04/2024 23.45,144
18/04/2024 00.00,138
18/04/2024 00.15,126
18/04/2024 00.30,144
18/04/2024 00.45,126
18/04/2024 01.00,120
18/04/2024 01.15,144
18/04/2024 01.30,120
18/04/2024 01.45,138
18/04/2024 02.00,138
18/04/2024 02.15,126
18/04/2024 02.30,126
18/04/2024 02.45,138
18/04/2024 03.00,126
18/04/2024 03.15,138
18/04/2024 03.30,150
18/04/2024 03.45,126
18/04/2024 04.00,132
18/04/2024 04.15,138
18/04/2024 04.30,126
18/04/2024 04.45,138
18/04/2024 05.00,120
18/04/2024 05.15,120
18/04/2024 05.30,150
18/04/2024 05.45,138
18/04/2024 06.00,132
18/04/2024 06.15,102
18/04/2024 06.30,48
18/04/2024 06.45,6
18/04/2024 07.00,0
18/04/2024 07.15,18
18/04/2024 07.30,0
18/04/2024 07.45,0
18/04/2024 08.00,0
18/04/2024 08.15,6
18/04/2024 08.30,6
18/04/2024 08.45,0
18/04/2024 09.00,0
18/04/2024 09.15,0
18/04/2024 09.30,0
18/04/2024 09.45,0
18/04/2024 10.00,0
18/04/2024 10.15,0
18/04/2024 10.30,0
18/04/2024 10.45,0
18/04/2024 11.00,0
18/04/2024 11.15,0
18/04/2024 11.30,0
18/04/2024 11.45,0
18/04/2024 12.00,0
18/04/2024 12.15,0
18/04/2024 12.30,0
18/04/2024 12.45,0
18/04/2024 13.00,0
18/04/2024 13.15,0
18/04/2024 13.30,0
18/04/2024 13.45,6
18/04/2024 14.00,0
18/04/2024 14.15,0
18/04/2024 14.30,0
18/04/2024 14.45,0
18/04/2024 15.00,12
18/04/2024 15.15,0
18/04/2024 15.30,0
18/04/2024 15.45,0
18/04/2024 16.00,0
18/04/2024 16.15,0
18/04/2024 16.30,0
18/04/2024 16.45,0
18/04/2024 17.00,0
18/04/2024 17.15,0
18/04/2024 17.30,12
18/04/2024 17.45,90
18/04/2024 18.00,138
18/04/2024 18.15,180
18/04/2024 18.30,192
18/04/2024 18.45,180
18/04/2024 19.00,198
18/04/2024 19.15,162
18/04/2024 19.30,162
18/04/2024 19.45,162
18/04/2024 20.00,150
18/04/2024 20.15,168
18/04/2024 20.30,168
18/04/2024 20.45,156
18/04/2024 21.00,168
18/04/2024 21.15,168
18/04/2024 21.30,168
18/04/2024 21.45,174
18/04/2024 22.00,174
18/04/2024 22.15,174
18/04/2024 22.30,162
18/04/2024 22.45,150
18/04/2024 23.00,168
18/04/2024 23.15,156
18/04/2024 23.30,138
18/04/2024 23.45,156
19/04/2024 00.00,138
19/04/2024 00.15,144
19/04/2024 00.30,156
19/04/2024 00.45,156
19/04/2024 01.00,138
19/04/2024 01.15,156
19/04/2024 01.30,144
19/04/2024 01.45,156
19/04/2024 02.00,162
19/04/2024 02.15,150
19/04/2024 02.30,150
19/04/2024 02.45,150
19/04/2024 03.00,138
19/04/2024 03.15,144
19/04/2024 03.30,132
19/04/2024 03.45,132
19/04/2024 04.00,132
19/04/2024 04.15,144
19/04/2024 04.30,132
19/04/2024 04.45,138
19/04/2024 05.00,126
19/04/2024 05.15,126
19/04/2024 05.30,120
19/04/2024 05.45,120
19/04/2024 06.00,102
19/04/2024 06.15,30
19/04/2024 06.30,12
19/04/2024 06.45,0
19/04/2024 07.00,0
19/04/2024 07.15,0
19/04/2024 07.30,0
19/04/2024 07.45,0
19/04/2024 08.00,0
19/04/2024 08.15,0
19/04/2024 08.30,0
19/04/2024 08.45,0
19/04/2024 09.00,0
19/04/2024 09.15,12
19/04/2024 09.30,0
19/04/2024 09.45,0
19/04/2024 10.00,0
19/04/2024 10.15,0
19/04/2024 10.30,12
19/04/2024 10.45,0
19/04/2024 11.00,0
19/04/2024 11.15,0
19/04/2024 11.30,12
19/04/2024 11.45,0
19/04/2024 12.00,0
19/04/2024 12.15,0
19/04/2024 12.30,0
19/04/2024 12.45,0
19/04/2024 13.00,0
19/04/2024 13.15,0
19/04/2024 13.30,0
19/04/2024 13.45,0
19/04/2024 14.00,0
19/04/2024 14.15,0
19/04/2024 14.30,0
19/04/2024 14.45,6
19/04/2024 15.00,6
19/04/2024 15.15,0
19/04/2024 15.30,6
19/04/2024 15.45,0
19/04/2024 16.00,0
19/04/2024 16.15,6
19/04/2024 16.30,0
19/04/2024 16.45,0
19/04/2024 17.00,0
19/04/2024 17.15,0
19/04/2024 17.30,6
19/04/2024 17.45,60
19/04/2024 18.00,120
19/04/2024 18.15,126
19/04/2024 18.30,144
19/04/2024 18.45,132
19/04/2024 19.00,150
19/04/2024 19.15,138
19/04/2024 19.30,138
19/04/2024 19.45,156
19/04/2024 20.00,144
19/04/2024 20.15,162
19/04/2024 20.30,168
19/04/2024 20.45,150
19/04/2024 21.00,162
19/04/2024 21.15,156
19/04/2024 21.30,162
19/04/2024 21.45,162
19/04/2024 22.00,156
19/04/2024 22.15,168
19/04/2024 22.30,144
19/04/2024 22.45,144
19/04/2024 23.00,156
19/04/2024 23.15,144
19/04/2024 23.30,144
19/04/2024 23.45,150
20/04/2024 00.00,132
20/04/2024 00.15,132
20/04/2024 00.30,144
20/04/2024 00.45,132
20/04/2024 01.00,132
20/04/2024 01.15,138
20/04/2024 01.30,138
20/04/2024 01.45,138
20/04/2024 02.00,150
20/04/2024 02.15,144
20/04/2024 02.30,144
20/04/2024 02.45,144
20/04/2024 03.00,144
20/04/2024 03.15,144
20/04/2024 03.30,138
20/04/2024 03.45,138
20/04/2024 04.00,138
20/04/2024 04.15,132
20/04/2024 04.30,132
20/04/2024 04.45,126
20/04/2024 05.00,120
20/04/2024 05.15,120
20/04/2024 05.30,120
20/04/2024 05.45,120
20/04/2024 06.00,108
20/04/2024 06.15,72
20/04/2024 06.30,36
20/04/2024 06.45,12
20/04/2024 07.00,6
20/04/2024 07.15,0
20/04/2024 07.30,0
20/04/2024 07.45,0
20/04/2024 08.00,0
20/04/2024 08.15,0
20/04/2024 08.30,0
20/04/2024 08.45,0
20/04/2024 09.00,0
20/04/2024 09.15,12
20/04/2024 09.30,0
20/04/2024 09.45,0
20/04/2024 10.00,0
20/04/2024 10.15,0
20/04/2024 10.30,12
20/04/2024 10.45,0
20/04/2024 11.00,0
20/04/2024 11.15,12
20/04/2024 11.30,0
20/04/2024 11.45,0
20/04/2024 12.00,0
20/04/2024 12.15,12
20/04/2024 12.30,0
20/04/2024 12.45,0
20/04/2024 13.00,0
20/04/2024 13.15,0
20/04/2024 13.30,6
20/04/2024 13.45,0
20/04/2024 14.00,0
20/04/2024 14.15,0
20/04/2024 14.30,0
20/04/2024 14.45,0
20/04/2024 15.00,6
20/04/2024 15.15,0
20/04/2024 15.30,6
20/04/2024 15.45,6
20/04/2024 16.00,0
20/04/2024 16.15,0
20/04/2024 16.30,0
20/04/2024 16.45,6
20/04/2024 17.00,0
20/04/2024 17.15,12
20/04/2024 17.30,24
20/04/2024 17.45,84
20/04/2024 18.00,150
20/04/2024 18.15,186
20/04/2024 18.30,192
20/04/2024 18.45,180
20/04/2024 19.00,204
20/04/2024 19.15,192
20/04/2024 19.30,198
20/04/2024 19.45,216
20/04/2024 20.00,204
20/04/2024 20.15,216
20/04/2024 20.30,210
20/04/2024 20.45,216
20/04/2024 21.00,216
20/04/2024 21.15,204
20/04/2024 21.30,216
20/04/2024 21.45,204
20/04/2024 22.00,210
20/04/2024 22.15,216
20/04/2024 22.30,216
20/04/2024 22.45,204
20/04/2024 23.00,204
20/04/2024 23.15,204
20/04/2024 23.30,204
20/04/2024 23.45,204
21/04/2024 00.00,198
21/04/2024 00.15,192
21/04/2024 00.30,204
21/04/2024 00.45,192
21/04/2024 01.00,186
21/04/2024 01.15,192
21/04/2024 01.30,192
21/04/2024 01.45,192
21/04/2024 02.00,198
21/04/2024 02.15,198
21/04/2024 02.30,210
21/04/2024 02.45,198
21/04/2024 03.00,198
21/04/2024 03.15,198
21/04/2024 03.30,198
21/04/2024 03.45,198
21/04/2024 04.00,198
21/04/2024 04.15,192
21/04/2024 04.30,192
21/04/2024 04.45,186
21/04/2024 05.00,168
21/04/2024 05.15,180
21/04/2024 05.30,180
21/04/2024 05.45,168
21/04/2024 06.00,162
21/04/2024 06.15,90
21/04/2024 06.30,42
21/04/2024 06.45,18
21/04/2024 07.00,0
21/04/2024 07.15,0
21/04/2024 07.30,0
21/04/2024 07.45,0
21/04/2024 08.00,0
21/04/2024 08.15,0
21/04/2024 08.30,0
21/04/2024 08.45,0
21/04/2024 09.00,0
21/04/2024 09.15,0
21/04/2024 09.30,0
21/04/2024 09.45,0
21/04/2024 10.00,0
21/04/2024 10.15,0
21/04/2024 10.30,0
21/04/2024 10.45,0
21/04/2024 11.00,0
21/04/2024 11.15,0
21/04/2024 11.30,0
21/04/2024 11.45,0
21/04/2024 12.00,0
21/04/2024 12.15,0
21/04/2024 12.30,0
21/04/2024 12.45,0
21/04/2024 13.00,0
21/04/2024 13.15,12
21/04/2024 13.30,0
21/04/2024 13.45,0
21/04/2024 14.00,0
21/04/2024 14.15,0
21/04/2024 14.30,0
21/04/2024 14.45,0
21/04/2024 15.00,0
21/04/2024 15.15,0
21/04/2024 15.30,0
21/04/2024 15.45,0
21/04/2024 16.00,0
21/04/2024 16.15,0
21/04/2024 16.30,0
21/04/2024 16.45,0
21/04/2024 17.00,0
21/04/2024 17.15,18
21/04/2024 17.30,42
21/04/2024 17.45,84
21/04/2024 18.00,192
21/04/2024 18.15,270
21/04/2024 18.30,264
21/04/2024 18.45,282
21/04/2024 19.00,282
21/04/2024 19.15,216
21/04/2024 19.30,204
21/04/2024 19.45,192
21/04/2024 20.00,240
21/04/2024 20.15,420
21/04/2024 20.30,600
21/04/2024 20.45,552
21/04/2024 21.00,744
21/04/2024 21.15,906
21/04/2024 21.30,1356
21/04/2024 21.45,2016
21/04/2024 22.00,2016
21/04/2024 22.15,2070
21/04/2024 22.30,2160
21/04/2024 22.45,2340
21/04/2024 23.00,2532
21/04/2024 23.15,2454
21/04/2024 23.30,2652
21/04/2024 23.45,2628
22/04/2024 00.00,2628
22/04/2024 00.15,2502
22/04/2024 00.30,2160
22/04/2024 00.45,2616
22/04/2024 01.00,2076
22/04/2024 01.15,2118
22/04/2024 01.30,2526
22/04/2024 01.45,2640
22/04/2024 02.00,2706
22/04/2024 02.15,2550
22/04/2024 02.30,2640
22/04/2024 02.45,2544
22/04/2024 03.00,1800
22/04/2024 03.15,1608
22/04/2024 03.30,1548
22/04/2024 03.45,1488
22/04/2024 04.00,1080
22/04/2024 04.15,858
22/04/2024 04.30,828
22/04/2024 04.45,834
22/04/2024 05.00,768
22/04/2024 05.15,744
22/04/2024 05.30,738
22/04/2024 05.45,786
22/04/2024 06.00,894
22/04/2024 06.15,1530
22/04/2024 06.30,1956
22/04/2024 06.45,1980
22/04/2024 07.00,1992
22/04/2024 07.15,2040
22/04/2024 07.30,2004
22/04/2024 07.45,2160
22/04/2024 08.00,2088
22/04/2024 08.15,1740
22/04/2024 08.30,1680
22/04/2024 08.45,1608
22/04/2024 09.00,1620
22/04/2024 09.15,1692
22/04/2024 09.30,1416
22/04/2024 09.45,1326
22/04/2024 10.00,1296
22/04/2024 10.15,1224
22/04/2024 10.30,1416
22/04/2024 10.45,1008
22/04/2024 11.00,1248
22/04/2024 11.15,1392
22/04/2024 11.30,1248
22/04/2024 11.45,1344
22/04/2024 12.00,1320
22/04/2024 12.15,1416
22/04/2024 12.30,1200
22/04/2024 12.45,1164
22/04/2024 13.00,1704
22/04/2024 13.15,1452
22/04/2024 13.30,1404
22/04/2024 13.45,1260
22/04/2024 14.00,1356
22/04/2024 14.15,1668
22/04/2024 14.30,1776
22/04/2024 14.45,1764
22/04/2024 15.00,1524
22/04/2024 15.15,1236
22/04/2024 15.30,1500
22/04/2024 15.45,1992
22/04/2024 16.00,2004
22/04/2024 16.15,2220
22/04/2024 16.30,2220
22/04/2024 16.45,1944
22/04/2024 17.00,1926
22/04/2024 17.15,1836
22/04/2024 17.30,1896
22/04/2024 17.45,1974
22/04/2024 18.00,2136
22/04/2024 18.15,2604
22/04/2024 18.30,2544
22/04/2024 18.45,2520
22/04/2024 19.00,2520
22/04/2024 19.15,2718
22/04/2024 19.30,2688
22/04/2024 19.45,2664
22/04/2024 20.00,2616
22/04/2024 20.15,2826
22/04/2024 20.30,2736
22/04/2024 20.45,2808
22/04/2024 21.00,2856
22/04/2024 21.15,2772
22/04/2024 21.30,2850
22/04/2024 21.45,2688
22/04/2024 22.00,2694
22/04/2024 22.15,2940
22/04/2024 22.30,2958
22/04/2024 22.45,2958
22/04/2024 23.00,2880
22/04/2024 23.15,2970
22/04/2024 23.30,2946
22/04/2024 23.45,2688
23/04/2024 00.00,2388
23/04/2024 00.15,2220
23/04/2024 00.30,2334
23/04/2024 00.45,2634
23/04/2024 01.00,2646
23/04/2024 01.15,2436
23/04/2024 01.30,2700
23/04/2024 01.45,2670
23/04/2024 02.00,2496
23/04/2024 02.15,2580
23/04/2024 02.30,2628
23/04/2024 02.45,2640
23/04/2024 03.00,2736
23/04/2024 03.15,2724
23/04/2024 03.30,2658
23/04/2024 03.45,2412
23/04/2024 04.00,2676
23/04/2024 04.15,2700
23/04/2024 04.30,2772
23/04/2024 04.45,2760
23/04/2024 05.00,2640
23/04/2024 05.15,2730
23/04/2024 05.30,2496
23/04/2024 05.45,2220
23/04/2024 06.00,2496
23/04/2024 06.15,2502
23/04/2024 06.30,2436
23/04/2024 06.45,2376
23/04/2024 07.00,2208
23/04/2024 07.15,2100
23/04/2024 07.30,2064
23/04/2024 07.45,1992
23/04/2024 08.00,1944
23/04/2024 08.15,1812
23/04/2024 08.30,1740
23/04/2024 08.45,1536
23/04/2024 09.00,1584
23/04/2024 09.15,1596
23/04/2024 09.30,1416
23/04/2024 09.45,1272
23/04/2024 10.00,1416
23/04/2024 10.15,1248
23/04/2024 10.30,1248
23/04/2024 10.45,1284
23/04/2024 11.00,1344
23/04/2024 11.15,1284
23/04/2024 11.30,1284
23/04/2024 11.45,1212
23/04/2024 12.00,1140
23/04/2024 12.15,1188
23/04/2024 12.30,1476
23/04/2024 12.45,1080
23/04/2024 13.00,1080
23/04/2024 13.15,984
23/04/2024 13.30,972
23/04/2024 13.45,216
23/04/2024 14.00,204
23/04/2024 14.15,156
23/04/2024 14.30,264
23/04/2024 14.45,1248
23/04/2024 15.00,1416
23/04/2024 15.15,1728
23/04/2024 15.30,1464
23/04/2024 15.45,1152
23/04/2024 16.00,1464
23/04/2024 16.15,1428
23/04/2024 16.30,1752
23/04/2024 16.45,1698
23/04/2024 17.00,1764
23/04/2024 17.15,1806
23/04/2024 17.30,1998
23/04/2024 17.45,1944
23/04/2024 18.00,1770
23/04/2024 18.15,2004
23/04/2024 18.30,2556
23/04/2024 18.45,2556
23/04/2024 19.00,2448
23/04/2024 19.15,2688
23/04/2024 19.30,2736
23/04/2024 19.45,2772
23/04/2024 20.00,2622
23/04/2024 20.15,2880
23/04/2024 20.30,2604
23/04/2024 20.45,2712
23/04/2024 21.00,2664
23/04/2024 21.15,2604
23/04/2024 21.30,2646
23/04/2024 21.45,2700
23/04/2024 22.00,2646
23/04/2024 22.15,2706
23/04/2024 22.30,2730
23/04/2024 22.45,3024
23/04/2024 23.00,2964
23/04/2024 23.15,2718
23/04/2024 23.30,2736
23/04/2024 23.45,2784
24/04/2024 00.00,2748
24/04/2024 00.15,2880
24/04/2024 00.30,2766
24/04/2024 00.45,2952
24/04/2024 01.00,2934
24/04/2024 01.15,2880
24/04/2024 01.30,2820
24/04/2024 01.45,3000
24/04/2024 02.00,2880
24/04/2024 02.15,2808
24/04/2024 02.30,2280
24/04/2024 02.45,2160
24/04/2024 03.00,2466
24/04/2024 03.15,2406
24/04/2024 03.30,2478
24/04/2024 03.45,2706
24/04/2024 04.00,2952
24/04/2024 04.15,2964
24/04/2024 04.30,3012
24/04/2024 04.45,2832
24/04/2024 05.00,2808
24/04/2024 05.15,2622
24/04/2024 05.30,2844
24/04/2024 05.45,2610
24/04/2024 06.00,2586
24/04/2024 06.15,2688
24/04/2024 06.30,2628
24/04/2024 06.45,2436
24/04/2024 07.00,2304
24/04/2024 07.15,2244
24/04/2024 07.30,2136
24/04/2024 07.45,2016
24/04/2024 08.00,1380
24/04/2024 08.15,1260
24/04/2024 08.30,1188
24/04/2024 08.45,1116
24/04/2024 09.00,1440
24/04/2024 09.15,1524
24/04/2024 09.30,1464
24/04/2024 09.45,1416
24/04/2024 10.00,1212
24/04/2024 10.15,1464
24/04/2024 10.30,1452
24/04/2024 10.45,1320
24/04/2024 11.00,1440
24/04/2024 11.15,1464
24/04/2024 11.30,1224
24/04/2024 11.45,1440
24/04/2024 12.00,1296
24/04/2024 12.15,1128
24/04/2024 12.30,1224
24/04/2024 12.45,1332
24/04/2024 13.00,1380
24/04/2024 13.15,1584
24/04/2024 13.30,1680
24/04/2024 13.45,1566
24/04/2024 14.00,1734
24/04/2024 14.15,1488
24/04/2024 14.30,972
24/04/2024 14.45,1176
24/04/2024 15.00,1194
24/04/2024 15.15,1440
24/04/2024 15.30,1824
24/04/2024 15.45,1734
24/04/2024 16.00,1608
24/04/2024 16.15,1920
24/04/2024 16.30,2352
24/04/2024 16.45,2430
24/04/2024 17.00,2610
24/04/2024 17.15,2532
24/04/2024 17.30,2292
24/04/2024 17.45,2778
24/04/2024 18.00,2820
24/04/2024 18.15,2706
24/04/2024 18.30,2880
24/04/2024 18.45,2856
24/04/2024 19.00,2916
24/04/2024 19.15,2808
24/04/2024 19.30,2736
24/04/2024 19.45,2700
24/04/2024 20.00,2748
24/04/2024 20.15,2760
24/04/2024 20.30,2748
24/04/2024 20.45,2904
24/04/2024 21.00,2826
24/04/2024 21.15,2742
24/04/2024 21.30,2688
24/04/2024 21.45,2694
24/04/2024 22.00,2766
24/04/2024 22.15,2880
24/04/2024 22.30,2724
24/04/2024 22.45,2820
24/04/2024 23.00,2880
24/04/2024 23.15,2832
24/04/2024 23.30,2736
24/04/2024 23.45,2796
25/04/2024 00.00,2664
25/04/2024 00.15,2664
25/04/2024 00.30,2388
25/04/2024 00.45,2430
25/04/2024 01.00,2754
25/04/2024 01.15,3006
25/04/2024 01.30,2658
25/04/2024 01.45,2226
25/04/2024 02.00,2340
25/04/2024 02.15,2688
25/04/2024 02.30,2976
25/04/2024 02.45,2820
25/04/2024 03.00,2784
25/04/2024 03.15,2592
25/04/2024 03.30,3072
25/04/2024 03.45,2544
25/04/2024 04.00,2208
25/04/2024 04.15,2352
25/04/2024 04.30,2256
25/04/2024 04.45,2142
25/04/2024 05.00,2730
25/04/2024 05.15,2766
25/04/2024 05.30,2724
25/04/2024 05.45,2520
25/04/2024 06.00,2574
25/04/2024 06.15,2760
25/04/2024 06.30,2610
25/04/2024 06.45,2166
25/04/2024 07.00,2370
25/04/2024 07.15,2262
25/04/2024 07.30,2322
25/04/2024 07.45,2184
25/04/2024 08.00,2160
25/04/2024 08.15,1968
25/04/2024 08.30,1848
25/04/2024 08.45,1872
25/04/2024 09.00,1776
25/04/2024 09.15,1596
25/04/2024 09.30,1680
25/04/2024 09.45,1452
25/04/2024 10.00,1476
25/04/2024 10.15,1272
25/04/2024 10.30,1404
25/04/2024 10.45,1176
25/04/2024 11.00,1416
25/04/2024 11.15,1356
25/04/2024 11.30,1428
25/04/2024 11.45,1080
25/04/2024 12.00,1368
25/04/2024 12.15,1752
25/04/2024 12.30,1536
25/04/2024 12.45,1176
25/04/2024 13.00,1512
25/04/2024 13.15,1356
25/04/2024 13.30,1644
25/04/2024 13.45,1140
25/04/2024 14.00,1818
25/04/2024 14.15,1428
25/04/2024 14.30,1776
25/04/2024 14.45,1542
25/04/2024 15.00,1308
25/04/2024 15.15,1872
25/04/2024 15.30,2424
25/04/2024 15.45,2376
25/04/2024 16.00,2280
25/04/2024 16.15,2316
25/04/2024 16.30,1956
25/04/2024 16.45,1878
25/04/2024 17.00,1830
25/04/2024 17.15,2622
25/04/2024 17.30,2634
25/04/2024 17.45,2808
25/04/2024 18.00,2730
25/04/2024 18.15,2718
25/04/2024 18.30,2856
25/04/2024 18.45,2826
25/04/2024 19.00,2304
25/04/2024 19.15,2352
25/04/2024 19.30,2922
25/04/2024 19.45,2682
25/04/2024 20.00,2802
25/04/2024 20.15,2820
25/04/2024 20.30,2856
25/04/2024 20.45,2832
25/04/2024 21.00,2256
25/04/2024 21.15,2280
25/04/2024 21.30,2040
25/04/2024 21.45,2076
25/04/2024 22.00,2400
25/04/2024 22.15,2760
25/04/2024 22.30,2952
25/04/2024 22.45,2916
25/04/2024 23.00,2892
25/04/2024 23.15,2808
25/04/2024 23.30,1770
25/04/2024 23.45,1584
26/04/2024 00.00,1608
26/04/2024 00.15,1800
26/04/2024 00.30,2334
26/04/2024 00.45,2724
26/04/2024 01.00,3006
26/04/2024 01.15,3060
26/04/2024 01.30,3072
26/04/2024 01.45,3012
26/04/2024 02.00,2928
26/04/2024 02.15,2022
26/04/2024 02.30,1716
26/04/2024 02.45,2220
26/04/2024 03.00,2436
26/04/2024 03.15,2418
26/04/2024 03.30,2562
26/04/2024 03.45,2790
26/04/2024 04.00,2736
26/04/2024 04.15,2724
26/04/2024 04.30,2784
26/04/2024 04.45,2796
26/04/2024 05.00,2712
26/04/2024 05.15,2280
26/04/2024 05.30,2106
26/04/2024 05.45,1608
26/04/2024 06.00,1164
26/04/2024 06.15,1110
26/04/2024 06.30,960
26/04/2024 06.45,840
26/04/2024 07.00,624
26/04/2024 07.15,30
26/04/2024 07.30,6
26/04/2024 07.45,0
26/04/2024 08.00,0
26/04/2024 08.15,0
26/04/2024 08.30,0
26/04/2024 08.45,0
26/04/2024 09.00,0
26/04/2024 09.15,0
26/04/2024 09.30,0
26/04/2024 09.45,0
26/04/2024 10.00,0
26/04/2024 10.15,0
26/04/2024 10.30,0
26/04/2024 10.45,0
26/04/2024 11.00,0
26/04/2024 11.15,0
26/04/2024 11.30,0
26/04/2024 11.45,0
26/04/2024 12.00,0
26/04/2024 12.15,0
26/04/2024 12.30,0
26/04/2024 12.45,0
26/04/2024 13.00,0
26/04/2024 13.15,12
26/04/2024 13.30,0
26/04/2024 13.45,0
26/04/2024 14.00,0
26/04/2024 14.15,6
26/04/2024 14.30,6
26/04/2024 14.45,0
26/04/2024 15.00,0
26/04/2024 15.15,0
26/04/2024 15.30,6
26/04/2024 15.45,0
26/04/2024 16.00,12
26/04/2024 16.15,24
26/04/2024 16.30,30
26/04/2024 16.45,6
26/04/2024 17.00,12
26/04/2024 17.15,48
26/04/2024 17.30,108
26/04/2024 17.45,108
26/04/2024 18.00,132
26/04/2024 18.15,174
26/04/2024 18.30,186
26/04/2024 18.45,180
26/04/2024 19.00,174
26/04/2024 19.15,174
26/04/2024 19.30,180
26/04/2024 19.45,192
26/04/2024 20.00,192
26/04/2024 20.15,174
26/04/2024 20.30,174
26/04/2024 20.45,168
26/04/2024 21.00,156
26/04/2024 21.15,168
26/04/2024 21.30,168
26/04/2024 21.45,156
26/04/2024 22.00,168
26/04/2024 22.15,180
26/04/2024 22.30,192
26/04/2024 22.45,192
26/04/2024 23.00,192
26/04/2024 23.15,192
26/04/2024 23.30,186
26/04/2024 23.45,186
27/04/2024 00.00,198
27/04/2024 00.15,204
27/04/2024 00.30,192
27/04/2024 00.45,192
27/04/2024 01.00,186
27/04/2024 01.15,186
27/04/2024 01.30,174
27/04/2024 01.45,162
27/04/2024 02.00,162
27/04/2024 02.15,162
27/04/2024 02.30,168
27/04/2024 02.45,174
27/04/2024 03.00,162
27/04/2024 03.15,162
27/04/2024 03.30,162
27/04/2024 03.45,168
27/04/2024 04.00,180
27/04/2024 04.15,198
27/04/2024 04.30,174
27/04/2024 04.45,162
27/04/2024 05.00,162
27/04/2024 05.15,150
27/04/2024 05.30,156
27/04/2024 05.45,168
27/04/2024 06.00,186
27/04/2024 06.15,246
27/04/2024 06.30,66
27/04/2024 06.45,36
27/04/2024 07.00,36
27/04/2024 07.15,12
27/04/2024 07.30,24
27/04/2024 07.45,12
27/04/2024 08.00,12
27/04/2024 08.15,24
27/04/2024 08.30,24
27/04/2024 08.45,324
27/04/2024 09.00,720
27/04/2024 09.15,564
27/04/2024 09.30,840
27/04/2024 09.45,1248
27/04/2024 10.00,864
27/04/2024 10.15,636
27/04/2024 10.30,756
27/04/2024 10.45,1008
27/04/2024 11.00,1128
27/04/2024 11.15,1164
27/04/2024 11.30,1272
27/04/2024 11.45,1200
27/04/2024 12.00,1356
27/04/2024 12.15,1128
27/04/2024 12.30,1080
27/04/2024 12.45,1260
27/04/2024 13.00,1344
27/04/2024 13.15,1368
27/04/2024 13.30,1224
27/04/2024 13.45,1392
27/04/2024 14.00,1536
27/04/2024 14.15,1764
27/04/2024 14.30,1764
27/04/2024 14.45,1968
27/04/2024 15.00,2214
27/04/2024 15.15,1788
27/04/2024 15.30,1752
27/04/2024 15.45,1926
27/04/2024 16.00,1578
27/04/2024 16.15,1566
27/04/2024 16.30,2286
27/04/2024 16.45,2736
27/04/2024 17.00,2706
27/04/2024 17.15,2730
27/04/2024 17.30,2760
27/04/2024 17.45,2784
27/04/2024 18.00,2226
27/04/2024 18.15,2148
27/04/2024 18.30,1956
27/04/2024 18.45,2196
27/04/2024 19.00,2232
27/04/2024 19.15,2532
27/04/2024 19.30,2664
27/04/2024 19.45,2664
27/04/2024 20.00,2904
27/04/2024 20.15,2928
27/04/2024 20.30,2388
27/04/2024 20.45,2190
27/04/2024 21.00,2160
27/04/2024 21.15,2430
27/04/2024 21.30,2820
27/04/2024 21.45,2718
27/04/2024 22.00,2220
27/04/2024 22.15,2256
27/04/2024 22.30,2544
27/04/2024 22.45,2712
27/04/2024 23.00,2172
27/04/2024 23.15,2496
27/04/2024 23.30,2724
27/04/2024 23.45,2844
28/04/2024 00.00,2784
28/04/2024 00.15,2796
28/04/2024 00.30,2772
28/04/2024 00.45,2706
28/04/2024 01.00,2250
28/04/2024 01.15,2142
28/04/2024 01.30,2166
28/04/2024 01.45,1974
28/04/2024 02.00,2694
28/04/2024 02.15,2892
28/04/2024 02.30,2904
28/04/2024 02.45,2964
28/04/2024 03.00,2856
28/04/2024 03.15,2772
28/04/2024 03.30,2832
28/04/2024 03.45,2772
28/04/2024 04.00,2868
28/04/2024 04.15,2916
28/04/2024 04.30,2952
28/04/2024 04.45,2910
28/04/2024 05.00,2742
28/04/2024 05.15,2808
28/04/2024 05.30,2640
28/04/2024 05.45,2232
28/04/2024 06.00,2220
28/04/2024 06.15,2178
28/04/2024 06.30,2142
28/04/2024 06.45,2592
28/04/2024 07.00,2232
28/04/2024 07.15,2256
28/04/2024 07.30,2232
28/04/2024 07.45,2124
28/04/2024 08.00,1968
28/04/2024 08.15,1356
28/04/2024 08.30,1572
28/04/2024 08.45,1776
28/04/2024 09.00,1704
28/04/2024 09.15,1620
28/04/2024 09.30,1248
28/04/2024 09.45,1488
28/04/2024 10.00,1464
28/04/2024 10.15,1140
28/04/2024 10.30,1308
28/04/2024 10.45,936
28/04/2024 11.00,924
28/04/2024 11.15,720
28/04/2024 11.30,852
28/04/2024 11.45,960
28/04/2024 12.00,1164
28/04/2024 12.15,1800
28/04/2024 12.30,1632
28/04/2024 12.45,1308
28/04/2024 13.00,1272
28/04/2024 13.15,1392
28/04/2024 13.30,912
28/04/2024 13.45,864
28/04/2024 14.00,822
28/04/2024 14.15,840
28/04/2024 14.30,960
28/04/2024 14.45,1068
28/04/2024 15.00,1536
28/04/2024 15.15,1356
28/04/2024 15.30,1548
28/04/2024 15.45,1542
28/04/2024 16.00,1968
28/04/2024 16.15,2136
28/04/2024 16.30,2214
28/04/2024 16.45,2136
28/04/2024 17.00,2292
28/04/2024 17.15,1884
28/04/2024 17.30,2160
28/04/2024 17.45,2544
28/04/2024 18.00,2544
28/04/2024 18.15,2496
28/04/2024 18.30,2466
28/04/2024 18.45,2184
28/04/2024 19.00,2160
28/04/2024 19.15,2076
28/04/2024 19.30,2616
28/04/2024 19.45,2580
28/04/2024 20.00,2508
28/04/2024 20.15,2640
28/04/2024 20.30,2616
28/04/2024 20.45,2484
28/04/2024 21.00,2532
28/04/2024 21.15,2484
28/04/2024 21.30,2628
28/04/2024 21.45,2652
28/04/2024 22.00,2532
28/04/2024 22.15,2730
28/04/2024 22.30,2730
28/04/2024 22.45,2730
28/04/2024 23.00,2520
28/04/2024 23.15,2682
28/04/2024 23.30,2892
28/04/2024 23.45,2964
29/04/2024 00.00,2916
29/04/2024 00.15,2868
29/04/2024 00.30,2820
29/04/2024 00.45,2928
29/04/2024 01.00,2706
29/04/2024 01.15,2646
29/04/2024 01.30,2790
29/04/2024 01.45,2424
29/04/2024 02.00,2268
29/04/2024 02.15,2328
29/04/2024 02.30,2232
29/04/2024 02.45,2280
29/04/2024 03.00,2700
29/04/2024 03.15,2748
29/04/2024 03.30,2832
29/04/2024 03.45,2814
29/04/2024 04.00,2820
29/04/2024 04.15,2844
29/04/2024 04.30,2766
29/04/2024 04.45,2562
29/04/2024 05.00,2910
29/04/2024 05.15,2952
29/04/2024 05.30,2808
29/04/2024 05.45,2880
29/04/2024 06.00,2826
29/04/2024 06.15,2688
29/04/2024 06.30,2196
29/04/2024 06.45,1962
29/04/2024 07.00,1842
29/04/2024 07.15,1704
29/04/2024 07.30,1590
29/04/2024 07.45,1788
29/04/2024 08.00,1728
29/04/2024 08.15,2040
29/04/2024 08.30,1920
29/04/2024 08.45,1536
29/04/2024 09.00,1326
29/04/2024 09.15,1284
29/04/2024 09.30,1164
29/04/2024 09.45,1500
29/04/2024 10.00,1524
29/04/2024 10.15,1572
29/04/2024 10.30,1236
29/04/2024 10.45,1236
29/04/2024 11.00,1488
29/04/2024 11.15,1440
29/04/2024 11.30,1452
29/04/2024 11.45,1212
29/04/2024 12.00,360
29/04/2024 12.15,288
29/04/2024 12.30,624
29/04/2024 12.45,1428
29/04/2024 13.00,1536
29/04/2024 13.15,1560
29/04/2024 13.30,1692
29/04/2024 13.45,1476
29/04/2024 14.00,1392
29/04/2024 14.15,1380
29/04/2024 14.30,1608
29/04/2024 14.45,1704
29/04/2024 15.00,1884
29/04/2024 15.15,2142
29/04/2024 15.30,2004
29/04/2024 15.45,1920
29/04/2024 16.00,2016
29/04/2024 16.15,2334
29/04/2024 16.30,2214
29/04/2024 16.45,2112
29/04/2024 17.00,2310
29/04/2024 17.15,2496
29/04/2024 17.30,2508
29/04/2024 17.45,2610
29/04/2024 18.00,2634
29/04/2024 18.15,2742
29/04/2024 18.30,2712
29/04/2024 18.45,2700
29/04/2024 19.00,2694
29/04/2024 19.15,2652
29/04/2024 19.30,2736
29/04/2024 19.45,2190
29/04/2024 20.00,2052
29/04/2024 20.15,2160
29/04/2024 20.30,2262
29/04/2024 20.45,2142
29/04/2024 21.00,2154
29/04/2024 21.15,2082
29/04/2024 21.30,2118
29/04/2024 21.45,1902
29/04/2024 22.00,2106
29/04/2024 22.15,2202
29/04/2024 22.30,2244
29/04/2024 22.45,2076
29/04/2024 23.00,2136
29/04/2024 23.15,2280
29/04/2024 23.30,2106
29/04/2024 23.45,2226
30/04/2024 00.00,2814
30/04/2024 00.15,2898
30/04/2024 00.30,2682
30/04/2024 00.45,2184
30/04/2024 01.00,2700
30/04/2024 01.15,2808
30/04/2024 01.30,2832
30/04/2024 01.45,2784
30/04/2024 02.00,2772
30/04/2024 02.15,2820
30/04/2024 02.30,2694
30/04/2024 02.45,2832
30/04/2024 03.00,2820
30/04/2024 03.15,2148
30/04/2024 03.30,1416
30/04/2024 03.45,2400
30/04/2024 04.00,2856
30/04/2024 04.15,2892
30/04/2024 04.30,2532
30/04/2024 04.45,2178
30/04/2024 05.00,2166
30/04/2024 05.15,2838
30/04/2024 05.30,2760
30/04/2024 05.45,2820
30/04/2024 06.00,2760
30/04/2024 06.15,2736
30/04/2024 06.30,2490
30/04/2024 06.45,2592
30/04/2024 07.00,2088
30/04/2024 07.15,1716
30/04/2024 07.30,1500
30/04/2024 07.45,1416
30/04/2024 08.00,1752
30/04/2024 08.15,2040
30/04/2024 08.30,1980
30/04/2024 08.45,1632
30/04/2024 09.00,588
30/04/2024 09.15,480
30/04/2024 09.30,1080
30/04/2024 09.45,1536
30/04/2024 10.00,1620
30/04/2024 10.15,1560
30/04/2024 10.30,1524
30/04/2024 10.45,1560
30/04/2024 11.00,1500
30/04/2024 11.15,972
30/04/2024 11.30,108
30/04/2024 11.45,108
30/04/2024 12.00,540
30/04/2024 12.15,1524
30/04/2024 12.30,1536
30/04/2024 12.45,1464
30/04/2024 13.00,1440
30/04/2024 13.15,1872
30/04/2024 13.30,1308
30/04/2024 13.45,888
30/04/2024 14.00,1008
30/04/2024 14.15,1200
30/04/2024 14.30,936
30/04/2024 14.45,1224
30/04/2024 15.00,1344
30/04/2024 15.15,1476
30/04/2024 15.30,1548
30/04/2024 15.45,1560
30/04/2024 16.00,2100
30/04/2024 16.15,2268
30/04/2024 16.30,2328
30/04/2024 16.45,2568
30/04/2024 17.00,2502
30/04/2024 17.15,2316
30/04/2024 17.30,2070
30/04/2024 17.45,2214
30/04/2024 18.00,2256
30/04/2024 18.15,2082
30/04/2024 18.30,2382
30/04/2024 18.45,2664
30/04/2024 19.00,2844
30/04/2024 19.15,2802
30/04/2024 19.30,2802
30/04/2024 19.45,2718
30/04/2024 20.00,2760
30/04/2024 20.15,2742
30/04/2024 20.30,2808
30/04/2024 20.45,2814
30/04/2024 21.00,2784
30/04/2024 21.15,2760
30/04/2024 21.30,2658
30/04/2024 21.45,2688
30/04/2024 22.00,2712
30/04/2024 22.15,2808
30/04/2024 22.30,2664
30/04/2024 22.45,2592
30/04/2024 23.00,2214
30/04/2024 23.15,2682
30/04/2024 23.30,2628
30/04/2024 23.45,1800
01/05/2024 00.00,1374
01/05/2024 00.15,1344
01/05/2024 00.30,1332
01/05/2024 00.45,1338
01/05/2024 01.00,1314
01/05/2024 01.15,1296
01/05/2024 01.30,1296
01/05/2024 01.45,1296
01/05/2024 02.00,1290
01/05/2024 02.15,1308
01/05/2024 02.30,1224
01/05/2024 02.45,1122
01/05/2024 03.00,1134
01/05/2024 03.15,1134
01/05/2024 03.30,1134
01/05/2024 03.45,1122
01/05/2024 04.00,1122
01/05/2024 04.15,1080
01/05/2024 04.30,1068
01/05/2024 04.45,1068
01/05/2024 05.00,1080
01/05/2024 05.15,1086
01/05/2024 05.30,660
01/05/2024 05.45,246
01/05/2024 06.00,186
01/05/2024 06.15,120
01/05/2024 06.30,48
01/05/2024 06.45,12
01/05/2024 07.00,0
01/05/2024 07.15,0
01/05/2024 07.30,0
01/05/2024 07.45,0
01/05/2024 08.00,0
01/05/2024 08.15,0
01/05/2024 08.30,0
01/05/2024 08.45,0
01/05/2024 09.00,0
01/05/2024 09.15,0
01/05/2024 09.30,0
01/05/2024 09.45,0
01/05/2024 10.00,0
01/05/2024 10.15,0
01/05/2024 10.30,0
01/05/2024 10.45,0
01/05/2024 11.00,0
01/05/2024 11.15,0
01/05/2024 11.30,0
01/05/2024 11.45,0
01/05/2024 12.00,0
01/05/2024 12.15,0
01/05/2024 12.30,0
01/05/2024 12.45,0
01/05/2024 13.00,0
01/05/2024 13.15,0
01/05/2024 13.30,0
01/05/2024 13.45,0
01/05/2024 14.00,0
01/05/2024 14.15,0
01/05/2024 14.30,0
01/05/2024 14.45,0
01/05/2024 15.00,0
01/05/2024 15.15,0
01/05/2024 15.30,0
01/05/2024 15.45,0
01/05/2024 16.00,0
01/05/2024 16.15,6
01/05/2024 16.30,30
01/05/2024 16.45,36
01/05/2024 17.00,12
01/05/2024 17.15,18
01/05/2024 17.30,18
01/05/2024 17.45,60
01/05/2024 18.00,108
01/05/2024 18.15,144
01/05/2024 18.30,150
01/05/2024 18.45,168
01/05/2024 19.00,150
01/05/2024 19.15,174
01/05/2024 19.30,150
01/05/2024 19.45,162
01/05/2024 20.00,156
01/05/2024 20.15,168
01/05/2024 20.30,168
01/05/2024 20.45,150
01/05/2024 21.00,162
01/05/2024 21.15,162
01/05/2024 21.30,162
01/05/2024 21.45,162
01/05/2024 22.00,150
01/05/2024 22.15,168
01/05/2024 22.30,156
01/05/2024 22.45,168
01/05/2024 23.00,180
01/05/2024 23.15,168
01/05/2024 23.30,168
01/05/2024 23.45,156
02/05/2024 00.00,168
02/05/2024 00.15,156
02/05/2024 00.30,168
02/05/2024 00.45,150
02/05/2024 01.00,174
02/05/2024 01.15,156
02/05/2024 01.30,150
02/05/2024 01.45,156
02/05/2024 02.00,162
02/05/2024 02.15,162
02/05/2024 02.30,150
02/05/2024 02.45,168
02/05/2024 03.00,174
02/05/2024 03.15,150
02/05/2024 03.30,162
02/05/2024 03.45,162
02/05/2024 04.00,162
02/05/2024 04.15,150
02/05/2024 04.30,150
02/05/2024 04.45,144
02/05/2024 05.00,156
02/05/2024 05.15,144
02/05/2024 05.30,144
02/05/2024 05.45,174
02/05/2024 06.00,276
02/05/2024 06.15,216
02/05/2024 06.30,132
02/05/2024 06.45,90
02/05/2024 07.00,48
02/05/2024 07.15,6
02/05/2024 07.30,0
02/05/2024 07.45,0
02/05/2024 08.00,6
02/05/2024 08.15,6
02/05/2024 08.30,18
02/05/2024 08.45,30
02/05/2024 09.00,48
02/05/2024 09.15,120
02/05/2024 09.30,144
02/05/2024 09.45,498
02/05/2024 10.00,498
02/05/2024 10.15,462
02/05/2024 10.30,666
02/05/2024 10.45,768
02/05/2024 11.00,648
02/05/2024 11.15,642
02/05/2024 11.30,780
02/05/2024 11.45,696
02/05/2024 12.00,606
02/05/2024 12.15,222
02/05/2024 12.30,42
02/05/2024 12.45,450
02/05/2024 13.00,792
02/05/2024 13.15,1038
02/05/2024 13.30,522
02/05/2024 13.45,636
02/05/2024 14.00,570
02/05/2024 14.15,1158
02/05/2024 14.30,876
02/05/2024 14.45,654
02/05/2024 15.00,888
02/05/2024 15.15,750
02/05/2024 15.30,750
02/05/2024 15.45,912
02/05/2024 16.00,954
02/05/2024 16.15,1290
02/05/2024 16.30,1026
02/05/2024 16.45,1134
02/05/2024 17.00,1392
02/05/2024 17.15,1536
02/05/2024 17.30,1188
02/05/2024 17.45,996
02/05/2024 18.00,1668
02/05/2024 18.15,1500
02/05/2024 18.30,1446
02/05/2024 18.45,1380
02/05/2024 19.00,1422
02/05/2024 19.15,1476
02/05/2024 19.30,1506
02/05/2024 19.45,1482
02/05/2024 20.00,1332
02/05/2024 20.15,1452
02/05/2024 20.30,1476
02/05/2024 20.45,1548
02/05/2024 21.00,1686
02/05/2024 21.15,1752
02/05/2024 21.30,1812
02/05/2024 21.45,1602
02/05/2024 22.00,1848
02/05/2024 22.15,1458
02/05/2024 22.30,1116
02/05/2024 22.45,1422
02/05/2024 23.00,1848
02/05/2024 23.15,1770
02/05/2024 23.30,1440
02/05/2024 23.45,1482
03/05/2024 00.00,1596
03/05/2024 00.15,1326
03/05/2024 00.30,1506
03/05/2024 00.45,1746
03/05/2024 01.00,1638
03/05/2024 01.15,1800
03/05/2024 01.30,1620
03/05/2024 01.45,1686
03/05/2024 02.00,1386
03/05/2024 02.15,1320
03/05/2024 02.30,1374
03/05/2024 02.45,1494
03/05/2024 03.00,1770
03/05/2024 03.15,1752
03/05/2024 03.30,1674
03/05/2024 03.45,1536
03/05/2024 04.00,1614
03/05/2024 04.15,1590
03/05/2024 04.30,1548
03/05/2024 04.45,1452
03/05/2024 05.00,1656
03/05/2024 05.15,1668
03/05/2024 05.30,1680
03/05/2024 05.45,1638
03/05/2024 06.00,1548
03/05/2024 06.15,1344
03/05/2024 06.30,1422
03/05/2024 06.45,1428
03/05/2024 07.00,1128
03/05/2024 07.15,1116
03/05/2024 07.30,1218
03/05/2024 07.45,1020
03/05/2024 08.00,798
03/05/2024 08.15,684
03/05/2024 08.30,936
03/05/2024 08.45,954
03/05/2024 09.00,912
03/05/2024 09.15,906
03/05/2024 09.30,864
03/05/2024 09.45,726
03/05/2024 10.00,564
03/05/2024 10.15,630
03/05/2024 10.30,660
03/05/2024 10.45,630
03/05/2024 11.00,738
03/05/2024 11.15,546
03/05/2024 11.30,612
03/05/2024 11.45,600
03/05/2024 12.00,456
03/05/2024 12.15,858
03/05/2024 12.30,684
03/05/2024 12.45,696
03/05/2024 13.00,1032
03/05/2024 13.15,936
03/05/2024 13.30,756
03/05/2024 13.45,858
03/05/2024 14.00,1068
03/05/2024 14.15,1386
03/05/2024 14.30,1104
03/05/2024 14.45,1278
03/05/2024 15.00,816
03/05/2024 15.15,1194
03/05/2024 15.30,1644
03/05/2024 15.45,1518
03/05/2024 16.00,1620
03/05/2024 16.15,1584
03/05/2024 16.30,1296
03/05/2024 16.45,1422
03/05/2024 17.00,1482
03/05/2024 17.15,1518
03/05/2024 17.30,1458
03/05/2024 17.45,1626
03/05/2024 18.00,1776
03/05/2024 18.15,2004
03/05/2024 18.30,2028
03/05/2024 18.45,2064
03/05/2024 19.00,1836
03/05/2024 19.15,1998
03/05/2024 19.30,1896
03/05/2024 19.45,1932
03/05/2024 20.00,1986
03/05/2024 20.15,1890
03/05/2024 20.30,1728
03/05/2024 20.45,1896
03/05/2024 21.00,1902
03/05/2024 21.15,1836
03/05/2024 21.30,1560
03/05/2024 21.45,1806
03/05/2024 22.00,1800
03/05/2024 22.15,1794
03/05/2024 22.30,1890
03/05/2024 22.45,1848
03/05/2024 23.00,1800
03/05/2024 23.15,1644
03/05/2024 23.30,1938
03/05/2024 23.45,1752
04/05/2024 00.00,1758
04/05/2024 00.15,1680
04/05/2024 00.30,1572
04/05/2024 00.45,1440
04/05/2024 01.00,1902
04/05/2024 01.15,1884
04/05/2024 01.30,1776
04/05/2024 01.45,1566
04/05/2024 02.00,1764
04/05/2024 02.15,1872
04/05/2024 02.30,1752
04/05/2024 02.45,1872
04/05/2024 03.00,1854
04/05/2024 03.15,1824
04/05/2024 03.30,1806
04/05/2024 03.45,1944
04/05/2024 04.00,1878
04/05/2024 04.15,1884
04/05/2024 04.30,1938
04/05/2024 04.45,1818
04/05/2024 05.00,1806
04/05/2024 05.15,1878
04/05/2024 05.30,1764
04/05/2024 05.45,1404
04/05/2024 06.00,1344
04/05/2024 06.15,1218
04/05/2024 06.30,1254
04/05/2024 06.45,1206
04/05/2024 07.00,1176
04/05/2024 07.15,1206
04/05/2024 07.30,1128
04/05/2024 07.45,1044
04/05/2024 08.00,948
04/05/2024 08.15,762
04/05/2024 08.30,768
04/05/2024 08.45,738
04/05/2024 09.00,648
04/05/2024 09.15,618
04/05/2024 09.30,432
04/05/2024 09.45,468
04/05/2024 10.00,462
04/05/2024 10.15,360
04/05/2024 10.30,300
04/05/2024 10.45,306
04/05/2024 11.00,270
04/05/2024 11.15,228
04/05/2024 11.30,174
04/05/2024 11.45,528
04/05/2024 12.00,534
04/05/2024 12.15,582
04/05/2024 12.30,636
04/05/2024 12.45,792
04/05/2024 13.00,852
04/05/2024 13.15,882
04/05/2024 13.30,822
04/05/2024 13.45,768
04/05/2024 14.00,888
04/05/2024 14.15,912
04/05/2024 14.30,954
04/05/2024 14.45,1032
04/05/2024 15.00,1068
04/05/2024 15.15,1020
04/05/2024 15.30,1230
04/05/2024 15.45,1152
04/05/2024 16.00,1086
04/05/2024 16.15,828
04/05/2024 16.30,1410
04/05/2024 16.45,1416
04/05/2024 17.00,1350
04/05/2024 17.15,1746
04/05/2024 17.30,1830
04/05/2024 17.45,1962
04/05/2024 18.00,1752
04/05/2024 18.15,1620
04/05/2024 18.30,1896
04/05/2024 18.45,1308
04/05/2024 19.00,1080
04/05/2024 19.15,834
04/05/2024 19.30,768
04/05/2024 19.45,984
04/05/2024 20.00,846
04/05/2024 20.15,900
04/05/2024 20.30,876
04/05/2024 20.45,936
04/05/2024 21.00,1098
04/05/2024 21.15,1212
04/05/2024 21.30,1218
04/05/2024 21.45,1188
04/05/2024 22.00,1260
04/05/2024 22.15,1302
04/05/2024 22.30,1344
04/05/2024 22.45,1266
04/05/2024 23.00,1248
04/05/2024 23.15,1104
04/05/2024 23.30,1242
04/05/2024 23.45,1218
05/05/2024 00.00,1446
05/05/2024 00.15,1410
05/05/2024 00.30,1728
05/05/2024 00.45,1572
05/05/2024 01.00,1668
05/05/2024 01.15,1782
05/05/2024 01.30,1752
05/05/2024 01.45,1650
05/05/2024 02.00,1500
05/05/2024 02.15,1422
05/05/2024 02.30,1302
05/05/2024 02.45,1320
05/05/2024 03.00,1500
05/05/2024 03.15,1734
05/05/2024 03.30,1800
05/05/2024 03.45,1770
05/05/2024 04.00,1668
05/05/2024 04.15,1806
05/05/2024 04.30,1644
05/05/2024 04.45,1386
05/05/2024 05.00,1326
05/05/2024 05.15,1326
05/05/2024 05.30,1242
05/05/2024 05.45,1176
05/05/2024 06.00,1368
05/05/2024 06.15,1554
05/05/2024 06.30,1164
05/05/2024 06.45,1140
05/05/2024 07.00,780
05/05/2024 07.15,642
05/05/2024 07.30,516
05/05/2024 07.45,360
05/05/2024 08.00,84
05/05/2024 08.15,96
05/05/2024 08.30,12
05/05/2024 08.45,36
05/05/2024 09.00,60
05/05/2024 09.15,96
05/05/2024 09.30,72
05/05/2024 09.45,90
05/05/2024 10.00,252
05/05/2024 10.15,564
05/05/2024 10.30,558
05/05/2024 10.45,414
05/05/2024 11.00,312
05/05/2024 11.15,168
05/05/2024 11.30,372
05/05/2024 11.45,456
05/05/2024 12.00,426
05/05/2024 12.15,312
05/05/2024 12.30,330
05/05/2024 12.45,324
05/05/2024 13.00,780
05/05/2024 13.15,948
05/05/2024 13.30,1026
05/05/2024 13.45,1428
05/05/2024 14.00,1416
05/05/2024 14.15,1470
05/05/2024 14.30,1416
05/05/2024 14.45,1500
05/05/2024 15.00,1572
05/05/2024 15.15,1560
05/05/2024 15.30,1548
05/05/2024 15.45,1368
05/05/2024 16.00,1092
05/05/2024 16.15,1272
05/05/2024 16.30,1530
05/05/2024 16.45,978
05/05/2024 17.00,1326
05/05/2024 17.15,1932
05/05/2024 17.30,1746
05/05/2024 17.45,1524
05/05/2024 18.00,1284
05/05/2024 18.15,1416
05/05/2024 18.30,1716
05/05/2024 18.45,1938
05/05/2024 19.00,1722
05/05/2024 19.15,1320
05/05/2024 19.30,1404
05/05/2024 19.45,1164
05/05/2024 20.00,1098
05/05/2024 20.15,1554
05/05/2024 20.30,1488
05/05/2024 20.45,1386
05/05/2024 21.00,1458
05/05/2024 21.15,1686
05/05/2024 21.30,1854
05/05/2024 21.45,1728
05/05/2024 22.00,1668
05/05/2024 22.15,1410
05/05/2024 22.30,1674
05/05/2024 22.45,1764
05/05/2024 23.00,1740
05/05/2024 23.15,1662
05/05/2024 23.30,1488
05/05/2024 23.45,1482
06/05/2024 00.00,1608
06/05/2024 00.15,2022
06/05/2024 00.30,1512
06/05/2024 00.45,1506
06/05/2024 01.00,1452
06/05/2024 01.15,1710
06/05/2024 01.30,1440
06/05/2024 01.45,1614
06/05/2024 02.00,1944
06/05/2024 02.15,1368
06/05/2024 02.30,1140
06/05/2024 02.45,1422
06/05/2024 03.00,1698
06/05/2024 03.15,1650
06/05/2024 03.30,1722
06/05/2024 03.45,1554
06/05/2024 04.00,1848
06/05/2024 04.15,1794
06/05/2024 04.30,1554
06/05/2024 04.45,1314
06/05/2024 05.00,1488
06/05/2024 05.15,1800
06/05/2024 05.30,1614
06/05/2024 05.45,1656
06/05/2024 06.00,1662
06/05/2024 06.15,1620
06/05/2024 06.30,1164
06/05/2024 06.45,738
06/05/2024 07.00,648
06/05/2024 07.15,606
06/05/2024 07.30,468
06/05/2024 07.45,324
06/05/2024 08.00,348
06/05/2024 08.15,324
06/05/2024 08.30,12
06/05/2024 08.45,12
06/05/2024 09.00,24
06/05/2024 09.15,0
06/05/2024 09.30,18
06/05/2024 09.45,12
06/05/2024 10.00,0
06/05/2024 10.15,12
06/05/2024 10.30,12
06/05/2024 10.45,18
06/05/2024 11.00,24
06/05/2024 11.15,12
06/05/2024 11.30,12
06/05/2024 11.45,12
06/05/2024 12.00,36
06/05/2024 12.15,24
06/05/2024 12.30,36
06/05/2024 12.45,12
06/05/2024 13.00,12
06/05/2024 13.15,0
06/05/2024 13.30,6
06/05/2024 13.45,12
06/05/2024 14.00,0
06/05/2024 14.15,12
06/05/2024 14.30,12
06/05/2024 14.45,36
06/05/2024 15.00,30
06/05/2024 15.15,48
06/05/2024 15.30,72
06/05/2024 15.45,78
06/05/2024 16.00,36
06/05/2024 16.15,30
06/05/2024 16.30,30
06/05/2024 16.45,138
06/05/2024 17.00,108
06/05/2024 17.15,234
06/05/2024 17.30,270
06/05/2024 17.45,246
06/05/2024 18.00,264
06/05/2024 18.15,270
06/05/2024 18.30,324
06/05/2024 18.45,372
06/05/2024 19.00,342
06/05/2024 19.15,276
06/05/2024 19.30,258
06/05/2024 19.45,246
06/05/2024 20.00,276
06/05/2024 20.15,300
06/05/2024 20.30,300
06/05/2024 20.45,276
06/05/2024 21.00,240
06/05/2024 21.15,240
06/05/2024 21.30,252
06/05/2024 21.45,264
06/05/2024 22.00,252
06/05/2024 22.15,252
06/05/2024 22.30,246
06/05/2024 22.45,204
06/05/2024 23.00,222
06/05/2024 23.15,204
06/05/2024 23.30,216
06/05/2024 23.45,204
07/05/2024 00.00,216
07/05/2024 00.15,216
07/05/2024 00.30,204
07/05/2024 00.45,216
07/05/2024 01.00,216
07/05/2024 01.15,216
07/05/2024 01.30,204
07/05/2024 01.45,270
07/05/2024 02.00,264
07/05/2024 02.15,276
07/05/2024 02.30,276
07/05/2024 02.45,294
07/05/2024 03.00,276
07/05/2024 03.15,276
07/05/2024 03.30,288
07/05/2024 03.45,276
07/05/2024 04.00,258
07/05/2024 04.15,228
07/05/2024 04.30,246
07/05/2024 04.45,240
07/05/2024 05.00,240
07/05/2024 05.15,240
07/05/2024 05.30,246
07/05/2024 05.45,246
07/05/2024 06.00,288
07/05/2024 06.15,342
07/05/2024 06.30,336
07/05/2024 06.45,432
07/05/2024 07.00,678
07/05/2024 07.15,768
07/05/2024 07.30,762
07/05/2024 07.45,828
07/05/2024 08.00,852
07/05/2024 08.15,840
07/05/2024 08.30,744
07/05/2024 08.45,744
07/05/2024 09.00,984
07/05/2024 09.15,1236
07/05/2024 09.30,1446
07/05/2024 09.45,1218
07/05/2024 10.00,1116
07/05/2024 10.15,1170
07/05/2024 10.30,1320
07/05/2024 10.45,1278
07/05/2024 11.00,1032
07/05/2024 11.15,804
07/05/2024 11.30,648
07/05/2024 11.45,732
07/05/2024 12.00,600
07/05/2024 12.15,684
07/05/2024 12.30,714
07/05/2024 12.45,876
07/05/2024 13.00,978
07/05/2024 13.15,966
07/05/2024 13.30,1134
07/05/2024 13.45,1206
07/05/2024 14.00,768
07/05/2024 14.15,606
07/05/2024 14.30,918
07/05/2024 14.45,1116
07/05/2024 15.00,1110
07/05/2024 15.15,930
07/05/2024 15.30,1164
07/05/2024 15.45,1182
07/05/2024 16.00,762
07/05/2024 16.15,1098
07/05/2024 16.30,1428
07/05/2024 16.45,1230
07/05/2024 17.00,1182
07/05/2024 17.15,1194
07/05/2024 17.30,1080
07/05/2024 17.45,1146
07/05/2024 18.00,1674
07/05/2024 18.15,1704
07/05/2024 18.30,1596
07/05/2024 18.45,1542
07/05/2024 19.00,1410
07/05/2024 19.15,1728
07/05/2024 19.30,1650
07/05/2024 19.45,1350
07/05/2024 20.00,1110
07/05/2024 20.15,1686
07/05/2024 20.30,1692
07/05/2024 20.45,1488
07/05/2024 21.00,1566
07/05/2024 21.15,1104
07/05/2024 21.30,1596
07/05/2024 21.45,1602
07/05/2024 22.00,1530
07/05/2024 22.15,1458
07/05/2024 22.30,1794
07/05/2024 22.45,1920
07/05/2024 23.00,1842
07/05/2024 23.15,1920
07/05/2024 23.30,1770
07/05/2024 23.45,1752
08/05/2024 00.00,1782
08/05/2024 00.15,1662
08/05/2024 00.30,1734
08/05/2024 00.45,1704
08/05/2024 01.00,1734
08/05/2024 01.15,1332
08/05/2024 01.30,1314
08/05/2024 01.45,1596
08/05/2024 02.00,1734
08/05/2024 02.15,1722
08/05/2024 02.30,1752
08/05/2024 02.45,1830
08/05/2024 03.00,1782
08/05/2024 03.15,1584
08/05/2024 03.30,1440
08/05/2024 03.45,1488
08/05/2024 04.00,1776
08/05/2024 04.15,1752
08/05/2024 04.30,1698
08/05/2024 04.45,1824
08/05/2024 05.00,1812
08/05/2024 05.15,1830
08/05/2024 05.30,1704
08/05/2024 05.45,1674
08/05/2024 06.00,1704
08/05/2024 06.15,1584
08/05/2024 06.30,1362
08/05/2024 06.45,1572
08/05/2024 07.00,1362
08/05/2024 07.15,978
08/05/2024 07.30,840
08/05/2024 07.45,864
08/05/2024 08.00,720
08/05/2024 08.15,756
08/05/2024 08.30,648
08/05/2024 08.45,690
08/05/2024 09.00,504
08/05/2024 09.15,684
08/05/2024 09.30,750
08/05/2024 09.45,696
08/05/2024 10.00,564
08/05/2024 10.15,564
08/05/2024 10.30,408
08/05/2024 10.45,588
08/05/2024 11.00,372
08/05/2024 11.15,240
08/05/2024 11.30,426
08/05/2024 11.45,504
08/05/2024 12.00,402
08/05/2024 12.15,582
08/05/2024 12.30,534
08/05/2024 12.45,678
08/05/2024 13.00,486
08/05/2024 13.15,342
08/05/2024 13.30,360
08/05/2024 13.45,624
08/05/2024 14.00,906
08/05/2024 14.15,540
08/05/2024 14.30,744
08/05/2024 14.45,738
08/05/2024 15.00,456
08/05/2024 15.15,648
08/05/2024 15.30,552
08/05/2024 15.45,702
08/05/2024 16.00,702
08/05/2024 16.15,720
08/05/2024 16.30,816
08/05/2024 16.45,1020
08/05/2024 17.00,1290
08/05/2024 17.15,1464
08/05/2024 17.30,1356
08/05/2024 17.45,1548
08/05/2024 18.00,1536
08/05/2024 18.15,1644
08/05/2024 18.30,1668
08/05/2024 18.45,1728
08/05/2024 19.00,1572
08/05/2024 19.15,1500
08/05/2024 19.30,1746
08/05/2024 19.45,1554
08/05/2024 20.00,1512
08/05/2024 20.15,1530
08/05/2024 20.30,1584
08/05/2024 20.45,1710
08/05/2024 21.00,1680
08/05/2024 21.15,1656
08/05/2024 21.30,1764
08/05/2024 21.45,1728
08/05/2024 22.00,1590
08/05/2024 22.15,1512
08/05/2024 22.30,1440
08/05/2024 22.45,1608
08/05/2024 23.00,1692
08/05/2024 23.15,1512
08/05/2024 23.30,1404
08/05/2024 23.45,1422
09/05/2024 00.00,1638
09/05/2024 00.15,1548
09/05/2024 00.30,1440
09/05/2024 00.45,1614
09/05/2024 01.00,1068
09/05/2024 01.15,1032
09/05/2024 01.30,1134
09/05/2024 01.45,1698
09/05/2024 02.00,1662
09/05/2024 02.15,1746
09/05/2024 02.30,1620
09/05/2024 02.45,1680
09/05/2024 03.00,1608
09/05/2024 03.15,1614
09/05/2024 03.30,1698
09/05/2024 03.45,1740
09/05/2024 04.00,1740
09/05/2024 04.15,1758
09/05/2024 04.30,1662
09/05/2024 04.45,1674
09/05/2024 05.00,1536
09/05/2024 05.15,1752
09/05/2024 05.30,1824
09/05/2024 05.45,1572
09/05/2024 06.00,1272
09/05/2024 06.15,1380
09/05/2024 06.30,1536
09/05/2024 06.45,960
09/05/2024 07.00,1308
09/05/2024 07.15,1488
09/05/2024 07.30,1314
09/05/2024 07.45,1404
09/05/2024 08.00,1014
09/05/2024 08.15,1284
09/05/2024 08.30,1176
09/05/2024 08.45,1074
09/05/2024 09.00,1236
09/05/2024 09.15,1134
09/05/2024 09.30,1122
09/05/2024 09.45,1110
09/05/2024 10.00,834
09/05/2024 10.15,780
09/05/2024 10.30,768
09/05/2024 10.45,834
09/05/2024 11.00,360
09/05/2024 11.15,246
09/05/2024 11.30,486
09/05/2024 11.45,306
09/05/2024 12.00,588
09/05/2024 12.15,1086
09/05/2024 12.30,600
09/05/2024 12.45,720
09/05/2024 13.00,186
09/05/2024 13.15,60
09/05/2024 13.30,96
09/05/2024 13.45,336
09/05/2024 14.00,510
09/05/2024 14.15,510
09/05/2024 14.30,420
09/05/2024 14.45,408
09/05/2024 15.00,180
09/05/2024 15.15,396
09/05/2024 15.30,540
09/05/2024 15.45,912
09/05/2024 16.00,1104
09/05/2024 16.15,1434
09/05/2024 16.30,1266
09/05/2024 16.45,1152
09/05/2024 17.00,1272
09/05/2024 17.15,1464
09/05/2024 17.30,1500
09/05/2024 17.45,1440
09/05/2024 18.00,1488
09/05/2024 18.15,1776
09/05/2024 18.30,1788
09/05/2024 18.45,1782
09/05/2024 19.00,1728
09/05/2024 19.15,1800
09/05/2024 19.30,1800
09/05/2024 19.45,1788
09/05/2024 20.00,1824
09/05/2024 20.15,1770
09/05/2024 20.30,1824
09/05/2024 20.45,1764
09/05/2024 21.00,1728
09/05/2024 21.15,1806
09/05/2024 21.30,1824
09/05/2024 21.45,1860
09/05/2024 22.00,1776
09/05/2024 22.15,1770
09/05/2024 22.30,1788
09/05/2024 22.45,1674
09/05/2024 23.00,1764
09/05/2024 23.15,1740
09/05/2024 23.30,1716
09/05/2024 23.45,1524
10/05/2024 00.00,1254
10/05/2024 00.15,1398
10/05/2024 00.30,1266
10/05/2024 00.45,1458
10/05/2024 01.00,1458
10/05/2024 01.15,1470
10/05/2024 01.30,1458
10/05/2024 01.45,1740
10/05/2024 02.00,1620
10/05/2024 02.15,1710
10/05/2024 02.30,1596
10/05/2024 02.45,1788
10/05/2024 03.00,1740
10/05/2024 03.15,1764
10/05/2024 03.30,1608
10/05/2024 03.45,1680
10/05/2024 04.00,1734
10/05/2024 04.15,1722
10/05/2024 04.30,1800
10/05/2024 04.45,1662
10/05/2024 05.00,1842
10/05/2024 05.15,1728
10/05/2024 05.30,1650
10/05/2024 05.45,1686
10/05/2024 06.00,1596
10/05/2024 06.15,1290
10/05/2024 06.30,1230
10/05/2024 06.45,1098
10/05/2024 07.00,1236
10/05/2024 07.15,1368
10/05/2024 07.30,1284
10/05/2024 07.45,1284
10/05/2024 08.00,1170
10/05/2024 08.15,876
10/05/2024 08.30,876
10/05/2024 08.45,1056
10/05/2024 09.00,1092
10/05/2024 09.15,684
10/05/2024 09.30,498
10/05/2024 09.45,624
10/05/2024 10.00,840
10/05/2024 10.15,762
10/05/2024 10.30,846
10/05/2024 10.45,774
10/05/2024 11.00,762
10/05/2024 11.15,1350
10/05/2024 11.30,624
10/05/2024 11.45,714
10/05/2024 12.00,726
10/05/2024 12.15,612
10/05/2024 12.30,948
10/05/2024 12.45,1344
10/05/2024 13.00,1248
10/05/2024 13.15,900
10/05/2024 13.30,966
10/05/2024 13.45,984
10/05/2024 14.00,1248
10/05/2024 14.15,1284
10/05/2024 14.30,1212
10/05/2024 14.45,1236
10/05/2024 15.00,1080
10/05/2024 15.15,768
10/05/2024 15.30,840
10/05/2024 15.45,960
10/05/2024 16.00,1134
10/05/2024 16.15,1398
10/05/2024 16.30,1500
10/05/2024 16.45,1422
10/05/2024 17.00,1356
10/05/2024 17.15,1470
10/05/2024 17.30,1140
10/05/2024 17.45,1014
10/05/2024 18.00,1662
10/05/2024 18.15,1896
10/05/2024 18.30,1848
10/05/2024 18.45,1968
10/05/2024 19.00,1824
10/05/2024 19.15,1704
10/05/2024 19.30,1248
10/05/2024 19.45,1122
10/05/2024 20.00,1236
10/05/2024 20.15,1284
10/05/2024 20.30,1530
10/05/2024 20.45,1566
10/05/2024 21.00,1776
10/05/2024 21.15,1818
10/05/2024 21.30,1788
10/05/2024 21.45,2160
10/05/2024 22.00,2184
10/05/2024 22.15,2160
10/05/2024 22.30,2010
10/05/2024 22.45,1902
10/05/2024 23.00,2232
10/05/2024 23.15,2634
10/05/2024 23.30,2688
10/05/2024 23.45,2862
11/05/2024 00.00,2712
11/05/2024 00.15,2802
11/05/2024 00.30,2892
11/05/2024 00.45,2928
11/05/2024 01.00,2904
11/05/2024 01.15,2934
11/05/2024 01.30,2844
11/05/2024 01.45,2772
11/05/2024 02.00,2718
11/05/2024 02.15,2700
11/05/2024 02.30,2670
11/05/2024 02.45,2508
11/05/2024 03.00,2592
11/05/2024 03.15,2862
11/05/2024 03.30,2760
11/05/2024 03.45,2844
11/05/2024 04.00,2808
11/05/2024 04.15,2760
11/05/2024 04.30,2892
11/05/2024 04.45,2748
11/05/2024 05.00,2424
11/05/2024 05.15,2538
11/05/2024 05.30,2544
11/05/2024 05.45,2424
11/05/2024 06.00,2532
11/05/2024 06.15,2280
11/05/2024 06.30,2304
11/05/2024 06.45,2574
11/05/2024 07.00,2508
11/05/2024 07.15,2346
11/05/2024 07.30,2550
11/05/2024 07.45,2370
11/05/2024 08.00,2316
11/05/2024 08.15,2964
11/05/2024 08.30,3198
11/05/2024 08.45,3312
11/05/2024 09.00,3192
11/05/2024 09.15,2976
11/05/2024 09.30,2658
11/05/2024 09.45,2736
11/05/2024 10.00,1920
11/05/2024 10.15,1956
11/05/2024 10.30,2562
11/05/2024 10.45,2910
11/05/2024 11.00,2850
11/05/2024 11.15,2856
11/05/2024 11.30,2388
11/05/2024 11.45,1980
11/05/2024 12.00,1962
11/05/2024 12.15,2208
11/05/2024 12.30,2496
11/05/2024 12.45,1620
11/05/2024 13.00,1974
11/05/2024 13.15,1146
11/05/2024 13.30,1278
11/05/2024 13.45,1926
11/05/2024 14.00,2544
11/05/2024 14.15,2550
11/05/2024 14.30,2718
11/05/2024 14.45,2838
11/05/2024 15.00,2568
11/05/2024 15.15,1656
11/05/2024 15.30,1854
11/05/2024 15.45,2484
11/05/2024 16.00,2382
11/05/2024 16.15,2520
11/05/2024 16.30,2916
11/05/2024 16.45,3498
11/05/2024 17.00,3978
11/05/2024 17.15,3612
11/05/2024 17.30,3384
11/05/2024 17.45,3582
11/05/2024 18.00,3630
11/05/2024 18.15,3504
11/05/2024 18.30,3726
11/05/2024 18.45,4128
11/05/2024 19.00,3522
11/05/2024 19.15,3552
11/05/2024 19.30,3546
11/05/2024 19.45,3456
11/05/2024 20.00,3222
11/05/2024 20.15,3552
11/05/2024 20.30,3648
11/05/2024 20.45,3672
11/05/2024 21.00,3726
11/05/2024 21.15,3630
11/05/2024 21.30,3936
11/05/2024 21.45,3528
11/05/2024 22.00,3462
11/05/2024 22.15,3510
11/05/2024 22.30,3588
11/05/2024 22.45,3462
11/05/2024 23.00,3522
11/05/2024 23.15,3684
11/05/2024 23.30,3936
11/05/2024 23.45,3642
12/05/2024 00.00,3870
12/05/2024 00.15,3930
12/05/2024 00.30,3594
12/05/2024 00.45,3492
12/05/2024 01.00,3792
12/05/2024 01.15,3966
12/05/2024 01.30,3852
12/05/2024 01.45,3972
12/05/2024 02.00,3522
12/05/2024 02.15,2994
12/05/2024 02.30,3000
12/05/2024 02.45,2496
12/05/2024 03.00,2862
12/05/2024 03.15,2820
12/05/2024 03.30,2808
12/05/2024 03.45,2862
12/05/2024 04.00,3576
12/05/2024 04.15,4056
12/05/2024 04.30,4122
12/05/2024 04.45,4140
12/05/2024 05.00,3960
12/05/2024 05.15,3804
12/05/2024 05.30,3954
12/05/2024 05.45,3876
12/05/2024 06.00,3996
12/05/2024 06.15,3354
12/05/2024 06.30,3192
12/05/2024 06.45,3312
12/05/2024 07.00,2880
12/05/2024 07.15,3588
12/05/2024 07.30,3348
12/05/2024 07.45,2718
12/05/2024 08.00,1818
12/05/2024 08.15,1956
12/05/2024 08.30,2040
12/05/2024 08.45,1932
12/05/2024 09.00,2136
12/05/2024 09.15,2508
12/05/2024 09.30,2346
12/05/2024 09.45,1998
12/05/2024 10.00,1974
12/05/2024 10.15,1908
12/05/2024 10.30,1770
12/05/2024 10.45,1440
12/05/2024 11.00,1278
12/05/2024 11.15,1308
12/05/2024 11.30,1218
12/05/2024 11.45,1512
12/05/2024 12.00,1272
12/05/2024 12.15,1422
12/05/2024 12.30,1704
12/05/2024 12.45,1704
12/05/2024 13.00,1728
12/05/2024 13.15,1752
12/05/2024 13.30,1812
12/05/2024 13.45,2700
12/05/2024 14.00,2820
12/05/2024 14.15,2376
12/05/2024 14.30,2766
12/05/2024 14.45,3042
12/05/2024 15.00,2436
12/05/2024 15.15,2496
12/05/2024 15.30,3270
12/05/2024 15.45,3174
12/05/2024 16.00,3372
12/05/2024 16.15,2964
12/05/2024 16.30,3216
12/05/2024 16.45,3642
12/05/2024 17.00,3588
12/05/2024 17.15,3870
12/05/2024 17.30,3942
12/05/2024 17.45,4056
12/05/2024 18.00,4044
12/05/2024 18.15,3900
12/05/2024 18.30,3984
12/05/2024 18.45,4164
12/05/2024 19.00,4200
12/05/2024 19.15,4188
12/05/2024 19.30,3936
12/05/2024 19.45,2868
12/05/2024 20.00,2784
12/05/2024 20.15,3144
12/05/2024 20.30,3636
12/05/2024 20.45,3762
12/05/2024 21.00,4170
12/05/2024 21.15,4212
12/05/2024 21.30,4062
12/05/2024 21.45,4266
12/05/2024 22.00,4116
12/05/2024 22.15,4092
12/05/2024 22.30,3900
12/05/2024 22.45,4146
12/05/2024 23.00,4008
12/05/2024 23.15,3900
12/05/2024 23.30,3774
12/05/2024 23.45,4068
13/05/2024 00.00,3984
13/05/2024 00.15,4062
13/05/2024 00.30,3978
13/05/2024 00.45,4134
13/05/2024 01.00,4200
13/05/2024 01.15,3972
13/05/2024 01.30,3624
13/05/2024 01.45,3528
13/05/2024 02.00,3636
13/05/2024 02.15,4020
13/05/2024 02.30,3798
13/05/2024 02.45,3720
13/05/2024 03.00,3708
13/05/2024 03.15,3828
13/05/2024 03.30,4092
13/05/2024 03.45,3984
13/05/2024 04.00,3888
13/05/2024 04.15,3948
13/05/2024 04.30,4020
13/05/2024 04.45,3978
13/05/2024 05.00,4032
13/05/2024 05.15,3666
13/05/2024 05.30,3702
13/05/2024 05.45,3588
13/05/2024 06.00,3750
13/05/2024 06.15,3684
13/05/2024 06.30,3192
13/05/2024 06.45,3426
13/05/2024 07.00,3708
13/05/2024 07.15,3672
13/05/2024 07.30,3138
13/05/2024 07.45,2832
13/05/2024 08.00,3282
13/05/2024 08.15,2640
13/05/2024 08.30,2610
13/05/2024 08.45,3528
13/05/2024 09.00,3048
13/05/2024 09.15,2694
13/05/2024 09.30,3558
13/05/2024 09.45,3222
13/05/2024 10.00,3348
13/05/2024 10.15,3432
13/05/2024 10.30,3894
13/05/2024 10.45,3780
13/05/2024 11.00,3672
13/05/2024 11.15,3444
13/05/2024 11.30,3432
13/05/2024 11.45,2880
13/05/2024 12.00,3270
13/05/2024 12.15,3138
13/05/2024 12.30,3000
13/05/2024 12.45,3156
13/05/2024 13.00,2976
13/05/2024 13.15,2988
13/05/2024 13.30,3024
13/05/2024 13.45,3084
13/05/2024 14.00,2958
13/05/2024 14.15,2646
13/05/2024 14.30,2892
13/05/2024 14.45,2742
13/05/2024 15.00,2844
13/05/2024 15.15,2940
13/05/2024 15.30,2754
13/05/2024 15.45,2532
13/05/2024 16.00,2838
13/05/2024 16.15,2736
13/05/2024 16.30,2820
13/05/2024 16.45,3222
13/05/2024 17.00,3690
13/05/2024 17.15,3804
13/05/2024 17.30,3666
13/05/2024 17.45,4218
13/05/2024 18.00,4146
13/05/2024 18.15,4056
13/05/2024 18.30,3990
13/05/2024 18.45,3900
13/05/2024 19.00,4068
13/05/2024 19.15,4218
13/05/2024 19.30,3876
13/05/2024 19.45,3726
13/05/2024 20.00,3786
13/05/2024 20.15,3918
13/05/2024 20.30,3972
13/05/2024 20.45,4158
13/05/2024 21.00,4074
13/05/2024 21.15,3672
13/05/2024 21.30,3348
13/05/2024 21.45,2712
13/05/2024 22.00,2580
13/05/2024 22.15,2880
13/05/2024 22.30,3696
13/05/2024 22.45,3726
13/05/2024 23.00,2820
13/05/2024 23.15,2940
13/05/2024 23.30,2730
13/05/2024 23.45,2592
14/05/2024 00.00,2580
14/05/2024 00.15,3498
14/05/2024 00.30,4176
14/05/2024 00.45,4320
14/05/2024 01.00,4248
14/05/2024 01.15,3798
14/05/2024 01.30,3486
14/05/2024 01.45,3012
14/05/2024 02.00,2334
14/05/2024 02.15,1992
14/05/2024 02.30,2004
14/05/2024 02.45,2952
14/05/2024 03.00,3072
14/05/2024 03.15,3228
14/05/2024 03.30,3108
14/05/2024 03.45,3180
14/05/2024 04.00,3108
14/05/2024 04.15,2988
14/05/2024 04.30,2916
14/05/2024 04.45,3324
14/05/2024 05.00,3264
14/05/2024 05.15,3246
14/05/2024 05.30,2766
14/05/2024 05.45,3312
14/05/2024 06.00,3114
14/05/2024 06.15,3072
14/05/2024 06.30,2670
14/05/2024 06.45,2316
14/05/2024 07.00,2292
14/05/2024 07.15,2142
14/05/2024 07.30,2142
14/05/2024 07.45,2004
14/05/2024 08.00,1584
14/05/2024 08.15,1434
14/05/2024 08.30,960
14/05/2024 08.45,1146
14/05/2024 09.00,1536
14/05/2024 09.15,1380
14/05/2024 09.30,1758
14/05/2024 09.45,1728
14/05/2024 10.00,1704
14/05/2024 10.15,1452
14/05/2024 10.30,1488
14/05/2024 10.45,1440
14/05/2024 11.00,1224
14/05/2024 11.15,1104
14/05/2024 11.30,720
14/05/2024 11.45,138
14/05/2024 12.00,180
14/05/2024 12.15,1464
14/05/2024 12.30,1632
14/05/2024 12.45,1200
14/05/2024 13.00,1668
14/05/2024 13.15,1968
14/05/2024 13.30,2160
14/05/2024 13.45,2016
14/05/2024 14.00,1740
14/05/2024 14.15,1734
14/05/2024 14.30,1812
14/05/2024 14.45,1356
14/05/2024 15.00,1152
14/05/2024 15.15,1662
14/05/2024 15.30,1896
14/05/2024 15.45,1956
14/05/2024 16.00,1950
14/05/2024 16.15,2028
14/05/2024 16.30,2280
14/05/2024 16.45,2502
14/05/2024 17.00,2352
14/05/2024 17.15,2328
14/05/2024 17.30,2646
14/05/2024 17.45,2748
14/05/2024 18.00,2808
14/05/2024 18.15,2796
14/05/2024 18.30,2826
14/05/2024 18.45,2760
14/05/2024 19.00,2610
14/05/2024 19.15,2802
14/05/2024 19.30,2862
14/05/2024 19.45,2682
14/05/2024 20.00,2814
14/05/2024 20.15,2736
14/05/2024 20.30,2682
14/05/2024 20.45,2784
14/05/2024 21.00,2832
14/05/2024 21.15,2544
14/05/2024 21.30,2676
14/05/2024 21.45,2664
14/05/2024 22.00,2730
14/05/2024 22.15,2754
14/05/2024 22.30,2736
14/05/2024 22.45,2832
14/05/2024 23.00,2544
14/05/2024 23.15,2592
14/05/2024 23.30,2682
14/05/2024 23.45,2202
15/05/2024 00.00,2682
15/05/2024 00.15,2904
15/05/2024 00.30,2976
15/05/2024 00.45,2910
15/05/2024 01.00,2808
15/05/2024 01.15,2766
15/05/2024 01.30,2694
15/05/2024 01.45,2676
15/05/2024 02.00,2802
15/05/2024 02.15,2814
15/05/2024 02.30,2832
15/05/2024 02.45,2640
15/05/2024 03.00,2460
15/05/2024 03.15,2238
15/05/2024 03.30,2238
15/05/2024 03.45,2274
15/05/2024 04.00,2874
15/05/2024 04.15,2682
15/05/2024 04.30,2820
15/05/2024 04.45,2766
15/05/2024 05.00,2700
15/05/2024 05.15,2724
15/05/2024 05.30,2712
15/05/2024 05.45,2586
15/05/2024 06.00,2604
15/05/2024 06.15,2490
15/05/2024 06.30,2268
15/05/2024 06.45,2394
15/05/2024 07.00,2490
15/05/2024 07.15,2382
15/05/2024 07.30,2424
15/05/2024 07.45,2196
15/05/2024 08.00,1926
15/05/2024 08.15,1824
15/05/2024 08.30,1746
15/05/2024 08.45,1632
15/05/2024 09.00,1572
15/05/2024 09.15,1608
15/05/2024 09.30,1536
15/05/2024 09.45,1614
15/05/2024 10.00,1548
15/05/2024 10.15,1656
15/05/2024 10.30,1740
15/05/2024 10.45,1692
15/05/2024 11.00,1416
15/05/2024 11.15,1428
15/05/2024 11.30,1488
15/05/2024 11.45,1944
15/05/2024 12.00,1260
15/05/2024 12.15,1188
15/05/2024 12.30,612
15/05/2024 12.45,1296
15/05/2024 13.00,1368
15/05/2024 13.15,1092
15/05/2024 13.30,1056
15/05/2024 13.45,912
15/05/2024 14.00,1476
15/05/2024 14.15,1404
15/05/2024 14.30,408
15/05/2024 14.45,1080
15/05/2024 15.00,1248
15/05/2024 15.15,1584
15/05/2024 15.30,1992
15/05/2024 15.45,2052
15/05/2024 16.00,2076
15/05/2024 16.15,1968
15/05/2024 16.30,2004
15/05/2024 16.45,1986
15/05/2024 17.00,2514
15/05/2024 17.15,2772
15/05/2024 17.30,2442
15/05/2024 17.45,2226
15/05/2024 18.00,2496
15/05/2024 18.15,2544
15/05/2024 18.30,2592
15/05/2024 18.45,2754
15/05/2024 19.00,2622
15/05/2024 19.15,2310
15/05/2024 19.30,2718
15/05/2024 19.45,2706
15/05/2024 20.00,2724
15/05/2024 20.15,2670
15/05/2024 20.30,2526
15/05/2024 20.45,2616
15/05/2024 21.00,2556
15/05/2024 21.15,2652
15/05/2024 21.30,2748
15/05/2024 21.45,2724
15/05/2024 22.00,2700
15/05/2024 22.15,2490
15/05/2024 22.30,2202
15/05/2024 22.45,2190
15/05/2024 23.00,2142
15/05/2024 23.15,2058
15/05/2024 23.30,1998
15/05/2024 23.45,2586
16/05/2024 00.00,2904
16/05/2024 00.15,2832
16/05/2024 00.30,2706
16/05/2024 00.45,2784
16/05/2024 01.00,2490
16/05/2024 01.15,2088
16/05/2024 01.30,2160
16/05/2024 01.45,2262
16/05/2024 02.00,2478
16/05/2024 02.15,2676
16/05/2024 02.30,2790
16/05/2024 02.45,2784
16/05/2024 03.00,2784
16/05/2024 03.15,2574
16/05/2024 03.30,2364
16/05/2024 03.45,2466
16/05/2024 04.00,2766
16/05/2024 04.15,2790
16/05/2024 04.30,2190
16/05/2024 04.45,1842
16/05/2024 05.00,2676
16/05/2024 05.15,2760
16/05/2024 05.30,2562
16/05/2024 05.45,2040
16/05/2024 06.00,1386
16/05/2024 06.15,1146
16/05/2024 06.30,1020
16/05/2024 06.45,906
16/05/2024 07.00,648
16/05/2024 07.15,516
16/05/2024 07.30,504
16/05/2024 07.45,468
16/05/2024 08.00,108
16/05/2024 08.15,0
16/05/2024 08.30,0
16/05/2024 08.45,0
16/05/2024 09.00,0
16/05/2024 09.15,0
16/05/2024 09.30,0
16/05/2024 09.45,0
16/05/2024 10.00,0
16/05/2024 10.15,0
16/05/2024 10.30,0
16/05/2024 10.45,0
16/05/2024 11.00,6
16/05/2024 11.15,6
16/05/2024 11.30,0
16/05/2024 11.45,0
16/05/2024 12.00,0
16/05/2024 12.15,0
16/05/2024 12.30,0
16/05/2024 12.45,0
16/05/2024 13.00,0
16/05/2024 13.15,0
16/05/2024 13.30,0
16/05/2024 13.45,0
16/05/2024 14.00,0
16/05/2024 14.15,0
16/05/2024 14.30,0
16/05/2024 14.45,108
16/05/2024 15.00,48
16/05/2024 15.15,6
16/05/2024 15.30,12
16/05/2024 15.45,12
16/05/2024 16.00,0
16/05/2024 16.15,0
16/05/2024 16.30,6
16/05/2024 16.45,6
16/05/2024 17.00,18
16/05/2024 17.15,0
16/05/2024 17.30,24
16/05/2024 17.45,84
16/05/2024 18.00,156
16/05/2024 18.15,216
16/05/2024 18.30,228
16/05/2024 18.45,228
16/05/2024 19.00,216
16/05/2024 19.15,216
16/05/2024 19.30,210
16/05/2024 19.45,228
16/05/2024 20.00,222
16/05/2024 20.15,216
16/05/2024 20.30,246
16/05/2024 20.45,234
16/05/2024 21.00,234
16/05/2024 21.15,234
16/05/2024 21.30,222
16/05/2024 21.45,210
16/05/2024 22.00,216
16/05/2024 22.15,228
16/05/2024 22.30,216
16/05/2024 22.45,228
16/05/2024 23.00,216
16/05/2024 23.15,216
16/05/2024 23.30,228
16/05/2024 23.45,216
17/05/2024 00.00,240
17/05/2024 00.15,216
17/05/2024 00.30,204
17/05/2024 00.45,228
17/05/2024 01.00,216
17/05/2024 01.15,210
17/05/2024 01.30,216
17/05/2024 01.45,198
17/05/2024 02.00,228
17/05/2024 02.15,186
17/05/2024 02.30,174
17/05/2024 02.45,186
17/05/2024 03.00,204
17/05/2024 03.15,222
17/05/2024 03.30,210
17/05/2024 03.45,210
17/05/2024 04.00,210
17/05/2024 04.15,210
17/05/2024 04.30,198
17/05/2024 04.45,210
17/05/2024 05.00,204
17/05/2024 05.15,180
17/05/2024 05.30,186
17/05/2024 05.45,174
17/05/2024 06.00,132
17/05/2024 06.15,108
17/05/2024 06.30,66
17/05/2024 06.45,72
17/05/2024 07.00,30
17/05/2024 07.15,12
17/05/2024 07.30,0
17/05/2024 07.45,0
17/05/2024 08.00,0
17/05/2024 08.15,0
17/05/2024 08.30,0
17/05/2024 08.45,0
17/05/2024 09.00,12
17/05/2024 09.15,0
17/05/2024 09.30,0
17/05/2024 09.45,0
17/05/2024 10.00,0
17/05/2024 10.15,0
17/05/2024 10.30,0
17/05/2024 10.45,0
17/05/2024 11.00,0
17/05/2024 11.15,0
17/05/2024 11.30,0
17/05/2024 11.45,0
17/05/2024 12.00,0
17/05/2024 12.15,0
17/05/2024 12.30,0
17/05/2024 12.45,0
17/05/2024 13.00,0
17/05/2024 13.15,0
17/05/2024 13.30,6
17/05/2024 13.45,54
17/05/2024 14.00,78
17/05/2024 14.15,96
17/05/2024 14.30,78
17/05/2024 14.45,180
17/05/2024 15.00,192
17/05/2024 15.15,186
17/05/2024 15.30,150
17/05/2024 15.45,24
17/05/2024 16.00,0
17/05/2024 16.15,0
17/05/2024 16.30,0
17/05/2024 16.45,18
17/05/2024 17.00,36
17/05/2024 17.15,36
17/05/2024 17.30,48
17/05/2024 17.45,84
17/05/2024 18.00,126
17/05/2024 18.15,162
17/05/2024 18.30,168
17/05/2024 18.45,180
17/05/2024 19.00,156
17/05/2024 19.15,156
17/05/2024 19.30,168
17/05/2024 19.45,168
17/05/2024 20.00,180
17/05/2024 20.15,216
17/05/2024 20.30,240
17/05/2024 20.45,216
17/05/2024 21.00,216
17/05/2024 21.15,228
17/05/2024 21.30,228
17/05/2024 21.45,240
17/05/2024 22.00,216
17/05/2024 22.15,228
17/05/2024 22.30,240
17/05/2024 22.45,228
17/05/2024 23.00,234
17/05/2024 23.15,234
17/05/2024 23.30,216
17/05/2024 23.45,168
18/05/2024 00.00,162
18/05/2024 00.15,174
18/05/2024 00.30,180
18/05/2024 00.45,168
18/05/2024 01.00,174
18/05/2024 01.15,168
18/05/2024 01.30,156
18/05/2024 01.45,204
18/05/2024 02.00,216
18/05/2024 02.15,192
18/05/2024 02.30,192
18/05/2024 02.45,192
18/05/2024 03.00,222
18/05/2024 03.15,228
18/05/2024 03.30,204
18/05/2024 03.45,228
18/05/2024 04.00,168
18/05/2024 04.15,168
18/05/2024 04.30,180
18/05/2024 04.45,156
18/05/2024 05.00,162
18/05/2024 05.15,162
18/05/2024 05.30,156
18/05/2024 05.45,144
18/05/2024 06.00,240
18/05/2024 06.15,528
18/05/2024 06.30,894
18/05/2024 06.45,1002
18/05/2024 07.00,1116
18/05/2024 07.15,1068
18/05/2024 07.30,900
18/05/2024 07.45,900
18/05/2024 08.00,1272
18/05/2024 08.15,1440
18/05/2024 08.30,1830
18/05/2024 08.45,1776
18/05/2024 09.00,1824
18/05/2024 09.15,1704
18/05/2024 09.30,1140
18/05/2024 09.45,1236
18/05/2024 10.00,1584
18/05/2024 10.15,1476
18/05/2024 10.30,1344
18/05/2024 10.45,1140
18/05/2024 11.00,1290
18/05/2024 11.15,1380
18/05/2024 11.30,1752
18/05/2024 11.45,1134
18/05/2024 12.00,1434
18/05/2024 12.15,1872
18/05/2024 12.30,2172
18/05/2024 12.45,1104
18/05/2024 13.00,1968
18/05/2024 13.15,2112
18/05/2024 13.30,1704
18/05/2024 13.45,1488
18/05/2024 14.00,1644
18/05/2024 14.15,1764
18/05/2024 14.30,2208
18/05/2024 14.45,2244
18/05/2024 15.00,2592
18/05/2024 15.15,2700
18/05/2024 15.30,2688
18/05/2024 15.45,2664
18/05/2024 16.00,2748
18/05/2024 16.15,2736
18/05/2024 16.30,2664
18/05/2024 16.45,2454
18/05/2024 17.00,2574
18/05/2024 17.15,2790
18/05/2024 17.30,2856
18/05/2024 17.45,2796
18/05/2024 18.00,2610
18/05/2024 18.15,2784
18/05/2024 18.30,2772
18/05/2024 18.45,2760
18/05/2024 19.00,2622
18/05/2024 19.15,2526
18/05/2024 19.30,2634
18/05/2024 19.45,2652
18/05/2024 20.00,2394
18/05/2024 20.15,2082
18/05/2024 20.30,2094
18/05/2024 20.45,2070
18/05/2024 21.00,2016
18/05/2024 21.15,2040
18/05/2024 21.30,2052
18/05/2024 21.45,2010
18/05/2024 22.00,1896
18/05/2024 22.15,2028
18/05/2024 22.30,2064
18/05/2024 22.45,2064
18/05/2024 23.00,2088
18/05/2024 23.15,2070
18/05/2024 23.30,2028
18/05/2024 23.45,1998
19/05/2024 00.00,2004
19/05/2024 00.15,1932
19/05/2024 00.30,1818
19/05/2024 00.45,1806
19/05/2024 01.00,1968
19/05/2024 01.15,2172
19/05/2024 01.30,2796
19/05/2024 01.45,2760
19/05/2024 02.00,2496
19/05/2024 02.15,2544
19/05/2024 02.30,2760
19/05/2024 02.45,2736
19/05/2024 03.00,2736
19/05/2024 03.15,2472
19/05/2024 03.30,2184
19/05/2024 03.45,2652
19/05/2024 04.00,2652
19/05/2024 04.15,2760
19/05/2024 04.30,2748
19/05/2024 04.45,2676
19/05/2024 05.00,2748
19/05/2024 05.15,2664
19/05/2024 05.30,2472
19/05/2024 05.45,2628
19/05/2024 06.00,2190
19/05/2024 06.15,2136
19/05/2024 06.30,2592
19/05/2024 06.45,2670
19/05/2024 07.00,2436
19/05/2024 07.15,2058
19/05/2024 07.30,1620
19/05/2024 07.45,2088
19/05/2024 08.00,1848
19/05/2024 08.15,1812
19/05/2024 08.30,1752
19/05/2024 08.45,1776
19/05/2024 09.00,1626
19/05/2024 09.15,1500
19/05/2024 09.30,1548
19/05/2024 09.45,1476
19/05/2024 10.00,1344
19/05/2024 10.15,912
19/05/2024 10.30,828
19/05/2024 10.45,1128
19/05/2024 11.00,1164
19/05/2024 11.15,1128
19/05/2024 11.30,984
19/05/2024 11.45,1056
19/05/2024 12.00,1152
19/05/2024 12.15,1332
19/05/2024 12.30,1302
19/05/2024 12.45,1062
19/05/2024 13.00,1104
19/05/2024 13.15,1248
19/05/2024 13.30,1296
19/05/2024 13.45,1056
19/05/2024 14.00,1104
19/05/2024 14.15,1212
19/05/2024 14.30,1164
19/05/2024 14.45,1590
19/05/2024 15.00,2160
19/05/2024 15.15,2400
19/05/2024 15.30,2238
19/05/2024 15.45,2106
19/05/2024 16.00,2124
19/05/2024 16.15,2100
19/05/2024 16.30,2148
19/05/2024 16.45,2334
19/05/2024 17.00,2556
19/05/2024 17.15,2646
19/05/2024 17.30,2814
19/05/2024 17.45,2808
19/05/2024 18.00,2766
19/05/2024 18.15,2100
19/05/2024 18.30,2196
19/05/2024 18.45,2052
19/05/2024 19.00,2730
19/05/2024 19.15,2736
19/05/2024 19.30,2628
19/05/2024 19.45,2724
19/05/2024 20.00,2064
19/05/2024 20.15,2256
19/05/2024 20.30,2832
19/05/2024 20.45,2964
19/05/2024 21.00,2964
19/05/2024 21.15,2844
19/05/2024 21.30,2622
19/05/2024 21.45,2400
19/05/2024 22.00,2004
19/05/2024 22.15,2598
19/05/2024 22.30,2706
19/05/2024 22.45,2394
19/05/2024 23.00,2880
19/05/2024 23.15,2892
19/05/2024 23.30,2910
19/05/2024 23.45,2652
20/05/2024 00.00,2304
20/05/2024 00.15,2280
20/05/2024 00.30,2052
20/05/2024 00.45,2640
20/05/2024 01.00,2784
20/05/2024 01.15,2778
20/05/2024 01.30,2892
20/05/2024 01.45,2886
20/05/2024 02.00,2382
20/05/2024 02.15,2274
20/05/2024 02.30,2358
20/05/2024 02.45,2958
20/05/2024 03.00,2550
20/05/2024 03.15,2118
20/05/2024 03.30,2538
20/05/2024 03.45,2982
20/05/2024 04.00,2904
20/05/2024 04.15,2856
20/05/2024 04.30,2640
20/05/2024 04.45,2760
20/05/2024 05.00,2352
20/05/2024 05.15,2208
20/05/2024 05.30,2214
20/05/2024 05.45,2148
20/05/2024 06.00,2118
20/05/2024 06.15,2316
20/05/2024 06.30,2364
20/05/2024 06.45,1890
20/05/2024 07.00,1680
20/05/2024 07.15,1374
20/05/2024 07.30,1650
20/05/2024 07.45,1740
20/05/2024 08.00,2358
20/05/2024 08.15,2334
20/05/2024 08.30,2460
20/05/2024 08.45,1992
20/05/2024 09.00,1980
20/05/2024 09.15,2052
20/05/2024 09.30,2418
20/05/2024 09.45,3084
20/05/2024 10.00,3036
20/05/2024 10.15,2748
20/05/2024 10.30,2364
20/05/2024 10.45,1776
20/05/2024 11.00,1788
20/05/2024 11.15,2010
20/05/2024 11.30,1476
20/05/2024 11.45,1146
20/05/2024 12.00,1668
20/05/2024 12.15,1212
20/05/2024 12.30,1422
20/05/2024 12.45,984
20/05/2024 13.00,1404
20/05/2024 13.15,1638
20/05/2024 13.30,1368
20/05/2024 13.45,1218
20/05/2024 14.00,732
20/05/2024 14.15,948
20/05/2024 14.30,1140
20/05/2024 14.45,1476
20/05/2024 15.00,2676
20/05/2024 15.15,1548
20/05/2024 15.30,1800
20/05/2024 15.45,2652
20/05/2024 16.00,2784
20/05/2024 16.15,3084
20/05/2024 16.30,3024
20/05/2024 16.45,3156
20/05/2024 17.00,3516
20/05/2024 17.15,3240
20/05/2024 17.30,3120
20/05/2024 17.45,3396
20/05/2024 18.00,3684
20/05/2024 18.15,3708
20/05/2024 18.30,3192
20/05/2024 18.45,3432
20/05/2024 19.00,4074
20/05/2024 19.15,4458
20/05/2024 19.30,3732
20/05/2024 19.45,3720
20/05/2024 20.00,3918
20/05/2024 20.15,4344
20/05/2024 20.30,4272
20/05/2024 20.45,3654
20/05/2024 21.00,4380
20/05/2024 21.15,3804
20/05/2024 21.30,3726
20/05/2024 21.45,3564
20/05/2024 22.00,3702
20/05/2024 22.15,4284
20/05/2024 22.30,3966
20/05/2024 22.45,4380
20/05/2024 23.00,4350
20/05/2024 23.15,4350
20/05/2024 23.30,3972
20/05/2024 23.45,3972
21/05/2024 00.00,3816
21/05/2024 00.15,3642
21/05/2024 00.30,2922
21/05/2024 00.45,3726
21/05/2024 01.00,3828
21/05/2024 01.15,4194
21/05/2024 01.30,4128
21/05/2024 01.45,4062
21/05/2024 02.00,3936
21/05/2024 02.15,3444
21/05/2024 02.30,2826
21/05/2024 02.45,2772
21/05/2024 03.00,2904
21/05/2024 03.15,2988
21/05/2024 03.30,2808
21/05/2024 03.45,2700
21/05/2024 04.00,2208
21/05/2024 04.15,2352
21/05/2024 04.30,2424
21/05/2024 04.45,2172
21/05/2024 05.00,2028
21/05/2024 05.15,1608
21/05/2024 05.30,2028
21/05/2024 05.45,2232
21/05/2024 06.00,2040
21/05/2024 06.15,1692
21/05/2024 06.30,1920
21/05/2024 06.45,1830
21/05/2024 07.00,1542
21/05/2024 07.15,1440
21/05/2024 07.30,1320
21/05/2024 07.45,1284
21/05/2024 08.00,1380
21/05/2024 08.15,1668
21/05/2024 08.30,2652
21/05/2024 08.45,3858
21/05/2024 09.00,4452
21/05/2024 09.15,4182
21/05/2024 09.30,4038
21/05/2024 09.45,4080
21/05/2024 10.00,4032
21/05/2024 10.15,4080
21/05/2024 10.30,3972
21/05/2024 10.45,3888
21/05/2024 11.00,3366
21/05/2024 11.15,3072
21/05/2024 11.30,2706
21/05/2024 11.45,2862
21/05/2024 12.00,2424
21/05/2024 12.15,1884
21/05/2024 12.30,1800
21/05/2024 12.45,1950
21/05/2024 13.00,2580
21/05/2024 13.15,2082
21/05/2024 13.30,2436
21/05/2024 13.45,2136
21/05/2024 14.00,2244
21/05/2024 14.15,2988
21/05/2024 14.30,2976
21/05/2024 14.45,2778
21/05/2024 15.00,2664
21/05/2024 15.15,2724
21/05/2024 15.30,3126
21/05/2024 15.45,3084
21/05/2024 16.00,3438
21/05/2024 16.15,3216
21/05/2024 16.30,3456
21/05/2024 16.45,3552
21/05/2024 17.00,3534
21/05/2024 17.15,3750
21/05/2024 17.30,3714
21/05/2024 17.45,3972
21/05/2024 18.00,4188
21/05/2024 18.15,3780
21/05/2024 18.30,3546
21/05/2024 18.45,3588
21/05/2024 19.00,3630
21/05/2024 19.15,3960
21/05/2024 19.30,4152
21/05/2024 19.45,4116
21/05/2024 20.00,4128
21/05/2024 20.15,4188
21/05/2024 20.30,4038
21/05/2024 20.45,4134
21/05/2024 21.00,4038
21/05/2024 21.15,4050
21/05/2024 21.30,4176
21/05/2024 21.45,4110
21/05/2024 22.00,3900
21/05/2024 22.15,4068
21/05/2024 22.30,4074
21/05/2024 22.45,4092
21/05/2024 23.00,4074
21/05/2024 23.15,4128
21/05/2024 23.30,4560
21/05/2024 23.45,4206
22/05/2024 00.00,4572
22/05/2024 00.15,4326
22/05/2024 00.30,3702
22/05/2024 00.45,3558
22/05/2024 01.00,3852
22/05/2024 01.15,3786
22/05/2024 01.30,4008
22/05/2024 01.45,3864
22/05/2024 02.00,3852
22/05/2024 02.15,3858
22/05/2024 02.30,3738
22/05/2024 02.45,3132
22/05/2024 03.00,2766
22/05/2024 03.15,2580
22/05/2024 03.30,2454
22/05/2024 03.45,2292
22/05/2024 04.00,2526
22/05/2024 04.15,2448
22/05/2024 04.30,2490
22/05/2024 04.45,2532
22/05/2024 05.00,2454
22/05/2024 05.15,2478
22/05/2024 05.30,2484
22/05/2024 05.45,2532
22/05/2024 06.00,2484
22/05/2024 06.15,2250
22/05/2024 06.30,2310
22/05/2024 06.45,2112
22/05/2024 07.00,1788
22/05/2024 07.15,1764
22/05/2024 07.30,1908
22/05/2024 07.45,2124
22/05/2024 08.00,1422
22/05/2024 08.15,1302
22/05/2024 08.30,1362
22/05/2024 08.45,900
22/05/2024 09.00,540
22/05/2024 09.15,450
22/05/2024 09.30,600
22/05/2024 09.45,576
22/05/2024 10.00,696
22/05/2024 10.15,750
22/05/2024 10.30,936
22/05/2024 10.45,858
22/05/2024 11.00,840
22/05/2024 11.15,798
22/05/2024 11.30,648
22/05/2024 11.45,522
22/05/2024 12.00,534
22/05/2024 12.15,408
22/05/2024 12.30,210
22/05/2024 12.45,228
22/05/2024 13.00,792
22/05/2024 13.15,894
22/05/2024 13.30,1056
22/05/2024 13.45,516
22/05/2024 14.00,132
22/05/2024 14.15,54
22/05/2024 14.30,192
22/05/2024 14.45,348
22/05/2024 15.00,588
22/05/2024 15.15,1188
22/05/2024 15.30,1362
22/05/2024 15.45,1308
22/05/2024 16.00,1284
22/05/2024 16.15,1200
22/05/2024 16.30,1548
22/05/2024 16.45,1356
22/05/2024 17.00,1242
22/05/2024 17.15,1320
22/05/2024 17.30,1362
22/05/2024 17.45,1608
22/05/2024 18.00,1572
22/05/2024 18.15,1428
22/05/2024 18.30,1182
22/05/2024 18.45,1128
22/05/2024 19.00,1302
22/05/2024 19.15,1572
22/05/2024 19.30,1398
22/05/2024 19.45,1350
22/05/2024 20.00,1236
22/05/2024 20.15,1086
22/05/2024 20.30,1128
22/05/2024 20.45,1266
22/05/2024 21.00,1242
22/05/2024 21.15,1344
22/05/2024 21.30,1284
22/05/2024 21.45,1350
22/05/2024 22.00,1236
22/05/2024 22.15,1260
22/05/2024 22.30,1332
22/05/2024 22.45,1284
22/05/2024 23.00,1392
22/05/2024 23.15,1368
22/05/2024 23.30,1344
22/05/2024 23.45,1320
23/05/2024 00.00,1212
23/05/2024 00.15,1290
23/05/2024 00.30,1206
23/05/2024 00.45,1248
23/05/2024 01.00,1314
23/05/2024 01.15,1332
23/05/2024 01.30,1272
23/05/2024 01.45,1266
23/05/2024 02.00,1254
23/05/2024 02.15,1338
23/05/2024 02.30,1284
23/05/2024 02.45,1302
23/05/2024 03.00,1350
23/05/2024 03.15,1344
23/05/2024 03.30,1308
23/05/2024 03.45,1476
23/05/2024 04.00,1848
23/05/2024 04.15,1596
23/05/2024 04.30,1644
23/05/2024 04.45,1836
23/05/2024 05.00,1806
23/05/2024 05.15,1710
23/05/2024 05.30,1602
23/05/2024 05.45,1680
23/05/2024 06.00,1524
23/05/2024 06.15,1644
23/05/2024 06.30,1656
23/05/2024 06.45,1464
23/05/2024 07.00,1344
23/05/2024 07.15,1434
23/05/2024 07.30,1398
23/05/2024 07.45,1254
23/05/2024 08.00,1290
23/05/2024 08.15,1344
23/05/2024 08.30,1344
23/05/2024 08.45,1158
23/05/2024 09.00,894
23/05/2024 09.15,738
23/05/2024 09.30,876
23/05/2024 09.45,726
23/05/2024 10.00,726
23/05/2024 10.15,1080
23/05/2024 10.30,972
23/05/2024 10.45,1080
23/05/2024 11.00,834
23/05/2024 11.15,762
23/05/2024 11.30,888
23/05/2024 11.45,618
23/05/2024 12.00,1056
23/05/2024 12.15,552
23/05/2024 12.30,582
23/05/2024 12.45,1044
23/05/2024 13.00,1152
23/05/2024 13.15,942
23/05/2024 13.30,948
23/05/2024 13.45,654
23/05/2024 14.00,576
23/05/2024 14.15,954
23/05/2024 14.30,1206
23/05/2024 14.45,1140
23/05/2024 15.00,1038
23/05/2024 15.15,936
23/05/2024 15.30,1050
23/05/2024 15.45,1530
23/05/2024 16.00,1452
23/05/2024 16.15,1548
23/05/2024 16.30,1596
23/05/2024 16.45,1440
23/05/2024 17.00,1512
23/05/2024 17.15,1428
23/05/2024 17.30,984
23/05/2024 17.45,1056
23/05/2024 18.00,1554
23/05/2024 18.15,1830
23/05/2024 18.30,1596
23/05/2024 18.45,1320
23/05/2024 19.00,1434
23/05/2024 19.15,1320
23/05/2024 19.30,1368
23/05/2024 19.45,1506
23/05/2024 20.00,1512
23/05/2024 20.15,1446
23/05/2024 20.30,1398
23/05/2024 20.45,1608
23/05/2024 21.00,1482
23/05/2024 21.15,1362
23/05/2024 21.30,1446
23/05/2024 21.45,1254
23/05/2024 22.00,1548
23/05/2024 22.15,1890
23/05/2024 22.30,1800
23/05/2024 22.45,1716
23/05/2024 23.00,1692
23/05/2024 23.15,1500
23/05/2024 23.30,1656
23/05/2024 23.45,1800
24/05/2024 00.00,1746
24/05/2024 00.15,1776
24/05/2024 00.30,1866
24/05/2024 00.45,1752
24/05/2024 01.00,1734
24/05/2024 01.15,1668
24/05/2024 01.30,1584
24/05/2024 01.45,1566
24/05/2024 02.00,1674
24/05/2024 02.15,1692
24/05/2024 02.30,1740
24/05/2024 02.45,1938
24/05/2024 03.00,1926
24/05/2024 03.15,1908
24/05/2024 03.30,1764
24/05/2024 03.45,1590
24/05/2024 04.00,1380
24/05/2024 04.15,1416
24/05/2024 04.30,1746
24/05/2024 04.45,1602
24/05/2024 05.00,1674
24/05/2024 05.15,1872
24/05/2024 05.30,1896
24/05/2024 05.45,1560
24/05/2024 06.00,1068
24/05/2024 06.15,1092
24/05/2024 06.30,1332
24/05/2024 06.45,1392
24/05/2024 07.00,1464
24/05/2024 07.15,1386
24/05/2024 07.30,1032
24/05/2024 07.45,696
24/05/2024 08.00,636
24/05/2024 08.15,846
24/05/2024 08.30,1284
24/05/2024 08.45,1182
24/05/2024 09.00,852
24/05/2024 09.15,972
24/05/2024 09.30,1140
24/05/2024 09.45,1044
24/05/2024 10.00,288
24/05/2024 10.15,432
24/05/2024 10.30,498
24/05/2024 10.45,246
24/05/2024 11.00,564
24/05/2024 11.15,960
24/05/2024 11.30,702
24/05/2024 11.45,726
24/05/2024 12.00,618
24/05/2024 12.15,408
24/05/2024 12.30,492
24/05/2024 12.45,270
24/05/2024 13.00,396
24/05/2024 13.15,528
24/05/2024 13.30,660
24/05/2024 13.45,630
24/05/2024 14.00,774
24/05/2024 14.15,828
24/05/2024 14.30,624
24/05/2024 14.45,546
24/05/2024 15.00,576
24/05/2024 15.15,900
24/05/2024 15.30,750
24/05/2024 15.45,1164
24/05/2024 16.00,1266
24/05/2024 16.15,1626
24/05/2024 16.30,1404
24/05/2024 16.45,1326
24/05/2024 17.00,1104
24/05/2024 17.15,1044
24/05/2024 17.30,1200
24/05/2024 17.45,1302
24/05/2024 18.00,1296
24/05/2024 18.15,1368
24/05/2024 18.30,1434
24/05/2024 18.45,1224
24/05/2024 19.00,1404
24/05/2024 19.15,1404
24/05/2024 19.30,1422
24/05/2024 19.45,1416
24/05/2024 20.00,1296
24/05/2024 20.15,1344
24/05/2024 20.30,1512
24/05/2024 20.45,1488
24/05/2024 21.00,1716
24/05/2024 21.15,1902
24/05/2024 21.30,1866
24/05/2024 21.45,1830
24/05/2024 22.00,1668
24/05/2024 22.15,1434
24/05/2024 22.30,1344
24/05/2024 22.45,1320
24/05/2024 23.00,1368
24/05/2024 23.15,1362
24/05/2024 23.30,1398
24/05/2024 23.45,1506
25/05/2024 00.00,1464
25/05/2024 00.15,1416
25/05/2024 00.30,1434
25/05/2024 00.45,1404
25/05/2024 01.00,1392
25/05/2024 01.15,1374
25/05/2024 01.30,1398
25/05/2024 01.45,1602
25/05/2024 02.00,1776
25/05/2024 02.15,1362
25/05/2024 02.30,1296
25/05/2024 02.45,1476
25/05/2024 03.00,1734
25/05/2024 03.15,1872
25/05/2024 03.30,1746
25/05/2024 03.45,1728
25/05/2024 04.00,1560
25/05/2024 04.15,1512
25/05/2024 04.30,1704
25/05/2024 04.45,1818
25/05/2024 05.00,1872
25/05/2024 05.15,1800
25/05/2024 05.30,1638
25/05/2024 05.45,1668
25/05/2024 06.00,1554
25/05/2024 06.15,1320
25/05/2024 06.30,1128
25/05/2024 06.45,1086
25/05/2024 07.00,1008
25/05/2024 07.15,1080
25/05/2024 07.30,960
25/05/2024 07.45,840
25/05/2024 08.00,720
25/05/2024 08.15,660
25/05/2024 08.30,468
25/05/2024 08.45,342
25/05/2024 09.00,618
25/05/2024 09.15,804
25/05/2024 09.30,804
25/05/2024 09.45,660
25/05/2024 10.00,558
25/05/2024 10.15,936
25/05/2024 10.30,798
25/05/2024 10.45,756
25/05/2024 11.00,648
25/05/2024 11.15,942
25/05/2024 11.30,642
25/05/2024 11.45,786
25/05/2024 12.00,618
25/05/2024 12.15,804
25/05/2024 12.30,930
25/05/2024 12.45,408
25/05/2024 13.00,222
25/05/2024 13.15,408
25/05/2024 13.30,396
25/05/2024 13.45,618
25/05/2024 14.00,360
25/05/2024 14.15,480
25/05/2024 14.30,294
25/05/2024 14.45,576
25/05/2024 15.00,540
25/05/2024 15.15,840
25/05/2024 15.30,948
25/05/2024 15.45,714
25/05/2024 16.00,504
25/05/2024 16.15,702
25/05/2024 16.30,966
25/05/2024 16.45,996
25/05/2024 17.00,1104
25/05/2024 17.15,1356
25/05/2024 17.30,1398
25/05/2024 17.45,1410
25/05/2024 18.00,1392
25/05/2024 18.15,1494
25/05/2024 18.30,1650
25/05/2024 18.45,1638
25/05/2024 19.00,1578
25/05/2024 19.15,1524
25/05/2024 19.30,1776
25/05/2024 19.45,1752
25/05/2024 20.00,1680
25/05/2024 20.15,1614
25/05/2024 20.30,1470
25/05/2024 20.45,1512
25/05/2024 21.00,1572
25/05/2024 21.15,1686
25/05/2024 21.30,1794
25/05/2024 21.45,1800
25/05/2024 22.00,1770
25/05/2024 22.15,1716
25/05/2024 22.30,1632
25/05/2024 22.45,1728
25/05/2024 23.00,1572
25/05/2024 23.15,1548
25/05/2024 23.30,1374
25/05/2024 23.45,1020
26/05/2024 00.00,876
26/05/2024 00.15,906
26/05/2024 00.30,954
26/05/2024 00.45,930
26/05/2024 01.00,936
26/05/2024 01.15,912
26/05/2024 01.30,876
26/05/2024 01.45,888
26/05/2024 02.00,882
26/05/2024 02.15,900
26/05/2024 02.30,906
26/05/2024 02.45,918
26/05/2024 03.00,906
26/05/2024 03.15,906
26/05/2024 03.30,912
26/05/2024 03.45,894
26/05/2024 04.00,894
26/05/2024 04.15,888
26/05/2024 04.30,876
26/05/2024 04.45,888
26/05/2024 05.00,888
26/05/2024 05.15,876
26/05/2024 05.30,864
26/05/2024 05.45,792
26/05/2024 06.00,696
26/05/2024 06.15,648
26/05/2024 06.30,636
26/05/2024 06.45,576
26/05/2024 07.00,492
26/05/2024 07.15,408
26/05/2024 07.30,270
26/05/2024 07.45,126
26/05/2024 08.00,60
26/05/2024 08.15,18
26/05/2024 08.30,12
26/05/2024 08.45,12
26/05/2024 09.00,12
26/05/2024 09.15,18
26/05/2024 09.30,12
26/05/2024 09.45,42
26/05/2024 10.00,84
26/05/2024 10.15,60
26/05/2024 10.30,24
26/05/2024 10.45,24
26/05/2024 11.00,84
26/05/2024 11.15,78
26/05/2024 11.30,48
26/05/2024 11.45,24
26/05/2024 12.00,60
26/05/2024 12.15,12
26/05/2024 12.30,12
26/05/2024 12.45,12
26/05/2024 13.00,18
26/05/2024 13.15,24
26/05/2024 13.30,12
26/05/2024 13.45,18
26/05/2024 14.00,30
26/05/2024 14.15,24
26/05/2024 14.30,18
26/05/2024 14.45,18
26/05/2024 15.00,6
26/05/2024 15.15,72
26/05/2024 15.30,30
26/05/2024 15.45,24
26/05/2024 16.00,36
26/05/2024 16.15,30
26/05/2024 16.30,24
26/05/2024 16.45,60
26/05/2024 17.00,132
26/05/2024 17.15,96
26/05/2024 17.30,72
26/05/2024 17.45,156
26/05/2024 18.00,162
26/05/2024 18.15,210
26/05/2024 18.30,216
26/05/2024 18.45,210
26/05/2024 19.00,210
26/05/2024 19.15,210
26/05/2024 19.30,210
26/05/2024 19.45,198
26/05/2024 20.00,210
26/05/2024 20.15,240
26/05/2024 20.30,240
26/05/2024 20.45,252
26/05/2024 21.00,240
26/05/2024 21.15,222
26/05/2024 21.30,228
26/05/2024 21.45,216
26/05/2024 22.00,216
26/05/2024 22.15,210
26/05/2024 22.30,264
26/05/2024 22.45,264
26/05/2024 23.00,252
26/05/2024 23.15,252
26/05/2024 23.30,282
26/05/2024 23.45,264
27/05/2024 00.00,222
27/05/2024 00.15,252
27/05/2024 00.30,282
27/05/2024 00.45,222
27/05/2024 01.00,210
27/05/2024 01.15,192
27/05/2024 01.30,180
27/05/2024 01.45,156
27/05/2024 02.00,174
27/05/2024 02.15,210
27/05/2024 02.30,270
27/05/2024 02.45,276
27/05/2024 03.00,264
27/05/2024 03.15,252
27/05/2024 03.30,276
27/05/2024 03.45,240
27/05/2024 04.00,234
27/05/2024 04.15,216
27/05/2024 04.30,210
27/05/2024 04.45,198
27/05/2024 05.00,192
27/05/2024 05.15,180
27/05/2024 05.30,180
27/05/2024 05.45,180
27/05/2024 06.00,162
27/05/2024 06.15,96
27/05/2024 06.30,36
27/05/2024 06.45,6
27/05/2024 07.00,0
27/05/2024 07.15,0
27/05/2024 07.30,0
27/05/2024 07.45,0
27/05/2024 08.00,0
27/05/2024 08.15,0
27/05/2024 08.30,0
27/05/2024 08.45,0
27/05/2024 09.00,6
27/05/2024 09.15,12
27/05/2024 09.30,12
27/05/2024 09.45,12
27/05/2024 10.00,12
27/05/2024 10.15,24
27/05/2024 10.30,12
27/05/2024 10.45,24
27/05/2024 11.00,12
27/05/2024 11.15,24
27/05/2024 11.30,12
27/05/2024 11.45,12
27/05/2024 12.00,18
27/05/2024 12.15,12
27/05/2024 12.30,12
27/05/2024 12.45,12
27/05/2024 13.00,12
27/05/2024 13.15,12
27/05/2024 13.30,30
27/05/2024 13.45,24
27/05/2024 14.00,12
27/05/2024 14.15,0
27/05/2024 14.30,0
27/05/2024 14.45,0
27/05/2024 15.00,6
27/05/2024 15.15,0
27/05/2024 15.30,0
27/05/2024 15.45,0
27/05/2024 16.00,6
27/05/2024 16.15,42
27/05/2024 16.30,12
27/05/2024 16.45,0
27/05/2024 17.00,6
27/05/2024 17.15,0
27/05/2024 17.30,0
27/05/2024 17.45,12
27/05/2024 18.00,108
27/05/2024 18.15,156
27/05/2024 18.30,156
27/05/2024 18.45,156
27/05/2024 19.00,168
27/05/2024 19.15,174
27/05/2024 19.30,168
27/05/2024 19.45,168
27/05/2024 20.00,168
27/05/2024 20.15,174
27/05/2024 20.30,186
27/05/2024 20.45,162
27/05/2024 21.00,192
27/05/2024 21.15,204
27/05/2024 21.30,168
27/05/2024 21.45,180
27/05/2024 22.00,210
27/05/2024 22.15,216
27/05/2024 22.30,228
27/05/2024 22.45,204
27/05/2024 23.00,210
27/05/2024 23.15,246
27/05/2024 23.30,192
27/05/2024 23.45,210
28/05/2024 00.00,186
28/05/2024 00.15,168
28/05/2024 00.30,168
28/05/2024 00.45,108
28/05/2024 01.00,132
28/05/2024 01.15,96
28/05/2024 01.30,108
28/05/2024 01.45,120
28/05/2024 02.00,132
28/05/2024 02.15,126
28/05/2024 02.30,132
28/05/2024 02.45,114
28/05/2024 03.00,120
28/05/2024 03.15,150
28/05/2024 03.30,96
28/05/2024 03.45,132
28/05/2024 04.00,150
28/05/2024 04.15,144
28/05/2024 04.30,126
28/05/2024 04.45,114
28/05/2024 05.00,114
28/05/2024 05.15,120
28/05/2024 05.30,126
28/05/2024 05.45,162
28/05/2024 06.00,156
28/05/2024 06.15,72
28/05/2024 06.30,36
28/05/2024 06.45,66
28/05/2024 07.00,0
28/05/2024 07.15,0
28/05/2024 07.30,6
28/05/2024 07.45,6
28/05/2024 08.00,18
28/05/2024 08.15,54
28/05/2024 08.30,126
28/05/2024 08.45,78
28/05/2024 09.00,240
28/05/2024 09.15,306
28/05/2024 09.30,426
28/05/2024 09.45,306
28/05/2024 10.00,180
28/05/2024 10.15,348
28/05/2024 10.30,906
28/05/2024 10.45,1134
28/05/2024 11.00,852
28/05/2024 11.15,1140
28/05/2024 11.30,948
28/05/2024 11.45,876
28/05/2024 12.00,762
28/05/2024 12.15,180
28/05/2024 12.30,360
28/05/2024 12.45,486
28/05/2024 13.00,648
28/05/2024 13.15,858
28/05/2024 13.30,816
28/05/2024 13.45,630
28/05/2024 14.00,582
28/05/2024 14.15,252
28/05/2024 14.30,426
28/05/2024 14.45,252
28/05/2024 15.00,234
28/05/2024 15.15,768
28/05/2024 15.30,888
28/05/2024 15.45,1152
28/05/2024 16.00,1170
28/05/2024 16.15,1212
28/05/2024 16.30,1194
28/05/2024 16.45,1224
28/05/2024 17.00,1272
28/05/2024 17.15,1092
28/05/2024 17.30,1218
28/05/2024 17.45,1224
28/05/2024 18.00,1458
28/05/2024 18.15,1506
28/05/2024 18.30,1572
28/05/2024 18.45,1494
28/05/2024 19.00,1470
28/05/2024 19.15,1470
28/05/2024 19.30,1476
28/05/2024 19.45,1488
28/05/2024 20.00,1512
28/05/2024 20.15,1458
28/05/2024 20.30,1464
28/05/2024 20.45,1560
28/05/2024 21.00,1428
28/05/2024 21.15,1350
28/05/2024 21.30,1332
28/05/2024 21.45,1452
28/05/2024 22.00,1488
28/05/2024 22.15,1560
28/05/2024 22.30,1710
28/05/2024 22.45,1638
28/05/2024 23.00,1530
28/05/2024 23.15,1398
28/05/2024 23.30,1170
28/05/2024 23.45,1404
29/05/2024 00.00,1788
29/05/2024 00.15,1782
29/05/2024 00.30,1482
29/05/2024 00.45,1410
29/05/2024 01.00,1710
29/05/2024 01.15,1728
29/05/2024 01.30,1788
29/05/2024 01.45,1644
29/05/2024 02.00,1770
29/05/2024 02.15,1884
29/05/2024 02.30,1806
29/05/2024 02.45,1746
29/05/2024 03.00,1566
29/05/2024 03.15,1542
29/05/2024 03.30,1644
29/05/2024 03.45,1368
29/05/2024 04.00,1476
29/05/2024 04.15,1308
29/05/2024 04.30,1158
29/05/2024 04.45,1350
29/05/2024 05.00,1452
29/05/2024 05.15,1506
29/05/2024 05.30,1176
29/05/2024 05.45,1266
29/05/2024 06.00,1332
29/05/2024 06.15,1542
29/05/2024 06.30,1560
29/05/2024 06.45,1476
29/05/2024 07.00,1506
29/05/2024 07.15,1506
29/05/2024 07.30,1374
29/05/2024 07.45,1554
29/05/2024 08.00,1518
29/05/2024 08.15,1032
29/05/2024 08.30,1176
29/05/2024 08.45,810
29/05/2024 09.00,648
29/05/2024 09.15,582
29/05/2024 09.30,378
29/05/2024 09.45,744
29/05/2024 10.00,474
29/05/2024 10.15,72
29/05/2024 10.30,486
29/05/2024 10.45,564
29/05/2024 11.00,468
29/05/2024 11.15,630
29/05/2024 11.30,456
29/05/2024 11.45,474
29/05/2024 12.00,744
29/05/2024 12.15,654
29/05/2024 12.30,762
29/05/2024 12.45,672
29/05/2024 13.00,324
29/05/2024 13.15,480
29/05/2024 13.30,360
29/05/2024 13.45,498
29/05/2024 14.00,624
29/05/2024 14.15,696
29/05/2024 14.30,930
29/05/2024 14.45,606
29/05/2024 15.00,1164
29/05/2024 15.15,1140
29/05/2024 15.30,1308
29/05/2024 15.45,1230
29/05/2024 16.00,1332
29/05/2024 16.15,1524
29/05/2024 16.30,1572
29/05/2024 16.45,1416
29/05/2024 17.00,1308
29/05/2024 17.15,1332
29/05/2024 17.30,1410
29/05/2024 17.45,1416
29/05/2024 18.00,1152
29/05/2024 18.15,1236
29/05/2024 18.30,1548
29/05/2024 18.45,1542
29/05/2024 19.00,1392
29/05/2024 19.15,1392
29/05/2024 19.30,1404
29/05/2024 19.45,1482
29/05/2024 20.00,1488
29/05/2024 20.15,1404
29/05/2024 20.30,1524
29/05/2024 20.45,1614
29/05/2024 21.00,1326
29/05/2024 21.15,1194
29/05/2024 21.30,1644
29/05/2024 21.45,1698
29/05/2024 22.00,1752
29/05/2024 22.15,1884
29/05/2024 22.30,1794
29/05/2024 22.45,1920
29/05/2024 23.00,1854
29/05/2024 23.15,1704
29/05/2024 23.30,1368
29/05/2024 23.45,1428
30/05/2024 00.00,1386
30/05/2024 00.15,1260
30/05/2024 00.30,1344
30/05/2024 00.45,1440
30/05/2024 01.00,1488
30/05/2024 01.15,1518
30/05/2024 01.30,1416
30/05/2024 01.45,1416
30/05/2024 02.00,1380
30/05/2024 02.15,1392
30/05/2024 02.30,1446
30/05/2024 02.45,1428
30/05/2024 03.00,1476
30/05/2024 03.15,1368
30/05/2024 03.30,1476
30/05/2024 03.45,1452
30/05/2024 04.00,1374
30/05/2024 04.15,1332
30/05/2024 04.30,1332
30/05/2024 04.45,1404
30/05/2024 05.00,1560
30/05/2024 05.15,1770
30/05/2024 05.30,1824
30/05/2024 05.45,1776
30/05/2024 06.00,1770
30/05/2024 06.15,1506
30/05/2024 06.30,1512
30/05/2024 06.45,1560
30/05/2024 07.00,1302
30/05/2024 07.15,1362
30/05/2024 07.30,1116
30/05/2024 07.45,852
30/05/2024 08.00,750
30/05/2024 08.15,738
30/05/2024 08.30,660
30/05/2024 08.45,654
30/05/2024 09.00,618
30/05/2024 09.15,612
30/05/2024 09.30,456
30/05/2024 09.45,522
30/05/2024 10.00,426
30/05/2024 10.15,576
30/05/2024 10.30,504
30/05/2024 10.45,360
30/05/2024 11.00,360
30/05/2024 11.15,420
30/05/2024 11.30,426
30/05/2024 11.45,534
30/05/2024 12.00,558
30/05/2024 12.15,384
30/05/2024 12.30,564
30/05/2024 12.45,636
30/05/2024 13.00,960
30/05/2024 13.15,906
30/05/2024 13.30,504
30/05/2024 13.45,912
30/05/2024 14.00,852
30/05/2024 14.15,888
30/05/2024 14.30,726
30/05/2024 14.45,300
30/05/2024 15.00,336
30/05/2024 15.15,438
30/05/2024 15.30,384
30/05/2024 15.45,324
30/05/2024 16.00,168
30/05/2024 16.15,372
30/05/2024 16.30,600
30/05/2024 16.45,1038
30/05/2024 17.00,1224
30/05/2024 17.15,1350
30/05/2024 17.30,1422
30/05/2024 17.45,1428
30/05/2024 18.00,1632
30/05/2024 18.15,1854
30/05/2024 18.30,1896
30/05/2024 18.45,1944
30/05/2024 19.00,1932
30/05/2024 19.15,1590
30/05/2024 19.30,1806
30/05/2024 19.45,1836
30/05/2024 20.00,1488
30/05/2024 20.15,1380
30/05/2024 20.30,1554
30/05/2024 20.45,1518
30/05/2024 21.00,1488
30/05/2024 21.15,1992
30/05/2024 21.30,1848
30/05/2024 21.45,1860
30/05/2024 22.00,1920
30/05/2024 22.15,1866
30/05/2024 22.30,1704
30/05/2024 22.45,1878
30/05/2024 23.00,1704
30/05/2024 23.15,1356
30/05/2024 23.30,1440
30/05/2024 23.45,1080
31/05/2024 00.00,1050
31/05/2024 00.15,1050
31/05/2024 00.30,1032
31/05/2024 00.45,1032
31/05/2024 01.00,1020
31/05/2024 01.15,996
31/05/2024 01.30,996
31/05/2024 01.45,984
31/05/2024 02.00,978
31/05/2024 02.15,1032
31/05/2024 02.30,1032
31/05/2024 02.45,1008
31/05/2024 03.00,1008
31/05/2024 03.15,1014
31/05/2024 03.30,996
31/05/2024 03.45,984
31/05/2024 04.00,978
31/05/2024 04.15,972
31/05/2024 04.30,996
31/05/2024 04.45,996
31/05/2024 05.00,1002
31/05/2024 05.15,1002
31/05/2024 05.30,1002
31/05/2024 05.45,996
31/05/2024 06.00,948
31/05/2024 06.15,900
31/05/2024 06.30,834
31/05/2024 06.45,768
31/05/2024 07.00,720
31/05/2024 07.15,684
31/05/2024 07.30,600
31/05/2024 07.45,252
31/05/2024 08.00,204
31/05/2024 08.15,210
31/05/2024 08.30,216
31/05/2024 08.45,132
31/05/2024 09.00,24
31/05/2024 09.15,0
31/05/2024 09.30,24
31/05/2024 09.45,12
31/05/2024 10.00,12
31/05/2024 10.15,24
31/05/2024 10.30,12
31/05/2024 10.45,12
31/05/2024 11.00,12
31/05/2024 11.15,0
31/05/2024 11.30,0
31/05/2024 11.45,0
31/05/2024 12.00,6
31/05/2024 12.15,0
31/05/2024 12.30,0
31/05/2024 12.45,0
31/05/2024 13.00,0
31/05/2024 13.15,12
31/05/2024 13.30,24
31/05/2024 13.45,12
31/05/2024 14.00,24
31/05/2024 14.15,24
31/05/2024 14.30,48
31/05/2024 14.45,0
31/05/2024 15.00,24
31/05/2024 15.15,60
31/05/2024 15.30,84
31/05/2024 15.45,48
31/05/2024 16.00,24
31/05/2024 16.15,72
31/05/2024 16.30,108
31/05/2024 16.45,168
31/05/2024 17.00,216
31/05/2024 17.15,228
31/05/2024 17.30,228
31/05/2024 17.45,258
31/05/2024 18.00,276
31/05/2024 18.15,288
31/05/2024 18.30,276
31/05/2024 18.45,276
31/05/2024 19.00,288
31/05/2024 19.15,300
31/05/2024 19.30,288
31/05/2024 19.45,276
31/05/2024 20.00,294
31/05/2024 20.15,288
31/05/2024 20.30,282
31/05/2024 20.45,294
31/05/2024 21.00,282
31/05/2024 21.15,282
31/05/2024 21.30,300
31/05/2024 21.45,288
31/05/2024 22.00,270
31/05/2024 22.15,300
31/05/2024 22.30,270
31/05/2024 22.45,270
31/05/2024 23.00,282
31/05/2024 23.15,282
31/05/2024 23.30,276
31/05/2024 23.45,288
01/06/2024 00.00,270
01/06/2024 00.15,270
01/06/2024 00.30,282
01/06/2024 00.45,270
01/06/2024 01.00,270
01/06/2024 01.15,270
01/06/2024 01.30,240
01/06/2024 01.45,240
01/06/2024 02.00,252
01/06/2024 02.15,264
01/06/2024 02.30,264
01/06/2024 02.45,276
01/06/2024 03.00,264
01/06/2024 03.15,276
01/06/2024 03.30,276
01/06/2024 03.45,264
01/06/2024 04.00,264
01/06/2024 04.15,288
01/06/2024 04.30,258
01/06/2024 04.45,264
01/06/2024 05.00,270
01/06/2024 05.15,258
01/06/2024 05.30,258
01/06/2024 05.45,258
01/06/2024 06.00,228
01/06/2024 06.15,174
01/06/2024 06.30,132
01/06/2024 06.45,96
01/06/2024 07.00,60
01/06/2024 07.15,0
01/06/2024 07.30,0
01/06/2024 07.45,0
01/06/2024 08.00,0
01/06/2024 08.15,0
01/06/2024 08.30,12
01/06/2024 08.45,0
01/06/2024 09.00,12
01/06/2024 09.15,0
01/06/2024 09.30,0
01/06/2024 09.45,12
01/06/2024 10.00,0
01/06/2024 10.15,12
01/06/2024 10.30,0
01/06/2024 10.45,12
01/06/2024 11.00,12
01/06/2024 11.15,0
01/06/2024 11.30,12
01/06/2024 11.45,0
01/06/2024 12.00,0
01/06/2024 12.15,0
01/06/2024 12.30,0
01/06/2024 12.45,0
01/06/2024 13.00,12
01/06/2024 13.15,12
01/06/2024 13.30,12
01/06/2024 13.45,0
01/06/2024 14.00,0
01/06/2024 14.15,12
01/06/2024 14.30,0
01/06/2024 14.45,12
01/06/2024 15.00,12
01/06/2024 15.15,12
01/06/2024 15.30,12
01/06/2024 15.45,24
01/06/2024 16.00,48
01/06/2024 16.15,60
01/06/2024 16.30,96
01/06/2024 16.45,114
01/06/2024 17.00,84
01/06/2024 17.15,108
01/06/2024 17.30,126
01/06/2024 17.45,168
01/06/2024 18.00,234
01/06/2024 18.15,240
01/06/2024 18.30,264
01/06/2024 18.45,270
01/06/2024 19.00,270
01/06/2024 19.15,270
01/06/2024 19.30,282
01/06/2024 19.45,270
01/06/2024 20.00,270
01/06/2024 20.15,276
01/06/2024 20.30,270
01/06/2024 20.45,276
01/06/2024 21.00,264
01/06/2024 21.15,264
01/06/2024 21.30,288
01/06/2024 21.45,282
01/06/2024 22.00,282
01/06/2024 22.15,288
01/06/2024 22.30,270
01/06/2024 22.45,270
01/06/2024 23.00,270
01/06/2024 23.15,270
01/06/2024 23.30,276
01/06/2024 23.45,288
02/06/2024 00.00,300
02/06/2024 00.15,270
02/06/2024 00.30,270
02/06/2024 00.45,270
02/06/2024 01.00,282
02/06/2024 01.15,270
02/06/2024 01.30,258
02/06/2024 01.45,246
02/06/2024 02.00,246
02/06/2024 02.15,192
02/06/2024 02.30,162
02/06/2024 02.45,156
02/06/2024 03.00,174
02/06/2024 03.15,156
02/06/2024 03.30,156
02/06/2024 03.45,168
02/06/2024 04.00,156
02/06/2024 04.15,168
02/06/2024 04.30,156
02/06/2024 04.45,156
02/06/2024 05.00,150
02/06/2024 05.15,150
02/06/2024 05.30,138
02/06/2024 05.45,126
02/06/2024 06.00,90
02/06/2024 06.15,78
02/06/2024 06.30,60
02/06/2024 06.45,12
02/06/2024 07.00,0
02/06/2024 07.15,0
02/06/2024 07.30,0
02/06/2024 07.45,0
02/06/2024 08.00,0
02/06/2024 08.15,0
02/06/2024 08.30,6
02/06/2024 08.45,6
02/06/2024 09.00,0
02/06/2024 09.15,0
02/06/2024 09.30,0
02/06/2024 09.45,0
02/06/2024 10.00,0
02/06/2024 10.15,0
02/06/2024 10.30,0
02/06/2024 10.45,0
02/06/2024 11.00,0
02/06/2024 11.15,0
02/06/2024 11.30,0
02/06/2024 11.45,18
02/06/2024 12.00,0
02/06/2024 12.15,0
02/06/2024 12.30,0
02/06/2024 12.45,0
02/06/2024 13.00,0
02/06/2024 13.15,6
02/06/2024 13.30,0
02/06/2024 13.45,0
02/06/2024 14.00,6
02/06/2024 14.15,6
02/06/2024 14.30,6
02/06/2024 14.45,6
02/06/2024 15.00,0
02/06/2024 15.15,42
02/06/2024 15.30,12
02/06/2024 15.45,0
02/06/2024 16.00,12
02/06/2024 16.15,48
02/06/2024 16.30,12
02/06/2024 16.45,12
02/06/2024 17.00,48
02/06/2024 17.15,24
02/06/2024 17.30,0
02/06/2024 17.45,48
02/06/2024 18.00,120
02/06/2024 18.15,150
02/06/2024 18.30,156
02/06/2024 18.45,162
02/06/2024 19.00,168
02/06/2024 19.15,168
02/06/2024 19.30,168
02/06/2024 19.45,162
02/06/2024 20.00,162
02/06/2024 20.15,156
02/06/2024 20.30,162
02/06/2024 20.45,162
02/06/2024 21.00,162
02/06/2024 21.15,162
02/06/2024 21.30,180
02/06/2024 21.45,168
02/06/2024 22.00,168
02/06/2024 22.15,168
02/06/2024 22.30,168
02/06/2024 22.45,162
02/06/2024 23.00,168
02/06/2024 23.15,168
02/06/2024 23.30,180
02/06/2024 23.45,168
03/06/2024 00.00,168
03/06/2024 00.15,168
03/06/2024 00.30,162
03/06/2024 00.45,168
03/06/2024 01.00,162
03/06/2024 01.15,168
03/06/2024 01.30,144
03/06/2024 01.45,138
03/06/2024 02.00,144
03/06/2024 02.15,162
03/06/2024 02.30,162
03/06/2024 02.45,162
03/06/2024 03.00,162
03/06/2024 03.15,162
03/06/2024 03.30,168
03/06/2024 03.45,162
03/06/2024 04.00,162
03/06/2024 04.15,156
03/06/2024 04.30,156
03/06/2024 04.45,156
03/06/2024 05.00,150
03/06/2024 05.15,150
03/06/2024 05.30,144
03/06/2024 05.45,138
03/06/2024 06.00,138
03/06/2024 06.15,108
03/06/2024 06.30,90
03/06/2024 06.45,36
03/06/2024 07.00,24
03/06/2024 07.15,0
03/06/2024 07.30,0
03/06/2024 07.45,6
03/06/2024 08.00,0
03/06/2024 08.15,0
03/06/2024 08.30,0
03/06/2024 08.45,0
03/06/2024 09.00,0
03/06/2024 09.15,0
03/06/2024 09.30,0
03/06/2024 09.45,0
03/06/2024 10.00,0
03/06/2024 10.15,0
03/06/2024 10.30,0
03/06/2024 10.45,0
03/06/2024 11.00,0
03/06/2024 11.15,12
03/06/2024 11.30,0
03/06/2024 11.45,0
03/06/2024 12.00,0
03/06/2024 12.15,0
03/06/2024 12.30,0
03/06/2024 12.45,0
03/06/2024 13.00,0
03/06/2024 13.15,0
03/06/2024 13.30,0
03/06/2024 13.45,0
03/06/2024 14.00,0
03/06/2024 14.15,0
03/06/2024 14.30,0
03/06/2024 14.45,0
03/06/2024 15.00,0
03/06/2024 15.15,0
03/06/2024 15.30,0
03/06/2024 15.45,0
03/06/2024 16.00,0
03/06/2024 16.15,12
03/06/2024 16.30,42
03/06/2024 16.45,0
03/06/2024 17.00,54
03/06/2024 17.15,90
03/06/2024 17.30,108
03/06/2024 17.45,144
03/06/2024 18.00,174
03/06/2024 18.15,198
03/06/2024 18.30,216
03/06/2024 18.45,228
03/06/2024 19.00,216
03/06/2024 19.15,228
03/06/2024 19.30,228
03/06/2024 19.45,240
03/06/2024 20.00,288
03/06/2024 20.15,378
03/06/2024 20.30,426
03/06/2024 20.45,396
03/06/2024 21.00,390
03/06/2024 21.15,552
03/06/2024 21.30,918
03/06/2024 21.45,918
03/06/2024 22.00,1140
03/06/2024 22.15,1482
03/06/2024 22.30,1584
03/06/2024 22.45,1476
03/06/2024 23.00,1830
03/06/2024 23.15,1764
03/06/2024 23.30,1644
03/06/2024 23.45,1758
04/06/2024 00.00,1650
04/06/2024 00.15,1674
04/06/2024 00.30,1536
04/06/2024 00.45,1614
04/06/2024 01.00,1542
04/06/2024 01.15,1392
04/06/2024 01.30,1398
04/06/2024 01.45,1434
04/06/2024 02.00,1392
04/06/2024 02.15,1836
04/06/2024 02.30,1698
04/06/2024 02.45,1704
04/06/2024 03.00,1596
04/06/2024 03.15,1428
04/06/2024 03.30,1368
04/06/2024 03.45,1392
04/06/2024 04.00,1386
04/06/2024 04.15,1344
04/06/2024 04.30,1338
04/06/2024 04.45,1464
04/06/2024 05.00,1362
04/06/2024 05.15,1278
04/06/2024 05.30,1248
04/06/2024 05.45,1230
04/06/2024 06.00,1386
04/06/2024 06.15,1272
04/06/2024 06.30,1170
04/06/2024 06.45,1116
04/06/2024 07.00,1188
04/06/2024 07.15,912
04/06/2024 07.30,750
04/06/2024 07.45,600
04/06/2024 08.00,714
04/06/2024 08.15,666
04/06/2024 08.30,330
04/06/2024 08.45,600
04/06/2024 09.00,582
04/06/2024 09.15,606
04/06/2024 09.30,732
04/06/2024 09.45,684
04/06/2024 10.00,654
04/06/2024 10.15,684
04/06/2024 10.30,648
04/06/2024 10.45,696
04/06/2024 11.00,384
04/06/2024 11.15,312
04/06/2024 11.30,216
04/06/2024 11.45,480
04/06/2024 12.00,516
04/06/2024 12.15,294
04/06/2024 12.30,282
04/06/2024 12.45,396
04/06/2024 13.00,594
04/06/2024 13.15,522
04/06/2024 13.30,798
04/06/2024 13.45,696
04/06/2024 14.00,480
04/06/2024 14.15,600
04/06/2024 14.30,390
04/06/2024 14.45,276
04/06/2024 15.00,966
04/06/2024 15.15,792
04/06/2024 15.30,996
04/06/2024 15.45,942
04/06/2024 16.00,1146
04/06/2024 16.15,1320
04/06/2024 16.30,1434
04/06/2024 16.45,1608
04/06/2024 17.00,1740
04/06/2024 17.15,1728
04/06/2024 17.30,1596
04/06/2024 17.45,1824
04/06/2024 18.00,1644
04/06/2024 18.15,1548
04/06/2024 18.30,1566
04/06/2024 18.45,1764
04/06/2024 19.00,1662
04/06/2024 19.15,1716
04/06/2024 19.30,1812
04/06/2024 19.45,1422
04/06/2024 20.00,1446
04/06/2024 20.15,1638
04/06/2024 20.30,1704
04/06/2024 20.45,1776
04/06/2024 21.00,1848
04/06/2024 21.15,1770
04/06/2024 21.30,1794
04/06/2024 21.45,1692
04/06/2024 22.00,1620
04/06/2024 22.15,1584
04/06/2024 22.30,1410
04/06/2024 22.45,1596
04/06/2024 23.00,1752
04/06/2024 23.15,1632
04/06/2024 23.30,1626
04/06/2024 23.45,1608
05/06/2024 00.00,1518
05/06/2024 00.15,1452
05/06/2024 00.30,1770
05/06/2024 00.45,1776
05/06/2024 01.00,1848
05/06/2024 01.15,1656
05/06/2024 01.30,1404
05/06/2024 01.45,1026
05/06/2024 02.00,1158
05/06/2024 02.15,1440
05/06/2024 02.30,1248
05/06/2024 02.45,1236
05/06/2024 03.00,1200
05/06/2024 03.15,1272
05/06/2024 03.30,1488
05/06/2024 03.45,1458
05/06/2024 04.00,1308
05/06/2024 04.15,1368
05/06/2024 04.30,1386
05/06/2024 04.45,1344
05/06/2024 05.00,1596
05/06/2024 05.15,1572
05/06/2024 05.30,1464
05/06/2024 05.45,1470
05/06/2024 06.00,1404
05/06/2024 06.15,1284
05/06/2024 06.30,1248
05/06/2024 06.45,1236
05/06/2024 07.00,1458
05/06/2024 07.15,1272
05/06/2024 07.30,1272
05/06/2024 07.45,1248
05/06/2024 08.00,996
05/06/2024 08.15,894
05/06/2024 08.30,516
05/06/2024 08.45,282
05/06/2024 09.00,510
05/06/2024 09.15,558
05/06/2024 09.30,402
05/06/2024 09.45,630
05/06/2024 10.00,468
05/06/2024 10.15,282
05/06/2024 10.30,372
05/06/2024 10.45,402
05/06/2024 11.00,288
05/06/2024 11.15,390
05/06/2024 11.30,492
05/06/2024 11.45,654
05/06/2024 12.00,516
05/06/2024 12.15,780
05/06/2024 12.30,678
05/06/2024 12.45,678
05/06/2024 13.00,720
05/06/2024 13.15,552
05/06/2024 13.30,492
05/06/2024 13.45,528
05/06/2024 14.00,558
05/06/2024 14.15,576
05/06/2024 14.30,420
05/06/2024 14.45,786
05/06/2024 15.00,930
05/06/2024 15.15,876
05/06/2024 15.30,816
05/06/2024 15.45,942
05/06/2024 16.00,1032
05/06/2024 16.15,768
05/06/2024 16.30,852
05/06/2024 16.45,1164
05/06/2024 17.00,1146
05/06/2024 17.15,1134
05/06/2024 17.30,1284
05/06/2024 17.45,1374
05/06/2024 18.00,1404
05/06/2024 18.15,1422
05/06/2024 18.30,1548
05/06/2024 18.45,1470
05/06/2024 19.00,1590
05/06/2024 19.15,1548
05/06/2024 19.30,1416
05/06/2024 19.45,1506
05/06/2024 20.00,1548
05/06/2024 20.15,1482
05/06/2024 20.30,1452
05/06/2024 20.45,1506
05/06/2024 21.00,1464
05/06/2024 21.15,1542
05/06/2024 21.30,1470
05/06/2024 21.45,1392
05/06/2024 22.00,1440
05/06/2024 22.15,1428
05/06/2024 22.30,1476
05/06/2024 22.45,1578
05/06/2024 23.00,1440
05/06/2024 23.15,1470
05/06/2024 23.30,1392
05/06/2024 23.45,1422
06/06/2024 00.00,1452
06/06/2024 00.15,1398
06/06/2024 00.30,1464
06/06/2024 00.45,1314
06/06/2024 01.00,1356
06/06/2024 01.15,1632
06/06/2024 01.30,1692
06/06/2024 01.45,1752
06/06/2024 02.00,1572
06/06/2024 02.15,1716
06/06/2024 02.30,1584
06/06/2024 02.45,1728
06/06/2024 03.00,1800
06/06/2024 03.15,1836
06/06/2024 03.30,1542
06/06/2024 03.45,1626
06/06/2024 04.00,1536
06/06/2024 04.15,1386
06/06/2024 04.30,1476
06/06/2024 04.45,1404
06/06/2024 05.00,1560
06/06/2024 05.15,1770
06/06/2024 05.30,1794
06/06/2024 05.45,1596
06/06/2024 06.00,1458
06/06/2024 06.15,1548
06/06/2024 06.30,1236
06/06/2024 06.45,1080
06/06/2024 07.00,1098
06/06/2024 07.15,1008
06/06/2024 07.30,960
06/06/2024 07.45,978
06/06/2024 08.00,804
06/06/2024 08.15,636
06/06/2024 08.30,576
06/06/2024 08.45,660
06/06/2024 09.00,588
06/06/2024 09.15,636
06/06/2024 09.30,516
06/06/2024 09.45,636
06/06/2024 10.00,624
06/06/2024 10.15,396
06/06/2024 10.30,276
06/06/2024 10.45,276
06/06/2024 11.00,564
06/06/2024 11.15,534
06/06/2024 11.30,822
06/06/2024 11.45,786
06/06/2024 12.00,852
06/06/2024 12.15,1020
06/06/2024 12.30,744
06/06/2024 12.45,768
06/06/2024 13.00,810
06/06/2024 13.15,894
06/06/2024 13.30,798
06/06/2024 13.45,1032
06/06/2024 14.00,1236
06/06/2024 14.15,948
06/06/2024 14.30,804
06/06/2024 14.45,930
06/06/2024 15.00,786
06/06/2024 15.15,930
06/06/2024 15.30,906
06/06/2024 15.45,816
06/06/2024 16.00,984
06/06/2024 16.15,978
06/06/2024 16.30,1014
06/06/2024 16.45,1122
06/06/2024 17.00,1344
06/06/2024 17.15,1332
06/06/2024 17.30,1524
06/06/2024 17.45,1614
06/06/2024 18.00,1650
06/06/2024 18.15,1572
06/06/2024 18.30,1740
06/06/2024 18.45,1752
06/06/2024 19.00,1710
06/06/2024 19.15,1290
06/06/2024 19.30,1308
06/06/2024 19.45,1362
06/06/2024 20.00,1446
06/06/2024 20.15,1464
06/06/2024 20.30,1404
06/06/2024 20.45,1488
06/06/2024 21.00,1620
06/06/2024 21.15,1944
06/06/2024 21.30,1914
06/06/2024 21.45,1524
06/06/2024 22.00,1428
06/06/2024 22.15,1464
06/06/2024 22.30,1302
06/06/2024 22.45,1362
06/06/2024 23.00,1386
06/06/2024 23.15,1428
06/06/2024 23.30,1398
06/06/2024 23.45,1392
07/06/2024 00.00,1332
07/06/2024 00.15,1416
07/06/2024 00.30,1410
07/06/2024 00.45,1446
07/06/2024 01.00,1290
07/06/2024 01.15,1332
07/06/2024 01.30,1692
07/06/2024 01.45,1668
07/06/2024 02.00,1638
07/06/2024 02.15,1704
07/06/2024 02.30,1314
07/06/2024 02.45,1236
07/06/2024 03.00,1260
07/06/2024 03.15,1380
07/06/2024 03.30,1362
07/06/2024 03.45,1356
07/06/2024 04.00,1374
07/06/2024 04.15,1224
07/06/2024 04.30,1278
07/06/2024 04.45,1380
07/06/2024 05.00,1398
07/06/2024 05.15,1350
07/06/2024 05.30,1314
07/06/2024 05.45,1260
07/06/2024 06.00,1260
07/06/2024 06.15,1476
07/06/2024 06.30,1326
07/06/2024 06.45,1494
07/06/2024 07.00,1158
07/06/2024 07.15,1122
07/06/2024 07.30,1188
07/06/2024 07.45,1014
07/06/2024 08.00,864
07/06/2024 08.15,648
07/06/2024 08.30,480
07/06/2024 08.45,96
07/06/2024 09.00,54
07/06/2024 09.15,60
07/06/2024 09.30,36
07/06/2024 09.45,48
07/06/2024 10.00,378
07/06/2024 10.15,444
07/06/2024 10.30,612
07/06/2024 10.45,492
07/06/2024 11.00,270
07/06/2024 11.15,270
07/06/2024 11.30,108
07/06/2024 11.45,270
07/06/2024 12.00,480
07/06/2024 12.15,846
07/06/2024 12.30,834
07/06/2024 12.45,810
07/06/2024 13.00,660
07/06/2024 13.15,330
07/06/2024 13.30,1008
07/06/2024 13.45,828
07/06/2024 14.00,450
07/06/2024 14.15,954
07/06/2024 14.30,408
07/06/2024 14.45,606
07/06/2024 15.00,198
07/06/2024 15.15,204
07/06/2024 15.30,396
07/06/2024 15.45,420
07/06/2024 16.00,498
07/06/2024 16.15,420
07/06/2024 16.30,462
07/06/2024 16.45,624
07/06/2024 17.00,660
07/06/2024 17.15,660
07/06/2024 17.30,774
07/06/2024 17.45,822
07/06/2024 18.00,906
07/06/2024 18.15,978
07/06/2024 18.30,990
07/06/2024 18.45,984
07/06/2024 19.00,990
07/06/2024 19.15,1002
07/06/2024 19.30,954
07/06/2024 19.45,948
07/06/2024 20.00,936
07/06/2024 20.15,912
07/06/2024 20.30,876
07/06/2024 20.45,786
07/06/2024 21.00,762
07/06/2024 21.15,768
07/06/2024 21.30,606
07/06/2024 21.45,510
07/06/2024 22.00,354
07/06/2024 22.15,384
07/06/2024 22.30,354
07/06/2024 22.45,348
07/06/2024 23.00,372
07/06/2024 23.15,354
07/06/2024 23.30,354
07/06/2024 23.45,360
08/06/2024 00.00,348
08/06/2024 00.15,384
08/06/2024 00.30,336
08/06/2024 00.45,336
08/06/2024 01.00,372
08/06/2024 01.15,342
08/06/2024 01.30,282
08/06/2024 01.45,312
08/06/2024 02.00,288
08/06/2024 02.15,342
08/06/2024 02.30,342
08/06/2024 02.45,336
08/06/2024 03.00,348
08/06/2024 03.15,336
08/06/2024 03.30,336
08/06/2024 03.45,336
08/06/2024 04.00,318
08/06/2024 04.15,312
08/06/2024 04.30,312
08/06/2024 04.45,300
08/06/2024 05.00,252
08/06/2024 05.15,246
08/06/2024 05.30,228
08/06/2024 05.45,234
08/06/2024 06.00,180
08/06/2024 06.15,162
08/06/2024 06.30,114
08/06/2024 06.45,24
08/06/2024 07.00,30
08/06/2024 07.15,0
08/06/2024 07.30,0
08/06/2024 07.45,0
08/06/2024 08.00,0
08/06/2024 08.15,0
08/06/2024 08.30,12
08/06/2024 08.45,0
08/06/2024 09.00,12
08/06/2024 09.15,0
08/06/2024 09.30,0
08/06/2024 09.45,18
08/06/2024 10.00,6
08/06/2024 10.15,12
08/06/2024 10.30,6
08/06/2024 10.45,6
08/06/2024 11.00,6
08/06/2024 11.15,12
08/06/2024 11.30,12
08/06/2024 11.45,0
08/06/2024 12.00,12
08/06/2024 12.15,0
08/06/2024 12.30,0
08/06/2024 12.45,0
08/06/2024 13.00,0
08/06/2024 13.15,6
08/06/2024 13.30,6
08/06/2024 13.45,12
08/06/2024 14.00,0
08/06/2024 14.15,24
08/06/2024 14.30,6
08/06/2024 14.45,0
08/06/2024 15.00,0
08/06/2024 15.15,0
08/06/2024 15.30,0
08/06/2024 15.45,36
08/06/2024 16.00,108
08/06/2024 16.15,60
08/06/2024 16.30,30
08/06/2024 16.45,6
08/06/2024 17.00,18
08/06/2024 17.15,36
08/06/2024 17.30,84
08/06/2024 17.45,126
08/06/2024 18.00,144
08/06/2024 18.15,144
08/06/2024 18.30,150
08/06/2024 18.45,174
08/06/2024 19.00,186
08/06/2024 19.15,156
08/06/2024 19.30,168
08/06/2024 19.45,168
08/06/2024 20.00,162
08/06/2024 20.15,162
08/06/2024 20.30,174
08/06/2024 20.45,162
08/06/2024 21.00,174
08/06/2024 21.15,162
08/06/2024 21.30,168
08/06/2024 21.45,180
08/06/2024 22.00,168
08/06/2024 22.15,168
08/06/2024 22.30,168
08/06/2024 22.45,168
08/06/2024 23.00,168
08/06/2024 23.15,168
08/06/2024 23.30,168
08/06/2024 23.45,168
09/06/2024 00.00,180
09/06/2024 00.15,150
09/06/2024 00.30,168
09/06/2024 00.45,174
09/06/2024 01.00,168
09/06/2024 01.15,156
09/06/2024 01.30,144
09/06/2024 01.45,144
09/06/2024 02.00,156
09/06/2024 02.15,162
09/06/2024 02.30,162
09/06/2024 02.45,162
09/06/2024 03.00,150
09/06/2024 03.15,150
09/06/2024 03.30,162
09/06/2024 03.45,150
09/06/2024 04.00,150
09/06/2024 04.15,156
09/06/2024 04.30,144
09/06/2024 04.45,156
09/06/2024 05.00,144
09/06/2024 05.15,150
09/06/2024 05.30,150
09/06/2024 05.45,126
09/06/2024 06.00,96
09/06/2024 06.15,60
09/06/2024 06.30,24
09/06/2024 06.45,6
09/06/2024 07.00,12
09/06/2024 07.15,0
09/06/2024 07.30,6
09/06/2024 07.45,0
09/06/2024 08.00,0
09/06/2024 08.15,0
09/06/2024 08.30,0
09/06/2024 08.45,0
09/06/2024 09.00,0
09/06/2024 09.15,0
09/06/2024 09.30,12
09/06/2024 09.45,0
09/06/2024 10.00,12
09/06/2024 10.15,0
09/06/2024 10.30,0
09/06/2024 10.45,12
09/06/2024 11.00,12
09/06/2024 11.15,12
09/06/2024 11.30,0
09/06/2024 11.45,0
09/06/2024 12.00,0
09/06/2024 12.15,0
09/06/2024 12.30,0
09/06/2024 12.45,0
09/06/2024 13.00,12
09/06/2024 13.15,0
09/06/2024 13.30,0
09/06/2024 13.45,12
09/06/2024 14.00,0
09/06/2024 14.15,0
09/06/2024 14.30,0
09/06/2024 14.45,12
09/06/2024 15.00,12
09/06/2024 15.15,6
09/06/2024 15.30,36
09/06/2024 15.45,126
09/06/2024 16.00,144
09/06/2024 16.15,114
09/06/2024 16.30,66
09/06/2024 16.45,78
09/06/2024 17.00,120
09/06/2024 17.15,168
09/06/2024 17.30,150
09/06/2024 17.45,150
09/06/2024 18.00,156
09/06/2024 18.15,150
09/06/2024 18.30,144
09/06/2024 18.45,156
09/06/2024 19.00,144
09/06/2024 19.15,144
09/06/2024 19.30,156
09/06/2024 19.45,144
09/06/2024 20.00,168
09/06/2024 20.15,168
09/06/2024 20.30,156
09/06/2024 20.45,156
09/06/2024 21.00,168
09/06/2024 21.15,162
09/06/2024 21.30,168
09/06/2024 21.45,162
09/06/2024 22.00,162
09/06/2024 22.15,180
09/06/2024 22.30,180
09/06/2024 22.45,162
09/06/2024 23.00,162
09/06/2024 23.15,174
09/06/2024 23.30,168
09/06/2024 23.45,180
10/06/2024 00.00,168
10/06/2024 00.15,168
10/06/2024 00.30,174
10/06/2024 00.45,162
10/06/2024 01.00,162
10/06/2024 01.15,168
10/06/2024 01.30,138
10/06/2024 01.45,144
10/06/2024 02.00,156
10/06/2024 02.15,144
10/06/2024 02.30,162
10/06/2024 02.45,156
10/06/2024 03.00,150
10/06/2024 03.15,156
10/06/2024 03.30,144
10/06/2024 03.45,150
10/06/2024 04.00,162
10/06/2024 04.15,144
10/06/2024 04.30,144
10/06/2024 04.45,144
10/06/2024 05.00,144
10/06/2024 05.15,150
10/06/2024 05.30,138
10/06/2024 05.45,150
10/06/2024 06.00,144
10/06/2024 06.15,96
10/06/2024 06.30,42
10/06/2024 06.45,24
10/06/2024 07.00,0
10/06/2024 07.15,0
10/06/2024 07.30,0
10/06/2024 07.45,36
10/06/2024 08.00,24
10/06/2024 08.15,0
10/06/2024 08.30,6
10/06/2024 08.45,6
10/06/2024 09.00,18
10/06/2024 09.15,12
10/06/2024 09.30,24
10/06/2024 09.45,12
10/06/2024 10.00,0
10/06/2024 10.15,12
10/06/2024 10.30,0
10/06/2024 10.45,0
10/06/2024 11.00,6
10/06/2024 11.15,18
10/06/2024 11.30,0
10/06/2024 11.45,0
10/06/2024 12.00,0
10/06/2024 12.15,0
10/06/2024 12.30,0
10/06/2024 12.45,0
10/06/2024 13.00,0
10/06/2024 13.15,12
10/06/2024 13.30,0
10/06/2024 13.45,12
10/06/2024 14.00,0
10/06/2024 14.15,0
10/06/2024 14.30,18
10/06/2024 14.45,6
10/06/2024 15.00,6
10/06/2024 15.15,78
10/06/2024 15.30,204
10/06/2024 15.45,264
10/06/2024 16.00,282
10/06/2024 16.15,270
10/06/2024 16.30,204
10/06/2024 16.45,144
10/06/2024 17.00,108
10/06/2024 17.15,156
10/06/2024 17.30,144
10/06/2024 17.45,150
10/06/2024 18.00,156
10/06/2024 18.15,174
10/06/2024 18.30,192
10/06/2024 18.45,204
10/06/2024 19.00,192
10/06/2024 19.15,192
10/06/2024 19.30,198
10/06/2024 19.45,204
10/06/2024 20.00,228
10/06/2024 20.15,210
10/06/2024 20.30,228
10/06/2024 20.45,216
10/06/2024 21.00,192
10/06/2024 21.15,168
10/06/2024 21.30,186
10/06/2024 21.45,174
10/06/2024 22.00,186
10/06/2024 22.15,180
10/06/2024 22.30,174
10/06/2024 22.45,186
10/06/2024 23.00,186
10/06/2024 23.15,168
10/06/2024 23.30,186
10/06/2024 23.45,186
11/06/2024 00.00,180
11/06/2024 00.15,174
11/06/2024 00.30,162
11/06/2024 00.45,174
11/06/2024 01.00,180
11/06/2024 01.15,156
11/06/2024 01.30,168
11/06/2024 01.45,168
11/06/2024 02.00,156
11/06/2024 02.15,186
11/06/2024 02.30,156
11/06/2024 02.45,168
11/06/2024 03.00,168
11/06/2024 03.15,156
11/06/2024 03.30,180
11/06/2024 03.45,156
11/06/2024 04.00,168
11/06/2024 04.15,144
11/06/2024 04.30,156
11/06/2024 04.45,162
11/06/2024 05.00,150
11/06/2024 05.15,138
11/06/2024 05.30,132
11/06/2024 05.45,114
11/06/2024 06.00,120
11/06/2024 06.15,96
11/06/2024 06.30,72
11/06/2024 06.45,48
11/06/2024 07.00,6
11/06/2024 07.15,0
11/06/2024 07.30,0
11/06/2024 07.45,0
11/06/2024 08.00,0
11/06/2024 08.15,0
11/06/2024 08.30,12
11/06/2024 08.45,12
11/06/2024 09.00,12
11/06/2024 09.15,6
11/06/2024 09.30,6
11/06/2024 09.45,6
11/06/2024 10.00,0
11/06/2024 10.15,24
11/06/2024 10.30,6
11/06/2024 10.45,12
11/06/2024 11.00,0
11/06/2024 11.15,18
11/06/2024 11.30,6
11/06/2024 11.45,0
11/06/2024 12.00,0
11/06/2024 12.15,0
11/06/2024 12.30,0
11/06/2024 12.45,0
11/06/2024 13.00,0
11/06/2024 13.15,18
11/06/2024 13.30,12
11/06/2024 13.45,12
11/06/2024 14.00,0
11/06/2024 14.15,12
11/06/2024 14.30,12
11/06/2024 14.45,0
11/06/2024 15.00,12
11/06/2024 15.15,0
11/06/2024 15.30,12
11/06/2024 15.45,36
11/06/2024 16.00,48
11/06/2024 16.15,102
11/06/2024 16.30,120
11/06/2024 16.45,90
11/06/2024 17.00,54
11/06/2024 17.15,60
11/06/2024 17.30,54
11/06/2024 17.45,78
11/06/2024 18.00,126
11/06/2024 18.15,192
11/06/2024 18.30,192
11/06/2024 18.45,204
11/06/2024 19.00,180
11/06/2024 19.15,162
11/06/2024 19.30,180
11/06/2024 19.45,180
11/06/2024 20.00,168
11/06/2024 20.15,180
11/06/2024 20.30,192
11/06/2024 20.45,180
11/06/2024 21.00,180
11/06/2024 21.15,186
11/06/2024 21.30,138
11/06/2024 21.45,150
11/06/2024 22.00,150
11/06/2024 22.15,150
11/06/2024 22.30,150
11/06/2024 22.45,180
11/06/2024 23.00,180
11/06/2024 23.15,192
11/06/2024 23.30,192
11/06/2024 23.45,198
12/06/2024 00.00,180
12/06/2024 00.15,180
12/06/2024 00.30,168
12/06/2024 00.45,168
12/06/2024 01.00,180
12/06/2024 01.15,174
12/06/2024 01.30,144
12/06/2024 01.45,168
12/06/2024 02.00,144
12/06/2024 02.15,174
12/06/2024 02.30,192
12/06/2024 02.45,174
12/06/2024 03.00,174
12/06/2024 03.15,186
12/06/2024 03.30,150
12/06/2024 03.45,162
12/06/2024 04.00,162
12/06/2024 04.15,162
12/06/2024 04.30,162
12/06/2024 04.45,144
12/06/2024 05.00,156
12/06/2024 05.15,150
12/06/2024 05.30,144
12/06/2024 05.45,168
12/06/2024 06.00,156
12/06/2024 06.15,114
12/06/2024 06.30,60
12/06/2024 06.45,72
12/06/2024 07.00,54
12/06/2024 07.15,24
12/06/2024 07.30,0
12/06/2024 07.45,0
12/06/2024 08.00,0
12/06/2024 08.15,12
12/06/2024 08.30,42
12/06/2024 08.45,12
12/06/2024 09.00,18
12/06/2024 09.15,12
12/06/2024 09.30,0
12/06/2024 09.45,0
12/06/2024 10.00,12
12/06/2024 10.15,6
12/06/2024 10.30,0
12/06/2024 10.45,0
12/06/2024 11.00,12
12/06/2024 11.15,0
12/06/2024 11.30,18
12/06/2024 11.45,0
12/06/2024 12.00,0
12/06/2024 12.15,0
12/06/2024 12.30,12
12/06/2024 12.45,84
12/06/2024 13.00,108
12/06/2024 13.15,180
12/06/2024 13.30,192
12/06/2024 13.45,192
12/06/2024 14.00,192
12/06/2024 14.15,180
12/06/2024 14.30,168
12/06/2024 14.45,180
12/06/2024 15.00,168
12/06/2024 15.15,192
12/06/2024 15.30,192
12/06/2024 15.45,192
12/06/2024 16.00,174
12/06/2024 16.15,192
12/06/2024 16.30,180
12/06/2024 16.45,150
12/06/2024 17.00,150
12/06/2024 17.15,102
12/06/2024 17.30,78
12/06/2024 17.45,90
12/06/2024 18.00,144
12/06/2024 18.15,162
12/06/2024 18.30,168
12/06/2024 18.45,168
12/06/2024 19.00,174
12/06/2024 19.15,150
12/06/2024 19.30,168
12/06/2024 19.45,162
12/06/2024 20.00,174
12/06/2024 20.15,198
12/06/2024 20.30,192
12/06/2024 20.45,186
12/06/2024 21.00,186
12/06/2024 21.15,174
12/06/2024 21.30,192
12/06/2024 21.45,204
12/06/2024 22.00,180
12/06/2024 22.15,192
12/06/2024 22.30,180
12/06/2024 22.45,204
12/06/2024 23.00,204
12/06/2024 23.15,180
12/06/2024 23.30,192
12/06/2024 23.45,180
13/06/2024 00.00,156
13/06/2024 00.15,156
13/06/2024 00.30,144
13/06/2024 00.45,144
13/06/2024 01.00,156
13/06/2024 01.15,150
13/06/2024 01.30,144
13/06/2024 01.45,156
13/06/2024 02.00,132
13/06/2024 02.15,150
13/06/2024 02.30,168
13/06/2024 02.45,150
13/06/2024 03.00,150
13/06/2024 03.15,174
13/06/2024 03.30,150
13/06/2024 03.45,150
13/06/2024 04.00,162
13/06/2024 04.15,162
13/06/2024 04.30,150
13/06/2024 04.45,168
13/06/2024 05.00,168
13/06/2024 05.15,168
13/06/2024 05.30,162
13/06/2024 05.45,162
13/06/2024 06.00,138
13/06/2024 06.15,150
13/06/2024 06.30,156
13/06/2024 06.45,156
13/06/2024 07.00,120
13/06/2024 07.15,144
13/06/2024 07.30,120
13/06/2024 07.45,144
13/06/2024 08.00,156
13/06/2024 08.15,192
13/06/2024 08.30,192
13/06/2024 08.45,192
13/06/2024 09.00,192
13/06/2024 09.15,192
13/06/2024 09.30,192
13/06/2024 09.45,216
13/06/2024 10.00,216
13/06/2024 10.15,180
13/06/2024 10.30,168
13/06/2024 10.45,168
13/06/2024 11.00,168
13/06/2024 11.15,168
13/06/2024 11.30,168
13/06/2024 11.45,168
13/06/2024 12.00,168
13/06/2024 12.15,168
13/06/2024 12.30,168
13/06/2024 12.45,180
13/06/2024 13.00,204
13/06/2024 13.15,210
13/06/2024 13.30,216
13/06/2024 13.45,192
13/06/2024 14.00,204
13/06/2024 14.15,216
13/06/2024 14.30,204
13/06/2024 14.45,192
13/06/2024 15.00,210
13/06/2024 15.15,198
13/06/2024 15.30,276
13/06/2024 15.45,252
13/06/2024 16.00,282
13/06/2024 16.15,204
13/06/2024 16.30,180
13/06/2024 16.45,144
13/06/2024 17.00,126
13/06/2024 17.15,144
13/06/2024 17.30,138
13/06/2024 17.45,144
13/06/2024 18.00,144
13/06/2024 18.15,162
13/06/2024 18.30,144
13/06/2024 18.45,156
13/06/2024 19.00,150
13/06/2024 19.15,156
13/06/2024 19.30,168
13/06/2024 19.45,162
13/06/2024 20.00,186
13/06/2024 20.15,174
13/06/2024 20.30,174
13/06/2024 20.45,186
13/06/2024 21.00,192
13/06/2024 21.15,138
13/06/2024 21.30,156
13/06/2024 21.45,168
13/06/2024 22.00,156
13/06/2024 22.15,156
13/06/2024 22.30,156
13/06/2024 22.45,144
13/06/2024 23.00,168
13/06/2024 23.15,168
13/06/2024 23.30,162
13/06/2024 23.45,162
14/06/2024 00.00,132
14/06/2024 00.15,144
14/06/2024 00.30,144
14/06/2024 00.45,144
14/06/2024 01.00,156
14/06/2024 01.15,150
14/06/2024 01.30,132
14/06/2024 01.45,144
14/06/2024 02.00,132
14/06/2024 02.15,132
14/06/2024 02.30,162
14/06/2024 02.45,150
14/06/2024 03.00,150
14/06/2024 03.15,150
14/06/2024 03.30,150
14/06/2024 03.45,150
14/06/2024 04.00,174
14/06/2024 04.15,150
14/06/2024 04.30,150
14/06/2024 04.45,162
14/06/2024 05.00,120
14/06/2024 05.15,138
14/06/2024 05.30,144
14/06/2024 05.45,156
14/06/2024 06.00,156
14/06/2024 06.15,144
14/06/2024 06.30,162
14/06/2024 06.45,168
14/06/2024 07.00,132
14/06/2024 07.15,120
14/06/2024 07.30,120
14/06/2024 07.45,144
14/06/2024 08.00,156
14/06/2024 08.15,192
14/06/2024 08.30,360
14/06/2024 08.45,444
14/06/2024 09.00,360
14/06/2024 09.15,336
14/06/2024 09.30,360
14/06/2024 09.45,360
14/06/2024 10.00,264
14/06/2024 10.15,228
14/06/2024 10.30,240
14/06/2024 10.45,276
14/06/2024 11.00,216
14/06/2024 11.15,264
14/06/2024 11.30,264
14/06/2024 11.45,228
14/06/2024 12.00,240
14/06/2024 12.15,264
14/06/2024 12.30,240
14/06/2024 12.45,252
14/06/2024 13.00,264
14/06/2024 13.15,288
14/06/2024 13.30,366
14/06/2024 13.45,372
14/06/2024 14.00,348
14/06/2024 14.15,336
14/06/2024 14.30,312
14/06/2024 14.45,282
14/06/2024 15.00,294
14/06/2024 15.15,306
14/06/2024 15.30,294
14/06/2024 15.45,252
14/06/2024 16.00,240
14/06/2024 16.15,228
14/06/2024 16.30,246
14/06/2024 16.45,198
14/06/2024 17.00,210
14/06/2024 17.15,174
14/06/2024 17.30,174
14/06/2024 17.45,180
14/06/2024 18.00,210
14/06/2024 18.15,228
14/06/2024 18.30,240
14/06/2024 18.45,168
14/06/2024 19.00,168
14/06/2024 19.15,168
14/06/2024 19.30,168
14/06/2024 19.45,168
14/06/2024 20.00,168
14/06/2024 20.15,168
14/06/2024 20.30,174
14/06/2024 20.45,168
14/06/2024 21.00,174
14/06/2024 21.15,168
14/06/2024 21.30,192
14/06/2024 21.45,174
14/06/2024 22.00,204
14/06/2024 22.15,168
14/06/2024 22.30,192
14/06/2024 22.45,186
14/06/2024 23.00,174
14/06/2024 23.15,174
14/06/2024 23.30,198
14/06/2024 23.45,180
15/06/2024 00.00,162
15/06/2024 00.15,174
15/06/2024 00.30,162
15/06/2024 00.45,156
15/06/2024 01.00,174
15/06/2024 01.15,168
15/06/2024 01.30,162
15/06/2024 01.45,150
15/06/2024 02.00,162
15/06/2024 02.15,168
15/06/2024 02.30,180
15/06/2024 02.45,180
15/06/2024 03.00,168
15/06/2024 03.15,186
15/06/2024 03.30,180
15/06/2024 03.45,174
15/06/2024 04.00,186
15/06/2024 04.15,180
15/06/2024 04.30,168
15/06/2024 04.45,162
15/06/2024 05.00,162
15/06/2024 05.15,162
15/06/2024 05.30,138
15/06/2024 05.45,114
15/06/2024 06.00,144
15/06/2024 06.15,144
15/06/2024 06.30,114
15/06/2024 06.45,120
15/06/2024 07.00,120
15/06/2024 07.15,120
15/06/2024 07.30,144
15/06/2024 07.45,132
15/06/2024 08.00,216
15/06/2024 08.15,348
15/06/2024 08.30,246
15/06/2024 08.45,240
15/06/2024 09.00,246
15/06/2024 09.15,258
15/06/2024 09.30,252
15/06/2024 09.45,306
15/06/2024 10.00,282
15/06/2024 10.15,288
15/06/2024 10.30,246
15/06/2024 10.45,258
15/06/2024 11.00,264
15/06/2024 11.15,288
15/06/2024 11.30,270
15/06/2024 11.45,240
15/06/2024 12.00,270
15/06/2024 12.15,240
15/06/2024 12.30,240
15/06/2024 12.45,252
15/06/2024 13.00,240
15/06/2024 13.15,288
15/06/2024 13.30,276
15/06/2024 13.45,252
15/06/2024 14.00,240
15/06/2024 14.15,240
15/06/2024 14.30,348
15/06/2024 14.45,360
15/06/2024 15.00,342
15/06/2024 15.15,366
15/06/2024 15.30,336
15/06/2024 15.45,336
15/06/2024 16.00,360
15/06/2024 16.15,288
15/06/2024 16.30,300
15/06/2024 16.45,186
15/06/2024 17.00,144
15/06/2024 17.15,120
15/06/2024 17.30,120
15/06/2024 17.45,144
15/06/2024 18.00,180
15/06/2024 18.15,192
15/06/2024 18.30,204
15/06/2024 18.45,216
15/06/2024 19.00,204
15/06/2024 19.15,204
15/06/2024 19.30,180
15/06/2024 19.45,198
15/06/2024 20.00,186
15/06/2024 20.15,192
15/06/2024 20.30,210
15/06/2024 20.45,186
15/06/2024 21.00,198
15/06/2024 21.15,204
15/06/2024 21.30,204
15/06/2024 21.45,192
15/06/2024 22.00,204
15/06/2024 22.15,162
15/06/2024 22.30,156
15/06/2024 22.45,150
15/06/2024 23.00,138
15/06/2024 23.15,150
15/06/2024 23.30,156
15/06/2024 23.45,144
16/06/2024 00.00,144
16/06/2024 00.15,126
16/06/2024 00.30,138
16/06/2024 00.45,138
16/06/2024 01.00,126
16/06/2024 01.15,144
16/06/2024 01.30,138
16/06/2024 01.45,126
16/06/2024 02.00,126
16/06/2024 02.15,144
16/06/2024 02.30,144
16/06/2024 02.45,144
16/06/2024 03.00,156
16/06/2024 03.15,132
16/06/2024 03.30,156
16/06/2024 03.45,144
16/06/2024 04.00,132
16/06/2024 04.15,120
16/06/2024 04.30,132
16/06/2024 04.45,120
16/06/2024 05.00,114
16/06/2024 05.15,96
16/06/2024 05.30,114
16/06/2024 05.45,120
16/06/2024 06.00,198
16/06/2024 06.15,192
16/06/2024 06.30,168
16/06/2024 06.45,162
16/06/2024 07.00,132
16/06/2024 07.15,150
16/06/2024 07.30,144
16/06/2024 07.45,210
16/06/2024 08.00,258
16/06/2024 08.15,324
16/06/2024 08.30,318
16/06/2024 08.45,294
16/06/2024 09.00,300
16/06/2024 09.15,300
16/06/2024 09.30,288
16/06/2024 09.45,288
16/06/2024 10.00,288
16/06/2024 10.15,288
16/06/2024 10.30,276
16/06/2024 10.45,276
16/06/2024 11.00,372
16/06/2024 11.15,348
16/06/2024 11.30,312
16/06/2024 11.45,318
16/06/2024 12.00,324
16/06/2024 12.15,336
16/06/2024 12.30,294
16/06/2024 12.45,312
16/06/2024 13.00,288
16/06/2024 13.15,300
16/06/2024 13.30,312
16/06/2024 13.45,312
16/06/2024 14.00,336
16/06/2024 14.15,312
16/06/2024 14.30,312
16/06/2024 14.45,312
16/06/2024 15.00,324
16/06/2024 15.15,252
16/06/2024 15.30,168
16/06/2024 15.45,240
16/06/2024 16.00,168
16/06/2024 16.15,174
16/06/2024 16.30,180
16/06/2024 16.45,144
16/06/2024 17.00,150
16/06/2024 17.15,156
16/06/2024 17.30,192
16/06/2024 17.45,282
16/06/2024 18.00,306
16/06/2024 18.15,408
16/06/2024 18.30,432
16/06/2024 18.45,468
16/06/2024 19.00,480
16/06/2024 19.15,516
16/06/2024 19.30,564
16/06/2024 19.45,648
16/06/2024 20.00,906
16/06/2024 20.15,1398
16/06/2024 20.30,1626
16/06/2024 20.45,2748
16/06/2024 21.00,2448
16/06/2024 21.15,2886
16/06/2024 21.30,3504
16/06/2024 21.45,3492
16/06/2024 22.00,3738
16/06/2024 22.15,3360
16/06/2024 22.30,3468
16/06/2024 22.45,3576
16/06/2024 23.00,3540
16/06/2024 23.15,3558
16/06/2024 23.30,3888
16/06/2024 23.45,4284
17/06/2024 00.00,4374
17/06/2024 00.15,4326
17/06/2024 00.30,4224
17/06/2024 00.45,4278
17/06/2024 01.00,4104
17/06/2024 01.15,4008
17/06/2024 01.30,3870
17/06/2024 01.45,3846
17/06/2024 02.00,3816
17/06/2024 02.15,3978
17/06/2024 02.30,3810
17/06/2024 02.45,3804
17/06/2024 03.00,3900
17/06/2024 03.15,4026
17/06/2024 03.30,4020
17/06/2024 03.45,3348
17/06/2024 04.00,2916
17/06/2024 04.15,3144
17/06/2024 04.30,2904
17/06/2024 04.45,2562
17/06/2024 05.00,2268
17/06/2024 05.15,2496
17/06/2024 05.30,2340
17/06/2024 05.45,1824
17/06/2024 06.00,1920
17/06/2024 06.15,1926
17/06/2024 06.30,2124
17/06/2024 06.45,1938
17/06/2024 07.00,1494
17/06/2024 07.15,1500
17/06/2024 07.30,1398
17/06/2024 07.45,1296
17/06/2024 08.00,2100
17/06/2024 08.15,3444
17/06/2024 08.30,3282
17/06/2024 08.45,3804
17/06/2024 09.00,3456
17/06/2024 09.15,3672
17/06/2024 09.30,3324
17/06/2024 09.45,3090
17/06/2024 10.00,2544
17/06/2024 10.15,3198
17/06/2024 10.30,1878
17/06/2024 10.45,894
17/06/2024 11.00,1524
17/06/2024 11.15,1284
17/06/2024 11.30,1692
17/06/2024 11.45,1554
17/06/2024 12.00,1620
17/06/2024 12.15,1518
17/06/2024 12.30,1920
17/06/2024 12.45,2652
17/06/2024 13.00,1950
17/06/2024 13.15,2286
17/06/2024 13.30,2688
17/06/2024 13.45,2532
17/06/2024 14.00,1884
17/06/2024 14.15,2196
17/06/2024 14.30,1674
17/06/2024 14.45,1830
17/06/2024 15.00,1938
17/06/2024 15.15,2424
17/06/2024 15.30,3210
17/06/2024 15.45,2892
17/06/2024 16.00,3570
17/06/2024 16.15,3630
17/06/2024 16.30,4086
17/06/2024 16.45,4110
17/06/2024 17.00,4410
17/06/2024 17.15,4434
17/06/2024 17.30,4398
17/06/2024 17.45,4494
17/06/2024 18.00,4002
17/06/2024 18.15,3918
17/06/2024 18.30,3738
17/06/2024 18.45,3864
17/06/2024 19.00,3816
17/06/2024 19.15,3876
17/06/2024 19.30,3744
17/06/2024 19.45,3552
17/06/2024 20.00,3846
17/06/2024 20.15,3756
17/06/2024 20.30,4098
17/06/2024 20.45,4566
17/06/2024 21.00,4152
17/06/2024 21.15,4014
17/06/2024 21.30,4656
17/06/2024 21.45,4650
17/06/2024 22.00,4524
17/06/2024 22.15,4854
17/06/2024 22.30,4626
17/06/2024 22.45,4446
17/06/2024 23.00,4656
17/06/2024 23.15,4440
17/06/2024 23.30,4158
17/06/2024 23.45,3984
18/06/2024 00.00,3852
18/06/2024 00.15,3918
18/06/2024 00.30,3900
18/06/2024 00.45,4056
18/06/2024 01.00,4368
18/06/2024 01.15,4356
18/06/2024 01.30,4200
18/06/2024 01.45,4362
18/06/2024 02.00,4572
18/06/2024 02.15,4248
18/06/2024 02.30,3672
18/06/2024 02.45,3804
18/06/2024 03.00,3516
18/06/2024 03.15,3660
18/06/2024 03.30,3804
18/06/2024 03.45,4332
18/06/2024 04.00,4296
18/06/2024 04.15,4302
18/06/2024 04.30,4686
18/06/2024 04.45,4614
18/06/2024 05.00,4464
18/06/2024 05.15,4632
18/06/2024 05.30,4578
18/06/2024 05.45,4488
18/06/2024 06.00,4434
18/06/2024 06.15,4560
18/06/2024 06.30,4626
18/06/2024 06.45,4524
18/06/2024 07.00,4308
18/06/2024 07.15,4212
18/06/2024 07.30,3864
18/06/2024 07.45,3798
18/06/2024 08.00,2580
18/06/2024 08.15,2334
18/06/2024 08.30,2808
18/06/2024 08.45,3072
18/06/2024 09.00,3288
18/06/2024 09.15,2910
18/06/2024 09.30,2658
18/06/2024 09.45,2886
18/06/2024 10.00,2826
18/06/2024 10.15,2544
18/06/2024 10.30,1770
18/06/2024 10.45,1794
18/06/2024 11.00,1842
18/06/2024 11.15,1740
18/06/2024 11.30,1596
18/06/2024 11.45,1452
18/06/2024 12.00,1374
18/06/2024 12.15,1338
18/06/2024 12.30,1908
18/06/2024 12.45,2238
18/06/2024 13.00,2628
18/06/2024 13.15,2622
18/06/2024 13.30,2796
18/06/2024 13.45,2814
18/06/2024 14.00,2820
18/06/2024 14.15,2556
18/06/2024 14.30,1866
18/06/2024 14.45,1614
18/06/2024 15.00,2838
18/06/2024 15.15,3132
18/06/2024 15.30,3180
18/06/2024 15.45,3786
18/06/2024 16.00,2532
18/06/2024 16.15,2592
18/06/2024 16.30,3468
18/06/2024 16.45,3564
18/06/2024 17.00,3816
18/06/2024 17.15,3684
18/06/2024 17.30,3774
18/06/2024 17.45,3966
18/06/2024 18.00,4020
18/06/2024 18.15,4266
18/06/2024 18.30,4056
18/06/2024 18.45,4356
18/06/2024 19.00,4182
18/06/2024 19.15,4236
18/06/2024 19.30,3864
18/06/2024 19.45,3876
18/06/2024 20.00,4446
18/06/2024 20.15,4896
18/06/2024 20.30,5004
18/06/2024 20.45,5034
18/06/2024 21.00,4908
18/06/2024 21.15,4938
18/06/2024 21.30,4890
18/06/2024 21.45,4812
18/06/2024 22.00,4764
18/06/2024 22.15,4776
18/06/2024 22.30,4698
18/06/2024 22.45,4572
18/06/2024 23.00,4542
18/06/2024 23.15,4164
18/06/2024 23.30,4572
18/06/2024 23.45,4164
19/06/2024 00.00,3756
19/06/2024 00.15,4008
19/06/2024 00.30,4368
19/06/2024 00.45,4728
19/06/2024 01.00,4752
19/06/2024 01.15,4968
19/06/2024 01.30,4824
19/06/2024 01.45,4620
19/06/2024 02.00,4314
19/06/2024 02.15,4752
19/06/2024 02.30,4644
19/06/2024 02.45,4692
19/06/2024 03.00,4614
19/06/2024 03.15,4926
19/06/2024 03.30,4800
19/06/2024 03.45,4872
19/06/2024 04.00,4722
19/06/2024 04.15,4764
19/06/2024 04.30,4518
19/06/2024 04.45,4716
19/06/2024 05.00,4266
19/06/2024 05.15,4542
19/06/2024 05.30,4464
19/06/2024 05.45,4494
19/06/2024 06.00,4002
19/06/2024 06.15,3672
19/06/2024 06.30,3846
19/06/2024 06.45,4404
19/06/2024 07.00,4236
19/06/2024 07.15,3636
19/06/2024 07.30,3840
19/06/2024 07.45,3504
19/06/2024 08.00,3006
19/06/2024 08.15,2508
19/06/2024 08.30,2868
19/06/2024 08.45,3168
19/06/2024 09.00,2448
19/06/2024 09.15,2358
19/06/2024 09.30,2160
19/06/2024 09.45,2304
19/06/2024 10.00,1806
19/06/2024 10.15,2184
19/06/2024 10.30,2694
19/06/2024 10.45,2100
19/06/2024 11.00,2316
19/06/2024 11.15,2316
19/06/2024 11.30,2388
19/06/2024 11.45,2442
19/06/2024 12.00,2328
19/06/2024 12.15,2154
19/06/2024 12.30,2046
19/06/2024 12.45,1710
19/06/2024 13.00,1440
19/06/2024 13.15,2028
19/06/2024 13.30,1524
19/06/2024 13.45,2040
19/06/2024 14.00,1830
19/06/2024 14.15,1962
19/06/2024 14.30,2070
19/06/2024 14.45,1860
19/06/2024 15.00,1656
19/06/2024 15.15,2742
19/06/2024 15.30,2958
19/06/2024 15.45,2400
19/06/2024 16.00,2622
19/06/2024 16.15,2970
19/06/2024 16.30,3672
19/06/2024 16.45,4002
19/06/2024 17.00,4362
19/06/2024 17.15,4224
19/06/2024 17.30,4512
19/06/2024 17.45,4590
19/06/2024 18.00,4446
19/06/2024 18.15,4476
19/06/2024 18.30,4596
19/06/2024 18.45,4728
19/06/2024 19.00,4806
19/06/2024 19.15,4890
19/06/2024 19.30,4536
19/06/2024 19.45,4830
19/06/2024 20.00,4764
19/06/2024 20.15,4920
19/06/2024 20.30,4758
19/06/2024 20.45,4668
19/06/2024 21.00,4890
19/06/2024 21.15,4728
19/06/2024 21.30,4854
19/06/2024 21.45,4542
19/06/2024 22.00,4584
19/06/2024 22.15,4704
19/06/2024 22.30,4722
19/06/2024 22.45,4554
19/06/2024 23.00,4740
19/06/2024 23.15,4692
19/06/2024 23.30,4548
19/06/2024 23.45,4734
20/06/2024 00.00,4776
20/06/2024 00.15,4680
20/06/2024 00.30,4764
20/06/2024 00.45,4812
20/06/2024 01.00,4734
20/06/2024 01.15,4632
20/06/2024 01.30,4404
20/06/2024 01.45,4254
20/06/2024 02.00,4086
20/06/2024 02.15,4542
20/06/2024 02.30,4614
20/06/2024 02.45,4584
20/06/2024 03.00,4782
20/06/2024 03.15,4548
20/06/2024 03.30,4524
20/06/2024 03.45,4560
20/06/2024 04.00,4548
20/06/2024 04.15,4566
20/06/2024 04.30,4488
20/06/2024 04.45,4542
20/06/2024 05.00,4518
20/06/2024 05.15,4596
20/06/2024 05.30,4476
20/06/2024 05.45,4632
20/06/2024 06.00,4392
20/06/2024 06.15,4032
20/06/2024 06.30,4140
20/06/2024 06.45,4188
20/06/2024 07.00,3906
20/06/2024 07.15,3738
20/06/2024 07.30,3720
20/06/2024 07.45,3528
20/06/2024 08.00,3168
20/06/2024 08.15,3012
20/06/2024 08.30,3228
20/06/2024 08.45,3006
20/06/2024 09.00,2910
20/06/2024 09.15,2802
20/06/2024 09.30,2334
20/06/2024 09.45,1620
20/06/2024 10.00,2496
20/06/2024 10.15,2418
20/06/2024 10.30,2520
20/06/2024 10.45,2172
20/06/2024 11.00,1860
20/06/2024 11.15,2064
20/06/2024 11.30,2358
20/06/2024 11.45,2232
20/06/2024 12.00,2076
20/06/2024 12.15,2124
20/06/2024 12.30,2424
20/06/2024 12.45,1884
20/06/2024 13.00,2268
20/06/2024 13.15,2172
20/06/2024 13.30,2082
20/06/2024 13.45,2172
20/06/2024 14.00,2064
20/06/2024 14.15,2436
20/06/2024 14.30,2646
20/06/2024 14.45,2832
20/06/2024 15.00,2928
20/06/2024 15.15,2874
20/06/2024 15.30,2952
20/06/2024 15.45,3048
20/06/2024 16.00,3540
20/06/2024 16.15,3300
20/06/2024 16.30,3582
20/06/2024 16.45,3786
20/06/2024 17.00,3570
20/06/2024 17.15,3690
20/06/2024 17.30,3654
20/06/2024 17.45,3774
20/06/2024 18.00,3960
20/06/2024 18.15,3798
20/06/2024 18.30,4014
20/06/2024 18.45,3936
20/06/2024 19.00,3840
20/06/2024 19.15,4326
20/06/2024 19.30,4380
20/06/2024 19.45,4500
20/06/2024 20.00,2934
20/06/2024 20.15,3432
20/06/2024 20.30,4410
20/06/2024 20.45,4284
20/06/2024 21.00,4344
20/06/2024 21.15,4524
20/06/2024 21.30,4536
20/06/2024 21.45,4446
20/06/2024 22.00,4668
20/06/2024 22.15,4392
20/06/2024 22.30,3720
20/06/2024 22.45,3852
20/06/2024 23.00,4158
20/06/2024 23.15,4776
20/06/2024 23.30,4782
20/06/2024 23.45,4626
21/06/2024 00.00,4236
21/06/2024 00.15,4446
21/06/2024 00.30,4392
21/06/2024 00.45,4140
21/06/2024 01.00,3432
21/06/2024 01.15,3306
21/06/2024 01.30,3894
21/06/2024 01.45,4380
21/06/2024 02.00,4440
21/06/2024 02.15,4482
21/06/2024 02.30,4356
21/06/2024 02.45,4320
21/06/2024 03.00,4272
21/06/2024 03.15,4230
21/06/2024 03.30,4236
21/06/2024 03.45,4416
21/06/2024 04.00,4374
21/06/2024 04.15,3666
21/06/2024 04.30,3276
21/06/2024 04.45,3372
21/06/2024 05.00,3828
21/06/2024 05.15,4206
21/06/2024 05.30,4182
21/06/2024 05.45,4188
21/06/2024 06.00,3954
21/06/2024 06.15,3528
21/06/2024 06.30,3276
21/06/2024 06.45,3006
21/06/2024 07.00,2748
21/06/2024 07.15,2514
21/06/2024 07.30,2148
21/06/2024 07.45,2040
21/06/2024 08.00,1656
21/06/2024 08.15,1404
21/06/2024 08.30,1410
21/06/2024 08.45,1716
21/06/2024 09.00,1680
21/06/2024 09.15,1644
21/06/2024 09.30,1692
21/06/2024 09.45,1500
21/06/2024 10.00,1416
21/06/2024 10.15,1404
21/06/2024 10.30,1740
21/06/2024 10.45,1590
21/06/2024 11.00,1752
21/06/2024 11.15,1872
21/06/2024 11.30,1932
21/06/2024 11.45,1788
21/06/2024 12.00,648
21/06/2024 12.15,966
21/06/2024 12.30,2058
21/06/2024 12.45,1896
21/06/2024 13.00,1878
21/06/2024 13.15,1728
21/06/2024 13.30,2094
21/06/2024 13.45,2316
21/06/2024 14.00,2496
21/06/2024 14.15,2352
21/06/2024 14.30,2310
21/06/2024 14.45,2214
21/06/2024 15.00,2070
21/06/2024 15.15,2328
21/06/2024 15.30,2544
21/06/2024 15.45,2586
21/06/2024 16.00,2388
21/06/2024 16.15,2400
21/06/2024 16.30,2712
21/06/2024 16.45,2634
21/06/2024 17.00,2508
21/06/2024 17.15,2580
21/06/2024 17.30,2508
21/06/2024 17.45,2790
21/06/2024 18.00,2514
21/06/2024 18.15,2664
21/06/2024 18.30,2796
21/06/2024 18.45,2622
21/06/2024 19.00,2616
21/06/2024 19.15,2844
21/06/2024 19.30,2910
21/06/2024 19.45,2688
21/06/2024 20.00,2436
21/06/2024 20.15,2256
21/06/2024 20.30,2172
21/06/2024 20.45,2598
21/06/2024 21.00,2868
21/06/2024 21.15,2802
21/06/2024 21.30,2874
21/06/2024 21.45,2754
21/06/2024 22.00,2880
21/06/2024 22.15,2760
21/06/2024 22.30,2970
21/06/2024 22.45,2940
21/06/2024 23.00,2862
21/06/2024 23.15,2544
21/06/2024 23.30,2790
21/06/2024 23.45,2712
22/06/2024 00.00,2772
22/06/2024 00.15,2730
22/06/2024 00.30,2700
22/06/2024 00.45,2484
22/06/2024 01.00,2316
22/06/2024 01.15,2352
22/06/2024 01.30,1956
22/06/2024 01.45,2028
22/06/2024 02.00,2094
22/06/2024 02.15,2712
22/06/2024 02.30,2646
22/06/2024 02.45,2748
22/06/2024 03.00,2574
22/06/2024 03.15,2766
22/06/2024 03.30,2862
22/06/2024 03.45,2838
22/06/2024 04.00,2814
22/06/2024 04.15,2754
22/06/2024 04.30,2502
22/06/2024 04.45,2676
22/06/2024 05.00,2832
22/06/2024 05.15,2892
22/06/2024 05.30,2928
22/06/2024 05.45,2856
22/06/2024 06.00,2700
22/06/2024 06.15,2760
22/06/2024 06.30,2772
22/06/2024 06.45,2748
22/06/2024 07.00,2724
22/06/2024 07.15,2568
22/06/2024 07.30,2460
22/06/2024 07.45,2580
22/06/2024 08.00,2286
22/06/2024 08.15,1980
22/06/2024 08.30,2022
22/06/2024 08.45,2694
22/06/2024 09.00,2676
22/06/2024 09.15,2316
22/06/2024 09.30,2040
22/06/2024 09.45,2112
22/06/2024 10.00,2148
22/06/2024 10.15,1884
22/06/2024 10.30,1404
22/06/2024 10.45,2082
22/06/2024 11.00,2262
22/06/2024 11.15,2160
22/06/2024 11.30,2064
22/06/2024 11.45,1500
22/06/2024 12.00,2076
22/06/2024 12.15,2028
22/06/2024 12.30,2136
22/06/2024 12.45,2316
22/06/2024 13.00,2130
22/06/2024 13.15,1722
22/06/2024 13.30,1560
22/06/2024 13.45,2070
22/06/2024 14.00,2544
22/06/2024 14.15,2652
22/06/2024 14.30,2562
22/06/2024 14.45,2598
22/06/2024 15.00,2616
22/06/2024 15.15,2772
22/06/2024 15.30,2670
22/06/2024 15.45,2652
22/06/2024 16.00,2664
22/06/2024 16.15,2616
22/06/2024 16.30,2196
22/06/2024 16.45,2700
22/06/2024 17.00,2352
22/06/2024 17.15,2556
22/06/2024 17.30,2574
22/06/2024 17.45,2622
22/06/2024 18.00,2826
22/06/2024 18.15,2868
22/06/2024 18.30,2514
22/06/2024 18.45,2172
22/06/2024 19.00,2244
22/06/2024 19.15,2130
22/06/2024 19.30,2508
22/06/2024 19.45,2538
22/06/2024 20.00,2772
22/06/2024 20.15,2892
22/06/2024 20.30,2670
22/06/2024 20.45,2388
22/06/2024 21.00,2340
22/06/2024 21.15,2604
22/06/2024 21.30,2742
22/06/2024 21.45,2742
22/06/2024 22.00,2760
22/06/2024 22.15,2712
22/06/2024 22.30,2742
22/06/2024 22.45,2418
22/06/2024 23.00,1554
22/06/2024 23.15,1476
22/06/2024 23.30,1476
22/06/2024 23.45,1476
23/06/2024 00.00,1476
23/06/2024 00.15,1476
23/06/2024 00.30,1038
23/06/2024 00.45,798
23/06/2024 01.00,834
23/06/2024 01.15,900
23/06/2024 01.30,912
23/06/2024 01.45,858
23/06/2024 02.00,1962
23/06/2024 02.15,2748
23/06/2024 02.30,2808
23/06/2024 02.45,2508
23/06/2024 03.00,2358
23/06/2024 03.15,2196
23/06/2024 03.30,2244
23/06/2024 03.45,2292
23/06/2024 04.00,2736
23/06/2024 04.15,2826
23/06/2024 04.30,2982
23/06/2024 04.45,2856
23/06/2024 05.00,2790
23/06/2024 05.15,2376
23/06/2024 05.30,1476
23/06/2024 05.45,1446
23/06/2024 06.00,1428
23/06/2024 06.15,1416
23/06/2024 06.30,918
23/06/2024 06.45,882
23/06/2024 07.00,834
23/06/2024 07.15,876
23/06/2024 07.30,1326
23/06/2024 07.45,1332
23/06/2024 08.00,2088
23/06/2024 08.15,2328
23/06/2024 08.30,2622
23/06/2024 08.45,3030
23/06/2024 09.00,3846
23/06/2024 09.15,3768
23/06/2024 09.30,3468
23/06/2024 09.45,3054
23/06/2024 10.00,3486
23/06/2024 10.15,3576
23/06/2024 10.30,3948
23/06/2024 10.45,3804
23/06/2024 11.00,3816
23/06/2024 11.15,3840
23/06/2024 11.30,4296
23/06/2024 11.45,4272
23/06/2024 12.00,4416
23/06/2024 12.15,4236
23/06/2024 12.30,4500
23/06/2024 12.45,4566
23/06/2024 13.00,4512
23/06/2024 13.15,4542
23/06/2024 13.30,4470
23/06/2024 13.45,4500
23/06/2024 14.00,4470
23/06/2024 14.15,4536
23/06/2024 14.30,4344
23/06/2024 14.45,4356
23/06/2024 15.00,3816
23/06/2024 15.15,3642
23/06/2024 15.30,3954
23/06/2024 15.45,3798
23/06/2024 16.00,4188
23/06/2024 16.15,4056
23/06/2024 16.30,3984
23/06/2024 16.45,4344
23/06/2024 17.00,4284
23/06/2024 17.15,4332
23/06/2024 17.30,4320
23/06/2024 17.45,4476
23/06/2024 18.00,4728
23/06/2024 18.15,4362
23/06/2024 18.30,4308
23/06/2024 18.45,4482
23/06/2024 19.00,4404
23/06/2024 19.15,4518
23/06/2024 19.30,4644
23/06/2024 19.45,4440
23/06/2024 20.00,4260
23/06/2024 20.15,4362
23/06/2024 20.30,4512
23/06/2024 20.45,4548
23/06/2024 21.00,4314
23/06/2024 21.15,4236
23/06/2024 21.30,4296
23/06/2024 21.45,4464
23/06/2024 22.00,4530
23/06/2024 22.15,4284
23/06/2024 22.30,4320
23/06/2024 22.45,4410
23/06/2024 23.00,4500
23/06/2024 23.15,4260
23/06/2024 23.30,4176
23/06/2024 23.45,4368
24/06/2024 00.00,4482
24/06/2024 00.15,4320
24/06/2024 00.30,4200
24/06/2024 00.45,3324
24/06/2024 01.00,2880
24/06/2024 01.15,2976
24/06/2024 01.30,2922
24/06/2024 01.45,2802
24/06/2024 02.00,2484
24/06/2024 02.15,2868
24/06/2024 02.30,2928
24/06/2024 02.45,2946
24/06/2024 03.00,2976
24/06/2024 03.15,2898
24/06/2024 03.30,2724
24/06/2024 03.45,2520
24/06/2024 04.00,2490
24/06/2024 04.15,2490
24/06/2024 04.30,2460
24/06/2024 04.45,2640
24/06/2024 05.00,2580
24/06/2024 05.15,2748
24/06/2024 05.30,2658
24/06/2024 05.45,2664
24/06/2024 06.00,2616
24/06/2024 06.15,2718
24/06/2024 06.30,2658
24/06/2024 06.45,2334
24/06/2024 07.00,1902
24/06/2024 07.15,1782
24/06/2024 07.30,1854
24/06/2024 07.45,1872
24/06/2024 08.00,1650
24/06/2024 08.15,1740
24/06/2024 08.30,1788
24/06/2024 08.45,1392
24/06/2024 09.00,1170
24/06/2024 09.15,1242
24/06/2024 09.30,1056
24/06/2024 09.45,1056
24/06/2024 10.00,1290
24/06/2024 10.15,1212
24/06/2024 10.30,1086
24/06/2024 10.45,1026
24/06/2024 11.00,708
24/06/2024 11.15,942
24/06/2024 11.30,930
24/06/2024 11.45,1230
24/06/2024 12.00,984
24/06/2024 12.15,948
24/06/2024 12.30,864
24/06/2024 12.45,936
24/06/2024 13.00,1140
24/06/2024 13.15,1146
24/06/2024 13.30,1116
24/06/2024 13.45,1146
24/06/2024 14.00,1284
24/06/2024 14.15,1350
24/06/2024 14.30,1392
24/06/2024 14.45,1512
24/06/2024 15.00,1332
24/06/2024 15.15,1200
24/06/2024 15.30,1350
24/06/2024 15.45,1410
24/06/2024 16.00,1038
24/06/2024 16.15,1392
24/06/2024 16.30,1464
24/06/2024 16.45,1608
24/06/2024 17.00,1344
24/06/2024 17.15,1338
24/06/2024 17.30,1362
24/06/2024 17.45,1548
24/06/2024 18.00,1818
24/06/2024 18.15,1752
24/06/2024 18.30,1746
24/06/2024 18.45,1974
24/06/2024 19.00,1974
24/06/2024 19.15,1992
24/06/2024 19.30,1950
24/06/2024 19.45,2016
24/06/2024 20.00,1704
24/06/2024 20.15,1572
24/06/2024 20.30,1620
24/06/2024 20.45,1848
24/06/2024 21.00,1860
24/06/2024 21.15,2070
24/06/2024 21.30,1962
24/06/2024 21.45,1932
24/06/2024 22.00,2040
24/06/2024 22.15,1920
24/06/2024 22.30,1680
24/06/2024 22.45,1512
24/06/2024 23.00,1680
24/06/2024 23.15,1968
24/06/2024 23.30,2106
24/06/2024 23.45,2010
25/06/2024 00.00,1926
25/06/2024 00.15,1992
25/06/2024 00.30,1848
25/06/2024 00.45,1572
25/06/2024 01.00,1920
25/06/2024 01.15,2016
25/06/2024 01.30,1884
25/06/2024 01.45,1692
25/06/2024 02.00,1848
25/06/2024 02.15,1974
25/06/2024 02.30,1830
25/06/2024 02.45,1692
25/06/2024 03.00,1752
25/06/2024 03.15,1572
25/06/2024 03.30,1620
25/06/2024 03.45,1650
25/06/2024 04.00,1692
25/06/2024 04.15,1560
25/06/2024 04.30,1692
25/06/2024 04.45,1872
25/06/2024 05.00,1890
25/06/2024 05.15,1998
25/06/2024 05.30,2100
25/06/2024 05.45,2064
25/06/2024 06.00,2010
25/06/2024 06.15,1908
25/06/2024 06.30,1788
25/06/2024 06.45,1626
25/06/2024 07.00,1578
25/06/2024 07.15,1254
25/06/2024 07.30,1338
25/06/2024 07.45,1524
25/06/2024 08.00,1428
25/06/2024 08.15,1128
25/06/2024 08.30,1380
25/06/2024 08.45,1344
25/06/2024 09.00,1356
25/06/2024 09.15,948
25/06/2024 09.30,1092
25/06/2024 09.45,1122
25/06/2024 10.00,1200
25/06/2024 10.15,858
25/06/2024 10.30,1032
25/06/2024 10.45,1128
25/06/2024 11.00,1104
25/06/2024 11.15,1044
25/06/2024 11.30,1464
25/06/2024 11.45,1302
25/06/2024 12.00,1056
25/06/2024 12.15,906
25/06/2024 12.30,936
25/06/2024 12.45,480
25/06/2024 13.00,270
25/06/2024 13.15,444
25/06/2024 13.30,330
25/06/2024 13.45,882
25/06/2024 14.00,906
25/06/2024 14.15,1128
25/06/2024 14.30,1350
25/06/2024 14.45,1374
25/06/2024 15.00,1266
25/06/2024 15.15,1452
25/06/2024 15.30,1866
25/06/2024 15.45,1692
25/06/2024 16.00,1656
25/06/2024 16.15,1476
25/06/2024 16.30,1500
25/06/2024 16.45,1620
25/06/2024 17.00,1764
25/06/2024 17.15,1764
25/06/2024 17.30,1836
25/06/2024 17.45,1950
25/06/2024 18.00,1944
25/06/2024 18.15,1872
25/06/2024 18.30,1932
25/06/2024 18.45,1842
25/06/2024 19.00,1596
25/06/2024 19.15,1890
25/06/2024 19.30,2052
25/06/2024 19.45,1812
25/06/2024 20.00,1674
25/06/2024 20.15,1692
25/06/2024 20.30,1698
25/06/2024 20.45,1698
25/06/2024 21.00,1878
25/06/2024 21.15,2028
25/06/2024 21.30,2070
25/06/2024 21.45,2040
25/06/2024 22.00,2094
25/06/2024 22.15,1944
25/06/2024 22.30,1440
25/06/2024 22.45,1164
25/06/2024 23.00,1164
25/06/2024 23.15,1140
25/06/2024 23.30,1152
25/06/2024 23.45,1152
26/06/2024 00.00,1152
26/06/2024 00.15,1176
26/06/2024 00.30,1116
26/06/2024 00.45,1146
26/06/2024 01.00,1128
26/06/2024 01.15,1140
26/06/2024 01.30,1098
26/06/2024 01.45,1080
26/06/2024 02.00,1104
26/06/2024 02.15,1110
26/06/2024 02.30,1140
26/06/2024 02.45,1134
26/06/2024 03.00,1098
26/06/2024 03.15,1092
26/06/2024 03.30,1080
26/06/2024 03.45,1080
26/06/2024 04.00,1068
26/06/2024 04.15,1050
26/06/2024 04.30,1080
26/06/2024 04.45,1056
26/06/2024 05.00,1056
26/06/2024 05.15,1056
26/06/2024 05.30,1056
26/06/2024 05.45,1038
26/06/2024 06.00,996
26/06/2024 06.15,912
26/06/2024 06.30,840
26/06/2024 06.45,780
26/06/2024 07.00,666
26/06/2024 07.15,480
26/06/2024 07.30,318
26/06/2024 07.45,114
26/06/2024 08.00,0
26/06/2024 08.15,0
26/06/2024 08.30,12
26/06/2024 08.45,18
26/06/2024 09.00,12
26/06/2024 09.15,12
26/06/2024 09.30,6
26/06/2024 09.45,6
26/06/2024 10.00,24
26/06/2024 10.15,18
26/06/2024 10.30,18
26/06/2024 10.45,12
26/06/2024 11.00,6
26/06/2024 11.15,6
26/06/2024 11.30,6
26/06/2024 11.45,0
26/06/2024 12.00,30
26/06/2024 12.15,6
26/06/2024 12.30,12
26/06/2024 12.45,0
26/06/2024 13.00,6
26/06/2024 13.15,0
26/06/2024 13.30,24
26/06/2024 13.45,6
26/06/2024 14.00,12
26/06/2024 14.15,12
26/06/2024 14.30,6
26/06/2024 14.45,36
26/06/2024 15.00,336
26/06/2024 15.15,84
26/06/2024 15.30,12
26/06/2024 15.45,0
26/06/2024 16.00,0
26/06/2024 16.15,6
26/06/2024 16.30,36
26/06/2024 16.45,6
26/06/2024 17.00,24
26/06/2024 17.15,96
26/06/2024 17.30,102
26/06/2024 17.45,126
26/06/2024 18.00,126
26/06/2024 18.15,162
26/06/2024 18.30,180
26/06/2024 18.45,174
26/06/2024 19.00,192
26/06/2024 19.15,186
26/06/2024 19.30,186
26/06/2024 19.45,186
26/06/2024 20.00,174
26/06/2024 20.15,174
26/06/2024 20.30,180
26/06/2024 20.45,186
26/06/2024 21.00,174
26/06/2024 21.15,168
26/06/2024 21.30,162
26/06/2024 21.45,168
26/06/2024 22.00,174
26/06/2024 22.15,168
26/06/2024 22.30,186
26/06/2024 22.45,180
26/06/2024 23.00,192
26/06/2024 23.15,180
26/06/2024 23.30,180
26/06/2024 23.45,180
27/06/2024 00.00,180
27/06/2024 00.15,180
27/06/2024 00.30,186
27/06/2024 00.45,180
27/06/2024 01.00,198
27/06/2024 01.15,174
27/06/2024 01.30,156
27/06/2024 01.45,162
27/06/2024 02.00,150
27/06/2024 02.15,168
27/06/2024 02.30,174
27/06/2024 02.45,174
27/06/2024 03.00,174
27/06/2024 03.15,174
27/06/2024 03.30,174
27/06/2024 03.45,174
27/06/2024 04.00,180
27/06/2024 04.15,174
27/06/2024 04.30,156
27/06/2024 04.45,174
27/06/2024 05.00,174
27/06/2024 05.15,156
27/06/2024 05.30,156
27/06/2024 05.45,162
27/06/2024 06.00,138
27/06/2024 06.15,114
27/06/2024 06.30,60
27/06/2024 06.45,0
27/06/2024 07.00,6
27/06/2024 07.15,0
27/06/2024 07.30,0
27/06/2024 07.45,0
27/06/2024 08.00,0
27/06/2024 08.15,12
27/06/2024 08.30,24
27/06/2024 08.45,18
27/06/2024 09.00,18
27/06/2024 09.15,18
27/06/2024 09.30,12
27/06/2024 09.45,12
27/06/2024 10.00,12
27/06/2024 10.15,18
27/06/2024 10.30,12
27/06/2024 10.45,12
27/06/2024 11.00,12
27/06/2024 11.15,12
27/06/2024 11.30,12
27/06/2024 11.45,6
27/06/2024 12.00,0
27/06/2024 12.15,0
27/06/2024 12.30,0
27/06/2024 12.45,0
27/06/2024 13.00,12
27/06/2024 13.15,24
27/06/2024 13.30,24
27/06/2024 13.45,12
27/06/2024 14.00,0
27/06/2024 14.15,0
27/06/2024 14.30,6
27/06/2024 14.45,24
27/06/2024 15.00,30
27/06/2024 15.15,96
27/06/2024 15.30,180
27/06/2024 15.45,150
27/06/2024 16.00,78
27/06/2024 16.15,60
27/06/2024 16.30,78
27/06/2024 16.45,42
27/06/2024 17.00,12
27/06/2024 17.15,42
27/06/2024 17.30,84
27/06/2024 17.45,96
27/06/2024 18.00,96
27/06/2024 18.15,126
27/06/2024 18.30,150
27/06/2024 18.45,168
27/06/2024 19.00,180
27/06/2024 19.15,168
27/06/2024 19.30,174
27/06/2024 19.45,174
27/06/2024 20.00,186
27/06/2024 20.15,168
27/06/2024 20.30,198
27/06/2024 20.45,198
27/06/2024 21.00,192
27/06/2024 21.15,204
27/06/2024 21.30,180
27/06/2024 21.45,204
27/06/2024 22.00,192
27/06/2024 22.15,186
27/06/2024 22.30,192
27/06/2024 22.45,180
27/06/2024 23.00,192
27/06/2024 23.15,192
27/06/2024 23.30,180
27/06/2024 23.45,186
28/06/2024 00.00,210
28/06/2024 00.15,198
28/06/2024 00.30,198
28/06/2024 00.45,198
28/06/2024 01.00,186
28/06/2024 01.15,192
28/06/2024 01.30,168
28/06/2024 01.45,180
28/06/2024 02.00,168
28/06/2024 02.15,168
28/06/2024 02.30,180
28/06/2024 02.45,180
28/06/2024 03.00,204
28/06/2024 03.15,186
28/06/2024 03.30,192
28/06/2024 03.45,180
28/06/2024 04.00,186
28/06/2024 04.15,174
28/06/2024 04.30,174
28/06/2024 04.45,168
28/06/2024 05.00,168
28/06/2024 05.15,162
28/06/2024 05.30,156
28/06/2024 05.45,132
28/06/2024 06.00,96
28/06/2024 06.15,78
28/06/2024 06.30,6
28/06/2024 06.45,0
28/06/2024 07.00,0
28/06/2024 07.15,6
28/06/2024 07.30,0
28/06/2024 07.45,0
28/06/2024 08.00,12
28/06/2024 08.15,12
28/06/2024 08.30,12
28/06/2024 08.45,12
28/06/2024 09.00,0
28/06/2024 09.15,0
28/06/2024 09.30,0
28/06/2024 09.45,0
28/06/2024 10.00,12
28/06/2024 10.15,0
28/06/2024 10.30,0
28/06/2024 10.45,0
28/06/2024 11.00,12
28/06/2024 11.15,12
28/06/2024 11.30,24
28/06/2024 11.45,114
28/06/2024 12.00,72
28/06/2024 12.15,12
28/06/2024 12.30,0
28/06/2024 12.45,12
28/06/2024 13.00,24
28/06/2024 13.15,0
28/06/2024 13.30,12
28/06/2024 13.45,102
28/06/2024 14.00,84
28/06/2024 14.15,132
28/06/2024 14.30,180
28/06/2024 14.45,228
28/06/2024 15.00,234
28/06/2024 15.15,180
28/06/2024 15.30,60
28/06/2024 15.45,96
28/06/2024 16.00,174
28/06/2024 16.15,78
28/06/2024 16.30,0
28/06/2024 16.45,30
28/06/2024 17.00,0
28/06/2024 17.15,6
28/06/2024 17.30,0
28/06/2024 17.45,12
28/06/2024 18.00,54
28/06/2024 18.15,96
28/06/2024 18.30,144
28/06/2024 18.45,144
28/06/2024 19.00,138
28/06/2024 19.15,150
28/06/2024 19.30,186
28/06/2024 19.45,330
28/06/2024 20.00,534
28/06/2024 20.15,702
28/06/2024 20.30,978
28/06/2024 20.45,1734
28/06/2024 21.00,2202
28/06/2024 21.15,2274
28/06/2024 21.30,2382
28/06/2024 21.45,2454
28/06/2024 22.00,2562
28/06/2024 22.15,2514
28/06/2024 22.30,2484
28/06/2024 22.45,2844
28/06/2024 23.00,2640
28/06/2024 23.15,2796
28/06/2024 23.30,2784
28/06/2024 23.45,2694
29/06/2024 00.00,2538
29/06/2024 00.15,2730
29/06/2024 00.30,2742
29/06/2024 00.45,2526
29/06/2024 01.00,2226
29/06/2024 01.15,2628
29/06/2024 01.30,2664
29/06/2024 01.45,2718
29/06/2024 02.00,2436
29/06/2024 02.15,2280
29/06/2024 02.30,2622
29/06/2024 02.45,2508
29/06/2024 03.00,2418
29/06/2024 03.15,2688
29/06/2024 03.30,2622
29/06/2024 03.45,2706
29/06/2024 04.00,2598
29/06/2024 04.15,2382
29/06/2024 04.30,1926
29/06/2024 04.45,1290
29/06/2024 05.00,528
29/06/2024 05.15,474
29/06/2024 05.30,492
29/06/2024 05.45,468
29/06/2024 06.00,462
29/06/2024 06.15,378
29/06/2024 06.30,276
29/06/2024 06.45,276
29/06/2024 07.00,180
29/06/2024 07.15,192
29/06/2024 07.30,174
29/06/2024 07.45,12
29/06/2024 08.00,216
29/06/2024 08.15,1164
29/06/2024 08.30,1146
29/06/2024 08.45,1116
29/06/2024 09.00,1272
29/06/2024 09.15,1254
29/06/2024 09.30,1278
29/06/2024 09.45,1512
29/06/2024 10.00,1236
29/06/2024 10.15,1260
29/06/2024 10.30,1584
29/06/2024 10.45,1368
29/06/2024 11.00,1356
29/06/2024 11.15,1392
29/06/2024 11.30,1284
29/06/2024 11.45,1236
29/06/2024 12.00,1224
29/06/2024 12.15,1716
29/06/2024 12.30,2040
29/06/2024 12.45,1188
29/06/2024 13.00,1152
29/06/2024 13.15,1224
29/06/2024 13.30,1260
29/06/2024 13.45,1488
29/06/2024 14.00,936
29/06/2024 14.15,1470
29/06/2024 14.30,1812
29/06/2024 14.45,1422
29/06/2024 15.00,1476
29/06/2024 15.15,1926
29/06/2024 15.30,1962
29/06/2024 15.45,2052
29/06/2024 16.00,2160
29/06/2024 16.15,2064
29/06/2024 16.30,2556
29/06/2024 16.45,2352
29/06/2024 17.00,2316
29/06/2024 17.15,2748
29/06/2024 17.30,2754
29/06/2024 17.45,2394
29/06/2024 18.00,2724
29/06/2024 18.15,2928
29/06/2024 18.30,2580
29/06/2024 18.45,2976
29/06/2024 19.00,2940
29/06/2024 19.15,2796
29/06/2024 19.30,2922
29/06/2024 19.45,2790
29/06/2024 20.00,2766
29/06/2024 20.15,2730
29/06/2024 20.30,2724
29/06/2024 20.45,2940
29/06/2024 21.00,3036
29/06/2024 21.15,2826
29/06/2024 21.30,2532
29/06/2024 21.45,2166
29/06/2024 22.00,2172
29/06/2024 22.15,2754
29/06/2024 22.30,2940
29/06/2024 22.45,2808
29/06/2024 23.00,2394
29/06/2024 23.15,2172
29/06/2024 23.30,2106
29/06/2024 23.45,2514
30/06/2024 00.00,3060
30/06/2024 00.15,2880
30/06/2024 00.30,3060
30/06/2024 00.45,2988
30/06/2024 01.00,2910
30/06/2024 01.15,2832
30/06/2024 01.30,2712
30/06/2024 01.45,2802
30/06/2024 02.00,2580
30/06/2024 02.15,2940
30/06/2024 02.30,2940
30/06/2024 02.45,2988
30/06/2024 03.00,2976
30/06/2024 03.15,2892
30/06/2024 03.30,2862
30/06/2024 03.45,2754
30/06/2024 04.00,2616
30/06/2024 04.15,2952
30/06/2024 04.30,2748
30/06/2024 04.45,2772
30/06/2024 05.00,2820
30/06/2024 05.15,2934
30/06/2024 05.30,2742
30/06/2024 05.45,2706
30/06/2024 06.00,2892
30/06/2024 06.15,2556
30/06/2024 06.30,2694
30/06/2024 06.45,2670
30/06/2024 07.00,2532
30/06/2024 07.15,2412
30/06/2024 07.30,2274
30/06/2024 07.45,2124
30/06/2024 08.00,1632
30/06/2024 08.15,1032
30/06/2024 08.30,1176
30/06/2024 08.45,1080
30/06/2024 09.00,1332
30/06/2024 09.15,1152
30/06/2024 09.30,1170
30/06/2024 09.45,1344
30/06/2024 10.00,1716
30/06/2024 10.15,1740
30/06/2024 10.30,1800
30/06/2024 10.45,1776
30/06/2024 11.00,2070
30/06/2024 11.15,1662
30/06/2024 11.30,1860
30/06/2024 11.45,1416
30/06/2024 12.00,1428
30/06/2024 12.15,1488
30/06/2024 12.30,1500
30/06/2024 12.45,2280
30/06/2024 13.00,2088
30/06/2024 13.15,3006
30/06/2024 13.30,2964
30/06/2024 13.45,2772
30/06/2024 14.00,2772
30/06/2024 14.15,2712
30/06/2024 14.30,2850
30/06/2024 14.45,2328
30/06/2024 15.00,2184
30/06/2024 15.15,2268
30/06/2024 15.30,2328
30/06/2024 15.45,2784
30/06/2024 16.00,2844
30/06/2024 16.15,2712
30/06/2024 16.30,2766
30/06/2024 16.45,2646
30/06/2024 17.00,2634
30/06/2024 17.15,2742
30/06/2024 17.30,2508
30/06/2024 17.45,2934
30/06/2024 18.00,2814
30/06/2024 18.15,2928
30/06/2024 18.30,2904
30/06/2024 18.45,2904
30/06/2024 19.00,2952
30/06/2024 19.15,2952
30/06/2024 19.30,2814
30/06/2024 19.45,2700
30/06/2024 20.00,2784
30/06/2024 20.15,2958
30/06/2024 20.30,2880
30/06/2024 20.45,2820
30/06/2024 21.00,3060
30/06/2024 21.15,2844
30/06/2024 21.30,2472
30/06/2024 21.45,2088
30/06/2024 22.00,2052
30/06/2024 22.15,2340
30/06/2024 22.30,2418
30/06/2024 22.45,3042
30/06/2024 23.00,2862
30/06/2024 23.15,2370
30/06/2024 23.30,2394
30/06/2024 23.45,2688
01/07/2024 00.00,3000
01/07/2024 00.15,3096
01/07/2024 00.30,2736
01/07/2024 00.45,2136
01/07/2024 01.00,2400
01/07/2024 01.15,2406
01/07/2024 01.30,2190
01/07/2024 01.45,2358
01/07/2024 02.00,2802
01/07/2024 02.15,3138
01/07/2024 02.30,3096
01/07/2024 02.45,2784
01/07/2024 03.00,2748
01/07/2024 03.15,2238
01/07/2024 03.30,2586
01/07/2024 03.45,2298
01/07/2024 04.00,2238
01/07/2024 04.15,2652
01/07/2024 04.30,3024
01/07/2024 04.45,2916
01/07/2024 05.00,2808
01/07/2024 05.15,2934
01/07/2024 05.30,2898
01/07/2024 05.45,2388
01/07/2024 06.00,2256
01/07/2024 06.15,2622
01/07/2024 06.30,2028
01/07/2024 06.45,1896
01/07/2024 07.00,2268
01/07/2024 07.15,2496
01/07/2024 07.30,2472
01/07/2024 07.45,2652
01/07/2024 08.00,2592
01/07/2024 08.15,2556
01/07/2024 08.30,2340
01/07/2024 08.45,2508
01/07/2024 09.00,2508
01/07/2024 09.15,2388
01/07/2024 09.30,2268
01/07/2024 09.45,2238
01/07/2024 10.00,2172
01/07/2024 10.15,2196
01/07/2024 10.30,2172
01/07/2024 10.45,2280
01/07/2024 11.00,2112
01/07/2024 11.15,2136
01/07/2024 11.30,1872
01/07/2024 11.45,1836
01/07/2024 12.00,1512
01/07/2024 12.15,1332
01/07/2024 12.30,1488
01/07/2024 12.45,1944
01/07/2024 13.00,1944
01/07/2024 13.15,1896
01/07/2024 13.30,1680
01/07/2024 13.45,1320
01/07/2024 14.00,1920
01/07/2024 14.15,1956
01/07/2024 14.30,2100
01/07/2024 14.45,2136
01/07/2024 15.00,2070
01/07/2024 15.15,2130
01/07/2024 15.30,2094
01/07/2024 15.45,2142
01/07/2024 16.00,2082
01/07/2024 16.15,2400
01/07/2024 16.30,2580
01/07/2024 16.45,3000
01/07/2024 17.00,3006
01/07/2024 17.15,2958
01/07/2024 17.30,3012
01/07/2024 17.45,3024
01/07/2024 18.00,3090
01/07/2024 18.15,3006
01/07/2024 18.30,3102
01/07/2024 18.45,3036
01/07/2024 19.00,2928
01/07/2024 19.15,3012
01/07/2024 19.30,3132
01/07/2024 19.45,3102
01/07/2024 20.00,2616
01/07/2024 20.15,3048
01/07/2024 20.30,2868
01/07/2024 20.45,3054
01/07/2024 21.00,3240
01/07/2024 21.15,3210
01/07/2024 21.30,3024
01/07/2024 21.45,2994
01/07/2024 22.00,3012
01/07/2024 22.15,3036
01/07/2024 22.30,3330
01/07/2024 22.45,3732
01/07/2024 23.00,4056
01/07/2024 23.15,4488
01/07/2024 23.30,4656
01/07/2024 23.45,4554
02/07/2024 00.00,3930
02/07/2024 00.15,4086
02/07/2024 00.30,3936
02/07/2024 00.45,4032
02/07/2024 01.00,3972
02/07/2024 01.15,4386
02/07/2024 01.30,4692
02/07/2024 01.45,4698
02/07/2024 02.00,4590
02/07/2024 02.15,4614
02/07/2024 02.30,4710
02/07/2024 02.45,4728
02/07/2024 03.00,4782
02/07/2024 03.15,4710
02/07/2024 03.30,4344
02/07/2024 03.45,3888
02/07/2024 04.00,4038
02/07/2024 04.15,4068
02/07/2024 04.30,3876
02/07/2024 04.45,3756
02/07/2024 05.00,4326
02/07/2024 05.15,4434
02/07/2024 05.30,4578
02/07/2024 05.45,4632
02/07/2024 06.00,4716
02/07/2024 06.15,4548
02/07/2024 06.30,4536
02/07/2024 06.45,4158
02/07/2024 07.00,4248
02/07/2024 07.15,4206
02/07/2024 07.30,4014
02/07/2024 07.45,3768
02/07/2024 08.00,3816
02/07/2024 08.15,3636
02/07/2024 08.30,3534
02/07/2024 08.45,3672
02/07/2024 09.00,3894
02/07/2024 09.15,3684
02/07/2024 09.30,3072
02/07/2024 09.45,3204
02/07/2024 10.00,3102
02/07/2024 10.15,3438
02/07/2024 10.30,3390
02/07/2024 10.45,3294
02/07/2024 11.00,2760
02/07/2024 11.15,2040
02/07/2024 11.30,1968
02/07/2024 11.45,1632
02/07/2024 12.00,1632
02/07/2024 12.15,1422
02/07/2024 12.30,1890
02/07/2024 12.45,2400
02/07/2024 13.00,2442
02/07/2024 13.15,2358
02/07/2024 13.30,2592
02/07/2024 13.45,2214
02/07/2024 14.00,2484
02/07/2024 14.15,2754
02/07/2024 14.30,2736
02/07/2024 14.45,2736
02/07/2024 15.00,2970
02/07/2024 15.15,3192
02/07/2024 15.30,3036
02/07/2024 15.45,2916
02/07/2024 16.00,3060
02/07/2024 16.15,3936
02/07/2024 16.30,4296
02/07/2024 16.45,4296
02/07/2024 17.00,4158
02/07/2024 17.15,4260
02/07/2024 17.30,4314
02/07/2024 17.45,3924
02/07/2024 18.00,3774
02/07/2024 18.15,4152
02/07/2024 18.30,4644
02/07/2024 18.45,4614
02/07/2024 19.00,4362
02/07/2024 19.15,4386
02/07/2024 19.30,4506
02/07/2024 19.45,4212
02/07/2024 20.00,4350
02/07/2024 20.15,4560
02/07/2024 20.30,4848
02/07/2024 20.45,4884
02/07/2024 21.00,4968
02/07/2024 21.15,4350
02/07/2024 21.30,3270
02/07/2024 21.45,3096
02/07/2024 22.00,2808
02/07/2024 22.15,2808
02/07/2024 22.30,2646
02/07/2024 22.45,2490
02/07/2024 23.00,2394
02/07/2024 23.15,3978
02/07/2024 23.30,4356
02/07/2024 23.45,4404
03/07/2024 00.00,4608
03/07/2024 00.15,4578
03/07/2024 00.30,4800
03/07/2024 00.45,4626
03/07/2024 01.00,4662
03/07/2024 01.15,4830
03/07/2024 01.30,4662
03/07/2024 01.45,4752
03/07/2024 02.00,4626
03/07/2024 02.15,4956
03/07/2024 02.30,4848
03/07/2024 02.45,4434
03/07/2024 03.00,4482
03/07/2024 03.15,4362
03/07/2024 03.30,4140
03/07/2024 03.45,3936
03/07/2024 04.00,4092
03/07/2024 04.15,4410
03/07/2024 04.30,4710
03/07/2024 04.45,4758
03/07/2024 05.00,4806
03/07/2024 05.15,4752
03/07/2024 05.30,4764
03/07/2024 05.45,4458
03/07/2024 06.00,4392
03/07/2024 06.15,3978
03/07/2024 06.30,3522
03/07/2024 06.45,3240
03/07/2024 07.00,3750
03/07/2024 07.15,4152
03/07/2024 07.30,3912
03/07/2024 07.45,3840
03/07/2024 08.00,3282
03/07/2024 08.15,3270
03/07/2024 08.30,3726
03/07/2024 08.45,2796
03/07/2024 09.00,3318
03/07/2024 09.15,3300
03/07/2024 09.30,3228
03/07/2024 09.45,2988
03/07/2024 10.00,2646
03/07/2024 10.15,2976
03/07/2024 10.30,2274
03/07/2024 10.45,2232
03/07/2024 11.00,2664
03/07/2024 11.15,2430
03/07/2024 11.30,2502
03/07/2024 11.45,3072
03/07/2024 12.00,2448
03/07/2024 12.15,2550
03/07/2024 12.30,2808
03/07/2024 12.45,3084
03/07/2024 13.00,2484
03/07/2024 13.15,2160
03/07/2024 13.30,2256
03/07/2024 13.45,1956
03/07/2024 14.00,1974
03/07/2024 14.15,1986
03/07/2024 14.30,2274
03/07/2024 14.45,3018
03/07/2024 15.00,3474
03/07/2024 15.15,2898
03/07/2024 15.30,3432
03/07/2024 15.45,4014
03/07/2024 16.00,4344
03/07/2024 16.15,4266
03/07/2024 16.30,4308
03/07/2024 16.45,3984
03/07/2024 17.00,3852
03/07/2024 17.15,3804
03/07/2024 17.30,3942
03/07/2024 17.45,4320
03/07/2024 18.00,4356
03/07/2024 18.15,4488
03/07/2024 18.30,4602
03/07/2024 18.45,4764
03/07/2024 19.00,4542
03/07/2024 19.15,4764
03/07/2024 19.30,4686
03/07/2024 19.45,4608
03/07/2024 20.00,4476
03/07/2024 20.15,4206
03/07/2024 20.30,4884
03/07/2024 20.45,4728
03/07/2024 21.00,4158
03/07/2024 21.15,3924
03/07/2024 21.30,3984
03/07/2024 21.45,4380
03/07/2024 22.00,4296
03/07/2024 22.15,4320
03/07/2024 22.30,4308
03/07/2024 22.45,4320
03/07/2024 23.00,4032
03/07/2024 23.15,4008
03/07/2024 23.30,3816
03/07/2024 23.45,3702
04/07/2024 00.00,4170
04/07/2024 00.15,4320
04/07/2024 00.30,4248
04/07/2024 00.45,3996
04/07/2024 01.00,3894
04/07/2024 01.15,4152
04/07/2024 01.30,4626
04/07/2024 01.45,4572
04/07/2024 02.00,4632
04/07/2024 02.15,4602
04/07/2024 02.30,4668
04/07/2024 02.45,4626
04/07/2024 03.00,4254
04/07/2024 03.15,4506
04/07/2024 03.30,4650
04/07/2024 03.45,4638
04/07/2024 04.00,4686
04/07/2024 04.15,4350
04/07/2024 04.30,4284
04/07/2024 04.45,4236
04/07/2024 05.00,4362
04/07/2024 05.15,4158
04/07/2024 05.30,4188
04/07/2024 05.45,4122
04/07/2024 06.00,3948
04/07/2024 06.15,3846
04/07/2024 06.30,3480
04/07/2024 06.45,3624
04/07/2024 07.00,3774
04/07/2024 07.15,3774
04/07/2024 07.30,3828
04/07/2024 07.45,3672
04/07/2024 08.00,3408
04/07/2024 08.15,3552
04/07/2024 08.30,3372
04/07/2024 08.45,2442
04/07/2024 09.00,2628
04/07/2024 09.15,2724
04/07/2024 09.30,2880
04/07/2024 09.45,2922
04/07/2024 10.00,3054
04/07/2024 10.15,3114
04/07/2024 10.30,3312
04/07/2024 10.45,3192
04/07/2024 11.00,2928
04/07/2024 11.15,3120
04/07/2024 11.30,2976
04/07/2024 11.45,2982
04/07/2024 12.00,3384
04/07/2024 12.15,3666
04/07/2024 12.30,3366
04/07/2024 12.45,3156
04/07/2024 13.00,3168
04/07/2024 13.15,3312
04/07/2024 13.30,3132
04/07/2024 13.45,3294
04/07/2024 14.00,3900
04/07/2024 14.15,4074
04/07/2024 14.30,3648
04/07/2024 14.45,3114
04/07/2024 15.00,2742
04/07/2024 15.15,3360
04/07/2024 15.30,3726
04/07/2024 15.45,3798
04/07/2024 16.00,3342
04/07/2024 16.15,3438
04/07/2024 16.30,3960
04/07/2024 16.45,4242
04/07/2024 17.00,4260
04/07/2024 17.15,4308
04/07/2024 17.30,4344
04/07/2024 17.45,4596
04/07/2024 18.00,4620
04/07/2024 18.15,4464
04/07/2024 18.30,4224
04/07/2024 18.45,4176
04/07/2024 19.00,4536
04/07/2024 19.15,4614
04/07/2024 19.30,4608
04/07/2024 19.45,4542
04/07/2024 20.00,4434
04/07/2024 20.15,4542
04/07/2024 20.30,4338
04/07/2024 20.45,4224
04/07/2024 21.00,4440
04/07/2024 21.15,4470
04/07/2024 21.30,4752
04/07/2024 21.45,4176
04/07/2024 22.00,3936
04/07/2024 22.15,4140
04/07/2024 22.30,4530
04/07/2024 22.45,4140
04/07/2024 23.00,3996
04/07/2024 23.15,4716
04/07/2024 23.30,4722
04/07/2024 23.45,4524
05/07/2024 00.00,4644
05/07/2024 00.15,4200
05/07/2024 00.30,4368
05/07/2024 00.45,4284
05/07/2024 01.00,4608
05/07/2024 01.15,4452
05/07/2024 01.30,4584
05/07/2024 01.45,4416
05/07/2024 02.00,4524
05/07/2024 02.15,4722
05/07/2024 02.30,4752
05/07/2024 02.45,4548
05/07/2024 03.00,4632
05/07/2024 03.15,4242
05/07/2024 03.30,4494
05/07/2024 03.45,4692
05/07/2024 04.00,4452
05/07/2024 04.15,4668
05/07/2024 04.30,4728
05/07/2024 04.45,4446
05/07/2024 05.00,4152
05/07/2024 05.15,4080
05/07/2024 05.30,4050
05/07/2024 05.45,3918
05/07/2024 06.00,3504
05/07/2024 06.15,2742
05/07/2024 06.30,2022
05/07/2024 06.45,1686
05/07/2024 07.00,1560
05/07/2024 07.15,1410
05/07/2024 07.30,864
05/07/2024 07.45,702
05/07/2024 08.00,810
05/07/2024 08.15,726
05/07/2024 08.30,144
05/07/2024 08.45,30
05/07/2024 09.00,12
05/07/2024 09.15,18
05/07/2024 09.30,18
05/07/2024 09.45,6
05/07/2024 10.00,0
05/07/2024 10.15,18
05/07/2024 10.30,24
05/07/2024 10.45,12
05/07/2024 11.00,0
05/07/2024 11.15,12
05/07/2024 11.30,12
05/07/2024 11.45,12
05/07/2024 12.00,18
05/07/2024 12.15,18
05/07/2024 12.30,0
05/07/2024 12.45,0
05/07/2024 13.00,12
05/07/2024 13.15,18
05/07/2024 13.30,12
05/07/2024 13.45,24
05/07/2024 14.00,72
05/07/2024 14.15,12
05/07/2024 14.30,12
05/07/2024 14.45,54
05/07/2024 15.00,54
05/07/2024 15.15,258
05/07/2024 15.30,186
05/07/2024 15.45,24
05/07/2024 16.00,6
05/07/2024 16.15,18
05/07/2024 16.30,18
05/07/2024 16.45,30
05/07/2024 17.00,78
05/07/2024 17.15,42
05/07/2024 17.30,96
05/07/2024 17.45,192
05/07/2024 18.00,198
05/07/2024 18.15,264
05/07/2024 18.30,264
05/07/2024 18.45,270
05/07/2024 19.00,270
05/07/2024 19.15,270
05/07/2024 19.30,270
05/07/2024 19.45,264
05/07/2024 20.00,258
05/07/2024 20.15,276
05/07/2024 20.30,264
05/07/2024 20.45,252
05/07/2024 21.00,252
05/07/2024 21.15,252
05/07/2024 21.30,246
05/07/2024 21.45,234
05/07/2024 22.00,234
05/07/2024 22.15,246
05/07/2024 22.30,240
05/07/2024 22.45,258
05/07/2024 23.00,252
05/07/2024 23.15,252
05/07/2024 23.30,252
05/07/2024 23.45,246
06/07/2024 00.00,246
06/07/2024 00.15,258
06/07/2024 00.30,246
06/07/2024 00.45,246
06/07/2024 01.00,258
06/07/2024 01.15,294
06/07/2024 01.30,258
06/07/2024 01.45,264
06/07/2024 02.00,252
06/07/2024 02.15,288
06/07/2024 02.30,306
06/07/2024 02.45,312
06/07/2024 03.00,312
06/07/2024 03.15,312
06/07/2024 03.30,300
06/07/2024 03.45,294
06/07/2024 04.00,306
06/07/2024 04.15,288
06/07/2024 04.30,294
06/07/2024 04.45,312
06/07/2024 05.00,288
06/07/2024 05.15,264
06/07/2024 05.30,282
06/07/2024 05.45,276
06/07/2024 06.00,252
06/07/2024 06.15,282
06/07/2024 06.30,324
06/07/2024 06.45,252
06/07/2024 07.00,342
06/07/2024 07.15,864
06/07/2024 07.30,1176
06/07/2024 07.45,1050
06/07/2024 08.00,714
06/07/2024 08.15,1692
06/07/2024 08.30,2562
06/07/2024 08.45,2838
06/07/2024 09.00,1668
06/07/2024 09.15,1704
06/07/2024 09.30,1716
06/07/2024 09.45,1656
06/07/2024 10.00,1590
06/07/2024 10.15,1674
06/07/2024 10.30,1932
06/07/2024 10.45,2082
06/07/2024 11.00,1518
06/07/2024 11.15,1908
06/07/2024 11.30,2136
06/07/2024 11.45,1704
06/07/2024 12.00,1596
06/07/2024 12.15,1434
06/07/2024 12.30,1572
06/07/2024 12.45,1290
06/07/2024 13.00,1032
06/07/2024 13.15,786
06/07/2024 13.30,846
06/07/2024 13.45,834
06/07/2024 14.00,1158
06/07/2024 14.15,882
06/07/2024 14.30,1248
06/07/2024 14.45,1410
06/07/2024 15.00,1476
06/07/2024 15.15,2070
06/07/2024 15.30,2802
06/07/2024 15.45,1842
06/07/2024 16.00,2586
06/07/2024 16.15,3024
06/07/2024 16.30,3312
06/07/2024 16.45,3324
06/07/2024 17.00,3438
06/07/2024 17.15,3888
06/07/2024 17.30,3942
06/07/2024 17.45,4056
06/07/2024 18.00,4146
06/07/2024 18.15,4362
06/07/2024 18.30,4524
06/07/2024 18.45,4854
06/07/2024 19.00,4542
06/07/2024 19.15,4332
06/07/2024 19.30,4236
06/07/2024 19.45,4056
06/07/2024 20.00,4158
06/07/2024 20.15,4140
06/07/2024 20.30,4446
06/07/2024 20.45,4266
06/07/2024 21.00,3192
06/07/2024 21.15,3120
06/07/2024 21.30,3126
06/07/2024 21.45,3582
06/07/2024 22.00,3630
06/07/2024 22.15,3462
06/07/2024 22.30,3372
06/07/2024 22.45,3450
06/07/2024 23.00,3402
06/07/2024 23.15,3264
06/07/2024 23.30,3612
06/07/2024 23.45,3444
07/07/2024 00.00,3468
07/07/2024 00.15,3534
07/07/2024 00.30,3456
07/07/2024 00.45,3456
07/07/2024 01.00,3420
07/07/2024 01.15,3312
07/07/2024 01.30,3276
07/07/2024 01.45,3384
07/07/2024 02.00,3252
07/07/2024 02.15,3354
07/07/2024 02.30,3348
07/07/2024 02.45,3444
07/07/2024 03.00,3390
07/07/2024 03.15,3048
07/07/2024 03.30,3420
07/07/2024 03.45,3402
07/07/2024 04.00,3414
07/07/2024 04.15,3090
07/07/2024 04.30,2928
07/07/2024 04.45,3000
07/07/2024 05.00,2898
07/07/2024 05.15,3024
07/07/2024 05.30,3060
07/07/2024 05.45,3090
07/07/2024 06.00,2940
07/07/2024 06.15,2826
07/07/2024 06.30,2862
07/07/2024 06.45,2856
07/07/2024 07.00,2772
07/07/2024 07.15,2718
07/07/2024 07.30,2268
07/07/2024 07.45,2724
07/07/2024 08.00,2550
07/07/2024 08.15,2520
07/07/2024 08.30,2484
07/07/2024 08.45,2472
07/07/2024 09.00,2226
07/07/2024 09.15,2352
07/07/2024 09.30,2256
07/07/2024 09.45,2628
07/07/2024 10.00,2820
07/07/2024 10.15,2556
07/07/2024 10.30,2388
07/07/2024 10.45,2700
07/07/2024 11.00,3078
07/07/2024 11.15,3018
07/07/2024 11.30,2784
07/07/2024 11.45,2880
07/07/2024 12.00,3048
07/07/2024 12.15,3036
07/07/2024 12.30,2976
07/07/2024 12.45,3354
07/07/2024 13.00,3468
07/07/2024 13.15,3312
07/07/2024 13.30,2970
07/07/2024 13.45,2754
07/07/2024 14.00,2622
07/07/2024 14.15,2898
07/07/2024 14.30,3048
07/07/2024 14.45,3786
07/07/2024 15.00,3594
07/07/2024 15.15,3138
07/07/2024 15.30,3240
07/07/2024 15.45,3462
07/07/2024 16.00,3588
07/07/2024 16.15,3876
07/07/2024 16.30,3738
07/07/2024 16.45,3906
07/07/2024 17.00,3708
07/07/2024 17.15,3384
07/07/2024 17.30,3348
07/07/2024 17.45,4002
07/07/2024 18.00,4476
07/07/2024 18.15,4266
07/07/2024 18.30,4056
07/07/2024 18.45,4362
07/07/2024 19.00,4764
07/07/2024 19.15,4530
07/07/2024 19.30,4200
07/07/2024 19.45,4554
07/07/2024 20.00,4506
07/07/2024 20.15,4812
07/07/2024 20.30,4812
07/07/2024 20.45,4656
07/07/2024 21.00,4584
07/07/2024 21.15,4548
07/07/2024 21.30,4596
07/07/2024 21.45,4680
07/07/2024 22.00,4674
07/07/2024 22.15,4806
07/07/2024 22.30,4776
07/07/2024 22.45,4836
07/07/2024 23.00,4746
07/07/2024 23.15,4746
07/07/2024 23.30,4644
07/07/2024 23.45,4488
08/07/2024 00.00,4638
08/07/2024 00.15,4668
08/07/2024 00.30,4668
08/07/2024 00.45,4752
08/07/2024 01.00,4704
08/07/2024 01.15,4488
08/07/2024 01.30,4296
08/07/2024 01.45,4296
08/07/2024 02.00,4080
08/07/2024 02.15,4548
08/07/2024 02.30,4464
08/07/2024 02.45,4626
08/07/2024 03.00,4764
08/07/2024 03.15,4434
08/07/2024 03.30,4500
08/07/2024 03.45,4680
08/07/2024 04.00,4656
08/07/2024 04.15,4212
08/07/2024 04.30,4572
08/07/2024 04.45,4530
08/07/2024 05.00,3978
08/07/2024 05.15,3966
08/07/2024 05.30,4524
08/07/2024 05.45,4476
08/07/2024 06.00,3900
08/07/2024 06.15,4152
08/07/2024 06.30,3894
08/07/2024 06.45,4062
08/07/2024 07.00,4032
08/07/2024 07.15,4086
08/07/2024 07.30,4008
08/07/2024 07.45,3546
08/07/2024 08.00,2808
08/07/2024 08.15,3114
08/07/2024 08.30,3156
08/07/2024 08.45,2838
08/07/2024 09.00,2736
08/07/2024 09.15,2544
08/07/2024 09.30,2478
08/07/2024 09.45,1992
08/07/2024 10.00,2244
08/07/2024 10.15,2154
08/07/2024 10.30,2094
08/07/2024 10.45,2532
08/07/2024 11.00,2448
08/07/2024 11.15,2328
08/07/2024 11.30,2706
08/07/2024 11.45,2448
08/07/2024 12.00,2910
08/07/2024 12.15,2268
08/07/2024 12.30,1356
08/07/2024 12.45,1572
08/07/2024 13.00,2490
08/07/2024 13.15,2526
08/07/2024 13.30,2850
08/07/2024 13.45,2964
08/07/2024 14.00,3114
08/07/2024 14.15,2394
08/07/2024 14.30,1944
08/07/2024 14.45,2196
08/07/2024 15.00,2646
08/07/2024 15.15,3042
08/07/2024 15.30,3606
08/07/2024 15.45,3576
08/07/2024 16.00,3720
08/07/2024 16.15,3720
08/07/2024 16.30,4218
08/07/2024 16.45,3930
08/07/2024 17.00,3558
08/07/2024 17.15,3762
08/07/2024 17.30,3408
08/07/2024 17.45,3408
08/07/2024 18.00,4266
08/07/2024 18.15,4494
08/07/2024 18.30,4626
08/07/2024 18.45,4530
08/07/2024 19.00,4416
08/07/2024 19.15,4494
08/07/2024 19.30,4632
08/07/2024 19.45,4440
08/07/2024 20.00,4452
08/07/2024 20.15,4512
08/07/2024 20.30,4428
08/07/2024 20.45,4596
08/07/2024 21.00,4500
08/07/2024 21.15,4560
08/07/2024 21.30,4530
08/07/2024 21.45,4716
08/07/2024 22.00,4818
08/07/2024 22.15,4728
08/07/2024 22.30,4650
08/07/2024 22.45,4566
08/07/2024 23.00,4512
08/07/2024 23.15,4536
08/07/2024 23.30,4644
08/07/2024 23.45,4686
09/07/2024 00.00,4734
09/07/2024 00.15,4560
09/07/2024 00.30,4368
09/07/2024 00.45,3396
09/07/2024 01.00,3624
09/07/2024 01.15,3198
09/07/2024 01.30,3162
09/07/2024 01.45,3258
09/07/2024 02.00,3516
09/07/2024 02.15,3594
09/07/2024 02.30,3642
09/07/2024 02.45,3540
09/07/2024 03.00,4206
09/07/2024 03.15,4266
09/07/2024 03.30,4326
09/07/2024 03.45,4554
09/07/2024 04.00,4668
09/07/2024 04.15,4692
09/07/2024 04.30,4584
09/07/2024 04.45,4266
09/07/2024 05.00,4524
09/07/2024 05.15,4602
09/07/2024 05.30,4632
09/07/2024 05.45,4644
09/07/2024 06.00,4530
09/07/2024 06.15,3840
09/07/2024 06.30,4080
09/07/2024 06.45,4200
09/07/2024 07.00,4272
09/07/2024 07.15,4068
09/07/2024 07.30,3576
09/07/2024 07.45,3306
09/07/2024 08.00,2814
09/07/2024 08.15,3180
09/07/2024 08.30,3114
09/07/2024 08.45,3216
09/07/2024 09.00,3102
09/07/2024 09.15,3132
09/07/2024 09.30,2874
09/07/2024 09.45,2910
09/07/2024 10.00,2700
09/07/2024 10.15,2988
09/07/2024 10.30,2634
09/07/2024 10.45,1884
09/07/2024 11.00,1584
09/07/2024 11.15,2064
09/07/2024 11.30,2604
09/07/2024 11.45,2166
09/07/2024 12.00,2304
09/07/2024 12.15,2100
09/07/2024 12.30,2232
09/07/2024 12.45,3960
09/07/2024 13.00,4074
09/07/2024 13.15,3786
09/07/2024 13.30,3858
09/07/2024 13.45,4542
09/07/2024 14.00,4434
09/07/2024 14.15,4512
09/07/2024 14.30,3552
09/07/2024 14.45,3036
09/07/2024 15.00,2310
09/07/2024 15.15,1794
09/07/2024 15.30,2166
09/07/2024 15.45,2790
09/07/2024 16.00,3132
09/07/2024 16.15,3768
09/07/2024 16.30,4098
09/07/2024 16.45,4140
09/07/2024 17.00,3906
09/07/2024 17.15,4026
09/07/2024 17.30,4218
09/07/2024 17.45,4392
09/07/2024 18.00,4368
09/07/2024 18.15,4440
09/07/2024 18.30,4326
09/07/2024 18.45,4140
09/07/2024 19.00,4332
09/07/2024 19.15,4470
09/07/2024 19.30,4668
09/07/2024 19.45,3846
09/07/2024 20.00,3840
09/07/2024 20.15,4704
09/07/2024 20.30,4698
09/07/2024 20.45,4890
09/07/2024 21.00,4746
09/07/2024 21.15,4860
09/07/2024 21.30,4440
09/07/2024 21.45,4524
09/07/2024 22.00,4896
09/07/2024 22.15,4464
09/07/2024 22.30,4392
09/07/2024 22.45,4914
09/07/2024 23.00,4800
09/07/2024 23.15,4818
09/07/2024 23.30,3780
09/07/2024 23.45,3672
10/07/2024 00.00,3954
10/07/2024 00.15,4080
10/07/2024 00.30,4350
10/07/2024 00.45,4140
10/07/2024 01.00,4116
10/07/2024 01.15,4254
10/07/2024 01.30,4158
10/07/2024 01.45,3948
10/07/2024 02.00,3750
10/07/2024 02.15,3966
10/07/2024 02.30,3804
10/07/2024 02.45,3402
10/07/2024 03.00,4368
10/07/2024 03.15,4650
10/07/2024 03.30,4536
10/07/2024 03.45,4644
10/07/2024 04.00,4278
10/07/2024 04.15,4092
10/07/2024 04.30,4536
10/07/2024 04.45,4638
10/07/2024 05.00,4434
10/07/2024 05.15,4326
10/07/2024 05.30,4242
10/07/2024 05.45,4290
10/07/2024 06.00,4278
10/07/2024 06.15,3900
10/07/2024 06.30,3534
10/07/2024 06.45,3360
10/07/2024 07.00,3048
10/07/2024 07.15,3048
10/07/2024 07.30,2730
10/07/2024 07.45,2538
10/07/2024 08.00,2520
10/07/2024 08.15,2148
10/07/2024 08.30,1968
10/07/2024 08.45,1806
10/07/2024 09.00,1812
10/07/2024 09.15,1680
10/07/2024 09.30,1248
10/07/2024 09.45,1212
10/07/2024 10.00,954
10/07/2024 10.15,1098
10/07/2024 10.30,1080
10/07/2024 10.45,1218
10/07/2024 11.00,1410
10/07/2024 11.15,1476
10/07/2024 11.30,1530
10/07/2024 11.45,1416
10/07/2024 12.00,1344
10/07/2024 12.15,1548
10/07/2024 12.30,1956
10/07/2024 12.45,1686
10/07/2024 13.00,1656
10/07/2024 13.15,1758
10/07/2024 13.30,1572
10/07/2024 13.45,1272
10/07/2024 14.00,1566
10/07/2024 14.15,2208
10/07/2024 14.30,2748
10/07/2024 14.45,2898
10/07/2024 15.00,2238
10/07/2024 15.15,2244
10/07/2024 15.30,2796
10/07/2024 15.45,2826
10/07/2024 16.00,2922
10/07/2024 16.15,2958
10/07/2024 16.30,2664
10/07/2024 16.45,2880
10/07/2024 17.00,2730
10/07/2024 17.15,2508
10/07/2024 17.30,2994
10/07/2024 17.45,3072
10/07/2024 18.00,3120
10/07/2024 18.15,2940
10/07/2024 18.30,2832
10/07/2024 18.45,2892
10/07/2024 19.00,2892
10/07/2024 19.15,2988
10/07/2024 19.30,2820
10/07/2024 19.45,2688
10/07/2024 20.00,2256
10/07/2024 20.15,2370
10/07/2024 20.30,2778
10/07/2024 20.45,3012
10/07/2024 21.00,3108
10/07/2024 21.15,3030
10/07/2024 21.30,2892
10/07/2024 21.45,2382
10/07/2024 22.00,2256
10/07/2024 22.15,2298
10/07/2024 22.30,2886
10/07/2024 22.45,2856
10/07/2024 23.00,3024
10/07/2024 23.15,3048
10/07/2024 23.30,2928
10/07/2024 23.45,2862
11/07/2024 00.00,3114
11/07/2024 00.15,2508
11/07/2024 00.30,2466
11/07/2024 00.45,2340
11/07/2024 01.00,2484
11/07/2024 01.15,3042
11/07/2024 01.30,2970
11/07/2024 01.45,3024
11/07/2024 02.00,2976
11/07/2024 02.15,2994
11/07/2024 02.30,2808
11/07/2024 02.45,2934
11/07/2024 03.00,2880
11/07/2024 03.15,2808
11/07/2024 03.30,2274
11/07/2024 03.45,2388
11/07/2024 04.00,2154
11/07/2024 04.15,2460
11/07/2024 04.30,2898
11/07/2024 04.45,2868
11/07/2024 05.00,2772
11/07/2024 05.15,1986
11/07/2024 05.30,1404
11/07/2024 05.45,1374
11/07/2024 06.00,1326
11/07/2024 06.15,1320
11/07/2024 06.30,1236
11/07/2024 06.45,1170
11/07/2024 07.00,1152
11/07/2024 07.15,1194
11/07/2024 07.30,876
11/07/2024 07.45,540
11/07/2024 08.00,822
11/07/2024 08.15,1206
11/07/2024 08.30,1374
11/07/2024 08.45,1344
11/07/2024 09.00,1248
11/07/2024 09.15,1314
11/07/2024 09.30,1278
11/07/2024 09.45,1104
11/07/2024 10.00,936
11/07/2024 10.15,1044
11/07/2024 10.30,924
11/07/2024 10.45,354
11/07/2024 11.00,360
11/07/2024 11.15,492
11/07/2024 11.30,222
11/07/2024 11.45,252
11/07/2024 12.00,678
11/07/2024 12.15,444
11/07/2024 12.30,366
11/07/2024 12.45,282
11/07/2024 13.00,84
11/07/2024 13.15,726
11/07/2024 13.30,708
11/07/2024 13.45,420
11/07/2024 14.00,234
11/07/2024 14.15,348
11/07/2024 14.30,804
11/07/2024 14.45,1224
11/07/2024 15.00,1050
11/07/2024 15.15,1170
11/07/2024 15.30,1080
11/07/2024 15.45,1308
11/07/2024 16.00,1278
11/07/2024 16.15,1158
11/07/2024 16.30,1290
11/07/2024 16.45,1422
11/07/2024 17.00,1668
11/07/2024 17.15,1848
11/07/2024 17.30,1920
11/07/2024 17.45,1968
11/07/2024 18.00,1926
11/07/2024 18.15,2124
11/07/2024 18.30,1836
11/07/2024 18.45,1932
11/07/2024 19.00,2130
11/07/2024 19.15,1926
11/07/2024 19.30,1824
11/07/2024 19.45,1638
11/07/2024 20.00,1668
11/07/2024 20.15,1518
11/07/2024 20.30,1410
11/07/2024 20.45,1494
11/07/2024 21.00,1770
11/07/2024 21.15,1776
11/07/2024 21.30,1758
11/07/2024 21.45,1680
11/07/2024 22.00,1710
11/07/2024 22.15,1890
11/07/2024 22.30,1968
11/07/2024 22.45,1902
11/07/2024 23.00,1938
11/07/2024 23.15,1884
11/07/2024 23.30,1890
11/07/2024 23.45,1956
12/07/2024 00.00,1926
12/07/2024 00.15,1878
12/07/2024 00.30,1908
12/07/2024 00.45,1872
12/07/2024 01.00,1764
12/07/2024 01.15,1506
12/07/2024 01.30,1632
12/07/2024 01.45,1512
12/07/2024 02.00,1404
12/07/2024 02.15,1536
12/07/2024 02.30,1512
12/07/2024 02.45,1434
12/07/2024 03.00,1512
12/07/2024 03.15,1518
12/07/2024 03.30,1470
12/07/2024 03.45,1578
12/07/2024 04.00,1686
12/07/2024 04.15,1824
12/07/2024 04.30,1848
12/07/2024 04.45,1932
12/07/2024 05.00,1920
12/07/2024 05.15,1956
12/07/2024 05.30,1926
12/07/2024 05.45,1644
12/07/2024 06.00,1656
12/07/2024 06.15,1644
12/07/2024 06.30,1596
12/07/2024 06.45,1524
12/07/2024 07.00,1428
12/07/2024 07.15,1350
12/07/2024 07.30,1260
12/07/2024 07.45,1242
12/07/2024 08.00,1326
12/07/2024 08.15,1362
12/07/2024 08.30,1440
12/07/2024 08.45,1512
12/07/2024 09.00,1344
12/07/2024 09.15,1320
12/07/2024 09.30,1326
12/07/2024 09.45,1368
12/07/2024 10.00,1344
12/07/2024 10.15,1284
12/07/2024 10.30,1308
12/07/2024 10.45,1224
12/07/2024 11.00,1212
12/07/2024 11.15,1224
12/07/2024 11.30,1230
12/07/2024 11.45,1116
12/07/2024 12.00,1164
12/07/2024 12.15,1032
12/07/2024 12.30,1020
12/07/2024 12.45,882
12/07/2024 13.00,798
12/07/2024 13.15,846
12/07/2024 13.30,966
12/07/2024 13.45,936
12/07/2024 14.00,768
12/07/2024 14.15,1302
12/07/2024 14.30,1296
12/07/2024 14.45,1380
12/07/2024 15.00,1380
12/07/2024 15.15,1584
12/07/2024 15.30,900
12/07/2024 15.45,1212
12/07/2024 16.00,1338
12/07/2024 16.15,1596
12/07/2024 16.30,1404
12/07/2024 16.45,1230
12/07/2024 17.00,1086
12/07/2024 17.15,1236
12/07/2024 17.30,1212
12/07/2024 17.45,1320
12/07/2024 18.00,1770
12/07/2024 18.15,2322
12/07/2024 18.30,2460
12/07/2024 18.45,3072
12/07/2024 19.00,2820
12/07/2024 19.15,2598
12/07/2024 19.30,3006
12/07/2024 19.45,2868
12/07/2024 20.00,3132
12/07/2024 20.15,3468
12/07/2024 20.30,4176
12/07/2024 20.45,3924
12/07/2024 21.00,4338
12/07/2024 21.15,4428
12/07/2024 21.30,4560
12/07/2024 21.45,4518
12/07/2024 22.00,4578
12/07/2024 22.15,4698
12/07/2024 22.30,4554
12/07/2024 22.45,4614
12/07/2024 23.00,4740
12/07/2024 23.15,4698
12/07/2024 23.30,4794
12/07/2024 23.45,4686
13/07/2024 00.00,4680
13/07/2024 00.15,4680
13/07/2024 00.30,4536
13/07/2024 00.45,4512
13/07/2024 01.00,3912
13/07/2024 01.15,3864
13/07/2024 01.30,4248
13/07/2024 01.45,4302
13/07/2024 02.00,4254
13/07/2024 02.15,3714
13/07/2024 02.30,3066
13/07/2024 02.45,3252
13/07/2024 03.00,3426
13/07/2024 03.15,3474
13/07/2024 03.30,4188
13/07/2024 03.45,4602
13/07/2024 04.00,4488
13/07/2024 04.15,4176
13/07/2024 04.30,4134
13/07/2024 04.45,4200
13/07/2024 05.00,4188
13/07/2024 05.15,3588
13/07/2024 05.30,3228
13/07/2024 05.45,3972
13/07/2024 06.00,4152
13/07/2024 06.15,4074
13/07/2024 06.30,4200
13/07/2024 06.45,4008
13/07/2024 07.00,3870
13/07/2024 07.15,3552
13/07/2024 07.30,3384
13/07/2024 07.45,3288
13/07/2024 08.00,2076
13/07/2024 08.15,1422
13/07/2024 08.30,1578
13/07/2024 08.45,2304
13/07/2024 09.00,2676
13/07/2024 09.15,2316
13/07/2024 09.30,2274
13/07/2024 09.45,2064
13/07/2024 10.00,1746
13/07/2024 10.15,1740
13/07/2024 10.30,1908
13/07/2024 10.45,1662
13/07/2024 11.00,1536
13/07/2024 11.15,2814
13/07/2024 11.30,2688
13/07/2024 11.45,2988
13/07/2024 12.00,2682
13/07/2024 12.15,2640
13/07/2024 12.30,2460
13/07/2024 12.45,2184
13/07/2024 13.00,2766
13/07/2024 13.15,2820
13/07/2024 13.30,2988
13/07/2024 13.45,2670
13/07/2024 14.00,2610
13/07/2024 14.15,1896
13/07/2024 14.30,2196
13/07/2024 14.45,2688
13/07/2024 15.00,3534
13/07/2024 15.15,3552
13/07/2024 15.30,3072
13/07/2024 15.45,3048
13/07/2024 16.00,3798
13/07/2024 16.15,3966
13/07/2024 16.30,3672
13/07/2024 16.45,3672
13/07/2024 17.00,4242
13/07/2024 17.15,4194
13/07/2024 17.30,4398
13/07/2024 17.45,4314
13/07/2024 18.00,4218
13/07/2024 18.15,4224
13/07/2024 18.30,4596
13/07/2024 18.45,4782
13/07/2024 19.00,4932
13/07/2024 19.15,4932
13/07/2024 19.30,4692
13/07/2024 19.45,4524
13/07/2024 20.00,4338
13/07/2024 20.15,4518
13/07/2024 20.30,5142
13/07/2024 20.45,5124
13/07/2024 21.00,4800
13/07/2024 21.15,4170
13/07/2024 21.30,4074
13/07/2024 21.45,4332
13/07/2024 22.00,4716
13/07/2024 22.15,4860
13/07/2024 22.30,5118
13/07/2024 22.45,4092
13/07/2024 23.00,3618
13/07/2024 23.15,4254
13/07/2024 23.30,4608
13/07/2024 23.45,4776
14/07/2024 00.00,4878
14/07/2024 00.15,4872
14/07/2024 00.30,4998
14/07/2024 00.45,4776
14/07/2024 01.00,4752
14/07/2024 01.15,4320
14/07/2024 01.30,4272
14/07/2024 01.45,4308
14/07/2024 02.00,4500
14/07/2024 02.15,4656
14/07/2024 02.30,4374
14/07/2024 02.45,4656
14/07/2024 03.00,4722
14/07/2024 03.15,4692
14/07/2024 03.30,4482
14/07/2024 03.45,3396
14/07/2024 04.00,3990
14/07/2024 04.15,4494
14/07/2024 04.30,4704
14/07/2024 04.45,4716
14/07/2024 05.00,4332
14/07/2024 05.15,4818
14/07/2024 05.30,4902
14/07/2024 05.45,4686
14/07/2024 06.00,4554
14/07/2024 06.15,4872
14/07/2024 06.30,4578
14/07/2024 06.45,4440
14/07/2024 07.00,4140
14/07/2024 07.15,3984
14/07/2024 07.30,3834
14/07/2024 07.45,3804
14/07/2024 08.00,3486
14/07/2024 08.15,3966
14/07/2024 08.30,3750
14/07/2024 08.45,3792
14/07/2024 09.00,3366
14/07/2024 09.15,3258
14/07/2024 09.30,3240
14/07/2024 09.45,3390
14/07/2024 10.00,3372
14/07/2024 10.15,3270
14/07/2024 10.30,2784
14/07/2024 10.45,2466
14/07/2024 11.00,2280
14/07/2024 11.15,2766
14/07/2024 11.30,1686
14/07/2024 11.45,1524
14/07/2024 12.00,1722
14/07/2024 12.15,1824
14/07/2024 12.30,1674
14/07/2024 12.45,2094
14/07/2024 13.00,3282
14/07/2024 13.15,2640
14/07/2024 13.30,1902
14/07/2024 13.45,1728
14/07/2024 14.00,2502
14/07/2024 14.15,3132
14/07/2024 14.30,2928
14/07/2024 14.45,2580
14/07/2024 15.00,3000
14/07/2024 15.15,3342
14/07/2024 15.30,3066
14/07/2024 15.45,3312
14/07/2024 16.00,2628
14/07/2024 16.15,2604
14/07/2024 16.30,3270
14/07/2024 16.45,3972
14/07/2024 17.00,4044
14/07/2024 17.15,4380
14/07/2024 17.30,4584
14/07/2024 17.45,4464
14/07/2024 18.00,4662
14/07/2024 18.15,4212
14/07/2024 18.30,3912
14/07/2024 18.45,4332
14/07/2024 19.00,4686
14/07/2024 19.15,4224
14/07/2024 19.30,4134
14/07/2024 19.45,3552
14/07/2024 20.00,3324
14/07/2024 20.15,4020
14/07/2024 20.30,3912
14/07/2024 20.45,4746
14/07/2024 21.00,4908
14/07/2024 21.15,4812
14/07/2024 21.30,4884
14/07/2024 21.45,4500
14/07/2024 22.00,4488
14/07/2024 22.15,4386
14/07/2024 22.30,4284
14/07/2024 22.45,4296
14/07/2024 23.00,4680
14/07/2024 23.15,4686
14/07/2024 23.30,3990
14/07/2024 23.45,3798
15/07/2024 00.00,4656
15/07/2024 00.15,5016
15/07/2024 00.30,4902
15/07/2024 00.45,4854
15/07/2024 01.00,4980
15/07/2024 01.15,5058
15/07/2024 01.30,4986
15/07/2024 01.45,4812
15/07/2024 02.00,4974
15/07/2024 02.15,4620
15/07/2024 02.30,4740
15/07/2024 02.45,4302
15/07/2024 03.00,3642
15/07/2024 03.15,3282
15/07/2024 03.30,3528
15/07/2024 03.45,3864
15/07/2024 04.00,3756
15/07/2024 04.15,4116
15/07/2024 04.30,4992
15/07/2024 04.45,5052
15/07/2024 05.00,4980
15/07/2024 05.15,4992
15/07/2024 05.30,4860
15/07/2024 05.45,4824
15/07/2024 06.00,4392
15/07/2024 06.15,4446
15/07/2024 06.30,4728
15/07/2024 06.45,4644
15/07/2024 07.00,4620
15/07/2024 07.15,4500
15/07/2024 07.30,4398
15/07/2024 07.45,3780
15/07/2024 08.00,3444
15/07/2024 08.15,3618
15/07/2024 08.30,3906
15/07/2024 08.45,3978
15/07/2024 09.00,3822
15/07/2024 09.15,3894
15/07/2024 09.30,3888
15/07/2024 09.45,3960
15/07/2024 10.00,4278
15/07/2024 10.15,4248
15/07/2024 10.30,4380
15/07/2024 10.45,4230
15/07/2024 11.00,4146
15/07/2024 11.15,3498
15/07/2024 11.30,3570
15/07/2024 11.45,3396
15/07/2024 12.00,3546
15/07/2024 12.15,3378
15/07/2024 12.30,3660
15/07/2024 12.45,3708
15/07/2024 13.00,3438
15/07/2024 13.15,3804
15/07/2024 13.30,3564
15/07/2024 13.45,3846
15/07/2024 14.00,3468
15/07/2024 14.15,3450
15/07/2024 14.30,3618
15/07/2024 14.45,3420
15/07/2024 15.00,3408
15/07/2024 15.15,3708
15/07/2024 15.30,4116
15/07/2024 15.45,4320
15/07/2024 16.00,4338
15/07/2024 16.15,4278
15/07/2024 16.30,4356
15/07/2024 16.45,3600
15/07/2024 17.00,3732
15/07/2024 17.15,3618
15/07/2024 17.30,4176
15/07/2024 17.45,4488
15/07/2024 18.00,4374
15/07/2024 18.15,4650
15/07/2024 18.30,4776
15/07/2024 18.45,4620
15/07/2024 19.00,4506
15/07/2024 19.15,4350
15/07/2024 19.30,3936
15/07/2024 19.45,3420
15/07/2024 20.00,3246
15/07/2024 20.15,4134
15/07/2024 20.30,4572
15/07/2024 20.45,4584
15/07/2024 21.00,4602
15/07/2024 21.15,4476
15/07/2024 21.30,4788
15/07/2024 21.45,4188
15/07/2024 22.00,3696
15/07/2024 22.15,3750
15/07/2024 22.30,3984
15/07/2024 22.45,4284
15/07/2024 23.00,4230
15/07/2024 23.15,4536
15/07/2024 23.30,4626
15/07/2024 23.45,4428
16/07/2024 00.00,3990
16/07/2024 00.15,3786
16/07/2024 00.30,3546
16/07/2024 00.45,3432
16/07/2024 01.00,3564
16/07/2024 01.15,3708
16/07/2024 01.30,4092
16/07/2024 01.45,4008
16/07/2024 02.00,4302
16/07/2024 02.15,4530
16/07/2024 02.30,3846
16/07/2024 02.45,4368
16/07/2024 03.00,4392
16/07/2024 03.15,4584
16/07/2024 03.30,4794
16/07/2024 03.45,4512
16/07/2024 04.00,4170
16/07/2024 04.15,3990
16/07/2024 04.30,3942
16/07/2024 04.45,4422
16/07/2024 05.00,4572
16/07/2024 05.15,4662
16/07/2024 05.30,4668
16/07/2024 05.45,4524
16/07/2024 06.00,4104
16/07/2024 06.15,3960
16/07/2024 06.30,3942
16/07/2024 06.45,4068
16/07/2024 07.00,3966
16/07/2024 07.15,4002
16/07/2024 07.30,3852
16/07/2024 07.45,3444
16/07/2024 08.00,2994
16/07/2024 08.15,2754
16/07/2024 08.30,2526
16/07/2024 08.45,2622
16/07/2024 09.00,2832
16/07/2024 09.15,2808
16/07/2024 09.30,3036
16/07/2024 09.45,2736
16/07/2024 10.00,2688
16/07/2024 10.15,2658
16/07/2024 10.30,2766
16/07/2024 10.45,2868
16/07/2024 11.00,3204
16/07/2024 11.15,2934
16/07/2024 11.30,3378
16/07/2024 11.45,3906
16/07/2024 12.00,3462
16/07/2024 12.15,3378
16/07/2024 12.30,3108
16/07/2024 12.45,3246
16/07/2024 13.00,3702
16/07/2024 13.15,2616
16/07/2024 13.30,2928
16/07/2024 13.45,3054
16/07/2024 14.00,3684
16/07/2024 14.15,3144
16/07/2024 14.30,3426
16/07/2024 14.45,3336
16/07/2024 15.00,3990
16/07/2024 15.15,3816
16/07/2024 15.30,4068
16/07/2024 15.45,3486
16/07/2024 16.00,3078
16/07/2024 16.15,3036
16/07/2024 16.30,3972
16/07/2024 16.45,4062
16/07/2024 17.00,4236
16/07/2024 17.15,3924
16/07/2024 17.30,3612
16/07/2024 17.45,3570
16/07/2024 18.00,3726
16/07/2024 18.15,4086
16/07/2024 18.30,4422
16/07/2024 18.45,4620
16/07/2024 19.00,4284
16/07/2024 19.15,4644
16/07/2024 19.30,4134
16/07/2024 19.45,3396
16/07/2024 20.00,3810
16/07/2024 20.15,3942
16/07/2024 20.30,3900
16/07/2024 20.45,4524
16/07/2024 21.00,4740
16/07/2024 21.15,4668
16/07/2024 21.30,4128
16/07/2024 21.45,4260
16/07/2024 22.00,4110
16/07/2024 22.15,4098
16/07/2024 22.30,4044
16/07/2024 22.45,4638
16/07/2024 23.00,4656
16/07/2024 23.15,4752
16/07/2024 23.30,4140
16/07/2024 23.45,3690
17/07/2024 00.00,3894
17/07/2024 00.15,4536
17/07/2024 00.30,4476
17/07/2024 00.45,4536
17/07/2024 01.00,4080
17/07/2024 01.15,3924
17/07/2024 01.30,4260
17/07/2024 01.45,4116
17/07/2024 02.00,4272
17/07/2024 02.15,4548
17/07/2024 02.30,4554
17/07/2024 02.45,4464
17/07/2024 03.00,4236
17/07/2024 03.15,4332
17/07/2024 03.30,4512
17/07/2024 03.45,4200
17/07/2024 04.00,4116
17/07/2024 04.15,3924
17/07/2024 04.30,4254
17/07/2024 04.45,4446
17/07/2024 05.00,4560
17/07/2024 05.15,4500
17/07/2024 05.30,4488
17/07/2024 05.45,3708
17/07/2024 06.00,3822
17/07/2024 06.15,3816
17/07/2024 06.30,4056
17/07/2024 06.45,4086
17/07/2024 07.00,3834
17/07/2024 07.15,4266
17/07/2024 07.30,4080
17/07/2024 07.45,3558
17/07/2024 08.00,3042
17/07/2024 08.15,3594
17/07/2024 08.30,3852
17/07/2024 08.45,3858
17/07/2024 09.00,3144
17/07/2024 09.15,3114
17/07/2024 09.30,3360
17/07/2024 09.45,3042
17/07/2024 10.00,3516
17/07/2024 10.15,2946
17/07/2024 10.30,2574
17/07/2024 10.45,1860
17/07/2024 11.00,2370
17/07/2024 11.15,2196
17/07/2024 11.30,2214
17/07/2024 11.45,2526
17/07/2024 12.00,2328
17/07/2024 12.15,2076
17/07/2024 12.30,1596
17/07/2024 12.45,1650
17/07/2024 13.00,2100
17/07/2024 13.15,2580
17/07/2024 13.30,2226
17/07/2024 13.45,2328
17/07/2024 14.00,2580
17/07/2024 14.15,2928
17/07/2024 14.30,2580
17/07/2024 14.45,3426
17/07/2024 15.00,3798
17/07/2024 15.15,3522
17/07/2024 15.30,3354
17/07/2024 15.45,3852
17/07/2024 16.00,3516
17/07/2024 16.15,3588
17/07/2024 16.30,3774
17/07/2024 16.45,4020
17/07/2024 17.00,3600
17/07/2024 17.15,3696
17/07/2024 17.30,3564
17/07/2024 17.45,4014
17/07/2024 18.00,4416
17/07/2024 18.15,4242
17/07/2024 18.30,4194
17/07/2024 18.45,4308
17/07/2024 19.00,4590
17/07/2024 19.15,4482
17/07/2024 19.30,4380
17/07/2024 19.45,3870
17/07/2024 20.00,3840
17/07/2024 20.15,4392
17/07/2024 20.30,4680
17/07/2024 20.45,4470
17/07/2024 21.00,4584
17/07/2024 21.15,3954
17/07/2024 21.30,3972
17/07/2024 21.45,4644
17/07/2024 22.00,4422
17/07/2024 22.15,4140
17/07/2024 22.30,4080
17/07/2024 22.45,3864
17/07/2024 23.00,4224
17/07/2024 23.15,4848
17/07/2024 23.30,4656
17/07/2024 23.45,4512
18/07/2024 00.00,4380
18/07/2024 00.15,4374
18/07/2024 00.30,4116
18/07/2024 00.45,4434
18/07/2024 01.00,3768
18/07/2024 01.15,3366
18/07/2024 01.30,2538
18/07/2024 01.45,3024
18/07/2024 02.00,2802
18/07/2024 02.15,2868
18/07/2024 02.30,2934
18/07/2024 02.45,2838
18/07/2024 03.00,2988
18/07/2024 03.15,2460
18/07/2024 03.30,2568
18/07/2024 03.45,2622
18/07/2024 04.00,2628
18/07/2024 04.15,2610
18/07/2024 04.30,2724
18/07/2024 04.45,3048
18/07/2024 05.00,2928
18/07/2024 05.15,3000
18/07/2024 05.30,3000
18/07/2024 05.45,2916
18/07/2024 06.00,2892
18/07/2024 06.15,2988
18/07/2024 06.30,3090
18/07/2024 06.45,2940
18/07/2024 07.00,2952
18/07/2024 07.15,2154
18/07/2024 07.30,1974
18/07/2024 07.45,1548
18/07/2024 08.00,1098
18/07/2024 08.15,1272
18/07/2024 08.30,1638
18/07/2024 08.45,1758
18/07/2024 09.00,1848
18/07/2024 09.15,1710
18/07/2024 09.30,1368
18/07/2024 09.45,1182
18/07/2024 10.00,1032
18/07/2024 10.15,1224
18/07/2024 10.30,1506
18/07/2024 10.45,1482
18/07/2024 11.00,1230
18/07/2024 11.15,1044
18/07/2024 11.30,882
18/07/2024 11.45,1278
18/07/2024 12.00,930
18/07/2024 12.15,606
18/07/2024 12.30,1158
18/07/2024 12.45,1596
18/07/2024 13.00,960
18/07/2024 13.15,1170
18/07/2024 13.30,1188
18/07/2024 13.45,726
18/07/2024 14.00,1218
18/07/2024 14.15,1158
18/07/2024 14.30,1290
18/07/2024 14.45,1314
18/07/2024 15.00,1476
18/07/2024 15.15,1512
18/07/2024 15.30,1398
18/07/2024 15.45,1590
18/07/2024 16.00,1812
18/07/2024 16.15,1596
18/07/2024 16.30,1776
18/07/2024 16.45,1584
18/07/2024 17.00,1974
18/07/2024 17.15,1716
18/07/2024 17.30,1680
18/07/2024 17.45,1944
18/07/2024 18.00,1956
18/07/2024 18.15,2016
18/07/2024 18.30,2016
18/07/2024 18.45,1980
18/07/2024 19.00,1932
18/07/2024 19.15,2088
18/07/2024 19.30,1944
18/07/2024 19.45,1374
18/07/2024 20.00,1260
18/07/2024 20.15,1878
18/07/2024 20.30,2142
18/07/2024 20.45,2058
18/07/2024 21.00,2160
18/07/2024 21.15,2052
18/07/2024 21.30,2094
18/07/2024 21.45,1884
18/07/2024 22.00,1524
18/07/2024 22.15,1224
18/07/2024 22.30,1182
18/07/2024 22.45,1152
18/07/2024 23.00,1188
18/07/2024 23.15,1182
18/07/2024 23.30,1164
18/07/2024 23.45,1158
19/07/2024 00.00,1158
19/07/2024 00.15,1140
19/07/2024 00.30,1140
19/07/2024 00.45,1146
19/07/2024 01.00,1146
19/07/2024 01.15,1194
19/07/2024 01.30,1122
19/07/2024 01.45,1080
19/07/2024 02.00,1092
19/07/2024 02.15,1068
19/07/2024 02.30,1068
19/07/2024 02.45,1110
19/07/2024 03.00,1080
19/07/2024 03.15,1104
19/07/2024 03.30,1080
19/07/2024 03.45,1032
19/07/2024 04.00,1038
19/07/2024 04.15,1026
19/07/2024 04.30,1002
19/07/2024 04.45,960
19/07/2024 05.00,972
19/07/2024 05.15,984
19/07/2024 05.30,960
19/07/2024 05.45,960
19/07/2024 06.00,954
19/07/2024 06.15,876
19/07/2024 06.30,870
19/07/2024 06.45,780
19/07/2024 07.00,564
19/07/2024 07.15,612
19/07/2024 07.30,558
19/07/2024 07.45,126
19/07/2024 08.00,24
19/07/2024 08.15,0
19/07/2024 08.30,12
19/07/2024 08.45,84
19/07/2024 09.00,72
19/07/2024 09.15,54
19/07/2024 09.30,30
19/07/2024 09.45,12
19/07/2024 10.00,30
19/07/2024 10.15,12
19/07/2024 10.30,12
19/07/2024 10.45,18
19/07/2024 11.00,24
19/07/2024 11.15,30
19/07/2024 11.30,78
19/07/2024 11.45,132
19/07/2024 12.00,42
19/07/2024 12.15,0
19/07/2024 12.30,0
19/07/2024 12.45,0
19/07/2024 13.00,18
19/07/2024 13.15,6
19/07/2024 13.30,24
19/07/2024 13.45,24
19/07/2024 14.00,60
19/07/2024 14.15,72
19/07/2024 14.30,96
19/07/2024 14.45,132
19/07/2024 15.00,90
19/07/2024 15.15,144
19/07/2024 15.30,132
19/07/2024 15.45,96
19/07/2024 16.00,96
19/07/2024 16.15,108
19/07/2024 16.30,66
19/07/2024 16.45,48
19/07/2024 17.00,132
19/07/2024 17.15,84
19/07/2024 17.30,66
19/07/2024 17.45,84
19/07/2024 18.00,96
19/07/2024 18.15,144
19/07/2024 18.30,150
19/07/2024 18.45,150
19/07/2024 19.00,150
19/07/2024 19.15,150
19/07/2024 19.30,150
19/07/2024 19.45,150
19/07/2024 20.00,180
19/07/2024 20.15,282
19/07/2024 20.30,174
19/07/2024 20.45,174
19/07/2024 21.00,180
19/07/2024 21.15,162
19/07/2024 21.30,144
19/07/2024 21.45,198
19/07/2024 22.00,192
19/07/2024 22.15,198
19/07/2024 22.30,222
19/07/2024 22.45,204
19/07/2024 23.00,174
19/07/2024 23.15,192
19/07/2024 23.30,174
19/07/2024 23.45,186
20/07/2024 00.00,186
20/07/2024 00.15,174
20/07/2024 00.30,168
20/07/2024 00.45,198
20/07/2024 01.00,192
20/07/2024 01.15,198
20/07/2024 01.30,216
20/07/2024 01.45,204
20/07/2024 02.00,204
20/07/2024 02.15,174
20/07/2024 02.30,186
20/07/2024 02.45,186
20/07/2024 03.00,186
20/07/2024 03.15,222
20/07/2024 03.30,204
20/07/2024 03.45,216
20/07/2024 04.00,204
20/07/2024 04.15,216
20/07/2024 04.30,168
20/07/2024 04.45,180
20/07/2024 05.00,156
20/07/2024 05.15,168
20/07/2024 05.30,156
20/07/2024 05.45,138
20/07/2024 06.00,174
20/07/2024 06.15,138
20/07/2024 06.30,102
20/07/2024 06.45,90
20/07/2024 07.00,66
20/07/2024 07.15,24
20/07/2024 07.30,0
20/07/2024 07.45,0
20/07/2024 08.00,12
20/07/2024 08.15,72
20/07/2024 08.30,132
20/07/2024 08.45,306
20/07/2024 09.00,288
20/07/2024 09.15,174
20/07/2024 09.30,168
20/07/2024 09.45,84
20/07/2024 10.00,54
20/07/2024 10.15,24
20/07/2024 10.30,42
20/07/2024 10.45,108
20/07/2024 11.00,78
20/07/2024 11.15,222
20/07/2024 11.30,72
20/07/2024 11.45,12
20/07/2024 12.00,0
20/07/2024 12.15,6
20/07/2024 12.30,0
20/07/2024 12.45,0
20/07/2024 13.00,66
20/07/2024 13.15,276
20/07/2024 13.30,300
20/07/2024 13.45,474
20/07/2024 14.00,354
20/07/2024 14.15,336
20/07/2024 14.30,168
20/07/2024 14.45,72
20/07/2024 15.00,252
20/07/2024 15.15,216
20/07/2024 15.30,240
20/07/2024 15.45,396
20/07/2024 16.00,372
20/07/2024 16.15,366
20/07/2024 16.30,318
20/07/2024 16.45,168
20/07/2024 17.00,114
20/07/2024 17.15,90
20/07/2024 17.30,402
20/07/2024 17.45,456
20/07/2024 18.00,456
20/07/2024 18.15,450
20/07/2024 18.30,456
20/07/2024 18.45,474
20/07/2024 19.00,438
20/07/2024 19.15,186
20/07/2024 19.30,138
20/07/2024 19.45,126
20/07/2024 20.00,354
20/07/2024 20.15,522
20/07/2024 20.30,474
20/07/2024 20.45,498
20/07/2024 21.00,486
20/07/2024 21.15,456
20/07/2024 21.30,450
20/07/2024 21.45,462
20/07/2024 22.00,474
20/07/2024 22.15,504
20/07/2024 22.30,528
20/07/2024 22.45,420
20/07/2024 23.00,324
20/07/2024 23.15,300
20/07/2024 23.30,312
20/07/2024 23.45,312
21/07/2024 00.00,312
21/07/2024 00.15,318
21/07/2024 00.30,342
21/07/2024 00.45,576
21/07/2024 01.00,606
21/07/2024 01.15,582
21/07/2024 01.30,576
21/07/2024 01.45,582
21/07/2024 02.00,540
21/07/2024 02.15,546
21/07/2024 02.30,546
21/07/2024 02.45,558
21/07/2024 03.00,558
21/07/2024 03.15,594
21/07/2024 03.30,384
21/07/2024 03.45,360
21/07/2024 04.00,324
21/07/2024 04.15,324
21/07/2024 04.30,336
21/07/2024 04.45,528
21/07/2024 05.00,552
21/07/2024 05.15,576
21/07/2024 05.30,528
21/07/2024 05.45,528
21/07/2024 06.00,444
21/07/2024 06.15,492
21/07/2024 06.30,468
21/07/2024 06.45,444
21/07/2024 07.00,258
21/07/2024 07.15,132
21/07/2024 07.30,90
21/07/2024 07.45,78
21/07/2024 08.00,156
21/07/2024 08.15,390
21/07/2024 08.30,438
21/07/2024 08.45,456
21/07/2024 09.00,468
21/07/2024 09.15,474
21/07/2024 09.30,396
21/07/2024 09.45,198
21/07/2024 10.00,306
21/07/2024 10.15,276
21/07/2024 10.30,282
21/07/2024 10.45,252
21/07/2024 11.00,264
21/07/2024 11.15,0
21/07/2024 11.30,18
21/07/2024 11.45,30
21/07/2024 12.00,42
21/07/2024 12.15,48
21/07/2024 12.30,24
21/07/2024 12.45,36
21/07/2024 13.00,150
21/07/2024 13.15,264
21/07/2024 13.30,294
21/07/2024 13.45,252
21/07/2024 14.00,180
21/07/2024 14.15,96
21/07/2024 14.30,96
21/07/2024 14.45,138
21/07/2024 15.00,270
21/07/2024 15.15,204
21/07/2024 15.30,216
21/07/2024 15.45,264
21/07/2024 16.00,240
21/07/2024 16.15,192
21/07/2024 16.30,72
21/07/2024 16.45,72
21/07/2024 17.00,42
21/07/2024 17.15,96
21/07/2024 17.30,156
21/07/2024 17.45,420
21/07/2024 18.00,414
21/07/2024 18.15,450
21/07/2024 18.30,372
21/07/2024 18.45,366
21/07/2024 19.00,204
21/07/2024 19.15,132
21/07/2024 19.30,102
21/07/2024 19.45,114
21/07/2024 20.00,318
21/07/2024 20.15,546
21/07/2024 20.30,570
21/07/2024 20.45,414
21/07/2024 21.00,510
21/07/2024 21.15,522
21/07/2024 21.30,522
21/07/2024 21.45,534
21/07/2024 22.00,522
21/07/2024 22.15,576
21/07/2024 22.30,600
21/07/2024 22.45,600
21/07/2024 23.00,564
21/07/2024 23.15,336
21/07/2024 23.30,336
21/07/2024 23.45,324
22/07/2024 00.00,312
22/07/2024 00.15,336
22/07/2024 00.30,324
22/07/2024 00.45,336
22/07/2024 01.00,528
22/07/2024 01.15,624
22/07/2024 01.30,624
22/07/2024 01.45,504
22/07/2024 02.00,576
22/07/2024 02.15,552
22/07/2024 02.30,360
22/07/2024 02.45,504
22/07/2024 03.00,516
22/07/2024 03.15,540
22/07/2024 03.30,468
22/07/2024 03.45,348
22/07/2024 04.00,288
22/07/2024 04.15,288
22/07/2024 04.30,264
22/07/2024 04.45,420
22/07/2024 05.00,522
22/07/2024 05.15,522
22/07/2024 05.30,510
22/07/2024 05.45,558
22/07/2024 06.00,540
22/07/2024 06.15,528
22/07/2024 06.30,420
22/07/2024 06.45,474
22/07/2024 07.00,438
22/07/2024 07.15,186
22/07/2024 07.30,72
22/07/2024 07.45,24
22/07/2024 08.00,36
22/07/2024 08.15,24
22/07/2024 08.30,48
22/07/2024 08.45,30
22/07/2024 09.00,48
22/07/2024 09.15,0
22/07/2024 09.30,18
22/07/2024 09.45,24
22/07/2024 10.00,6
22/07/2024 10.15,18
22/07/2024 10.30,0
22/07/2024 10.45,12
22/07/2024 11.00,12
22/07/2024 11.15,12
22/07/2024 11.30,12
22/07/2024 11.45,12
22/07/2024 12.00,0
22/07/2024 12.15,0
22/07/2024 12.30,0
22/07/2024 12.45,0
22/07/2024 13.00,12
22/07/2024 13.15,36
22/07/2024 13.30,120
22/07/2024 13.45,108
22/07/2024 14.00,72
22/07/2024 14.15,66
22/07/2024 14.30,66
22/07/2024 14.45,66
22/07/2024 15.00,72
22/07/2024 15.15,60
22/07/2024 15.30,18
22/07/2024 15.45,18
22/07/2024 16.00,30
22/07/2024 16.15,6
22/07/2024 16.30,42
22/07/2024 16.45,30
22/07/2024 17.00,24
22/07/2024 17.15,0
22/07/2024 17.30,42
22/07/2024 17.45,66
22/07/2024 18.00,90
22/07/2024 18.15,96
22/07/2024 18.30,96
22/07/2024 18.45,102
22/07/2024 19.00,114
22/07/2024 19.15,114
22/07/2024 19.30,102
22/07/2024 19.45,108
22/07/2024 20.00,132
22/07/2024 20.15,108
22/07/2024 20.30,126
22/07/2024 20.45,138
22/07/2024 21.00,126
22/07/2024 21.15,126
22/07/2024 21.30,138
22/07/2024 21.45,126
22/07/2024 22.00,168
22/07/2024 22.15,210
22/07/2024 22.30,252
22/07/2024 22.45,396
22/07/2024 23.00,600
22/07/2024 23.15,402
22/07/2024 23.30,378
22/07/2024 23.45,378
23/07/2024 00.00,378
23/07/2024 00.15,396
23/07/2024 00.30,366
23/07/2024 00.45,366
23/07/2024 01.00,366
23/07/2024 01.15,378
23/07/2024 01.30,372
23/07/2024 01.45,360
23/07/2024 02.00,360
23/07/2024 02.15,384
23/07/2024 02.30,366
23/07/2024 02.45,378
23/07/2024 03.00,372
23/07/2024 03.15,492
23/07/2024 03.30,636
23/07/2024 03.45,384
23/07/2024 04.00,534
23/07/2024 04.15,648
23/07/2024 04.30,642
23/07/2024 04.45,654
23/07/2024 05.00,648
23/07/2024 05.15,648
23/07/2024 05.30,672
23/07/2024 05.45,636
23/07/2024 06.00,684
23/07/2024 06.15,552
23/07/2024 06.30,312
23/07/2024 06.45,300
23/07/2024 07.00,312
23/07/2024 07.15,192
23/07/2024 07.30,102
23/07/2024 07.45,54
23/07/2024 08.00,12
23/07/2024 08.15,12
23/07/2024 08.30,30
23/07/2024 08.45,12
23/07/2024 09.00,12
23/07/2024 09.15,12
23/07/2024 09.30,12
23/07/2024 09.45,0
23/07/2024 10.00,6
23/07/2024 10.15,6
23/07/2024 10.30,0
23/07/2024 10.45,12
23/07/2024 11.00,12
23/07/2024 11.15,18
23/07/2024 11.30,18
23/07/2024 11.45,18
23/07/2024 12.00,30
23/07/2024 12.15,24
23/07/2024 12.30,0
23/07/2024 12.45,0
23/07/2024 13.00,12
23/07/2024 13.15,18
23/07/2024 13.30,132
23/07/2024 13.45,114
23/07/2024 14.00,102
23/07/2024 14.15,96
23/07/2024 14.30,132
23/07/2024 14.45,138
23/07/2024 15.00,150
23/07/2024 15.15,204
23/07/2024 15.30,192
23/07/2024 15.45,156
23/07/2024 16.00,144
23/07/2024 16.15,156
23/07/2024 16.30,240
23/07/2024 16.45,216
23/07/2024 17.00,198
23/07/2024 17.15,246
23/07/2024 17.30,168
23/07/2024 17.45,216
23/07/2024 18.00,240
23/07/2024 18.15,276
23/07/2024 18.30,246
23/07/2024 18.45,252
23/07/2024 19.00,288
23/07/2024 19.15,288
23/07/2024 19.30,288
23/07/2024 19.45,306
23/07/2024 20.00,306
23/07/2024 20.15,348
23/07/2024 20.30,366
23/07/2024 20.45,378
23/07/2024 21.00,390
23/07/2024 21.15,408
23/07/2024 21.30,432
23/07/2024 21.45,420
23/07/2024 22.00,606
23/07/2024 22.15,876
23/07/2024 22.30,996
23/07/2024 22.45,1476
23/07/2024 23.00,1968
23/07/2024 23.15,2004
23/07/2024 23.30,2184
23/07/2024 23.45,2034
24/07/2024 00.00,2400
24/07/2024 00.15,2448
24/07/2024 00.30,2436
24/07/2024 00.45,2196
24/07/2024 01.00,2124
24/07/2024 01.15,2250
24/07/2024 01.30,2274
24/07/2024 01.45,1980
24/07/2024 02.00,2202
24/07/2024 02.15,2070
24/07/2024 02.30,2010
24/07/2024 02.45,1800
24/07/2024 03.00,2250
24/07/2024 03.15,1998
24/07/2024 03.30,1668
24/07/2024 03.45,2292
24/07/2024 04.00,2460
24/07/2024 04.15,2364
24/07/2024 04.30,2208
24/07/2024 04.45,2094
24/07/2024 05.00,1950
24/07/2024 05.15,1920
24/07/2024 05.30,2016
24/07/2024 05.45,1836
24/07/2024 06.00,2424
24/07/2024 06.15,2472
24/07/2024 06.30,2142
24/07/2024 06.45,2076
24/07/2024 07.00,1728
24/07/2024 07.15,1476
24/07/2024 07.30,624
24/07/2024 07.45,576
24/07/2024 08.00,810
24/07/2024 08.15,1020
24/07/2024 08.30,1416
24/07/2024 08.45,1092
24/07/2024 09.00,1248
24/07/2024 09.15,1200
24/07/2024 09.30,1134
24/07/2024 09.45,846
24/07/2024 10.00,1518
24/07/2024 10.15,1440
24/07/2024 10.30,1434
24/07/2024 10.45,1482
24/07/2024 11.00,1176
24/07/2024 11.15,1266
24/07/2024 11.30,1080
24/07/2024 11.45,828
24/07/2024 12.00,1452
24/07/2024 12.15,1158
24/07/2024 12.30,1128
24/07/2024 12.45,1164
24/07/2024 13.00,1620
24/07/2024 13.15,1716
24/07/2024 13.30,1044
24/07/2024 13.45,1008
24/07/2024 14.00,1236
24/07/2024 14.15,1014
24/07/2024 14.30,978
24/07/2024 14.45,966
24/07/2024 15.00,1200
24/07/2024 15.15,1332
24/07/2024 15.30,1560
24/07/2024 15.45,1416
24/07/2024 16.00,1608
24/07/2024 16.15,1890
24/07/2024 16.30,1800
24/07/2024 16.45,1434
24/07/2024 17.00,1686
24/07/2024 17.15,1698
24/07/2024 17.30,1548
24/07/2024 17.45,1950
24/07/2024 18.00,1956
24/07/2024 18.15,2028
24/07/2024 18.30,2112
24/07/2024 18.45,2196
24/07/2024 19.00,1950
24/07/2024 19.15,1872
24/07/2024 19.30,2046
24/07/2024 19.45,1620
24/07/2024 20.00,1248
24/07/2024 20.15,1794
24/07/2024 20.30,2214
24/07/2024 20.45,2190
24/07/2024 21.00,2184
24/07/2024 21.15,1692
24/07/2024 21.30,1848
24/07/2024 21.45,1968
24/07/2024 22.00,2316
24/07/2024 22.15,2670
24/07/2024 22.30,2706
24/07/2024 22.45,2490
24/07/2024 23.00,1824
24/07/2024 23.15,1866
24/07/2024 23.30,2142
24/07/2024 23.45,2676
25/07/2024 00.00,2652
25/07/2024 00.15,2478
25/07/2024 00.30,2700
25/07/2024 00.45,2412
25/07/2024 01.00,2244
25/07/2024 01.15,2520
25/07/2024 01.30,2442
25/07/2024 01.45,2016
25/07/2024 02.00,1704
25/07/2024 02.15,2328
25/07/2024 02.30,2370
25/07/2024 02.45,2598
25/07/2024 03.00,2448
25/07/2024 03.15,2322
25/07/2024 03.30,2244
25/07/2024 03.45,2358
25/07/2024 04.00,1968
25/07/2024 04.15,2208
25/07/2024 04.30,2088
25/07/2024 04.45,2202
25/07/2024 05.00,2202
25/07/2024 05.15,2280
25/07/2024 05.30,1488
25/07/2024 05.45,1290
25/07/2024 06.00,1494
25/07/2024 06.15,2172
25/07/2024 06.30,1956
25/07/2024 06.45,1980
25/07/2024 07.00,1716
25/07/2024 07.15,1644
25/07/2024 07.30,1020
25/07/2024 07.45,798
25/07/2024 08.00,804
25/07/2024 08.15,1146
25/07/2024 08.30,1230
25/07/2024 08.45,1512
25/07/2024 09.00,1500
25/07/2024 09.15,1356
25/07/2024 09.30,1272
25/07/2024 09.45,1038
25/07/2024 10.00,816
25/07/2024 10.15,864
25/07/2024 10.30,1038
25/07/2024 10.45,972
25/07/2024 11.00,1152
25/07/2024 11.15,1098
25/07/2024 11.30,996
25/07/2024 11.45,852
25/07/2024 12.00,618
25/07/2024 12.15,546
25/07/2024 12.30,654
25/07/2024 12.45,954
25/07/2024 13.00,1176
25/07/2024 13.15,1128
25/07/2024 13.30,852
25/07/2024 13.45,978
25/07/2024 14.00,1392
25/07/2024 14.15,1146
25/07/2024 14.30,852
25/07/2024 14.45,528
25/07/2024 15.00,498
25/07/2024 15.15,660
25/07/2024 15.30,384
25/07/2024 15.45,432
25/07/2024 16.00,600
25/07/2024 16.15,558
25/07/2024 16.30,336
25/07/2024 16.45,498
25/07/2024 17.00,564
25/07/2024 17.15,450
25/07/2024 17.30,420
25/07/2024 17.45,390
25/07/2024 18.00,426
25/07/2024 18.15,390
25/07/2024 18.30,396
25/07/2024 18.45,396
25/07/2024 19.00,384
25/07/2024 19.15,396
25/07/2024 19.30,420
25/07/2024 19.45,612
25/07/2024 20.00,708
25/07/2024 20.15,978
25/07/2024 20.30,1350
25/07/2024 20.45,1584
25/07/2024 21.00,1848
25/07/2024 21.15,2058
25/07/2024 21.30,2442
25/07/2024 21.45,2562
25/07/2024 22.00,2556
25/07/2024 22.15,2622
25/07/2024 22.30,2670
25/07/2024 22.45,2580
25/07/2024 23.00,2562
25/07/2024 23.15,2688
25/07/2024 23.30,2676
25/07/2024 23.45,2586
26/07/2024 00.00,2376
26/07/2024 00.15,2142
26/07/2024 00.30,2190
26/07/2024 00.45,2148
26/07/2024 01.00,2214
26/07/2024 01.15,2316
26/07/2024 01.30,2226
26/07/2024 01.45,2028
26/07/2024 02.00,2028
26/07/2024 02.15,2106
26/07/2024 02.30,2178
26/07/2024 02.45,2460
26/07/2024 03.00,2376
26/07/2024 03.15,2412
26/07/2024 03.30,2316
26/07/2024 03.45,2346
26/07/2024 04.00,2064
26/07/2024 04.15,1974
26/07/2024 04.30,1962
26/07/2024 04.45,1644
26/07/2024 05.00,1068
26/07/2024 05.15,888
26/07/2024 05.30,792
26/07/2024 05.45,660
26/07/2024 06.00,678
26/07/2024 06.15,816
26/07/2024 06.30,924
26/07/2024 06.45,948
26/07/2024 07.00,840
26/07/2024 07.15,822
26/07/2024 07.30,690
26/07/2024 07.45,540
26/07/2024 08.00,900
26/07/2024 08.15,2238
26/07/2024 08.30,2688
26/07/2024 08.45,3030
26/07/2024 09.00,2856
26/07/2024 09.15,3144
26/07/2024 09.30,3228
26/07/2024 09.45,2964
26/07/2024 10.00,3108
26/07/2024 10.15,2694
26/07/2024 10.30,2826
26/07/2024 10.45,3084
26/07/2024 11.00,3216
26/07/2024 11.15,2820
26/07/2024 11.30,2808
26/07/2024 11.45,2874
26/07/2024 12.00,2748
26/07/2024 12.15,2568
26/07/2024 12.30,2382
26/07/2024 12.45,2616
26/07/2024 13.00,2238
26/07/2024 13.15,2124
26/07/2024 13.30,2604
26/07/2024 13.45,2838
26/07/2024 14.00,2418
26/07/2024 14.15,2016
26/07/2024 14.30,2694
26/07/2024 14.45,3444
26/07/2024 15.00,3540
26/07/2024 15.15,3324
26/07/2024 15.30,3300
26/07/2024 15.45,3744
26/07/2024 16.00,3792
26/07/2024 16.15,3732
26/07/2024 16.30,3570
26/07/2024 16.45,3576
26/07/2024 17.00,3264
26/07/2024 17.15,3342
26/07/2024 17.30,3264
26/07/2024 17.45,3438
26/07/2024 18.00,3588
26/07/2024 18.15,3420
26/07/2024 18.30,3540
26/07/2024 18.45,3612
26/07/2024 19.00,3552
26/07/2024 19.15,3432
26/07/2024 19.30,2958
26/07/2024 19.45,3408
26/07/2024 20.00,3612
26/07/2024 20.15,3282
26/07/2024 20.30,2640
26/07/2024 20.45,3072
26/07/2024 21.00,4032
26/07/2024 21.15,3912
26/07/2024 21.30,4002
26/07/2024 21.45,4488
26/07/2024 22.00,4698
26/07/2024 22.15,4704
26/07/2024 22.30,4578
26/07/2024 22.45,4176
26/07/2024 23.00,4242
26/07/2024 23.15,4536
26/07/2024 23.30,4632
26/07/2024 23.45,4104
27/07/2024 00.00,4092
27/07/2024 00.15,4128
27/07/2024 00.30,4128
27/07/2024 00.45,3990
27/07/2024 01.00,3354
27/07/2024 01.15,3732
27/07/2024 01.30,4452
27/07/2024 01.45,4452
27/07/2024 02.00,4014
27/07/2024 02.15,3612
27/07/2024 02.30,3714
27/07/2024 02.45,3762
27/07/2024 03.00,3558
27/07/2024 03.15,3396
27/07/2024 03.30,3426
27/07/2024 03.45,4200
27/07/2024 04.00,4560
27/07/2024 04.15,4536
27/07/2024 04.30,4440
27/07/2024 04.45,4506
27/07/2024 05.00,4422
27/07/2024 05.15,4308
27/07/2024 05.30,3642
27/07/2024 05.45,3768
27/07/2024 06.00,4248
27/07/2024 06.15,4368
27/07/2024 06.30,3828
27/07/2024 06.45,3258
27/07/2024 07.00,3120
27/07/2024 07.15,3522
27/07/2024 07.30,3324
27/07/2024 07.45,3288
27/07/2024 08.00,3168
27/07/2024 08.15,3348
27/07/2024 08.30,3654
27/07/2024 08.45,3618
27/07/2024 09.00,3330
27/07/2024 09.15,3054
27/07/2024 09.30,3060
27/07/2024 09.45,3498
27/07/2024 10.00,3582
27/07/2024 10.15,3216
27/07/2024 10.30,2880
27/07/2024 10.45,3108
27/07/2024 11.00,2610
27/07/2024 11.15,2028
27/07/2024 11.30,2472
27/07/2024 11.45,2316
27/07/2024 12.00,2064
27/07/2024 12.15,1956
27/07/2024 12.30,2028
27/07/2024 12.45,1776
27/07/2024 13.00,1686
27/07/2024 13.15,2106
27/07/2024 13.30,2394
27/07/2024 13.45,2370
27/07/2024 14.00,2928
27/07/2024 14.15,2868
27/07/2024 14.30,2172
27/07/2024 14.45,2010
27/07/2024 15.00,2424
27/07/2024 15.15,2886
27/07/2024 15.30,3972
27/07/2024 15.45,4428
27/07/2024 16.00,4416
27/07/2024 16.15,4398
27/07/2024 16.30,4410
27/07/2024 16.45,4314
27/07/2024 17.00,4512
27/07/2024 17.15,4554
27/07/2024 17.30,4386
27/07/2024 17.45,4440
27/07/2024 18.00,4398
27/07/2024 18.15,3642
27/07/2024 18.30,3858
27/07/2024 18.45,4536
27/07/2024 19.00,4476
27/07/2024 19.15,4404
27/07/2024 19.30,4434
27/07/2024 19.45,4452
27/07/2024 20.00,4428
27/07/2024 20.15,4518
27/07/2024 20.30,4656
27/07/2024 20.45,4434
27/07/2024 21.00,3780
27/07/2024 21.15,4026
27/07/2024 21.30,4404
27/07/2024 21.45,4176
27/07/2024 22.00,4176
27/07/2024 22.15,3846
27/07/2024 22.30,3534
27/07/2024 22.45,3570
27/07/2024 23.00,3456
27/07/2024 23.15,3528
27/07/2024 23.30,3600
27/07/2024 23.45,3240
28/07/2024 00.00,2532
28/07/2024 00.15,2604
28/07/2024 00.30,3342
28/07/2024 00.45,3528
28/07/2024 01.00,3468
28/07/2024 01.15,3498
28/07/2024 01.30,3444
28/07/2024 01.45,3468
28/07/2024 02.00,3468
28/07/2024 02.15,3606
28/07/2024 02.30,3072
28/07/2024 02.45,2970
28/07/2024 03.00,3060
28/07/2024 03.15,3102
28/07/2024 03.30,3462
28/07/2024 03.45,3468
28/07/2024 04.00,3480
28/07/2024 04.15,3486
28/07/2024 04.30,3516
28/07/2024 04.45,3408
28/07/2024 05.00,3492
28/07/2024 05.15,3432
28/07/2024 05.30,3468
28/07/2024 05.45,3468
28/07/2024 06.00,3534
28/07/2024 06.15,3450
28/07/2024 06.30,3342
28/07/2024 06.45,3318
28/07/2024 07.00,3120
28/07/2024 07.15,2940
28/07/2024 07.30,2766
28/07/2024 07.45,2490
28/07/2024 08.00,2388
28/07/2024 08.15,2406
28/07/2024 08.30,2400
28/07/2024 08.45,2364
28/07/2024 09.00,2076
28/07/2024 09.15,1932
28/07/2024 09.30,2160
28/07/2024 09.45,1530
28/07/2024 10.00,1452
28/07/2024 10.15,1512
28/07/2024 10.30,1110
28/07/2024 10.45,1116
28/07/2024 11.00,1278
28/07/2024 11.15,1056
28/07/2024 11.30,1488
28/07/2024 11.45,1578
28/07/2024 12.00,1428
28/07/2024 12.15,1356
28/07/2024 12.30,1818
28/07/2024 12.45,1860
28/07/2024 13.00,1752
28/07/2024 13.15,1614
28/07/2024 13.30,1476
28/07/2024 13.45,1404
28/07/2024 14.00,1812
28/07/2024 14.15,2088
28/07/2024 14.30,1512
28/07/2024 14.45,1218
28/07/2024 15.00,1416
28/07/2024 15.15,1128
28/07/2024 15.30,1380
28/07/2024 15.45,1620
28/07/2024 16.00,1518
28/07/2024 16.15,1470
28/07/2024 16.30,1584
28/07/2024 16.45,1728
28/07/2024 17.00,1800
28/07/2024 17.15,1872
28/07/2024 17.30,1878
28/07/2024 17.45,1944
28/07/2024 18.00,2118
28/07/2024 18.15,2088
28/07/2024 18.30,2106
28/07/2024 18.45,2502
28/07/2024 19.00,2586
28/07/2024 19.15,2718
28/07/2024 19.30,2646
28/07/2024 19.45,2580
28/07/2024 20.00,2682
28/07/2024 20.15,2670
28/07/2024 20.30,2814
28/07/2024 20.45,2694
28/07/2024 21.00,2706
28/07/2024 21.15,2766
28/07/2024 21.30,2622
28/07/2024 21.45,2634
28/07/2024 22.00,2586
28/07/2024 22.15,2550
28/07/2024 22.30,2724
28/07/2024 22.45,2544
28/07/2024 23.00,2544
28/07/2024 23.15,2664
28/07/2024 23.30,2664
28/07/2024 23.45,2658
29/07/2024 00.00,2676
29/07/2024 00.15,2562
29/07/2024 00.30,2616
29/07/2024 00.45,2604
29/07/2024 01.00,2574
29/07/2024 01.15,2628
29/07/2024 01.30,2664
29/07/2024 01.45,2646
29/07/2024 02.00,2580
29/07/2024 02.15,2574
29/07/2024 02.30,2532
29/07/2024 02.45,2598
29/07/2024 03.00,2634
29/07/2024 03.15,2436
29/07/2024 03.30,2664
29/07/2024 03.45,2664
29/07/2024 04.00,2664
29/07/2024 04.15,2550
29/07/2024 04.30,2070
29/07/2024 04.45,2394
29/07/2024 05.00,2682
29/07/2024 05.15,2610
29/07/2024 05.30,2562
29/07/2024 05.45,2682
29/07/2024 06.00,2628
29/07/2024 06.15,2634
29/07/2024 06.30,2412
29/07/2024 06.45,2556
29/07/2024 07.00,2598
29/07/2024 07.15,2478
29/07/2024 07.30,2436
29/07/2024 07.45,2238
29/07/2024 08.00,2352
29/07/2024 08.15,2358
29/07/2024 08.30,2574
29/07/2024 08.45,2256
29/07/2024 09.00,2076
29/07/2024 09.15,2184
29/07/2024 09.30,2004
29/07/2024 09.45,2244
29/07/2024 10.00,2076
29/07/2024 10.15,2160
29/07/2024 10.30,2112
29/07/2024 10.45,1908
29/07/2024 11.00,1500
29/07/2024 11.15,1272
29/07/2024 11.30,1356
29/07/2024 11.45,1236
29/07/2024 12.00,1224
29/07/2024 12.15,1344
29/07/2024 12.30,804
29/07/2024 12.45,1200
29/07/2024 13.00,1368
29/07/2024 13.15,1098
29/07/2024 13.30,1230
29/07/2024 13.45,1248
29/07/2024 14.00,1284
29/07/2024 14.15,1620
29/07/2024 14.30,1524
29/07/2024 14.45,1752
29/07/2024 15.00,1788
29/07/2024 15.15,1686
29/07/2024 15.30,1368
29/07/2024 15.45,1512
29/07/2024 16.00,2124
29/07/2024 16.15,2196
29/07/2024 16.30,2496
29/07/2024 16.45,2664
29/07/2024 17.00,2088
29/07/2024 17.15,2460
29/07/2024 17.30,2712
29/07/2024 17.45,2664
29/07/2024 18.00,2640
29/07/2024 18.15,2592
29/07/2024 18.30,2688
29/07/2024 18.45,2736
29/07/2024 19.00,2760
29/07/2024 19.15,2664
29/07/2024 19.30,2634
29/07/2024 19.45,2694
29/07/2024 20.00,2526
29/07/2024 20.15,2520
29/07/2024 20.30,2214
29/07/2024 20.45,2070
29/07/2024 21.00,2514
29/07/2024 21.15,2622
29/07/2024 21.30,2646
29/07/2024 21.45,2754
29/07/2024 22.00,2640
29/07/2024 22.15,2664
29/07/2024 22.30,2688
29/07/2024 22.45,2634
29/07/2024 23.00,2766
29/07/2024 23.15,2742
29/07/2024 23.30,2502
29/07/2024 23.45,2754
30/07/2024 00.00,2538
30/07/2024 00.15,2700
30/07/2024 00.30,2682
30/07/2024 00.45,2586
30/07/2024 01.00,2634
30/07/2024 01.15,2730
30/07/2024 01.30,2562
30/07/2024 01.45,2226
30/07/2024 02.00,2310
30/07/2024 02.15,2622
30/07/2024 02.30,2574
30/07/2024 02.45,2670
30/07/2024 03.00,2712
30/07/2024 03.15,2454
30/07/2024 03.30,2166
30/07/2024 03.45,2418
30/07/2024 04.00,2778
30/07/2024 04.15,2502
30/07/2024 04.30,2082
30/07/2024 04.45,2166
30/07/2024 05.00,2430
30/07/2024 05.15,2586
30/07/2024 05.30,2568
30/07/2024 05.45,2364
30/07/2024 06.00,2004
30/07/2024 06.15,1206
30/07/2024 06.30,1032
30/07/2024 06.45,1008
30/07/2024 07.00,972
30/07/2024 07.15,960
30/07/2024 07.30,432
30/07/2024 07.45,144
30/07/2024 08.00,66
30/07/2024 08.15,60
30/07/2024 08.30,120
30/07/2024 08.45,150
30/07/2024 09.00,48
30/07/2024 09.15,42
30/07/2024 09.30,12
30/07/2024 09.45,6
30/07/2024 10.00,6
30/07/2024 10.15,12
30/07/2024 10.30,18
30/07/2024 10.45,24
30/07/2024 11.00,12
30/07/2024 11.15,24
30/07/2024 11.30,24
30/07/2024 11.45,12
30/07/2024 12.00,12
30/07/2024 12.15,0
30/07/2024 12.30,0
30/07/2024 12.45,0
30/07/2024 13.00,12
30/07/2024 13.15,6
30/07/2024 13.30,6
30/07/2024 13.45,6
30/07/2024 14.00,18
30/07/2024 14.15,18
30/07/2024 14.30,18
30/07/2024 14.45,18
30/07/2024 15.00,0
30/07/2024 15.15,18
30/07/2024 15.30,36
30/07/2024 15.45,24
30/07/2024 16.00,18
30/07/2024 16.15,18
30/07/2024 16.30,48
30/07/2024 16.45,120
30/07/2024 17.00,144
30/07/2024 17.15,180
30/07/2024 17.30,210
30/07/2024 17.45,198
30/07/2024 18.00,252
30/07/2024 18.15,270
30/07/2024 18.30,246
30/07/2024 18.45,264
30/07/2024 19.00,264
30/07/2024 19.15,246
30/07/2024 19.30,258
30/07/2024 19.45,252
30/07/2024 20.00,264
30/07/2024 20.15,252
30/07/2024 20.30,264
30/07/2024 20.45,264
30/07/2024 21.00,276
30/07/2024 21.15,252
30/07/2024 21.30,252
30/07/2024 21.45,300
30/07/2024 22.00,606
30/07/2024 22.15,1188
30/07/2024 22.30,1752
30/07/2024 22.45,2028
30/07/2024 23.00,2034
30/07/2024 23.15,1944
30/07/2024 23.30,1884
30/07/2024 23.45,1848
31/07/2024 00.00,1902
31/07/2024 00.15,1920
31/07/2024 00.30,2004
31/07/2024 00.45,1722
31/07/2024 01.00,1446
31/07/2024 01.15,1572
31/07/2024 01.30,1440
31/07/2024 01.45,1218
31/07/2024 02.00,1326
31/07/2024 02.15,1512
31/07/2024 02.30,1572
31/07/2024 02.45,1614
31/07/2024 03.00,1908
31/07/2024 03.15,2010
31/07/2024 03.30,1938
31/07/2024 03.45,1920
31/07/2024 04.00,1956
31/07/2024 04.15,1938
31/07/2024 04.30,1860
31/07/2024 04.45,1560
31/07/2024 05.00,1170
31/07/2024 05.15,1752
31/07/2024 05.30,1812
31/07/2024 05.45,1728
31/07/2024 06.00,2058
31/07/2024 06.15,2070
31/07/2024 06.30,2112
31/07/2024 06.45,2046
31/07/2024 07.00,2334
31/07/2024 07.15,2292
31/07/2024 07.30,1980
31/07/2024 07.45,1842
31/07/2024 08.00,2280
31/07/2024 08.15,2232
31/07/2024 08.30,2526
31/07/2024 08.45,2976
31/07/2024 09.00,2832
31/07/2024 09.15,2892
31/07/2024 09.30,3270
31/07/2024 09.45,2616
31/07/2024 10.00,2160
31/07/2024 10.15,2580
31/07/2024 10.30,2556
31/07/2024 10.45,1818
31/07/2024 11.00,1662
31/07/2024 11.15,2214
31/07/2024 11.30,1872
31/07/2024 11.45,1914
31/07/2024 12.00,2214
31/07/2024 12.15,2448
31/07/2024 12.30,2634
31/07/2024 12.45,2544
31/07/2024 13.00,2724
31/07/2024 13.15,2964
31/07/2024 13.30,2562
31/07/2024 13.45,2352
31/07/2024 14.00,2760
31/07/2024 14.15,3162
31/07/2024 14.30,3480
31/07/2024 14.45,3438
31/07/2024 15.00,2850
31/07/2024 15.15,3228
31/07/2024 15.30,3246
31/07/2024 15.45,3510
31/07/2024 16.00,3492
31/07/2024 16.15,3636
31/07/2024 16.30,3522
31/07/2024 16.45,3450
31/07/2024 17.00,3612
31/07/2024 17.15,3996
31/07/2024 17.30,3894
31/07/2024 17.45,4008
31/07/2024 18.00,4230
31/07/2024 18.15,4620
31/07/2024 18.30,4512
31/07/2024 18.45,4536
31/07/2024 19.00,4410
31/07/2024 19.15,4710
31/07/2024 19.30,4104
31/07/2024 19.45,3138
31/07/2024 20.00,2958
31/07/2024 20.15,4170
31/07/2024 20.30,4434
31/07/2024 20.45,4596
31/07/2024 21.00,4344
31/07/2024 21.15,4548
31/07/2024 21.30,4680
31/07/2024 21.45,4050
31/07/2024 22.00,3636
31/07/2024 22.15,3654
31/07/2024 22.30,3570
31/07/2024 22.45,3696
31/07/2024 23.00,3738
31/07/2024 23.15,3690
31/07/2024 23.30,3678
31/07/2024 23.45,3816
01/08/2024 00.00,4008
01/08/2024 00.15,4008
01/08/2024 00.30,3924
01/08/2024 00.45,4092
01/08/2024 01.00,4182
01/08/2024 01.15,4188
01/08/2024 01.30,4026
01/08/2024 01.45,4284
01/08/2024 02.00,4482
01/08/2024 02.15,4230
01/08/2024 02.30,4314
01/08/2024 02.45,4110
01/08/2024 03.00,4056
01/08/2024 03.15,3936
01/08/2024 03.30,4104
01/08/2024 03.45,4110
01/08/2024 04.00,3984
01/08/2024 04.15,4536
01/08/2024 04.30,4236
01/08/2024 04.45,4284
01/08/2024 05.00,4194
01/08/2024 05.15,4200
01/08/2024 05.30,4170
01/08/2024 05.45,4176
01/08/2024 06.00,4164
01/08/2024 06.15,3918
01/08/2024 06.30,3876
01/08/2024 06.45,3990
01/08/2024 07.00,3324
01/08/2024 07.15,3096
01/08/2024 07.30,3186
01/08/2024 07.45,3060
01/08/2024 08.00,2796
01/08/2024 08.15,3102
01/08/2024 08.30,3204
01/08/2024 08.45,2910
01/08/2024 09.00,2820
01/08/2024 09.15,2838
01/08/2024 09.30,2910
01/08/2024 09.45,3102
01/08/2024 10.00,2748
01/08/2024 10.15,2334
01/08/2024 10.30,2172
01/08/2024 10.45,2064
01/08/2024 11.00,2124
01/08/2024 11.15,2166
01/08/2024 11.30,2718
01/08/2024 11.45,2754
01/08/2024 12.00,2616
01/08/2024 12.15,2886
01/08/2024 12.30,2856
01/08/2024 12.45,2928
01/08/2024 13.00,3012
01/08/2024 13.15,3048
01/08/2024 13.30,3132
01/08/2024 13.45,3252
01/08/2024 14.00,3816
01/08/2024 14.15,3984
01/08/2024 14.30,3930
01/08/2024 14.45,3876
01/08/2024 15.00,3672
01/08/2024 15.15,3456
01/08/2024 15.30,3732
01/08/2024 15.45,3396
01/08/2024 16.00,3078
01/08/2024 16.15,3522
01/08/2024 16.30,3612
01/08/2024 16.45,3612
01/08/2024 17.00,3576
01/08/2024 17.15,3528
01/08/2024 17.30,3774
01/08/2024 17.45,4050
01/08/2024 18.00,3798
01/08/2024 18.15,4146
01/08/2024 18.30,4344
01/08/2024 18.45,4440
01/08/2024 19.00,4620
01/08/2024 19.15,4596
01/08/2024 19.30,4212
01/08/2024 19.45,3546
01/08/2024 20.00,3696
01/08/2024 20.15,4452
01/08/2024 20.30,4668
01/08/2024 20.45,4614
01/08/2024 21.00,4638
01/08/2024 21.15,4740
01/08/2024 21.30,4380
01/08/2024 21.45,4182
01/08/2024 22.00,4068
01/08/2024 22.15,3486
01/08/2024 22.30,3522
01/08/2024 22.45,3558
01/08/2024 23.00,4122
01/08/2024 23.15,4008
01/08/2024 23.30,4068
01/08/2024 23.45,4098
02/08/2024 00.00,4092
02/08/2024 00.15,4284
02/08/2024 00.30,4008
02/08/2024 00.45,3948
02/08/2024 01.00,3660
02/08/2024 01.15,3372
02/08/2024 01.30,3384
02/08/2024 01.45,3462
02/08/2024 02.00,3420
02/08/2024 02.15,3618
02/08/2024 02.30,3612
02/08/2024 02.45,3552
02/08/2024 03.00,3600
02/08/2024 03.15,3450
02/08/2024 03.30,3414
02/08/2024 03.45,3600
02/08/2024 04.00,3420
02/08/2024 04.15,3450
02/08/2024 04.30,3876
02/08/2024 04.45,4194
02/08/2024 05.00,4008
02/08/2024 05.15,4104
02/08/2024 05.30,3972
02/08/2024 05.45,3948
02/08/2024 06.00,3948
02/08/2024 06.15,3888
02/08/2024 06.30,4014
02/08/2024 06.45,3822
02/08/2024 07.00,3822
02/08/2024 07.15,3732
02/08/2024 07.30,3558
02/08/2024 07.45,3672
02/08/2024 08.00,3558
02/08/2024 08.15,3486
02/08/2024 08.30,3672
02/08/2024 08.45,2880
02/08/2024 09.00,2628
02/08/2024 09.15,2418
02/08/2024 09.30,2160
02/08/2024 09.45,2532
02/08/2024 10.00,2958
02/08/2024 10.15,2538
02/08/2024 10.30,2478
02/08/2024 10.45,2070
02/08/2024 11.00,2166
02/08/2024 11.15,2004
02/08/2024 11.30,2064
02/08/2024 11.45,2478
02/08/2024 12.00,2238
02/08/2024 12.15,2388
02/08/2024 12.30,2316
02/08/2024 12.45,3078
02/08/2024 13.00,2940
02/08/2024 13.15,2928
02/08/2024 13.30,2562
02/08/2024 13.45,2712
02/08/2024 14.00,2700
02/08/2024 14.15,1920
02/08/2024 14.30,2256
02/08/2024 14.45,1950
02/08/2024 15.00,2148
02/08/2024 15.15,2424
02/08/2024 15.30,2916
02/08/2024 15.45,3930
02/08/2024 16.00,4296
02/08/2024 16.15,4608
02/08/2024 16.30,4560
02/08/2024 16.45,4104
02/08/2024 17.00,3372
02/08/2024 17.15,3222
02/08/2024 17.30,3576
02/08/2024 17.45,4452
02/08/2024 18.00,4626
02/08/2024 18.15,4488
02/08/2024 18.30,4500
02/08/2024 18.45,4638
02/08/2024 19.00,4620
02/08/2024 19.15,4572
02/08/2024 19.30,3906
02/08/2024 19.45,3204
02/08/2024 20.00,2712
02/08/2024 20.15,3906
02/08/2024 20.30,4632
02/08/2024 20.45,4596
02/08/2024 21.00,4560
02/08/2024 21.15,4698
02/08/2024 21.30,4638
02/08/2024 21.45,4404
02/08/2024 22.00,4176
02/08/2024 22.15,4284
02/08/2024 22.30,4062
02/08/2024 22.45,3774
02/08/2024 23.00,3732
02/08/2024 23.15,3444
02/08/2024 23.30,3720
02/08/2024 23.45,3624
03/08/2024 00.00,3966
03/08/2024 00.15,4152
03/08/2024 00.30,4392
03/08/2024 00.45,4602
03/08/2024 01.00,4284
03/08/2024 01.15,4320
03/08/2024 01.30,4518
03/08/2024 01.45,4338
03/08/2024 02.00,3942
03/08/2024 02.15,4050
03/08/2024 02.30,4062
03/08/2024 02.45,3960
03/08/2024 03.00,4104
03/08/2024 03.15,4260
03/08/2024 03.30,4236
03/08/2024 03.45,3912
03/08/2024 04.00,4044
03/08/2024 04.15,3630
03/08/2024 04.30,3570
03/08/2024 04.45,3630
03/08/2024 05.00,4008
03/08/2024 05.15,4284
03/08/2024 05.30,4416
03/08/2024 05.45,4548
03/08/2024 06.00,4236
03/08/2024 06.15,4188
03/08/2024 06.30,4152
03/08/2024 06.45,4338
03/08/2024 07.00,3336
03/08/2024 07.15,3012
03/08/2024 07.30,3312
03/08/2024 07.45,3366
03/08/2024 08.00,3108
03/08/2024 08.15,3228
03/08/2024 08.30,3612
03/08/2024 08.45,3408
03/08/2024 09.00,3648
03/08/2024 09.15,3600
03/08/2024 09.30,3342
03/08/2024 09.45,3378
03/08/2024 10.00,3438
03/08/2024 10.15,3336
03/08/2024 10.30,2664
03/08/2024 10.45,2328
03/08/2024 11.00,2892
03/08/2024 11.15,2466
03/08/2024 11.30,3054
03/08/2024 11.45,1800
03/08/2024 12.00,1788
03/08/2024 12.15,1212
03/08/2024 12.30,1956
03/08/2024 12.45,2106
03/08/2024 13.00,2106
03/08/2024 13.15,2022
03/08/2024 13.30,2328
03/08/2024 13.45,2976
03/08/2024 14.00,3468
03/08/2024 14.15,3420
03/08/2024 14.30,3450
03/08/2024 14.45,3546
03/08/2024 15.00,3420
03/08/2024 15.15,3318
03/08/2024 15.30,2886
03/08/2024 15.45,2184
03/08/2024 16.00,3132
03/08/2024 16.15,4026
03/08/2024 16.30,4038
03/08/2024 16.45,3912
03/08/2024 17.00,3948
03/08/2024 17.15,3396
03/08/2024 17.30,3114
03/08/2024 17.45,3150
03/08/2024 18.00,3360
03/08/2024 18.15,4206
03/08/2024 18.30,4368
03/08/2024 18.45,4278
03/08/2024 19.00,4338
03/08/2024 19.15,4320
03/08/2024 19.30,4230
03/08/2024 19.45,3744
03/08/2024 20.00,2802
03/08/2024 20.15,3690
03/08/2024 20.30,4548
03/08/2024 20.45,4728
03/08/2024 21.00,4674
03/08/2024 21.15,4578
03/08/2024 21.30,4350
03/08/2024 21.45,4512
03/08/2024 22.00,4560
03/08/2024 22.15,3726
03/08/2024 22.30,3222
03/08/2024 22.45,3042
03/08/2024 23.00,3126
03/08/2024 23.15,4062
03/08/2024 23.30,3960
03/08/2024 23.45,3600
04/08/2024 00.00,3720
04/08/2024 00.15,3720
04/08/2024 00.30,3996
04/08/2024 00.45,4008
04/08/2024 01.00,3984
04/08/2024 01.15,3984
04/08/2024 01.30,4206
04/08/2024 01.45,4320
04/08/2024 02.00,4578
04/08/2024 02.15,4410
04/08/2024 02.30,4092
04/08/2024 02.45,4572
04/08/2024 03.00,4536
04/08/2024 03.15,4386
04/08/2024 03.30,4380
04/08/2024 03.45,4488
04/08/2024 04.00,4458
04/08/2024 04.15,4452
04/08/2024 04.30,3726
04/08/2024 04.45,3840
04/08/2024 05.00,3918
04/08/2024 05.15,3708
04/08/2024 05.30,3822
04/08/2024 05.45,3840
04/08/2024 06.00,4092
04/08/2024 06.15,4218
04/08/2024 06.30,3930
04/08/2024 06.45,3894
04/08/2024 07.00,3804
04/08/2024 07.15,3264
04/08/2024 07.30,2712
04/08/2024 07.45,2622
04/08/2024 08.00,2538
04/08/2024 08.15,2640
04/08/2024 08.30,2550
04/08/2024 08.45,2274
04/08/2024 09.00,1524
04/08/2024 09.15,1398
04/08/2024 09.30,642
04/08/2024 09.45,696
04/08/2024 10.00,1164
04/08/2024 10.15,768
04/08/2024 10.30,1128
04/08/2024 10.45,2022
04/08/2024 11.00,1338
04/08/2024 11.15,1824
04/08/2024 11.30,1674
04/08/2024 11.45,1590
04/08/2024 12.00,1626
04/08/2024 12.15,1842
04/08/2024 12.30,1812
04/08/2024 12.45,1974
04/08/2024 13.00,1854
04/08/2024 13.15,1656
04/08/2024 13.30,1350
04/08/2024 13.45,1884
04/08/2024 14.00,1764
04/08/2024 14.15,1782
04/08/2024 14.30,1926
04/08/2024 14.45,2322
04/08/2024 15.00,2262
04/08/2024 15.15,2460
04/08/2024 15.30,2598
04/08/2024 15.45,2928
04/08/2024 16.00,2856
04/08/2024 16.15,3162
04/08/2024 16.30,3114
04/08/2024 16.45,3360
04/08/2024 17.00,3912
04/08/2024 17.15,3564
04/08/2024 17.30,3450
04/08/2024 17.45,3792
04/08/2024 18.00,4290
04/08/2024 18.15,4542
04/08/2024 18.30,4356
04/08/2024 18.45,3978
04/08/2024 19.00,4302
04/08/2024 19.15,4026
04/08/2024 19.30,3942
04/08/2024 19.45,3942
04/08/2024 20.00,3996
04/08/2024 20.15,4032
04/08/2024 20.30,3960
04/08/2024 20.45,3894
04/08/2024 21.00,4110
04/08/2024 21.15,3864
04/08/2024 21.30,4056
04/08/2024 21.45,3858
04/08/2024 22.00,3558
04/08/2024 22.15,3546
04/08/2024 22.30,3642
04/08/2024 22.45,4014
04/08/2024 23.00,3966
04/08/2024 23.15,4074
04/08/2024 23.30,3558
04/08/2024 23.45,3840
05/08/2024 00.00,4158
05/08/2024 00.15,4152
05/08/2024 00.30,4110
05/08/2024 00.45,4116
05/08/2024 01.00,4218
05/08/2024 01.15,4644
05/08/2024 01.30,4572
05/08/2024 01.45,4560
05/08/2024 02.00,4152
05/08/2024 02.15,3942
05/08/2024 02.30,4116
05/08/2024 02.45,4014
05/08/2024 03.00,4284
05/08/2024 03.15,4236
05/08/2024 03.30,4158
05/08/2024 03.45,4446
05/08/2024 04.00,4212
05/08/2024 04.15,4320
05/08/2024 04.30,4362
05/08/2024 04.45,4020
05/08/2024 05.00,3714
05/08/2024 05.15,3588
05/08/2024 05.30,3246
05/08/2024 05.45,2892
05/08/2024 06.00,2850
05/08/2024 06.15,2322
05/08/2024 06.30,2202
05/08/2024 06.45,3048
05/08/2024 07.00,2874
05/08/2024 07.15,2334
05/08/2024 07.30,1992
05/08/2024 07.45,1836
05/08/2024 08.00,1800
05/08/2024 08.15,1752
05/08/2024 08.30,1734
05/08/2024 08.45,1374
05/08/2024 09.00,1152
05/08/2024 09.15,1080
05/08/2024 09.30,1200
05/08/2024 09.45,1380
05/08/2024 10.00,1182
05/08/2024 10.15,1332
05/08/2024 10.30,1224
05/08/2024 10.45,1116
05/08/2024 11.00,1488
05/08/2024 11.15,1212
05/08/2024 11.30,1080
05/08/2024 11.45,996
05/08/2024 12.00,1080
05/08/2024 12.15,1164
05/08/2024 12.30,1248
05/08/2024 12.45,1104
05/08/2024 13.00,1470
05/08/2024 13.15,1908
05/08/2024 13.30,1536
05/08/2024 13.45,1566
05/08/2024 14.00,2076
05/08/2024 14.15,1884
05/08/2024 14.30,1152
05/08/2024 14.45,1350
05/08/2024 15.00,2250
05/08/2024 15.15,2316
05/08/2024 15.30,2448
05/08/2024 15.45,2076
05/08/2024 16.00,2016
05/08/2024 16.15,1836
05/08/2024 16.30,1524
05/08/2024 16.45,1800
05/08/2024 17.00,2172
05/08/2024 17.15,2160
05/08/2024 17.30,2256
05/08/2024 17.45,2364
05/08/2024 18.00,2526
05/08/2024 18.15,2202
05/08/2024 18.30,2322
05/08/2024 18.45,2130
05/08/2024 19.00,2706
05/08/2024 19.15,2574
05/08/2024 19.30,2598
05/08/2024 19.45,2640
05/08/2024 20.00,2634
05/08/2024 20.15,2670
05/08/2024 20.30,2868
05/08/2024 20.45,2784
05/08/2024 21.00,2724
05/08/2024 21.15,2784
05/08/2024 21.30,2808
05/08/2024 21.45,2730
05/08/2024 22.00,1758
05/08/2024 22.15,1584
05/08/2024 22.30,1986
05/08/2024 22.45,2328
05/08/2024 23.00,2472
05/08/2024 23.15,2640
05/08/2024 23.30,2748
05/08/2024 23.45,2748
06/08/2024 00.00,2760
06/08/2024 00.15,2658
06/08/2024 00.30,2688
06/08/2024 00.45,2616
06/08/2024 01.00,2652
06/08/2024 01.15,2736
06/08/2024 01.30,2556
06/08/2024 01.45,2484
06/08/2024 02.00,2640
06/08/2024 02.15,2664
06/08/2024 02.30,2556
06/08/2024 02.45,2520
06/08/2024 03.00,2532
06/08/2024 03.15,2652
06/08/2024 03.30,2676
06/08/2024 03.45,2496
06/08/2024 04.00,2604
06/08/2024 04.15,2628
06/08/2024 04.30,2082
06/08/2024 04.45,1974
06/08/2024 05.00,2400
06/08/2024 05.15,2220
06/08/2024 05.30,2100
06/08/2024 05.45,2064
06/08/2024 06.00,2448
06/08/2024 06.15,2760
06/08/2024 06.30,2472
06/08/2024 06.45,2586
06/08/2024 07.00,2364
06/08/2024 07.15,2400
06/08/2024 07.30,2172
06/08/2024 07.45,2076
06/08/2024 08.00,2040
06/08/2024 08.15,1524
06/08/2024 08.30,1410
06/08/2024 08.45,1386
06/08/2024 09.00,1716
06/08/2024 09.15,1566
06/08/2024 09.30,1236
06/08/2024 09.45,1308
06/08/2024 10.00,1056
06/08/2024 10.15,924
06/08/2024 10.30,792
06/08/2024 10.45,888
06/08/2024 11.00,1488
06/08/2024 11.15,1752
06/08/2024 11.30,906
06/08/2024 11.45,1020
06/08/2024 12.00,558
06/08/2024 12.15,630
06/08/2024 12.30,1470
06/08/2024 12.45,360
06/08/2024 13.00,114
06/08/2024 13.15,870
06/08/2024 13.30,1242
06/08/2024 13.45,1248
06/08/2024 14.00,1080
06/08/2024 14.15,1200
06/08/2024 14.30,1068
06/08/2024 14.45,972
06/08/2024 15.00,1116
06/08/2024 15.15,1302
06/08/2024 15.30,894
06/08/2024 15.45,918
06/08/2024 16.00,1848
06/08/2024 16.15,2280
06/08/2024 16.30,2094
06/08/2024 16.45,1476
06/08/2024 17.00,2268
06/08/2024 17.15,2700
06/08/2024 17.30,2652
06/08/2024 17.45,2796
06/08/2024 18.00,2736
06/08/2024 18.15,2796
06/08/2024 18.30,2808
06/08/2024 18.45,2844
06/08/2024 19.00,2790
06/08/2024 19.15,2880
06/08/2024 19.30,2856
06/08/2024 19.45,2748
06/08/2024 20.00,2844
06/08/2024 20.15,2946
06/08/2024 20.30,2796
06/08/2024 20.45,2724
06/08/2024 21.00,2064
06/08/2024 21.15,1686
06/08/2024 21.30,2556
06/08/2024 21.45,3000
06/08/2024 22.00,2952
06/08/2024 22.15,2832
06/08/2024 22.30,2346
06/08/2024 22.45,1872
06/08/2024 23.00,1554
06/08/2024 23.15,1524
06/08/2024 23.30,1452
06/08/2024 23.45,1368
07/08/2024 00.00,1428
07/08/2024 00.15,1428
07/08/2024 00.30,1398
07/08/2024 00.45,1254
07/08/2024 01.00,1206
07/08/2024 01.15,1242
07/08/2024 01.30,1308
07/08/2024 01.45,1338
07/08/2024 02.00,1362
07/08/2024 02.15,1374
07/08/2024 02.30,1332
07/08/2024 02.45,1350
07/08/2024 03.00,1368
07/08/2024 03.15,1332
07/08/2024 03.30,1326
07/08/2024 03.45,1332
07/08/2024 04.00,1248
07/08/2024 04.15,1248
07/08/2024 04.30,1254
07/08/2024 04.45,1224
07/08/2024 05.00,1248
07/08/2024 05.15,1260
07/08/2024 05.30,1278
07/08/2024 05.45,1296
07/08/2024 06.00,1302
07/08/2024 06.15,1302
07/08/2024 06.30,1272
07/08/2024 06.45,780
07/08/2024 07.00,144
07/08/2024 07.15,108
07/08/2024 07.30,150
07/08/2024 07.45,120
07/08/2024 08.00,456
07/08/2024 08.15,1290
07/08/2024 08.30,1128
07/08/2024 08.45,1056
07/08/2024 09.00,894
07/08/2024 09.15,924
07/08/2024 09.30,1104
07/08/2024 09.45,1224
07/08/2024 10.00,1020
07/08/2024 10.15,996
07/08/2024 10.30,984
07/08/2024 10.45,486
07/08/2024 11.00,936
07/08/2024 11.15,996
07/08/2024 11.30,1224
07/08/2024 11.45,816
07/08/2024 12.00,534
07/08/2024 12.15,372
07/08/2024 12.30,756
07/08/2024 12.45,726
07/08/2024 13.00,1434
07/08/2024 13.15,1344
07/08/2024 13.30,930
07/08/2024 13.45,1272
07/08/2024 14.00,1278
07/08/2024 14.15,1680
07/08/2024 14.30,1560
07/08/2024 14.45,1464
07/08/2024 15.00,1152
07/08/2024 15.15,1440
07/08/2024 15.30,1716
07/08/2024 15.45,1866
07/08/2024 16.00,1770
07/08/2024 16.15,1578
07/08/2024 16.30,1404
07/08/2024 16.45,1302
07/08/2024 17.00,1494
07/08/2024 17.15,1446
07/08/2024 17.30,1500
07/08/2024 17.45,1638
07/08/2024 18.00,1920
07/08/2024 18.15,2118
07/08/2024 18.30,2082
07/08/2024 18.45,2184
07/08/2024 19.00,1968
07/08/2024 19.15,2124
07/08/2024 19.30,2184
07/08/2024 19.45,2010
07/08/2024 20.00,2010
07/08/2024 20.15,2082
07/08/2024 20.30,2136
07/08/2024 20.45,2076
07/08/2024 21.00,1440
07/08/2024 21.15,2016
07/08/2024 21.30,2184
07/08/2024 21.45,1752
07/08/2024 22.00,1590
07/08/2024 22.15,1824
07/08/2024 22.30,1842
07/08/2024 22.45,2286
07/08/2024 23.00,2226
07/08/2024 23.15,1920
07/08/2024 23.30,2016
07/08/2024 23.45,1842
08/08/2024 00.00,1788
08/08/2024 00.15,1800
08/08/2024 00.30,2208
08/08/2024 00.45,2160
08/08/2024 01.00,2256
08/08/2024 01.15,1914
08/08/2024 01.30,1776
08/08/2024 01.45,1764
08/08/2024 02.00,1830
08/08/2024 02.15,2196
08/08/2024 02.30,2262
08/08/2024 02.45,2184
08/08/2024 03.00,1740
08/08/2024 03.15,1926
08/08/2024 03.30,1692
08/08/2024 03.45,1722
08/08/2024 04.00,1752
08/08/2024 04.15,1758
08/08/2024 04.30,1932
08/08/2024 04.45,2016
08/08/2024 05.00,2124
08/08/2024 05.15,2148
08/08/2024 05.30,1680
08/08/2024 05.45,1668
08/08/2024 06.00,2088
08/08/2024 06.15,2100
08/08/2024 06.30,1956
08/08/2024 06.45,1950
08/08/2024 07.00,1506
08/08/2024 07.15,1392
08/08/2024 07.30,1338
08/08/2024 07.45,1116
08/08/2024 08.00,1194
08/08/2024 08.15,1338
08/08/2024 08.30,1332
08/08/2024 08.45,1404
08/08/2024 09.00,756
08/08/2024 09.15,696
08/08/2024 09.30,1284
08/08/2024 09.45,1032
08/08/2024 10.00,780
08/08/2024 10.15,636
08/08/2024 10.30,852
08/08/2024 10.45,852
08/08/2024 11.00,660
08/08/2024 11.15,534
08/08/2024 11.30,612
08/08/2024 11.45,354
08/08/2024 12.00,528
08/08/2024 12.15,498
08/08/2024 12.30,444
08/08/2024 12.45,1158
08/08/2024 13.00,1104
08/08/2024 13.15,726
08/08/2024 13.30,972
08/08/2024 13.45,1170
08/08/2024 14.00,1446
08/08/2024 14.15,1308
08/08/2024 14.30,1158
08/08/2024 14.45,1368
08/08/2024 15.00,1098
08/08/2024 15.15,1128
08/08/2024 15.30,1128
08/08/2024 15.45,1254
08/08/2024 16.00,1296
08/08/2024 16.15,1368
08/08/2024 16.30,1812
08/08/2024 16.45,1854
08/08/2024 17.00,2010
08/08/2024 17.15,2058
08/08/2024 17.30,2058
08/08/2024 17.45,1884
08/08/2024 18.00,1992
08/08/2024 18.15,1722
08/08/2024 18.30,1872
08/08/2024 18.45,2124
08/08/2024 19.00,2088
08/08/2024 19.15,2136
08/08/2024 19.30,1980
08/08/2024 19.45,1464
08/08/2024 20.00,1404
08/08/2024 20.15,2088
08/08/2024 20.30,2250
08/08/2024 20.45,2220
08/08/2024 21.00,2004
08/08/2024 21.15,1776
08/08/2024 21.30,1830
08/08/2024 21.45,1758
08/08/2024 22.00,1620
08/08/2024 22.15,1764
08/08/2024 22.30,1794
08/08/2024 22.45,1788
08/08/2024 23.00,2028
08/08/2024 23.15,2214
08/08/2024 23.30,1836
08/08/2024 23.45,1836
09/08/2024 00.00,1794
09/08/2024 00.15,1770
09/08/2024 00.30,1872
09/08/2024 00.45,1764
09/08/2024 01.00,1794
09/08/2024 01.15,1848
09/08/2024 01.30,1830
09/08/2024 01.45,1824
09/08/2024 02.00,2130
09/08/2024 02.15,2118
09/08/2024 02.30,1824
09/08/2024 02.45,1902
09/08/2024 03.00,2208
09/08/2024 03.15,2214
09/08/2024 03.30,2178
09/08/2024 03.45,2172
09/08/2024 04.00,1620
09/08/2024 04.15,1920
09/08/2024 04.30,2136
09/08/2024 04.45,2136
09/08/2024 05.00,2208
09/08/2024 05.15,2148
09/08/2024 05.30,2100
09/08/2024 05.45,1668
09/08/2024 06.00,1536
09/08/2024 06.15,1992
09/08/2024 06.30,1620
09/08/2024 06.45,1566
09/08/2024 07.00,1578
09/08/2024 07.15,1524
09/08/2024 07.30,1464
09/08/2024 07.45,1026
09/08/2024 08.00,798
09/08/2024 08.15,996
09/08/2024 08.30,996
09/08/2024 08.45,978
09/08/2024 09.00,1182
09/08/2024 09.15,1152
09/08/2024 09.30,1116
09/08/2024 09.45,870
09/08/2024 10.00,594
09/08/2024 10.15,564
09/08/2024 10.30,624
09/08/2024 10.45,588
09/08/2024 11.00,690
09/08/2024 11.15,528
09/08/2024 11.30,576
09/08/2024 11.45,486
09/08/2024 12.00,516
09/08/2024 12.15,456
09/08/2024 12.30,480
09/08/2024 12.45,768
09/08/2024 13.00,918
09/08/2024 13.15,870
09/08/2024 13.30,672
09/08/2024 13.45,876
09/08/2024 14.00,1272
09/08/2024 14.15,1482
09/08/2024 14.30,1254
09/08/2024 14.45,1356
09/08/2024 15.00,1416
09/08/2024 15.15,1380
09/08/2024 15.30,1542
09/08/2024 15.45,1476
09/08/2024 16.00,1752
09/08/2024 16.15,1872
09/08/2024 16.30,1902
09/08/2024 16.45,1986
09/08/2024 17.00,1938
09/08/2024 17.15,2016
09/08/2024 17.30,1896
09/08/2024 17.45,1662
09/08/2024 18.00,1512
09/08/2024 18.15,2022
09/08/2024 18.30,2196
09/08/2024 18.45,2118
09/08/2024 19.00,2136
09/08/2024 19.15,1782
09/08/2024 19.30,1698
09/08/2024 19.45,1458
09/08/2024 20.00,1446
09/08/2024 20.15,2106
09/08/2024 20.30,2196
09/08/2024 20.45,2052
09/08/2024 21.00,2154
09/08/2024 21.15,2196
09/08/2024 21.30,1788
09/08/2024 21.45,1650
09/08/2024 22.00,1752
09/08/2024 22.15,1680
09/08/2024 22.30,1758
09/08/2024 22.45,1758
09/08/2024 23.00,1758
09/08/2024 23.15,1776
09/08/2024 23.30,1794
09/08/2024 23.45,1788
10/08/2024 00.00,1956
10/08/2024 00.15,2124
10/08/2024 00.30,1932
10/08/2024 00.45,2148
10/08/2024 01.00,2178
10/08/2024 01.15,2166
10/08/2024 01.30,1710
10/08/2024 01.45,1428
10/08/2024 02.00,1662
10/08/2024 02.15,1752
10/08/2024 02.30,1656
10/08/2024 02.45,1710
10/08/2024 03.00,1782
10/08/2024 03.15,1530
10/08/2024 03.30,1656
10/08/2024 03.45,1764
10/08/2024 04.00,1896
10/08/2024 04.15,1794
10/08/2024 04.30,1884
10/08/2024 04.45,2172
10/08/2024 05.00,2118
10/08/2024 05.15,2076
10/08/2024 05.30,2184
10/08/2024 05.45,2076
10/08/2024 06.00,2076
10/08/2024 06.15,1986
10/08/2024 06.30,2016
10/08/2024 06.45,1872
10/08/2024 07.00,1830
10/08/2024 07.15,1746
10/08/2024 07.30,1542
10/08/2024 07.45,1038
10/08/2024 08.00,702
10/08/2024 08.15,1026
10/08/2024 08.30,1008
10/08/2024 08.45,702
10/08/2024 09.00,600
10/08/2024 09.15,864
10/08/2024 09.30,1044
10/08/2024 09.45,1302
10/08/2024 10.00,1110
10/08/2024 10.15,1104
10/08/2024 10.30,1218
10/08/2024 10.45,840
10/08/2024 11.00,678
10/08/2024 11.15,654
10/08/2024 11.30,612
10/08/2024 11.45,594
10/08/2024 12.00,576
10/08/2024 12.15,492
10/08/2024 12.30,642
10/08/2024 12.45,930
10/08/2024 13.00,1344
10/08/2024 13.15,1560
10/08/2024 13.30,1296
10/08/2024 13.45,1332
10/08/2024 14.00,1686
10/08/2024 14.15,1758
10/08/2024 14.30,1512
10/08/2024 14.45,1278
10/08/2024 15.00,954
10/08/2024 15.15,1074
10/08/2024 15.30,1518
10/08/2024 15.45,1368
10/08/2024 16.00,1236
10/08/2024 16.15,1086
10/08/2024 16.30,1422
10/08/2024 16.45,1632
10/08/2024 17.00,1722
10/08/2024 17.15,1752
10/08/2024 17.30,2016
10/08/2024 17.45,1896
10/08/2024 18.00,1926
10/08/2024 18.15,1884
10/08/2024 18.30,2292
10/08/2024 18.45,2106
10/08/2024 19.00,1692
10/08/2024 19.15,1596
10/08/2024 19.30,1686
10/08/2024 19.45,1542
10/08/2024 20.00,1770
10/08/2024 20.15,2226
10/08/2024 20.30,2160
10/08/2024 20.45,2178
10/08/2024 21.00,2268
10/08/2024 21.15,1644
10/08/2024 21.30,1752
10/08/2024 21.45,1656
10/08/2024 22.00,1692
10/08/2024 22.15,1776
10/08/2024 22.30,1884
10/08/2024 22.45,1878
10/08/2024 23.00,1722
10/08/2024 23.15,1572
10/08/2024 23.30,1752
10/08/2024 23.45,1746
11/08/2024 00.00,1794
11/08/2024 00.15,1812
11/08/2024 00.30,1866
11/08/2024 00.45,2004
11/08/2024 01.00,1992
11/08/2024 01.15,2310
11/08/2024 01.30,2262
11/08/2024 01.45,2298
11/08/2024 02.00,2244
11/08/2024 02.15,2094
11/08/2024 02.30,2226
11/08/2024 02.45,1992
11/08/2024 03.00,1854
11/08/2024 03.15,1866
11/08/2024 03.30,1788
11/08/2024 03.45,1710
11/08/2024 04.00,1584
11/08/2024 04.15,1764
11/08/2024 04.30,1800
11/08/2024 04.45,1722
11/08/2024 05.00,2034
11/08/2024 05.15,2076
11/08/2024 05.30,2232
11/08/2024 05.45,1956
11/08/2024 06.00,1692
11/08/2024 06.15,1146
11/08/2024 06.30,978
11/08/2024 06.45,912
11/08/2024 07.00,846
11/08/2024 07.15,780
11/08/2024 07.30,528
11/08/2024 07.45,372
11/08/2024 08.00,96
11/08/2024 08.15,54
11/08/2024 08.30,84
11/08/2024 08.45,90
11/08/2024 09.00,36
11/08/2024 09.15,24
11/08/2024 09.30,0
11/08/2024 09.45,6
11/08/2024 10.00,0
11/08/2024 10.15,0
11/08/2024 10.30,0
11/08/2024 10.45,30
11/08/2024 11.00,78
11/08/2024 11.15,96
11/08/2024 11.30,84
11/08/2024 11.45,108
11/08/2024 12.00,120
11/08/2024 12.15,132
11/08/2024 12.30,108
11/08/2024 12.45,138
11/08/2024 13.00,96
11/08/2024 13.15,90
11/08/2024 13.30,60
11/08/2024 13.45,42
11/08/2024 14.00,42
11/08/2024 14.15,66
11/08/2024 14.30,108
11/08/2024 14.45,108
11/08/2024 15.00,114
11/08/2024 15.15,96
11/08/2024 15.30,102
11/08/2024 15.45,96
11/08/2024 16.00,84
11/08/2024 16.15,66
11/08/2024 16.30,84
11/08/2024 16.45,84
11/08/2024 17.00,60
11/08/2024 17.15,72
11/08/2024 17.30,126
11/08/2024 17.45,162
11/08/2024 18.00,180
11/08/2024 18.15,180
11/08/2024 18.30,192
11/08/2024 18.45,228
11/08/2024 19.00,228
11/08/2024 19.15,234
11/08/2024 19.30,252
11/08/2024 19.45,444
11/08/2024 20.00,624
11/08/2024 20.15,978
11/08/2024 20.30,1134
11/08/2024 20.45,1290
11/08/2024 21.00,1806
11/08/2024 21.15,2136
11/08/2024 21.30,1938
11/08/2024 21.45,2094
11/08/2024 22.00,2310
11/08/2024 22.15,2484
11/08/2024 22.30,2472
11/08/2024 22.45,2046
11/08/2024 23.00,2070
11/08/2024 23.15,2436
11/08/2024 23.30,2526
11/08/2024 23.45,2556
12/08/2024 00.00,2430
12/08/2024 00.15,2376
12/08/2024 00.30,2412
12/08/2024 00.45,2430
12/08/2024 01.00,2484
12/08/2024 01.15,2400
12/08/2024 01.30,2340
12/08/2024 01.45,1932
12/08/2024 02.00,2004
12/08/2024 02.15,2022
12/08/2024 02.30,2028
12/08/2024 02.45,2178
12/08/2024 03.00,2658
12/08/2024 03.15,2574
12/08/2024 03.30,2424
12/08/2024 03.45,2046
12/08/2024 04.00,2004
12/08/2024 04.15,1932
12/08/2024 04.30,1956
12/08/2024 04.45,1656
12/08/2024 05.00,1224
12/08/2024 05.15,864
12/08/2024 05.30,672
12/08/2024 05.45,666
12/08/2024 06.00,720
12/08/2024 06.15,672
12/08/2024 06.30,606
12/08/2024 06.45,582
12/08/2024 07.00,528
12/08/2024 07.15,474
12/08/2024 07.30,498
12/08/2024 07.45,300
12/08/2024 08.00,624
12/08/2024 08.15,1704
12/08/2024 08.30,2472
12/08/2024 08.45,2718
12/08/2024 09.00,2796
12/08/2024 09.15,2982
12/08/2024 09.30,2760
12/08/2024 09.45,2850
12/08/2024 10.00,2742
12/08/2024 10.15,2640
12/08/2024 10.30,2712
12/08/2024 10.45,2430
12/08/2024 11.00,2214
12/08/2024 11.15,2484
12/08/2024 11.30,2520
12/08/2024 11.45,1926
12/08/2024 12.00,1848
12/08/2024 12.15,2310
12/08/2024 12.30,2880
12/08/2024 12.45,3042
12/08/2024 13.00,3018
12/08/2024 13.15,3318
12/08/2024 13.30,3384
12/08/2024 13.45,3054
12/08/2024 14.00,2796
12/08/2024 14.15,2910
12/08/2024 14.30,2658
12/08/2024 14.45,2862
12/08/2024 15.00,3108
12/08/2024 15.15,3234
12/08/2024 15.30,3528
12/08/2024 15.45,3414
12/08/2024 16.00,3264
12/08/2024 16.15,3234
12/08/2024 16.30,3024
12/08/2024 16.45,3252
12/08/2024 17.00,3534
12/08/2024 17.15,3318
12/08/2024 17.30,3126
12/08/2024 17.45,3894
12/08/2024 18.00,4080
12/08/2024 18.15,4008
12/08/2024 18.30,4116
12/08/2024 18.45,4068
12/08/2024 19.00,3996
12/08/2024 19.15,4014
12/08/2024 19.30,3654
12/08/2024 19.45,3768
12/08/2024 20.00,3720
12/08/2024 20.15,3924
12/08/2024 20.30,3936
12/08/2024 20.45,4422
12/08/2024 21.00,4452
12/08/2024 21.15,4446
12/08/2024 21.30,4476
12/08/2024 21.45,4488
12/08/2024 22.00,3852
12/08/2024 22.15,3654
12/08/2024 22.30,3864
12/08/2024 22.45,3936
12/08/2024 23.00,3876
12/08/2024 23.15,3750
12/08/2024 23.30,3504
12/08/2024 23.45,3696
13/08/2024 00.00,4020
13/08/2024 00.15,3888
13/08/2024 00.30,4212
13/08/2024 00.45,4302
13/08/2024 01.00,3990
13/08/2024 01.15,3960
13/08/2024 01.30,4452
13/08/2024 01.45,4464
13/08/2024 02.00,3894
13/08/2024 02.15,3876
13/08/2024 02.30,3852
13/08/2024 02.45,3486
13/08/2024 03.00,3384
13/08/2024 03.15,3504
13/08/2024 03.30,3996
13/08/2024 03.45,4272
13/08/2024 04.00,4440
13/08/2024 04.15,4188
13/08/2024 04.30,4158
13/08/2024 04.45,4128
13/08/2024 05.00,4026
13/08/2024 05.15,3900
13/08/2024 05.30,3630
13/08/2024 05.45,3384
13/08/2024 06.00,3486
13/08/2024 06.15,3822
13/08/2024 06.30,3912
13/08/2024 06.45,3942
13/08/2024 07.00,4200
13/08/2024 07.15,3576
13/08/2024 07.30,3474
13/08/2024 07.45,3174
13/08/2024 08.00,2496
13/08/2024 08.15,2694
13/08/2024 08.30,2538
13/08/2024 08.45,2562
13/08/2024 09.00,2664
13/08/2024 09.15,2586
13/08/2024 09.30,1638
13/08/2024 09.45,1824
13/08/2024 10.00,1602
13/08/2024 10.15,1572
13/08/2024 10.30,2034
13/08/2024 10.45,2028
13/08/2024 11.00,1944
13/08/2024 11.15,978
13/08/2024 11.30,1530
13/08/2024 11.45,1452
13/08/2024 12.00,1632
13/08/2024 12.15,1362
13/08/2024 12.30,1680
13/08/2024 12.45,1392
13/08/2024 13.00,924
13/08/2024 13.15,888
13/08/2024 13.30,1278
13/08/2024 13.45,1248
13/08/2024 14.00,1416
13/08/2024 14.15,3168
13/08/2024 14.30,3810
13/08/2024 14.45,3900
13/08/2024 15.00,3804
13/08/2024 15.15,3942
13/08/2024 15.30,4074
13/08/2024 15.45,4200
13/08/2024 16.00,4350
13/08/2024 16.15,4452
13/08/2024 16.30,4320
13/08/2024 16.45,4152
13/08/2024 17.00,3990
13/08/2024 17.15,4320
13/08/2024 17.30,3966
13/08/2024 17.45,4260
13/08/2024 18.00,4452
13/08/2024 18.15,4536
13/08/2024 18.30,4542
13/08/2024 18.45,4506
13/08/2024 19.00,4092
13/08/2024 19.15,3936
13/08/2024 19.30,3516
13/08/2024 19.45,3018
13/08/2024 20.00,3096
13/08/2024 20.15,3972
13/08/2024 20.30,4506
13/08/2024 20.45,4470
13/08/2024 21.00,4380
13/08/2024 21.15,4428
13/08/2024 21.30,4266
13/08/2024 21.45,4056
13/08/2024 22.00,3894
13/08/2024 22.15,3864
13/08/2024 22.30,3762
13/08/2024 22.45,3702
13/08/2024 23.00,3480
13/08/2024 23.15,3504
13/08/2024 23.30,3486
13/08/2024 23.45,3576
14/08/2024 00.00,4068
14/08/2024 00.15,4164
14/08/2024 00.30,4308
14/08/2024 00.45,4392
14/08/2024 01.00,4116
14/08/2024 01.15,3126
14/08/2024 01.30,2892
14/08/2024 01.45,3006
14/08/2024 02.00,2712
14/08/2024 02.15,2622
14/08/2024 02.30,2634
14/08/2024 02.45,2664
14/08/2024 03.00,2556
14/08/2024 03.15,2664
14/08/2024 03.30,2616
14/08/2024 03.45,2640
14/08/2024 04.00,2892
14/08/2024 04.15,2868
14/08/2024 04.30,2766
14/08/2024 04.45,2826
14/08/2024 05.00,2976
14/08/2024 05.15,2904
14/08/2024 05.30,2922
14/08/2024 05.45,2484
14/08/2024 06.00,2238
14/08/2024 06.15,2472
14/08/2024 06.30,2790
14/08/2024 06.45,2676
14/08/2024 07.00,2460
14/08/2024 07.15,2172
14/08/2024 07.30,2040
14/08/2024 07.45,1374
14/08/2024 08.00,852
14/08/2024 08.15,954
14/08/2024 08.30,894
14/08/2024 08.45,1170
14/08/2024 09.00,1122
14/08/2024 09.15,1056
14/08/2024 09.30,1020
14/08/2024 09.45,750
14/08/2024 10.00,702
14/08/2024 10.15,708
14/08/2024 10.30,708
14/08/2024 10.45,816
14/08/2024 11.00,798
14/08/2024 11.15,708
14/08/2024 11.30,660
14/08/2024 11.45,648
14/08/2024 12.00,720
14/08/2024 12.15,600
14/08/2024 12.30,870
14/08/2024 12.45,546
14/08/2024 13.00,756
14/08/2024 13.15,420
14/08/2024 13.30,1068
14/08/2024 13.45,858
14/08/2024 14.00,438
14/08/2024 14.15,540
14/08/2024 14.30,954
14/08/2024 14.45,1218
14/08/2024 15.00,1290
14/08/2024 15.15,1722
14/08/2024 15.30,1506
14/08/2024 15.45,1578
14/08/2024 16.00,1716
14/08/2024 16.15,1740
14/08/2024 16.30,1512
14/08/2024 16.45,1650
14/08/2024 17.00,1500
14/08/2024 17.15,1368
14/08/2024 17.30,1266
14/08/2024 17.45,1422
14/08/2024 18.00,1926
14/08/2024 18.15,1884
14/08/2024 18.30,1872
14/08/2024 18.45,1872
14/08/2024 19.00,1968
14/08/2024 19.15,1908
14/08/2024 19.30,1962
14/08/2024 19.45,1674
14/08/2024 20.00,1368
14/08/2024 20.15,1938
14/08/2024 20.30,2070
14/08/2024 20.45,2028
14/08/2024 21.00,1980
14/08/2024 21.15,2022
14/08/2024 21.30,1950
14/08/2024 21.45,1956
14/08/2024 22.00,2064
14/08/2024 22.15,2070
14/08/2024 22.30,2142
14/08/2024 22.45,2094
14/08/2024 23.00,2004
14/08/2024 23.15,1800
14/08/2024 23.30,1632
14/08/2024 23.45,1626
15/08/2024 00.00,1602
15/08/2024 00.15,1590
15/08/2024 00.30,1572
15/08/2024 00.45,1590
15/08/2024 01.00,1782
15/08/2024 01.15,1998
15/08/2024 01.30,1926
15/08/2024 01.45,1944
15/08/2024 02.00,1548
15/08/2024 02.15,2028
15/08/2024 02.30,2028
15/08/2024 02.45,1656
15/08/2024 03.00,1800
15/08/2024 03.15,1854
15/08/2024 03.30,1818
15/08/2024 03.45,2034
15/08/2024 04.00,1860
15/08/2024 04.15,1716
15/08/2024 04.30,1590
15/08/2024 04.45,1584
15/08/2024 05.00,1686
15/08/2024 05.15,1728
15/08/2024 05.30,1560
15/08/2024 05.45,1488
15/08/2024 06.00,1512
15/08/2024 06.15,1632
15/08/2024 06.30,1710
15/08/2024 06.45,1368
15/08/2024 07.00,1440
15/08/2024 07.15,1656
15/08/2024 07.30,1548
15/08/2024 07.45,1476
15/08/2024 08.00,1404
15/08/2024 08.15,1368
15/08/2024 08.30,1236
15/08/2024 08.45,1092
15/08/2024 09.00,768
15/08/2024 09.15,756
15/08/2024 09.30,690
15/08/2024 09.45,462
15/08/2024 10.00,630
15/08/2024 10.15,618
15/08/2024 10.30,588
15/08/2024 10.45,720
15/08/2024 11.00,1140
15/08/2024 11.15,738
15/08/2024 11.30,606
15/08/2024 11.45,492
15/08/2024 12.00,426
15/08/2024 12.15,954
15/08/2024 12.30,840
15/08/2024 12.45,882
15/08/2024 13.00,1038
15/08/2024 13.15,996
15/08/2024 13.30,1284
15/08/2024 13.45,1818
15/08/2024 14.00,1818
15/08/2024 14.15,1932
15/08/2024 14.30,1968
15/08/2024 14.45,1704
15/08/2024 15.00,1170
15/08/2024 15.15,1158
15/08/2024 15.30,1686
15/08/2024 15.45,1872
15/08/2024 16.00,1476
15/08/2024 16.15,1644
15/08/2024 16.30,1764
15/08/2024 16.45,1860
15/08/2024 17.00,1884
15/08/2024 17.15,1824
15/08/2024 17.30,1986
15/08/2024 17.45,1944
15/08/2024 18.00,1926
15/08/2024 18.15,2004
15/08/2024 18.30,1986
15/08/2024 18.45,2028
15/08/2024 19.00,1824
15/08/2024 19.15,1488
15/08/2024 19.30,2004
15/08/2024 19.45,2034
15/08/2024 20.00,1992
15/08/2024 20.15,1944
15/08/2024 20.30,1980
15/08/2024 20.45,1902
15/08/2024 21.00,1872
15/08/2024 21.15,1770
15/08/2024 21.30,2064
15/08/2024 21.45,1632
15/08/2024 22.00,1308
15/08/2024 22.15,1836
15/08/2024 22.30,2184
15/08/2024 22.45,2016
15/08/2024 23.00,2112
15/08/2024 23.15,2040
15/08/2024 23.30,2034
15/08/2024 23.45,2058
16/08/2024 00.00,1836
16/08/2024 00.15,1362
16/08/2024 00.30,1404
16/08/2024 00.45,2040
16/08/2024 01.00,1836
16/08/2024 01.15,2010
16/08/2024 01.30,2064
16/08/2024 01.45,1884
16/08/2024 02.00,1668
16/08/2024 02.15,1614
16/08/2024 02.30,1872
16/08/2024 02.45,1692
16/08/2024 03.00,1806
16/08/2024 03.15,1656
16/08/2024 03.30,1740
16/08/2024 03.45,1764
16/08/2024 04.00,1932
16/08/2024 04.15,2106
16/08/2024 04.30,2064
16/08/2024 04.45,2028
16/08/2024 05.00,2160
16/08/2024 05.15,1956
16/08/2024 05.30,1848
16/08/2024 05.45,1320
16/08/2024 06.00,1392
16/08/2024 06.15,2112
16/08/2024 06.30,2028
16/08/2024 06.45,1740
16/08/2024 07.00,1764
16/08/2024 07.15,1554
16/08/2024 07.30,1524
16/08/2024 07.45,1236
16/08/2024 08.00,966
16/08/2024 08.15,1068
16/08/2024 08.30,804
16/08/2024 08.45,966
16/08/2024 09.00,888
16/08/2024 09.15,606
16/08/2024 09.30,672
16/08/2024 09.45,702
16/08/2024 10.00,660
16/08/2024 10.15,636
16/08/2024 10.30,606
16/08/2024 10.45,648
16/08/2024 11.00,1008
16/08/2024 11.15,1116
16/08/2024 11.30,1176
16/08/2024 11.45,948
16/08/2024 12.00,954
16/08/2024 12.15,984
16/08/2024 12.30,804
16/08/2024 12.45,834
16/08/2024 13.00,876
16/08/2024 13.15,732
16/08/2024 13.30,600
16/08/2024 13.45,486
16/08/2024 14.00,552
16/08/2024 14.15,846
16/08/2024 14.30,1566
16/08/2024 14.45,1098
16/08/2024 15.00,1056
16/08/2024 15.15,1038
16/08/2024 15.30,882
16/08/2024 15.45,1026
16/08/2024 16.00,1068
16/08/2024 16.15,1200
16/08/2024 16.30,1056
16/08/2024 16.45,1092
16/08/2024 17.00,1416
16/08/2024 17.15,1404
16/08/2024 17.30,1578
16/08/2024 17.45,1632
16/08/2024 18.00,1686
16/08/2024 18.15,1578
16/08/2024 18.30,1710
16/08/2024 18.45,1584
16/08/2024 19.00,1644
16/08/2024 19.15,1680
16/08/2024 19.30,1674
16/08/2024 19.45,1770
16/08/2024 20.00,1920
16/08/2024 20.15,2058
16/08/2024 20.30,2082
16/08/2024 20.45,2130
16/08/2024 21.00,2208
16/08/2024 21.15,2040
16/08/2024 21.30,2220
16/08/2024 21.45,1740
16/08/2024 22.00,1488
16/08/2024 22.15,2112
16/08/2024 22.30,2052
16/08/2024 22.45,2202
16/08/2024 23.00,2190
16/08/2024 23.15,2136
16/08/2024 23.30,2172
16/08/2024 23.45,1902
17/08/2024 00.00,1728
17/08/2024 00.15,1734
17/08/2024 00.30,1704
17/08/2024 00.45,1686
17/08/2024 01.00,1710
17/08/2024 01.15,1770
17/08/2024 01.30,1764
17/08/2024 01.45,1686
17/08/2024 02.00,1578
17/08/2024 02.15,1650
17/08/2024 02.30,1572
17/08/2024 02.45,1566
17/08/2024 03.00,1608
17/08/2024 03.15,1584
17/08/2024 03.30,1518
17/08/2024 03.45,1518
17/08/2024 04.00,1572
17/08/2024 04.15,1578
17/08/2024 04.30,1536
17/08/2024 04.45,1584
17/08/2024 05.00,1614
17/08/2024 05.15,1530
17/08/2024 05.30,1614
17/08/2024 05.45,1524
17/08/2024 06.00,1494
17/08/2024 06.15,1680
17/08/2024 06.30,1974
17/08/2024 06.45,1896
17/08/2024 07.00,1842
17/08/2024 07.15,1860
17/08/2024 07.30,1680
17/08/2024 07.45,1680
17/08/2024 08.00,1668
17/08/2024 08.15,1446
17/08/2024 08.30,1506
17/08/2024 08.45,1374
17/08/2024 09.00,1500
17/08/2024 09.15,1476
17/08/2024 09.30,1506
17/08/2024 09.45,1590
17/08/2024 10.00,1572
17/08/2024 10.15,1452
17/08/2024 10.30,1404
17/08/2024 10.45,1386
17/08/2024 11.00,1338
17/08/2024 11.15,1218
17/08/2024 11.30,1020
17/08/2024 11.45,708
17/08/2024 12.00,408
17/08/2024 12.15,474
17/08/2024 12.30,456
17/08/2024 12.45,720
17/08/2024 13.00,828
17/08/2024 13.15,834
17/08/2024 13.30,828
17/08/2024 13.45,834
17/08/2024 14.00,858
17/08/2024 14.15,936
17/08/2024 14.30,666
17/08/2024 14.45,504
17/08/2024 15.00,540
17/08/2024 15.15,816
17/08/2024 15.30,924
17/08/2024 15.45,1560
17/08/2024 16.00,2100
17/08/2024 16.15,2094
17/08/2024 16.30,2082
17/08/2024 16.45,1842
17/08/2024 17.00,1548
17/08/2024 17.15,1638
17/08/2024 17.30,1668
17/08/2024 17.45,1518
17/08/2024 18.00,1464
17/08/2024 18.15,1620
17/08/2024 18.30,1620
17/08/2024 18.45,1518
17/08/2024 19.00,1956
17/08/2024 19.15,1920
17/08/2024 19.30,2076
17/08/2024 19.45,2124
17/08/2024 20.00,2118
17/08/2024 20.15,2040
17/08/2024 20.30,2118
17/08/2024 20.45,2028
17/08/2024 21.00,1944
17/08/2024 21.15,1908
17/08/2024 21.30,1968
17/08/2024 21.45,2028
17/08/2024 22.00,2028
17/08/2024 22.15,2070
17/08/2024 22.30,1962
17/08/2024 22.45,1728
17/08/2024 23.00,1980
17/08/2024 23.15,1998
17/08/2024 23.30,1866
17/08/2024 23.45,2040
18/08/2024 00.00,1392
18/08/2024 00.15,1452
18/08/2024 00.30,2046
18/08/2024 00.45,1884
18/08/2024 01.00,1974
18/08/2024 01.15,1656
18/08/2024 01.30,1806
18/08/2024 01.45,1662
18/08/2024 02.00,1452
18/08/2024 02.15,1548
18/08/2024 02.30,1656
18/08/2024 02.45,1998
18/08/2024 03.00,2010
18/08/2024 03.15,2112
18/08/2024 03.30,1986
18/08/2024 03.45,1806
18/08/2024 04.00,1434
18/08/2024 04.15,1632
18/08/2024 04.30,1872
18/08/2024 04.45,1506
18/08/2024 05.00,1776
18/08/2024 05.15,1968
18/08/2024 05.30,1950
18/08/2024 05.45,1392
18/08/2024 06.00,1326
18/08/2024 06.15,1776
18/08/2024 06.30,1788
18/08/2024 06.45,1674
18/08/2024 07.00,1566
18/08/2024 07.15,1452
18/08/2024 07.30,1434
18/08/2024 07.45,1440
18/08/2024 08.00,828
18/08/2024 08.15,744
18/08/2024 08.30,828
18/08/2024 08.45,792
18/08/2024 09.00,780
18/08/2024 09.15,708
18/08/2024 09.30,828
18/08/2024 09.45,936
18/08/2024 10.00,984
18/08/2024 10.15,954
18/08/2024 10.30,798
18/08/2024 10.45,636
18/08/2024 11.00,648
18/08/2024 11.15,456
18/08/2024 11.30,528
18/08/2024 11.45,720
18/08/2024 12.00,522
18/08/2024 12.15,612
18/08/2024 12.30,558
18/08/2024 12.45,576
18/08/2024 13.00,450
18/08/2024 13.15,492
18/08/2024 13.30,924
18/08/2024 13.45,516
18/08/2024 14.00,558
18/08/2024 14.15,666
18/08/2024 14.30,780
18/08/2024 14.45,846
18/08/2024 15.00,912
18/08/2024 15.15,1152
18/08/2024 15.30,1500
18/08/2024 15.45,1458
18/08/2024 16.00,1398
18/08/2024 16.15,1380
18/08/2024 16.30,1434
18/08/2024 16.45,1812
18/08/2024 17.00,1896
18/08/2024 17.15,1962
18/08/2024 17.30,1944
18/08/2024 17.45,1974
18/08/2024 18.00,2070
18/08/2024 18.15,1980
18/08/2024 18.30,2016
18/08/2024 18.45,2100
18/08/2024 19.00,2184
18/08/2024 19.15,2226
18/08/2024 19.30,2112
18/08/2024 19.45,1896
18/08/2024 20.00,1914
18/08/2024 20.15,1848
18/08/2024 20.30,1920
18/08/2024 20.45,2064
18/08/2024 21.00,2178
18/08/2024 21.15,2070
18/08/2024 21.30,2022
18/08/2024 21.45,1740
18/08/2024 22.00,1452
18/08/2024 22.15,1788
18/08/2024 22.30,1872
18/08/2024 22.45,2172
18/08/2024 23.00,2304
18/08/2024 23.15,2208
18/08/2024 23.30,2256
18/08/2024 23.45,2214
19/08/2024 00.00,2028
19/08/2024 00.15,1854
19/08/2024 00.30,1986
19/08/2024 00.45,2112
19/08/2024 01.00,1914
19/08/2024 01.15,1770
19/08/2024 01.30,1752
19/08/2024 01.45,1740
19/08/2024 02.00,1722
19/08/2024 02.15,1698
19/08/2024 02.30,1830
19/08/2024 02.45,1812
19/08/2024 03.00,1668
19/08/2024 03.15,2076
19/08/2024 03.30,2154
19/08/2024 03.45,1998
19/08/2024 04.00,1950
19/08/2024 04.15,2034
19/08/2024 04.30,2040
19/08/2024 04.45,2142
19/08/2024 05.00,2082
19/08/2024 05.15,2112
19/08/2024 05.30,2088
19/08/2024 05.45,1704
19/08/2024 06.00,1380
19/08/2024 06.15,1998
19/08/2024 06.30,1908
19/08/2024 06.45,1926
19/08/2024 07.00,1680
19/08/2024 07.15,1452
19/08/2024 07.30,1656
19/08/2024 07.45,1416
19/08/2024 08.00,1230
19/08/2024 08.15,1332
19/08/2024 08.30,1254
19/08/2024 08.45,894
19/08/2024 09.00,756
19/08/2024 09.15,1092
19/08/2024 09.30,840
19/08/2024 09.45,624
19/08/2024 10.00,564
19/08/2024 10.15,588
19/08/2024 10.30,600
19/08/2024 10.45,402
19/08/2024 11.00,612
19/08/2024 11.15,654
19/08/2024 11.30,546
19/08/2024 11.45,408
19/08/2024 12.00,810
19/08/2024 12.15,486
19/08/2024 12.30,762
19/08/2024 12.45,468
19/08/2024 13.00,708
19/08/2024 13.15,984
19/08/2024 13.30,1038
19/08/2024 13.45,834
19/08/2024 14.00,1020
19/08/2024 14.15,1092
19/08/2024 14.30,1236
19/08/2024 14.45,1008
19/08/2024 15.00,852
19/08/2024 15.15,1320
19/08/2024 15.30,1518
19/08/2024 15.45,1356
19/08/2024 16.00,1554
19/08/2024 16.15,1560
19/08/2024 16.30,1380
19/08/2024 16.45,1650
19/08/2024 17.00,1584
19/08/2024 17.15,1734
19/08/2024 17.30,1968
19/08/2024 17.45,2046
19/08/2024 18.00,2100
19/08/2024 18.15,2034
19/08/2024 18.30,2106
19/08/2024 18.45,1788
19/08/2024 19.00,1764
19/08/2024 19.15,1734
19/08/2024 19.30,1776
19/08/2024 19.45,1704
19/08/2024 20.00,1812
19/08/2024 20.15,1644
19/08/2024 20.30,1728
19/08/2024 20.45,1722
19/08/2024 21.00,1698
19/08/2024 21.15,1722
19/08/2024 21.30,1872
19/08/2024 21.45,2148
19/08/2024 22.00,2268
19/08/2024 22.15,2196
19/08/2024 22.30,1734
19/08/2024 22.45,2178
19/08/2024 23.00,1926
19/08/2024 23.15,1734
19/08/2024 23.30,1530
19/08/2024 23.45,1332
20/08/2024 00.00,1320
20/08/2024 00.15,1284
20/08/2024 00.30,1284
20/08/2024 00.45,1278
20/08/2024 01.00,1320
20/08/2024 01.15,1308
20/08/2024 01.30,1284
20/08/2024 01.45,1218
20/08/2024 02.00,1218
20/08/2024 02.15,1116
20/08/2024 02.30,1146
20/08/2024 02.45,1122
20/08/2024 03.00,1182
20/08/2024 03.15,1182
20/08/2024 03.30,1176
20/08/2024 03.45,1128
20/08/2024 04.00,1116
20/08/2024 04.15,1098
20/08/2024 04.30,1104
20/08/2024 04.45,1104
20/08/2024 05.00,1092
20/08/2024 05.15,1092
20/08/2024 05.30,1092
20/08/2024 05.45,504
20/08/2024 06.00,372
20/08/2024 06.15,720
20/08/2024 06.30,804
20/08/2024 06.45,858
20/08/2024 07.00,774
20/08/2024 07.15,774
20/08/2024 07.30,822
20/08/2024 07.45,702
20/08/2024 08.00,552
20/08/2024 08.15,204
20/08/2024 08.30,192
20/08/2024 08.45,150
20/08/2024 09.00,102
20/08/2024 09.15,60
20/08/2024 09.30,24
20/08/2024 09.45,12
20/08/2024 10.00,12
20/08/2024 10.15,24
20/08/2024 10.30,36
20/08/2024 10.45,144
20/08/2024 11.00,138
20/08/2024 11.15,144
20/08/2024 11.30,138
20/08/2024 11.45,132
20/08/2024 12.00,48
20/08/2024 12.15,72
20/08/2024 12.30,54
20/08/2024 12.45,12
20/08/2024 13.00,6
20/08/2024 13.15,0
20/08/2024 13.30,12
20/08/2024 13.45,18
20/08/2024 14.00,12
20/08/2024 14.15,0
20/08/2024 14.30,18
20/08/2024 14.45,0
20/08/2024 15.00,12
20/08/2024 15.15,30
20/08/2024 15.30,18
20/08/2024 15.45,24
20/08/2024 16.00,84
20/08/2024 16.15,132
20/08/2024 16.30,156
20/08/2024 16.45,180
20/08/2024 17.00,186
20/08/2024 17.15,180
20/08/2024 17.30,180
20/08/2024 17.45,216
20/08/2024 18.00,234
20/08/2024 18.15,258
20/08/2024 18.30,264
20/08/2024 18.45,252
20/08/2024 19.00,264
20/08/2024 19.15,288
20/08/2024 19.30,252
20/08/2024 19.45,264
20/08/2024 20.00,288
20/08/2024 20.15,252
20/08/2024 20.30,252
20/08/2024 20.45,258
20/08/2024 21.00,252
20/08/2024 21.15,264
20/08/2024 21.30,282
20/08/2024 21.45,264
20/08/2024 22.00,294
20/08/2024 22.15,336
20/08/2024 22.30,348
20/08/2024 22.45,336
20/08/2024 23.00,348
20/08/2024 23.15,360
20/08/2024 23.30,342
20/08/2024 23.45,360
21/08/2024 00.00,342
21/08/2024 00.15,330
21/08/2024 00.30,330
21/08/2024 00.45,330
21/08/2024 01.00,312
21/08/2024 01.15,354
21/08/2024 01.30,312
21/08/2024 01.45,288
21/08/2024 02.00,300
21/08/2024 02.15,300
21/08/2024 02.30,294
21/08/2024 02.45,288
21/08/2024 03.00,282
21/08/2024 03.15,270
21/08/2024 03.30,282
21/08/2024 03.45,288
21/08/2024 04.00,294
21/08/2024 04.15,270
21/08/2024 04.30,276
21/08/2024 04.45,264
21/08/2024 05.00,246
21/08/2024 05.15,240
21/08/2024 05.30,240
21/08/2024 05.45,216
21/08/2024 06.00,156
21/08/2024 06.15,96
21/08/2024 06.30,72
21/08/2024 06.45,78
21/08/2024 07.00,24
21/08/2024 07.15,6
21/08/2024 07.30,6
21/08/2024 07.45,6
21/08/2024 08.00,12
21/08/2024 08.15,0
21/08/2024 08.30,6
21/08/2024 08.45,24
21/08/2024 09.00,0
21/08/2024 09.15,12
21/08/2024 09.30,0
21/08/2024 09.45,12
21/08/2024 10.00,36
21/08/2024 10.15,60
21/08/2024 10.30,66
21/08/2024 10.45,48
21/08/2024 11.00,42
21/08/2024 11.15,60
21/08/2024 11.30,78
21/08/2024 11.45,72
21/08/2024 12.00,78
21/08/2024 12.15,18
21/08/2024 12.30,0
21/08/2024 12.45,0
21/08/2024 13.00,18
21/08/2024 13.15,12
21/08/2024 13.30,12
21/08/2024 13.45,24
21/08/2024 14.00,12
21/08/2024 14.15,30
21/08/2024 14.30,42
21/08/2024 14.45,78
21/08/2024 15.00,66
21/08/2024 15.15,66
21/08/2024 15.30,102
21/08/2024 15.45,132
21/08/2024 16.00,174
21/08/2024 16.15,192
21/08/2024 16.30,162
21/08/2024 16.45,150
21/08/2024 17.00,138
21/08/2024 17.15,48
21/08/2024 17.30,78
21/08/2024 17.45,132
21/08/2024 18.00,198
21/08/2024 18.15,234
21/08/2024 18.30,234
21/08/2024 18.45,246
21/08/2024 19.00,222
21/08/2024 19.15,234
21/08/2024 19.30,234
21/08/2024 19.45,234
21/08/2024 20.00,324
21/08/2024 20.15,444
21/08/2024 20.30,522
21/08/2024 20.45,702
21/08/2024 21.00,1044
21/08/2024 21.15,1146
21/08/2024 21.30,1218
21/08/2024 21.45,1632
21/08/2024 22.00,1728
21/08/2024 22.15,1842
21/08/2024 22.30,1782
21/08/2024 22.45,1626
21/08/2024 23.00,1812
21/08/2024 23.15,1896
21/08/2024 23.30,1872
21/08/2024 23.45,1944
22/08/2024 00.00,1812
22/08/2024 00.15,1914
22/08/2024 00.30,1992
22/08/2024 00.45,1956
22/08/2024 01.00,1950
22/08/2024 01.15,1872
22/08/2024 01.30,1908
22/08/2024 01.45,2034
22/08/2024 02.00,1902
22/08/2024 02.15,1800
22/08/2024 02.30,1932
22/08/2024 02.45,1872
22/08/2024 03.00,1500
22/08/2024 03.15,1308
22/08/2024 03.30,1620
22/08/2024 03.45,1722
22/08/2024 04.00,1434
22/08/2024 04.15,1470
22/08/2024 04.30,1608
22/08/2024 04.45,1632
22/08/2024 05.00,1644
22/08/2024 05.15,1710
22/08/2024 05.30,1632
22/08/2024 05.45,1560
22/08/2024 06.00,1524
22/08/2024 06.15,1356
22/08/2024 06.30,990
22/08/2024 06.45,888
22/08/2024 07.00,846
22/08/2024 07.15,774
22/08/2024 07.30,750
22/08/2024 07.45,912
22/08/2024 08.00,684
22/08/2024 08.15,642
22/08/2024 08.30,192
22/08/2024 08.45,270
22/08/2024 09.00,384
22/08/2024 09.15,438
22/08/2024 09.30,396
22/08/2024 09.45,348
22/08/2024 10.00,612
22/08/2024 10.15,900
22/08/2024 10.30,306
22/08/2024 10.45,834
22/08/2024 11.00,648
22/08/2024 11.15,348
22/08/2024 11.30,432
22/08/2024 11.45,594
22/08/2024 12.00,600
22/08/2024 12.15,474
22/08/2024 12.30,588
22/08/2024 12.45,1182
22/08/2024 13.00,492
22/08/2024 13.15,276
22/08/2024 13.30,510
22/08/2024 13.45,762
22/08/2024 14.00,666
22/08/2024 14.15,1020
22/08/2024 14.30,924
22/08/2024 14.45,1008
22/08/2024 15.00,936
22/08/2024 15.15,1140
22/08/2024 15.30,1152
22/08/2024 15.45,996
22/08/2024 16.00,1068
22/08/2024 16.15,1464
22/08/2024 16.30,1230
22/08/2024 16.45,1512
22/08/2024 17.00,1038
22/08/2024 17.15,1134
22/08/2024 17.30,1434
22/08/2024 17.45,1434
22/08/2024 18.00,1584
22/08/2024 18.15,1512
22/08/2024 18.30,1290
22/08/2024 18.45,1386
22/08/2024 19.00,1998
22/08/2024 19.15,2010
22/08/2024 19.30,2040
22/08/2024 19.45,2046
22/08/2024 20.00,1944
22/08/2024 20.15,1674
22/08/2024 20.30,2076
22/08/2024 20.45,1956
22/08/2024 21.00,1464
22/08/2024 21.15,1632
22/08/2024 21.30,1548
22/08/2024 21.45,1494
22/08/2024 22.00,1362
22/08/2024 22.15,2070
22/08/2024 22.30,2076
22/08/2024 22.45,1980
22/08/2024 23.00,1824
22/08/2024 23.15,1662
22/08/2024 23.30,2088
22/08/2024 23.45,2124
23/08/2024 00.00,1824
23/08/2024 00.15,1506
23/08/2024 00.30,1746
23/08/2024 00.45,1704
23/08/2024 01.00,1794
23/08/2024 01.15,2088
23/08/2024 01.30,1968
23/08/2024 01.45,1962
23/08/2024 02.00,1836
23/08/2024 02.15,1776
23/08/2024 02.30,1524
23/08/2024 02.45,1578
23/08/2024 03.00,1614
23/08/2024 03.15,1794
23/08/2024 03.30,1998
23/08/2024 03.45,1506
23/08/2024 04.00,1440
23/08/2024 04.15,1548
23/08/2024 04.30,1524
23/08/2024 04.45,1464
23/08/2024 05.00,1560
23/08/2024 05.15,1542
23/08/2024 05.30,1488
23/08/2024 05.45,1536
23/08/2024 06.00,1518
23/08/2024 06.15,1584
23/08/2024 06.30,1806
23/08/2024 06.45,1722
23/08/2024 07.00,1494
23/08/2024 07.15,1506
23/08/2024 07.30,1464
23/08/2024 07.45,1104
23/08/2024 08.00,972
23/08/2024 08.15,816
23/08/2024 08.30,588
23/08/2024 08.45,816
23/08/2024 09.00,918
23/08/2024 09.15,1044
23/08/2024 09.30,1272
23/08/2024 09.45,1110
23/08/2024 10.00,828
23/08/2024 10.15,648
23/08/2024 10.30,606
23/08/2024 10.45,690
23/08/2024 11.00,1026
23/08/2024 11.15,990
23/08/2024 11.30,978
23/08/2024 11.45,1014
23/08/2024 12.00,948
23/08/2024 12.15,756
23/08/2024 12.30,504
23/08/2024 12.45,312
23/08/2024 13.00,462
23/08/2024 13.15,504
23/08/2024 13.30,618
23/08/2024 13.45,570
23/08/2024 14.00,642
23/08/2024 14.15,804
23/08/2024 14.30,960
23/08/2024 14.45,1308
23/08/2024 15.00,1536
23/08/2024 15.15,1620
23/08/2024 15.30,1608
23/08/2024 15.45,1710
23/08/2024 16.00,1578
23/08/2024 16.15,1848
23/08/2024 16.30,1860
23/08/2024 16.45,1974
23/08/2024 17.00,2064
23/08/2024 17.15,1956
23/08/2024 17.30,1992
23/08/2024 17.45,1350
23/08/2024 18.00,1332
23/08/2024 18.15,1974
23/08/2024 18.30,2004
23/08/2024 18.45,1872
23/08/2024 19.00,1926
23/08/2024 19.15,1584
23/08/2024 19.30,1410
23/08/2024 19.45,1788
23/08/2024 20.00,1950
23/08/2024 20.15,1794
23/08/2024 20.30,1956
23/08/2024 20.45,1992
23/08/2024 21.00,1692
23/08/2024 21.15,1758
23/08/2024 21.30,2004
23/08/2024 21.45,1494
23/08/2024 22.00,1590
23/08/2024 22.15,2124
23/08/2024 22.30,1674
23/08/2024 22.45,1566
23/08/2024 23.00,1668
23/08/2024 23.15,1602
23/08/2024 23.30,1638
23/08/2024 23.45,1656
24/08/2024 00.00,1668
24/08/2024 00.15,1644
24/08/2024 00.30,1596
24/08/2024 00.45,1668
24/08/2024 01.00,1554
24/08/2024 01.15,1674
24/08/2024 01.30,1584
24/08/2024 01.45,1548
24/08/2024 02.00,1614
24/08/2024 02.15,1596
24/08/2024 02.30,1632
24/08/2024 02.45,1548
24/08/2024 03.00,1602
24/08/2024 03.15,1596
24/08/2024 03.30,1554
24/08/2024 03.45,1620
24/08/2024 04.00,1734
24/08/2024 04.15,1914
24/08/2024 04.30,1770
24/08/2024 04.45,2004
24/08/2024 05.00,1968
24/08/2024 05.15,1926
24/08/2024 05.30,1854
24/08/2024 05.45,1734
24/08/2024 06.00,1392
24/08/2024 06.15,1632
24/08/2024 06.30,1590
24/08/2024 06.45,1752
24/08/2024 07.00,1638
24/08/2024 07.15,1446
24/08/2024 07.30,1008
24/08/2024 07.45,954
24/08/2024 08.00,1374
24/08/2024 08.15,1272
24/08/2024 08.30,984
24/08/2024 08.45,816
24/08/2024 09.00,900
24/08/2024 09.15,774
24/08/2024 09.30,798
24/08/2024 09.45,732
24/08/2024 10.00,720
24/08/2024 10.15,744
24/08/2024 10.30,654
24/08/2024 10.45,672
24/08/2024 11.00,570
24/08/2024 11.15,612
24/08/2024 11.30,606
24/08/2024 11.45,588
24/08/2024 12.00,600
24/08/2024 12.15,804
24/08/2024 12.30,936
24/08/2024 12.45,528
24/08/2024 13.00,534
24/08/2024 13.15,564
24/08/2024 13.30,750
24/08/2024 13.45,408
24/08/2024 14.00,354
24/08/2024 14.15,792
24/08/2024 14.30,1272
24/08/2024 14.45,1248
24/08/2024 15.00,1146
24/08/2024 15.15,1248
24/08/2024 15.30,1308
24/08/2024 15.45,1146
24/08/2024 16.00,1092
24/08/2024 16.15,1446
24/08/2024 16.30,1650
24/08/2024 16.45,1476
24/08/2024 17.00,1482
24/08/2024 17.15,1446
24/08/2024 17.30,1386
24/08/2024 17.45,1488
24/08/2024 18.00,1584
24/08/2024 18.15,1650
24/08/2024 18.30,1596
24/08/2024 18.45,1428
24/08/2024 19.00,1542
24/08/2024 19.15,1572
24/08/2024 19.30,1590
24/08/2024 19.45,1560
24/08/2024 20.00,1644
24/08/2024 20.15,1632
24/08/2024 20.30,1560
24/08/2024 20.45,1536
24/08/2024 21.00,1548
24/08/2024 21.15,1722
24/08/2024 21.30,1710
24/08/2024 21.45,1506
24/08/2024 22.00,1734
24/08/2024 22.15,1956
24/08/2024 22.30,2088
24/08/2024 22.45,1956
24/08/2024 23.00,2040
24/08/2024 23.15,2046
24/08/2024 23.30,2052
24/08/2024 23.45,1836
25/08/2024 00.00,1578
25/08/2024 00.15,1590
25/08/2024 00.30,1674
25/08/2024 00.45,1560
25/08/2024 01.00,1626
25/08/2024 01.15,1572
25/08/2024 01.30,1584
25/08/2024 01.45,1542
25/08/2024 02.00,1896
25/08/2024 02.15,2004
25/08/2024 02.30,1932
25/08/2024 02.45,2112
25/08/2024 03.00,2100
25/08/2024 03.15,2016
25/08/2024 03.30,1854
25/08/2024 03.45,1932
25/08/2024 04.00,1860
25/08/2024 04.15,1950
25/08/2024 04.30,1932
25/08/2024 04.45,1848
25/08/2024 05.00,1872
25/08/2024 05.15,1890
25/08/2024 05.30,1848
25/08/2024 05.45,1542
25/08/2024 06.00,1356
25/08/2024 06.15,1932
25/08/2024 06.30,1806
25/08/2024 06.45,1752
25/08/2024 07.00,1692
25/08/2024 07.15,1572
25/08/2024 07.30,1308
25/08/2024 07.45,1032
25/08/2024 08.00,918
25/08/2024 08.15,1110
25/08/2024 08.30,1074
25/08/2024 08.45,906
25/08/2024 09.00,1008
25/08/2024 09.15,954
25/08/2024 09.30,954
25/08/2024 09.45,912
25/08/2024 10.00,924
25/08/2024 10.15,936
25/08/2024 10.30,882
25/08/2024 10.45,912
25/08/2024 11.00,648
25/08/2024 11.15,486
25/08/2024 11.30,402
25/08/2024 11.45,1056
25/08/2024 12.00,810
25/08/2024 12.15,498
25/08/2024 12.30,762
25/08/2024 12.45,852
25/08/2024 13.00,876
25/08/2024 13.15,960
25/08/2024 13.30,1002
25/08/2024 13.45,1128
25/08/2024 14.00,624
25/08/2024 14.15,768
25/08/2024 14.30,1134
25/08/2024 14.45,1062
25/08/2024 15.00,1260
25/08/2024 15.15,1398
25/08/2024 15.30,1452
25/08/2024 15.45,1218
25/08/2024 16.00,1248
25/08/2024 16.15,870
25/08/2024 16.30,1536
25/08/2024 16.45,1170
25/08/2024 17.00,894
25/08/2024 17.15,1326
25/08/2024 17.30,1536
25/08/2024 17.45,1788
25/08/2024 18.00,1776
25/08/2024 18.15,1806
25/08/2024 18.30,1764
25/08/2024 18.45,1668
25/08/2024 19.00,1434
25/08/2024 19.15,1584
25/08/2024 19.30,1518
25/08/2024 19.45,1770
25/08/2024 20.00,1968
25/08/2024 20.15,1632
25/08/2024 20.30,1488
25/08/2024 20.45,1632
25/08/2024 21.00,1902
25/08/2024 21.15,1896
25/08/2024 21.30,1638
25/08/2024 21.45,1428
25/08/2024 22.00,1530
25/08/2024 22.15,2070
25/08/2024 22.30,2106
25/08/2024 22.45,1902
25/08/2024 23.00,1656
25/08/2024 23.15,1632
25/08/2024 23.30,1566
25/08/2024 23.45,1548
26/08/2024 00.00,1656
26/08/2024 00.15,1620
26/08/2024 00.30,1656
26/08/2024 00.45,1710
26/08/2024 01.00,1668
26/08/2024 01.15,1560
26/08/2024 01.30,1566
26/08/2024 01.45,1668
26/08/2024 02.00,1584
26/08/2024 02.15,1572
26/08/2024 02.30,1602
26/08/2024 02.45,1644
26/08/2024 03.00,1548
26/08/2024 03.15,1518
26/08/2024 03.30,1542
26/08/2024 03.45,1548
26/08/2024 04.00,1632
26/08/2024 04.15,1566
26/08/2024 04.30,1914
26/08/2024 04.45,1932
26/08/2024 05.00,1872
26/08/2024 05.15,1824
26/08/2024 05.30,1494
26/08/2024 05.45,1278
26/08/2024 06.00,1296
26/08/2024 06.15,1956
26/08/2024 06.30,1908
26/08/2024 06.45,1800
26/08/2024 07.00,1824
26/08/2024 07.15,1638
26/08/2024 07.30,1518
26/08/2024 07.45,888
26/08/2024 08.00,720
26/08/2024 08.15,1200
26/08/2024 08.30,1194
26/08/2024 08.45,1416
26/08/2024 09.00,1128
26/08/2024 09.15,552
26/08/2024 09.30,708
26/08/2024 09.45,1038
26/08/2024 10.00,984
26/08/2024 10.15,906
26/08/2024 10.30,936
26/08/2024 10.45,936
26/08/2024 11.00,960
26/08/2024 11.15,1314
26/08/2024 11.30,1188
26/08/2024 11.45,1182
26/08/2024 12.00,1248
26/08/2024 12.15,954
26/08/2024 12.30,720
26/08/2024 12.45,504
26/08/2024 13.00,774
26/08/2024 13.15,1272
26/08/2024 13.30,762
26/08/2024 13.45,360
26/08/2024 14.00,528
26/08/2024 14.15,558
26/08/2024 14.30,1152
26/08/2024 14.45,1470
26/08/2024 15.00,1206
26/08/2024 15.15,1740
26/08/2024 15.30,1452
26/08/2024 15.45,1038
26/08/2024 16.00,1254
26/08/2024 16.15,1554
26/08/2024 16.30,1566
26/08/2024 16.45,1464
26/08/2024 17.00,1662
26/08/2024 17.15,1848
26/08/2024 17.30,1800
26/08/2024 17.45,2040
26/08/2024 18.00,2004
26/08/2024 18.15,2094
26/08/2024 18.30,1458
26/08/2024 18.45,1254
26/08/2024 19.00,1656
26/08/2024 19.15,2112
26/08/2024 19.30,2028
26/08/2024 19.45,1698
26/08/2024 20.00,1812
26/08/2024 20.15,1884
26/08/2024 20.30,2118
26/08/2024 20.45,2064
26/08/2024 21.00,1944
26/08/2024 21.15,2004
26/08/2024 21.30,2052
26/08/2024 21.45,1608
26/08/2024 22.00,1470
26/08/2024 22.15,1908
26/08/2024 22.30,1968
26/08/2024 22.45,1854
26/08/2024 23.00,1680
26/08/2024 23.15,1608
26/08/2024 23.30,1704
26/08/2024 23.45,1752
27/08/2024 00.00,1746
27/08/2024 00.15,1698
27/08/2024 00.30,1716
27/08/2024 00.45,1776
27/08/2024 01.00,1680
27/08/2024 01.15,1692
27/08/2024 01.30,1764
27/08/2024 01.45,1464
27/08/2024 02.00,1668
27/08/2024 02.15,1704
27/08/2024 02.30,1626
27/08/2024 02.45,1626
27/08/2024 03.00,1620
27/08/2024 03.15,2016
27/08/2024 03.30,2040
27/08/2024 03.45,1992
27/08/2024 04.00,1992
27/08/2024 04.15,2088
27/08/2024 04.30,1890
27/08/2024 04.45,1812
27/08/2024 05.00,1614
27/08/2024 05.15,1536
27/08/2024 05.30,1608
27/08/2024 05.45,1314
27/08/2024 06.00,1284
27/08/2024 06.15,1644
27/08/2024 06.30,1860
27/08/2024 06.45,1722
27/08/2024 07.00,1794
27/08/2024 07.15,1644
27/08/2024 07.30,1656
27/08/2024 07.45,1494
27/08/2024 08.00,1164
27/08/2024 08.15,780
27/08/2024 08.30,846
27/08/2024 08.45,1134
27/08/2024 09.00,1200
27/08/2024 09.15,1140
27/08/2024 09.30,1164
27/08/2024 09.45,744
27/08/2024 10.00,714
27/08/2024 10.15,672
27/08/2024 10.30,804
27/08/2024 10.45,456
27/08/2024 11.00,882
27/08/2024 11.15,810
27/08/2024 11.30,1284
27/08/2024 11.45,1188
27/08/2024 12.00,1188
27/08/2024 12.15,876
27/08/2024 12.30,756
27/08/2024 12.45,1128
27/08/2024 13.00,1308
27/08/2024 13.15,1128
27/08/2024 13.30,684
27/08/2024 13.45,1044
27/08/2024 14.00,1038
27/08/2024 14.15,1524
27/08/2024 14.30,1434
27/08/2024 14.45,1572
27/08/2024 15.00,1482
27/08/2024 15.15,1632
27/08/2024 15.30,1782
27/08/2024 15.45,1494
27/08/2024 16.00,1386
27/08/2024 16.15,1428
27/08/2024 16.30,1326
27/08/2024 16.45,1140
27/08/2024 17.00,1290
27/08/2024 17.15,1560
27/08/2024 17.30,1596
27/08/2024 17.45,1404
27/08/2024 18.00,1716
27/08/2024 18.15,1974
27/08/2024 18.30,1932
27/08/2024 18.45,1854
27/08/2024 19.00,1920
27/08/2024 19.15,1932
27/08/2024 19.30,2058
27/08/2024 19.45,1980
27/08/2024 20.00,2040
27/08/2024 20.15,2046
27/08/2024 20.30,1998
27/08/2024 20.45,2124
27/08/2024 21.00,1746
27/08/2024 21.15,1878
27/08/2024 21.30,2028
27/08/2024 21.45,1692
27/08/2024 22.00,1284
27/08/2024 22.15,1920
27/08/2024 22.30,2190
27/08/2024 22.45,2040
27/08/2024 23.00,2088
27/08/2024 23.15,1950
27/08/2024 23.30,1788
27/08/2024 23.45,1452
28/08/2024 00.00,1770
28/08/2024 00.15,1698
28/08/2024 00.30,1656
28/08/2024 00.45,1668
28/08/2024 01.00,1746
28/08/2024 01.15,1638
28/08/2024 01.30,1596
28/08/2024 01.45,1770
28/08/2024 02.00,1962
28/08/2024 02.15,2052
28/08/2024 02.30,2010
28/08/2024 02.45,1980
28/08/2024 03.00,2004
28/08/2024 03.15,1848
28/08/2024 03.30,1512
28/08/2024 03.45,1788
28/08/2024 04.00,1878
28/08/2024 04.15,1830
28/08/2024 04.30,1644
28/08/2024 04.45,1836
28/08/2024 05.00,1728
28/08/2024 05.15,1752
28/08/2024 05.30,1866
28/08/2024 05.45,1836
28/08/2024 06.00,1308
28/08/2024 06.15,936
28/08/2024 06.30,858
28/08/2024 06.45,744
28/08/2024 07.00,678
28/08/2024 07.15,552
28/08/2024 07.30,270
28/08/2024 07.45,18
28/08/2024 08.00,6
28/08/2024 08.15,12
28/08/2024 08.30,48
28/08/2024 08.45,24
28/08/2024 09.00,24
28/08/2024 09.15,18
28/08/2024 09.30,18
28/08/2024 09.45,18
28/08/2024 10.00,30
28/08/2024 10.15,30
28/08/2024 10.30,66
28/08/2024 10.45,114
28/08/2024 11.00,96
28/08/2024 11.15,132
28/08/2024 11.30,144
28/08/2024 11.45,210
28/08/2024 12.00,138
28/08/2024 12.15,150
28/08/2024 12.30,126
28/08/2024 12.45,96
28/08/2024 13.00,36
28/08/2024 13.15,30
28/08/2024 13.30,30
28/08/2024 13.45,48
28/08/2024 14.00,48
28/08/2024 14.15,24
28/08/2024 14.30,42
28/08/2024 14.45,108
28/08/2024 15.00,78
28/08/2024 15.15,120
28/08/2024 15.30,144
28/08/2024 15.45,162
28/08/2024 16.00,18
28/08/2024 16.15,12
28/08/2024 16.30,48
28/08/2024 16.45,90
28/08/2024 17.00,84
28/08/2024 17.15,96
28/08/2024 17.30,96
28/08/2024 17.45,144
28/08/2024 18.00,156
28/08/2024 18.15,150
28/08/2024 18.30,156
28/08/2024 18.45,156
28/08/2024 19.00,138
28/08/2024 19.15,132
28/08/2024 19.30,144
28/08/2024 19.45,132
28/08/2024 20.00,156
28/08/2024 20.15,228
28/08/2024 20.30,222
28/08/2024 20.45,234
28/08/2024 21.00,228
28/08/2024 21.15,240
28/08/2024 21.30,240
28/08/2024 21.45,252
28/08/2024 22.00,264
28/08/2024 22.15,264
28/08/2024 22.30,288
28/08/2024 22.45,288
28/08/2024 23.00,288
28/08/2024 23.15,282
28/08/2024 23.30,288
28/08/2024 23.45,294
29/08/2024 00.00,300
29/08/2024 00.15,294
29/08/2024 00.30,300
29/08/2024 00.45,282
29/08/2024 01.00,306
29/08/2024 01.15,336
29/08/2024 01.30,348
29/08/2024 01.45,348
29/08/2024 02.00,348
29/08/2024 02.15,330
29/08/2024 02.30,342
29/08/2024 02.45,354
29/08/2024 03.00,330
29/08/2024 03.15,330
29/08/2024 03.30,348
29/08/2024 03.45,330
29/08/2024 04.00,330
29/08/2024 04.15,324
29/08/2024 04.30,336
29/08/2024 04.45,324
29/08/2024 05.00,318
29/08/2024 05.15,312
29/08/2024 05.30,240
29/08/2024 05.45,252
29/08/2024 06.00,270
29/08/2024 06.15,276
29/08/2024 06.30,294
29/08/2024 06.45,252
29/08/2024 07.00,168
29/08/2024 07.15,210
29/08/2024 07.30,84
29/08/2024 07.45,72
29/08/2024 08.00,366
29/08/2024 08.15,708
29/08/2024 08.30,636
29/08/2024 08.45,1080
29/08/2024 09.00,1164
29/08/2024 09.15,1260
29/08/2024 09.30,1014
29/08/2024 09.45,1440
29/08/2024 10.00,1116
29/08/2024 10.15,480
29/08/2024 10.30,696
29/08/2024 10.45,564
29/08/2024 11.00,618
29/08/2024 11.15,252
29/08/2024 11.30,666
29/08/2024 11.45,738
29/08/2024 12.00,780
29/08/2024 12.15,792
29/08/2024 12.30,660
29/08/2024 12.45,522
29/08/2024 13.00,1242
29/08/2024 13.15,1464
29/08/2024 13.30,1518
29/08/2024 13.45,1332
29/08/2024 14.00,1254
29/08/2024 14.15,1260
29/08/2024 14.30,1548
29/08/2024 14.45,1902
29/08/2024 15.00,1908
29/08/2024 15.15,2076
29/08/2024 15.30,2136
29/08/2024 15.45,2040
29/08/2024 16.00,1476
29/08/2024 16.15,1686
29/08/2024 16.30,1764
29/08/2024 16.45,1722
29/08/2024 17.00,1626
29/08/2024 17.15,2094
29/08/2024 17.30,1992
29/08/2024 17.45,2106
29/08/2024 18.00,1446
29/08/2024 18.15,1470
29/08/2024 18.30,1938
29/08/2024 18.45,1974
29/08/2024 19.00,1974
29/08/2024 19.15,1668
29/08/2024 19.30,1698
29/08/2024 19.45,1392
29/08/2024 20.00,1386
29/08/2024 20.15,2022
29/08/2024 20.30,2094
29/08/2024 20.45,1980
29/08/2024 21.00,2028
29/08/2024 21.15,2040
29/08/2024 21.30,2094
29/08/2024 21.45,2100
29/08/2024 22.00,2064
29/08/2024 22.15,1818
29/08/2024 22.30,1578
29/08/2024 22.45,1740
29/08/2024 23.00,1584
29/08/2024 23.15,1650
29/08/2024 23.30,1638
29/08/2024 23.45,1758
30/08/2024 00.00,1644
30/08/2024 00.15,1734
30/08/2024 00.30,1734
30/08/2024 00.45,1722
30/08/2024 01.00,1698
30/08/2024 01.15,1620
30/08/2024 01.30,1560
30/08/2024 01.45,1752
30/08/2024 02.00,1704
30/08/2024 02.15,1608
30/08/2024 02.30,1656
30/08/2024 02.45,1560
30/08/2024 03.00,1692
30/08/2024 03.15,1638
30/08/2024 03.30,1632
30/08/2024 03.45,1680
30/08/2024 04.00,1578
30/08/2024 04.15,1686
30/08/2024 04.30,1836
30/08/2024 04.45,2034
30/08/2024 05.00,1890
30/08/2024 05.15,2052
30/08/2024 05.30,1746
30/08/2024 05.45,1842
30/08/2024 06.00,1884
30/08/2024 06.15,1734
30/08/2024 06.30,1728
30/08/2024 06.45,1710
30/08/2024 07.00,1680
30/08/2024 07.15,1578
30/08/2024 07.30,1236
30/08/2024 07.45,1248
30/08/2024 08.00,996
30/08/2024 08.15,1272
30/08/2024 08.30,996
30/08/2024 08.45,870
30/08/2024 09.00,792
30/08/2024 09.15,570
30/08/2024 09.30,864
30/08/2024 09.45,906
30/08/2024 10.00,894
30/08/2024 10.15,1002
30/08/2024 10.30,828
30/08/2024 10.45,864
30/08/2024 11.00,912
30/08/2024 11.15,654
30/08/2024 11.30,750
30/08/2024 11.45,480
30/08/2024 12.00,792
30/08/2024 12.15,720
30/08/2024 12.30,984
30/08/2024 12.45,840
30/08/2024 13.00,276
30/08/2024 13.15,660
30/08/2024 13.30,642
30/08/2024 13.45,1050
30/08/2024 14.00,1452
30/08/2024 14.15,1266
30/08/2024 14.30,1194
30/08/2024 14.45,1086
30/08/2024 15.00,1026
30/08/2024 15.15,1206
30/08/2024 15.30,1308
30/08/2024 15.45,1470
30/08/2024 16.00,1500
30/08/2024 16.15,1956
30/08/2024 16.30,1764
30/08/2024 16.45,1482
30/08/2024 17.00,1410
30/08/2024 17.15,1236
30/08/2024 17.30,1758
30/08/2024 17.45,1890
30/08/2024 18.00,1722
30/08/2024 18.15,1212
30/08/2024 18.30,1920
30/08/2024 18.45,2004
30/08/2024 19.00,1680
30/08/2024 19.15,1434
30/08/2024 19.30,1518
30/08/2024 19.45,1386
30/08/2024 20.00,1200
30/08/2024 20.15,1926
30/08/2024 20.30,1962
30/08/2024 20.45,2040
30/08/2024 21.00,2070
30/08/2024 21.15,2004
30/08/2024 21.30,2040
30/08/2024 21.45,1968
30/08/2024 22.00,1626
30/08/2024 22.15,1584
30/08/2024 22.30,1692
30/08/2024 22.45,1584
30/08/2024 23.00,1620
30/08/2024 23.15,1500
30/08/2024 23.30,1590
30/08/2024 23.45,1614
31/08/2024 00.00,1974
31/08/2024 00.15,2076
31/08/2024 00.30,2088
31/08/2024 00.45,2028
31/08/2024 01.00,1872
31/08/2024 01.15,1974
31/08/2024 01.30,1638
31/08/2024 01.45,1512
31/08/2024 02.00,1686
31/08/2024 02.15,1632
31/08/2024 02.30,1680
31/08/2024 02.45,1608
31/08/2024 03.00,1638
31/08/2024 03.15,1536
31/08/2024 03.30,1548
31/08/2024 03.45,1584
31/08/2024 04.00,1800
31/08/2024 04.15,2034
31/08/2024 04.30,1932
31/08/2024 04.45,2082
31/08/2024 05.00,1998
31/08/2024 05.15,1950
31/08/2024 05.30,1956
31/08/2024 05.45,1644
31/08/2024 06.00,1404
31/08/2024 06.15,1938
31/08/2024 06.30,1836
31/08/2024 06.45,1764
31/08/2024 07.00,1698
31/08/2024 07.15,1728
31/08/2024 07.30,1338
31/08/2024 07.45,654
31/08/2024 08.00,804
31/08/2024 08.15,1110
31/08/2024 08.30,1164
31/08/2024 08.45,1272
31/08/2024 09.00,1176
31/08/2024 09.15,960
31/08/2024 09.30,1026
31/08/2024 09.45,960
31/08/2024 10.00,1134
31/08/2024 10.15,870
31/08/2024 10.30,762
31/08/2024 10.45,408
31/08/2024 11.00,408
31/08/2024 11.15,588
31/08/2024 11.30,792
31/08/2024 11.45,858
31/08/2024 12.00,660
31/08/2024 12.15,744
31/08/2024 12.30,1062
31/08/2024 12.45,1218
31/08/2024 13.00,1284
31/08/2024 13.15,1272
31/08/2024 13.30,1266
31/08/2024 13.45,1584
31/08/2024 14.00,1062
31/08/2024 14.15,1074
31/08/2024 14.30,1224
31/08/2024 14.45,1104
31/08/2024 15.00,1092
31/08/2024 15.15,942
31/08/2024 15.30,1152
31/08/2024 15.45,1218
31/08/2024 16.00,1128
31/08/2024 16.15,882
31/08/2024 16.30,1146
31/08/2024 16.45,1266
31/08/2024 17.00,1836
31/08/2024 17.15,1896
31/08/2024 17.30,1950
31/08/2024 17.45,1872
31/08/2024 18.00,2100
31/08/2024 18.15,2172
31/08/2024 18.30,2028
31/08/2024 18.45,2040
31/08/2024 19.00,1992
31/08/2024 19.15,2100
31/08/2024 19.30,1896
31/08/2024 19.45,1392
31/08/2024 20.00,1296
31/08/2024 20.15,1488
31/08/2024 20.30,1692
31/08/2024 20.45,1908
31/08/2024 21.00,2268
31/08/2024 21.15,2100
31/08/2024 21.30,2088
31/08/2024 21.45,1866
31/08/2024 22.00,1542
31/08/2024 22.15,1692
31/08/2024 22.30,1848
31/08/2024 22.45,1764
31/08/2024 23.00,2250
31/08/2024 23.15,2136
31/08/2024 23.30,1992
31/08/2024 23.45,1614
01/09/2024 00.00,1590
01/09/2024 00.15,1428
01/09/2024 00.30,1740
01/09/2024 00.45,2118
01/09/2024 01.00,2172
01/09/2024 01.15,2064
01/09/2024 01.30,1956
01/09/2024 01.45,1632
01/09/2024 02.00,1296
01/09/2024 02.15,1740
01/09/2024 02.30,1938
01/09/2024 02.45,1902
01/09/2024 03.00,2232
01/09/2024 03.15,1908
01/09/2024 03.30,1794
01/09/2024 03.45,1998
01/09/2024 04.00,2034
01/09/2024 04.15,1464
01/09/2024 04.30,1362
01/09/2024 04.45,1494
01/09/2024 05.00,2046
01/09/2024 05.15,2028
01/09/2024 05.30,1962
01/09/2024 05.45,1764
01/09/2024 06.00,1362
01/09/2024 06.15,1812
01/09/2024 06.30,1836
01/09/2024 06.45,1518
01/09/2024 07.00,1368
01/09/2024 07.15,1284
01/09/2024 07.30,1302
01/09/2024 07.45,870
01/09/2024 08.00,516
01/09/2024 08.15,612
01/09/2024 08.30,978
01/09/2024 08.45,1206
01/09/2024 09.00,1014
01/09/2024 09.15,1086
01/09/2024 09.30,1038
01/09/2024 09.45,984
01/09/2024 10.00,1026
01/09/2024 10.15,1020
01/09/2024 10.30,636
01/09/2024 10.45,312
01/09/2024 11.00,486
01/09/2024 11.15,540
01/09/2024 11.30,510
01/09/2024 11.45,474
01/09/2024 12.00,456
01/09/2024 12.15,732
01/09/2024 12.30,612
01/09/2024 12.45,540
01/09/2024 13.00,474
01/09/2024 13.15,852
01/09/2024 13.30,888
01/09/2024 13.45,1122
01/09/2024 14.00,1026
01/09/2024 14.15,1320
01/09/2024 14.30,1290
01/09/2024 14.45,1020
01/09/2024 15.00,1296
01/09/2024 15.15,1200
01/09/2024 15.30,1464
01/09/2024 15.45,1404
01/09/2024 16.00,1584
01/09/2024 16.15,1566
01/09/2024 16.30,1632
01/09/2024 16.45,1620
01/09/2024 17.00,1434
01/09/2024 17.15,1734
01/09/2024 17.30,1752
01/09/2024 17.45,1992
01/09/2024 18.00,1986
01/09/2024 18.15,2052
01/09/2024 18.30,1944
01/09/2024 18.45,1692
01/09/2024 19.00,1722
01/09/2024 19.15,1932
01/09/2024 19.30,1806
01/09/2024 19.45,1566
01/09/2024 20.00,1254
01/09/2024 20.15,1884
01/09/2024 20.30,2076
01/09/2024 20.45,2040
01/09/2024 21.00,1824
01/09/2024 21.15,1266
01/09/2024 21.30,1758
01/09/2024 21.45,2004
01/09/2024 22.00,1890
01/09/2024 22.15,1728
01/09/2024 22.30,1842
01/09/2024 22.45,2094
01/09/2024 23.00,2052
01/09/2024 23.15,1728
01/09/2024 23.30,1566
01/09/2024 23.45,1584
02/09/2024 00.00,1572
02/09/2024 00.15,1644
02/09/2024 00.30,1716
02/09/2024 00.45,1716
02/09/2024 01.00,1692
02/09/2024 01.15,2052
02/09/2024 01.30,2064
02/09/2024 01.45,1692
02/09/2024 02.00,1890
02/09/2024 02.15,2004
02/09/2024 02.30,1986
02/09/2024 02.45,1626
02/09/2024 03.00,1518
02/09/2024 03.15,1680
02/09/2024 03.30,1998
02/09/2024 03.45,1794
02/09/2024 04.00,1968
02/09/2024 04.15,1584
02/09/2024 04.30,1692
02/09/2024 04.45,2010
02/09/2024 05.00,1770
02/09/2024 05.15,1680
02/09/2024 05.30,1680
02/09/2024 05.45,1572
02/09/2024 06.00,1524
02/09/2024 06.15,1704
02/09/2024 06.30,1788
02/09/2024 06.45,1920
02/09/2024 07.00,1866
02/09/2024 07.15,1680
02/09/2024 07.30,1602
02/09/2024 07.45,1008
02/09/2024 08.00,900
02/09/2024 08.15,1200
02/09/2024 08.30,1146
02/09/2024 08.45,1176
02/09/2024 09.00,1170
02/09/2024 09.15,1308
02/09/2024 09.30,1296
02/09/2024 09.45,1476
02/09/2024 10.00,1728
02/09/2024 10.15,1572
02/09/2024 10.30,1680
02/09/2024 10.45,1716
02/09/2024 11.00,1632
02/09/2024 11.15,1482
02/09/2024 11.30,1452
02/09/2024 11.45,1086
02/09/2024 12.00,672
02/09/2024 12.15,570
02/09/2024 12.30,684
02/09/2024 12.45,684
02/09/2024 13.00,570
02/09/2024 13.15,456
02/09/2024 13.30,810
02/09/2024 13.45,702
02/09/2024 14.00,1044
02/09/2024 14.15,1488
02/09/2024 14.30,1932
02/09/2024 14.45,1926
02/09/2024 15.00,2136
02/09/2024 15.15,1992
02/09/2024 15.30,2016
02/09/2024 15.45,1860
02/09/2024 16.00,1986
02/09/2024 16.15,1836
02/09/2024 16.30,1566
02/09/2024 16.45,1236
02/09/2024 17.00,1356
02/09/2024 17.15,1746
02/09/2024 17.30,2052
02/09/2024 17.45,1884
02/09/2024 18.00,1992
02/09/2024 18.15,2010
02/09/2024 18.30,2046
02/09/2024 18.45,1854
02/09/2024 19.00,1878
02/09/2024 19.15,1608
02/09/2024 19.30,1572
02/09/2024 19.45,1446
02/09/2024 20.00,1326
02/09/2024 20.15,2004
02/09/2024 20.30,1716
02/09/2024 20.45,1938
02/09/2024 21.00,2106
02/09/2024 21.15,2112
02/09/2024 21.30,2100
02/09/2024 21.45,2040
02/09/2024 22.00,1668
02/09/2024 22.15,1758
02/09/2024 22.30,1740
02/09/2024 22.45,1596
02/09/2024 23.00,1656
02/09/2024 23.15,1620
02/09/2024 23.30,1764
02/09/2024 23.45,1734
03/09/2024 00.00,2094
03/09/2024 00.15,1770
03/09/2024 00.30,1956
03/09/2024 00.45,2016
03/09/2024 01.00,2118
03/09/2024 01.15,2160
03/09/2024 01.30,2004
03/09/2024 01.45,1758
03/09/2024 02.00,1788
03/09/2024 02.15,1770
03/09/2024 02.30,1740
03/09/2024 02.45,1590
03/09/2024 03.00,1728
03/09/2024 03.15,1794
03/09/2024 03.30,1596
03/09/2024 03.45,1680
03/09/2024 04.00,2064
03/09/2024 04.15,1968
03/09/2024 04.30,2004
03/09/2024 04.45,2130
03/09/2024 05.00,1914
03/09/2024 05.15,1776
03/09/2024 05.30,1686
03/09/2024 05.45,1812
03/09/2024 06.00,1674
03/09/2024 06.15,1254
03/09/2024 06.30,936
03/09/2024 06.45,894
03/09/2024 07.00,780
03/09/2024 07.15,702
03/09/2024 07.30,576
03/09/2024 07.45,342
03/09/2024 08.00,156
03/09/2024 08.15,12
03/09/2024 08.30,12
03/09/2024 08.45,48
03/09/2024 09.00,120
03/09/2024 09.15,84
03/09/2024 09.30,54
03/09/2024 09.45,240
03/09/2024 10.00,234
03/09/2024 10.15,138
03/09/2024 10.30,180
03/09/2024 10.45,156
03/09/2024 11.00,186
03/09/2024 11.15,168
03/09/2024 11.30,198
03/09/2024 11.45,120
03/09/2024 12.00,0
03/09/2024 12.15,0
03/09/2024 12.30,0
03/09/2024 12.45,0
03/09/2024 13.00,0
03/09/2024 13.15,102
03/09/2024 13.30,150
03/09/2024 13.45,162
03/09/2024 14.00,96
03/09/2024 14.15,144
03/09/2024 14.30,186
03/09/2024 14.45,168
03/09/2024 15.00,24
03/09/2024 15.15,96
03/09/2024 15.30,84
03/09/2024 15.45,12
03/09/2024 16.00,24
03/09/2024 16.15,78
03/09/2024 16.30,132
03/09/2024 16.45,192
03/09/2024 17.00,180
03/09/2024 17.15,144
03/09/2024 17.30,168
03/09/2024 17.45,246
03/09/2024 18.00,252
03/09/2024 18.15,228
03/09/2024 18.30,240
03/09/2024 18.45,240
03/09/2024 19.00,234
03/09/2024 19.15,246
03/09/2024 19.30,252
03/09/2024 19.45,246
03/09/2024 20.00,288
03/09/2024 20.15,342
03/09/2024 20.30,846
03/09/2024 20.45,1710
03/09/2024 21.00,1770
03/09/2024 21.15,1536
03/09/2024 21.30,1350
03/09/2024 21.45,1320
03/09/2024 22.00,1662
03/09/2024 22.15,1602
03/09/2024 22.30,1692
03/09/2024 22.45,1716
03/09/2024 23.00,1704
03/09/2024 23.15,1818
03/09/2024 23.30,1920
03/09/2024 23.45,1494
04/09/2024 00.00,1890
04/09/2024 00.15,2214
04/09/2024 00.30,2316
04/09/2024 00.45,2184
04/09/2024 01.00,2028
04/09/2024 01.15,2130
04/09/2024 01.30,2184
04/09/2024 01.45,2268
04/09/2024 02.00,2052
04/09/2024 02.15,1980
04/09/2024 02.30,1998
04/09/2024 02.45,2346
04/09/2024 03.00,2316
04/09/2024 03.15,2448
04/09/2024 03.30,2304
04/09/2024 03.45,2292
04/09/2024 04.00,2196
04/09/2024 04.15,2340
04/09/2024 04.30,2316
04/09/2024 04.45,2238
04/09/2024 05.00,2430
04/09/2024 05.15,2454
04/09/2024 05.30,2394
04/09/2024 05.45,2280
04/09/2024 06.00,2052
04/09/2024 06.15,2400
04/09/2024 06.30,2196
04/09/2024 06.45,2142
04/09/2024 07.00,1950
04/09/2024 07.15,1692
04/09/2024 07.30,1236
04/09/2024 07.45,828
04/09/2024 08.00,624
04/09/2024 08.15,786
04/09/2024 08.30,1116
04/09/2024 08.45,780
04/09/2024 09.00,618
04/09/2024 09.15,960
04/09/2024 09.30,1386
04/09/2024 09.45,1920
04/09/2024 10.00,3222
04/09/2024 10.15,2694
04/09/2024 10.30,3096
04/09/2024 10.45,2574
04/09/2024 11.00,2280
04/09/2024 11.15,2574
04/09/2024 11.30,2616
04/09/2024 11.45,2100
04/09/2024 12.00,1776
04/09/2024 12.15,2088
04/09/2024 12.30,2256
04/09/2024 12.45,3438
04/09/2024 13.00,2880
04/09/2024 13.15,3174
04/09/2024 13.30,2838
04/09/2024 13.45,1746
04/09/2024 14.00,1818
04/09/2024 14.15,1740
04/09/2024 14.30,1782
04/09/2024 14.45,2028
04/09/2024 15.00,2940
04/09/2024 15.15,3204
04/09/2024 15.30,3342
04/09/2024 15.45,3402
04/09/2024 16.00,3270
04/09/2024 16.15,3450
04/09/2024 16.30,3528
04/09/2024 16.45,3462
04/09/2024 17.00,3540
04/09/2024 17.15,3708
04/09/2024 17.30,3834
04/09/2024 17.45,3924
04/09/2024 18.00,3972
04/09/2024 18.15,3954
04/09/2024 18.30,3720
04/09/2024 18.45,3774
04/09/2024 19.00,3948
04/09/2024 19.15,3144
04/09/2024 19.30,2916
04/09/2024 19.45,2766
04/09/2024 20.00,2676
04/09/2024 20.15,3726
04/09/2024 20.30,4134
04/09/2024 20.45,4200
04/09/2024 21.00,4344
04/09/2024 21.15,4272
04/09/2024 21.30,4044
04/09/2024 21.45,3348
04/09/2024 22.00,3690
04/09/2024 22.15,3378
04/09/2024 22.30,3366
04/09/2024 22.45,3408
04/09/2024 23.00,3396
04/09/2024 23.15,3324
04/09/2024 23.30,3666
04/09/2024 23.45,4020
05/09/2024 00.00,3630
05/09/2024 00.15,3252
05/09/2024 00.30,3792
05/09/2024 00.45,4128
05/09/2024 01.00,4458
05/09/2024 01.15,4284
05/09/2024 01.30,3900
05/09/2024 01.45,4134
05/09/2024 02.00,4176
05/09/2024 02.15,3804
05/09/2024 02.30,3468
05/09/2024 02.45,3492
05/09/2024 03.00,3474
05/09/2024 03.15,3516
05/09/2024 03.30,3552
05/09/2024 03.45,3840
05/09/2024 04.00,3852
05/09/2024 04.15,3606
05/09/2024 04.30,3786
05/09/2024 04.45,3900
05/09/2024 05.00,3630
05/09/2024 05.15,4128
05/09/2024 05.30,4236
05/09/2024 05.45,4452
05/09/2024 06.00,4158
05/09/2024 06.15,3588
05/09/2024 06.30,3738
05/09/2024 06.45,3630
05/09/2024 07.00,3228
05/09/2024 07.15,2604
05/09/2024 07.30,1920
05/09/2024 07.45,1368
05/09/2024 08.00,1752
05/09/2024 08.15,2178
05/09/2024 08.30,2304
05/09/2024 08.45,1794
05/09/2024 09.00,1584
05/09/2024 09.15,1668
05/09/2024 09.30,1878
05/09/2024 09.45,1488
05/09/2024 10.00,1974
05/09/2024 10.15,2184
05/09/2024 10.30,1662
05/09/2024 10.45,2046
05/09/2024 11.00,1632
05/09/2024 11.15,2166
05/09/2024 11.30,1722
05/09/2024 11.45,2046
05/09/2024 12.00,2328
05/09/2024 12.15,2184
05/09/2024 12.30,2538
05/09/2024 12.45,2340
05/09/2024 13.00,1188
05/09/2024 13.15,1452
05/09/2024 13.30,1860
05/09/2024 13.45,1656
05/09/2024 14.00,2124
05/09/2024 14.15,2208
05/09/2024 14.30,2736
05/09/2024 14.45,2790
05/09/2024 15.00,2706
05/09/2024 15.15,2526
05/09/2024 15.30,2646
05/09/2024 15.45,2586
05/09/2024 16.00,2592
05/09/2024 16.15,2904
05/09/2024 16.30,2988
05/09/2024 16.45,3126
05/09/2024 17.00,3138
05/09/2024 17.15,3468
05/09/2024 17.30,3876
05/09/2024 17.45,3840
05/09/2024 18.00,4308
05/09/2024 18.15,4644
05/09/2024 18.30,4788
05/09/2024 18.45,4632
05/09/2024 19.00,4188
05/09/2024 19.15,3624
05/09/2024 19.30,3252
05/09/2024 19.45,3150
05/09/2024 20.00,2826
05/09/2024 20.15,3798
05/09/2024 20.30,4068
05/09/2024 20.45,4272
05/09/2024 21.00,4560
05/09/2024 21.15,4320
05/09/2024 21.30,4392
05/09/2024 21.45,3690
05/09/2024 22.00,3672
05/09/2024 22.15,3474
05/09/2024 22.30,3540
05/09/2024 22.45,4056
05/09/2024 23.00,4176
05/09/2024 23.15,3648
05/09/2024 23.30,3288
05/09/2024 23.45,3558
06/09/2024 00.00,3636
06/09/2024 00.15,3576
06/09/2024 00.30,3480
06/09/2024 00.45,3738
06/09/2024 01.00,4122
06/09/2024 01.15,4026
06/09/2024 01.30,3888
06/09/2024 01.45,3510
06/09/2024 02.00,2982
06/09/2024 02.15,2760
06/09/2024 02.30,2952
06/09/2024 02.45,3636
06/09/2024 03.00,3870
06/09/2024 03.15,3966
06/09/2024 03.30,3894
06/09/2024 03.45,3924
06/09/2024 04.00,4056
06/09/2024 04.15,4254
06/09/2024 04.30,4302
06/09/2024 04.45,4356
06/09/2024 05.00,4074
06/09/2024 05.15,3786
06/09/2024 05.30,3978
06/09/2024 05.45,4050
06/09/2024 06.00,4056
06/09/2024 06.15,3966
06/09/2024 06.30,3804
06/09/2024 06.45,2814
06/09/2024 07.00,2592
06/09/2024 07.15,2400
06/09/2024 07.30,2316
06/09/2024 07.45,1884
06/09/2024 08.00,1074
06/09/2024 08.15,1866
06/09/2024 08.30,2754
06/09/2024 08.45,2622
06/09/2024 09.00,2760
06/09/2024 09.15,3036
06/09/2024 09.30,3240
06/09/2024 09.45,1284
06/09/2024 10.00,918
06/09/2024 10.15,882
06/09/2024 10.30,1548
06/09/2024 10.45,1296
06/09/2024 11.00,1506
06/09/2024 11.15,1848
06/09/2024 11.30,1932
06/09/2024 11.45,1920
06/09/2024 12.00,2190
06/09/2024 12.15,2124
06/09/2024 12.30,2016
06/09/2024 12.45,1890
06/09/2024 13.00,2652
06/09/2024 13.15,1884
06/09/2024 13.30,1680
06/09/2024 13.45,1542
06/09/2024 14.00,1686
06/09/2024 14.15,1950
06/09/2024 14.30,2778
06/09/2024 14.45,3756
06/09/2024 15.00,3180
06/09/2024 15.15,2418
06/09/2024 15.30,2190
06/09/2024 15.45,2292
06/09/2024 16.00,2148
06/09/2024 16.15,2280
06/09/2024 16.30,2922
06/09/2024 16.45,3390
06/09/2024 17.00,3504
06/09/2024 17.15,3624
06/09/2024 17.30,4284
06/09/2024 17.45,4386
06/09/2024 18.00,4668
06/09/2024 18.15,4512
06/09/2024 18.30,4302
06/09/2024 18.45,4212
06/09/2024 19.00,3834
06/09/2024 19.15,4272
06/09/2024 19.30,4452
06/09/2024 19.45,3528
06/09/2024 20.00,3276
06/09/2024 20.15,4380
06/09/2024 20.30,4584
06/09/2024 20.45,4626
06/09/2024 21.00,4644
06/09/2024 21.15,4452
06/09/2024 21.30,4362
06/09/2024 21.45,4380
06/09/2024 22.00,4656
06/09/2024 22.15,4620
06/09/2024 22.30,3588
06/09/2024 22.45,3150
06/09/2024 23.00,3264
06/09/2024 23.15,4086
06/09/2024 23.30,4146
06/09/2024 23.45,4050
07/09/2024 00.00,3762
07/09/2024 00.15,3810
07/09/2024 00.30,4110
07/09/2024 00.45,4092
07/09/2024 01.00,3882
07/09/2024 01.15,3750
07/09/2024 01.30,3942
07/09/2024 01.45,4392
07/09/2024 02.00,4014
07/09/2024 02.15,4098
07/09/2024 02.30,3492
07/09/2024 02.45,3486
07/09/2024 03.00,3564
07/09/2024 03.15,4050
07/09/2024 03.30,4044
07/09/2024 03.45,4074
07/09/2024 04.00,4188
07/09/2024 04.15,4356
07/09/2024 04.30,4476
07/09/2024 04.45,4374
07/09/2024 05.00,4188
07/09/2024 05.15,4074
07/09/2024 05.30,4536
07/09/2024 05.45,4464
07/09/2024 06.00,4434
07/09/2024 06.15,3660
07/09/2024 06.30,3954
07/09/2024 06.45,3828
07/09/2024 07.00,3804
07/09/2024 07.15,3552
07/09/2024 07.30,2988
07/09/2024 07.45,2730
07/09/2024 08.00,2532
07/09/2024 08.15,3084
07/09/2024 08.30,3384
07/09/2024 08.45,3270
07/09/2024 09.00,3336
07/09/2024 09.15,3372
07/09/2024 09.30,3708
07/09/2024 09.45,3294
07/09/2024 10.00,2892
07/09/2024 10.15,3072
07/09/2024 10.30,2730
07/09/2024 10.45,2568
07/09/2024 11.00,2250
07/09/2024 11.15,2040
07/09/2024 11.30,2550
07/09/2024 11.45,2598
07/09/2024 12.00,2838
07/09/2024 12.15,3132
07/09/2024 12.30,2466
07/09/2024 12.45,2436
07/09/2024 13.00,2814
07/09/2024 13.15,2694
07/09/2024 13.30,2874
07/09/2024 13.45,2544
07/09/2024 14.00,2712
07/09/2024 14.15,3132
07/09/2024 14.30,2046
07/09/2024 14.45,2526
07/09/2024 15.00,2022
07/09/2024 15.15,2478
07/09/2024 15.30,2868
07/09/2024 15.45,2940
07/09/2024 16.00,2838
07/09/2024 16.15,3042
07/09/2024 16.30,2814
07/09/2024 16.45,3402
07/09/2024 17.00,4224
07/09/2024 17.15,4056
07/09/2024 17.30,3906
07/09/2024 17.45,4020
07/09/2024 18.00,4086
07/09/2024 18.15,4254
07/09/2024 18.30,3828
07/09/2024 18.45,3576
07/09/2024 19.00,3480
07/09/2024 19.15,3420
07/09/2024 19.30,3756
07/09/2024 19.45,3936
07/09/2024 20.00,3600
07/09/2024 20.15,3810
07/09/2024 20.30,3906
07/09/2024 20.45,4596
07/09/2024 21.00,4800
07/09/2024 21.15,5058
07/09/2024 21.30,4884
07/09/2024 21.45,4740
07/09/2024 22.00,4758
07/09/2024 22.15,4626
07/09/2024 22.30,4554
07/09/2024 22.45,4302
07/09/2024 23.00,4236
07/09/2024 23.15,4068
07/09/2024 23.30,3918
07/09/2024 23.45,4266
08/09/2024 00.00,4242
08/09/2024 00.15,4140
08/09/2024 00.30,4320
08/09/2024 00.45,4230
08/09/2024 01.00,4266
08/09/2024 01.15,4284
08/09/2024 01.30,4320
08/09/2024 01.45,4260
08/09/2024 02.00,4242
08/09/2024 02.15,4242
08/09/2024 02.30,3648
08/09/2024 02.45,3336
08/09/2024 03.00,3576
08/09/2024 03.15,3582
08/09/2024 03.30,3600
08/09/2024 03.45,3690
08/09/2024 04.00,3744
08/09/2024 04.15,4038
08/09/2024 04.30,3762
08/09/2024 04.45,4260
08/09/2024 05.00,4572
08/09/2024 05.15,4356
08/09/2024 05.30,4176
08/09/2024 05.45,3912
08/09/2024 06.00,4032
08/09/2024 06.15,3846
08/09/2024 06.30,3816
08/09/2024 06.45,4182
08/09/2024 07.00,4086
08/09/2024 07.15,3846
08/09/2024 07.30,3552
08/09/2024 07.45,2844
08/09/2024 08.00,2004
08/09/2024 08.15,2802
08/09/2024 08.30,2664
08/09/2024 08.45,2592
08/09/2024 09.00,2604
08/09/2024 09.15,2598
08/09/2024 09.30,2682
08/09/2024 09.45,2640
08/09/2024 10.00,3126
08/09/2024 10.15,2160
08/09/2024 10.30,2118
08/09/2024 10.45,2502
08/09/2024 11.00,3048
08/09/2024 11.15,2280
08/09/2024 11.30,2040
08/09/2024 11.45,2046
08/09/2024 12.00,2352
08/09/2024 12.15,1566
08/09/2024 12.30,1920
08/09/2024 12.45,2322
08/09/2024 13.00,2490
08/09/2024 13.15,2718
08/09/2024 13.30,2988
08/09/2024 13.45,2934
08/09/2024 14.00,1824
08/09/2024 14.15,1830
08/09/2024 14.30,1362
08/09/2024 14.45,2268
08/09/2024 15.00,2376
08/09/2024 15.15,2100
08/09/2024 15.30,2502
08/09/2024 15.45,2304
08/09/2024 16.00,2712
08/09/2024 16.15,2712
08/09/2024 16.30,2946
08/09/2024 16.45,3228
08/09/2024 17.00,3786
08/09/2024 17.15,4068
08/09/2024 17.30,4224
08/09/2024 17.45,3960
08/09/2024 18.00,4536
08/09/2024 18.15,4560
08/09/2024 18.30,4620
08/09/2024 18.45,4590
08/09/2024 19.00,4662
08/09/2024 19.15,4530
08/09/2024 19.30,4584
08/09/2024 19.45,3498
08/09/2024 20.00,3438
08/09/2024 20.15,4758
08/09/2024 20.30,4734
08/09/2024 20.45,4788
08/09/2024 21.00,4476
08/09/2024 21.15,4560
08/09/2024 21.30,4314
08/09/2024 21.45,3930
08/09/2024 22.00,3822
08/09/2024 22.15,4038
08/09/2024 22.30,4302
08/09/2024 22.45,4404
08/09/2024 23.00,4356
08/09/2024 23.15,4416
08/09/2024 23.30,4392
08/09/2024 23.45,4296
09/09/2024 00.00,4122
09/09/2024 00.15,3900
09/09/2024 00.30,3348
09/09/2024 00.45,3660
09/09/2024 01.00,3996
09/09/2024 01.15,4200
09/09/2024 01.30,4200
09/09/2024 01.45,4098
09/09/2024 02.00,4614
09/09/2024 02.15,4584
09/09/2024 02.30,4536
09/09/2024 02.45,4584
09/09/2024 03.00,4314
09/09/2024 03.15,4740
09/09/2024 03.30,4680
09/09/2024 03.45,4296
09/09/2024 04.00,4620
09/09/2024 04.15,4158
09/09/2024 04.30,3684
09/09/2024 04.45,3648
09/09/2024 05.00,3552
09/09/2024 05.15,3672
09/09/2024 05.30,3648
09/09/2024 05.45,3330
09/09/2024 06.00,3120
09/09/2024 06.15,3528
09/09/2024 06.30,3504
09/09/2024 06.45,3372
09/09/2024 07.00,3276
09/09/2024 07.15,3000
09/09/2024 07.30,2688
09/09/2024 07.45,2778
09/09/2024 08.00,2664
09/09/2024 08.15,2334
09/09/2024 08.30,1680
09/09/2024 08.45,1404
09/09/2024 09.00,1242
09/09/2024 09.15,1788
09/09/2024 09.30,1764
09/09/2024 09.45,1944
09/09/2024 10.00,2052
09/09/2024 10.15,2076
09/09/2024 10.30,1794
09/09/2024 10.45,1734
09/09/2024 11.00,1260
09/09/2024 11.15,1128
09/09/2024 11.30,1032
09/09/2024 11.45,882
09/09/2024 12.00,192
09/09/2024 12.15,834
09/09/2024 12.30,1530
09/09/2024 12.45,1644
09/09/2024 13.00,1836
09/09/2024 13.15,1944
09/09/2024 13.30,1944
09/09/2024 13.45,1596
09/09/2024 14.00,1506
09/09/2024 14.15,1572
09/09/2024 14.30,1272
09/09/2024 14.45,1224
09/09/2024 15.00,1452
09/09/2024 15.15,1800
09/09/2024 15.30,1560
09/09/2024 15.45,1668
09/09/2024 16.00,1878
09/09/2024 16.15,2244
09/09/2024 16.30,2508
09/09/2024 16.45,2496
09/09/2024 17.00,2544
09/09/2024 17.15,2730
09/09/2024 17.30,2808
09/09/2024 17.45,2562
09/09/2024 18.00,2742
09/09/2024 18.15,2838
09/09/2024 18.30,3000
09/09/2024 18.45,2814
09/09/2024 19.00,2508
09/09/2024 19.15,2592
09/09/2024 19.30,1596
09/09/2024 19.45,1602
09/09/2024 20.00,1770
09/09/2024 20.15,2490
09/09/2024 20.30,2796
09/09/2024 20.45,2874
09/09/2024 21.00,2598
09/09/2024 21.15,2826
09/09/2024 21.30,2598
09/09/2024 21.45,2478
09/09/2024 22.00,2616
09/09/2024 22.15,2766
09/09/2024 22.30,2634
09/09/2024 22.45,2262
09/09/2024 23.00,2178
09/09/2024 23.15,2268
09/09/2024 23.30,2454
09/09/2024 23.45,2448
10/09/2024 00.00,2196
10/09/2024 00.15,2148
10/09/2024 00.30,2172
10/09/2024 00.45,2412
10/09/2024 01.00,2856
10/09/2024 01.15,2940
10/09/2024 01.30,2880
10/09/2024 01.45,2964
10/09/2024 02.00,2958
10/09/2024 02.15,2940
10/09/2024 02.30,2784
10/09/2024 02.45,2862
10/09/2024 03.00,2808
10/09/2024 03.15,2964
10/09/2024 03.30,2946
10/09/2024 03.45,3006
10/09/2024 04.00,2898
10/09/2024 04.15,2508
10/09/2024 04.30,2328
10/09/2024 04.45,2328
10/09/2024 05.00,2586
10/09/2024 05.15,2874
10/09/2024 05.30,2958
10/09/2024 05.45,2904
10/09/2024 06.00,2862
10/09/2024 06.15,2406
10/09/2024 06.30,2544
10/09/2024 06.45,2376
10/09/2024 07.00,2364
10/09/2024 07.15,2490
10/09/2024 07.30,2610
10/09/2024 07.45,2376
10/09/2024 08.00,2268
10/09/2024 08.15,2580
10/09/2024 08.30,2700
10/09/2024 08.45,2928
10/09/2024 09.00,2964
10/09/2024 09.15,3048
10/09/2024 09.30,2976
10/09/2024 09.45,2928
10/09/2024 10.00,3126
10/09/2024 10.15,2886
10/09/2024 10.30,3018
10/09/2024 10.45,2976
10/09/2024 11.00,2868
10/09/2024 11.15,2184
10/09/2024 11.30,1512
10/09/2024 11.45,1776
10/09/2024 12.00,2508
10/09/2024 12.15,2076
10/09/2024 12.30,1584
10/09/2024 12.45,1710
10/09/2024 13.00,1668
10/09/2024 13.15,2262
10/09/2024 13.30,1872
10/09/2024 13.45,2784
10/09/2024 14.00,2784
10/09/2024 14.15,1908
10/09/2024 14.30,2220
10/09/2024 14.45,2970
10/09/2024 15.00,3282
10/09/2024 15.15,2868
10/09/2024 15.30,3162
10/09/2024 15.45,3456
10/09/2024 16.00,3036
10/09/2024 16.15,2940
10/09/2024 16.30,3468
10/09/2024 16.45,3888
10/09/2024 17.00,4260
10/09/2024 17.15,4128
10/09/2024 17.30,4602
10/09/2024 17.45,4002
10/09/2024 18.00,3912
10/09/2024 18.15,4008
10/09/2024 18.30,4128
10/09/2024 18.45,4260
10/09/2024 19.00,4248
10/09/2024 19.15,3948
10/09/2024 19.30,3174
10/09/2024 19.45,2718
10/09/2024 20.00,2742
10/09/2024 20.15,3516
10/09/2024 20.30,4644
10/09/2024 20.45,4686
10/09/2024 21.00,4824
10/09/2024 21.15,4776
10/09/2024 21.30,4728
10/09/2024 21.45,4650
10/09/2024 22.00,4602
10/09/2024 22.15,4068
10/09/2024 22.30,3072
10/09/2024 22.45,2940
10/09/2024 23.00,3024
10/09/2024 23.15,2988
10/09/2024 23.30,3516
10/09/2024 23.45,4392
11/09/2024 00.00,4758
11/09/2024 00.15,4524
11/09/2024 00.30,4302
11/09/2024 00.45,4080
11/09/2024 01.00,4032
11/09/2024 01.15,4128
11/09/2024 01.30,4134
11/09/2024 01.45,4266
11/09/2024 02.00,4632
11/09/2024 02.15,4674
11/09/2024 02.30,4392
11/09/2024 02.45,3588
11/09/2024 03.00,3408
11/09/2024 03.15,3660
11/09/2024 03.30,3594
11/09/2024 03.45,3510
11/09/2024 04.00,3606
11/09/2024 04.15,3684
11/09/2024 04.30,4464
11/09/2024 04.45,4626
11/09/2024 05.00,4644
11/09/2024 05.15,4578
11/09/2024 05.30,4536
11/09/2024 05.45,3636
11/09/2024 06.00,4056
11/09/2024 06.15,4152
11/09/2024 06.30,3780
11/09/2024 06.45,3768
11/09/2024 07.00,3858
11/09/2024 07.15,3258
11/09/2024 07.30,3396
11/09/2024 07.45,2802
11/09/2024 08.00,1968
11/09/2024 08.15,2844
11/09/2024 08.30,2772
11/09/2024 08.45,3132
11/09/2024 09.00,2892
11/09/2024 09.15,3090
11/09/2024 09.30,2532
11/09/2024 09.45,2148
11/09/2024 10.00,2826
11/09/2024 10.15,2646
11/09/2024 10.30,2514
11/09/2024 10.45,2052
11/09/2024 11.00,1902
11/09/2024 11.15,1932
11/09/2024 11.30,2718
11/09/2024 11.45,2130
11/09/2024 12.00,2040
11/09/2024 12.15,2484
11/09/2024 12.30,1656
11/09/2024 12.45,1050
11/09/2024 13.00,1602
11/09/2024 13.15,2160
11/09/2024 13.30,3186
11/09/2024 13.45,3924
11/09/2024 14.00,4728
11/09/2024 14.15,4290
11/09/2024 14.30,4254
11/09/2024 14.45,4104
11/09/2024 15.00,3888
11/09/2024 15.15,4176
11/09/2024 15.30,4230
11/09/2024 15.45,4068
11/09/2024 16.00,4098
11/09/2024 16.15,3630
11/09/2024 16.30,3582
11/09/2024 16.45,3150
11/09/2024 17.00,2970
11/09/2024 17.15,2832
11/09/2024 17.30,3972
11/09/2024 17.45,4344
11/09/2024 18.00,4446
11/09/2024 18.15,4608
11/09/2024 18.30,4812
11/09/2024 18.45,4788
11/09/2024 19.00,4572
11/09/2024 19.15,4440
11/09/2024 19.30,4044
11/09/2024 19.45,2874
11/09/2024 20.00,3060
11/09/2024 20.15,4044
11/09/2024 20.30,4254
11/09/2024 20.45,4296
11/09/2024 21.00,4374
11/09/2024 21.15,4800
11/09/2024 21.30,4686
11/09/2024 21.45,4188
11/09/2024 22.00,4158
11/09/2024 22.15,4104
11/09/2024 22.30,3852
11/09/2024 22.45,4248
11/09/2024 23.00,4098
11/09/2024 23.15,4164
11/09/2024 23.30,3858
11/09/2024 23.45,3114
12/09/2024 00.00,2940
12/09/2024 00.15,2880
12/09/2024 00.30,3060
12/09/2024 00.45,3444
12/09/2024 01.00,3792
12/09/2024 01.15,4638
12/09/2024 01.30,4710
12/09/2024 01.45,4488
12/09/2024 02.00,4356
12/09/2024 02.15,4104
12/09/2024 02.30,4110
12/09/2024 02.45,4164
12/09/2024 03.00,4206
12/09/2024 03.15,4104
12/09/2024 03.30,3606
12/09/2024 03.45,3576
12/09/2024 04.00,3612
12/09/2024 04.15,3660
12/09/2024 04.30,3876
12/09/2024 04.45,3984
12/09/2024 05.00,4014
12/09/2024 05.15,4584
12/09/2024 05.30,4044
12/09/2024 05.45,3198
12/09/2024 06.00,2826
12/09/2024 06.15,3108
12/09/2024 06.30,3834
12/09/2024 06.45,4452
12/09/2024 07.00,4506
12/09/2024 07.15,4434
12/09/2024 07.30,4272
12/09/2024 07.45,3354
12/09/2024 08.00,2664
12/09/2024 08.15,3012
12/09/2024 08.30,3576
12/09/2024 08.45,3768
12/09/2024 09.00,3624
12/09/2024 09.15,2796
12/09/2024 09.30,3018
12/09/2024 09.45,2808
12/09/2024 10.00,2220
12/09/2024 10.15,2046
12/09/2024 10.30,2082
12/09/2024 10.45,2034
12/09/2024 11.00,2160
12/09/2024 11.15,1680
12/09/2024 11.30,2388
12/09/2024 11.45,2148
12/09/2024 12.00,1998
12/09/2024 12.15,1692
12/09/2024 12.30,2688
12/09/2024 12.45,1992
12/09/2024 13.00,2340
12/09/2024 13.15,2514
12/09/2024 13.30,2484
12/09/2024 13.45,2268
12/09/2024 14.00,2592
12/09/2024 14.15,3312
12/09/2024 14.30,2808
12/09/2024 14.45,3396
12/09/2024 15.00,2946
12/09/2024 15.15,2784
12/09/2024 15.30,3024
12/09/2024 15.45,3150
12/09/2024 16.00,3372
12/09/2024 16.15,2760
12/09/2024 16.30,2754
12/09/2024 16.45,3048
12/09/2024 17.00,3846
12/09/2024 17.15,4152
12/09/2024 17.30,4278
12/09/2024 17.45,4500
12/09/2024 18.00,4836
12/09/2024 18.15,4728
12/09/2024 18.30,4860
12/09/2024 18.45,4524
12/09/2024 19.00,4356
12/09/2024 19.15,4290
12/09/2024 19.30,4014
12/09/2024 19.45,2778
12/09/2024 20.00,2652
12/09/2024 20.15,3960
12/09/2024 20.30,4218
12/09/2024 20.45,4512
12/09/2024 21.00,4638
12/09/2024 21.15,4830
12/09/2024 21.30,4524
12/09/2024 21.45,4230
12/09/2024 22.00,4404
12/09/2024 22.15,4392
12/09/2024 22.30,4188
12/09/2024 22.45,3948
12/09/2024 23.00,4122
12/09/2024 23.15,4152
12/09/2024 23.30,4356
12/09/2024 23.45,4452
13/09/2024 00.00,4296
13/09/2024 00.15,4044
13/09/2024 00.30,3744
13/09/2024 00.45,3702
13/09/2024 01.00,3912
13/09/2024 01.15,3768
13/09/2024 01.30,3504
13/09/2024 01.45,3720
13/09/2024 02.00,3528
13/09/2024 02.15,3540
13/09/2024 02.30,3624
13/09/2024 02.45,4206
13/09/2024 03.00,4314
13/09/2024 03.15,4134
13/09/2024 03.30,3816
13/09/2024 03.45,4440
13/09/2024 04.00,4122
13/09/2024 04.15,4122
13/09/2024 04.30,3636
13/09/2024 04.45,3222
13/09/2024 05.00,3156
13/09/2024 05.15,2982
13/09/2024 05.30,2940
13/09/2024 05.45,2352
13/09/2024 06.00,2616
13/09/2024 06.15,3048
13/09/2024 06.30,2814
13/09/2024 06.45,2388
13/09/2024 07.00,1464
13/09/2024 07.15,1404
13/09/2024 07.30,1176
13/09/2024 07.45,1260
13/09/2024 08.00,780
13/09/2024 08.15,876
13/09/2024 08.30,1176
13/09/2024 08.45,1032
13/09/2024 09.00,936
13/09/2024 09.15,894
13/09/2024 09.30,1308
13/09/2024 09.45,1458
13/09/2024 10.00,1368
13/09/2024 10.15,1284
13/09/2024 10.30,960
13/09/2024 10.45,1224
13/09/2024 11.00,912
13/09/2024 11.15,834
13/09/2024 11.30,774
13/09/2024 11.45,756
13/09/2024 12.00,894
13/09/2024 12.15,600
13/09/2024 12.30,822
13/09/2024 12.45,834
13/09/2024 13.00,960
13/09/2024 13.15,1200
13/09/2024 13.30,1308
13/09/2024 13.45,1206
13/09/2024 14.00,1008
13/09/2024 14.15,876
13/09/2024 14.30,1164
13/09/2024 14.45,1296
13/09/2024 15.00,1302
13/09/2024 15.15,1218
13/09/2024 15.30,1326
13/09/2024 15.45,1452
13/09/2024 16.00,1680
13/09/2024 16.15,1800
13/09/2024 16.30,1512
13/09/2024 16.45,1314
13/09/2024 17.00,1608
13/09/2024 17.15,1620
13/09/2024 17.30,1728
13/09/2024 17.45,1644
13/09/2024 18.00,1728
13/09/2024 18.15,1704
13/09/2024 18.30,1776
13/09/2024 18.45,1752
13/09/2024 19.00,1914
13/09/2024 19.15,2184
13/09/2024 19.30,2004
13/09/2024 19.45,1818
13/09/2024 20.00,1410
13/09/2024 20.15,2136
13/09/2024 20.30,2124
13/09/2024 20.45,2214
13/09/2024 21.00,2208
13/09/2024 21.15,1716
13/09/2024 21.30,1734
13/09/2024 21.45,1674
13/09/2024 22.00,1740
13/09/2024 22.15,1758
13/09/2024 22.30,1530
13/09/2024 22.45,1584
13/09/2024 23.00,1740
13/09/2024 23.15,1752
13/09/2024 23.30,1644
13/09/2024 23.45,1680
14/09/2024 00.00,1542
14/09/2024 00.15,1668
14/09/2024 00.30,1674
14/09/2024 00.45,1638
14/09/2024 01.00,1698
14/09/2024 01.15,1584
14/09/2024 01.30,1680
14/09/2024 01.45,1716
14/09/2024 02.00,1554
14/09/2024 02.15,1638
14/09/2024 02.30,1632
14/09/2024 02.45,1752
14/09/2024 03.00,2100
14/09/2024 03.15,2112
14/09/2024 03.30,2196
14/09/2024 03.45,2058
14/09/2024 04.00,1530
14/09/2024 04.15,1740
14/09/2024 04.30,2088
14/09/2024 04.45,1980
14/09/2024 05.00,1752
14/09/2024 05.15,1986
14/09/2024 05.30,1830
14/09/2024 05.45,1650
14/09/2024 06.00,2088
14/09/2024 06.15,1902
14/09/2024 06.30,1410
14/09/2024 06.45,1212
14/09/2024 07.00,1224
14/09/2024 07.15,1200
14/09/2024 07.30,1104
14/09/2024 07.45,1026
14/09/2024 08.00,1020
14/09/2024 08.15,1314
14/09/2024 08.30,1470
14/09/2024 08.45,1212
14/09/2024 09.00,732
14/09/2024 09.15,966
14/09/2024 09.30,1512
14/09/2024 09.45,1308
14/09/2024 10.00,1248
14/09/2024 10.15,1134
14/09/2024 10.30,1080
14/09/2024 10.45,972
14/09/2024 11.00,1158
14/09/2024 11.15,1176
14/09/2024 11.30,1320
14/09/2024 11.45,1062
14/09/2024 12.00,1392
14/09/2024 12.15,1296
14/09/2024 12.30,1152
14/09/2024 12.45,1734
14/09/2024 13.00,1944
14/09/2024 13.15,1662
14/09/2024 13.30,1692
14/09/2024 13.45,1830
14/09/2024 14.00,1674
14/09/2024 14.15,1602
14/09/2024 14.30,1548
14/09/2024 14.45,1458
14/09/2024 15.00,1578
14/09/2024 15.15,1758
14/09/2024 15.30,1998
14/09/2024 15.45,2088
14/09/2024 16.00,2274
14/09/2024 16.15,2418
14/09/2024 16.30,2514
14/09/2024 16.45,2604
14/09/2024 17.00,2610
14/09/2024 17.15,2508
14/09/2024 17.30,2724
14/09/2024 17.45,2742
14/09/2024 18.00,2730
14/09/2024 18.15,2520
14/09/2024 18.30,2544
14/09/2024 18.45,2604
14/09/2024 19.00,2712
14/09/2024 19.15,2796
14/09/2024 19.30,2418
14/09/2024 19.45,2628
14/09/2024 20.00,2712
14/09/2024 20.15,2796
14/09/2024 20.30,2898
14/09/2024 20.45,2892
14/09/2024 21.00,2940
14/09/2024 21.15,2490
14/09/2024 21.30,2712
14/09/2024 21.45,2784
14/09/2024 22.00,2850
14/09/2024 22.15,2346
14/09/2024 22.30,2160
14/09/2024 22.45,2262
14/09/2024 23.00,2262
14/09/2024 23.15,2178
14/09/2024 23.30,2220
14/09/2024 23.45,2274
15/09/2024 00.00,2034
15/09/2024 00.15,2370
15/09/2024 00.30,2748
15/09/2024 00.45,2772
15/09/2024 01.00,2784
15/09/2024 01.15,2724
15/09/2024 01.30,2838
15/09/2024 01.45,2922
15/09/2024 02.00,2844
15/09/2024 02.15,2844
15/09/2024 02.30,2712
15/09/2024 02.45,2796
15/09/2024 03.00,2832
15/09/2024 03.15,2832
15/09/2024 03.30,2532
15/09/2024 03.45,2730
15/09/2024 04.00,2772
15/09/2024 04.15,2808
15/09/2024 04.30,2550
15/09/2024 04.45,2586
15/09/2024 05.00,2694
15/09/2024 05.15,2766
15/09/2024 05.30,2664
15/09/2024 05.45,2640
15/09/2024 06.00,2688
15/09/2024 06.15,2706
15/09/2024 06.30,2754
15/09/2024 06.45,2706
15/09/2024 07.00,2502
15/09/2024 07.15,2460
15/09/2024 07.30,2352
15/09/2024 07.45,2268
15/09/2024 08.00,1896
15/09/2024 08.15,2052
15/09/2024 08.30,2046
15/09/2024 08.45,2226
15/09/2024 09.00,2286
15/09/2024 09.15,2088
15/09/2024 09.30,1506
15/09/2024 09.45,1218
15/09/2024 10.00,1074
15/09/2024 10.15,1254
15/09/2024 10.30,1230
15/09/2024 10.45,1326
15/09/2024 11.00,1494
15/09/2024 11.15,882
15/09/2024 11.30,1254
15/09/2024 11.45,1500
15/09/2024 12.00,1854
15/09/2024 12.15,2232
15/09/2024 12.30,1596
15/09/2024 12.45,1350
15/09/2024 13.00,1278
15/09/2024 13.15,1218
15/09/2024 13.30,1608
15/09/2024 13.45,1638
15/09/2024 14.00,1512
15/09/2024 14.15,1770
15/09/2024 14.30,1500
15/09/2024 14.45,2262
15/09/2024 15.00,2352
15/09/2024 15.15,1836
15/09/2024 15.30,2040
15/09/2024 15.45,2010
15/09/2024 16.00,1656
15/09/2024 16.15,1914
15/09/2024 16.30,2046
15/09/2024 16.45,2016
15/09/2024 17.00,2460
15/09/2024 17.15,2874
15/09/2024 17.30,2898
15/09/2024 17.45,2898
15/09/2024 18.00,2862
15/09/2024 18.15,2748
15/09/2024 18.30,1320
15/09/2024 18.45,2712
15/09/2024 19.00,2850
15/09/2024 19.15,2802
15/09/2024 19.30,2838
15/09/2024 19.45,2832
15/09/2024 20.00,2808
15/09/2024 20.15,2904
15/09/2024 20.30,3294
15/09/2024 20.45,3348
15/09/2024 21.00,3312
15/09/2024 21.15,3246
15/09/2024 21.30,3180
15/09/2024 21.45,3198
15/09/2024 22.00,3378
15/09/2024 22.15,3384
15/09/2024 22.30,3378
15/09/2024 22.45,3216
15/09/2024 23.00,3240
15/09/2024 23.15,3054
15/09/2024 23.30,3144
15/09/2024 23.45,3288
16/09/2024 00.00,2778
16/09/2024 00.15,2520
16/09/2024 00.30,3264
16/09/2024 00.45,3528
16/09/2024 01.00,3420
16/09/2024 01.15,3486
16/09/2024 01.30,2934
16/09/2024 01.45,2730
16/09/2024 02.00,3162
16/09/2024 02.15,3312
16/09/2024 02.30,3516
16/09/2024 02.45,2952
16/09/2024 03.00,2634
16/09/2024 03.15,2772
16/09/2024 03.30,2424
16/09/2024 03.45,2562
16/09/2024 04.00,3066
16/09/2024 04.15,2910
16/09/2024 04.30,3150
16/09/2024 04.45,3414
16/09/2024 05.00,3288
16/09/2024 05.15,3378
16/09/2024 05.30,2970
16/09/2024 05.45,2814
16/09/2024 06.00,3018
16/09/2024 06.15,2424
16/09/2024 06.30,2448
16/09/2024 06.45,2424
16/09/2024 07.00,2226
16/09/2024 07.15,2016
16/09/2024 07.30,1788
16/09/2024 07.45,1590
16/09/2024 08.00,1698
16/09/2024 08.15,1854
16/09/2024 08.30,1548
16/09/2024 08.45,1338
16/09/2024 09.00,1344
16/09/2024 09.15,1032
16/09/2024 09.30,792
16/09/2024 09.45,756
16/09/2024 10.00,1182
16/09/2024 10.15,1050
16/09/2024 10.30,1536
16/09/2024 10.45,1578
16/09/2024 11.00,2214
16/09/2024 11.15,2340
16/09/2024 11.30,1908
16/09/2024 11.45,1764
16/09/2024 12.00,1398
16/09/2024 12.15,1422
16/09/2024 12.30,2124
16/09/2024 12.45,1680
16/09/2024 13.00,1560
16/09/2024 13.15,2100
16/09/2024 13.30,2928
16/09/2024 13.45,2952
16/09/2024 14.00,2790
16/09/2024 14.15,2796
16/09/2024 14.30,2382
16/09/2024 14.45,2694
16/09/2024 15.00,2742
16/09/2024 15.15,3000
16/09/2024 15.30,2982
16/09/2024 15.45,3270
16/09/2024 16.00,3084
16/09/2024 16.15,3258
16/09/2024 16.30,3264
16/09/2024 16.45,3264
16/09/2024 17.00,3156
16/09/2024 17.15,3156
16/09/2024 17.30,3240
16/09/2024 17.45,3324
16/09/2024 18.00,3486
16/09/2024 18.15,3282
16/09/2024 18.30,3276
16/09/2024 18.45,3414
16/09/2024 19.00,3408
16/09/2024 19.15,3456
16/09/2024 19.30,3426
16/09/2024 19.45,3096
16/09/2024 20.00,3030
16/09/2024 20.15,3324
16/09/2024 20.30,3240
16/09/2024 20.45,3510
16/09/2024 21.00,3354
16/09/2024 21.15,3300
16/09/2024 21.30,3276
16/09/2024 21.45,3210
16/09/2024 22.00,3504
16/09/2024 22.15,3360
16/09/2024 22.30,3168
16/09/2024 22.45,3054
16/09/2024 23.00,2784
16/09/2024 23.15,2718
16/09/2024 23.30,2580
16/09/2024 23.45,2694
17/09/2024 00.00,2742
17/09/2024 00.15,2784
17/09/2024 00.30,3096
17/09/2024 00.45,2628
17/09/2024 01.00,2682
17/09/2024 01.15,2688
17/09/2024 01.30,2892
17/09/2024 01.45,3036
17/09/2024 02.00,3450
17/09/2024 02.15,3540
17/09/2024 02.30,3504
17/09/2024 02.45,3486
17/09/2024 03.00,3324
17/09/2024 03.15,3408
17/09/2024 03.30,3438
17/09/2024 03.45,3342
17/09/2024 04.00,3294
17/09/2024 04.15,3264
17/09/2024 04.30,3036
17/09/2024 04.45,3240
17/09/2024 05.00,3318
17/09/2024 05.15,3312
17/09/2024 05.30,3426
17/09/2024 05.45,3606
17/09/2024 06.00,3528
17/09/2024 06.15,3468
17/09/2024 06.30,3408
17/09/2024 06.45,2682
17/09/2024 07.00,2796
17/09/2024 07.15,3030
17/09/2024 07.30,2520
17/09/2024 07.45,1362
17/09/2024 08.00,1260
17/09/2024 08.15,1572
17/09/2024 08.30,2040
17/09/2024 08.45,1854
17/09/2024 09.00,2262
17/09/2024 09.15,2658
17/09/2024 09.30,2724
17/09/2024 09.45,3000
17/09/2024 10.00,2778
17/09/2024 10.15,2700
17/09/2024 10.30,2442
17/09/2024 10.45,1710
17/09/2024 11.00,1626
17/09/2024 11.15,1452
17/09/2024 11.30,1446
17/09/2024 11.45,1404
17/09/2024 12.00,1326
17/09/2024 12.15,1386
17/09/2024 12.30,1536
17/09/2024 12.45,1410
17/09/2024 13.00,1266
17/09/2024 13.15,2394
17/09/2024 13.30,2052
17/09/2024 13.45,1626
17/09/2024 14.00,1902
17/09/2024 14.15,2814
17/09/2024 14.30,2466
17/09/2024 14.45,2172
17/09/2024 15.00,2580
17/09/2024 15.15,2184
17/09/2024 15.30,1524
17/09/2024 15.45,1476
17/09/2024 16.00,1626
17/09/2024 16.15,2586
17/09/2024 16.30,3324
17/09/2024 16.45,3246
17/09/2024 17.00,3210
17/09/2024 17.15,3270
17/09/2024 17.30,3132
17/09/2024 17.45,3132
17/09/2024 18.00,3384
17/09/2024 18.15,3408
17/09/2024 18.30,3396
17/09/2024 18.45,3420
17/09/2024 19.00,3450
17/09/2024 19.15,3450
17/09/2024 19.30,3426
17/09/2024 19.45,3432
17/09/2024 20.00,3162
17/09/2024 20.15,3312
17/09/2024 20.30,3348
17/09/2024 20.45,3216
17/09/2024 21.00,3408
17/09/2024 21.15,3486
17/09/2024 21.30,3360
17/09/2024 21.45,3132
17/09/2024 22.00,2808
17/09/2024 22.15,2556
17/09/2024 22.30,2796
17/09/2024 22.45,2784
17/09/2024 23.00,2652
17/09/2024 23.15,2736
17/09/2024 23.30,2730
17/09/2024 23.45,3384
18/09/2024 00.00,3402
18/09/2024 00.15,3300
18/09/2024 00.30,3432
18/09/2024 00.45,3594
18/09/2024 01.00,3516
18/09/2024 01.15,3690
18/09/2024 01.30,2850
18/09/2024 01.45,2442
18/09/2024 02.00,2460
18/09/2024 02.15,3036
18/09/2024 02.30,3384
18/09/2024 02.45,3408
18/09/2024 03.00,3186
18/09/2024 03.15,3450
18/09/2024 03.30,3456
18/09/2024 03.45,3114
18/09/2024 04.00,2754
18/09/2024 04.15,2856
18/09/2024 04.30,2712
18/09/2024 04.45,3132
18/09/2024 05.00,3294
18/09/2024 05.15,3342
18/09/2024 05.30,3228
18/09/2024 05.45,3108
18/09/2024 06.00,3066
18/09/2024 06.15,3228
18/09/2024 06.30,3168
18/09/2024 06.45,3108
18/09/2024 07.00,3138
18/09/2024 07.15,3024
18/09/2024 07.30,3042
18/09/2024 07.45,1848
18/09/2024 08.00,1524
18/09/2024 08.15,1788
18/09/2024 08.30,2568
18/09/2024 08.45,2376
18/09/2024 09.00,2406
18/09/2024 09.15,2178
18/09/2024 09.30,2088
18/09/2024 09.45,1920
18/09/2024 10.00,1950
18/09/2024 10.15,2124
18/09/2024 10.30,1752
18/09/2024 10.45,1692
18/09/2024 11.00,1404
18/09/2024 11.15,1314
18/09/2024 11.30,1668
18/09/2024 11.45,1326
18/09/2024 12.00,2106
18/09/2024 12.15,1842
18/09/2024 12.30,2346
18/09/2024 12.45,1824
18/09/2024 13.00,1788
18/09/2024 13.15,2208
18/09/2024 13.30,2568
18/09/2024 13.45,2652
18/09/2024 14.00,3144
18/09/2024 14.15,2478
18/09/2024 14.30,1758
18/09/2024 14.45,1656
18/09/2024 15.00,1812
18/09/2024 15.15,2550
18/09/2024 15.30,2604
18/09/2024 15.45,3324
18/09/2024 16.00,3324
18/09/2024 16.15,3342
18/09/2024 16.30,3204
18/09/2024 16.45,3108
18/09/2024 17.00,3228
18/09/2024 17.15,2880
18/09/2024 17.30,1980
18/09/2024 17.45,2652
18/09/2024 18.00,3294
18/09/2024 18.15,3348
18/09/2024 18.30,3432
18/09/2024 18.45,3516
18/09/2024 19.00,3570
18/09/2024 19.15,3570
18/09/2024 19.30,3510
18/09/2024 19.45,3258
18/09/2024 20.00,2646
18/09/2024 20.15,3096
18/09/2024 20.30,3300
18/09/2024 20.45,3246
18/09/2024 21.00,3438
18/09/2024 21.15,3450
18/09/2024 21.30,3450
18/09/2024 21.45,3276
18/09/2024 22.00,3324
18/09/2024 22.15,3510
18/09/2024 22.30,3660
18/09/2024 22.45,3252
18/09/2024 23.00,2874
18/09/2024 23.15,2760
18/09/2024 23.30,2490
18/09/2024 23.45,2748
19/09/2024 00.00,2640
19/09/2024 00.15,2772
19/09/2024 00.30,2784
19/09/2024 00.45,3036
19/09/2024 01.00,3588
19/09/2024 01.15,3630
19/09/2024 01.30,3348
19/09/2024 01.45,3426
19/09/2024 02.00,3474
19/09/2024 02.15,3384
19/09/2024 02.30,3396
19/09/2024 02.45,3276
19/09/2024 03.00,3378
19/09/2024 03.15,3348
19/09/2024 03.30,3276
19/09/2024 03.45,2634
19/09/2024 04.00,2760
19/09/2024 04.15,2688
19/09/2024 04.30,2676
19/09/2024 04.45,3384
19/09/2024 05.00,2772
19/09/2024 05.15,2490
19/09/2024 05.30,2844
19/09/2024 05.45,2820
19/09/2024 06.00,2814
19/09/2024 06.15,3138
19/09/2024 06.30,3090
19/09/2024 06.45,3144
19/09/2024 07.00,3036
19/09/2024 07.15,2868
19/09/2024 07.30,2664
19/09/2024 07.45,2334
19/09/2024 08.00,1590
19/09/2024 08.15,2286
19/09/2024 08.30,2280
19/09/2024 08.45,1920
19/09/2024 09.00,1704
19/09/2024 09.15,1848
19/09/2024 09.30,1788
19/09/2024 09.45,1752
19/09/2024 10.00,1440
19/09/2024 10.15,1020
19/09/2024 10.30,1728
19/09/2024 10.45,1656
19/09/2024 11.00,2016
19/09/2024 11.15,1392
19/09/2024 11.30,1596
19/09/2024 11.45,1944
19/09/2024 12.00,2292
19/09/2024 12.15,2088
19/09/2024 12.30,1944
19/09/2024 12.45,1920
19/09/2024 13.00,2064
19/09/2024 13.15,1836
19/09/2024 13.30,1788
19/09/2024 13.45,1716
19/09/2024 14.00,2172
19/09/2024 14.15,2124
19/09/2024 14.30,2256
19/09/2024 14.45,2136
19/09/2024 15.00,2052
19/09/2024 15.15,2016
19/09/2024 15.30,2004
19/09/2024 15.45,2016
19/09/2024 16.00,2112
19/09/2024 16.15,2400
19/09/2024 16.30,2556
19/09/2024 16.45,2544
19/09/2024 17.00,2556
19/09/2024 17.15,2388
19/09/2024 17.30,2232
19/09/2024 17.45,2196
19/09/2024 18.00,2526
19/09/2024 18.15,2946
19/09/2024 18.30,3048
19/09/2024 18.45,2352
19/09/2024 19.00,2328
19/09/2024 19.15,2544
19/09/2024 19.30,2580
19/09/2024 19.45,2670
19/09/2024 20.00,2784
19/09/2024 20.15,2664
19/09/2024 20.30,2940
19/09/2024 20.45,2784
19/09/2024 21.00,2808
19/09/2024 21.15,2886
19/09/2024 21.30,2934
19/09/2024 21.45,2742
19/09/2024 22.00,2766
19/09/2024 22.15,2790
19/09/2024 22.30,2616
19/09/2024 22.45,2196
19/09/2024 23.00,2052
19/09/2024 23.15,2136
19/09/2024 23.30,2064
19/09/2024 23.45,2190
20/09/2024 00.00,2736
20/09/2024 00.15,2766
20/09/2024 00.30,2820
20/09/2024 00.45,2820
20/09/2024 01.00,2694
20/09/2024 01.15,2712
20/09/2024 01.30,2784
20/09/2024 01.45,2664
20/09/2024 02.00,2604
20/09/2024 02.15,2724
20/09/2024 02.30,2808
20/09/2024 02.45,2892
20/09/2024 03.00,2868
20/09/2024 03.15,2862
20/09/2024 03.30,2904
20/09/2024 03.45,2946
20/09/2024 04.00,2742
20/09/2024 04.15,2772
20/09/2024 04.30,2892
20/09/2024 04.45,2964
20/09/2024 05.00,2898
20/09/2024 05.15,2964
20/09/2024 05.30,2820
20/09/2024 05.45,2730
20/09/2024 06.00,2208
20/09/2024 06.15,1590
20/09/2024 06.30,1464
20/09/2024 06.45,1524
20/09/2024 07.00,1548
20/09/2024 07.15,1512
20/09/2024 07.30,1386
20/09/2024 07.45,1236
20/09/2024 08.00,384
20/09/2024 08.15,624
20/09/2024 08.30,1272
20/09/2024 08.45,1632
20/09/2024 09.00,1710
20/09/2024 09.15,1704
20/09/2024 09.30,1632
20/09/2024 09.45,1344
20/09/2024 10.00,1476
20/09/2024 10.15,1374
20/09/2024 10.30,804
20/09/2024 10.45,1092
20/09/2024 11.00,1158
20/09/2024 11.15,1248
20/09/2024 11.30,1140
20/09/2024 11.45,1152
20/09/2024 12.00,1140
20/09/2024 12.15,852
20/09/2024 12.30,756
20/09/2024 12.45,474
20/09/2024 13.00,1512
20/09/2024 13.15,1686
20/09/2024 13.30,1464
20/09/2024 13.45,1548
20/09/2024 14.00,1224
20/09/2024 14.15,954
20/09/2024 14.30,1296
20/09/2024 14.45,1182
20/09/2024 15.00,954
20/09/2024 15.15,1098
20/09/2024 15.30,1446
20/09/2024 15.45,1530
20/09/2024 16.00,1584
20/09/2024 16.15,1728
20/09/2024 16.30,1488
20/09/2024 16.45,1350
20/09/2024 17.00,1572
20/09/2024 17.15,1674
20/09/2024 17.30,1680
20/09/2024 17.45,1686
20/09/2024 18.00,1824
20/09/2024 18.15,2328
20/09/2024 18.30,2340
20/09/2024 18.45,2376
20/09/2024 19.00,2016
20/09/2024 19.15,1788
20/09/2024 19.30,1866
20/09/2024 19.45,1698
20/09/2024 20.00,1332
20/09/2024 20.15,1626
20/09/2024 20.30,1812
20/09/2024 20.45,1926
20/09/2024 21.00,2256
20/09/2024 21.15,2358
20/09/2024 21.30,2352
20/09/2024 21.45,1980
20/09/2024 22.00,1680
20/09/2024 22.15,1752
20/09/2024 22.30,1554
20/09/2024 22.45,1716
20/09/2024 23.00,1836
20/09/2024 23.15,1848
20/09/2024 23.30,1836
20/09/2024 23.45,1782
21/09/2024 00.00,1842
21/09/2024 00.15,1710
21/09/2024 00.30,1764
21/09/2024 00.45,1638
21/09/2024 01.00,1752
21/09/2024 01.15,2118
21/09/2024 01.30,2286
21/09/2024 01.45,2292
21/09/2024 02.00,2220
21/09/2024 02.15,2298
21/09/2024 02.30,2298
21/09/2024 02.45,2118
21/09/2024 03.00,1758
21/09/2024 03.15,1884
21/09/2024 03.30,1704
21/09/2024 03.45,1782
21/09/2024 04.00,1764
21/09/2024 04.15,1806
21/09/2024 04.30,1692
21/09/2024 04.45,1596
21/09/2024 05.00,1722
21/09/2024 05.15,1830
21/09/2024 05.30,1836
21/09/2024 05.45,1782
21/09/2024 06.00,1758
21/09/2024 06.15,1800
21/09/2024 06.30,1650
21/09/2024 06.45,1476
21/09/2024 07.00,1440
21/09/2024 07.15,1434
21/09/2024 07.30,1440
21/09/2024 07.45,1818
21/09/2024 08.00,1368
21/09/2024 08.15,1872
21/09/2024 08.30,1656
21/09/2024 08.45,1644
21/09/2024 09.00,1476
21/09/2024 09.15,1470
21/09/2024 09.30,2580
21/09/2024 09.45,1620
21/09/2024 10.00,1278
21/09/2024 10.15,1680
21/09/2024 10.30,1326
21/09/2024 10.45,1368
21/09/2024 11.00,1614
21/09/2024 11.15,1050
21/09/2024 11.30,1050
21/09/2024 11.45,888
21/09/2024 12.00,804
21/09/2024 12.15,468
21/09/2024 12.30,732
21/09/2024 12.45,840
21/09/2024 13.00,1728
21/09/2024 13.15,1512
21/09/2024 13.30,3036
21/09/2024 13.45,2526
21/09/2024 14.00,2592
21/09/2024 14.15,2460
21/09/2024 14.30,1878
21/09/2024 14.45,2346
21/09/2024 15.00,2358
21/09/2024 15.15,2646
21/09/2024 15.30,2958
21/09/2024 15.45,3132
21/09/2024 16.00,3090
21/09/2024 16.15,2952
21/09/2024 16.30,2670
21/09/2024 16.45,3216
21/09/2024 17.00,3186
21/09/2024 17.15,3024
21/09/2024 17.30,2838
21/09/2024 17.45,3486
21/09/2024 18.00,3576
21/09/2024 18.15,3636
21/09/2024 18.30,3516
21/09/2024 18.45,3642
21/09/2024 19.00,3564
21/09/2024 19.15,3648
21/09/2024 19.30,3612
21/09/2024 19.45,3150
21/09/2024 20.00,3156
21/09/2024 20.15,3618
21/09/2024 20.30,4284
21/09/2024 20.45,4272
21/09/2024 21.00,4212
21/09/2024 21.15,4092
21/09/2024 21.30,4428
21/09/2024 21.45,4632
21/09/2024 22.00,4086
21/09/2024 22.15,4248
21/09/2024 22.30,4278
21/09/2024 22.45,3828
21/09/2024 23.00,2820
21/09/2024 23.15,2352
21/09/2024 23.30,2994
21/09/2024 23.45,3102
22/09/2024 00.00,3612
22/09/2024 00.15,4152
22/09/2024 00.30,4242
22/09/2024 00.45,4590
22/09/2024 01.00,4590
22/09/2024 01.15,4476
22/09/2024 01.30,4632
22/09/2024 01.45,4158
22/09/2024 02.00,4278
22/09/2024 02.15,4416
22/09/2024 02.30,4782
22/09/2024 02.45,4554
22/09/2024 03.00,4092
22/09/2024 03.15,4194
22/09/2024 03.30,4224
22/09/2024 03.45,4386
22/09/2024 04.00,4272
22/09/2024 04.15,4206
22/09/2024 04.30,4158
22/09/2024 04.45,4008
22/09/2024 05.00,4668
22/09/2024 05.15,4572
22/09/2024 05.30,4686
22/09/2024 05.45,4788
22/09/2024 06.00,4644
22/09/2024 06.15,4680
22/09/2024 06.30,4404
22/09/2024 06.45,3966
22/09/2024 07.00,3624
22/09/2024 07.15,3084
22/09/2024 07.30,3042
22/09/2024 07.45,3066
22/09/2024 08.00,2838
22/09/2024 08.15,2778
22/09/2024 08.30,2778
22/09/2024 08.45,2772
22/09/2024 09.00,1992
22/09/2024 09.15,2004
22/09/2024 09.30,2472
22/09/2024 09.45,3162
22/09/2024 10.00,3546
22/09/2024 10.15,3588
22/09/2024 10.30,3552
22/09/2024 10.45,2958
22/09/2024 11.00,2640
22/09/2024 11.15,2952
22/09/2024 11.30,3036
22/09/2024 11.45,2736
22/09/2024 12.00,2868
22/09/2024 12.15,3744
22/09/2024 12.30,2718
22/09/2024 12.45,3390
22/09/2024 13.00,2520
22/09/2024 13.15,3102
22/09/2024 13.30,3006
22/09/2024 13.45,3558
22/09/2024 14.00,3942
22/09/2024 14.15,3468
22/09/2024 14.30,3228
22/09/2024 14.45,2766
22/09/2024 15.00,2820
22/09/2024 15.15,2796
22/09/2024 15.30,2064
22/09/2024 15.45,2736
22/09/2024 16.00,3852
22/09/2024 16.15,4146
22/09/2024 16.30,4272
22/09/2024 16.45,4194
22/09/2024 17.00,4224
22/09/2024 17.15,4368
22/09/2024 17.30,4146
22/09/2024 17.45,4080
22/09/2024 18.00,3852
22/09/2024 18.15,4350
22/09/2024 18.30,4560
22/09/2024 18.45,4920
22/09/2024 19.00,4704
22/09/2024 19.15,4698
22/09/2024 19.30,4344
22/09/2024 19.45,3366
22/09/2024 20.00,3318
22/09/2024 20.15,4698
22/09/2024 20.30,5016
22/09/2024 20.45,4860
22/09/2024 21.00,4620
22/09/2024 21.15,4092
22/09/2024 21.30,4440
22/09/2024 21.45,4614
22/09/2024 22.00,4260
22/09/2024 22.15,3822
22/09/2024 22.30,3864
22/09/2024 22.45,3828
22/09/2024 23.00,3774
22/09/2024 23.15,3690
22/09/2024 23.30,3840
22/09/2024 23.45,3846
23/09/2024 00.00,3204
23/09/2024 00.15,2958
23/09/2024 00.30,2904
23/09/2024 00.45,3300
23/09/2024 01.00,3750
23/09/2024 01.15,3666
23/09/2024 01.30,3750
23/09/2024 01.45,3672
23/09/2024 02.00,3774
23/09/2024 02.15,3378
23/09/2024 02.30,3096
23/09/2024 02.45,3078
23/09/2024 03.00,3024
23/09/2024 03.15,3102
23/09/2024 03.30,3114
23/09/2024 03.45,3294
23/09/2024 04.00,3684
23/09/2024 04.15,3684
23/09/2024 04.30,3534
23/09/2024 04.45,3474
23/09/2024 05.00,3768
23/09/2024 05.15,3726
23/09/2024 05.30,3816
23/09/2024 05.45,3768
23/09/2024 06.00,3798
23/09/2024 06.15,3810
23/09/2024 06.30,3768
23/09/2024 06.45,3612
23/09/2024 07.00,3444
23/09/2024 07.15,3252
23/09/2024 07.30,2910
23/09/2024 07.45,1458
23/09/2024 08.00,1620
23/09/2024 08.15,1962
23/09/2024 08.30,1692
23/09/2024 08.45,1986
23/09/2024 09.00,2166
23/09/2024 09.15,2238
23/09/2024 09.30,2274
23/09/2024 09.45,1950
23/09/2024 10.00,1722
23/09/2024 10.15,1770
23/09/2024 10.30,1518
23/09/2024 10.45,1626
23/09/2024 11.00,1476
23/09/2024 11.15,1230
23/09/2024 11.30,1110
23/09/2024 11.45,1578
23/09/2024 12.00,1560
23/09/2024 12.15,1584
23/09/2024 12.30,1440
23/09/2024 12.45,1590
23/09/2024 13.00,1218
23/09/2024 13.15,1314
23/09/2024 13.30,1332
23/09/2024 13.45,996
23/09/2024 14.00,1140
23/09/2024 14.15,1662
23/09/2024 14.30,1566
23/09/2024 14.45,1860
23/09/2024 15.00,2148
23/09/2024 15.15,2304
23/09/2024 15.30,2094
23/09/2024 15.45,2172
23/09/2024 16.00,2418
23/09/2024 16.15,2592
23/09/2024 16.30,2736
23/09/2024 16.45,2874
23/09/2024 17.00,2760
23/09/2024 17.15,2688
23/09/2024 17.30,2862
23/09/2024 17.45,2862
23/09/2024 18.00,2820
23/09/2024 18.15,2688
23/09/2024 18.30,2196
23/09/2024 18.45,2184
23/09/2024 19.00,2682
23/09/2024 19.15,2802
23/09/2024 19.30,2574
23/09/2024 19.45,1620
23/09/2024 20.00,1716
23/09/2024 20.15,2256
23/09/2024 20.30,2952
23/09/2024 20.45,2970
23/09/2024 21.00,2892
23/09/2024 21.15,2892
23/09/2024 21.30,2928
23/09/2024 21.45,2862
23/09/2024 22.00,2832
23/09/2024 22.15,2448
23/09/2024 22.30,2334
23/09/2024 22.45,2208
23/09/2024 23.00,2814
23/09/2024 23.15,2946
23/09/2024 23.30,2880
23/09/2024 23.45,2904
24/09/2024 00.00,2850
24/09/2024 00.15,2838
24/09/2024 00.30,2790
24/09/2024 00.45,2460
24/09/2024 01.00,1878
24/09/2024 01.15,2148
24/09/2024 01.30,2304
24/09/2024 01.45,2418
24/09/2024 02.00,2694
24/09/2024 02.15,2850
24/09/2024 02.30,2892
24/09/2024 02.45,2922
24/09/2024 03.00,2904
24/09/2024 03.15,2658
24/09/2024 03.30,1698
24/09/2024 03.45,1596
24/09/2024 04.00,1860
24/09/2024 04.15,2724
24/09/2024 04.30,2898
24/09/2024 04.45,2946
24/09/2024 05.00,2754
24/09/2024 05.15,2838
24/09/2024 05.30,2886
24/09/2024 05.45,2880
24/09/2024 06.00,2928
24/09/2024 06.15,2856
24/09/2024 06.30,2172
24/09/2024 06.45,2118
24/09/2024 07.00,1764
24/09/2024 07.15,1668
24/09/2024 07.30,1788
24/09/2024 07.45,1566
24/09/2024 08.00,1884
24/09/2024 08.15,2340
24/09/2024 08.30,2166
24/09/2024 08.45,2106
24/09/2024 09.00,2232
24/09/2024 09.15,2100
24/09/2024 09.30,1932
24/09/2024 09.45,2160
24/09/2024 10.00,1668
24/09/2024 10.15,1398
24/09/2024 10.30,1932
24/09/2024 10.45,1776
24/09/2024 11.00,1824
24/09/2024 11.15,1614
24/09/2024 11.30,2004
24/09/2024 11.45,1728
24/09/2024 12.00,912
24/09/2024 12.15,1296
24/09/2024 12.30,1272
24/09/2024 12.45,1656
24/09/2024 13.00,1812
24/09/2024 13.15,2100
24/09/2024 13.30,2202
24/09/2024 13.45,2124
24/09/2024 14.00,2052
24/09/2024 14.15,2226
24/09/2024 14.30,2352
24/09/2024 14.45,2316
24/09/2024 15.00,2160
24/09/2024 15.15,1986
24/09/2024 15.30,1986
24/09/2024 15.45,2460
24/09/2024 16.00,2616
24/09/2024 16.15,2688
24/09/2024 16.30,2778
24/09/2024 16.45,2754
24/09/2024 17.00,1968
24/09/2024 17.15,1398
24/09/2024 17.30,1422
24/09/2024 17.45,2220
24/09/2024 18.00,2724
24/09/2024 18.15,2718
24/09/2024 18.30,2742
24/09/2024 18.45,2808
24/09/2024 19.00,2808
24/09/2024 19.15,2826
24/09/2024 19.30,2760
24/09/2024 19.45,2064
24/09/2024 20.00,2094
24/09/2024 20.15,2730
24/09/2024 20.30,2514
24/09/2024 20.45,2130
24/09/2024 21.00,2460
24/09/2024 21.15,2874
24/09/2024 21.30,2898
24/09/2024 21.45,2814
24/09/2024 22.00,2820
24/09/2024 22.15,2844
24/09/2024 22.30,2808
24/09/2024 22.45,2820
24/09/2024 23.00,2850
24/09/2024 23.15,2868
24/09/2024 23.30,2598
24/09/2024 23.45,2652
25/09/2024 00.00,2772
25/09/2024 00.15,2736
25/09/2024 00.30,2586
25/09/2024 00.45,1794
25/09/2024 01.00,1542
25/09/2024 01.15,1932
25/09/2024 01.30,2730
25/09/2024 01.45,2748
25/09/2024 02.00,2730
25/09/2024 02.15,2706
25/09/2024 02.30,2676
25/09/2024 02.45,2718
25/09/2024 03.00,2736
25/09/2024 03.15,2694
25/09/2024 03.30,2682
25/09/2024 03.45,2136
25/09/2024 04.00,2040
25/09/2024 04.15,2184
25/09/2024 04.30,2112
25/09/2024 04.45,2172
25/09/2024 05.00,2592
25/09/2024 05.15,2688
25/09/2024 05.30,2730
25/09/2024 05.45,2640
25/09/2024 06.00,2412
25/09/2024 06.15,2178
25/09/2024 06.30,2694
25/09/2024 06.45,2736
25/09/2024 07.00,2706
25/09/2024 07.15,2256
25/09/2024 07.30,1854
25/09/2024 07.45,1506
25/09/2024 08.00,1806
25/09/2024 08.15,2448
25/09/2024 08.30,2430
25/09/2024 08.45,2388
25/09/2024 09.00,2322
25/09/2024 09.15,2190
25/09/2024 09.30,1836
25/09/2024 09.45,1392
25/09/2024 10.00,1128
25/09/2024 10.15,1098
25/09/2024 10.30,1866
25/09/2024 10.45,2076
25/09/2024 11.00,1788
25/09/2024 11.15,1512
25/09/2024 11.30,186
25/09/2024 11.45,528
25/09/2024 12.00,462
25/09/2024 12.15,864
25/09/2024 12.30,1620
25/09/2024 12.45,1428
25/09/2024 13.00,1554
25/09/2024 13.15,2040
25/09/2024 13.30,2136
25/09/2024 13.45,1998
25/09/2024 14.00,2028
25/09/2024 14.15,1812
25/09/2024 14.30,1164
25/09/2024 14.45,1014
25/09/2024 15.00,1230
25/09/2024 15.15,1254
25/09/2024 15.30,924
25/09/2024 15.45,1188
25/09/2024 16.00,1740
25/09/2024 16.15,1716
25/09/2024 16.30,2076
25/09/2024 16.45,2586
25/09/2024 17.00,2544
25/09/2024 17.15,2550
25/09/2024 17.30,2688
25/09/2024 17.45,2592
25/09/2024 18.00,1758
25/09/2024 18.15,1470
25/09/2024 18.30,2364
25/09/2024 18.45,2646
25/09/2024 19.00,2766
25/09/2024 19.15,2718
25/09/2024 19.30,2586
25/09/2024 19.45,1548
25/09/2024 20.00,1410
25/09/2024 20.15,1608
25/09/2024 20.30,1530
25/09/2024 20.45,2004
25/09/2024 21.00,2112
25/09/2024 21.15,2502
25/09/2024 21.30,2730
25/09/2024 21.45,2754
25/09/2024 22.00,2790
25/09/2024 22.15,2814
25/09/2024 22.30,2760
25/09/2024 22.45,2220
25/09/2024 23.00,2136
25/09/2024 23.15,2148
25/09/2024 23.30,2172
25/09/2024 23.45,1920
26/09/2024 00.00,2118
26/09/2024 00.15,2046
26/09/2024 00.30,2142
26/09/2024 00.45,2310
26/09/2024 01.00,2118
26/09/2024 01.15,2214
26/09/2024 01.30,2154
26/09/2024 01.45,2556
26/09/2024 02.00,2892
26/09/2024 02.15,2916
26/09/2024 02.30,2928
26/09/2024 02.45,2928
26/09/2024 03.00,2820
26/09/2024 03.15,2796
26/09/2024 03.30,2772
26/09/2024 03.45,2736
26/09/2024 04.00,2760
26/09/2024 04.15,2760
26/09/2024 04.30,2652
26/09/2024 04.45,2700
26/09/2024 05.00,2832
26/09/2024 05.15,2772
26/09/2024 05.30,2718
26/09/2024 05.45,2604
26/09/2024 06.00,2466
26/09/2024 06.15,2142
26/09/2024 06.30,2280
26/09/2024 06.45,2532
26/09/2024 07.00,2280
26/09/2024 07.15,2004
26/09/2024 07.30,1740
26/09/2024 07.45,912
26/09/2024 08.00,1038
26/09/2024 08.15,1356
26/09/2024 08.30,1896
26/09/2024 08.45,1860
26/09/2024 09.00,1818
26/09/2024 09.15,1638
26/09/2024 09.30,1584
26/09/2024 09.45,1014
26/09/2024 10.00,978
26/09/2024 10.15,822
26/09/2024 10.30,792
26/09/2024 10.45,774
26/09/2024 11.00,1302
26/09/2024 11.15,1266
26/09/2024 11.30,1200
26/09/2024 11.45,864
26/09/2024 12.00,1080
26/09/2024 12.15,1380
26/09/2024 12.30,1320
26/09/2024 12.45,1524
26/09/2024 13.00,1200
26/09/2024 13.15,756
26/09/2024 13.30,1008
26/09/2024 13.45,1404
26/09/2024 14.00,1038
26/09/2024 14.15,1356
26/09/2024 14.30,1860
26/09/2024 14.45,1728
26/09/2024 15.00,1860
26/09/2024 15.15,1884
26/09/2024 15.30,2424
26/09/2024 15.45,2130
26/09/2024 16.00,1974
26/09/2024 16.15,1680
26/09/2024 16.30,1968
26/09/2024 16.45,1902
26/09/2024 17.00,1884
26/09/2024 17.15,2304
26/09/2024 17.30,2784
26/09/2024 17.45,2838
26/09/2024 18.00,2826
26/09/2024 18.15,2196
26/09/2024 18.30,2388
26/09/2024 18.45,2736
26/09/2024 19.00,2568
26/09/2024 19.15,2592
26/09/2024 19.30,1656
26/09/2024 19.45,1368
26/09/2024 20.00,1368
26/09/2024 20.15,2208
26/09/2024 20.30,2760
26/09/2024 20.45,2796
26/09/2024 21.00,2760
26/09/2024 21.15,2796
26/09/2024 21.30,2736
26/09/2024 21.45,2748
26/09/2024 22.00,2796
26/09/2024 22.15,2184
26/09/2024 22.30,2172
26/09/2024 22.45,2262
26/09/2024 23.00,2628
26/09/2024 23.15,2910
26/09/2024 23.30,2760
26/09/2024 23.45,2748
27/09/2024 00.00,2844
27/09/2024 00.15,2808
27/09/2024 00.30,2472
27/09/2024 00.45,2664
27/09/2024 01.00,2832
27/09/2024 01.15,2784
27/09/2024 01.30,2814
27/09/2024 01.45,2532
27/09/2024 02.00,1794
27/09/2024 02.15,1560
27/09/2024 02.30,1944
27/09/2024 02.45,2940
27/09/2024 03.00,2964
27/09/2024 03.15,2898
27/09/2024 03.30,2946
27/09/2024 03.45,2868
27/09/2024 04.00,2670
27/09/2024 04.15,2730
27/09/2024 04.30,2556
27/09/2024 04.45,1704
27/09/2024 05.00,1314
27/09/2024 05.15,1230
27/09/2024 05.30,1146
27/09/2024 05.45,1134
27/09/2024 06.00,1074
27/09/2024 06.15,1044
27/09/2024 06.30,1026
27/09/2024 06.45,948
27/09/2024 07.00,828
27/09/2024 07.15,780
27/09/2024 07.30,654
27/09/2024 07.45,30
27/09/2024 08.00,0
27/09/2024 08.15,0
27/09/2024 08.30,0
27/09/2024 08.45,0
27/09/2024 09.00,12
27/09/2024 09.15,24
27/09/2024 09.30,54
27/09/2024 09.45,0
27/09/2024 10.00,0
27/09/2024 10.15,6
27/09/2024 10.30,6
27/09/2024 10.45,12
27/09/2024 11.00,6
27/09/2024 11.15,24
27/09/2024 11.30,12
27/09/2024 11.45,6
27/09/2024 12.00,12
27/09/2024 12.15,0
27/09/2024 12.30,6
27/09/2024 12.45,0
27/09/2024 13.00,42
27/09/2024 13.15,102
27/09/2024 13.30,282
27/09/2024 13.45,174
27/09/2024 14.00,18
27/09/2024 14.15,0
27/09/2024 14.30,6
27/09/2024 14.45,12
27/09/2024 15.00,18
27/09/2024 15.15,60
27/09/2024 15.30,108
27/09/2024 15.45,108
27/09/2024 16.00,150
27/09/2024 16.15,204
27/09/2024 16.30,282
27/09/2024 16.45,216
27/09/2024 17.00,210
27/09/2024 17.15,282
27/09/2024 17.30,168
27/09/2024 17.45,180
27/09/2024 18.00,180
27/09/2024 18.15,216
27/09/2024 18.30,180
27/09/2024 18.45,192
27/09/2024 19.00,192
27/09/2024 19.15,192
27/09/2024 19.30,192
27/09/2024 19.45,180
27/09/2024 20.00,198
27/09/2024 20.15,204
27/09/2024 20.30,198
27/09/2024 20.45,192
27/09/2024 21.00,204
27/09/2024 21.15,180
27/09/2024 21.30,186
27/09/2024 21.45,192
27/09/2024 22.00,192
27/09/2024 22.15,192
27/09/2024 22.30,222
27/09/2024 22.45,234
27/09/2024 23.00,228
27/09/2024 23.15,252
27/09/2024 23.30,252
27/09/2024 23.45,288
28/09/2024 00.00,306
28/09/2024 00.15,330
28/09/2024 00.30,270
28/09/2024 00.45,312
28/09/2024 01.00,312
28/09/2024 01.15,324
28/09/2024 01.30,306
28/09/2024 01.45,324
28/09/2024 02.00,336
28/09/2024 02.15,288
28/09/2024 02.30,306
28/09/2024 02.45,330
28/09/2024 03.00,288
28/09/2024 03.15,342
28/09/2024 03.30,270
28/09/2024 03.45,240
28/09/2024 04.00,276
28/09/2024 04.15,246
28/09/2024 04.30,240
28/09/2024 04.45,228
28/09/2024 05.00,222
28/09/2024 05.15,198
28/09/2024 05.30,180
28/09/2024 05.45,162
28/09/2024 06.00,156
28/09/2024 06.15,120
28/09/2024 06.30,108
28/09/2024 06.45,48
28/09/2024 07.00,48
28/09/2024 07.15,0
28/09/2024 07.30,0
28/09/2024 07.45,6
28/09/2024 08.00,12
28/09/2024 08.15,30
28/09/2024 08.30,426
28/09/2024 08.45,912
28/09/2024 09.00,876
28/09/2024 09.15,1056
28/09/2024 09.30,1584
28/09/2024 09.45,1356
28/09/2024 10.00,924
28/09/2024 10.15,942
28/09/2024 10.30,882
28/09/2024 10.45,972
28/09/2024 11.00,984
28/09/2024 11.15,1326
28/09/2024 11.30,2148
28/09/2024 11.45,1908
28/09/2024 12.00,2010
28/09/2024 12.15,1356
28/09/2024 12.30,2028
28/09/2024 12.45,1644
28/09/2024 13.00,2226
28/09/2024 13.15,1716
28/09/2024 13.30,2022
28/09/2024 13.45,1578
28/09/2024 14.00,1962
28/09/2024 14.15,2016
28/09/2024 14.30,1488
28/09/2024 14.45,1260
28/09/2024 15.00,1236
28/09/2024 15.15,1668
28/09/2024 15.30,1842
28/09/2024 15.45,2274
28/09/2024 16.00,1812
28/09/2024 16.15,1464
28/09/2024 16.30,1632
28/09/2024 16.45,1620
28/09/2024 17.00,1728
28/09/2024 17.15,2208
28/09/2024 17.30,2616
28/09/2024 17.45,2712
28/09/2024 18.00,2850
28/09/2024 18.15,2754
28/09/2024 18.30,2808
28/09/2024 18.45,2796
28/09/2024 19.00,2556
28/09/2024 19.15,2388
28/09/2024 19.30,2736
28/09/2024 19.45,1848
28/09/2024 20.00,2010
28/09/2024 20.15,2796
28/09/2024 20.30,2748
28/09/2024 20.45,2844
28/09/2024 21.00,2880
28/09/2024 21.15,2406
28/09/2024 21.30,2448
28/09/2024 21.45,2790
28/09/2024 22.00,2364
28/09/2024 22.15,2628
28/09/2024 22.30,2802
28/09/2024 22.45,2766
28/09/2024 23.00,2226
28/09/2024 23.15,2100
28/09/2024 23.30,1542
28/09/2024 23.45,2064
29/09/2024 00.00,2226
29/09/2024 00.15,2040
29/09/2024 00.30,2232
29/09/2024 00.45,2304
29/09/2024 01.00,2196
29/09/2024 01.15,2226
29/09/2024 01.30,2160
29/09/2024 01.45,2196
29/09/2024 02.00,2316
29/09/2024 02.15,2298
29/09/2024 02.30,2766
29/09/2024 02.45,2952
29/09/2024 03.00,2940
29/09/2024 03.15,2994
29/09/2024 03.30,2940
29/09/2024 03.45,2958
29/09/2024 04.00,2880
29/09/2024 04.15,2958
29/09/2024 04.30,2934
29/09/2024 04.45,2538
29/09/2024 05.00,2628
29/09/2024 05.15,2934
29/09/2024 05.30,2868
29/09/2024 05.45,2454
29/09/2024 06.00,2652
29/09/2024 06.15,2664
29/09/2024 06.30,2616
29/09/2024 06.45,2556
29/09/2024 07.00,2616
29/09/2024 07.15,2400
29/09/2024 07.30,2184
29/09/2024 07.45,1212
29/09/2024 08.00,888
29/09/2024 08.15,1728
29/09/2024 08.30,1680
29/09/2024 08.45,1752
29/09/2024 09.00,1260
29/09/2024 09.15,972
29/09/2024 09.30,888
29/09/2024 09.45,1128
29/09/2024 10.00,1200
29/09/2024 10.15,1356
29/09/2024 10.30,1350
29/09/2024 10.45,2178
29/09/2024 11.00,2046
29/09/2024 11.15,1830
29/09/2024 11.30,2088
29/09/2024 11.45,2364
29/09/2024 12.00,1740
29/09/2024 12.15,1704
29/09/2024 12.30,1896
29/09/2024 12.45,1572
29/09/2024 13.00,1830
29/09/2024 13.15,1542
29/09/2024 13.30,1362
29/09/2024 13.45,1464
29/09/2024 14.00,1722
29/09/2024 14.15,1620
29/09/2024 14.30,1740
29/09/2024 14.45,1656
29/09/2024 15.00,2178
29/09/2024 15.15,2400
29/09/2024 15.30,1920
29/09/2024 15.45,2172
29/09/2024 16.00,2208
29/09/2024 16.15,2280
29/09/2024 16.30,2424
29/09/2024 16.45,2424
29/09/2024 17.00,2388
29/09/2024 17.15,2436
29/09/2024 17.30,2544
29/09/2024 17.45,2520
29/09/2024 18.00,2154
29/09/2024 18.15,1932
29/09/2024 18.30,1878
29/09/2024 18.45,2040
29/09/2024 19.00,2004
29/09/2024 19.15,1920
29/09/2024 19.30,2376
29/09/2024 19.45,1944
29/09/2024 20.00,2148
29/09/2024 20.15,2634
29/09/2024 20.30,2724
29/09/2024 20.45,2748
29/09/2024 21.00,1998
29/09/2024 21.15,1452
29/09/2024 21.30,1506
29/09/2024 21.45,1590
29/09/2024 22.00,2034
29/09/2024 22.15,2088
29/09/2024 22.30,2556
29/09/2024 22.45,2664
29/09/2024 23.00,2652
29/09/2024 23.15,2766
29/09/2024 23.30,2754
29/09/2024 23.45,2748
30/09/2024 00.00,2808
30/09/2024 00.15,2898
30/09/2024 00.30,2736
30/09/2024 00.45,2778
30/09/2024 01.00,2136
30/09/2024 01.15,2064
30/09/2024 01.30,2178
30/09/2024 01.45,1980
30/09/2024 02.00,2112
30/09/2024 02.15,2124
30/09/2024 02.30,2340
30/09/2024 02.45,2874
30/09/2024 03.00,2622
30/09/2024 03.15,2682
30/09/2024 03.30,2634
30/09/2024 03.45,2748
30/09/2024 04.00,2706
30/09/2024 04.15,2574
30/09/2024 04.30,2754
30/09/2024 04.45,2136
30/09/2024 05.00,1500
30/09/2024 05.15,1476
30/09/2024 05.30,1422
30/09/2024 05.45,2184
30/09/2024 06.00,2580
30/09/2024 06.15,2640
30/09/2024 06.30,2568
30/09/2024 06.45,2448
30/09/2024 07.00,2340
30/09/2024 07.15,2088
30/09/2024 07.30,1392
30/09/2024 07.45,1092
30/09/2024 08.00,1008
30/09/2024 08.15,1200
30/09/2024 08.30,1104
30/09/2024 08.45,1092
30/09/2024 09.00,1110
30/09/2024 09.15,1560
30/09/2024 09.30,1476
30/09/2024 09.45,1626
30/09/2024 10.00,1476
30/09/2024 10.15,1446
30/09/2024 10.30,1158
30/09/2024 10.45,810
30/09/2024 11.00,912
30/09/2024 11.15,1458
30/09/2024 11.30,1488
30/09/2024 11.45,1212
30/09/2024 12.00,1332
30/09/2024 12.15,1080
30/09/2024 12.30,852
30/09/2024 12.45,1116
30/09/2024 13.00,1350
30/09/2024 13.15,1266
30/09/2024 13.30,1644
30/09/2024 13.45,2118
30/09/2024 14.00,2220
30/09/2024 14.15,2400
30/09/2024 14.30,2136
30/09/2024 14.45,2190
30/09/2024 15.00,2196
30/09/2024 15.15,2082
30/09/2024 15.30,1464
30/09/2024 15.45,1428
30/09/2024 16.00,1056
30/09/2024 16.15,1224
30/09/2024 16.30,1728
30/09/2024 16.45,1824
30/09/2024 17.00,2172
30/09/2024 17.15,2664
30/09/2024 17.30,2496
30/09/2024 17.45,2760
30/09/2024 18.00,2766
30/09/2024 18.15,2454
30/09/2024 18.30,1476
30/09/2024 18.45,1608
30/09/2024 19.00,2100
30/09/2024 19.15,2028
30/09/2024 19.30,2472
30/09/2024 19.45,2112
30/09/2024 20.00,1896
30/09/2024 20.15,2544
30/09/2024 20.30,2616
30/09/2024 20.45,2748
30/09/2024 21.00,2604
30/09/2024 21.15,2652
30/09/2024 21.30,2712
30/09/2024 21.45,2652
30/09/2024 22.00,2628
30/09/2024 22.15,2244
30/09/2024 22.30,2244
30/09/2024 22.45,2376
30/09/2024 23.00,2208
30/09/2024 23.15,2724
30/09/2024 23.30,2280
30/09/2024 23.45,2088
01/10/2024 00.00,2076
01/10/2024 00.15,2160
01/10/2024 00.30,2412
01/10/2024 00.45,2760
01/10/2024 01.00,2730
01/10/2024 01.15,2700
01/10/2024 01.30,2748
01/10/2024 01.45,2274
01/10/2024 02.00,2790
01/10/2024 02.15,2754
01/10/2024 02.30,2442
01/10/2024 02.45,2022
01/10/2024 03.00,1950
01/10/2024 03.15,2022
01/10/2024 03.30,2016
01/10/2024 03.45,1914
01/10/2024 04.00,2034
01/10/2024 04.15,2400
01/10/2024 04.30,2724
01/10/2024 04.45,2418
01/10/2024 05.00,2118
01/10/2024 05.15,2130
01/10/2024 05.30,2016
01/10/2024 05.45,2610
01/10/2024 06.00,2664
01/10/2024 06.15,2712
01/10/2024 06.30,2508
01/10/2024 06.45,2640
01/10/2024 07.00,2490
01/10/2024 07.15,2454
01/10/2024 07.30,2196
01/10/2024 07.45,1200
01/10/2024 08.00,900
01/10/2024 08.15,1200
01/10/2024 08.30,1308
01/10/2024 08.45,1608
01/10/2024 09.00,1524
01/10/2024 09.15,1368
01/10/2024 09.30,1296
01/10/2024 09.45,1416
01/10/2024 10.00,1452
01/10/2024 10.15,1692
01/10/2024 10.30,1584
01/10/2024 10.45,1764
01/10/2024 11.00,1548
01/10/2024 11.15,1590
01/10/2024 11.30,1248
01/10/2024 11.45,1344
01/10/2024 12.00,1668
01/10/2024 12.15,1344
01/10/2024 12.30,1254
01/10/2024 12.45,1224
01/10/2024 13.00,1398
01/10/2024 13.15,1590
01/10/2024 13.30,1416
01/10/2024 13.45,1596
01/10/2024 14.00,1626
01/10/2024 14.15,822
01/10/2024 14.30,438
01/10/2024 14.45,534
01/10/2024 15.00,1620
01/10/2024 15.15,1986
01/10/2024 15.30,1986
01/10/2024 15.45,2184
01/10/2024 16.00,2298
01/10/2024 16.15,2268
01/10/2024 16.30,2340
01/10/2024 16.45,2544
01/10/2024 17.00,2400
01/10/2024 17.15,2406
01/10/2024 17.30,2508
01/10/2024 17.45,1626
01/10/2024 18.00,1470
01/10/2024 18.15,2352
01/10/2024 18.30,2610
01/10/2024 18.45,2484
01/10/2024 19.00,2682
01/10/2024 19.15,2700
01/10/2024 19.30,2586
01/10/2024 19.45,1752
01/10/2024 20.00,1698
01/10/2024 20.15,2748
01/10/2024 20.30,2730
01/10/2024 20.45,2694
01/10/2024 21.00,2748
01/10/2024 21.15,2706
01/10/2024 21.30,1944
01/10/2024 21.45,1968
01/10/2024 22.00,2064
01/10/2024 22.15,1944
01/10/2024 22.30,1920
01/10/2024 22.45,2142
01/10/2024 23.00,2088
01/10/2024 23.15,2112
01/10/2024 23.30,2040
01/10/2024 23.45,2076
02/10/2024 00.00,2076
02/10/2024 00.15,2082
02/10/2024 00.30,2106
02/10/2024 00.45,2148
02/10/2024 01.00,2172
02/10/2024 01.15,2016
02/10/2024 01.30,2088
02/10/2024 01.45,2328
02/10/2024 02.00,2808
02/10/2024 02.15,2688
02/10/2024 02.30,2832
02/10/2024 02.45,2736
02/10/2024 03.00,2676
02/10/2024 03.15,2448
02/10/2024 03.30,2658
02/10/2024 03.45,2448
02/10/2024 04.00,2568
02/10/2024 04.15,2520
02/10/2024 04.30,2676
02/10/2024 04.45,2604
02/10/2024 05.00,2460
02/10/2024 05.15,2604
02/10/2024 05.30,2604
02/10/2024 05.45,2610
02/10/2024 06.00,2514
02/10/2024 06.15,2526
02/10/2024 06.30,2424
02/10/2024 06.45,2352
02/10/2024 07.00,2016
02/10/2024 07.15,2136
02/10/2024 07.30,1896
02/10/2024 07.45,816
02/10/2024 08.00,684
02/10/2024 08.15,1248
02/10/2024 08.30,1794
02/10/2024 08.45,1734
02/10/2024 09.00,1536
02/10/2024 09.15,1710
02/10/2024 09.30,1656
02/10/2024 09.45,2028
02/10/2024 10.00,1992
02/10/2024 10.15,2154
02/10/2024 10.30,2022
02/10/2024 10.45,2244
02/10/2024 11.00,2160
02/10/2024 11.15,1692
02/10/2024 11.30,2088
02/10/2024 11.45,1656
02/10/2024 12.00,1644
02/10/2024 12.15,1368
02/10/2024 12.30,1968
02/10/2024 12.45,2322
02/10/2024 13.00,2604
02/10/2024 13.15,2004
02/10/2024 13.30,1824
02/10/2024 13.45,1824
02/10/2024 14.00,1860
02/10/2024 14.15,1548
02/10/2024 14.30,1290
02/10/2024 14.45,1278
02/10/2024 15.00,1302
02/10/2024 15.15,1722
02/10/2024 15.30,2064
02/10/2024 15.45,2136
02/10/2024 16.00,2316
02/10/2024 16.15,2148
02/10/2024 16.30,1764
02/10/2024 16.45,2364
02/10/2024 17.00,2622
02/10/2024 17.15,2640
02/10/2024 17.30,2682
02/10/2024 17.45,2628
02/10/2024 18.00,2826
02/10/2024 18.15,2820
02/10/2024 18.30,2634
02/10/2024 18.45,2706
02/10/2024 19.00,2838
02/10/2024 19.15,2874
02/10/2024 19.30,2622
02/10/2024 19.45,1668
02/10/2024 20.00,1626
02/10/2024 20.15,1980
02/10/2024 20.30,2556
02/10/2024 20.45,2640
02/10/2024 21.00,2208
02/10/2024 21.15,2040
02/10/2024 21.30,2808
02/10/2024 21.45,2658
02/10/2024 22.00,2646
02/10/2024 22.15,2724
02/10/2024 22.30,2724
02/10/2024 22.45,1704
02/10/2024 23.00,1464
02/10/2024 23.15,1476
02/10/2024 23.30,1488
02/10/2024 23.45,1962
03/10/2024 00.00,2142
03/10/2024 00.15,2232
03/10/2024 00.30,2820
03/10/2024 00.45,2664
03/10/2024 01.00,2778
03/10/2024 01.15,2784
03/10/2024 01.30,2760
03/10/2024 01.45,2292
03/10/2024 02.00,2214
03/10/2024 02.15,2112
03/10/2024 02.30,2112
03/10/2024 02.45,2196
03/10/2024 03.00,2124
03/10/2024 03.15,2166
03/10/2024 03.30,2100
03/10/2024 03.45,2208
03/10/2024 04.00,2142
03/10/2024 04.15,2166
03/10/2024 04.30,2100
03/10/2024 04.45,2124
03/10/2024 05.00,2214
03/10/2024 05.15,2112
03/10/2024 05.30,2256
03/10/2024 05.45,2124
03/10/2024 06.00,2112
03/10/2024 06.15,2148
03/10/2024 06.30,1962
03/10/2024 06.45,1680
03/10/2024 07.00,1884
03/10/2024 07.15,1776
03/10/2024 07.30,1374
03/10/2024 07.45,1494
03/10/2024 08.00,1116
03/10/2024 08.15,1392
03/10/2024 08.30,1512
03/10/2024 08.45,1680
03/10/2024 09.00,1518
03/10/2024 09.15,1332
03/10/2024 09.30,1014
03/10/2024 09.45,1140
03/10/2024 10.00,1248
03/10/2024 10.15,1470
03/10/2024 10.30,1680
03/10/2024 10.45,1932
03/10/2024 11.00,1632
03/10/2024 11.15,1596
03/10/2024 11.30,972
03/10/2024 11.45,1548
03/10/2024 12.00,1764
03/10/2024 12.15,1584
03/10/2024 12.30,876
03/10/2024 12.45,972
03/10/2024 13.00,2064
03/10/2024 13.15,2658
03/10/2024 13.30,2640
03/10/2024 13.45,2346
03/10/2024 14.00,3552
03/10/2024 14.15,3912
03/10/2024 14.30,3582
03/10/2024 14.45,3540
03/10/2024 15.00,3768
03/10/2024 15.15,3942
03/10/2024 15.30,4230
03/10/2024 15.45,3786
03/10/2024 16.00,3690
03/10/2024 16.15,3690
03/10/2024 16.30,3834
03/10/2024 16.45,3924
03/10/2024 17.00,3648
03/10/2024 17.15,3528
03/10/2024 17.30,2994
03/10/2024 17.45,2844
03/10/2024 18.00,3984
03/10/2024 18.15,4278
03/10/2024 18.30,4320
03/10/2024 18.45,4572
03/10/2024 19.00,4500
03/10/2024 19.15,4344
03/10/2024 19.30,4176
03/10/2024 19.45,3582
03/10/2024 20.00,3480
03/10/2024 20.15,3900
03/10/2024 20.30,3984
03/10/2024 20.45,4020
03/10/2024 21.00,3636
03/10/2024 21.15,4212
03/10/2024 21.30,3816
03/10/2024 21.45,3960
03/10/2024 22.00,3930
03/10/2024 22.15,4038
03/10/2024 22.30,4206
03/10/2024 22.45,4110
03/10/2024 23.00,3996
03/10/2024 23.15,4212
03/10/2024 23.30,4062
03/10/2024 23.45,4236
04/10/2024 00.00,4122
04/10/2024 00.15,4164
04/10/2024 00.30,4080
04/10/2024 00.45,3942
04/10/2024 01.00,4044
04/10/2024 01.15,4110
04/10/2024 01.30,4146
04/10/2024 01.45,4104
04/10/2024 02.00,4074
04/10/2024 02.15,4092
04/10/2024 02.30,3990
04/10/2024 02.45,4320
04/10/2024 03.00,4524
04/10/2024 03.15,4152
04/10/2024 03.30,4404
04/10/2024 03.45,4584
04/10/2024 04.00,4530
04/10/2024 04.15,4170
04/10/2024 04.30,3738
04/10/2024 04.45,3756
04/10/2024 05.00,3546
04/10/2024 05.15,3414
04/10/2024 05.30,3762
04/10/2024 05.45,4110
04/10/2024 06.00,4266
04/10/2024 06.15,3348
04/10/2024 06.30,2928
04/10/2024 06.45,2766
04/10/2024 07.00,2556
04/10/2024 07.15,2274
04/10/2024 07.30,2154
04/10/2024 07.45,1620
04/10/2024 08.00,1230
04/10/2024 08.15,1128
04/10/2024 08.30,720
04/10/2024 08.45,1062
04/10/2024 09.00,1032
04/10/2024 09.15,1074
04/10/2024 09.30,942
04/10/2024 09.45,984
04/10/2024 10.00,954
04/10/2024 10.15,1128
04/10/2024 10.30,1002
04/10/2024 10.45,966
04/10/2024 11.00,822
04/10/2024 11.15,1032
04/10/2024 11.30,1074
04/10/2024 11.45,1308
04/10/2024 12.00,1356
04/10/2024 12.15,942
04/10/2024 12.30,978
04/10/2024 12.45,1290
04/10/2024 13.00,894
04/10/2024 13.15,1008
04/10/2024 13.30,1374
04/10/2024 13.45,1518
04/10/2024 14.00,1110
04/10/2024 14.15,1308
04/10/2024 14.30,1170
04/10/2024 14.45,1284
04/10/2024 15.00,876
04/10/2024 15.15,822
04/10/2024 15.30,1128
04/10/2024 15.45,1254
04/10/2024 16.00,1236
04/10/2024 16.15,858
04/10/2024 16.30,1176
04/10/2024 16.45,1374
04/10/2024 17.00,1470
04/10/2024 17.15,1680
04/10/2024 17.30,1908
04/10/2024 17.45,2034
04/10/2024 18.00,2016
04/10/2024 18.15,1968
04/10/2024 18.30,2148
04/10/2024 18.45,2172
04/10/2024 19.00,2064
04/10/2024 19.15,1986
04/10/2024 19.30,1734
04/10/2024 19.45,1452
04/10/2024 20.00,1572
04/10/2024 20.15,2184
04/10/2024 20.30,2250
04/10/2024 20.45,1980
04/10/2024 21.00,1590
04/10/2024 21.15,1788
04/10/2024 21.30,1704
04/10/2024 21.45,1794
04/10/2024 22.00,1788
04/10/2024 22.15,1800
04/10/2024 22.30,1824
04/10/2024 22.45,1824
04/10/2024 23.00,1812
04/10/2024 23.15,1884
04/10/2024 23.30,1866
04/10/2024 23.45,1668
05/10/2024 00.00,1566
05/10/2024 00.15,2052
05/10/2024 00.30,2124
05/10/2024 00.45,1980
05/10/2024 01.00,1866
05/10/2024 01.15,1884
05/10/2024 01.30,2046
05/10/2024 01.45,1998
05/10/2024 02.00,1674
05/10/2024 02.15,1698
05/10/2024 02.30,1596
05/10/2024 02.45,1752
05/10/2024 03.00,1692
05/10/2024 03.15,1644
05/10/2024 03.30,1728
05/10/2024 03.45,1782
05/10/2024 04.00,1932
05/10/2024 04.15,2172
05/10/2024 04.30,2274
05/10/2024 04.45,2172
05/10/2024 05.00,2016
05/10/2024 05.15,2010
05/10/2024 05.30,2010
05/10/2024 05.45,2058
05/10/2024 06.00,1848
05/10/2024 06.15,1710
05/10/2024 06.30,1476
05/10/2024 06.45,1446
05/10/2024 07.00,1428
05/10/2024 07.15,1314
05/10/2024 07.30,1128
05/10/2024 07.45,858
05/10/2024 08.00,564
05/10/2024 08.15,810
05/10/2024 08.30,1014
05/10/2024 08.45,1086
05/10/2024 09.00,894
05/10/2024 09.15,648
05/10/2024 09.30,942
05/10/2024 09.45,1662
05/10/2024 10.00,1284
05/10/2024 10.15,1350
05/10/2024 10.30,1152
05/10/2024 10.45,1872
05/10/2024 11.00,2022
05/10/2024 11.15,1728
05/10/2024 11.30,1524
05/10/2024 11.45,2100
05/10/2024 12.00,1938
05/10/2024 12.15,2016
05/10/2024 12.30,1656
05/10/2024 12.45,1704
05/10/2024 13.00,1968
05/10/2024 13.15,2352
05/10/2024 13.30,2064
05/10/2024 13.45,2256
05/10/2024 14.00,2076
05/10/2024 14.15,2292
05/10/2024 14.30,2088
05/10/2024 14.45,2022
05/10/2024 15.00,2550
05/10/2024 15.15,2862
05/10/2024 15.30,2808
05/10/2024 15.45,2958
05/10/2024 16.00,3366
05/10/2024 16.15,3540
05/10/2024 16.30,3744
05/10/2024 16.45,4056
05/10/2024 17.00,4020
05/10/2024 17.15,4170
05/10/2024 17.30,3960
05/10/2024 17.45,4128
05/10/2024 18.00,3912
05/10/2024 18.15,4206
05/10/2024 18.30,4506
05/10/2024 18.45,4044
05/10/2024 19.00,4128
05/10/2024 19.15,4416
05/10/2024 19.30,4506
05/10/2024 19.45,3684
05/10/2024 20.00,3534
05/10/2024 20.15,4224
05/10/2024 20.30,4584
05/10/2024 20.45,4626
05/10/2024 21.00,4620
05/10/2024 21.15,4236
05/10/2024 21.30,3732
05/10/2024 21.45,4020
05/10/2024 22.00,4248
05/10/2024 22.15,4308
05/10/2024 22.30,4254
05/10/2024 22.45,4050
05/10/2024 23.00,4206
05/10/2024 23.15,4272
05/10/2024 23.30,4326
05/10/2024 23.45,4356
06/10/2024 00.00,4374
06/10/2024 00.15,4062
06/10/2024 00.30,4500
06/10/2024 00.45,4410
06/10/2024 01.00,4548
06/10/2024 01.15,4506
06/10/2024 01.30,4392
06/10/2024 01.45,4008
06/10/2024 02.00,3588
06/10/2024 02.15,3504
06/10/2024 02.30,3402
06/10/2024 02.45,3984
06/10/2024 03.00,4164
06/10/2024 03.15,4452
06/10/2024 03.30,4392
06/10/2024 03.45,4542
06/10/2024 04.00,4224
06/10/2024 04.15,4434
06/10/2024 04.30,4392
06/10/2024 04.45,4290
06/10/2024 05.00,4206
06/10/2024 05.15,3936
06/10/2024 05.30,3666
06/10/2024 05.45,3528
06/10/2024 06.00,3582
06/10/2024 06.15,3546
06/10/2024 06.30,3594
06/10/2024 06.45,3780
06/10/2024 07.00,3768
06/10/2024 07.15,3564
06/10/2024 07.30,3432
06/10/2024 07.45,2484
06/10/2024 08.00,2376
06/10/2024 08.15,2976
06/10/2024 08.30,3192
06/10/2024 08.45,3408
06/10/2024 09.00,2976
06/10/2024 09.15,2928
06/10/2024 09.30,3030
06/10/2024 09.45,3522
06/10/2024 10.00,3504
06/10/2024 10.15,3456
06/10/2024 10.30,3648
06/10/2024 10.45,2940
06/10/2024 11.00,2754
06/10/2024 11.15,2970
06/10/2024 11.30,3036
06/10/2024 11.45,3408
06/10/2024 12.00,2940
06/10/2024 12.15,2712
06/10/2024 12.30,2592
06/10/2024 12.45,2784
06/10/2024 13.00,3444
06/10/2024 13.15,3552
06/10/2024 13.30,3216
06/10/2024 13.45,3156
06/10/2024 14.00,3144
06/10/2024 14.15,2880
06/10/2024 14.30,2958
06/10/2024 14.45,3234
06/10/2024 15.00,2940
06/10/2024 15.15,3072
06/10/2024 15.30,3408
06/10/2024 15.45,2646
06/10/2024 16.00,2586
06/10/2024 16.15,3504
06/10/2024 16.30,3960
06/10/2024 16.45,3912
06/10/2024 17.00,3660
06/10/2024 17.15,3708
06/10/2024 17.30,4566
06/10/2024 17.45,4698
06/10/2024 18.00,4650
06/10/2024 18.15,4608
06/10/2024 18.30,4224
06/10/2024 18.45,4164
06/10/2024 19.00,4116
06/10/2024 19.15,4566
06/10/2024 19.30,4698
06/10/2024 19.45,2868
06/10/2024 20.00,2742
06/10/2024 20.15,4110
06/10/2024 20.30,4260
06/10/2024 20.45,4248
06/10/2024 21.00,4332
06/10/2024 21.15,4842
06/10/2024 21.30,4716
06/10/2024 21.45,4446
06/10/2024 22.00,4344
06/10/2024 22.15,4278
06/10/2024 22.30,4032
06/10/2024 22.45,3528
06/10/2024 23.00,4020
06/10/2024 23.15,4038
06/10/2024 23.30,4428
06/10/2024 23.45,4446
07/10/2024 00.00,4596
07/10/2024 00.15,4722
07/10/2024 00.30,4656
07/10/2024 00.45,4728
07/10/2024 01.00,4824
07/10/2024 01.15,4740
07/10/2024 01.30,4152
07/10/2024 01.45,4158
07/10/2024 02.00,4170
07/10/2024 02.15,4134
07/10/2024 02.30,4230
07/10/2024 02.45,4344
07/10/2024 03.00,4260
07/10/2024 03.15,4290
07/10/2024 03.30,4176
07/10/2024 03.45,4116
07/10/2024 04.00,4302
07/10/2024 04.15,4512
07/10/2024 04.30,4614
07/10/2024 04.45,4674
07/10/2024 05.00,4458
07/10/2024 05.15,4740
07/10/2024 05.30,4464
07/10/2024 05.45,4656
07/10/2024 06.00,4530
07/10/2024 06.15,4284
07/10/2024 06.30,3990
07/10/2024 06.45,4176
07/10/2024 07.00,3936
07/10/2024 07.15,3816
07/10/2024 07.30,3876
07/10/2024 07.45,2340
07/10/2024 08.00,2016
07/10/2024 08.15,2940
07/10/2024 08.30,3588
07/10/2024 08.45,3126
07/10/2024 09.00,2640
07/10/2024 09.15,2166
07/10/2024 09.30,1998
07/10/2024 09.45,2220
07/10/2024 10.00,2010
07/10/2024 10.15,2070
07/10/2024 10.30,2052
07/10/2024 10.45,2196
07/10/2024 11.00,2520
07/10/2024 11.15,2454
07/10/2024 11.30,2304
07/10/2024 11.45,2352
07/10/2024 12.00,2142
07/10/2024 12.15,2172
07/10/2024 12.30,2190
07/10/2024 12.45,2544
07/10/2024 13.00,2412
07/10/2024 13.15,2454
07/10/2024 13.30,2370
07/10/2024 13.45,2952
07/10/2024 14.00,2712
07/10/2024 14.15,3012
07/10/2024 14.30,2532
07/10/2024 14.45,2388
07/10/2024 15.00,2664
07/10/2024 15.15,2814
07/10/2024 15.30,2868
07/10/2024 15.45,3180
07/10/2024 16.00,3384
07/10/2024 16.15,3906
07/10/2024 16.30,3756
07/10/2024 16.45,3522
07/10/2024 17.00,3612
07/10/2024 17.15,3708
07/10/2024 17.30,4410
07/10/2024 17.45,4596
07/10/2024 18.00,4584
07/10/2024 18.15,4416
07/10/2024 18.30,4518
07/10/2024 18.45,4650
07/10/2024 19.00,4638
07/10/2024 19.15,4596
07/10/2024 19.30,4518
07/10/2024 19.45,3648
07/10/2024 20.00,3450
07/10/2024 20.15,4566
07/10/2024 20.30,4704
07/10/2024 20.45,4818
07/10/2024 21.00,4758
07/10/2024 21.15,4866
07/10/2024 21.30,4572
07/10/2024 21.45,4392
07/10/2024 22.00,4386
07/10/2024 22.15,4518
07/10/2024 22.30,4596
07/10/2024 22.45,4380
07/10/2024 23.00,4344
07/10/2024 23.15,4332
07/10/2024 23.30,4356
07/10/2024 23.45,4374
08/10/2024 00.00,4308
08/10/2024 00.15,4356
08/10/2024 00.30,4650
08/10/2024 00.45,4416
08/10/2024 01.00,4254
08/10/2024 01.15,4254
08/10/2024 01.30,4338
08/10/2024 01.45,4596
08/10/2024 02.00,4422
08/10/2024 02.15,4176
08/10/2024 02.30,3642
08/10/2024 02.45,3426
08/10/2024 03.00,3564
08/10/2024 03.15,3672
08/10/2024 03.30,4092
08/10/2024 03.45,4218
08/10/2024 04.00,4380
08/10/2024 04.15,4200
08/10/2024 04.30,4302
08/10/2024 04.45,4554
08/10/2024 05.00,4818
08/10/2024 05.15,4716
08/10/2024 05.30,4548
08/10/2024 05.45,4368
08/10/2024 06.00,4284
08/10/2024 06.15,4056
08/10/2024 06.30,4062
08/10/2024 06.45,3942
08/10/2024 07.00,3816
08/10/2024 07.15,4020
08/10/2024 07.30,3564
08/10/2024 07.45,2412
08/10/2024 08.00,3396
08/10/2024 08.15,3378
08/10/2024 08.30,3372
08/10/2024 08.45,3180
08/10/2024 09.00,2820
08/10/2024 09.15,2682
08/10/2024 09.30,2676
08/10/2024 09.45,2316
08/10/2024 10.00,2796
08/10/2024 10.15,2040
08/10/2024 10.30,2556
08/10/2024 10.45,2808
08/10/2024 11.00,1716
08/10/2024 11.15,1344
08/10/2024 11.30,2160
08/10/2024 11.45,2040
08/10/2024 12.00,1476
08/10/2024 12.15,1452
08/10/2024 12.30,2136
08/10/2024 12.45,2334
08/10/2024 13.00,1812
08/10/2024 13.15,1728
08/10/2024 13.30,2250
08/10/2024 13.45,3606
08/10/2024 14.00,2556
08/10/2024 14.15,2700
08/10/2024 14.30,3882
08/10/2024 14.45,3480
08/10/2024 15.00,3744
08/10/2024 15.15,3444
08/10/2024 15.30,3618
08/10/2024 15.45,3132
08/10/2024 16.00,3288
08/10/2024 16.15,3900
08/10/2024 16.30,4056
08/10/2024 16.45,3906
08/10/2024 17.00,4020
08/10/2024 17.15,3906
08/10/2024 17.30,4110
08/10/2024 17.45,4290
08/10/2024 18.00,4200
08/10/2024 18.15,3996
08/10/2024 18.30,3576
08/10/2024 18.45,4236
08/10/2024 19.00,4428
08/10/2024 19.15,4476
08/10/2024 19.30,4512
08/10/2024 19.45,3972
08/10/2024 20.00,3828
08/10/2024 20.15,4644
08/10/2024 20.30,4788
08/10/2024 20.45,4464
08/10/2024 21.00,4500
08/10/2024 21.15,4422
08/10/2024 21.30,4398
08/10/2024 21.45,4404
08/10/2024 22.00,4392
08/10/2024 22.15,4374
08/10/2024 22.30,4464
08/10/2024 22.45,4386
08/10/2024 23.00,4104
08/10/2024 23.15,4284
08/10/2024 23.30,4302
08/10/2024 23.45,4446
09/10/2024 00.00,4734
09/10/2024 00.15,4608
09/10/2024 00.30,4668
09/10/2024 00.45,4248
09/10/2024 01.00,4344
09/10/2024 01.15,4242
09/10/2024 01.30,4128
09/10/2024 01.45,3720
09/10/2024 02.00,3996
09/10/2024 02.15,4326
09/10/2024 02.30,4194
09/10/2024 02.45,4188
09/10/2024 03.00,4398
09/10/2024 03.15,4668
09/10/2024 03.30,4632
09/10/2024 03.45,4548
09/10/2024 04.00,4518
09/10/2024 04.15,4668
09/10/2024 04.30,4674
09/10/2024 04.45,4332
09/10/2024 05.00,3816
09/10/2024 05.15,3630
09/10/2024 05.30,4242
09/10/2024 05.45,3912
09/10/2024 06.00,3624
09/10/2024 06.15,3594
09/10/2024 06.30,3444
09/10/2024 06.45,3438
09/10/2024 07.00,3156
09/10/2024 07.15,3198
09/10/2024 07.30,2874
09/10/2024 07.45,2256
09/10/2024 08.00,1536
09/10/2024 08.15,1668
09/10/2024 08.30,1788
09/10/2024 08.45,2040
09/10/2024 09.00,2238
09/10/2024 09.15,2028
09/10/2024 09.30,1938
09/10/2024 09.45,1974
09/10/2024 10.00,1950
09/10/2024 10.15,1590
09/10/2024 10.30,1074
09/10/2024 10.45,906
09/10/2024 11.00,1212
09/10/2024 11.15,1314
09/10/2024 11.30,1548
09/10/2024 11.45,1266
09/10/2024 12.00,918
09/10/2024 12.15,1152
09/10/2024 12.30,1494
09/10/2024 12.45,1374
09/10/2024 13.00,1092
09/10/2024 13.15,1314
09/10/2024 13.30,1350
09/10/2024 13.45,1416
09/10/2024 14.00,1398
09/10/2024 14.15,1710
09/10/2024 14.30,1674
09/10/2024 14.45,2124
09/10/2024 15.00,2046
09/10/2024 15.15,1962
09/10/2024 15.30,2088
09/10/2024 15.45,2010
09/10/2024 16.00,2214
09/10/2024 16.15,2280
09/10/2024 16.30,2496
09/10/2024 16.45,2526
09/10/2024 17.00,2472
09/10/2024 17.15,2796
09/10/2024 17.30,2856
09/10/2024 17.45,2820
09/10/2024 18.00,2856
09/10/2024 18.15,2730
09/10/2024 18.30,2838
09/10/2024 18.45,2808
09/10/2024 19.00,2688
09/10/2024 19.15,2706
09/10/2024 19.30,2754
09/10/2024 19.45,2676
09/10/2024 20.00,2436
09/10/2024 20.15,2640
09/10/2024 20.30,2724
09/10/2024 20.45,2808
09/10/2024 21.00,2508
09/10/2024 21.15,2262
09/10/2024 21.30,2964
09/10/2024 21.45,2934
09/10/2024 22.00,2862
09/10/2024 22.15,2928
09/10/2024 22.30,2904
09/10/2024 22.45,2820
09/10/2024 23.00,2736
09/10/2024 23.15,2418
09/10/2024 23.30,2388
09/10/2024 23.45,2604
10/10/2024 00.00,2928
10/10/2024 00.15,2868
10/10/2024 00.30,2820
10/10/2024 00.45,2646
10/10/2024 01.00,2904
10/10/2024 01.15,2964
10/10/2024 01.30,2796
10/10/2024 01.45,2694
10/10/2024 02.00,2844
10/10/2024 02.15,2790
10/10/2024 02.30,2856
10/10/2024 02.45,2766
10/10/2024 03.00,2868
10/10/2024 03.15,2616
10/10/2024 03.30,2676
10/10/2024 03.45,2814
10/10/2024 04.00,2772
10/10/2024 04.15,2706
10/10/2024 04.30,2796
10/10/2024 04.45,2856
10/10/2024 05.00,2712
10/10/2024 05.15,2280
10/10/2024 05.30,1608
10/10/2024 05.45,1536
10/10/2024 06.00,1560
10/10/2024 06.15,1464
10/10/2024 06.30,1332
10/10/2024 06.45,1356
10/10/2024 07.00,1326
10/10/2024 07.15,1170
10/10/2024 07.30,738
10/10/2024 07.45,54
10/10/2024 08.00,12
10/10/2024 08.15,222
10/10/2024 08.30,264
10/10/2024 08.45,516
10/10/2024 09.00,792
10/10/2024 09.15,828
10/10/2024 09.30,1056
10/10/2024 09.45,1038
10/10/2024 10.00,1218
10/10/2024 10.15,1146
10/10/2024 10.30,1320
10/10/2024 10.45,1290
10/10/2024 11.00,1224
10/10/2024 11.15,882
10/10/2024 11.30,606
10/10/2024 11.45,612
10/10/2024 12.00,978
10/10/2024 12.15,1146
10/10/2024 12.30,864
10/10/2024 12.45,996
10/10/2024 13.00,654
10/10/2024 13.15,1008
10/10/2024 13.30,1158
10/10/2024 13.45,1212
10/10/2024 14.00,1818
10/10/2024 14.15,1770
10/10/2024 14.30,2010
10/10/2024 14.45,1734
10/10/2024 15.00,1752
10/10/2024 15.15,1722
10/10/2024 15.30,1632
10/10/2024 15.45,1326
10/10/2024 16.00,1476
10/10/2024 16.15,1806
10/10/2024 16.30,1950
10/10/2024 16.45,1890
10/10/2024 17.00,1500
10/10/2024 17.15,1626
10/10/2024 17.30,1728
10/10/2024 17.45,1788
10/10/2024 18.00,1998
10/10/2024 18.15,1740
10/10/2024 18.30,1656
10/10/2024 18.45,1884
10/10/2024 19.00,1860
10/10/2024 19.15,2196
10/10/2024 19.30,2100
10/10/2024 19.45,2034
10/10/2024 20.00,1578
10/10/2024 20.15,2178
10/10/2024 20.30,2220
10/10/2024 20.45,1908
10/10/2024 21.00,2028
10/10/2024 21.15,2196
10/10/2024 21.30,2250
10/10/2024 21.45,2004
10/10/2024 22.00,1908
10/10/2024 22.15,2028
10/10/2024 22.30,2190
10/10/2024 22.45,2088
10/10/2024 23.00,1848
10/10/2024 23.15,1824
10/10/2024 23.30,1746
10/10/2024 23.45,1896
11/10/2024 00.00,1986
11/10/2024 00.15,2082
11/10/2024 00.30,2076
11/10/2024 00.45,2046
11/10/2024 01.00,1650
11/10/2024 01.15,2052
11/10/2024 01.30,2148
11/10/2024 01.45,2106
11/10/2024 02.00,1806
11/10/2024 02.15,1680
11/10/2024 02.30,1692
11/10/2024 02.45,1734
11/10/2024 03.00,1656
11/10/2024 03.15,1776
11/10/2024 03.30,1926
11/10/2024 03.45,2214
11/10/2024 04.00,2136
11/10/2024 04.15,2070
11/10/2024 04.30,1920
11/10/2024 04.45,1728
11/10/2024 05.00,1410
11/10/2024 05.15,1572
11/10/2024 05.30,1986
11/10/2024 05.45,1884
11/10/2024 06.00,1758
11/10/2024 06.15,1782
11/10/2024 06.30,1746
11/10/2024 06.45,1764
11/10/2024 07.00,1788
11/10/2024 07.15,1482
11/10/2024 07.30,1218
11/10/2024 07.45,1326
11/10/2024 08.00,1344
11/10/2024 08.15,1272
11/10/2024 08.30,1296
11/10/2024 08.45,1230
11/10/2024 09.00,1098
11/10/2024 09.15,996
11/10/2024 09.30,1200
11/10/2024 09.45,1080
11/10/2024 10.00,906
11/10/2024 10.15,972
11/10/2024 10.30,990
11/10/2024 10.45,1086
11/10/2024 11.00,960
11/10/2024 11.15,912
11/10/2024 11.30,672
11/10/2024 11.45,402
11/10/2024 12.00,360
11/10/2024 12.15,486
11/10/2024 12.30,504
11/10/2024 12.45,588
11/10/2024 13.00,516
11/10/2024 13.15,660
11/10/2024 13.30,756
11/10/2024 13.45,666
11/10/2024 14.00,714
11/10/2024 14.15,846
11/10/2024 14.30,894
11/10/2024 14.45,1092
11/10/2024 15.00,1362
11/10/2024 15.15,1464
11/10/2024 15.30,1506
11/10/2024 15.45,1590
11/10/2024 16.00,1596
11/10/2024 16.15,1692
11/10/2024 16.30,1740
11/10/2024 16.45,1794
11/10/2024 17.00,1716
11/10/2024 17.15,2040
11/10/2024 17.30,1734
11/10/2024 17.45,2232
11/10/2024 18.00,2130
11/10/2024 18.15,2064
11/10/2024 18.30,2106
11/10/2024 18.45,2112
11/10/2024 19.00,2190
11/10/2024 19.15,2076
11/10/2024 19.30,2070
11/10/2024 19.45,1524
11/10/2024 20.00,1290
11/10/2024 20.15,1890
11/10/2024 20.30,2238
11/10/2024 20.45,2364
11/10/2024 21.00,2208
11/10/2024 21.15,2250
11/10/2024 21.30,2076
11/10/2024 21.45,1614
11/10/2024 22.00,1668
11/10/2024 22.15,1746
11/10/2024 22.30,1710
11/10/2024 22.45,1782
11/10/2024 23.00,1716
11/10/2024 23.15,1782
11/10/2024 23.30,1620
11/10/2024 23.45,1698
12/10/2024 00.00,1782
12/10/2024 00.15,1572
12/10/2024 00.30,1524
12/10/2024 00.45,1950
12/10/2024 01.00,2100
12/10/2024 01.15,1908
12/10/2024 01.30,2052
12/10/2024 01.45,2010
12/10/2024 02.00,1884
12/10/2024 02.15,1896
12/10/2024 02.30,1824
12/10/2024 02.45,1650
12/10/2024 03.00,1626
12/10/2024 03.15,1740
12/10/2024 03.30,1620
12/10/2024 03.45,1746
12/10/2024 04.00,2082
12/10/2024 04.15,2292
12/10/2024 04.30,2310
12/10/2024 04.45,2214
12/10/2024 05.00,2094
12/10/2024 05.15,1908
12/10/2024 05.30,1968
12/10/2024 05.45,2196
12/10/2024 06.00,2286
12/10/2024 06.15,2022
12/10/2024 06.30,2436
12/10/2024 06.45,2796
12/10/2024 07.00,2664
12/10/2024 07.15,2484
12/10/2024 07.30,2388
12/10/2024 07.45,2412
12/10/2024 08.00,1782
12/10/2024 08.15,2700
12/10/2024 08.30,2868
12/10/2024 08.45,2964
12/10/2024 09.00,2316
12/10/2024 09.15,1824
12/10/2024 09.30,2022
12/10/2024 09.45,2688
12/10/2024 10.00,2736
12/10/2024 10.15,2904
12/10/2024 10.30,2766
12/10/2024 10.45,2406
12/10/2024 11.00,2076
12/10/2024 11.15,2484
12/10/2024 11.30,3666
12/10/2024 11.45,3444
12/10/2024 12.00,2574
12/10/2024 12.15,2664
12/10/2024 12.30,3060
12/10/2024 12.45,2598
12/10/2024 13.00,3168
12/10/2024 13.15,3234
12/10/2024 13.30,3540
12/10/2024 13.45,3714
12/10/2024 14.00,3990
12/10/2024 14.15,3960
12/10/2024 14.30,3540
12/10/2024 14.45,3498
12/10/2024 15.00,3852
12/10/2024 15.15,3912
12/10/2024 15.30,4020
12/10/2024 15.45,4026
12/10/2024 16.00,3636
12/10/2024 16.15,3312
12/10/2024 16.30,3228
12/10/2024 16.45,3486
12/10/2024 17.00,3660
12/10/2024 17.15,3372
12/10/2024 17.30,3780
12/10/2024 17.45,4290
12/10/2024 18.00,4416
12/10/2024 18.15,4530
12/10/2024 18.30,4506
12/10/2024 18.45,4524
12/10/2024 19.00,4506
12/10/2024 19.15,4428
12/10/2024 19.30,4056
12/10/2024 19.45,2802
12/10/2024 20.00,2820
12/10/2024 20.15,3570
12/10/2024 20.30,4020
12/10/2024 20.45,4044
12/10/2024 21.00,4218
12/10/2024 21.15,4014
12/10/2024 21.30,3972
12/10/2024 21.45,3420
12/10/2024 22.00,3876
12/10/2024 22.15,4044
12/10/2024 22.30,4128
12/10/2024 22.45,3990
12/10/2024 23.00,4044
12/10/2024 23.15,4062
12/10/2024 23.30,3966
12/10/2024 23.45,3900
13/10/2024 00.00,4044
13/10/2024 00.15,4182
13/10/2024 00.30,4464
13/10/2024 00.45,3750
13/10/2024 01.00,3846
13/10/2024 01.15,3768
13/10/2024 01.30,3660
13/10/2024 01.45,3618
13/10/2024 02.00,3366
13/10/2024 02.15,3702
13/10/2024 02.30,3504
13/10/2024 02.45,3714
13/10/2024 03.00,3966
13/10/2024 03.15,4008
13/10/2024 03.30,4020
13/10/2024 03.45,3948
13/10/2024 04.00,4248
13/10/2024 04.15,4050
13/10/2024 04.30,3852
13/10/2024 04.45,3876
13/10/2024 05.00,3924
13/10/2024 05.15,4056
13/10/2024 05.30,4428
13/10/2024 05.45,3930
13/10/2024 06.00,3084
13/10/2024 06.15,3486
13/10/2024 06.30,3690
13/10/2024 06.45,3486
13/10/2024 07.00,3732
13/10/2024 07.15,3960
13/10/2024 07.30,3822
13/10/2024 07.45,2064
13/10/2024 08.00,1524
13/10/2024 08.15,2670
13/10/2024 08.30,2724
13/10/2024 08.45,3000
13/10/2024 09.00,3066
13/10/2024 09.15,3156
13/10/2024 09.30,3252
13/10/2024 09.45,2676
13/10/2024 10.00,2634
13/10/2024 10.15,2226
13/10/2024 10.30,1596
13/10/2024 10.45,2034
13/10/2024 11.00,1950
13/10/2024 11.15,2154
13/10/2024 11.30,2022
13/10/2024 11.45,1092
13/10/2024 12.00,1590
13/10/2024 12.15,2868
13/10/2024 12.30,2568
13/10/2024 12.45,1776
13/10/2024 13.00,1884
13/10/2024 13.15,2046
13/10/2024 13.30,2130
13/10/2024 13.45,1854
13/10/2024 14.00,1872
13/10/2024 14.15,1734
13/10/2024 14.30,2592
13/10/2024 14.45,2460
13/10/2024 15.00,2388
13/10/2024 15.15,2844
13/10/2024 15.30,3084
13/10/2024 15.45,3108
13/10/2024 16.00,3528
13/10/2024 16.15,3468
13/10/2024 16.30,3678
13/10/2024 16.45,3774
13/10/2024 17.00,3882
13/10/2024 17.15,3906
13/10/2024 17.30,3810
13/10/2024 17.45,3660
13/10/2024 18.00,3852
13/10/2024 18.15,3912
13/10/2024 18.30,3912
13/10/2024 18.45,3930
13/10/2024 19.00,4662
13/10/2024 19.15,4710
13/10/2024 19.30,4386
13/10/2024 19.45,3300
13/10/2024 20.00,3096
13/10/2024 20.15,4212
13/10/2024 20.30,4488
13/10/2024 20.45,4416
13/10/2024 21.00,4416
13/10/2024 21.15,4092
13/10/2024 21.30,3930
13/10/2024 21.45,3696
13/10/2024 22.00,3348
13/10/2024 22.15,3498
13/10/2024 22.30,3492
13/10/2024 22.45,3030
13/10/2024 23.00,3000
13/10/2024 23.15,3444
13/10/2024 23.30,3420
13/10/2024 23.45,3672
14/10/2024 00.00,3894
14/10/2024 00.15,3960
14/10/2024 00.30,4002
14/10/2024 00.45,3924
14/10/2024 01.00,4020
14/10/2024 01.15,3918
14/10/2024 01.30,3756
14/10/2024 01.45,3504
14/10/2024 02.00,3480
14/10/2024 02.15,3582
14/10/2024 02.30,3600
14/10/2024 02.45,3378
14/10/2024 03.00,3414
14/10/2024 03.15,3486
14/10/2024 03.30,3570
14/10/2024 03.45,3678
14/10/2024 04.00,3960
14/10/2024 04.15,3588
14/10/2024 04.30,3750
14/10/2024 04.45,4152
14/10/2024 05.00,4452
14/10/2024 05.15,4260
14/10/2024 05.30,3918
14/10/2024 05.45,3792
14/10/2024 06.00,4308
14/10/2024 06.15,4056
14/10/2024 06.30,4068
14/10/2024 06.45,3618
14/10/2024 07.00,3414
14/10/2024 07.15,3156
14/10/2024 07.30,2742
14/10/2024 07.45,2028
14/10/2024 08.00,1752
14/10/2024 08.15,2316
14/10/2024 08.30,2544
14/10/2024 08.45,2382
14/10/2024 09.00,2082
14/10/2024 09.15,1854
14/10/2024 09.30,1746
14/10/2024 09.45,1620
14/10/2024 10.00,1254
14/10/2024 10.15,1296
14/10/2024 10.30,1344
14/10/2024 10.45,1428
14/10/2024 11.00,1440
14/10/2024 11.15,1734
14/10/2024 11.30,1788
14/10/2024 11.45,1758
14/10/2024 12.00,1800
14/10/2024 12.15,2172
14/10/2024 12.30,2250
14/10/2024 12.45,2994
14/10/2024 13.00,2580
14/10/2024 13.15,2688
14/10/2024 13.30,2916
14/10/2024 13.45,3444
14/10/2024 14.00,2730
14/10/2024 14.15,2580
14/10/2024 14.30,2376
14/10/2024 14.45,2940
14/10/2024 15.00,2532
14/10/2024 15.15,3378
14/10/2024 15.30,3042
14/10/2024 15.45,2634
14/10/2024 16.00,2736
14/10/2024 16.15,3012
14/10/2024 16.30,3558
14/10/2024 16.45,3732
14/10/2024 17.00,4320
14/10/2024 17.15,4368
14/10/2024 17.30,4494
14/10/2024 17.45,4074
14/10/2024 18.00,3564
14/10/2024 18.15,3396
14/10/2024 18.30,3816
14/10/2024 18.45,3792
14/10/2024 19.00,3714
14/10/2024 19.15,3678
14/10/2024 19.30,3708
14/10/2024 19.45,3276
14/10/2024 20.00,2952
14/10/2024 20.15,3786
14/10/2024 20.30,4434
14/10/2024 20.45,4470
14/10/2024 21.00,4404
14/10/2024 21.15,4284
14/10/2024 21.30,3132
14/10/2024 21.45,3006
14/10/2024 22.00,4062
14/10/2024 22.15,4206
14/10/2024 22.30,4428
14/10/2024 22.45,4560
14/10/2024 23.00,4518
14/10/2024 23.15,3924
14/10/2024 23.30,3984
14/10/2024 23.45,4056
15/10/2024 00.00,3600
15/10/2024 00.15,4104
15/10/2024 00.30,3720
15/10/2024 00.45,3672
15/10/2024 01.00,3756
15/10/2024 01.15,3696
15/10/2024 01.30,4032
15/10/2024 01.45,4236
15/10/2024 02.00,3636
15/10/2024 02.15,3672
15/10/2024 02.30,3498
15/10/2024 02.45,3348
15/10/2024 03.00,3402
15/10/2024 03.15,3600
15/10/2024 03.30,3492
15/10/2024 03.45,3444
15/10/2024 04.00,4356
15/10/2024 04.15,4470
15/10/2024 04.30,4272
15/10/2024 04.45,4074
15/10/2024 05.00,3864
15/10/2024 05.15,4038
15/10/2024 05.30,3858
15/10/2024 05.45,3768
15/10/2024 06.00,3888
15/10/2024 06.15,3798
15/10/2024 06.30,3558
15/10/2024 06.45,3390
15/10/2024 07.00,3024
15/10/2024 07.15,2946
15/10/2024 07.30,2880
15/10/2024 07.45,2688
15/10/2024 08.00,1518
15/10/2024 08.15,1824
15/10/2024 08.30,1932
15/10/2024 08.45,1980
15/10/2024 09.00,1746
15/10/2024 09.15,1866
15/10/2024 09.30,1974
15/10/2024 09.45,2184
15/10/2024 10.00,2112
15/10/2024 10.15,2346
15/10/2024 10.30,2418
15/10/2024 10.45,2088
15/10/2024 11.00,2358
15/10/2024 11.15,2718
15/10/2024 11.30,2586
15/10/2024 11.45,1950
15/10/2024 12.00,1296
15/10/2024 12.15,1068
15/10/2024 12.30,1098
15/10/2024 12.45,1482
15/10/2024 13.00,2322
15/10/2024 13.15,1968
15/10/2024 13.30,2136
15/10/2024 13.45,2232
15/10/2024 14.00,2142
15/10/2024 14.15,2592
15/10/2024 14.30,2388
15/10/2024 14.45,2430
15/10/2024 15.00,2088
15/10/2024 15.15,2370
15/10/2024 15.30,1746
15/10/2024 15.45,1938
15/10/2024 16.00,2958
15/10/2024 16.15,3408
15/10/2024 16.30,3468
15/10/2024 16.45,3600
15/10/2024 17.00,3636
15/10/2024 17.15,3588
15/10/2024 17.30,3324
15/10/2024 17.45,3648
15/10/2024 18.00,3798
15/10/2024 18.15,4008
15/10/2024 18.30,3972
15/10/2024 18.45,3906
15/10/2024 19.00,3900
15/10/2024 19.15,3840
15/10/2024 19.30,3708
15/10/2024 19.45,3258
15/10/2024 20.00,3180
15/10/2024 20.15,3858
15/10/2024 20.30,3960
15/10/2024 20.45,3936
15/10/2024 21.00,3306
15/10/2024 21.15,3432
15/10/2024 21.30,3414
15/10/2024 21.45,3510
15/10/2024 22.00,3486
15/10/2024 22.15,3546
15/10/2024 22.30,3696
15/10/2024 22.45,3456
15/10/2024 23.00,3576
15/10/2024 23.15,3570
15/10/2024 23.30,3648
15/10/2024 23.45,3744
16/10/2024 00.00,3540
16/10/2024 00.15,3558
16/10/2024 00.30,3654
16/10/2024 00.45,4188
16/10/2024 01.00,4512
16/10/2024 01.15,4146
16/10/2024 01.30,4104
16/10/2024 01.45,3852
16/10/2024 02.00,3924
16/10/2024 02.15,4056
16/10/2024 02.30,3906
16/10/2024 02.45,4212
16/10/2024 03.00,4176
16/10/2024 03.15,4140
16/10/2024 03.30,4290
16/10/2024 03.45,4146
16/10/2024 04.00,3612
16/10/2024 04.15,3204
16/10/2024 04.30,3288
16/10/2024 04.45,3486
16/10/2024 05.00,3924
16/10/2024 05.15,4332
16/10/2024 05.30,4470
16/10/2024 05.45,4056
16/10/2024 06.00,3912
16/10/2024 06.15,3282
16/10/2024 06.30,3108
16/10/2024 06.45,3084
16/10/2024 07.00,2676
16/10/2024 07.15,2604
16/10/2024 07.30,2124
16/10/2024 07.45,1992
16/10/2024 08.00,1926
16/10/2024 08.15,1848
16/10/2024 08.30,1578
16/10/2024 08.45,1674
16/10/2024 09.00,1590
16/10/2024 09.15,1686
16/10/2024 09.30,1818
16/10/2024 09.45,2178
16/10/2024 10.00,1962
16/10/2024 10.15,1644
16/10/2024 10.30,1824
16/10/2024 10.45,1836
16/10/2024 11.00,1776
16/10/2024 11.15,1818
16/10/2024 11.30,1782
16/10/2024 11.45,984
16/10/2024 12.00,1512
16/10/2024 12.15,1320
16/10/2024 12.30,1560
16/10/2024 12.45,1182
16/10/2024 13.00,792
16/10/2024 13.15,420
16/10/2024 13.30,816
16/10/2024 13.45,1008
16/10/2024 14.00,1500
16/10/2024 14.15,1362
16/10/2024 14.30,924
16/10/2024 14.45,582
16/10/2024 15.00,570
16/10/2024 15.15,744
16/10/2024 15.30,1260
16/10/2024 15.45,1134
16/10/2024 16.00,1494
16/10/2024 16.15,1740
16/10/2024 16.30,2082
16/10/2024 16.45,2406
16/10/2024 17.00,2358
16/10/2024 17.15,2628
16/10/2024 17.30,2514
16/10/2024 17.45,2550
16/10/2024 18.00,2604
16/10/2024 18.15,2310
16/10/2024 18.30,2466
16/10/2024 18.45,2496
16/10/2024 19.00,2628
16/10/2024 19.15,2628
16/10/2024 19.30,2538
16/10/2024 19.45,1572
16/10/2024 20.00,1572
16/10/2024 20.15,2058
16/10/2024 20.30,2256
16/10/2024 20.45,2316
16/10/2024 21.00,2520
16/10/2024 21.15,2862
16/10/2024 21.30,2784
16/10/2024 21.45,2838
16/10/2024 22.00,2856
16/10/2024 22.15,2214
16/10/2024 22.30,1974
16/10/2024 22.45,1920
16/10/2024 23.00,1836
16/10/2024 23.15,1704
16/10/2024 23.30,1926
16/10/2024 23.45,1914
17/10/2024 00.00,1956
17/10/2024 00.15,2070
17/10/2024 00.30,1992
17/10/2024 00.45,2082
17/10/2024 01.00,2040
17/10/2024 01.15,1992
17/10/2024 01.30,1932
17/10/2024 01.45,1968
17/10/2024 02.00,2826
17/10/2024 02.15,2478
17/10/2024 02.30,2382
17/10/2024 02.45,2778
17/10/2024 03.00,2844
17/10/2024 03.15,2856
17/10/2024 03.30,2490
17/10/2024 03.45,2190
17/10/2024 04.00,2598
17/10/2024 04.15,2748
17/10/2024 04.30,2526
17/10/2024 04.45,2832
17/10/2024 05.00,2778
17/10/2024 05.15,2658
17/10/2024 05.30,2622
17/10/2024 05.45,2628
17/10/2024 06.00,2562
17/10/2024 06.15,2778
17/10/2024 06.30,2664
17/10/2024 06.45,2496
17/10/2024 07.00,2610
17/10/2024 07.15,2628
17/10/2024 07.30,2520
17/10/2024 07.45,2388
17/10/2024 08.00,2382
17/10/2024 08.15,2616
17/10/2024 08.30,2742
17/10/2024 08.45,2802
17/10/2024 09.00,2880
17/10/2024 09.15,3036
17/10/2024 09.30,3108
17/10/2024 09.45,3054
17/10/2024 10.00,3420
17/10/2024 10.15,3222
17/10/2024 10.30,2550
17/10/2024 10.45,2826
17/10/2024 11.00,3714
17/10/2024 11.15,3042
17/10/2024 11.30,2382
17/10/2024 11.45,2742
17/10/2024 12.00,1944
17/10/2024 12.15,2358
17/10/2024 12.30,2784
17/10/2024 12.45,2046
17/10/2024 13.00,2232
17/10/2024 13.15,2430
17/10/2024 13.30,2250
17/10/2024 13.45,2250
17/10/2024 14.00,2562
17/10/2024 14.15,3690
17/10/2024 14.30,3006
17/10/2024 14.45,3144
17/10/2024 15.00,3222
17/10/2024 15.15,3234
17/10/2024 15.30,3420
17/10/2024 15.45,3660
17/10/2024 16.00,3762
17/10/2024 16.15,4536
17/10/2024 16.30,4518
17/10/2024 16.45,4368
17/10/2024 17.00,4158
17/10/2024 17.15,4026
17/10/2024 17.30,4488
17/10/2024 17.45,4452
17/10/2024 18.00,4632
17/10/2024 18.15,4614
17/10/2024 18.30,4596
17/10/2024 18.45,4512
17/10/2024 19.00,4176
17/10/2024 19.15,4080
17/10/2024 19.30,4464
17/10/2024 19.45,3012
17/10/2024 20.00,3336
17/10/2024 20.15,4500
17/10/2024 20.30,4746
17/10/2024 20.45,4572
17/10/2024 21.00,4278
17/10/2024 21.15,3918
17/10/2024 21.30,4530
17/10/2024 21.45,4392
17/10/2024 22.00,4248
17/10/2024 22.15,4200
17/10/2024 22.30,4146
17/10/2024 22.45,4218
17/10/2024 23.00,4200
17/10/2024 23.15,4218
17/10/2024 23.30,4260
17/10/2024 23.45,4152
18/10/2024 00.00,4134
18/10/2024 00.15,4314
18/10/2024 00.30,4170
18/10/2024 00.45,4452
18/10/2024 01.00,4560
18/10/2024 01.15,4428
18/10/2024 01.30,4476
18/10/2024 01.45,4224
18/10/2024 02.00,4086
18/10/2024 02.15,3864
18/10/2024 02.30,3966
18/10/2024 02.45,3966
18/10/2024 03.00,3960
18/10/2024 03.15,4080
18/10/2024 03.30,4050
18/10/2024 03.45,4068
18/10/2024 04.00,4296
18/10/2024 04.15,3828
18/10/2024 04.30,3798
18/10/2024 04.45,3774
18/10/2024 05.00,3552
18/10/2024 05.15,3918
18/10/2024 05.30,3546
18/10/2024 05.45,3930
18/10/2024 06.00,4308
18/10/2024 06.15,4212
18/10/2024 06.30,4314
18/10/2024 06.45,4302
18/10/2024 07.00,4068
18/10/2024 07.15,3786
18/10/2024 07.30,3414
18/10/2024 07.45,3186
18/10/2024 08.00,2376
18/10/2024 08.15,2526
18/10/2024 08.30,2820
18/10/2024 08.45,3384
18/10/2024 09.00,2784
18/10/2024 09.15,3660
18/10/2024 09.30,3978
18/10/2024 09.45,3090
18/10/2024 10.00,1842
18/10/2024 10.15,1890
18/10/2024 10.30,2166
18/10/2024 10.45,3036
18/10/2024 11.00,3102
18/10/2024 11.15,2280
18/10/2024 11.30,2436
18/10/2024 11.45,3738
18/10/2024 12.00,3690
18/10/2024 12.15,3582
18/10/2024 12.30,3450
18/10/2024 12.45,3474
18/10/2024 13.00,3756
18/10/2024 13.15,3480
18/10/2024 13.30,3540
18/10/2024 13.45,3738
18/10/2024 14.00,3834
18/10/2024 14.15,4182
18/10/2024 14.30,4086
18/10/2024 14.45,3978
18/10/2024 15.00,4206
18/10/2024 15.15,4176
18/10/2024 15.30,4236
18/10/2024 15.45,4140
18/10/2024 16.00,4026
18/10/2024 16.15,4212
18/10/2024 16.30,4062
18/10/2024 16.45,4434
18/10/2024 17.00,4404
18/10/2024 17.15,4470
18/10/2024 17.30,4572
18/10/2024 17.45,4656
18/10/2024 18.00,4602
18/10/2024 18.15,4404
18/10/2024 18.30,4524
18/10/2024 18.45,4614
18/10/2024 19.00,4488
18/10/2024 19.15,4440
18/10/2024 19.30,4392
18/10/2024 19.45,3156
18/10/2024 20.00,2964
18/10/2024 20.15,4536
18/10/2024 20.30,4422
18/10/2024 20.45,4230
18/10/2024 21.00,4206
18/10/2024 21.15,4512
18/10/2024 21.30,4572
18/10/2024 21.45,4392
18/10/2024 22.00,4218
18/10/2024 22.15,4242
18/10/2024 22.30,4320
18/10/2024 22.45,4524
18/10/2024 23.00,4344
18/10/2024 23.15,4662
18/10/2024 23.30,4602
18/10/2024 23.45,4266
19/10/2024 00.00,4554
19/10/2024 00.15,4392
19/10/2024 00.30,4110
19/10/2024 00.45,4320
19/10/2024 01.00,3936
19/10/2024 01.15,3732
19/10/2024 01.30,3642
19/10/2024 01.45,3642
19/10/2024 02.00,4518
19/10/2024 02.15,4410
19/10/2024 02.30,4500
19/10/2024 02.45,4392
19/10/2024 03.00,4254
19/10/2024 03.15,3996
19/10/2024 03.30,4350
19/10/2024 03.45,4470
19/10/2024 04.00,4404
19/10/2024 04.15,4002
19/10/2024 04.30,4116
19/10/2024 04.45,4104
19/10/2024 05.00,3918
19/10/2024 05.15,4038
19/10/2024 05.30,4038
19/10/2024 05.45,4512
19/10/2024 06.00,4602
19/10/2024 06.15,4572
19/10/2024 06.30,4380
19/10/2024 06.45,4482
19/10/2024 07.00,4560
19/10/2024 07.15,4224
19/10/2024 07.30,4104
19/10/2024 07.45,3600
19/10/2024 08.00,3162
19/10/2024 08.15,4104
19/10/2024 08.30,4188
19/10/2024 08.45,4080
19/10/2024 09.00,3822
19/10/2024 09.15,3780
19/10/2024 09.30,3180
19/10/2024 09.45,2994
19/10/2024 10.00,2478
19/10/2024 10.15,2502
19/10/2024 10.30,2286
19/10/2024 10.45,2250
19/10/2024 11.00,2292
19/10/2024 11.15,2280
19/10/2024 11.30,2652
19/10/2024 11.45,2322
19/10/2024 12.00,2976
19/10/2024 12.15,2958
19/10/2024 12.30,2472
19/10/2024 12.45,3102
19/10/2024 13.00,3132
19/10/2024 13.15,3210
19/10/2024 13.30,2826
19/10/2024 13.45,2532
19/10/2024 14.00,2304
19/10/2024 14.15,2322
19/10/2024 14.30,3066
19/10/2024 14.45,2676
19/10/2024 15.00,2784
19/10/2024 15.15,2556
19/10/2024 15.30,3444
19/10/2024 15.45,3600
19/10/2024 16.00,4074
19/10/2024 16.15,4200
19/10/2024 16.30,4092
19/10/2024 16.45,4386
19/10/2024 17.00,4146
19/10/2024 17.15,3924
19/10/2024 17.30,4752
19/10/2024 17.45,4704
19/10/2024 18.00,4416
19/10/2024 18.15,4500
19/10/2024 18.30,4662
19/10/2024 18.45,4656
19/10/2024 19.00,4764
19/10/2024 19.15,4686
19/10/2024 19.30,4626
19/10/2024 19.45,3474
19/10/2024 20.00,3432
19/10/2024 20.15,4566
19/10/2024 20.30,4590
19/10/2024 20.45,4344
19/10/2024 21.00,4368
19/10/2024 21.15,4344
19/10/2024 21.30,4392
19/10/2024 21.45,4536
19/10/2024 22.00,3954
19/10/2024 22.15,3696
19/10/2024 22.30,4176
19/10/2024 22.45,4308
19/10/2024 23.00,4608
19/10/2024 23.15,4656
19/10/2024 23.30,4194
19/10/2024 23.45,4128
20/10/2024 00.00,4164
20/10/2024 00.15,4140
20/10/2024 00.30,4188
20/10/2024 00.45,4152
20/10/2024 01.00,3636
20/10/2024 01.15,4020
20/10/2024 01.30,4080
20/10/2024 01.45,4164
20/10/2024 02.00,4536
20/10/2024 02.15,4536
20/10/2024 02.30,4338
20/10/2024 02.45,4452
20/10/2024 03.00,4554
20/10/2024 03.15,4320
20/10/2024 03.30,4254
20/10/2024 03.45,4296
20/10/2024 04.00,4188
20/10/2024 04.15,4188
20/10/2024 04.30,4332
20/10/2024 04.45,4758
20/10/2024 05.00,4608
20/10/2024 05.15,4242
20/10/2024 05.30,4266
20/10/2024 05.45,4416
20/10/2024 06.00,4104
20/10/2024 06.15,4392
20/10/2024 06.30,4404
20/10/2024 06.45,4278
20/10/2024 07.00,3822
20/10/2024 07.15,3936
20/10/2024 07.30,3972
20/10/2024 07.45,3474
20/10/2024 08.00,2658
20/10/2024 08.15,3834
20/10/2024 08.30,4062
20/10/2024 08.45,3780
20/10/2024 09.00,3600
20/10/2024 09.15,3900
20/10/2024 09.30,3024
20/10/2024 09.45,2148
20/10/2024 10.00,2664
20/10/2024 10.15,2730
20/10/2024 10.30,2712
20/10/2024 10.45,3024
20/10/2024 11.00,2976
20/10/2024 11.15,2526
20/10/2024 11.30,3132
20/10/2024 11.45,3054
20/10/2024 12.00,2814
20/10/2024 12.15,3798
20/10/2024 12.30,3978
20/10/2024 12.45,1812
20/10/2024 13.00,2244
20/10/2024 13.15,2748
20/10/2024 13.30,3660
20/10/2024 13.45,2220
20/10/2024 14.00,2454
20/10/2024 14.15,1884
20/10/2024 14.30,2310
20/10/2024 14.45,2328
20/10/2024 15.00,2484
20/10/2024 15.15,2574
20/10/2024 15.30,2268
20/10/2024 15.45,2802
20/10/2024 16.00,2448
20/10/2024 16.15,2916
20/10/2024 16.30,3546
20/10/2024 16.45,3786
20/10/2024 17.00,4044
20/10/2024 17.15,3912
20/10/2024 17.30,3852
20/10/2024 17.45,4038
20/10/2024 18.00,4068
20/10/2024 18.15,3984
20/10/2024 18.30,4200
20/10/2024 18.45,4098
20/10/2024 19.00,3648
20/10/2024 19.15,3600
20/10/2024 19.30,3948
20/10/2024 19.45,3396
20/10/2024 20.00,3240
20/10/2024 20.15,4266
20/10/2024 20.30,4596
20/10/2024 20.45,4476
20/10/2024 21.00,4446
20/10/2024 21.15,4434
20/10/2024 21.30,4284
20/10/2024 21.45,4248
20/10/2024 22.00,4494
20/10/2024 22.15,4566
20/10/2024 22.30,3906
20/10/2024 22.45,3762
20/10/2024 23.00,3732
20/10/2024 23.15,3666
20/10/2024 23.30,3642
20/10/2024 23.45,3636
21/10/2024 00.00,4104
21/10/2024 00.15,3780
21/10/2024 00.30,4104
21/10/2024 00.45,4356
21/10/2024 01.00,4848
21/10/2024 01.15,4860
21/10/2024 01.30,4704
21/10/2024 01.45,4566
21/10/2024 02.00,4260
21/10/2024 02.15,4176
21/10/2024 02.30,3996
21/10/2024 02.45,4314
21/10/2024 03.00,4308
21/10/2024 03.15,4140
21/10/2024 03.30,3714
21/10/2024 03.45,3600
21/10/2024 04.00,3900
21/10/2024 04.15,4092
21/10/2024 04.30,3804
21/10/2024 04.45,4260
21/10/2024 05.00,4278
21/10/2024 05.15,4254
21/10/2024 05.30,4488
21/10/2024 05.45,4380
21/10/2024 06.00,4500
21/10/2024 06.15,4392
21/10/2024 06.30,4422
21/10/2024 06.45,4134
21/10/2024 07.00,4056
21/10/2024 07.15,3798
21/10/2024 07.30,3720
21/10/2024 07.45,3468
21/10/2024 08.00,3246
21/10/2024 08.15,3456
21/10/2024 08.30,3582
21/10/2024 08.45,3474
21/10/2024 09.00,3084
21/10/2024 09.15,2574
21/10/2024 09.30,2508
21/10/2024 09.45,2466
21/10/2024 10.00,2316
21/10/2024 10.15,2256
21/10/2024 10.30,2568
21/10/2024 10.45,2154
21/10/2024 11.00,3048
21/10/2024 11.15,2736
21/10/2024 11.30,2418
21/10/2024 11.45,2748
21/10/2024 12.00,3312
21/10/2024 12.15,3072
21/10/2024 12.30,3060
21/10/2024 12.45,3444
21/10/2024 13.00,2820
21/10/2024 13.15,2586
21/10/2024 13.30,2580
21/10/2024 13.45,3546
21/10/2024 14.00,3594
21/10/2024 14.15,2604
21/10/2024 14.30,3216
21/10/2024 14.45,2658
21/10/2024 15.00,2970
21/10/2024 15.15,3240
21/10/2024 15.30,3216
21/10/2024 15.45,3318
21/10/2024 16.00,3864
21/10/2024 16.15,4104
21/10/2024 16.30,4308
21/10/2024 16.45,4074
21/10/2024 17.00,4560
21/10/2024 17.15,4164
21/10/2024 17.30,4362
21/10/2024 17.45,4386
21/10/2024 18.00,4560
21/10/2024 18.15,4650
21/10/2024 18.30,4518
21/10/2024 18.45,4542
21/10/2024 19.00,4176
21/10/2024 19.15,4560
21/10/2024 19.30,4518
21/10/2024 19.45,3576
21/10/2024 20.00,3162
21/10/2024 20.15,4344
21/10/2024 20.30,4476
21/10/2024 20.45,4440
21/10/2024 21.00,4590
21/10/2024 21.15,4440
21/10/2024 21.30,4506
21/10/2024 21.45,4068
21/10/2024 22.00,4500
21/10/2024 22.15,4332
21/10/2024 22.30,4836
21/10/2024 22.45,4884
21/10/2024 23.00,4560
21/10/2024 23.15,4596
21/10/2024 23.30,4050
21/10/2024 23.45,3906
22/10/2024 00.00,3912
22/10/2024 00.15,4020
22/10/2024 00.30,4428
22/10/2024 00.45,4242
22/10/2024 01.00,4284
22/10/2024 01.15,4290
22/10/2024 01.30,4248
22/10/2024 01.45,4080
22/10/2024 02.00,3678
22/10/2024 02.15,3546
22/10/2024 02.30,3462
22/10/2024 02.45,3828
22/10/2024 03.00,4488
22/10/2024 03.15,4572
22/10/2024 03.30,4710
22/10/2024 03.45,4572
22/10/2024 04.00,4494
22/10/2024 04.15,3174
22/10/2024 04.30,2868
22/10/2024 04.45,3918
22/10/2024 05.00,4284
22/10/2024 05.15,4296
22/10/2024 05.30,4236
22/10/2024 05.45,4194
22/10/2024 06.00,4350
22/10/2024 06.15,4482
22/10/2024 06.30,4356
22/10/2024 06.45,4188
22/10/2024 07.00,3462
22/10/2024 07.15,3030
22/10/2024 07.30,3414
22/10/2024 07.45,2604
22/10/2024 08.00,1782
22/10/2024 08.15,2592
22/10/2024 08.30,2616
22/10/2024 08.45,2712
22/10/2024 09.00,2568
22/10/2024 09.15,1752
22/10/2024 09.30,2370
22/10/2024 09.45,3132
22/10/2024 10.00,3468
22/10/2024 10.15,3006
22/10/2024 10.30,2940
22/10/2024 10.45,2886
22/10/2024 11.00,3138
22/10/2024 11.15,2016
22/10/2024 11.30,2436
22/10/2024 11.45,1926
22/10/2024 12.00,1068
22/10/2024 12.15,1092
22/10/2024 12.30,1428
22/10/2024 12.45,1680
22/10/2024 13.00,2028
22/10/2024 13.15,1632
22/10/2024 13.30,1806
22/10/2024 13.45,1986
22/10/2024 14.00,2370
22/10/2024 14.15,1908
22/10/2024 14.30,2040
22/10/2024 14.45,2142
22/10/2024 15.00,2676
22/10/2024 15.15,2424
22/10/2024 15.30,2448
22/10/2024 15.45,2400
22/10/2024 16.00,2658
22/10/2024 16.15,2592
22/10/2024 16.30,2508
22/10/2024 16.45,2982
22/10/2024 17.00,3924
22/10/2024 17.15,4482
22/10/2024 17.30,4554
22/10/2024 17.45,4566
22/10/2024 18.00,4560
22/10/2024 18.15,4368
22/10/2024 18.30,4440
22/10/2024 18.45,4338
22/10/2024 19.00,4164
22/10/2024 19.15,4290
22/10/2024 19.30,4428
22/10/2024 19.45,3864
22/10/2024 20.00,3162
22/10/2024 20.15,3984
22/10/2024 20.30,4224
22/10/2024 20.45,4446
22/10/2024 21.00,4356
22/10/2024 21.15,3936
22/10/2024 21.30,4134
22/10/2024 21.45,4236
22/10/2024 22.00,4284
22/10/2024 22.15,4242
22/10/2024 22.30,4362
22/10/2024 22.45,4224
22/10/2024 23.00,4194
22/10/2024 23.15,4248
22/10/2024 23.30,4452
22/10/2024 23.45,4536
23/10/2024 00.00,4608
23/10/2024 00.15,4608
23/10/2024 00.30,3924
23/10/2024 00.45,4230
23/10/2024 01.00,3864
23/10/2024 01.15,3978
23/10/2024 01.30,4092
23/10/2024 01.45,4056
23/10/2024 02.00,4200
23/10/2024 02.15,4278
23/10/2024 02.30,4422
23/10/2024 02.45,4428
23/10/2024 03.00,4308
23/10/2024 03.15,4134
23/10/2024 03.30,4224
23/10/2024 03.45,4176
23/10/2024 04.00,4164
23/10/2024 04.15,4536
23/10/2024 04.30,4494
23/10/2024 04.45,4248
23/10/2024 05.00,4254
23/10/2024 05.15,4014
23/10/2024 05.30,3858
23/10/2024 05.45,3846
23/10/2024 06.00,3144
23/10/2024 06.15,2484
23/10/2024 06.30,2286
23/10/2024 06.45,1818
23/10/2024 07.00,1512
23/10/2024 07.15,1326
23/10/2024 07.30,960
23/10/2024 07.45,642
23/10/2024 08.00,420
23/10/2024 08.15,330
23/10/2024 08.30,216
23/10/2024 08.45,60
23/10/2024 09.00,24
23/10/2024 09.15,36
23/10/2024 09.30,42
23/10/2024 09.45,36
23/10/2024 10.00,18
23/10/2024 10.15,18
23/10/2024 10.30,12
23/10/2024 10.45,0
23/10/2024 11.00,36
23/10/2024 11.15,36
23/10/2024 11.30,36
23/10/2024 11.45,18
23/10/2024 12.00,12
23/10/2024 12.15,6
23/10/2024 12.30,0
23/10/2024 12.45,12
23/10/2024 13.00,30
23/10/2024 13.15,12
23/10/2024 13.30,6
23/10/2024 13.45,30
23/10/2024 14.00,36
23/10/2024 14.15,36
23/10/2024 14.30,24
23/10/2024 14.45,36
23/10/2024 15.00,36
23/10/2024 15.15,54
23/10/2024 15.30,72
23/10/2024 15.45,186
23/10/2024 16.00,108
23/10/2024 16.15,84
23/10/2024 16.30,168
23/10/2024 16.45,198
23/10/2024 17.00,198
23/10/2024 17.15,234
23/10/2024 17.30,270
23/10/2024 17.45,264
23/10/2024 18.00,252
23/10/2024 18.15,288
23/10/2024 18.30,366
23/10/2024 18.45,306
23/10/2024 19.00,336
23/10/2024 19.15,300
23/10/2024 19.30,348
23/10/2024 19.45,378
23/10/2024 20.00,336
23/10/2024 20.15,402
23/10/2024 20.30,420
23/10/2024 20.45,390
23/10/2024 21.00,348
23/10/2024 21.15,378
23/10/2024 21.30,396
23/10/2024 21.45,342
23/10/2024 22.00,246
23/10/2024 22.15,204
23/10/2024 22.30,222
23/10/2024 22.45,216
23/10/2024 23.00,306
23/10/2024 23.15,396
23/10/2024 23.30,306
23/10/2024 23.45,258
24/10/2024 00.00,264
24/10/2024 00.15,270
24/10/2024 00.30,270
24/10/2024 00.45,240
24/10/2024 01.00,204
24/10/2024 01.15,234
24/10/2024 01.30,252
24/10/2024 01.45,228
24/10/2024 02.00,276
24/10/2024 02.15,282
24/10/2024 02.30,306
24/10/2024 02.45,330
24/10/2024 03.00,396
24/10/2024 03.15,426
24/10/2024 03.30,546
24/10/2024 03.45,612
24/10/2024 04.00,612
24/10/2024 04.15,642
24/10/2024 04.30,666
24/10/2024 04.45,678
24/10/2024 05.00,552
24/10/2024 05.15,540
24/10/2024 05.30,522
24/10/2024 05.45,606
24/10/2024 06.00,1518
24/10/2024 06.15,1914
24/10/2024 06.30,1908
24/10/2024 06.45,1758
24/10/2024 07.00,1710
24/10/2024 07.15,1458
24/10/2024 07.30,1500
24/10/2024 07.45,1464
24/10/2024 08.00,2154
24/10/2024 08.15,2952
24/10/2024 08.30,2982
24/10/2024 08.45,3426
24/10/2024 09.00,3234
24/10/2024 09.15,2814
24/10/2024 09.30,2142
24/10/2024 09.45,1908
24/10/2024 10.00,1890
24/10/2024 10.15,1956
24/10/2024 10.30,2052
24/10/2024 10.45,1638
24/10/2024 11.00,1458
24/10/2024 11.15,1392
24/10/2024 11.30,1878
24/10/2024 11.45,1992
24/10/2024 12.00,1812
24/10/2024 12.15,1776
24/10/2024 12.30,1770
24/10/2024 12.45,2070
24/10/2024 13.00,2586
24/10/2024 13.15,2838
24/10/2024 13.30,2310
24/10/2024 13.45,2034
24/10/2024 14.00,1968
24/10/2024 14.15,2148
24/10/2024 14.30,2394
24/10/2024 14.45,2490
24/10/2024 15.00,2196
24/10/2024 15.15,2658
24/10/2024 15.30,2898
24/10/2024 15.45,3066
24/10/2024 16.00,3396
24/10/2024 16.15,3162
24/10/2024 16.30,3312
24/10/2024 16.45,3222
24/10/2024 17.00,3330
24/10/2024 17.15,3762
24/10/2024 17.30,3966
24/10/2024 17.45,3948
24/10/2024 18.00,4056
24/10/2024 18.15,4332
24/10/2024 18.30,4338
24/10/2024 18.45,4344
24/10/2024 19.00,3954
24/10/2024 19.15,3840
24/10/2024 19.30,3636
24/10/2024 19.45,2946
24/10/2024 20.00,3552
24/10/2024 20.15,4302
24/10/2024 20.30,4326
24/10/2024 20.45,3924
24/10/2024 21.00,3876
24/10/2024 21.15,3228
24/10/2024 21.30,3174
24/10/2024 21.45,3156
24/10/2024 22.00,3888
24/10/2024 22.15,3972
24/10/2024 22.30,3966
24/10/2024 22.45,4008
24/10/2024 23.00,4158
24/10/2024 23.15,4170
24/10/2024 23.30,4050
24/10/2024 23.45,4176
25/10/2024 00.00,4272
25/10/2024 00.15,4206
25/10/2024 00.30,4116
25/10/2024 00.45,3918
25/10/2024 01.00,3930
25/10/2024 01.15,3666
25/10/2024 01.30,3444
25/10/2024 01.45,3840
25/10/2024 02.00,4116
25/10/2024 02.15,4122
25/10/2024 02.30,4236
25/10/2024 02.45,4224
25/10/2024 03.00,3324
25/10/2024 03.15,3222
25/10/2024 03.30,3144
25/10/2024 03.45,3078
25/10/2024 04.00,2952
25/10/2024 04.15,2976
25/10/2024 04.30,2760
25/10/2024 04.45,2784
25/10/2024 05.00,2898
25/10/2024 05.15,2712
25/10/2024 05.30,3150
25/10/2024 05.45,3780
25/10/2024 06.00,3744
25/10/2024 06.15,4278
25/10/2024 06.30,4242
25/10/2024 06.45,4020
25/10/2024 07.00,3822
25/10/2024 07.15,3258
25/10/2024 07.30,3156
25/10/2024 07.45,2334
25/10/2024 08.00,2022
25/10/2024 08.15,2520
25/10/2024 08.30,2382
25/10/2024 08.45,2292
25/10/2024 09.00,2148
25/10/2024 09.15,2394
25/10/2024 09.30,2124
25/10/2024 09.45,1986
25/10/2024 10.00,1638
25/10/2024 10.15,1410
25/10/2024 10.30,1440
25/10/2024 10.45,1338
25/10/2024 11.00,1314
25/10/2024 11.15,1986
25/10/2024 11.30,1998
25/10/2024 11.45,2040
25/10/2024 12.00,1962
25/10/2024 12.15,1950
25/10/2024 12.30,1548
25/10/2024 12.45,2010
25/10/2024 13.00,2196
25/10/2024 13.15,2100
25/10/2024 13.30,2592
25/10/2024 13.45,2604
25/10/2024 14.00,3270
25/10/2024 14.15,3390
25/10/2024 14.30,2898
25/10/2024 14.45,3030
25/10/2024 15.00,3318
25/10/2024 15.15,2442
25/10/2024 15.30,2538
25/10/2024 15.45,2772
25/10/2024 16.00,2964
25/10/2024 16.15,3126
25/10/2024 16.30,3462
25/10/2024 16.45,3654
25/10/2024 17.00,3642
25/10/2024 17.15,3768
25/10/2024 17.30,3744
25/10/2024 17.45,4128
25/10/2024 18.00,4284
25/10/2024 18.15,4236
25/10/2024 18.30,4122
25/10/2024 18.45,4200
25/10/2024 19.00,4326
25/10/2024 19.15,4554
25/10/2024 19.30,4134
25/10/2024 19.45,3882
25/10/2024 20.00,3534
25/10/2024 20.15,4140
25/10/2024 20.30,4488
25/10/2024 20.45,4164
25/10/2024 21.00,4326
25/10/2024 21.15,4404
25/10/2024 21.30,4242
25/10/2024 21.45,4332
25/10/2024 22.00,4134
25/10/2024 22.15,4164
25/10/2024 22.30,4020
25/10/2024 22.45,3612
25/10/2024 23.00,3624
25/10/2024 23.15,3864
25/10/2024 23.30,4020
25/10/2024 23.45,4110
26/10/2024 00.00,4500
26/10/2024 00.15,3546
26/10/2024 00.30,3756
26/10/2024 00.45,3492
26/10/2024 01.00,3396
26/10/2024 01.15,3504
26/10/2024 01.30,3660
26/10/2024 01.45,3498
26/10/2024 02.00,3768
26/10/2024 02.15,3540
26/10/2024 02.30,3360
26/10/2024 02.45,3678
26/10/2024 03.00,3948
26/10/2024 03.15,4050
26/10/2024 03.30,4608
26/10/2024 03.45,4860
26/10/2024 04.00,4302
26/10/2024 04.15,3720
26/10/2024 04.30,3474
26/10/2024 04.45,3654
26/10/2024 05.00,4200
26/10/2024 05.15,4326
26/10/2024 05.30,4404
26/10/2024 05.45,4116
26/10/2024 06.00,4092
26/10/2024 06.15,4164
26/10/2024 06.30,4308
26/10/2024 06.45,3780
26/10/2024 07.00,3744
26/10/2024 07.15,3816
26/10/2024 07.30,3732
26/10/2024 07.45,2670
26/10/2024 08.00,2610
26/10/2024 08.15,2976
26/10/2024 08.30,2910
26/10/2024 08.45,2952
26/10/2024 09.00,2820
26/10/2024 09.15,2910
26/10/2024 09.30,3432
26/10/2024 09.45,2874
26/10/2024 10.00,2388
26/10/2024 10.15,2412
26/10/2024 10.30,1788
26/10/2024 10.45,2520
26/10/2024 11.00,1956
26/10/2024 11.15,1926
26/10/2024 11.30,1920
26/10/2024 11.45,1992
26/10/2024 12.00,2034
26/10/2024 12.15,2232
26/10/2024 12.30,2118
26/10/2024 12.45,2292
26/10/2024 13.00,2568
26/10/2024 13.15,2760
26/10/2024 13.30,2742
26/10/2024 13.45,2910
26/10/2024 14.00,3738
26/10/2024 14.15,4134
26/10/2024 14.30,4260
26/10/2024 14.45,3420
26/10/2024 15.00,2940
26/10/2024 15.15,3012
26/10/2024 15.30,3084
26/10/2024 15.45,3420
26/10/2024 16.00,3708
26/10/2024 16.15,3744
26/10/2024 16.30,4026
26/10/2024 16.45,3852
26/10/2024 17.00,4086
26/10/2024 17.15,4242
26/10/2024 17.30,4224
26/10/2024 17.45,4332
26/10/2024 18.00,4428
26/10/2024 18.15,4320
26/10/2024 18.30,4392
26/10/2024 18.45,4242
26/10/2024 19.00,4146
26/10/2024 19.15,3936
26/10/2024 19.30,4068
26/10/2024 19.45,3414
26/10/2024 20.00,3420
26/10/2024 20.15,4374
26/10/2024 20.30,4476
26/10/2024 20.45,4470
26/10/2024 21.00,4464
26/10/2024 21.15,4524
26/10/2024 21.30,4410
26/10/2024 21.45,4542
26/10/2024 22.00,4428
26/10/2024 22.15,4572
26/10/2024 22.30,4584
26/10/2024 22.45,4758
26/10/2024 23.00,3984
26/10/2024 23.15,4152
26/10/2024 23.30,4524
26/10/2024 23.45,4362
27/10/2024 00.00,4740
27/10/2024 00.15,4290
27/10/2024 00.30,4380
27/10/2024 00.45,4332
27/10/2024 01.00,4494
27/10/2024 01.15,4356
27/10/2024 01.30,4194
27/10/2024 01.45,3834
27/10/2024 02.00,3558
27/10/2024 02.15,3510
27/10/2024 02.30,3918
27/10/2024 02.45,4596
27/10/2024 03.00,4692
27/10/2024 03.15,4590
27/10/2024 03.30,4782
27/10/2024 03.45,4638
27/10/2024 04.00,4158
27/10/2024 04.15,4050
27/10/2024 04.30,3846
27/10/2024 04.45,3732
27/10/2024 05.00,3588
27/10/2024 05.15,3738
27/10/2024 05.30,3552
27/10/2024 05.45,3396
27/10/2024 06.00,3036
27/10/2024 06.15,3702
27/10/2024 06.30,4254
27/10/2024 06.45,4446
27/10/2024 07.00,4488
27/10/2024 07.15,4302
27/10/2024 07.30,4278
27/10/2024 07.45,3018
27/10/2024 08.00,3246
27/10/2024 08.15,3618
27/10/2024 08.30,3570
27/10/2024 08.45,3588
27/10/2024 09.00,4056
27/10/2024 09.15,4344
27/10/2024 09.30,4608
27/10/2024 09.45,4650
27/10/2024 10.00,4776
27/10/2024 10.15,4116
27/10/2024 10.30,3708
27/10/2024 10.45,3156
27/10/2024 11.00,3024
27/10/2024 11.15,3564
27/10/2024 11.30,3948
27/10/2024 11.45,3744
27/10/2024 12.00,3420
27/10/2024 12.15,3570
27/10/2024 12.30,3924
27/10/2024 12.45,3582
27/10/2024 13.00,2904
27/10/2024 13.15,3804
27/10/2024 13.30,4266
27/10/2024 13.45,3792
27/10/2024 14.00,4170
27/10/2024 14.15,4152
27/10/2024 14.30,3912
27/10/2024 14.45,4080
27/10/2024 15.00,3750
27/10/2024 15.15,3606
27/10/2024 15.30,4002
27/10/2024 15.45,4080
27/10/2024 16.00,3984
27/10/2024 16.15,3726
27/10/2024 16.30,4032
27/10/2024 16.45,4260
27/10/2024 17.00,4092
27/10/2024 17.15,4020
27/10/2024 17.30,4116
27/10/2024 17.45,3792
27/10/2024 18.00,4392
27/10/2024 18.15,4542
27/10/2024 18.30,4152
27/10/2024 18.45,4626
27/10/2024 19.00,4392
27/10/2024 19.15,4224
27/10/2024 19.30,4230
27/10/2024 19.45,3606
27/10/2024 20.00,3168
27/10/2024 20.15,3576
27/10/2024 20.30,4278
27/10/2024 20.45,4176
27/10/2024 21.00,4356
27/10/2024 21.15,4416
27/10/2024 21.30,4542
27/10/2024 21.45,4404
27/10/2024 22.00,4284
27/10/2024 22.15,3606
27/10/2024 22.30,3732
27/10/2024 22.45,3552
27/10/2024 23.00,3552
27/10/2024 23.15,3702
27/10/2024 23.30,3516
27/10/2024 23.45,3654
28/10/2024 00.00,3750
28/10/2024 00.15,3348
28/10/2024 00.30,3834
28/10/2024 00.45,3864
28/10/2024 01.00,3618
28/10/2024 01.15,3510
28/10/2024 01.30,3732
28/10/2024 01.45,4032
28/10/2024 02.00,4170
28/10/2024 02.15,4104
28/10/2024 02.30,4122
28/10/2024 02.45,4134
28/10/2024 03.00,4026
28/10/2024 03.15,4332
28/10/2024 03.30,4218
28/10/2024 03.45,4296
28/10/2024 04.00,3852
28/10/2024 04.15,3936
28/10/2024 04.30,4230
28/10/2024 04.45,4296
28/10/2024 05.00,4296
28/10/2024 05.15,3942
28/10/2024 05.30,4272
28/10/2024 05.45,4482
28/10/2024 06.00,4044
28/10/2024 06.15,4176
28/10/2024 06.30,4722
28/10/2024 06.45,4680
28/10/2024 07.00,4464
28/10/2024 07.15,3978
28/10/2024 07.30,3558
28/10/2024 07.45,2838
28/10/2024 08.00,2826
28/10/2024 08.15,3072
28/10/2024 08.30,3144
28/10/2024 08.45,3588
28/10/2024 09.00,3396
28/10/2024 09.15,3930
28/10/2024 09.30,3468
28/10/2024 09.45,3192
28/10/2024 10.00,3132
28/10/2024 10.15,2556
28/10/2024 10.30,2820
28/10/2024 10.45,2916
28/10/2024 11.00,3030
28/10/2024 11.15,3252
28/10/2024 11.30,3036
28/10/2024 11.45,3126
28/10/2024 12.00,3228
28/10/2024 12.15,3072
28/10/2024 12.30,3024
28/10/2024 12.45,3048
28/10/2024 13.00,3816
28/10/2024 13.15,3720
28/10/2024 13.30,4068
28/10/2024 13.45,3468
28/10/2024 14.00,3246
28/10/2024 14.15,3048
28/10/2024 14.30,3282
28/10/2024 14.45,3594
28/10/2024 15.00,3690
28/10/2024 15.15,3882
28/10/2024 15.30,3792
28/10/2024 15.45,3708
28/10/2024 16.00,3606
28/10/2024 16.15,3456
28/10/2024 16.30,4080
28/10/2024 16.45,3882
28/10/2024 17.00,4002
28/10/2024 17.15,4290
28/10/2024 17.30,4176
28/10/2024 17.45,4452
28/10/2024 18.00,4356
28/10/2024 18.15,4074
28/10/2024 18.30,3666
28/10/2024 18.45,4158
28/10/2024 19.00,4704
28/10/2024 19.15,4596
28/10/2024 19.30,4278
28/10/2024 19.45,4038
28/10/2024 20.00,3648
28/10/2024 20.15,4548
28/10/2024 20.30,4824
28/10/2024 20.45,4728
28/10/2024 21.00,4662
28/10/2024 21.15,4092
28/10/2024 21.30,4548
28/10/2024 21.45,4644
28/10/2024 22.00,4170
28/10/2024 22.15,4284
28/10/2024 22.30,3798
28/10/2024 22.45,4122
28/10/2024 23.00,4176
28/10/2024 23.15,4710
28/10/2024 23.30,4578
28/10/2024 23.45,4272
29/10/2024 00.00,4632
29/10/2024 00.15,4644
29/10/2024 00.30,4674
29/10/2024 00.45,4632
29/10/2024 01.00,4620
29/10/2024 01.15,4176
29/10/2024 01.30,4188
29/10/2024 01.45,4194
29/10/2024 02.00,4212
29/10/2024 02.15,4224
29/10/2024 02.30,4590
29/10/2024 02.45,4260
29/10/2024 03.00,4164
29/10/2024 03.15,3990
29/10/2024 03.30,4242
29/10/2024 03.45,4296
29/10/2024 04.00,4464
29/10/2024 04.15,4374
29/10/2024 04.30,4032
29/10/2024 04.45,3648
29/10/2024 05.00,3504
29/10/2024 05.15,4080
29/10/2024 05.30,4188
29/10/2024 05.45,4026
29/10/2024 06.00,3984
29/10/2024 06.15,4686
29/10/2024 06.30,4542
29/10/2024 06.45,3972
29/10/2024 07.00,3462
29/10/2024 07.15,2850
29/10/2024 07.30,3492
29/10/2024 07.45,2748
29/10/2024 08.00,1914
29/10/2024 08.15,2592
29/10/2024 08.30,3060
29/10/2024 08.45,2724
29/10/2024 09.00,3078
29/10/2024 09.15,3516
29/10/2024 09.30,3438
29/10/2024 09.45,3156
29/10/2024 10.00,3264
29/10/2024 10.15,2472
29/10/2024 10.30,2448
29/10/2024 10.45,2400
29/10/2024 11.00,2106
29/10/2024 11.15,1884
29/10/2024 11.30,2070
29/10/2024 11.45,2046
29/10/2024 12.00,1758
29/10/2024 12.15,2784
29/10/2024 12.30,2166
29/10/2024 12.45,2478
29/10/2024 13.00,2850
29/10/2024 13.15,3360
29/10/2024 13.30,3258
29/10/2024 13.45,1764
29/10/2024 14.00,2280
29/10/2024 14.15,2472
29/10/2024 14.30,2640
29/10/2024 14.45,2286
29/10/2024 15.00,2586
29/10/2024 15.15,3756
29/10/2024 15.30,3894
29/10/2024 15.45,3690
29/10/2024 16.00,3906
29/10/2024 16.15,3858
29/10/2024 16.30,3636
29/10/2024 16.45,3834
29/10/2024 17.00,3966
29/10/2024 17.15,3870
29/10/2024 17.30,3768
29/10/2024 17.45,4140
29/10/2024 18.00,3870
29/10/2024 18.15,4488
29/10/2024 18.30,4632
29/10/2024 18.45,4608
29/10/2024 19.00,4404
29/10/2024 19.15,4584
29/10/2024 19.30,4404
29/10/2024 19.45,3648
29/10/2024 20.00,3432
29/10/2024 20.15,4608
29/10/2024 20.30,4164
29/10/2024 20.45,4434
29/10/2024 21.00,4272
29/10/2024 21.15,4668
29/10/2024 21.30,4272
29/10/2024 21.45,4548
29/10/2024 22.00,4416
29/10/2024 22.15,4482
29/10/2024 22.30,4320
29/10/2024 22.45,4452
29/10/2024 23.00,4350
29/10/2024 23.15,4278
29/10/2024 23.30,4422
29/10/2024 23.45,4614
30/10/2024 00.00,4542
30/10/2024 00.15,4692
30/10/2024 00.30,4464
30/10/2024 00.45,4272
30/10/2024 01.00,4320
30/10/2024 01.15,4290
30/10/2024 01.30,4314
30/10/2024 01.45,4596
30/10/2024 02.00,4608
30/10/2024 02.15,4206
30/10/2024 02.30,3414
30/10/2024 02.45,3216
30/10/2024 03.00,3144
30/10/2024 03.15,3492
30/10/2024 03.30,4488
30/10/2024 03.45,4236
30/10/2024 04.00,4332
30/10/2024 04.15,4476
30/10/2024 04.30,4602
30/10/2024 04.45,4314
30/10/2024 05.00,3678
30/10/2024 05.15,2820
30/10/2024 05.30,2574
30/10/2024 05.45,2730
30/10/2024 06.00,2556
30/10/2024 06.15,2388
30/10/2024 06.30,1926
30/10/2024 06.45,1800
30/10/2024 07.00,1662
30/10/2024 07.15,1338
30/10/2024 07.30,672
30/10/2024 07.45,720
30/10/2024 08.00,834
30/10/2024 08.15,474
30/10/2024 08.30,72
30/10/2024 08.45,24
30/10/2024 09.00,12
30/10/2024 09.15,24
30/10/2024 09.30,12
30/10/2024 09.45,18
30/10/2024 10.00,6
30/10/2024 10.15,24
30/10/2024 10.30,36
30/10/2024 10.45,54
30/10/2024 11.00,0
30/10/2024 11.15,18
30/10/2024 11.30,6
30/10/2024 11.45,6
30/10/2024 12.00,6
30/10/2024 12.15,0
30/10/2024 12.30,0
30/10/2024 12.45,0
30/10/2024 13.00,18
30/10/2024 13.15,18
30/10/2024 13.30,24
30/10/2024 13.45,36
30/10/2024 14.00,42
30/10/2024 14.15,66
30/10/2024 14.30,36
30/10/2024 14.45,36
30/10/2024 15.00,90
30/10/2024 15.15,96
30/10/2024 15.30,180
30/10/2024 15.45,492
30/10/2024 16.00,678
30/10/2024 16.15,528
30/10/2024 16.30,498
30/10/2024 16.45,420
30/10/2024 17.00,348
30/10/2024 17.15,360
30/10/2024 17.30,348
30/10/2024 17.45,354
30/10/2024 18.00,348
30/10/2024 18.15,336
30/10/2024 18.30,294
30/10/2024 18.45,348
30/10/2024 19.00,396
30/10/2024 19.15,360
30/10/2024 19.30,378
30/10/2024 19.45,378
30/10/2024 20.00,354
30/10/2024 20.15,420
30/10/2024 20.30,444
30/10/2024 20.45,402
30/10/2024 21.00,456
30/10/2024 21.15,378
30/10/2024 21.30,414
30/10/2024 21.45,432
30/10/2024 22.00,456
30/10/2024 22.15,444
30/10/2024 22.30,450
30/10/2024 22.45,462
30/10/2024 23.00,486
30/10/2024 23.15,522
30/10/2024 23.30,498
30/10/2024 23.45,456
31/10/2024 00.00,438
31/10/2024 00.15,426
31/10/2024 00.30,450
31/10/2024 00.45,444
31/10/2024 01.00,402
31/10/2024 01.15,468
31/10/2024 01.30,432
31/10/2024 01.45,384
31/10/2024 02.00,372
31/10/2024 02.15,408
31/10/2024 02.30,360
31/10/2024 02.45,474
31/10/2024 03.00,528
31/10/2024 03.15,480
31/10/2024 03.30,510
31/10/2024 03.45,492
31/10/2024 04.00,558
31/10/2024 04.15,594
31/10/2024 04.30,618
31/10/2024 04.45,594
31/10/2024 05.00,570
31/10/2024 05.15,564
31/10/2024 05.30,576
31/10/2024 05.45,612
31/10/2024 06.00,636
31/10/2024 06.15,780
31/10/2024 06.30,1254
31/10/2024 06.45,1290
31/10/2024 07.00,1332
31/10/2024 07.15,1176
31/10/2024 07.30,1080
31/10/2024 07.45,798
31/10/2024 08.00,1362
31/10/2024 08.15,1716
31/10/2024 08.30,2238
31/10/2024 08.45,2340
31/10/2024 09.00,2124
31/10/2024 09.15,2646
31/10/2024 09.30,2778
31/10/2024 09.45,2976
31/10/2024 10.00,2682
31/10/2024 10.15,2394
31/10/2024 10.30,2676
31/10/2024 10.45,2742
31/10/2024 11.00,2004
31/10/2024 11.15,2700
31/10/2024 11.30,2268
31/10/2024 11.45,1380
31/10/2024 12.00,2574
31/10/2024 12.15,2940
31/10/2024 12.30,3504
31/10/2024 12.45,3888
31/10/2024 13.00,2832
31/10/2024 13.15,3162
31/10/2024 13.30,2868
31/10/2024 13.45,2736
31/10/2024 14.00,2292
31/10/2024 14.15,3204
31/10/2024 14.30,2916
31/10/2024 14.45,2796
31/10/2024 15.00,2334
31/10/2024 15.15,2748
31/10/2024 15.30,3642
31/10/2024 15.45,3144
31/10/2024 16.00,3666
31/10/2024 16.15,4014
31/10/2024 16.30,3780
31/10/2024 16.45,3756
31/10/2024 17.00,4182
31/10/2024 17.15,4218
31/10/2024 17.30,4218
31/10/2024 17.45,3630
31/10/2024 18.00,3804
31/10/2024 18.15,3852
31/10/2024 18.30,4542
31/10/2024 18.45,4608
31/10/2024 19.00,4536
31/10/2024 19.15,4728
31/10/2024 19.30,4662
31/10/2024 19.45,2940
31/10/2024 20.00,3792
31/10/2024 20.15,4446
31/10/2024 20.30,4680
31/10/2024 20.45,4686
31/10/2024 21.00,4368
31/10/2024 21.15,4398
31/10/2024 21.30,4440
31/10/2024 21.45,4320
31/10/2024 22.00,4056
31/10/2024 22.15,4050
31/10/2024 22.30,4302
31/10/2024 22.45,4104
31/10/2024 23.00,4374
31/10/2024 23.15,4038
31/10/2024 23.30,4344
31/10/2024 23.45,4140
01/11/2024 00.00,3330
01/11/2024 00.15,3300
01/11/2024 00.30,3936
01/11/2024 00.45,4380
01/11/2024 01.00,4188
01/11/2024 01.15,3912
01/11/2024 01.30,3756
01/11/2024 01.45,3612
01/11/2024 02.00,4026
01/11/2024 02.15,4086
01/11/2024 02.30,4056
01/11/2024 02.45,4116
01/11/2024 03.00,4332
01/11/2024 03.15,4218
01/11/2024 03.30,4272
01/11/2024 03.45,4152
01/11/2024 04.00,4032
01/11/2024 04.15,3846
01/11/2024 04.30,4050
01/11/2024 04.45,4008
01/11/2024 05.00,4284
01/11/2024 05.15,4176
01/11/2024 05.30,4218
01/11/2024 05.45,4086
01/11/2024 06.00,3954
01/11/2024 06.15,4386
01/11/2024 06.30,4458
01/11/2024 06.45,3816
01/11/2024 07.00,3750
01/11/2024 07.15,3420
01/11/2024 07.30,3378
01/11/2024 07.45,1998
01/11/2024 08.00,1716
01/11/2024 08.15,2892
01/11/2024 08.30,3036
01/11/2024 08.45,3240
01/11/2024 09.00,3096
01/11/2024 09.15,2664
01/11/2024 09.30,2430
01/11/2024 09.45,2460
01/11/2024 10.00,2466
01/11/2024 10.15,2976
01/11/2024 10.30,3186
01/11/2024 10.45,2772
01/11/2024 11.00,2640
01/11/2024 11.15,2100
01/11/2024 11.30,3762
01/11/2024 11.45,2802
01/11/2024 12.00,1752
01/11/2024 12.15,2844
01/11/2024 12.30,2898
01/11/2024 12.45,2208
01/11/2024 13.00,1242
01/11/2024 13.15,1758
01/11/2024 13.30,2100
01/11/2024 13.45,1344
01/11/2024 14.00,1896
01/11/2024 14.15,2760
01/11/2024 14.30,3090
01/11/2024 14.45,2886
01/11/2024 15.00,3636
01/11/2024 15.15,3384
01/11/2024 15.30,3054
01/11/2024 15.45,4068
01/11/2024 16.00,4098
01/11/2024 16.15,4404
01/11/2024 16.30,4308
01/11/2024 16.45,4098
01/11/2024 17.00,3972
01/11/2024 17.15,4338
01/11/2024 17.30,4134
01/11/2024 17.45,4032
01/11/2024 18.00,4224
01/11/2024 18.15,4098
01/11/2024 18.30,4008
01/11/2024 18.45,3984
01/11/2024 19.00,4068
01/11/2024 19.15,4152
01/11/2024 19.30,4014
01/11/2024 19.45,2976
01/11/2024 20.00,3570
01/11/2024 20.15,4434
01/11/2024 20.30,4638
01/11/2024 20.45,4488
01/11/2024 21.00,4464
01/11/2024 21.15,4578
01/11/2024 21.30,4698
01/11/2024 21.45,4650
01/11/2024 22.00,4536
01/11/2024 22.15,4428
01/11/2024 22.30,4320
01/11/2024 22.45,4326
01/11/2024 23.00,4176
01/11/2024 23.15,4020
01/11/2024 23.30,3924
01/11/2024 23.45,4086
02/11/2024 00.00,3996
02/11/2024 00.15,4194
02/11/2024 00.30,4596
02/11/2024 00.45,4512
02/11/2024 01.00,4068
02/11/2024 01.15,4224
02/11/2024 01.30,4368
02/11/2024 01.45,4482
02/11/2024 02.00,4176
02/11/2024 02.15,4068
02/11/2024 02.30,4272
02/11/2024 02.45,4272
02/11/2024 03.00,4362
02/11/2024 03.15,4356
02/11/2024 03.30,4194
02/11/2024 03.45,3774
02/11/2024 04.00,4536
02/11/2024 04.15,4536
02/11/2024 04.30,4296
02/11/2024 04.45,4032
02/11/2024 05.00,3924
02/11/2024 05.15,3846
02/11/2024 05.30,3624
02/11/2024 05.45,3828
02/11/2024 06.00,3702
02/11/2024 06.15,3792
02/11/2024 06.30,3780
02/11/2024 06.45,3762
02/11/2024 07.00,3630
02/11/2024 07.15,3618
02/11/2024 07.30,3312
02/11/2024 07.45,2766
02/11/2024 08.00,2412
02/11/2024 08.15,2832
02/11/2024 08.30,3162
02/11/2024 08.45,2916
02/11/2024 09.00,2520
02/11/2024 09.15,2136
02/11/2024 09.30,1632
02/11/2024 09.45,2364
02/11/2024 10.00,1242
02/11/2024 10.15,1740
02/11/2024 10.30,2352
02/11/2024 10.45,2286
02/11/2024 11.00,1902
02/11/2024 11.15,1836
02/11/2024 11.30,1806
02/11/2024 11.45,1758
02/11/2024 12.00,1812
02/11/2024 12.15,1962
02/11/2024 12.30,1890
02/11/2024 12.45,2286
02/11/2024 13.00,2118
02/11/2024 13.15,2424
02/11/2024 13.30,2514
02/11/2024 13.45,2568
02/11/2024 14.00,2856
02/11/2024 14.15,2616
02/11/2024 14.30,2760
02/11/2024 14.45,3012
02/11/2024 15.00,2970
02/11/2024 15.15,3156
02/11/2024 15.30,3282
02/11/2024 15.45,4008
02/11/2024 16.00,3594
02/11/2024 16.15,3948
02/11/2024 16.30,4224
02/11/2024 16.45,3942
02/11/2024 17.00,3750
02/11/2024 17.15,4104
02/11/2024 17.30,4554
02/11/2024 17.45,4440
02/11/2024 18.00,4452
02/11/2024 18.15,4290
02/11/2024 18.30,4080
02/11/2024 18.45,4380
02/11/2024 19.00,4428
02/11/2024 19.15,4440
02/11/2024 19.30,4200
02/11/2024 19.45,3948
02/11/2024 20.00,3612
02/11/2024 20.15,4248
02/11/2024 20.30,4626
02/11/2024 20.45,4650
02/11/2024 21.00,4272
02/11/2024 21.15,4164
02/11/2024 21.30,4494
02/11/2024 21.45,4290
02/11/2024 22.00,4494
02/11/2024 22.15,3930
02/11/2024 22.30,4344
02/11/2024 22.45,4110
02/11/2024 23.00,4434
02/11/2024 23.15,4254
02/11/2024 23.30,4224
02/11/2024 23.45,4212
03/11/2024 00.00,3954
03/11/2024 00.15,4158
03/11/2024 00.30,4284
03/11/2024 00.45,4278
03/11/2024 01.00,4284
03/11/2024 01.15,4482
03/11/2024 01.30,4476
03/11/2024 01.45,4578
03/11/2024 02.00,4146
03/11/2024 02.15,4146
03/11/2024 02.30,4128
03/11/2024 02.45,3960
03/11/2024 03.00,3222
03/11/2024 03.15,3576
03/11/2024 03.30,4056
03/11/2024 03.45,4020
03/11/2024 04.00,4188
03/11/2024 04.15,4422
03/11/2024 04.30,4494
03/11/2024 04.45,4500
03/11/2024 05.00,4164
03/11/2024 05.15,4146
03/11/2024 05.30,4092
03/11/2024 05.45,4038
03/11/2024 06.00,4206
03/11/2024 06.15,4296
03/11/2024 06.30,4434
03/11/2024 06.45,4176
03/11/2024 07.00,3876
03/11/2024 07.15,3600
03/11/2024 07.30,3726
03/11/2024 07.45,3168
03/11/2024 08.00,2508
03/11/2024 08.15,2688
03/11/2024 08.30,3540
03/11/2024 08.45,3564
03/11/2024 09.00,3306
03/11/2024 09.15,2970
03/11/2024 09.30,2622
03/11/2024 09.45,2652
03/11/2024 10.00,2556
03/11/2024 10.15,2634
03/11/2024 10.30,2442
03/11/2024 10.45,2496
03/11/2024 11.00,2472
03/11/2024 11.15,2076
03/11/2024 11.30,2112
03/11/2024 11.45,2118
03/11/2024 12.00,2304
03/11/2024 12.15,2472
03/11/2024 12.30,1716
03/11/2024 12.45,1848
03/11/2024 13.00,1746
03/11/2024 13.15,2256
03/11/2024 13.30,2886
03/11/2024 13.45,2136
03/11/2024 14.00,2664
03/11/2024 14.15,3012
03/11/2024 14.30,3468
03/11/2024 14.45,2820
03/11/2024 15.00,3324
03/11/2024 15.15,3144
03/11/2024 15.30,3420
03/11/2024 15.45,3648
03/11/2024 16.00,3612
03/11/2024 16.15,2838
03/11/2024 16.30,3096
03/11/2024 16.45,3492
03/11/2024 17.00,3516
03/11/2024 17.15,3960
03/11/2024 17.30,3576
03/11/2024 17.45,3996
03/11/2024 18.00,3900
03/11/2024 18.15,3888
03/11/2024 18.30,4278
03/11/2024 18.45,4518
03/11/2024 19.00,4668
03/11/2024 19.15,4542
03/11/2024 19.30,4488
03/11/2024 19.45,4128
03/11/2024 20.00,3906
03/11/2024 20.15,4212
03/11/2024 20.30,4662
03/11/2024 20.45,4614
03/11/2024 21.00,4788
03/11/2024 21.15,4692
03/11/2024 21.30,4644
03/11/2024 21.45,4326
03/11/2024 22.00,4392
03/11/2024 22.15,4320
03/11/2024 22.30,4242
03/11/2024 22.45,3948
03/11/2024 23.00,3978
03/11/2024 23.15,4146
03/11/2024 23.30,4254
03/11/2024 23.45,4164
04/11/2024 00.00,4290
04/11/2024 00.15,4512
04/11/2024 00.30,4440
04/11/2024 00.45,4650
04/11/2024 01.00,4722
04/11/2024 01.15,4620
04/11/2024 01.30,4560
04/11/2024 01.45,4368
04/11/2024 02.00,4026
04/11/2024 02.15,4074
04/11/2024 02.30,3702
04/11/2024 02.45,4170
04/11/2024 03.00,4260
04/11/2024 03.15,4278
04/11/2024 03.30,3846
04/11/2024 03.45,3732
04/11/2024 04.00,3930
04/11/2024 04.15,4224
04/11/2024 04.30,4464
04/11/2024 04.45,4572
04/11/2024 05.00,4716
04/11/2024 05.15,4596
04/11/2024 05.30,4608
04/11/2024 05.45,4062
04/11/2024 06.00,3612
04/11/2024 06.15,3792
04/11/2024 06.30,3426
04/11/2024 06.45,3618
04/11/2024 07.00,3990
04/11/2024 07.15,3444
04/11/2024 07.30,3222
04/11/2024 07.45,3132
04/11/2024 08.00,2508
04/11/2024 08.15,2688
04/11/2024 08.30,2682
04/11/2024 08.45,2178
04/11/2024 09.00,2172
04/11/2024 09.15,2160
04/11/2024 09.30,1644
04/11/2024 09.45,1278
04/11/2024 10.00,1470
04/11/2024 10.15,1830
04/11/2024 10.30,2196
04/11/2024 10.45,1620
04/11/2024 11.00,2226
04/11/2024 11.15,2472
04/11/2024 11.30,2766
04/11/2024 11.45,2058
04/11/2024 12.00,1416
04/11/2024 12.15,2676
04/11/2024 12.30,2826
04/11/2024 12.45,2556
04/11/2024 13.00,2850
04/11/2024 13.15,3012
04/11/2024 13.30,2820
04/11/2024 13.45,3174
04/11/2024 14.00,2388
04/11/2024 14.15,3378
04/11/2024 14.30,3468
04/11/2024 14.45,2844
04/11/2024 15.00,2304
04/11/2024 15.15,2778
04/11/2024 15.30,3156
04/11/2024 15.45,3714
04/11/2024 16.00,3552
04/11/2024 16.15,4074
04/11/2024 16.30,4212
04/11/2024 16.45,3936
04/11/2024 17.00,3768
04/11/2024 17.15,4422
04/11/2024 17.30,4554
04/11/2024 17.45,3666
04/11/2024 18.00,3468
04/11/2024 18.15,4542
04/11/2024 18.30,4644
04/11/2024 18.45,4548
04/11/2024 19.00,4668
04/11/2024 19.15,4530
04/11/2024 19.30,4440
04/11/2024 19.45,3972
04/11/2024 20.00,3816
04/11/2024 20.15,4206
04/11/2024 20.30,4518
04/11/2024 20.45,4638
04/11/2024 21.00,4380
04/11/2024 21.15,3960
04/11/2024 21.30,3840
04/11/2024 21.45,4374
04/11/2024 22.00,4116
04/11/2024 22.15,4218
04/11/2024 22.30,3750
04/11/2024 22.45,3576
04/11/2024 23.00,3420
04/11/2024 23.15,3732
04/11/2024 23.30,3738
04/11/2024 23.45,4218
05/11/2024 00.00,4068
05/11/2024 00.15,4158
05/11/2024 00.30,3972
05/11/2024 00.45,4362
05/11/2024 01.00,4506
05/11/2024 01.15,4272
05/11/2024 01.30,4092
05/11/2024 01.45,4386
05/11/2024 02.00,4080
05/11/2024 02.15,4368
05/11/2024 02.30,4302
05/11/2024 02.45,3984
05/11/2024 03.00,3708
05/11/2024 03.15,3948
05/11/2024 03.30,3840
05/11/2024 03.45,3864
05/11/2024 04.00,3792
05/11/2024 04.15,3828
05/11/2024 04.30,3684
05/11/2024 04.45,3942
05/11/2024 05.00,3756
05/11/2024 05.15,3948
05/11/2024 05.30,3798
05/11/2024 05.45,4116
05/11/2024 06.00,4446
05/11/2024 06.15,4608
05/11/2024 06.30,4380
05/11/2024 06.45,4500
05/11/2024 07.00,4188
05/11/2024 07.15,4140
05/11/2024 07.30,3978
05/11/2024 07.45,3492
05/11/2024 08.00,3006
05/11/2024 08.15,3666
05/11/2024 08.30,3714
05/11/2024 08.45,3150
05/11/2024 09.00,2754
05/11/2024 09.15,2700
05/11/2024 09.30,3228
05/11/2024 09.45,2988
05/11/2024 10.00,3096
05/11/2024 10.15,2694
05/11/2024 10.30,2886
05/11/2024 10.45,3180
05/11/2024 11.00,2412
05/11/2024 11.15,2598
05/11/2024 11.30,2916
05/11/2024 11.45,2964
05/11/2024 12.00,2892
05/11/2024 12.15,2334
05/11/2024 12.30,2412
05/11/2024 12.45,3036
05/11/2024 13.00,2928
05/11/2024 13.15,2826
05/11/2024 13.30,2520
05/11/2024 13.45,2796
05/11/2024 14.00,2682
05/11/2024 14.15,2856
05/11/2024 14.30,2742
05/11/2024 14.45,3540
05/11/2024 15.00,3954
05/11/2024 15.15,4518
05/11/2024 15.30,4464
05/11/2024 15.45,4386
05/11/2024 16.00,4074
05/11/2024 16.15,3816
05/11/2024 16.30,4644
05/11/2024 16.45,4512
05/11/2024 17.00,4488
05/11/2024 17.15,4020
05/11/2024 17.30,4302
05/11/2024 17.45,3594
05/11/2024 18.00,3792
05/11/2024 18.15,3936
05/11/2024 18.30,4422
05/11/2024 18.45,4332
05/11/2024 19.00,4458
05/11/2024 19.15,3570
05/11/2024 19.30,4236
05/11/2024 19.45,4080
05/11/2024 20.00,3792
05/11/2024 20.15,4026
05/11/2024 20.30,4602
05/11/2024 20.45,4602
05/11/2024 21.00,4758
05/11/2024 21.15,3168
05/11/2024 21.30,2700
05/11/2024 21.45,3858
05/11/2024 22.00,4158
05/11/2024 22.15,3972
05/11/2024 22.30,4008
05/11/2024 22.45,4296
05/11/2024 23.00,4350
05/11/2024 23.15,4200
05/11/2024 23.30,4086
05/11/2024 23.45,4296
06/11/2024 00.00,4326
06/11/2024 00.15,4446
06/11/2024 00.30,3978
06/11/2024 00.45,4212
06/11/2024 01.00,4176
06/11/2024 01.15,4464
06/11/2024 01.30,4566
06/11/2024 01.45,4602
06/11/2024 02.00,4380
06/11/2024 02.15,4134
06/11/2024 02.30,4068
06/11/2024 02.45,4236
06/11/2024 03.00,4290
06/11/2024 03.15,4134
06/11/2024 03.30,4092
06/11/2024 03.45,4224
06/11/2024 04.00,4248
06/11/2024 04.15,4458
06/11/2024 04.30,4566
06/11/2024 04.45,4254
06/11/2024 05.00,4128
06/11/2024 05.15,4500
06/11/2024 05.30,4398
06/11/2024 05.45,4488
06/11/2024 06.00,4290
06/11/2024 06.15,4092
06/11/2024 06.30,4188
06/11/2024 06.45,4074
06/11/2024 07.00,3852
06/11/2024 07.15,3744
06/11/2024 07.30,3576
06/11/2024 07.45,3276
06/11/2024 08.00,2520
06/11/2024 08.15,2886
06/11/2024 08.30,3528
06/11/2024 08.45,3540
06/11/2024 09.00,2910
06/11/2024 09.15,2958
06/11/2024 09.30,2940
06/11/2024 09.45,2862
06/11/2024 10.00,2532
06/11/2024 10.15,2742
06/11/2024 10.30,3072
06/11/2024 10.45,2136
06/11/2024 11.00,2712
06/11/2024 11.15,2514
06/11/2024 11.30,1950
06/11/2024 11.45,2082
06/11/2024 12.00,2790
06/11/2024 12.15,2340
06/11/2024 12.30,2076
06/11/2024 12.45,2394
06/11/2024 13.00,3162
06/11/2024 13.15,2838
06/11/2024 13.30,2820
06/11/2024 13.45,3024
06/11/2024 14.00,2826
06/11/2024 14.15,2868
06/11/2024 14.30,3240
06/11/2024 14.45,3060
06/11/2024 15.00,2142
06/11/2024 15.15,2214
06/11/2024 15.30,2724
06/11/2024 15.45,3840
06/11/2024 16.00,3684
06/11/2024 16.15,3816
06/11/2024 16.30,4218
06/11/2024 16.45,3948
06/11/2024 17.00,3600
06/11/2024 17.15,3648
06/11/2024 17.30,3756
06/11/2024 17.45,4062
06/11/2024 18.00,4302
06/11/2024 18.15,4530
06/11/2024 18.30,4704
06/11/2024 18.45,4656
06/11/2024 19.00,4578
06/11/2024 19.15,4596
06/11/2024 19.30,4488
06/11/2024 19.45,4020
06/11/2024 20.00,3852
06/11/2024 20.15,4062
06/11/2024 20.30,4338
06/11/2024 20.45,4368
06/11/2024 21.00,4632
06/11/2024 21.15,4758
06/11/2024 21.30,4608
06/11/2024 21.45,4536
06/11/2024 22.00,4524
06/11/2024 22.15,4284
06/11/2024 22.30,4512
06/11/2024 22.45,4470
06/11/2024 23.00,4542
06/11/2024 23.15,4632
06/11/2024 23.30,4332
06/11/2024 23.45,4104
07/11/2024 00.00,4104
07/11/2024 00.15,4146
07/11/2024 00.30,4050
07/11/2024 00.45,4128
07/11/2024 01.00,4554
07/11/2024 01.15,4482
07/11/2024 01.30,4560
07/11/2024 01.45,4470
07/11/2024 02.00,3924
07/11/2024 02.15,4044
07/11/2024 02.30,3780
07/11/2024 02.45,4146
07/11/2024 03.00,4392
07/11/2024 03.15,4518
07/11/2024 03.30,4284
07/11/2024 03.45,4404
07/11/2024 04.00,4218
07/11/2024 04.15,4056
07/11/2024 04.30,4128
07/11/2024 04.45,4104
07/11/2024 05.00,3990
07/11/2024 05.15,4344
07/11/2024 05.30,4416
07/11/2024 05.45,4068
07/11/2024 06.00,4314
07/11/2024 06.15,4512
07/11/2024 06.30,4440
07/11/2024 06.45,4104
07/11/2024 07.00,4296
07/11/2024 07.15,3888
07/11/2024 07.30,3696
07/11/2024 07.45,3558
07/11/2024 08.00,3108
07/11/2024 08.15,2574
07/11/2024 08.30,2466
07/11/2024 08.45,2316
07/11/2024 09.00,1842
07/11/2024 09.15,1506
07/11/2024 09.30,2544
07/11/2024 09.45,2826
07/11/2024 10.00,2706
07/11/2024 10.15,2028
07/11/2024 10.30,1698
07/11/2024 10.45,1608
07/11/2024 11.00,1752
07/11/2024 11.15,1644
07/11/2024 11.30,1770
07/11/2024 11.45,1776
07/11/2024 12.00,1812
07/11/2024 12.15,1950
07/11/2024 12.30,1638
07/11/2024 12.45,1950
07/11/2024 13.00,2154
07/11/2024 13.15,1740
07/11/2024 13.30,2508
07/11/2024 13.45,2034
07/11/2024 14.00,2058
07/11/2024 14.15,2532
07/11/2024 14.30,2016
07/11/2024 14.45,2670
07/11/2024 15.00,2538
07/11/2024 15.15,2916
07/11/2024 15.30,3384
07/11/2024 15.45,3024
07/11/2024 16.00,3054
07/11/2024 16.15,3942
07/11/2024 16.30,3924
07/11/2024 16.45,4128
07/11/2024 17.00,4194
07/11/2024 17.15,4266
07/11/2024 17.30,4020
07/11/2024 17.45,3954
07/11/2024 18.00,3882
07/11/2024 18.15,3726
07/11/2024 18.30,3516
07/11/2024 18.45,3534
07/11/2024 19.00,3456
07/11/2024 19.15,3654
07/11/2024 19.30,3888
07/11/2024 19.45,3372
07/11/2024 20.00,2952
07/11/2024 20.15,3072
07/11/2024 20.30,4332
07/11/2024 20.45,4296
07/11/2024 21.00,4158
07/11/2024 21.15,4146
07/11/2024 21.30,3966
07/11/2024 21.45,4236
07/11/2024 22.00,4614
07/11/2024 22.15,4152
07/11/2024 22.30,4362
07/11/2024 22.45,4116
07/11/2024 23.00,4392
07/11/2024 23.15,4350
07/11/2024 23.30,4272
07/11/2024 23.45,4170
08/11/2024 00.00,3996
08/11/2024 00.15,3912
08/11/2024 00.30,4074
08/11/2024 00.45,4020
08/11/2024 01.00,4122
08/11/2024 01.15,4392
08/11/2024 01.30,4530
08/11/2024 01.45,4236
08/11/2024 02.00,4722
08/11/2024 02.15,4476
08/11/2024 02.30,4536
08/11/2024 02.45,4668
08/11/2024 03.00,4554
08/11/2024 03.15,4164
08/11/2024 03.30,3996
08/11/2024 03.45,4104
08/11/2024 04.00,4260
08/11/2024 04.15,4236
08/11/2024 04.30,4140
08/11/2024 04.45,3900
08/11/2024 05.00,4014
08/11/2024 05.15,4206
08/11/2024 05.30,3762
08/11/2024 05.45,3438
08/11/2024 06.00,3576
08/11/2024 06.15,3480
08/11/2024 06.30,2952
08/11/2024 06.45,2436
08/11/2024 07.00,2256
08/11/2024 07.15,1536
08/11/2024 07.30,912
08/11/2024 07.45,840
08/11/2024 08.00,654
08/11/2024 08.15,396
08/11/2024 08.30,60
08/11/2024 08.45,42
08/11/2024 09.00,12
08/11/2024 09.15,18
08/11/2024 09.30,12
08/11/2024 09.45,0
08/11/2024 10.00,0
08/11/2024 10.15,12
08/11/2024 10.30,12
08/11/2024 10.45,12
08/11/2024 11.00,18
08/11/2024 11.15,12
08/11/2024 11.30,12
08/11/2024 11.45,12
08/11/2024 12.00,6
08/11/2024 12.15,12
08/11/2024 12.30,12
08/11/2024 12.45,12
08/11/2024 13.00,24
08/11/2024 13.15,18
08/11/2024 13.30,12
08/11/2024 13.45,24
08/11/2024 14.00,24
08/11/2024 14.15,42
08/11/2024 14.30,18
08/11/2024 14.45,66
08/11/2024 15.00,138
08/11/2024 15.15,24
08/11/2024 15.30,36
08/11/2024 15.45,48
08/11/2024 16.00,360
08/11/2024 16.15,582
08/11/2024 16.30,648
08/11/2024 16.45,456
08/11/2024 17.00,300
08/11/2024 17.15,372
08/11/2024 17.30,390
08/11/2024 17.45,468
08/11/2024 18.00,570
08/11/2024 18.15,660
08/11/2024 18.30,1086
08/11/2024 18.45,1518
08/11/2024 19.00,1428
08/11/2024 19.15,1524
08/11/2024 19.30,1698
08/11/2024 19.45,1890
08/11/2024 20.00,2604
08/11/2024 20.15,3588
08/11/2024 20.30,3972
08/11/2024 20.45,4164
08/11/2024 21.00,3918
08/11/2024 21.15,4038
08/11/2024 21.30,4134
08/11/2024 21.45,4458
08/11/2024 22.00,4188
08/11/2024 22.15,4110
08/11/2024 22.30,4116
08/11/2024 22.45,4212
08/11/2024 23.00,4332
08/11/2024 23.15,4308
08/11/2024 23.30,4314
08/11/2024 23.45,4356
09/11/2024 00.00,4476
09/11/2024 00.15,4644
09/11/2024 00.30,4554
09/11/2024 00.45,4404
09/11/2024 01.00,3930
09/11/2024 01.15,3984
09/11/2024 01.30,3738
09/11/2024 01.45,3996
09/11/2024 02.00,3942
09/11/2024 02.15,3972
09/11/2024 02.30,3780
09/11/2024 02.45,4008
09/11/2024 03.00,3522
09/11/2024 03.15,3792
09/11/2024 03.30,4062
09/11/2024 03.45,4080
09/11/2024 04.00,4338
09/11/2024 04.15,4368
09/11/2024 04.30,4008
09/11/2024 04.45,4506
09/11/2024 05.00,4476
09/11/2024 05.15,4824
09/11/2024 05.30,4170
09/11/2024 05.45,4416
09/11/2024 06.00,4680
09/11/2024 06.15,4668
09/11/2024 06.30,4488
09/11/2024 06.45,4428
09/11/2024 07.00,4020
09/11/2024 07.15,4092
09/11/2024 07.30,3954
09/11/2024 07.45,3066
09/11/2024 08.00,2838
09/11/2024 08.15,3336
09/11/2024 08.30,3012
09/11/2024 08.45,3000
09/11/2024 09.00,2778
09/11/2024 09.15,2748
09/11/2024 09.30,2592
09/11/2024 09.45,2124
09/11/2024 10.00,1632
09/11/2024 10.15,1896
09/11/2024 10.30,2220
09/11/2024 10.45,2160
09/11/2024 11.00,2190
09/11/2024 11.15,2100
09/11/2024 11.30,1788
09/11/2024 11.45,2214
09/11/2024 12.00,1884
09/11/2024 12.15,1794
09/11/2024 12.30,2034
09/11/2024 12.45,1986
09/11/2024 13.00,2016
09/11/2024 13.15,2406
09/11/2024 13.30,2508
09/11/2024 13.45,2382
09/11/2024 14.00,2628
09/11/2024 14.15,2712
09/11/2024 14.30,2904
09/11/2024 14.45,2808
09/11/2024 15.00,3132
09/11/2024 15.15,2802
09/11/2024 15.30,2850
09/11/2024 15.45,2976
09/11/2024 16.00,3828
09/11/2024 16.15,3972
09/11/2024 16.30,3996
09/11/2024 16.45,4158
09/11/2024 17.00,4248
09/11/2024 17.15,4500
09/11/2024 17.30,4650
09/11/2024 17.45,4560
09/11/2024 18.00,4674
09/11/2024 18.15,4152
09/11/2024 18.30,3822
09/11/2024 18.45,4650
09/11/2024 19.00,4608
09/11/2024 19.15,4266
09/11/2024 19.30,4158
09/11/2024 19.45,3954
09/11/2024 20.00,3768
09/11/2024 20.15,4434
09/11/2024 20.30,4854
09/11/2024 20.45,4812
09/11/2024 21.00,4704
09/11/2024 21.15,4770
09/11/2024 21.30,4368
09/11/2024 21.45,4494
09/11/2024 22.00,4440
09/11/2024 22.15,4068
09/11/2024 22.30,4278
09/11/2024 22.45,4476
09/11/2024 23.00,4542
09/11/2024 23.15,4146
09/11/2024 23.30,3912
09/11/2024 23.45,4146
10/11/2024 00.00,4284
10/11/2024 00.15,4302
10/11/2024 00.30,4584
10/11/2024 00.45,4314
10/11/2024 01.00,4110
10/11/2024 01.15,4104
10/11/2024 01.30,4248
10/11/2024 01.45,4260
10/11/2024 02.00,4266
10/11/2024 02.15,4320
10/11/2024 02.30,4290
10/11/2024 02.45,4044
10/11/2024 03.00,4314
10/11/2024 03.15,4146
10/11/2024 03.30,4644
10/11/2024 03.45,4560
10/11/2024 04.00,4566
10/11/2024 04.15,4248
10/11/2024 04.30,4452
10/11/2024 04.45,4308
10/11/2024 05.00,4272
10/11/2024 05.15,4134
10/11/2024 05.30,4146
10/11/2024 05.45,4548
10/11/2024 06.00,4416
10/11/2024 06.15,4500
10/11/2024 06.30,4488
10/11/2024 06.45,4206
10/11/2024 07.00,3900
10/11/2024 07.15,3516
10/11/2024 07.30,3804
10/11/2024 07.45,2724
10/11/2024 08.00,2772
10/11/2024 08.15,3186
10/11/2024 08.30,3180
10/11/2024 08.45,2850
10/11/2024 09.00,2886
10/11/2024 09.15,2832
10/11/2024 09.30,2562
10/11/2024 09.45,2148
10/11/2024 10.00,1740
10/11/2024 10.15,1680
10/11/2024 10.30,2118
10/11/2024 10.45,2136
10/11/2024 11.00,2040
10/11/2024 11.15,1998
10/11/2024 11.30,1932
10/11/2024 11.45,1914
10/11/2024 12.00,2040
10/11/2024 12.15,2112
10/11/2024 12.30,2220
10/11/2024 12.45,2064
10/11/2024 13.00,2250
10/11/2024 13.15,2616
10/11/2024 13.30,2292
10/11/2024 13.45,2424
10/11/2024 14.00,2592
10/11/2024 14.15,2190
10/11/2024 14.30,2040
10/11/2024 14.45,2148
10/11/2024 15.00,2226
10/11/2024 15.15,2514
10/11/2024 15.30,2616
10/11/2024 15.45,2850
10/11/2024 16.00,3120
10/11/2024 16.15,3720
10/11/2024 16.30,3276
10/11/2024 16.45,3384
10/11/2024 17.00,3468
10/11/2024 17.15,3396
10/11/2024 17.30,3432
10/11/2024 17.45,3846
10/11/2024 18.00,4464
10/11/2024 18.15,4158
10/11/2024 18.30,3984
10/11/2024 18.45,3612
10/11/2024 19.00,3678
10/11/2024 19.15,4128
10/11/2024 19.30,4248
10/11/2024 19.45,3654
10/11/2024 20.00,3300
10/11/2024 20.15,3552
10/11/2024 20.30,3732
10/11/2024 20.45,4590
10/11/2024 21.00,4740
10/11/2024 21.15,4632
10/11/2024 21.30,4626
10/11/2024 21.45,4236
10/11/2024 22.00,3864
10/11/2024 22.15,3954
10/11/2024 22.30,4104
10/11/2024 22.45,4020
10/11/2024 23.00,3918
10/11/2024 23.15,4350
10/11/2024 23.30,4314
10/11/2024 23.45,4380
11/11/2024 00.00,4602
11/11/2024 00.15,4560
11/11/2024 00.30,4392
11/11/2024 00.45,4374
11/11/2024 01.00,4374
11/11/2024 01.15,4374
11/11/2024 01.30,4548
11/11/2024 01.45,4704
11/11/2024 02.00,4188
11/11/2024 02.15,4200
11/11/2024 02.30,4248
11/11/2024 02.45,4062
11/11/2024 03.00,4314
11/11/2024 03.15,4356
11/11/2024 03.30,4344
11/11/2024 03.45,4272
11/11/2024 04.00,4080
11/11/2024 04.15,4248
11/11/2024 04.30,4080
11/11/2024 04.45,4128
11/11/2024 05.00,4104
11/11/2024 05.15,4476
11/11/2024 05.30,4524
11/11/2024 05.45,4368
11/11/2024 06.00,4464
11/11/2024 06.15,4518
11/11/2024 06.30,4554
11/11/2024 06.45,4224
11/11/2024 07.00,3822
11/11/2024 07.15,3750
11/11/2024 07.30,3306
11/11/2024 07.45,2724
11/11/2024 08.00,2166
11/11/2024 08.15,2574
11/11/2024 08.30,2676
11/11/2024 08.45,2748
11/11/2024 09.00,2634
11/11/2024 09.15,2748
11/11/2024 09.30,2898
11/11/2024 09.45,2952
11/11/2024 10.00,2424
11/11/2024 10.15,2268
11/11/2024 10.30,2196
11/11/2024 10.45,2106
11/11/2024 11.00,2226
11/11/2024 11.15,1998
11/11/2024 11.30,2154
11/11/2024 11.45,2148
11/11/2024 12.00,2250
11/11/2024 12.15,2586
11/11/2024 12.30,2556
11/11/2024 12.45,2274
11/11/2024 13.00,2196
11/11/2024 13.15,2364
11/11/2024 13.30,2550
11/11/2024 13.45,2604
11/11/2024 14.00,2652
11/11/2024 14.15,2112
11/11/2024 14.30,2832
11/11/2024 14.45,2700
11/11/2024 15.00,3918
11/11/2024 15.15,3918
11/11/2024 15.30,3648
11/11/2024 15.45,3834
11/11/2024 16.00,3792
11/11/2024 16.15,4122
11/11/2024 16.30,4560
11/11/2024 16.45,4548
11/11/2024 17.00,4002
11/11/2024 17.15,4164
11/11/2024 17.30,4716
11/11/2024 17.45,4872
11/11/2024 18.00,4554
11/11/2024 18.15,4332
11/11/2024 18.30,4482
11/11/2024 18.45,4482
11/11/2024 19.00,4944
11/11/2024 19.15,4914
11/11/2024 19.30,4728
11/11/2024 19.45,3870
11/11/2024 20.00,3732
11/11/2024 20.15,4410
11/11/2024 20.30,4392
11/11/2024 20.45,4314
11/11/2024 21.00,4512
11/11/2024 21.15,4848
11/11/2024 21.30,4710
11/11/2024 21.45,4902
11/11/2024 22.00,4428
11/11/2024 22.15,3972
11/11/2024 22.30,4488
11/11/2024 22.45,4356
11/11/2024 23.00,4560
11/11/2024 23.15,4302
11/11/2024 23.30,4710
11/11/2024 23.45,4164
12/11/2024 00.00,3840
12/11/2024 00.15,4086
12/11/2024 00.30,4548
12/11/2024 00.45,4608
12/11/2024 01.00,4020
12/11/2024 01.15,3666
12/11/2024 01.30,3966
12/11/2024 01.45,4212
12/11/2024 02.00,4158
12/11/2024 02.15,4254
12/11/2024 02.30,4176
12/11/2024 02.45,4308
12/11/2024 03.00,4362
12/11/2024 03.15,4494
12/11/2024 03.30,4722
12/11/2024 03.45,4506
12/11/2024 04.00,3888
12/11/2024 04.15,3846
12/11/2024 04.30,3576
12/11/2024 04.45,3540
12/11/2024 05.00,3900
12/11/2024 05.15,4242
12/11/2024 05.30,4368
12/11/2024 05.45,4230
12/11/2024 06.00,4440
12/11/2024 06.15,4488
12/11/2024 06.30,4176
12/11/2024 06.45,4062
12/11/2024 07.00,4026
12/11/2024 07.15,3954
12/11/2024 07.30,3528
12/11/2024 07.45,2202
12/11/2024 08.00,1938
12/11/2024 08.15,1782
12/11/2024 08.30,2952
12/11/2024 08.45,3180
12/11/2024 09.00,2940
12/11/2024 09.15,2694
12/11/2024 09.30,2640
12/11/2024 09.45,2022
12/11/2024 10.00,2124
12/11/2024 10.15,2154
12/11/2024 10.30,2016
12/11/2024 10.45,1902
12/11/2024 11.00,2040
12/11/2024 11.15,2034
12/11/2024 11.30,1986
12/11/2024 11.45,1866
12/11/2024 12.00,2016
12/11/2024 12.15,2094
12/11/2024 12.30,2310
12/11/2024 12.45,2346
12/11/2024 13.00,1872
12/11/2024 13.15,1860
12/11/2024 13.30,2400
12/11/2024 13.45,2916
12/11/2024 14.00,2802
12/11/2024 14.15,3708
12/11/2024 14.30,2868
12/11/2024 14.45,3276
12/11/2024 15.00,2778
12/11/2024 15.15,3132
12/11/2024 15.30,2910
12/11/2024 15.45,3222
12/11/2024 16.00,3624
12/11/2024 16.15,3786
12/11/2024 16.30,3708
12/11/2024 16.45,3894
12/11/2024 17.00,3726
12/11/2024 17.15,4044
12/11/2024 17.30,4236
12/11/2024 17.45,4146
12/11/2024 18.00,3948
12/11/2024 18.15,3678
12/11/2024 18.30,3702
12/11/2024 18.45,4206
12/11/2024 19.00,4242
12/11/2024 19.15,4344
12/11/2024 19.30,4416
12/11/2024 19.45,4608
12/11/2024 20.00,4248
12/11/2024 20.15,4302
12/11/2024 20.30,4206
12/11/2024 20.45,4236
12/11/2024 21.00,3954
12/11/2024 21.15,4428
12/11/2024 21.30,4194
12/11/2024 21.45,4086
12/11/2024 22.00,4164
12/11/2024 22.15,4320
12/11/2024 22.30,4482
12/11/2024 22.45,4428
12/11/2024 23.00,4236
12/11/2024 23.15,4374
12/11/2024 23.30,4416
12/11/2024 23.45,4368
13/11/2024 00.00,4698
13/11/2024 00.15,4716
13/11/2024 00.30,4572
13/11/2024 00.45,4020
13/11/2024 01.00,4230
13/11/2024 01.15,4530
13/11/2024 01.30,4470
13/11/2024 01.45,4062
13/11/2024 02.00,4140
13/11/2024 02.15,4374
13/11/2024 02.30,4344
13/11/2024 02.45,4284
13/11/2024 03.00,4452
13/11/2024 03.15,4464
13/11/2024 03.30,4302
13/11/2024 03.45,3780
13/11/2024 04.00,4278
13/11/2024 04.15,4398
13/11/2024 04.30,4380
13/11/2024 04.45,4530
13/11/2024 05.00,4416
13/11/2024 05.15,4518
13/11/2024 05.30,4524
13/11/2024 05.45,4068
13/11/2024 06.00,3804
13/11/2024 06.15,4290
13/11/2024 06.30,4296
13/11/2024 06.45,4338
13/11/2024 07.00,4044
13/11/2024 07.15,3918
13/11/2024 07.30,3906
13/11/2024 07.45,3438
13/11/2024 08.00,3246
13/11/2024 08.15,3636
13/11/2024 08.30,3240
13/11/2024 08.45,3348
13/11/2024 09.00,3348
13/11/2024 09.15,2688
13/11/2024 09.30,2850
13/11/2024 09.45,2292
13/11/2024 10.00,1974
13/11/2024 10.15,1992
13/11/2024 10.30,2532
13/11/2024 10.45,2364
13/11/2024 11.00,2280
13/11/2024 11.15,2262
13/11/2024 11.30,2808
13/11/2024 11.45,2334
13/11/2024 12.00,1788
13/11/2024 12.15,1998
13/11/2024 12.30,2130
13/11/2024 12.45,1968
13/11/2024 13.00,2592
13/11/2024 13.15,2886
13/11/2024 13.30,3036
13/11/2024 13.45,2604
13/11/2024 14.00,2670
13/11/2024 14.15,3324
13/11/2024 14.30,3414
13/11/2024 14.45,3216
13/11/2024 15.00,3300
13/11/2024 15.15,3378
13/11/2024 15.30,3396
13/11/2024 15.45,3288
13/11/2024 16.00,3564
13/11/2024 16.15,2520
13/11/2024 16.30,2568
13/11/2024 16.45,3306
13/11/2024 17.00,3372
13/11/2024 17.15,3948
13/11/2024 17.30,4032
13/11/2024 17.45,4590
13/11/2024 18.00,4650
13/11/2024 18.15,4590
13/11/2024 18.30,4644
13/11/2024 18.45,4488
13/11/2024 19.00,4308
13/11/2024 19.15,4236
13/11/2024 19.30,4356
13/11/2024 19.45,4002
13/11/2024 20.00,3792
13/11/2024 20.15,4398
13/11/2024 20.30,4908
13/11/2024 20.45,4788
13/11/2024 21.00,4620
13/11/2024 21.15,4248
13/11/2024 21.30,4146
13/11/2024 21.45,4452
13/11/2024 22.00,4716
13/11/2024 22.15,4524
13/11/2024 22.30,4320
13/11/2024 22.45,4416
13/11/2024 23.00,4188
13/11/2024 23.15,4332
13/11/2024 23.30,4356
13/11/2024 23.45,3996
14/11/2024 00.00,3420
14/11/2024 00.15,3672
14/11/2024 00.30,3774
14/11/2024 00.45,4026
14/11/2024 01.00,4008
14/11/2024 01.15,4110
14/11/2024 01.30,4140
14/11/2024 01.45,3990
14/11/2024 02.00,3852
14/11/2024 02.15,3552
14/11/2024 02.30,3468
14/11/2024 02.45,3720
14/11/2024 03.00,3984
14/11/2024 03.15,4176
14/11/2024 03.30,4176
14/11/2024 03.45,4158
14/11/2024 04.00,4422
14/11/2024 04.15,4092
14/11/2024 04.30,3570
14/11/2024 04.45,4038
14/11/2024 05.00,4266
14/11/2024 05.15,4122
14/11/2024 05.30,4038
14/11/2024 05.45,4356
14/11/2024 06.00,4272
14/11/2024 06.15,4488
14/11/2024 06.30,4428
14/11/2024 06.45,4428
14/11/2024 07.00,4680
14/11/2024 07.15,4668
14/11/2024 07.30,4626
14/11/2024 07.45,3108
14/11/2024 08.00,3066
14/11/2024 08.15,3168
14/11/2024 08.30,3342
14/11/2024 08.45,2808
14/11/2024 09.00,2814
14/11/2024 09.15,3054
14/11/2024 09.30,3162
14/11/2024 09.45,2838
14/11/2024 10.00,2604
14/11/2024 10.15,1998
14/11/2024 10.30,2652
14/11/2024 10.45,2604
14/11/2024 11.00,2994
14/11/2024 11.15,3048
14/11/2024 11.30,3222
14/11/2024 11.45,3474
14/11/2024 12.00,2796
14/11/2024 12.15,3270
14/11/2024 12.30,4092
14/11/2024 12.45,3888
14/11/2024 13.00,3708
14/11/2024 13.15,3750
14/11/2024 13.30,3774
14/11/2024 13.45,3246
14/11/2024 14.00,2112
14/11/2024 14.15,1530
14/11/2024 14.30,2028
14/11/2024 14.45,2574
14/11/2024 15.00,2706
14/11/2024 15.15,3276
14/11/2024 15.30,2904
14/11/2024 15.45,2916
14/11/2024 16.00,3054
14/11/2024 16.15,3696
14/11/2024 16.30,3888
14/11/2024 16.45,3954
14/11/2024 17.00,4068
14/11/2024 17.15,4572
14/11/2024 17.30,4554
14/11/2024 17.45,4608
14/11/2024 18.00,4446
14/11/2024 18.15,4692
14/11/2024 18.30,4530
14/11/2024 18.45,4554
14/11/2024 19.00,4740
14/11/2024 19.15,4752
14/11/2024 19.30,4650
14/11/2024 19.45,4140
14/11/2024 20.00,3342
14/11/2024 20.15,3858
14/11/2024 20.30,4038
14/11/2024 20.45,3840
14/11/2024 21.00,3828
14/11/2024 21.15,4404
14/11/2024 21.30,4416
14/11/2024 21.45,4164
14/11/2024 22.00,4014
14/11/2024 22.15,4434
14/11/2024 22.30,4368
14/11/2024 22.45,3936
14/11/2024 23.00,4176
14/11/2024 23.15,3918
14/11/2024 23.30,4152
14/11/2024 23.45,4266
15/11/2024 00.00,4554
15/11/2024 00.15,4296
15/11/2024 00.30,4548
15/11/2024 00.45,4362
15/11/2024 01.00,4656
15/11/2024 01.15,4692
15/11/2024 01.30,4236
15/11/2024 01.45,4170
15/11/2024 02.00,4176
15/11/2024 02.15,4254
15/11/2024 02.30,3924
15/11/2024 02.45,3882
15/11/2024 03.00,3744
15/11/2024 03.15,3570
15/11/2024 03.30,4230
15/11/2024 03.45,4248
15/11/2024 04.00,4278
15/11/2024 04.15,4254
15/11/2024 04.30,4236
15/11/2024 04.45,4224
15/11/2024 05.00,4464
15/11/2024 05.15,3990
15/11/2024 05.30,4380
15/11/2024 05.45,4362
15/11/2024 06.00,3996
15/11/2024 06.15,2952
15/11/2024 06.30,2280
15/11/2024 06.45,1872
15/11/2024 07.00,1734
15/11/2024 07.15,1560
15/11/2024 07.30,1248
15/11/2024 07.45,798
15/11/2024 08.00,588
15/11/2024 08.15,120
15/11/2024 08.30,6
15/11/2024 08.45,12
15/11/2024 09.00,18
15/11/2024 09.15,12
15/11/2024 09.30,12
15/11/2024 09.45,0
15/11/2024 10.00,0
15/11/2024 10.15,0
15/11/2024 10.30,0
15/11/2024 10.45,42
15/11/2024 11.00,24
15/11/2024 11.15,6
15/11/2024 11.30,0
15/11/2024 11.45,6
15/11/2024 12.00,0
15/11/2024 12.15,12
15/11/2024 12.30,24
15/11/2024 12.45,0
15/11/2024 13.00,0
15/11/2024 13.15,12
15/11/2024 13.30,12
15/11/2024 13.45,18
15/11/2024 14.00,12
15/11/2024 14.15,12
15/11/2024 14.30,12
15/11/2024 14.45,6
15/11/2024 15.00,12
15/11/2024 15.15,18
15/11/2024 15.30,132
15/11/2024 15.45,84
15/11/2024 16.00,216
15/11/2024 16.15,516
15/11/2024 16.30,576
15/11/2024 16.45,306
15/11/2024 17.00,252
15/11/2024 17.15,324
15/11/2024 17.30,348
15/11/2024 17.45,312
15/11/2024 18.00,282
15/11/2024 18.15,306
15/11/2024 18.30,300
15/11/2024 18.45,312
15/11/2024 19.00,348
15/11/2024 19.15,222
15/11/2024 19.30,210
15/11/2024 19.45,222
15/11/2024 20.00,228
15/11/2024 20.15,240
15/11/2024 20.30,270
15/11/2024 20.45,264
15/11/2024 21.00,270
15/11/2024 21.15,264
15/11/2024 21.30,264
15/11/2024 21.45,294
15/11/2024 22.00,336
15/11/2024 22.15,390
15/11/2024 22.30,444
15/11/2024 22.45,474
15/11/2024 23.00,444
15/11/2024 23.15,480
15/11/2024 23.30,480
15/11/2024 23.45,474
16/11/2024 00.00,474
16/11/2024 00.15,456
16/11/2024 00.30,450
16/11/2024 00.45,444
16/11/2024 01.00,438
16/11/2024 01.15,444
16/11/2024 01.30,420
16/11/2024 01.45,420
16/11/2024 02.00,438
16/11/2024 02.15,444
16/11/2024 02.30,450
16/11/2024 02.45,474
16/11/2024 03.00,492
16/11/2024 03.15,528
16/11/2024 03.30,510
16/11/2024 03.45,516
16/11/2024 04.00,504
16/11/2024 04.15,552
16/11/2024 04.30,618
16/11/2024 04.45,600
16/11/2024 05.00,558
16/11/2024 05.15,552
16/11/2024 05.30,546
16/11/2024 05.45,558
16/11/2024 06.00,588
16/11/2024 06.15,816
16/11/2024 06.30,1152
16/11/2024 06.45,1398
16/11/2024 07.00,1338
16/11/2024 07.15,1548
16/11/2024 07.30,1584
16/11/2024 07.45,1620
16/11/2024 08.00,1512
16/11/2024 08.15,2040
16/11/2024 08.30,2244
16/11/2024 08.45,2472
16/11/2024 09.00,2952
16/11/2024 09.15,2346
16/11/2024 09.30,2544
16/11/2024 09.45,2664
16/11/2024 10.00,2412
16/11/2024 10.15,2184
16/11/2024 10.30,2010
16/11/2024 10.45,2220
16/11/2024 11.00,2454
16/11/2024 11.15,2364
16/11/2024 11.30,2172
16/11/2024 11.45,1470
16/11/2024 12.00,1440
16/11/2024 12.15,1554
16/11/2024 12.30,2496
16/11/2024 12.45,2484
16/11/2024 13.00,2118
16/11/2024 13.15,2220
16/11/2024 13.30,2154
16/11/2024 13.45,1674
16/11/2024 14.00,1590
16/11/2024 14.15,1770
16/11/2024 14.30,2172
16/11/2024 14.45,2136
16/11/2024 15.00,2358
16/11/2024 15.15,2622
16/11/2024 15.30,3132
16/11/2024 15.45,3252
16/11/2024 16.00,3246
16/11/2024 16.15,3222
16/11/2024 16.30,3312
16/11/2024 16.45,3192
16/11/2024 17.00,3618
16/11/2024 17.15,3780
16/11/2024 17.30,3948
16/11/2024 17.45,4290
16/11/2024 18.00,4476
16/11/2024 18.15,4356
16/11/2024 18.30,4554
16/11/2024 18.45,4344
16/11/2024 19.00,4344
16/11/2024 19.15,4500
16/11/2024 19.30,4008
16/11/2024 19.45,3540
16/11/2024 20.00,3300
16/11/2024 20.15,3606
16/11/2024 20.30,4212
16/11/2024 20.45,4572
16/11/2024 21.00,4434
16/11/2024 21.15,4704
16/11/2024 21.30,4752
16/11/2024 21.45,4524
16/11/2024 22.00,3954
16/11/2024 22.15,3606
16/11/2024 22.30,3672
16/11/2024 22.45,4050
16/11/2024 23.00,4014
16/11/2024 23.15,3948
16/11/2024 23.30,3696
16/11/2024 23.45,4218
17/11/2024 00.00,3642
17/11/2024 00.15,4170
17/11/2024 00.30,4530
17/11/2024 00.45,4476
17/11/2024 01.00,4116
17/11/2024 01.15,4392
17/11/2024 01.30,3708
17/11/2024 01.45,3828
17/11/2024 02.00,3756
17/11/2024 02.15,4092
17/11/2024 02.30,3888
17/11/2024 02.45,4062
17/11/2024 03.00,4164
17/11/2024 03.15,3960
17/11/2024 03.30,3780
17/11/2024 03.45,3540
17/11/2024 04.00,3912
17/11/2024 04.15,4014
17/11/2024 04.30,4590
17/11/2024 04.45,4356
17/11/2024 05.00,4404
17/11/2024 05.15,3996
17/11/2024 05.30,4548
17/11/2024 05.45,4416
17/11/2024 06.00,4416
17/11/2024 06.15,4548
17/11/2024 06.30,3744
17/11/2024 06.45,3720
17/11/2024 07.00,4044
17/11/2024 07.15,4074
17/11/2024 07.30,3876
17/11/2024 07.45,3372
17/11/2024 08.00,2808
17/11/2024 08.15,2652
17/11/2024 08.30,2274
17/11/2024 08.45,3024
17/11/2024 09.00,2874
17/11/2024 09.15,2688
17/11/2024 09.30,2262
17/11/2024 09.45,2124
17/11/2024 10.00,2322
17/11/2024 10.15,1932
17/11/2024 10.30,1416
17/11/2024 10.45,1938
17/11/2024 11.00,2214
17/11/2024 11.15,1830
17/11/2024 11.30,1794
17/11/2024 11.45,1866
17/11/2024 12.00,1458
17/11/2024 12.15,1644
17/11/2024 12.30,1746
17/11/2024 12.45,2850
17/11/2024 13.00,2904
17/11/2024 13.15,3684
17/11/2024 13.30,2694
17/11/2024 13.45,2328
17/11/2024 14.00,2682
17/11/2024 14.15,2808
17/11/2024 14.30,2832
17/11/2024 14.45,2928
17/11/2024 15.00,2766
17/11/2024 15.15,3468
17/11/2024 15.30,3846
17/11/2024 15.45,3624
17/11/2024 16.00,3180
17/11/2024 16.15,3252
17/11/2024 16.30,3144
17/11/2024 16.45,3168
17/11/2024 17.00,3336
17/11/2024 17.15,4032
17/11/2024 17.30,4362
17/11/2024 17.45,4434
17/11/2024 18.00,3912
17/11/2024 18.15,4434
17/11/2024 18.30,4266
17/11/2024 18.45,4284
17/11/2024 19.00,4332
17/11/2024 19.15,4152
17/11/2024 19.30,4440
17/11/2024 19.45,4314
17/11/2024 20.00,2982
17/11/2024 20.15,3636
17/11/2024 20.30,4362
17/11/2024 20.45,4332
17/11/2024 21.00,4422
17/11/2024 21.15,4416
17/11/2024 21.30,3996
17/11/2024 21.45,4026
17/11/2024 22.00,4482
17/11/2024 22.15,4458
17/11/2024 22.30,4374
17/11/2024 22.45,4290
17/11/2024 23.00,3774
17/11/2024 23.15,4206
17/11/2024 23.30,4218
17/11/2024 23.45,4692
18/11/2024 00.00,4608
18/11/2024 00.15,3804
18/11/2024 00.30,3732
18/11/2024 00.45,3942
18/11/2024 01.00,4368
18/11/2024 01.15,4380
18/11/2024 01.30,4344
18/11/2024 01.45,4530
18/11/2024 02.00,3864
18/11/2024 02.15,3588
18/11/2024 02.30,3336
18/11/2024 02.45,3828
18/11/2024 03.00,4146
18/11/2024 03.15,4038
18/11/2024 03.30,3912
18/11/2024 03.45,3408
18/11/2024 04.00,3456
18/11/2024 04.15,3420
18/11/2024 04.30,3420
18/11/2024 04.45,2964
18/11/2024 05.00,2928
18/11/2024 05.15,2838
18/11/2024 05.30,3408
18/11/2024 05.45,3636
18/11/2024 06.00,4422
18/11/2024 06.15,4326
18/11/2024 06.30,4140
18/11/2024 06.45,3732
18/11/2024 07.00,3564
18/11/2024 07.15,3426
18/11/2024 07.30,2964
18/11/2024 07.45,3180
18/11/2024 08.00,1866
18/11/2024 08.15,2424
18/11/2024 08.30,2316
18/11/2024 08.45,2544
18/11/2024 09.00,2904
18/11/2024 09.15,2886
18/11/2024 09.30,2250
18/11/2024 09.45,2226
18/11/2024 10.00,1908
18/11/2024 10.15,2070
18/11/2024 10.30,1992
18/11/2024 10.45,1704
18/11/2024 11.00,2190
18/11/2024 11.15,2076
18/11/2024 11.30,2070
18/11/2024 11.45,2052
18/11/2024 12.00,2100
18/11/2024 12.15,2118
18/11/2024 12.30,1758
18/11/2024 12.45,1698
18/11/2024 13.00,1980
18/11/2024 13.15,2448
18/11/2024 13.30,2928
18/11/2024 13.45,2586
18/11/2024 14.00,2652
18/11/2024 14.15,3012
18/11/2024 14.30,3402
18/11/2024 14.45,2976
18/11/2024 15.00,3042
18/11/2024 15.15,3078
18/11/2024 15.30,2538
18/11/2024 15.45,2802
18/11/2024 16.00,3036
18/11/2024 16.15,3588
18/11/2024 16.30,4152
18/11/2024 16.45,4410
18/11/2024 17.00,4446
18/11/2024 17.15,4584
18/11/2024 17.30,4536
18/11/2024 17.45,4524
18/11/2024 18.00,4464
18/11/2024 18.15,4812
18/11/2024 18.30,4674
18/11/2024 18.45,4584
18/11/2024 19.00,4374
18/11/2024 19.15,4620
18/11/2024 19.30,4146
18/11/2024 19.45,3240
18/11/2024 20.00,3312
18/11/2024 20.15,4176
18/11/2024 20.30,4668
18/11/2024 20.45,4506
18/11/2024 21.00,4788
18/11/2024 21.15,4656
18/11/2024 21.30,4842
18/11/2024 21.45,4488
18/11/2024 22.00,4176
18/11/2024 22.15,4182
18/11/2024 22.30,4260
18/11/2024 22.45,4308
18/11/2024 23.00,4092
18/11/2024 23.15,4356
18/11/2024 23.30,3972
18/11/2024 23.45,3852
19/11/2024 00.00,3498
19/11/2024 00.15,4446
19/11/2024 00.30,4290
19/11/2024 00.45,4722
19/11/2024 01.00,4746
19/11/2024 01.15,4098
19/11/2024 01.30,4302
19/11/2024 01.45,4290
19/11/2024 02.00,4206
19/11/2024 02.15,4260
19/11/2024 02.30,4140
19/11/2024 02.45,4242
19/11/2024 03.00,4314
19/11/2024 03.15,4362
19/11/2024 03.30,4656
19/11/2024 03.45,4476
19/11/2024 04.00,4014
19/11/2024 04.15,3876
19/11/2024 04.30,4368
19/11/2024 04.45,4554
19/11/2024 05.00,4530
19/11/2024 05.15,4356
19/11/2024 05.30,4326
19/11/2024 05.45,4416
19/11/2024 06.00,3990
19/11/2024 06.15,4212
19/11/2024 06.30,3906
19/11/2024 06.45,3828
19/11/2024 07.00,3828
19/11/2024 07.15,3942
19/11/2024 07.30,3642
19/11/2024 07.45,2544
19/11/2024 08.00,2124
19/11/2024 08.15,2988
19/11/2024 08.30,3360
19/11/2024 08.45,3204
19/11/2024 09.00,2352
19/11/2024 09.15,2232
19/11/2024 09.30,2478
19/11/2024 09.45,2826
19/11/2024 10.00,2418
19/11/2024 10.15,2112
19/11/2024 10.30,2298
19/11/2024 10.45,2112
19/11/2024 11.00,2112
19/11/2024 11.15,1524
19/11/2024 11.30,1908
19/11/2024 11.45,1482
19/11/2024 12.00,1380
19/11/2024 12.15,1434
19/11/2024 12.30,2742
19/11/2024 12.45,2136
19/11/2024 13.00,2100
19/11/2024 13.15,2508
19/11/2024 13.30,2748
19/11/2024 13.45,2352
19/11/2024 14.00,2346
19/11/2024 14.15,3066
19/11/2024 14.30,2646
19/11/2024 14.45,2598
19/11/2024 15.00,2922
19/11/2024 15.15,2964
19/11/2024 15.30,3312
19/11/2024 15.45,3942
19/11/2024 16.00,4476
19/11/2024 16.15,4416
19/11/2024 16.30,3720
19/11/2024 16.45,3810
19/11/2024 17.00,4380
19/11/2024 17.15,4716
19/11/2024 17.30,4698
19/11/2024 17.45,4692
19/11/2024 18.00,4668
19/11/2024 18.15,4446
19/11/2024 18.30,4248
19/11/2024 18.45,4680
19/11/2024 19.00,4440
19/11/2024 19.15,4734
19/11/2024 19.30,4524
19/11/2024 19.45,3852
19/11/2024 20.00,3540
19/11/2024 20.15,4194
19/11/2024 20.30,4404
19/11/2024 20.45,4260
19/11/2024 21.00,4866
19/11/2024 21.15,4368
19/11/2024 21.30,3510
19/11/2024 21.45,3408
19/11/2024 22.00,3660
19/11/2024 22.15,3822
19/11/2024 22.30,4194
19/11/2024 22.45,4254
19/11/2024 23.00,3864
19/11/2024 23.15,3768
19/11/2024 23.30,3738
19/11/2024 23.45,4068
20/11/2024 00.00,4650
20/11/2024 00.15,4398
20/11/2024 00.30,4116
20/11/2024 00.45,4620
20/11/2024 01.00,4344
20/11/2024 01.15,4476
20/11/2024 01.30,3966
20/11/2024 01.45,4128
20/11/2024 02.00,4188
20/11/2024 02.15,4266
20/11/2024 02.30,4212
20/11/2024 02.45,4266
20/11/2024 03.00,4158
20/11/2024 03.15,4224
20/11/2024 03.30,4068
20/11/2024 03.45,4134
20/11/2024 04.00,3756
20/11/2024 04.15,4158
20/11/2024 04.30,4488
20/11/2024 04.45,4440
20/11/2024 05.00,4284
20/11/2024 05.15,4632
20/11/2024 05.30,4572
20/11/2024 05.45,4164
20/11/2024 06.00,3594
20/11/2024 06.15,3762
20/11/2024 06.30,3660
20/11/2024 06.45,3420
20/11/2024 07.00,3162
20/11/2024 07.15,2952
20/11/2024 07.30,2442
20/11/2024 07.45,2070
20/11/2024 08.00,2220
20/11/2024 08.15,2028
20/11/2024 08.30,1434
20/11/2024 08.45,1302
20/11/2024 09.00,1638
20/11/2024 09.15,1686
20/11/2024 09.30,1506
20/11/2024 09.45,1524
20/11/2024 10.00,1464
20/11/2024 10.15,1404
20/11/2024 10.30,1038
20/11/2024 10.45,918
20/11/2024 11.00,1332
20/11/2024 11.15,1428
20/11/2024 11.30,1272
20/11/2024 11.45,1242
20/11/2024 12.00,1374
20/11/2024 12.15,1392
20/11/2024 12.30,1320
20/11/2024 12.45,840
20/11/2024 13.00,1038
20/11/2024 13.15,1272
20/11/2024 13.30,1554
20/11/2024 13.45,1560
20/11/2024 14.00,1644
20/11/2024 14.15,1734
20/11/2024 14.30,2040
20/11/2024 14.45,1968
20/11/2024 15.00,1638
20/11/2024 15.15,1620
20/11/2024 15.30,1770
20/11/2024 15.45,1770
20/11/2024 16.00,1896
20/11/2024 16.15,1920
20/11/2024 16.30,1974
20/11/2024 16.45,1932
20/11/2024 17.00,2094
20/11/2024 17.15,2124
20/11/2024 17.30,2160
20/11/2024 17.45,1830
20/11/2024 18.00,2058
20/11/2024 18.15,2358
20/11/2024 18.30,2358
20/11/2024 18.45,2310
20/11/2024 19.00,2262
20/11/2024 19.15,2292
20/11/2024 19.30,2190
20/11/2024 19.45,2040
20/11/2024 20.00,2082
20/11/2024 20.15,2352
20/11/2024 20.30,2304
20/11/2024 20.45,2418
20/11/2024 21.00,2712
20/11/2024 21.15,2808
20/11/2024 21.30,2748
20/11/2024 21.45,2634
20/11/2024 22.00,2790
20/11/2024 22.15,2814
20/11/2024 22.30,2844
20/11/2024 22.45,2628
20/11/2024 23.00,2244
20/11/2024 23.15,2256
20/11/2024 23.30,2106
20/11/2024 23.45,2382
21/11/2024 00.00,2532
21/11/2024 00.15,2724
21/11/2024 00.30,2796
21/11/2024 00.45,2904
21/11/2024 01.00,2904
21/11/2024 01.15,2940
21/11/2024 01.30,2598
21/11/2024 01.45,2304
21/11/2024 02.00,2352
21/11/2024 02.15,2520
21/11/2024 02.30,2886
21/11/2024 02.45,2910
21/11/2024 03.00,2766
21/11/2024 03.15,2772
21/11/2024 03.30,2760
21/11/2024 03.45,2850
21/11/2024 04.00,2652
21/11/2024 04.15,2628
21/11/2024 04.30,2238
21/11/2024 04.45,2598
21/11/2024 05.00,2790
21/11/2024 05.15,2754
21/11/2024 05.30,2772
21/11/2024 05.45,2826
21/11/2024 06.00,2826
21/11/2024 06.15,2886
21/11/2024 06.30,2694
21/11/2024 06.45,2742
21/11/2024 07.00,2724
21/11/2024 07.15,2616
21/11/2024 07.30,2466
21/11/2024 07.45,1788
21/11/2024 08.00,1740
21/11/2024 08.15,2760
21/11/2024 08.30,3102
21/11/2024 08.45,3018
21/11/2024 09.00,2766
21/11/2024 09.15,2682
21/11/2024 09.30,2454
21/11/2024 09.45,2058
21/11/2024 10.00,2058
21/11/2024 10.15,1878
21/11/2024 10.30,1908
21/11/2024 10.45,2100
21/11/2024 11.00,2016
21/11/2024 11.15,1950
21/11/2024 11.30,1830
21/11/2024 11.45,1644
21/11/2024 12.00,1674
21/11/2024 12.15,1884
21/11/2024 12.30,2160
21/11/2024 12.45,1956
21/11/2024 13.00,2214
21/11/2024 13.15,2418
21/11/2024 13.30,2982
21/11/2024 13.45,3240
21/11/2024 14.00,3228
21/11/2024 14.15,3264
21/11/2024 14.30,2658
21/11/2024 14.45,2886
21/11/2024 15.00,2922
21/11/2024 15.15,3810
21/11/2024 15.30,3360
21/11/2024 15.45,3420
21/11/2024 16.00,4008
21/11/2024 16.15,4230
21/11/2024 16.30,4434
21/11/2024 16.45,4356
21/11/2024 17.00,4104
21/11/2024 17.15,4290
21/11/2024 17.30,4122
21/11/2024 17.45,4200
21/11/2024 18.00,4644
21/11/2024 18.15,4608
21/11/2024 18.30,4596
21/11/2024 18.45,4482
21/11/2024 19.00,4116
21/11/2024 19.15,4476
21/11/2024 19.30,4566
21/11/2024 19.45,4164
21/11/2024 20.00,3486
21/11/2024 20.15,4446
21/11/2024 20.30,4464
21/11/2024 20.45,4332
21/11/2024 21.00,4254
21/11/2024 21.15,4128
21/11/2024 21.30,4428
21/11/2024 21.45,4560
21/11/2024 22.00,4542
21/11/2024 22.15,4626
21/11/2024 22.30,4656
21/11/2024 22.45,4512
21/11/2024 23.00,4428
21/11/2024 23.15,4320
21/11/2024 23.30,4380
21/11/2024 23.45,4242
22/11/2024 00.00,4164
22/11/2024 00.15,4308
22/11/2024 00.30,4440
22/11/2024 00.45,4500
22/11/2024 01.00,4230
22/11/2024 01.15,4464
22/11/2024 01.30,4464
22/11/2024 01.45,4476
22/11/2024 02.00,4698
22/11/2024 02.15,4464
22/11/2024 02.30,4146
22/11/2024 02.45,4314
22/11/2024 03.00,4218
22/11/2024 03.15,4116
22/11/2024 03.30,3936
22/11/2024 03.45,4164
22/11/2024 04.00,3996
22/11/2024 04.15,3882
22/11/2024 04.30,4158
22/11/2024 04.45,4494
22/11/2024 05.00,4446
22/11/2024 05.15,4392
22/11/2024 05.30,4416
22/11/2024 05.45,3408
22/11/2024 06.00,2610
22/11/2024 06.15,2850
22/11/2024 06.30,2952
22/11/2024 06.45,2808
22/11/2024 07.00,2604
22/11/2024 07.15,2124
22/11/2024 07.30,1272
22/11/2024 07.45,1230
22/11/2024 08.00,798
22/11/2024 08.15,1080
22/11/2024 08.30,1068
22/11/2024 08.45,942
22/11/2024 09.00,990
22/11/2024 09.15,786
22/11/2024 09.30,1014
22/11/2024 09.45,1236
22/11/2024 10.00,1302
22/11/2024 10.15,1068
22/11/2024 10.30,1032
22/11/2024 10.45,984
22/11/2024 11.00,846
22/11/2024 11.15,1110
22/11/2024 11.30,1026
22/11/2024 11.45,840
22/11/2024 12.00,498
22/11/2024 12.15,738
22/11/2024 12.30,804
22/11/2024 12.45,822
22/11/2024 13.00,1134
22/11/2024 13.15,1206
22/11/2024 13.30,1140
22/11/2024 13.45,1164
22/11/2024 14.00,1266
22/11/2024 14.15,1032
22/11/2024 14.30,1128
22/11/2024 14.45,966
22/11/2024 15.00,1152
22/11/2024 15.15,1524
22/11/2024 15.30,1410
22/11/2024 15.45,1542
22/11/2024 16.00,1584
22/11/2024 16.15,1956
22/11/2024 16.30,1668
22/11/2024 16.45,1704
22/11/2024 17.00,1740
22/11/2024 17.15,1734
22/11/2024 17.30,1728
22/11/2024 17.45,1788
22/11/2024 18.00,1926
22/11/2024 18.15,2088
22/11/2024 18.30,2112
22/11/2024 18.45,2070
22/11/2024 19.00,2118
22/11/2024 19.15,2166
22/11/2024 19.30,2178
22/11/2024 19.45,2064
22/11/2024 20.00,2070
22/11/2024 20.15,2268
22/11/2024 20.30,2226
22/11/2024 20.45,2412
22/11/2024 21.00,2376
22/11/2024 21.15,2310
22/11/2024 21.30,2298
22/11/2024 21.45,1716
22/11/2024 22.00,1992
22/11/2024 22.15,2130
22/11/2024 22.30,2124
22/11/2024 22.45,2040
22/11/2024 23.00,1902
22/11/2024 23.15,1992
22/11/2024 23.30,1908
22/11/2024 23.45,2106
23/11/2024 00.00,2298
23/11/2024 00.15,2262
23/11/2024 00.30,1920
23/11/2024 00.45,2064
23/11/2024 01.00,2124
23/11/2024 01.15,2094
23/11/2024 01.30,2106
23/11/2024 01.45,1854
23/11/2024 02.00,1932
23/11/2024 02.15,2070
23/11/2024 02.30,2160
23/11/2024 02.45,2112
23/11/2024 03.00,1938
23/11/2024 03.15,1920
23/11/2024 03.30,1908
23/11/2024 03.45,1920
23/11/2024 04.00,1578
23/11/2024 04.15,1926
23/11/2024 04.30,2088
23/11/2024 04.45,2244
23/11/2024 05.00,2226
23/11/2024 05.15,2280
23/11/2024 05.30,2166
23/11/2024 05.45,1800
23/11/2024 06.00,2448
23/11/2024 06.15,2904
23/11/2024 06.30,2724
23/11/2024 06.45,2580
23/11/2024 07.00,2550
23/11/2024 07.15,2574
23/11/2024 07.30,2640
23/11/2024 07.45,2346
23/11/2024 08.00,1992
23/11/2024 08.15,2178
23/11/2024 08.30,2124
23/11/2024 08.45,1980
23/11/2024 09.00,2652
23/11/2024 09.15,2640
23/11/2024 09.30,2424
23/11/2024 09.45,2412
23/11/2024 10.00,2256
23/11/2024 10.15,2148
23/11/2024 10.30,2016
23/11/2024 10.45,2070
23/11/2024 11.00,2364
23/11/2024 11.15,2214
23/11/2024 11.30,2280
23/11/2024 11.45,2220
23/11/2024 12.00,1782
23/11/2024 12.15,2034
23/11/2024 12.30,2052
23/11/2024 12.45,2346
23/11/2024 13.00,3324
23/11/2024 13.15,3294
23/11/2024 13.30,2850
23/11/2024 13.45,2994
23/11/2024 14.00,2982
23/11/2024 14.15,3060
23/11/2024 14.30,2892
23/11/2024 14.45,2790
23/11/2024 15.00,3264
23/11/2024 15.15,3360
23/11/2024 15.30,2784
23/11/2024 15.45,3408
23/11/2024 16.00,4014
23/11/2024 16.15,4260
23/11/2024 16.30,4536
23/11/2024 16.45,4356
23/11/2024 17.00,4194
23/11/2024 17.15,3798
23/11/2024 17.30,4194
23/11/2024 17.45,4488
23/11/2024 18.00,4380
23/11/2024 18.15,4494
23/11/2024 18.30,4704
23/11/2024 18.45,4746
23/11/2024 19.00,4596
23/11/2024 19.15,4332
23/11/2024 19.30,4248
23/11/2024 19.45,3444
23/11/2024 20.00,3252
23/11/2024 20.15,4020
23/11/2024 20.30,4254
23/11/2024 20.45,4164
23/11/2024 21.00,4014
23/11/2024 21.15,4770
23/11/2024 21.30,4668
23/11/2024 21.45,4674
23/11/2024 22.00,3996
23/11/2024 22.15,3846
23/11/2024 22.30,3906
23/11/2024 22.45,4134
23/11/2024 23.00,4074
23/11/2024 23.15,4314
23/11/2024 23.30,4308
23/11/2024 23.45,4050
24/11/2024 00.00,4146
24/11/2024 00.15,4776
24/11/2024 00.30,4776
24/11/2024 00.45,4734
24/11/2024 01.00,4296
24/11/2024 01.15,4128
24/11/2024 01.30,4302
24/11/2024 01.45,4428
24/11/2024 02.00,4458
24/11/2024 02.15,4518
24/11/2024 02.30,4626
24/11/2024 02.45,3756
24/11/2024 03.00,3636
24/11/2024 03.15,4152
24/11/2024 03.30,4584
24/11/2024 03.45,4344
24/11/2024 04.00,4272
24/11/2024 04.15,4476
24/11/2024 04.30,4296
24/11/2024 04.45,4074
24/11/2024 05.00,4212
24/11/2024 05.15,4350
24/11/2024 05.30,4530
24/11/2024 05.45,4410
24/11/2024 06.00,3948
24/11/2024 06.15,4236
24/11/2024 06.30,4572
24/11/2024 06.45,4416
24/11/2024 07.00,4470
24/11/2024 07.15,3846
24/11/2024 07.30,3192
24/11/2024 07.45,2436
24/11/2024 08.00,2094
24/11/2024 08.15,2748
24/11/2024 08.30,3198
24/11/2024 08.45,2940
24/11/2024 09.00,2604
24/11/2024 09.15,2808
24/11/2024 09.30,2796
24/11/2024 09.45,3324
24/11/2024 10.00,3366
24/11/2024 10.15,3294
24/11/2024 10.30,2166
24/11/2024 10.45,2472
24/11/2024 11.00,2766
24/11/2024 11.15,2820
24/11/2024 11.30,2676
24/11/2024 11.45,1854
24/11/2024 12.00,1362
24/11/2024 12.15,1428
24/11/2024 12.30,2124
24/11/2024 12.45,2568
24/11/2024 13.00,2358
24/11/2024 13.15,2898
24/11/2024 13.30,3186
24/11/2024 13.45,2742
24/11/2024 14.00,2448
24/11/2024 14.15,2772
24/11/2024 14.30,2850
24/11/2024 14.45,3228
24/11/2024 15.00,3432
24/11/2024 15.15,3588
24/11/2024 15.30,3636
24/11/2024 15.45,3636
24/11/2024 16.00,4260
24/11/2024 16.15,4446
24/11/2024 16.30,4224
24/11/2024 16.45,4506
24/11/2024 17.00,4026
24/11/2024 17.15,3768
24/11/2024 17.30,4452
24/11/2024 17.45,4296
24/11/2024 18.00,4302
24/11/2024 18.15,4452
24/11/2024 18.30,4722
24/11/2024 18.45,4800
24/11/2024 19.00,4104
24/11/2024 19.15,4314
24/11/2024 19.30,4296
24/11/2024 19.45,4002
24/11/2024 20.00,3756
24/11/2024 20.15,4500
24/11/2024 20.30,4278
24/11/2024 20.45,4608
24/11/2024 21.00,4596
24/11/2024 21.15,4740
24/11/2024 21.30,3876
24/11/2024 21.45,4140
24/11/2024 22.00,4272
24/11/2024 22.15,4026
24/11/2024 22.30,3648
24/11/2024 22.45,3768
24/11/2024 23.00,3972
24/11/2024 23.15,4290
24/11/2024 23.30,4542
24/11/2024 23.45,4470
25/11/2024 00.00,4104
25/11/2024 00.15,3996
25/11/2024 00.30,4026
25/11/2024 00.45,4296
25/11/2024 01.00,4290
25/11/2024 01.15,4224
25/11/2024 01.30,4140
25/11/2024 01.45,4020
25/11/2024 02.00,4116
25/11/2024 02.15,4164
25/11/2024 02.30,4260
25/11/2024 02.45,4248
25/11/2024 03.00,4164
25/11/2024 03.15,4122
25/11/2024 03.30,4596
25/11/2024 03.45,4740
25/11/2024 04.00,4254
25/11/2024 04.15,4362
25/11/2024 04.30,4434
25/11/2024 04.45,4320
25/11/2024 05.00,4146
25/11/2024 05.15,3576
25/11/2024 05.30,4200
25/11/2024 05.45,3822
25/11/2024 06.00,4140
25/11/2024 06.15,4074
25/11/2024 06.30,4104
25/11/2024 06.45,3828
25/11/2024 07.00,4032
25/11/2024 07.15,4176
25/11/2024 07.30,4224
25/11/2024 07.45,3696
25/11/2024 08.00,3168
25/11/2024 08.15,3870
25/11/2024 08.30,4098
25/11/2024 08.45,3882
25/11/2024 09.00,3708
25/11/2024 09.15,2742
25/11/2024 09.30,2490
25/11/2024 09.45,2508
25/11/2024 10.00,2040
25/11/2024 10.15,1800
25/11/2024 10.30,1752
25/11/2024 10.45,2400
25/11/2024 11.00,2010
25/11/2024 11.15,2082
25/11/2024 11.30,1842
25/11/2024 11.45,2514
25/11/2024 12.00,2340
25/11/2024 12.15,3108
25/11/2024 12.30,2676
25/11/2024 12.45,2592
25/11/2024 13.00,2928
25/11/2024 13.15,2748
25/11/2024 13.30,3282
25/11/2024 13.45,3294
25/11/2024 14.00,2682
25/11/2024 14.15,2928
25/11/2024 14.30,3048
25/11/2024 14.45,3300
25/11/2024 15.00,3504
25/11/2024 15.15,3810
25/11/2024 15.30,3576
25/11/2024 15.45,3858
25/11/2024 16.00,4398
25/11/2024 16.15,4536
25/11/2024 16.30,4212
25/11/2024 16.45,4194
25/11/2024 17.00,4284
25/11/2024 17.15,4272
25/11/2024 17.30,4374
25/11/2024 17.45,4602
25/11/2024 18.00,4830
25/11/2024 18.15,4674
25/11/2024 18.30,4572
25/11/2024 18.45,4146
25/11/2024 19.00,4392
25/11/2024 19.15,4386
25/11/2024 19.30,4440
25/11/2024 19.45,4164
25/11/2024 20.00,3660
25/11/2024 20.15,4032
25/11/2024 20.30,4188
25/11/2024 20.45,4650
25/11/2024 21.00,4374
25/11/2024 21.15,4266
25/11/2024 21.30,3876
25/11/2024 21.45,3462
25/11/2024 22.00,3612
25/11/2024 22.15,3684
25/11/2024 22.30,3648
25/11/2024 22.45,3876
25/11/2024 23.00,3294
25/11/2024 23.15,3606
25/11/2024 23.30,3732
25/11/2024 23.45,4122
26/11/2024 00.00,4272
26/11/2024 00.15,4170
26/11/2024 00.30,4710
26/11/2024 00.45,4710
26/11/2024 01.00,4644
26/11/2024 01.15,4494
26/11/2024 01.30,4230
26/11/2024 01.45,4188
26/11/2024 02.00,3924
26/11/2024 02.15,4068
26/11/2024 02.30,4182
26/11/2024 02.45,4146
26/11/2024 03.00,3756
26/11/2024 03.15,2988
26/11/2024 03.30,3264
26/11/2024 03.45,3510
26/11/2024 04.00,3600
26/11/2024 04.15,3546
26/11/2024 04.30,3570
26/11/2024 04.45,3642
26/11/2024 05.00,3684
26/11/2024 05.15,3846
26/11/2024 05.30,4416
26/11/2024 05.45,4314
26/11/2024 06.00,4428
26/11/2024 06.15,4404
26/11/2024 06.30,3870
26/11/2024 06.45,3918
26/11/2024 07.00,3540
26/11/2024 07.15,3240
26/11/2024 07.30,3108
26/11/2024 07.45,3054
26/11/2024 08.00,2412
26/11/2024 08.15,2724
26/11/2024 08.30,2784
26/11/2024 08.45,2664
26/11/2024 09.00,2280
26/11/2024 09.15,2796
26/11/2024 09.30,2802
26/11/2024 09.45,2934
26/11/2024 10.00,2556
26/11/2024 10.15,2076
26/11/2024 10.30,2460
26/11/2024 10.45,2328
26/11/2024 11.00,2568
26/11/2024 11.15,2376
26/11/2024 11.30,1944
26/11/2024 11.45,2178
26/11/2024 12.00,2394
26/11/2024 12.15,2412
26/11/2024 12.30,2772
26/11/2024 12.45,2670
26/11/2024 13.00,2460
26/11/2024 13.15,2634
26/11/2024 13.30,3012
26/11/2024 13.45,2874
26/11/2024 14.00,1872
26/11/2024 14.15,2094
26/11/2024 14.30,2736
26/11/2024 14.45,2838
26/11/2024 15.00,2880
26/11/2024 15.15,3228
26/11/2024 15.30,3018
26/11/2024 15.45,3450
26/11/2024 16.00,3846
26/11/2024 16.15,4278
26/11/2024 16.30,4242
26/11/2024 16.45,4224
26/11/2024 17.00,4380
26/11/2024 17.15,4548
26/11/2024 17.30,4422
26/11/2024 17.45,4488
26/11/2024 18.00,4560
26/11/2024 18.15,4650
26/11/2024 18.30,3390
26/11/2024 18.45,4350
26/11/2024 19.00,4674
26/11/2024 19.15,4554
26/11/2024 19.30,4404
26/11/2024 19.45,4284
26/11/2024 20.00,3558
26/11/2024 20.15,4098
26/11/2024 20.30,4380
26/11/2024 20.45,4086
26/11/2024 21.00,4260
26/11/2024 21.15,4572
26/11/2024 21.30,4578
26/11/2024 21.45,4476
26/11/2024 22.00,4368
26/11/2024 22.15,3924
26/11/2024 22.30,3984
26/11/2024 22.45,4206
26/11/2024 23.00,4068
26/11/2024 23.15,4518
26/11/2024 23.30,4518
26/11/2024 23.45,4350
27/11/2024 00.00,4422
27/11/2024 00.15,4254
27/11/2024 00.30,4026
27/11/2024 00.45,3504
27/11/2024 01.00,4110
27/11/2024 01.15,4404
27/11/2024 01.30,4044
27/11/2024 01.45,4008
27/11/2024 02.00,3702
27/11/2024 02.15,3840
27/11/2024 02.30,4032
27/11/2024 02.45,4086
27/11/2024 03.00,4284
27/11/2024 03.15,3960
27/11/2024 03.30,3642
27/11/2024 03.45,4164
27/11/2024 04.00,4296
27/11/2024 04.15,4296
27/11/2024 04.30,4368
27/11/2024 04.45,4338
27/11/2024 05.00,3894
27/11/2024 05.15,3996
27/11/2024 05.30,4236
27/11/2024 05.45,4236
27/11/2024 06.00,4104
27/11/2024 06.15,4128
27/11/2024 06.30,3720
27/11/2024 06.45,3192
27/11/2024 07.00,2706
27/11/2024 07.15,2454
27/11/2024 07.30,2394
27/11/2024 07.45,2118
27/11/2024 08.00,2130
27/11/2024 08.15,1494
27/11/2024 08.30,1878
27/11/2024 08.45,2004
27/11/2024 09.00,1380
27/11/2024 09.15,1494
27/11/2024 09.30,2076
27/11/2024 09.45,1830
27/11/2024 10.00,1806
27/11/2024 10.15,1956
27/11/2024 10.30,1938
27/11/2024 10.45,1872
27/11/2024 11.00,1812
27/11/2024 11.15,1752
27/11/2024 11.30,1464
27/11/2024 11.45,1476
27/11/2024 12.00,1404
27/11/2024 12.15,1296
27/11/2024 12.30,1476
27/11/2024 12.45,1416
27/11/2024 13.00,1584
27/11/2024 13.15,1464
27/11/2024 13.30,1536
27/11/2024 13.45,1518
27/11/2024 14.00,1806
27/11/2024 14.15,1272
27/11/2024 14.30,1242
27/11/2024 14.45,1560
27/11/2024 15.00,1458
27/11/2024 15.15,1824
27/11/2024 15.30,1788
27/11/2024 15.45,2172
27/11/2024 16.00,2460
27/11/2024 16.15,2076
27/11/2024 16.30,2484
27/11/2024 16.45,2658
27/11/2024 17.00,2634
27/11/2024 17.15,2736
27/11/2024 17.30,2484
27/11/2024 17.45,2028
27/11/2024 18.00,2142
27/11/2024 18.15,2172
27/11/2024 18.30,2178
27/11/2024 18.45,2556
27/11/2024 19.00,2748
27/11/2024 19.15,2460
27/11/2024 19.30,2880
27/11/2024 19.45,2892
27/11/2024 20.00,2766
27/11/2024 20.15,2814
27/11/2024 20.30,2844
27/11/2024 20.45,2820
27/11/2024 21.00,2880
27/11/2024 21.15,2760
27/11/2024 21.30,2730
27/11/2024 21.45,2766
27/11/2024 22.00,2754
27/11/2024 22.15,2880
27/11/2024 22.30,2910
27/11/2024 22.45,2826
27/11/2024 23.00,2544
27/11/2024 23.15,2850
27/11/2024 23.30,2940
27/11/2024 23.45,2976
28/11/2024 00.00,2958
28/11/2024 00.15,2778
28/11/2024 00.30,2964
28/11/2024 00.45,2844
28/11/2024 01.00,2916
28/11/2024 01.15,2820
28/11/2024 01.30,2946
28/11/2024 01.45,2958
28/11/2024 02.00,2778
28/11/2024 02.15,2868
28/11/2024 02.30,2370
28/11/2024 02.45,2400
28/11/2024 03.00,2346
28/11/2024 03.15,2370
28/11/2024 03.30,2286
28/11/2024 03.45,2256
28/11/2024 04.00,2352
28/11/2024 04.15,2418
28/11/2024 04.30,2454
28/11/2024 04.45,2256
28/11/2024 05.00,2424
28/11/2024 05.15,2400
28/11/2024 05.30,2736
28/11/2024 05.45,2760
28/11/2024 06.00,2832
28/11/2024 06.15,3018
28/11/2024 06.30,2964
28/11/2024 06.45,2358
28/11/2024 07.00,1728
28/11/2024 07.15,1548
28/11/2024 07.30,1386
28/11/2024 07.45,1260
28/11/2024 08.00,1218
28/11/2024 08.15,1296
28/11/2024 08.30,1056
28/11/2024 08.45,1248
28/11/2024 09.00,1116
28/11/2024 09.15,1056
28/11/2024 09.30,1080
28/11/2024 09.45,1104
28/11/2024 10.00,1056
28/11/2024 10.15,786
28/11/2024 10.30,882
28/11/2024 10.45,918
28/11/2024 11.00,1032
28/11/2024 11.15,1104
28/11/2024 11.30,840
28/11/2024 11.45,936
28/11/2024 12.00,924
28/11/2024 12.15,912
28/11/2024 12.30,1008
28/11/2024 12.45,936
28/11/2024 13.00,918
28/11/2024 13.15,1056
28/11/2024 13.30,1020
28/11/2024 13.45,1074
28/11/2024 14.00,1086
28/11/2024 14.15,996
28/11/2024 14.30,1056
28/11/2024 14.45,1212
28/11/2024 15.00,1344
28/11/2024 15.15,1752
28/11/2024 15.30,1728
28/11/2024 15.45,1302
28/11/2024 16.00,1482
28/11/2024 16.15,1548
28/11/2024 16.30,1536
28/11/2024 16.45,2010
28/11/2024 17.00,1896
28/11/2024 17.15,1806
28/11/2024 17.30,2016
28/11/2024 17.45,2136
28/11/2024 18.00,2244
28/11/2024 18.15,2232
28/11/2024 18.30,2082
28/11/2024 18.45,2058
28/11/2024 19.00,2208
28/11/2024 19.15,2220
28/11/2024 19.30,2268
28/11/2024 19.45,1962
28/11/2024 20.00,1572
28/11/2024 20.15,1920
28/11/2024 20.30,1878
28/11/2024 20.45,2052
28/11/2024 21.00,2226
28/11/2024 21.15,2424
28/11/2024 21.30,2358
28/11/2024 21.45,2166
28/11/2024 22.00,1896
28/11/2024 22.15,1860
28/11/2024 22.30,1830
28/11/2024 22.45,1776
28/11/2024 23.00,1938
28/11/2024 23.15,1926
28/11/2024 23.30,1848
28/11/2024 23.45,1926
29/11/2024 00.00,1884
29/11/2024 00.15,1920
29/11/2024 00.30,2232
29/11/2024 00.45,2142
29/11/2024 01.00,2352
29/11/2024 01.15,2118
29/11/2024 01.30,2136
29/11/2024 01.45,1932
29/11/2024 02.00,1998
29/11/2024 02.15,2406
29/11/2024 02.30,2220
29/11/2024 02.45,2184
29/11/2024 03.00,2256
29/11/2024 03.15,2304
29/11/2024 03.30,1962
29/11/2024 03.45,1878
29/11/2024 04.00,1890
29/11/2024 04.15,1932
29/11/2024 04.30,1890
29/11/2024 04.45,1890
29/11/2024 05.00,2040
29/11/2024 05.15,1962
29/11/2024 05.30,1788
29/11/2024 05.45,1704
29/11/2024 06.00,2004
29/11/2024 06.15,2250
29/11/2024 06.30,2214
29/11/2024 06.45,1644
29/11/2024 07.00,1584
29/11/2024 07.15,1506
29/11/2024 07.30,1464
29/11/2024 07.45,1758
29/11/2024 08.00,1584
29/11/2024 08.15,1836
29/11/2024 08.30,1584
29/11/2024 08.45,1530
29/11/2024 09.00,1392
29/11/2024 09.15,1356
29/11/2024 09.30,1500
29/11/2024 09.45,1140
29/11/2024 10.00,1140
29/11/2024 10.15,912
29/11/2024 10.30,660
29/11/2024 10.45,696
29/11/2024 11.00,798
29/11/2024 11.15,1068
29/11/2024 11.30,1248
29/11/2024 11.45,1152
29/11/2024 12.00,510
29/11/2024 12.15,852
29/11/2024 12.30,672
29/11/2024 12.45,690
29/11/2024 13.00,1128
29/11/2024 13.15,1188
29/11/2024 13.30,1020
29/11/2024 13.45,798
29/11/2024 14.00,822
29/11/2024 14.15,996
29/11/2024 14.30,960
29/11/2024 14.45,960
29/11/2024 15.00,1314
29/11/2024 15.15,1356
29/11/2024 15.30,1236
29/11/2024 15.45,1446
29/11/2024 16.00,1596
29/11/2024 16.15,1950
29/11/2024 16.30,2088
29/11/2024 16.45,2094
29/11/2024 17.00,2094
29/11/2024 17.15,2166
29/11/2024 17.30,2064
29/11/2024 17.45,1788
29/11/2024 18.00,2010
29/11/2024 18.15,2376
29/11/2024 18.30,2334
29/11/2024 18.45,2316
29/11/2024 19.00,2298
29/11/2024 19.15,2274
29/11/2024 19.30,2274
29/11/2024 19.45,1734
29/11/2024 20.00,1662
29/11/2024 20.15,2196
29/11/2024 20.30,2340
29/11/2024 20.45,2304
29/11/2024 21.00,2268
29/11/2024 21.15,2190
29/11/2024 21.30,2298
29/11/2024 21.45,1944
29/11/2024 22.00,1818
29/11/2024 22.15,1776
29/11/2024 22.30,1812
29/11/2024 22.45,1806
29/11/2024 23.00,1878
29/11/2024 23.15,2040
29/11/2024 23.30,1884
29/11/2024 23.45,2064
30/11/2024 00.00,2214
30/11/2024 00.15,2214
30/11/2024 00.30,2160
30/11/2024 00.45,2148
30/11/2024 01.00,2280
30/11/2024 01.15,2136
30/11/2024 01.30,2364
30/11/2024 01.45,2154
30/11/2024 02.00,2388
30/11/2024 02.15,2208
30/11/2024 02.30,2238
30/11/2024 02.45,1896
30/11/2024 03.00,1692
30/11/2024 03.15,1878
30/11/2024 03.30,1794
30/11/2024 03.45,1866
30/11/2024 04.00,2034
30/11/2024 04.15,2406
30/11/2024 04.30,2202
30/11/2024 04.45,2484
30/11/2024 05.00,2220
30/11/2024 05.15,2220
30/11/2024 05.30,1914
30/11/2024 05.45,1848
30/11/2024 06.00,2244
30/11/2024 06.15,2694
30/11/2024 06.30,2784
30/11/2024 06.45,3222
30/11/2024 07.00,2880
30/11/2024 07.15,2886
30/11/2024 07.30,3252
30/11/2024 07.45,3432
30/11/2024 08.00,2952
30/11/2024 08.15,2856
30/11/2024 08.30,2604
30/11/2024 08.45,1644
30/11/2024 09.00,2010
30/11/2024 09.15,2076
30/11/2024 09.30,2412
30/11/2024 09.45,2076
30/11/2024 10.00,1896
30/11/2024 10.15,2202
30/11/2024 10.30,2148
30/11/2024 10.45,2118
30/11/2024 11.00,1830
30/11/2024 11.15,1992
30/11/2024 11.30,2268
30/11/2024 11.45,2100
30/11/2024 12.00,2010
30/11/2024 12.15,1824
30/11/2024 12.30,2244
30/11/2024 12.45,2052
30/11/2024 13.00,2382
30/11/2024 13.15,2436
30/11/2024 13.30,2628
30/11/2024 13.45,2754
30/11/2024 14.00,2592
30/11/2024 14.15,2652
30/11/2024 14.30,3162
30/11/2024 14.45,3474
30/11/2024 15.00,2916
30/11/2024 15.15,3132
30/11/2024 15.30,3348
30/11/2024 15.45,3630
30/11/2024 16.00,3882
30/11/2024 16.15,3906
30/11/2024 16.30,4062
30/11/2024 16.45,4284
30/11/2024 17.00,4608
30/11/2024 17.15,4608
30/11/2024 17.30,4794
30/11/2024 17.45,4782
30/11/2024 18.00,4302
30/11/2024 18.15,4206
30/11/2024 18.30,4314
30/11/2024 18.45,4548
30/11/2024 19.00,4374
30/11/2024 19.15,4236
30/11/2024 19.30,4830
30/11/2024 19.45,3948
30/11/2024 20.00,3834
30/11/2024 20.15,4686
30/11/2024 20.30,4884
30/11/2024 20.45,4524
30/11/2024 21.00,4014
30/11/2024 21.15,3732
30/11/2024 21.30,3348
30/11/2024 21.45,3648
30/11/2024 22.00,3840
30/11/2024 22.15,3996
30/11/2024 22.30,4044
30/11/2024 22.45,4152
30/11/2024 23.00,4452
30/11/2024 23.15,4734
30/11/2024 23.30,4692
30/11/2024 23.45,4452
01/12/2024 00.00,4446
01/12/2024 00.15,4710
01/12/2024 00.30,4794
01/12/2024 00.45,4368
01/12/2024 01.00,3936
01/12/2024 01.15,3528
01/12/2024 01.30,3768
01/12/2024 01.45,4032
01/12/2024 02.00,3990
01/12/2024 02.15,4326
01/12/2024 02.30,4350
01/12/2024 02.45,4050
01/12/2024 03.00,4476
01/12/2024 03.15,4158
01/12/2024 03.30,4182
01/12/2024 03.45,4104
01/12/2024 04.00,4524
01/12/2024 04.15,4602
01/12/2024 04.30,4422
01/12/2024 04.45,4602
01/12/2024 05.00,4578
01/12/2024 05.15,4716
01/12/2024 05.30,4662
01/12/2024 05.45,4620
01/12/2024 06.00,4416
01/12/2024 06.15,3936
01/12/2024 06.30,4500
01/12/2024 06.45,4422
01/12/2024 07.00,4188
01/12/2024 07.15,3966
01/12/2024 07.30,3930
01/12/2024 07.45,3288
01/12/2024 08.00,2628
01/12/2024 08.15,2832
01/12/2024 08.30,2958
01/12/2024 08.45,2670
01/12/2024 09.00,2754
01/12/2024 09.15,2700
01/12/2024 09.30,2634
01/12/2024 09.45,2748
01/12/2024 10.00,2712
01/12/2024 10.15,2676
01/12/2024 10.30,2040
01/12/2024 10.45,1800
01/12/2024 11.00,1986
01/12/2024 11.15,2016
01/12/2024 11.30,1980
01/12/2024 11.45,2004
01/12/2024 12.00,1926
01/12/2024 12.15,1764
01/12/2024 12.30,1848
01/12/2024 12.45,2400
01/12/2024 13.00,2748
01/12/2024 13.15,2910
01/12/2024 13.30,2730
01/12/2024 13.45,1764
01/12/2024 14.00,2334
01/12/2024 14.15,3096
01/12/2024 14.30,3024
01/12/2024 14.45,2928
01/12/2024 15.00,2796
01/12/2024 15.15,3240
01/12/2024 15.30,3324
01/12/2024 15.45,3492
01/12/2024 16.00,3666
01/12/2024 16.15,3846
01/12/2024 16.30,4122
01/12/2024 16.45,4080
01/12/2024 17.00,4242
01/12/2024 17.15,3954
01/12/2024 17.30,4002
01/12/2024 17.45,3582
01/12/2024 18.00,3750
01/12/2024 18.15,3870
01/12/2024 18.30,4428
01/12/2024 18.45,4860
01/12/2024 19.00,4848
01/12/2024 19.15,4908
01/12/2024 19.30,4512
01/12/2024 19.45,3396
01/12/2024 20.00,3564
01/12/2024 20.15,4566
01/12/2024 20.30,4716
01/12/2024 20.45,4734
01/12/2024 21.00,4440
01/12/2024 21.15,4056
01/12/2024 21.30,4164
01/12/2024 21.45,4488
01/12/2024 22.00,4776
01/12/2024 22.15,4782
01/12/2024 22.30,4866
01/12/2024 22.45,4812
01/12/2024 23.00,4200
01/12/2024 23.15,3714
01/12/2024 23.30,3918
01/12/2024 23.45,4404
02/12/2024 00.00,4320
02/12/2024 00.15,4338
02/12/2024 00.30,4428
02/12/2024 00.45,4326
02/12/2024 01.00,4656
02/12/2024 01.15,4686
02/12/2024 01.30,4866
02/12/2024 01.45,4764
02/12/2024 02.00,4536
02/12/2024 02.15,4140
02/12/2024 02.30,3396
02/12/2024 02.45,3876
02/12/2024 03.00,4224
02/12/2024 03.15,4326
02/12/2024 03.30,4260
02/12/2024 03.45,3720
02/12/2024 04.00,3828
02/12/2024 04.15,4536
02/12/2024 04.30,4548
02/12/2024 04.45,4692
02/12/2024 05.00,4524
02/12/2024 05.15,4518
02/12/2024 05.30,4320
02/12/2024 05.45,4674
02/12/2024 06.00,4668
02/12/2024 06.15,3966
02/12/2024 06.30,3600
02/12/2024 06.45,3630
02/12/2024 07.00,3588
02/12/2024 07.15,3600
02/12/2024 07.30,3738
02/12/2024 07.45,2976
02/12/2024 08.00,2784
02/12/2024 08.15,3210
02/12/2024 08.30,2892
02/12/2024 08.45,2796
02/12/2024 09.00,2292
02/12/2024 09.15,2916
02/12/2024 09.30,3192
02/12/2024 09.45,3000
02/12/2024 10.00,2760
02/12/2024 10.15,2922
02/12/2024 10.30,2346
02/12/2024 10.45,1932
02/12/2024 11.00,1926
02/12/2024 11.15,1920
02/12/2024 11.30,1842
02/12/2024 11.45,2124
02/12/2024 12.00,2520
02/12/2024 12.15,2286
02/12/2024 12.30,2652
02/12/2024 12.45,2178
02/12/2024 13.00,2124
02/12/2024 13.15,2676
02/12/2024 13.30,2820
02/12/2024 13.45,3018
02/12/2024 14.00,3102
02/12/2024 14.15,2736
02/12/2024 14.30,2874
02/12/2024 14.45,2568
02/12/2024 15.00,2592
02/12/2024 15.15,2724
02/12/2024 15.30,3666
02/12/2024 15.45,3924
02/12/2024 16.00,4152
02/12/2024 16.15,4110
02/12/2024 16.30,4020
02/12/2024 16.45,3750
02/12/2024 17.00,3960
02/12/2024 17.15,4410
02/12/2024 17.30,4104
02/12/2024 17.45,3858
02/12/2024 18.00,4440
02/12/2024 18.15,4824
02/12/2024 18.30,4884
02/12/2024 18.45,4920
02/12/2024 19.00,4860
02/12/2024 19.15,4800
02/12/2024 19.30,4626
02/12/2024 19.45,3510
02/12/2024 20.00,3408
02/12/2024 20.15,4242
02/12/2024 20.30,4104
02/12/2024 20.45,4002
02/12/2024 21.00,4134
02/12/2024 21.15,4626
02/12/2024 21.30,4578
02/12/2024 21.45,4560
02/12/2024 22.00,4200
02/12/2024 22.15,4038
02/12/2024 22.30,3480
02/12/2024 22.45,3360
02/12/2024 23.00,4188
02/12/2024 23.15,4224
02/12/2024 23.30,4374
02/12/2024 23.45,4518
03/12/2024 00.00,4326
03/12/2024 00.15,4410
03/12/2024 00.30,4476
03/12/2024 00.45,4776
03/12/2024 01.00,4734
03/12/2024 01.15,4740
03/12/2024 01.30,4566
03/12/2024 01.45,4662
03/12/2024 02.00,4356
03/12/2024 02.15,4176
03/12/2024 02.30,4206
03/12/2024 02.45,4194
03/12/2024 03.00,4152
03/12/2024 03.15,4152
03/12/2024 03.30,4098
03/12/2024 03.45,4296
03/12/2024 04.00,4536
03/12/2024 04.15,4686
03/12/2024 04.30,4512
03/12/2024 04.45,4614
03/12/2024 05.00,4638
03/12/2024 05.15,4368
03/12/2024 05.30,3804
03/12/2024 05.45,4278
03/12/2024 06.00,4626
03/12/2024 06.15,4374
03/12/2024 06.30,4188
03/12/2024 06.45,3780
03/12/2024 07.00,3432
03/12/2024 07.15,3126
03/12/2024 07.30,3084
03/12/2024 07.45,3072
03/12/2024 08.00,2988
03/12/2024 08.15,3138
03/12/2024 08.30,3018
03/12/2024 08.45,3048
03/12/2024 09.00,3354
03/12/2024 09.15,2886
03/12/2024 09.30,2676
03/12/2024 09.45,2316
03/12/2024 10.00,2358
03/12/2024 10.15,2088
03/12/2024 10.30,2400
03/12/2024 10.45,2256
03/12/2024 11.00,2436
03/12/2024 11.15,2340
03/12/2024 11.30,1932
03/12/2024 11.45,1914
03/12/2024 12.00,2406
03/12/2024 12.15,2094
03/12/2024 12.30,2520
03/12/2024 12.45,2580
03/12/2024 13.00,1956
03/12/2024 13.15,1176
03/12/2024 13.30,2046
03/12/2024 13.45,2046
03/12/2024 14.00,2556
03/12/2024 14.15,2832
03/12/2024 14.30,2820
03/12/2024 14.45,2394
03/12/2024 15.00,2550
03/12/2024 15.15,3054
03/12/2024 15.30,3174
03/12/2024 15.45,3330
03/12/2024 16.00,3396
03/12/2024 16.15,3390
03/12/2024 16.30,3924
03/12/2024 16.45,4020
03/12/2024 17.00,4026
03/12/2024 17.15,4134
03/12/2024 17.30,3978
03/12/2024 17.45,2874
03/12/2024 18.00,3648
03/12/2024 18.15,4026
03/12/2024 18.30,3792
03/12/2024 18.45,4128
03/12/2024 19.00,4680
03/12/2024 19.15,4278
03/12/2024 19.30,4344
03/12/2024 19.45,4152
03/12/2024 20.00,3720
03/12/2024 20.15,4182
03/12/2024 20.30,4800
03/12/2024 20.45,4752
03/12/2024 21.00,4716
03/12/2024 21.15,4788
03/12/2024 21.30,4842
03/12/2024 21.45,4548
03/12/2024 22.00,4218
03/12/2024 22.15,4320
03/12/2024 22.30,4236
03/12/2024 22.45,4152
03/12/2024 23.00,4164
03/12/2024 23.15,4140
03/12/2024 23.30,4086
03/12/2024 23.45,3954
04/12/2024 00.00,4020
04/12/2024 00.15,3996
04/12/2024 00.30,3984
04/12/2024 00.45,4446
04/12/2024 01.00,4440
04/12/2024 01.15,4344
04/12/2024 01.30,4134
04/12/2024 01.45,4344
04/12/2024 02.00,4716
04/12/2024 02.15,4548
04/12/2024 02.30,4656
04/12/2024 02.45,4302
04/12/2024 03.00,4218
04/12/2024 03.15,4212
04/12/2024 03.30,4200
04/12/2024 03.45,4248
04/12/2024 04.00,4224
04/12/2024 04.15,4206
04/12/2024 04.30,4206
04/12/2024 04.45,4224
04/12/2024 05.00,4200
04/12/2024 05.15,4224
04/12/2024 05.30,3684
04/12/2024 05.45,3792
04/12/2024 06.00,4194
04/12/2024 06.15,4092
04/12/2024 06.30,3774
04/12/2024 06.45,3966
04/12/2024 07.00,3552
04/12/2024 07.15,3642
04/12/2024 07.30,3318
04/12/2024 07.45,3096
04/12/2024 08.00,2316
04/12/2024 08.15,2508
04/12/2024 08.30,2592
04/12/2024 08.45,2646
04/12/2024 09.00,3060
04/12/2024 09.15,2700
04/12/2024 09.30,2076
04/12/2024 09.45,1656
04/12/2024 10.00,1812
04/12/2024 10.15,1896
04/12/2024 10.30,2136
04/12/2024 10.45,2220
04/12/2024 11.00,2352
04/12/2024 11.15,2520
04/12/2024 11.30,2538
04/12/2024 11.45,2412
04/12/2024 12.00,2124
04/12/2024 12.15,1938
04/12/2024 12.30,1932
04/12/2024 12.45,2292
04/12/2024 13.00,2736
04/12/2024 13.15,2742
04/12/2024 13.30,2730
04/12/2024 13.45,2856
04/12/2024 14.00,2838
04/12/2024 14.15,2802
04/12/2024 14.30,2748
04/12/2024 14.45,2148
04/12/2024 15.00,2124
04/12/2024 15.15,2496
04/12/2024 15.30,2628
04/12/2024 15.45,2436
04/12/2024 16.00,2580
04/12/2024 16.15,2838
04/12/2024 16.30,2868
04/12/2024 16.45,3132
04/12/2024 17.00,2832
04/12/2024 17.15,3006
04/12/2024 17.30,3900
04/12/2024 17.45,3282
04/12/2024 18.00,3546
04/12/2024 18.15,3396
04/12/2024 18.30,3594
04/12/2024 18.45,3366
04/12/2024 19.00,3204
04/12/2024 19.15,3564
04/12/2024 19.30,3294
04/12/2024 19.45,3312
04/12/2024 20.00,3318
04/12/2024 20.15,3474
04/12/2024 20.30,3162
04/12/2024 20.45,3684
04/12/2024 21.00,3762
04/12/2024 21.15,3588
04/12/2024 21.30,3918
04/12/2024 21.45,3954
04/12/2024 22.00,4050
04/12/2024 22.15,4104
04/12/2024 22.30,3984
04/12/2024 22.45,4032
04/12/2024 23.00,4104
04/12/2024 23.15,4128
04/12/2024 23.30,4140
04/12/2024 23.45,3948
05/12/2024 00.00,3930
05/12/2024 00.15,4092
05/12/2024 00.30,4038
05/12/2024 00.45,3456
05/12/2024 01.00,3576
05/12/2024 01.15,3558
05/12/2024 01.30,3582
05/12/2024 01.45,3564
05/12/2024 02.00,4002
05/12/2024 02.15,4044
05/12/2024 02.30,3792
05/12/2024 02.45,3984
05/12/2024 03.00,4110
05/12/2024 03.15,3822
05/12/2024 03.30,3528
05/12/2024 03.45,3762
05/12/2024 04.00,3762
05/12/2024 04.15,3900
05/12/2024 04.30,3432
05/12/2024 04.45,3528
05/12/2024 05.00,3378
05/12/2024 05.15,3660
05/12/2024 05.30,3390
05/12/2024 05.45,3348
05/12/2024 06.00,3270
05/12/2024 06.15,2988
05/12/2024 06.30,2700
05/12/2024 06.45,2022
05/12/2024 07.00,1716
05/12/2024 07.15,1476
05/12/2024 07.30,708
05/12/2024 07.45,396
05/12/2024 08.00,258
05/12/2024 08.15,0
05/12/2024 08.30,6
05/12/2024 08.45,6
05/12/2024 09.00,24
05/12/2024 09.15,18
05/12/2024 09.30,18
05/12/2024 09.45,18
05/12/2024 10.00,12
05/12/2024 10.15,12
05/12/2024 10.30,18
05/12/2024 10.45,18
05/12/2024 11.00,12
05/12/2024 11.15,18
05/12/2024 11.30,18
05/12/2024 11.45,12
05/12/2024 12.00,0
05/12/2024 12.15,0
05/12/2024 12.30,6
05/12/2024 12.45,6
05/12/2024 13.00,12
05/12/2024 13.15,18
05/12/2024 13.30,12
05/12/2024 13.45,6
05/12/2024 14.00,12
05/12/2024 14.15,18
05/12/2024 14.30,6
05/12/2024 14.45,0
05/12/2024 15.00,6
05/12/2024 15.15,18
05/12/2024 15.30,18
05/12/2024 15.45,24
05/12/2024 16.00,18
05/12/2024 16.15,12
05/12/2024 16.30,108
05/12/2024 16.45,126
05/12/2024 17.00,282
05/12/2024 17.15,288
05/12/2024 17.30,312
05/12/2024 17.45,342
05/12/2024 18.00,348
05/12/2024 18.15,336
05/12/2024 18.30,336
05/12/2024 18.45,342
05/12/2024 19.00,330
05/12/2024 19.15,336
05/12/2024 19.30,336
05/12/2024 19.45,354
05/12/2024 20.00,420
05/12/2024 20.15,456
05/12/2024 20.30,462
05/12/2024 20.45,432
05/12/2024 21.00,444
05/12/2024 21.15,444
05/12/2024 21.30,408
05/12/2024 21.45,420
05/12/2024 22.00,438
05/12/2024 22.15,480
05/12/2024 22.30,630
05/12/2024 22.45,552
05/12/2024 23.00,594
05/12/2024 23.15,600
05/12/2024 23.30,576
05/12/2024 23.45,624
06/12/2024 00.00,516
06/12/2024 00.15,420
06/12/2024 00.30,426
06/12/2024 00.45,414
06/12/2024 01.00,324
06/12/2024 01.15,354
06/12/2024 01.30,336
06/12/2024 01.45,408
06/12/2024 02.00,390
06/12/2024 02.15,408
06/12/2024 02.30,408
06/12/2024 02.45,492
06/12/2024 03.00,486
06/12/2024 03.15,486
06/12/2024 03.30,540
06/12/2024 03.45,546
06/12/2024 04.00,612
06/12/2024 04.15,612
06/12/2024 04.30,714
06/12/2024 04.45,594
06/12/2024 05.00,510
06/12/2024 05.15,510
06/12/2024 05.30,516
06/12/2024 05.45,528
06/12/2024 06.00,804
06/12/2024 06.15,1494
06/12/2024 06.30,1146
06/12/2024 06.45,1074
06/12/2024 07.00,1248
06/12/2024 07.15,1398
06/12/2024 07.30,1896
06/12/2024 07.45,1668
06/12/2024 08.00,1932
06/12/2024 08.15,2232
06/12/2024 08.30,2316
06/12/2024 08.45,2598
06/12/2024 09.00,2094
06/12/2024 09.15,2298
06/12/2024 09.30,2136
06/12/2024 09.45,2172
06/12/2024 10.00,2028
06/12/2024 10.15,2256
06/12/2024 10.30,2334
06/12/2024 10.45,2220
06/12/2024 11.00,2184
06/12/2024 11.15,2292
06/12/2024 11.30,2424
06/12/2024 11.45,2154
06/12/2024 12.00,1284
06/12/2024 12.15,1890
06/12/2024 12.30,1968
06/12/2024 12.45,2190
06/12/2024 13.00,2400
06/12/2024 13.15,2790
06/12/2024 13.30,2736
06/12/2024 13.45,2922
06/12/2024 14.00,2910
06/12/2024 14.15,2748
06/12/2024 14.30,2952
06/12/2024 14.45,2586
06/12/2024 15.00,1794
06/12/2024 15.15,2340
06/12/2024 15.30,3648
06/12/2024 15.45,3612
06/12/2024 16.00,3534
06/12/2024 16.15,3594
06/12/2024 16.30,3720
06/12/2024 16.45,3828
06/12/2024 17.00,4428
06/12/2024 17.15,4296
06/12/2024 17.30,4566
06/12/2024 17.45,4050
06/12/2024 18.00,4044
06/12/2024 18.15,4134
06/12/2024 18.30,4080
06/12/2024 18.45,4104
06/12/2024 19.00,4236
06/12/2024 19.15,4332
06/12/2024 19.30,3900
06/12/2024 19.45,3486
06/12/2024 20.00,3264
06/12/2024 20.15,3864
06/12/2024 20.30,4602
06/12/2024 20.45,4638
06/12/2024 21.00,4374
06/12/2024 21.15,4548
06/12/2024 21.30,4116
06/12/2024 21.45,3564
06/12/2024 22.00,3768
06/12/2024 22.15,3606
06/12/2024 22.30,3624
06/12/2024 22.45,3750
06/12/2024 23.00,3684
06/12/2024 23.15,3936
06/12/2024 23.30,4116
06/12/2024 23.45,4194
07/12/2024 00.00,3828
07/12/2024 00.15,3732
07/12/2024 00.30,3720
07/12/2024 00.45,3708
07/12/2024 01.00,3822
07/12/2024 01.15,4236
07/12/2024 01.30,4278
07/12/2024 01.45,4236
07/12/2024 02.00,3780
07/12/2024 02.15,3792
07/12/2024 02.30,3696
07/12/2024 02.45,3804
07/12/2024 03.00,3858
07/12/2024 03.15,3768
07/12/2024 03.30,3756
07/12/2024 03.45,3714
07/12/2024 04.00,3702
07/12/2024 04.15,4356
07/12/2024 04.30,4740
07/12/2024 04.45,4692
07/12/2024 05.00,4668
07/12/2024 05.15,4524
07/12/2024 05.30,4356
07/12/2024 05.45,4212
07/12/2024 06.00,4392
07/12/2024 06.15,4698
07/12/2024 06.30,4272
07/12/2024 06.45,4188
07/12/2024 07.00,3876
07/12/2024 07.15,4008
07/12/2024 07.30,3660
07/12/2024 07.45,3132
07/12/2024 08.00,3138
07/12/2024 08.15,2796
07/12/2024 08.30,1668
07/12/2024 08.45,990
07/12/2024 09.00,822
07/12/2024 09.15,792
07/12/2024 09.30,936
07/12/2024 09.45,1104
07/12/2024 10.00,1764
07/12/2024 10.15,2106
07/12/2024 10.30,2334
07/12/2024 10.45,2664
07/12/2024 11.00,2850
07/12/2024 11.15,2766
07/12/2024 11.30,2616
07/12/2024 11.45,2658
07/12/2024 12.00,2742
07/12/2024 12.15,2718
07/12/2024 12.30,2220
07/12/2024 12.45,2076
07/12/2024 13.00,2706
07/12/2024 13.15,2940
07/12/2024 13.30,2796
07/12/2024 13.45,2928
07/12/2024 14.00,3144
07/12/2024 14.15,1824
07/12/2024 14.30,1452
07/12/2024 14.45,2814
07/12/2024 15.00,3258
07/12/2024 15.15,3228
07/12/2024 15.30,3840
07/12/2024 15.45,4284
07/12/2024 16.00,4008
07/12/2024 16.15,4296
07/12/2024 16.30,4518
07/12/2024 16.45,4548
07/12/2024 17.00,4422
07/12/2024 17.15,4572
07/12/2024 17.30,4542
07/12/2024 17.45,4548
07/12/2024 18.00,4356
07/12/2024 18.15,4326
07/12/2024 18.30,4068
07/12/2024 18.45,3774
07/12/2024 19.00,4170
07/12/2024 19.15,4332
07/12/2024 19.30,4764
07/12/2024 19.45,4284
07/12/2024 20.00,3702
07/12/2024 20.15,4206
07/12/2024 20.30,4560
07/12/2024 20.45,4548
07/12/2024 21.00,4518
07/12/2024 21.15,4548
07/12/2024 21.30,4584
07/12/2024 21.45,4440
07/12/2024 22.00,4266
07/12/2024 22.15,4152
07/12/2024 22.30,3948
07/12/2024 22.45,3732
07/12/2024 23.00,3408
07/12/2024 23.15,3492
07/12/2024 23.30,3834
07/12/2024 23.45,4044
08/12/2024 00.00,4650
08/12/2024 00.15,4692
08/12/2024 00.30,4302
08/12/2024 00.45,4152
08/12/2024 01.00,4284
08/12/2024 01.15,4224
08/12/2024 01.30,4074
08/12/2024 01.45,3960
08/12/2024 02.00,3816
08/12/2024 02.15,3768
08/12/2024 02.30,3522
08/12/2024 02.45,3504
08/12/2024 03.00,4122
08/12/2024 03.15,4032
08/12/2024 03.30,4194
08/12/2024 03.45,4470
08/12/2024 04.00,4566
08/12/2024 04.15,4548
08/12/2024 04.30,4230
08/12/2024 04.45,3990
08/12/2024 05.00,4278
08/12/2024 05.15,4362
08/12/2024 05.30,3882
08/12/2024 05.45,3588
08/12/2024 06.00,4068
08/12/2024 06.15,3936
08/12/2024 06.30,3756
08/12/2024 06.45,3576
08/12/2024 07.00,3330
08/12/2024 07.15,3264
08/12/2024 07.30,2664
08/12/2024 07.45,2076
08/12/2024 08.00,1740
08/12/2024 08.15,1824
08/12/2024 08.30,1944
08/12/2024 08.45,1920
08/12/2024 09.00,1992
08/12/2024 09.15,2016
08/12/2024 09.30,1884
08/12/2024 09.45,1776
08/12/2024 10.00,1770
08/12/2024 10.15,1704
08/12/2024 10.30,1644
08/12/2024 10.45,1638
08/12/2024 11.00,1494
08/12/2024 11.15,1296
08/12/2024 11.30,1140
08/12/2024 11.45,1476
08/12/2024 12.00,1476
08/12/2024 12.15,1416
08/12/2024 12.30,1092
08/12/2024 12.45,852
08/12/2024 13.00,744
08/12/2024 13.15,1440
08/12/2024 13.30,1536
08/12/2024 13.45,1800
08/12/2024 14.00,1854
08/12/2024 14.15,1878
08/12/2024 14.30,1860
08/12/2024 14.45,1410
08/12/2024 15.00,1260
08/12/2024 15.15,1650
08/12/2024 15.30,1878
08/12/2024 15.45,2388
08/12/2024 16.00,2364
08/12/2024 16.15,2484
08/12/2024 16.30,2538
08/12/2024 16.45,2400
08/12/2024 17.00,2772
08/12/2024 17.15,2772
08/12/2024 17.30,2784
08/12/2024 17.45,2892
08/12/2024 18.00,2976
08/12/2024 18.15,2880
08/12/2024 18.30,2922
08/12/2024 18.45,2808
08/12/2024 19.00,2928
08/12/2024 19.15,3018
08/12/2024 19.30,3168
08/12/2024 19.45,2568
08/12/2024 20.00,2352
08/12/2024 20.15,3540
08/12/2024 20.30,3444
08/12/2024 20.45,3570
08/12/2024 21.00,4056
08/12/2024 21.15,4218
08/12/2024 21.30,4326
08/12/2024 21.45,4536
08/12/2024 22.00,4416
08/12/2024 22.15,3546
08/12/2024 22.30,3510
08/12/2024 22.45,3924
08/12/2024 23.00,4116
08/12/2024 23.15,4116
08/12/2024 23.30,4518
08/12/2024 23.45,4470
09/12/2024 00.00,4440
09/12/2024 00.15,4122
09/12/2024 00.30,4482
09/12/2024 00.45,4590
09/12/2024 01.00,4494
09/12/2024 01.15,4386
09/12/2024 01.30,4692
09/12/2024 01.45,4470
09/12/2024 02.00,4140
09/12/2024 02.15,4140
09/12/2024 02.30,4440
09/12/2024 02.45,4284
09/12/2024 03.00,4212
09/12/2024 03.15,4170
09/12/2024 03.30,4422
09/12/2024 03.45,4260
09/12/2024 04.00,4122
09/12/2024 04.15,4242
09/12/2024 04.30,4032
09/12/2024 04.45,3996
09/12/2024 05.00,4134
09/12/2024 05.15,3912
09/12/2024 05.30,4038
09/12/2024 05.45,4176
09/12/2024 06.00,4314
09/12/2024 06.15,4272
09/12/2024 06.30,4212
09/12/2024 06.45,4368
09/12/2024 07.00,4362
09/12/2024 07.15,4290
09/12/2024 07.30,4116
09/12/2024 07.45,3300
09/12/2024 08.00,2496
09/12/2024 08.15,2730
09/12/2024 08.30,2604
09/12/2024 08.45,2574
09/12/2024 09.00,2130
09/12/2024 09.15,2202
09/12/2024 09.30,2910
09/12/2024 09.45,2790
09/12/2024 10.00,2352
09/12/2024 10.15,2526
09/12/2024 10.30,1872
09/12/2024 10.45,1710
09/12/2024 11.00,2310
09/12/2024 11.15,2664
09/12/2024 11.30,1734
09/12/2024 11.45,2160
09/12/2024 12.00,2862
09/12/2024 12.15,2850
09/12/2024 12.30,2550
09/12/2024 12.45,2316
09/12/2024 13.00,2280
09/12/2024 13.15,2334
09/12/2024 13.30,2364
09/12/2024 13.45,2604
09/12/2024 14.00,2898
09/12/2024 14.15,2988
09/12/2024 14.30,2724
09/12/2024 14.45,2502
09/12/2024 15.00,2994
09/12/2024 15.15,3072
09/12/2024 15.30,3216
09/12/2024 15.45,3252
09/12/2024 16.00,3720
09/12/2024 16.15,3366
09/12/2024 16.30,3744
09/12/2024 16.45,3984
09/12/2024 17.00,4008
09/12/2024 17.15,4194
09/12/2024 17.30,4002
09/12/2024 17.45,4302
09/12/2024 18.00,4368
09/12/2024 18.15,4200
09/12/2024 18.30,4518
09/12/2024 18.45,4512
09/12/2024 19.00,4590
09/12/2024 19.15,4680
09/12/2024 19.30,4728
09/12/2024 19.45,4656
09/12/2024 20.00,3822
09/12/2024 20.15,4224
09/12/2024 20.30,4344
09/12/2024 20.45,4308
09/12/2024 21.00,4110
09/12/2024 21.15,4128
09/12/2024 21.30,4260
09/12/2024 21.45,4344
09/12/2024 22.00,4344
09/12/2024 22.15,4308
09/12/2024 22.30,4050
09/12/2024 22.45,4320
09/12/2024 23.00,3702
09/12/2024 23.15,3492
09/12/2024 23.30,3552
09/12/2024 23.45,3966
10/12/2024 00.00,4266
10/12/2024 00.15,4524
10/12/2024 00.30,4248
10/12/2024 00.45,4590
10/12/2024 01.00,4086
10/12/2024 01.15,3600
10/12/2024 01.30,3624
10/12/2024 01.45,3780
10/12/2024 02.00,3912
10/12/2024 02.15,4434
10/12/2024 02.30,4386
10/12/2024 02.45,4062
10/12/2024 03.00,4038
10/12/2024 03.15,4218
10/12/2024 03.30,4128
10/12/2024 03.45,4278
10/12/2024 04.00,4212
10/12/2024 04.15,4194
10/12/2024 04.30,3864
10/12/2024 04.45,3660
10/12/2024 05.00,3732
10/12/2024 05.15,3978
10/12/2024 05.30,4308
10/12/2024 05.45,4296
10/12/2024 06.00,4158
10/12/2024 06.15,4032
10/12/2024 06.30,3972
10/12/2024 06.45,3786
10/12/2024 07.00,3750
10/12/2024 07.15,3612
10/12/2024 07.30,3516
10/12/2024 07.45,2856
10/12/2024 08.00,2670
10/12/2024 08.15,3078
10/12/2024 08.30,3150
10/12/2024 08.45,3432
10/12/2024 09.00,3162
10/12/2024 09.15,3048
10/12/2024 09.30,2796
10/12/2024 09.45,2844
10/12/2024 10.00,2262
10/12/2024 10.15,1956
10/12/2024 10.30,1920
10/12/2024 10.45,1608
10/12/2024 11.00,1494
10/12/2024 11.15,1512
10/12/2024 11.30,1590
10/12/2024 11.45,1584
10/12/2024 12.00,1704
10/12/2024 12.15,1890
10/12/2024 12.30,1794
10/12/2024 12.45,2382
10/12/2024 13.00,3270
10/12/2024 13.15,2946
10/12/2024 13.30,2568
10/12/2024 13.45,2442
10/12/2024 14.00,2880
10/12/2024 14.15,3048
10/12/2024 14.30,3282
10/12/2024 14.45,3354
10/12/2024 15.00,3462
10/12/2024 15.15,4176
10/12/2024 15.30,3732
10/12/2024 15.45,3714
10/12/2024 16.00,3648
10/12/2024 16.15,3960
10/12/2024 16.30,3966
10/12/2024 16.45,4068
10/12/2024 17.00,4332
10/12/2024 17.15,4404
10/12/2024 17.30,4518
10/12/2024 17.45,4764
10/12/2024 18.00,4590
10/12/2024 18.15,4584
10/12/2024 18.30,4392
10/12/2024 18.45,4494
10/12/2024 19.00,4800
10/12/2024 19.15,4146
10/12/2024 19.30,3912
10/12/2024 19.45,4242
10/12/2024 20.00,3840
10/12/2024 20.15,4512
10/12/2024 20.30,4506
10/12/2024 20.45,4686
10/12/2024 21.00,4704
10/12/2024 21.15,4206
10/12/2024 21.30,3720
10/12/2024 21.45,4350
10/12/2024 22.00,4716
10/12/2024 22.15,4440
10/12/2024 22.30,4416
10/12/2024 22.45,4314
10/12/2024 23.00,4014
10/12/2024 23.15,4458
10/12/2024 23.30,4500
10/12/2024 23.45,4530
11/12/2024 00.00,4512
11/12/2024 00.15,4548
11/12/2024 00.30,4632
11/12/2024 00.45,4440
11/12/2024 01.00,4116
11/12/2024 01.15,4158
11/12/2024 01.30,3858
11/12/2024 01.45,3588
11/12/2024 02.00,4134
11/12/2024 02.15,4650
11/12/2024 02.30,4404
11/12/2024 02.45,4308
11/12/2024 03.00,4656
11/12/2024 03.15,4692
11/12/2024 03.30,4308
11/12/2024 03.45,3906
11/12/2024 04.00,3540
11/12/2024 04.15,3978
11/12/2024 04.30,4356
11/12/2024 04.45,4614
11/12/2024 05.00,4878
11/12/2024 05.15,4584
11/12/2024 05.30,4350
11/12/2024 05.45,4278
11/12/2024 06.00,4602
11/12/2024 06.15,4302
11/12/2024 06.30,4392
11/12/2024 06.45,4494
11/12/2024 07.00,4284
11/12/2024 07.15,4374
11/12/2024 07.30,4134
11/12/2024 07.45,2988
11/12/2024 08.00,2424
11/12/2024 08.15,2988
11/12/2024 08.30,3168
11/12/2024 08.45,3414
11/12/2024 09.00,3054
11/12/2024 09.15,3336
11/12/2024 09.30,2970
11/12/2024 09.45,2568
11/12/2024 10.00,2262
11/12/2024 10.15,2604
11/12/2024 10.30,2472
11/12/2024 10.45,2028
11/12/2024 11.00,1878
11/12/2024 11.15,1206
11/12/2024 11.30,1518
11/12/2024 11.45,2022
11/12/2024 12.00,1920
11/12/2024 12.15,2172
11/12/2024 12.30,2388
11/12/2024 12.45,2202
11/12/2024 13.00,2586
11/12/2024 13.15,2370
11/12/2024 13.30,2688
11/12/2024 13.45,2916
11/12/2024 14.00,2484
11/12/2024 14.15,2850
11/12/2024 14.30,3660
11/12/2024 14.45,3312
11/12/2024 15.00,3930
11/12/2024 15.15,3894
11/12/2024 15.30,4008
11/12/2024 15.45,4230
11/12/2024 16.00,4314
11/12/2024 16.15,4356
11/12/2024 16.30,3894
11/12/2024 16.45,4056
11/12/2024 17.00,4446
11/12/2024 17.15,4554
11/12/2024 17.30,4716
11/12/2024 17.45,4776
11/12/2024 18.00,4350
11/12/2024 18.15,4026
11/12/2024 18.30,4092
11/12/2024 18.45,4380
11/12/2024 19.00,4212
11/12/2024 19.15,4428
11/12/2024 19.30,4056
11/12/2024 19.45,3576
11/12/2024 20.00,3354
11/12/2024 20.15,4506
11/12/2024 20.30,4542
11/12/2024 20.45,4710
11/12/2024 21.00,4272
11/12/2024 21.15,4452
11/12/2024 21.30,4728
11/12/2024 21.45,4740
11/12/2024 22.00,4458
11/12/2024 22.15,4296
11/12/2024 22.30,4128
11/12/2024 22.45,3894
11/12/2024 23.00,4290
11/12/2024 23.15,4284
11/12/2024 23.30,4500
11/12/2024 23.45,4266
12/12/2024 00.00,4740
12/12/2024 00.15,4674
12/12/2024 00.30,4692
12/12/2024 00.45,4680
12/12/2024 01.00,4440
12/12/2024 01.15,3984
12/12/2024 01.30,4140
12/12/2024 01.45,3996
12/12/2024 02.00,3930
12/12/2024 02.15,3852
12/12/2024 02.30,3870
12/12/2024 02.45,3576
12/12/2024 03.00,3462
12/12/2024 03.15,3564
12/12/2024 03.30,4134
12/12/2024 03.45,4176
12/12/2024 04.00,4680
12/12/2024 04.15,4506
12/12/2024 04.30,4416
12/12/2024 04.45,4596
12/12/2024 05.00,4692
12/12/2024 05.15,4656
12/12/2024 05.30,4518
12/12/2024 05.45,4314
12/12/2024 06.00,4428
12/12/2024 06.15,4524
12/12/2024 06.30,4512
12/12/2024 06.45,4188
12/12/2024 07.00,4476
12/12/2024 07.15,4332
12/12/2024 07.30,4260
12/12/2024 07.45,3846
12/12/2024 08.00,3552
12/12/2024 08.15,2964
12/12/2024 08.30,2976
12/12/2024 08.45,2652
12/12/2024 09.00,3264
12/12/2024 09.15,3156
12/12/2024 09.30,3048
12/12/2024 09.45,2862
12/12/2024 10.00,2664
12/12/2024 10.15,2652
12/12/2024 10.30,2592
12/12/2024 10.45,1968
12/12/2024 11.00,2244
12/12/2024 11.15,2982
12/12/2024 11.30,2916
12/12/2024 11.45,2904
12/12/2024 12.00,3504
12/12/2024 12.15,3480
12/12/2024 12.30,3450
12/12/2024 12.45,3642
12/12/2024 13.00,3114
12/12/2024 13.15,2520
12/12/2024 13.30,3228
12/12/2024 13.45,3192
12/12/2024 14.00,2904
12/12/2024 14.15,3282
12/12/2024 14.30,3288
12/12/2024 14.45,2994
12/12/2024 15.00,3390
12/12/2024 15.15,4356
12/12/2024 15.30,4188
12/12/2024 15.45,4200
12/12/2024 16.00,4206
12/12/2024 16.15,3840
12/12/2024 16.30,4494
12/12/2024 16.45,4692
12/12/2024 17.00,4728
12/12/2024 17.15,4710
12/12/2024 17.30,4392
12/12/2024 17.45,4866
12/12/2024 18.00,4716
12/12/2024 18.15,4992
12/12/2024 18.30,5028
12/12/2024 18.45,5040
12/12/2024 19.00,5106
12/12/2024 19.15,4884
12/12/2024 19.30,4848
12/12/2024 19.45,3318
12/12/2024 20.00,2976
12/12/2024 20.15,3960
12/12/2024 20.30,4248
12/12/2024 20.45,4788
12/12/2024 21.00,5046
12/12/2024 21.15,4872
12/12/2024 21.30,4164
12/12/2024 21.45,4512
12/12/2024 22.00,4482
12/12/2024 22.15,4584
12/12/2024 22.30,4404
12/12/2024 22.45,4434
12/12/2024 23.00,4524
12/12/2024 23.15,4062
12/12/2024 23.30,4014
12/12/2024 23.45,4392
13/12/2024 00.00,4032
13/12/2024 00.15,4566
13/12/2024 00.30,4686
13/12/2024 00.45,4500
13/12/2024 01.00,4440
13/12/2024 01.15,4044
13/12/2024 01.30,4116
13/12/2024 01.45,3654
13/12/2024 02.00,3312
13/12/2024 02.15,3492
13/12/2024 02.30,4152
13/12/2024 02.45,4200
13/12/2024 03.00,4116
13/12/2024 03.15,4224
13/12/2024 03.30,4038
13/12/2024 03.45,3792
13/12/2024 04.00,3696
13/12/2024 04.15,3648
13/12/2024 04.30,3720
13/12/2024 04.45,4392
13/12/2024 05.00,4632
13/12/2024 05.15,4872
13/12/2024 05.30,4380
13/12/2024 05.45,4368
13/12/2024 06.00,3816
13/12/2024 06.15,3306
13/12/2024 06.30,3000
13/12/2024 06.45,3018
13/12/2024 07.00,2934
13/12/2024 07.15,2784
13/12/2024 07.30,2700
13/12/2024 07.45,1644
13/12/2024 08.00,984
13/12/2024 08.15,1134
13/12/2024 08.30,1392
13/12/2024 08.45,1470
13/12/2024 09.00,1338
13/12/2024 09.15,1284
13/12/2024 09.30,1404
13/12/2024 09.45,1374
13/12/2024 10.00,1200
13/12/2024 10.15,1416
13/12/2024 10.30,1452
13/12/2024 10.45,1362
13/12/2024 11.00,1200
13/12/2024 11.15,1242
13/12/2024 11.30,1380
13/12/2024 11.45,1272
13/12/2024 12.00,1548
13/12/2024 12.15,1110
13/12/2024 12.30,1296
13/12/2024 12.45,1290
13/12/2024 13.00,1356
13/12/2024 13.15,1386
13/12/2024 13.30,1356
13/12/2024 13.45,1368
13/12/2024 14.00,1242
13/12/2024 14.15,1308
13/12/2024 14.30,1356
13/12/2024 14.45,1566
13/12/2024 15.00,1542
13/12/2024 15.15,1632
13/12/2024 15.30,1572
13/12/2024 15.45,1734
13/12/2024 16.00,1710
13/12/2024 16.15,1740
13/12/2024 16.30,1860
13/12/2024 16.45,1872
13/12/2024 17.00,1788
13/12/2024 17.15,1854
13/12/2024 17.30,1836
13/12/2024 17.45,1926
13/12/2024 18.00,1824
13/12/2024 18.15,1866
13/12/2024 18.30,1872
13/12/2024 18.45,1992
13/12/2024 19.00,1836
13/12/2024 19.15,1830
13/12/2024 19.30,2370
13/12/2024 19.45,2292
13/12/2024 20.00,2202
13/12/2024 20.15,1920
13/12/2024 20.30,2148
13/12/2024 20.45,2244
13/12/2024 21.00,2196
13/12/2024 21.15,2148
13/12/2024 21.30,2328
13/12/2024 21.45,2322
13/12/2024 22.00,2220
13/12/2024 22.15,2076
13/12/2024 22.30,2160
13/12/2024 22.45,1944
13/12/2024 23.00,1878
13/12/2024 23.15,1884
13/12/2024 23.30,1992
13/12/2024 23.45,1866
14/12/2024 00.00,1908
14/12/2024 00.15,2370
14/12/2024 00.30,1968
14/12/2024 00.45,2292
14/12/2024 01.00,2346
14/12/2024 01.15,1824
14/12/2024 01.30,1830
14/12/2024 01.45,1896
14/12/2024 02.00,1788
14/12/2024 02.15,1662
14/12/2024 02.30,2184
14/12/2024 02.45,2220
14/12/2024 03.00,1806
14/12/2024 03.15,1812
14/12/2024 03.30,1860
14/12/2024 03.45,1740
14/12/2024 04.00,2070
14/12/2024 04.15,2124
14/12/2024 04.30,2028
14/12/2024 04.45,2028
14/12/2024 05.00,2490
14/12/2024 05.15,2526
14/12/2024 05.30,2436
14/12/2024 05.45,2316
14/12/2024 06.00,2382
14/12/2024 06.15,2520
14/12/2024 06.30,2976
14/12/2024 06.45,2862
14/12/2024 07.00,2508
14/12/2024 07.15,2148
14/12/2024 07.30,2334
14/12/2024 07.45,2382
14/12/2024 08.00,2604
14/12/2024 08.15,2994
14/12/2024 08.30,3774
14/12/2024 08.45,3534
14/12/2024 09.00,3522
14/12/2024 09.15,3492
14/12/2024 09.30,3408
14/12/2024 09.45,3720
14/12/2024 10.00,3690
14/12/2024 10.15,3768
14/12/2024 10.30,2976
14/12/2024 10.45,2694
14/12/2024 11.00,2928
14/12/2024 11.15,4170
14/12/2024 11.30,4152
14/12/2024 11.45,3876
14/12/2024 12.00,3444
14/12/2024 12.15,3708
14/12/2024 12.30,3024
14/12/2024 12.45,2130
14/12/2024 13.00,2328
14/12/2024 13.15,2376
14/12/2024 13.30,2496
14/12/2024 13.45,2538
14/12/2024 14.00,2808
14/12/2024 14.15,3300
14/12/2024 14.30,3318
14/12/2024 14.45,3312
14/12/2024 15.00,2928
14/12/2024 15.15,3156
14/12/2024 15.30,4308
14/12/2024 15.45,4152
14/12/2024 16.00,4434
14/12/2024 16.15,4530
14/12/2024 16.30,4434
14/12/2024 16.45,3822
14/12/2024 17.00,4266
14/12/2024 17.15,4452
14/12/2024 17.30,4458
14/12/2024 17.45,4662
14/12/2024 18.00,4332
14/12/2024 18.15,4686
14/12/2024 18.30,4512
14/12/2024 18.45,4656
14/12/2024 19.00,4632
14/12/2024 19.15,4722
14/12/2024 19.30,4788
14/12/2024 19.45,3696
14/12/2024 20.00,2940
14/12/2024 20.15,4146
14/12/2024 20.30,4734
14/12/2024 20.45,4332
14/12/2024 21.00,3948
14/12/2024 21.15,4224
14/12/2024 21.30,4584
14/12/2024 21.45,4464
14/12/2024 22.00,4332
14/12/2024 22.15,4440
14/12/2024 22.30,4254
14/12/2024 22.45,4290
14/12/2024 23.00,4632
14/12/2024 23.15,4632
14/12/2024 23.30,4482
14/12/2024 23.45,4260
15/12/2024 00.00,4320
15/12/2024 00.15,4302
15/12/2024 00.30,4218
15/12/2024 00.45,4326
15/12/2024 01.00,4512
15/12/2024 01.15,4704
15/12/2024 01.30,4452
15/12/2024 01.45,4434
15/12/2024 02.00,4692
15/12/2024 02.15,4368
15/12/2024 02.30,4536
15/12/2024 02.45,4392
15/12/2024 03.00,4566
15/12/2024 03.15,4368
15/12/2024 03.30,4470
15/12/2024 03.45,4260
15/12/2024 04.00,4260
15/12/2024 04.15,4332
15/12/2024 04.30,4320
15/12/2024 04.45,4086
15/12/2024 05.00,4350
15/12/2024 05.15,4458
15/12/2024 05.30,4656
15/12/2024 05.45,4500
15/12/2024 06.00,4476
15/12/2024 06.15,4692
15/12/2024 06.30,4686
15/12/2024 06.45,4752
15/12/2024 07.00,4500
15/12/2024 07.15,4356
15/12/2024 07.30,3960
15/12/2024 07.45,3918
15/12/2024 08.00,3264
15/12/2024 08.15,3036
15/12/2024 08.30,2700
15/12/2024 08.45,3258
15/12/2024 09.00,3210
15/12/2024 09.15,3270
15/12/2024 09.30,3288
15/12/2024 09.45,3006
15/12/2024 10.00,2394
15/12/2024 10.15,2346
15/12/2024 10.30,2496
15/12/2024 10.45,2406
15/12/2024 11.00,2970
15/12/2024 11.15,2730
15/12/2024 11.30,2562
15/12/2024 11.45,2574
15/12/2024 12.00,2646
15/12/2024 12.15,2760
15/12/2024 12.30,2580
15/12/2024 12.45,2346
15/12/2024 13.00,2598
15/12/2024 13.15,2544
15/12/2024 13.30,1662
15/12/2024 13.45,1866
15/12/2024 14.00,2058
15/12/2024 14.15,2046
15/12/2024 14.30,2274
15/12/2024 14.45,2520
15/12/2024 15.00,2916
15/12/2024 15.15,3936
15/12/2024 15.30,3780
15/12/2024 15.45,3786
15/12/2024 16.00,4188
15/12/2024 16.15,3822
15/12/2024 16.30,3678
15/12/2024 16.45,4056
15/12/2024 17.00,4218
15/12/2024 17.15,4146
15/12/2024 17.30,4260
15/12/2024 17.45,4368
15/12/2024 18.00,4434
15/12/2024 18.15,4416
15/12/2024 18.30,4464
15/12/2024 18.45,4362
15/12/2024 19.00,4656
15/12/2024 19.15,4698
15/12/2024 19.30,4200
15/12/2024 19.45,4164
15/12/2024 20.00,4170
15/12/2024 20.15,4176
15/12/2024 20.30,4140
15/12/2024 20.45,4086
15/12/2024 21.00,4050
15/12/2024 21.15,4152
15/12/2024 21.30,3990
15/12/2024 21.45,3750
15/12/2024 22.00,3720
15/12/2024 22.15,3798
15/12/2024 22.30,3474
15/12/2024 22.45,3162
15/12/2024 23.00,3090
15/12/2024 23.15,2886
15/12/2024 23.30,2388
15/12/2024 23.45,2394
16/12/2024 00.00,2394
16/12/2024 00.15,2400
16/12/2024 00.30,2364
16/12/2024 00.45,2352
16/12/2024 01.00,2610
16/12/2024 01.15,2844
16/12/2024 01.30,2796
16/12/2024 01.45,2838
16/12/2024 02.00,2796
16/12/2024 02.15,2916
16/12/2024 02.30,3744
16/12/2024 02.45,3840
16/12/2024 03.00,3792
16/12/2024 03.15,3774
16/12/2024 03.30,3912
16/12/2024 03.45,3912
16/12/2024 04.00,3876
16/12/2024 04.15,3600
16/12/2024 04.30,3606
16/12/2024 04.45,3402
16/12/2024 05.00,3240
16/12/2024 05.15,3948
16/12/2024 05.30,3948
16/12/2024 05.45,3918
16/12/2024 06.00,4110
16/12/2024 06.15,4014
16/12/2024 06.30,3816
16/12/2024 06.45,3360
16/12/2024 07.00,3258
16/12/2024 07.15,3258
16/12/2024 07.30,3090
16/12/2024 07.45,2340
16/12/2024 08.00,1986
16/12/2024 08.15,1968
16/12/2024 08.30,1368
16/12/2024 08.45,1698
16/12/2024 09.00,1584
16/12/2024 09.15,1752
16/12/2024 09.30,2160
16/12/2024 09.45,1704
16/12/2024 10.00,2016
16/12/2024 10.15,2016
16/12/2024 10.30,1740
16/12/2024 10.45,1788
16/12/2024 11.00,1494
16/12/2024 11.15,1224
16/12/2024 11.30,1464
16/12/2024 11.45,1542
16/12/2024 12.00,1212
16/12/2024 12.15,1452
16/12/2024 12.30,1896
16/12/2024 12.45,2028
16/12/2024 13.00,1668
16/12/2024 13.15,1800
16/12/2024 13.30,1416
16/12/2024 13.45,1740
16/12/2024 14.00,2124
16/12/2024 14.15,2100
16/12/2024 14.30,2196
16/12/2024 14.45,2256
16/12/2024 15.00,2340
16/12/2024 15.15,2340
16/12/2024 15.30,2490
16/12/2024 15.45,2748
16/12/2024 16.00,2892
16/12/2024 16.15,3084
16/12/2024 16.30,2538
16/12/2024 16.45,2580
16/12/2024 17.00,2946
16/12/2024 17.15,2916
16/12/2024 17.30,2520
16/12/2024 17.45,2694
16/12/2024 18.00,3060
16/12/2024 18.15,2970
16/12/2024 18.30,3006
16/12/2024 18.45,3030
16/12/2024 19.00,3048
16/12/2024 19.15,2934
16/12/2024 19.30,3006
16/12/2024 19.45,2460
16/12/2024 20.00,2508
16/12/2024 20.15,3048
16/12/2024 20.30,3066
16/12/2024 20.45,3042
16/12/2024 21.00,2868
16/12/2024 21.15,2958
16/12/2024 21.30,2904
16/12/2024 21.45,2634
16/12/2024 22.00,2250
16/12/2024 22.15,2532
16/12/2024 22.30,3090
16/12/2024 22.45,3138
16/12/2024 23.00,3084
16/12/2024 23.15,3120
16/12/2024 23.30,3168
16/12/2024 23.45,3120
17/12/2024 00.00,3030
17/12/2024 00.15,3096
17/12/2024 00.30,3240
17/12/2024 00.45,2484
17/12/2024 01.00,2418
17/12/2024 01.15,2376
17/12/2024 01.30,3132
17/12/2024 01.45,2994
17/12/2024 02.00,2988
17/12/2024 02.15,2994
17/12/2024 02.30,2976
17/12/2024 02.45,2904
17/12/2024 03.00,2436
17/12/2024 03.15,2346
17/12/2024 03.30,2304
17/12/2024 03.45,2874
17/12/2024 04.00,2946
17/12/2024 04.15,3036
17/12/2024 04.30,3012
17/12/2024 04.45,2946
17/12/2024 05.00,2958
17/12/2024 05.15,2970
17/12/2024 05.30,2982
17/12/2024 05.45,2400
17/12/2024 06.00,2400
17/12/2024 06.15,2808
17/12/2024 06.30,2832
17/12/2024 06.45,2748
17/12/2024 07.00,2574
17/12/2024 07.15,2268
17/12/2024 07.30,2052
17/12/2024 07.45,1608
17/12/2024 08.00,1524
17/12/2024 08.15,1596
17/12/2024 08.30,1404
17/12/2024 08.45,1668
17/12/2024 09.00,1728
17/12/2024 09.15,1764
17/12/2024 09.30,1884
17/12/2024 09.45,1848
17/12/2024 10.00,1980
17/12/2024 10.15,2064
17/12/2024 10.30,1704
17/12/2024 10.45,1812
17/12/2024 11.00,1884
17/12/2024 11.15,1848
17/12/2024 11.30,1392
17/12/2024 11.45,780
17/12/2024 12.00,1080
17/12/2024 12.15,1392
17/12/2024 12.30,1824
17/12/2024 12.45,1524
17/12/2024 13.00,1740
17/12/2024 13.15,1812
17/12/2024 13.30,1974
17/12/2024 13.45,1944
17/12/2024 14.00,2046
17/12/2024 14.15,2166
17/12/2024 14.30,2184
17/12/2024 14.45,2190
17/12/2024 15.00,2238
17/12/2024 15.15,2388
17/12/2024 15.30,2592
17/12/2024 15.45,2526
17/12/2024 16.00,2592
17/12/2024 16.15,2550
17/12/2024 16.30,2640
17/12/2024 16.45,2862
17/12/2024 17.00,2916
17/12/2024 17.15,2964
17/12/2024 17.30,2886
17/12/2024 17.45,3084
17/12/2024 18.00,3102
17/12/2024 18.15,2844
17/12/2024 18.30,3156
17/12/2024 18.45,2904
17/12/2024 19.00,2520
17/12/2024 19.15,2946
17/12/2024 19.30,2892
17/12/2024 19.45,2502
17/12/2024 20.00,2880
17/12/2024 20.15,3030
17/12/2024 20.30,3024
17/12/2024 20.45,2988
17/12/2024 21.00,2994
17/12/2024 21.15,2970
17/12/2024 21.30,3066
17/12/2024 21.45,3042
17/12/2024 22.00,2982
17/12/2024 22.15,3132
17/12/2024 22.30,3036
17/12/2024 22.45,3132
17/12/2024 23.00,3000
17/12/2024 23.15,2358
17/12/2024 23.30,2730
17/12/2024 23.45,2976
18/12/2024 00.00,2916
18/12/2024 00.15,2952
18/12/2024 00.30,2610
18/12/2024 00.45,2322
18/12/2024 01.00,2628
18/12/2024 01.15,3060
18/12/2024 01.30,2940
18/12/2024 01.45,3024
18/12/2024 02.00,3102
18/12/2024 02.15,2922
18/12/2024 02.30,2994
18/12/2024 02.45,2904
18/12/2024 03.00,3084
18/12/2024 03.15,3030
18/12/2024 03.30,2880
18/12/2024 03.45,2940
18/12/2024 04.00,2790
18/12/2024 04.15,2886
18/12/2024 04.30,2520
18/12/2024 04.45,2940
18/12/2024 05.00,2394
18/12/2024 05.15,2280
18/12/2024 05.30,2064
18/12/2024 05.45,2394
18/12/2024 06.00,2904
18/12/2024 06.15,2748
18/12/2024 06.30,2322
18/12/2024 06.45,2076
18/12/2024 07.00,2082
18/12/2024 07.15,1968
18/12/2024 07.30,2058
18/12/2024 07.45,2136
18/12/2024 08.00,2292
18/12/2024 08.15,2124
18/12/2024 08.30,1980
18/12/2024 08.45,1824
18/12/2024 09.00,1908
18/12/2024 09.15,2004
18/12/2024 09.30,1488
18/12/2024 09.45,960
18/12/2024 10.00,1344
18/12/2024 10.15,1368
18/12/2024 10.30,1536
18/12/2024 10.45,1584
18/12/2024 11.00,1608
18/12/2024 11.15,1548
18/12/2024 11.30,1428
18/12/2024 11.45,1608
18/12/2024 12.00,1440
18/12/2024 12.15,1572
18/12/2024 12.30,1536
18/12/2024 12.45,1596
18/12/2024 13.00,1716
18/12/2024 13.15,1680
18/12/2024 13.30,1680
18/12/2024 13.45,1788
18/12/2024 14.00,1812
18/12/2024 14.15,1902
18/12/2024 14.30,1752
18/12/2024 14.45,1812
18/12/2024 15.00,2064
18/12/2024 15.15,2160
18/12/2024 15.30,2448
18/12/2024 15.45,2100
18/12/2024 16.00,2412
18/12/2024 16.15,2472
18/12/2024 16.30,2508
18/12/2024 16.45,2760
18/12/2024 17.00,2790
18/12/2024 17.15,3036
18/12/2024 17.30,2940
18/12/2024 17.45,3012
18/12/2024 18.00,3090
18/12/2024 18.15,3078
18/12/2024 18.30,3036
18/12/2024 18.45,3036
18/12/2024 19.00,3072
18/12/2024 19.15,2904
18/12/2024 19.30,3048
18/12/2024 19.45,2460
18/12/2024 20.00,2868
18/12/2024 20.15,3138
18/12/2024 20.30,3132
18/12/2024 20.45,2922
18/12/2024 21.00,3024
18/12/2024 21.15,2832
18/12/2024 21.30,2958
18/12/2024 21.45,2952
18/12/2024 22.00,2904
18/12/2024 22.15,2922
18/12/2024 22.30,2754
18/12/2024 22.45,2538
18/12/2024 23.00,3078
18/12/2024 23.15,2910
18/12/2024 23.30,3054
18/12/2024 23.45,2820
19/12/2024 00.00,1674
19/12/2024 00.15,2592
19/12/2024 00.30,2862
19/12/2024 00.45,2910
19/12/2024 01.00,3000
19/12/2024 01.15,2982
19/12/2024 01.30,3012
19/12/2024 01.45,3006
19/12/2024 02.00,2460
19/12/2024 02.15,2430
19/12/2024 02.30,2328
19/12/2024 02.45,2358
19/12/2024 03.00,2376
19/12/2024 03.15,2622
19/12/2024 03.30,2952
19/12/2024 03.45,2952
19/12/2024 04.00,2952
19/12/2024 04.15,2892
19/12/2024 04.30,2748
19/12/2024 04.45,2904
19/12/2024 05.00,2910
19/12/2024 05.15,2946
19/12/2024 05.30,2904
19/12/2024 05.45,2814
19/12/2024 06.00,2844
19/12/2024 06.15,2880
19/12/2024 06.30,2922
19/12/2024 06.45,2832
19/12/2024 07.00,2700
19/12/2024 07.15,2532
19/12/2024 07.30,2424
19/12/2024 07.45,1932
19/12/2024 08.00,1668
19/12/2024 08.15,1764
19/12/2024 08.30,2046
19/12/2024 08.45,2142
19/12/2024 09.00,1968
19/12/2024 09.15,2016
19/12/2024 09.30,1752
19/12/2024 09.45,1836
19/12/2024 10.00,1740
19/12/2024 10.15,1752
19/12/2024 10.30,1692
19/12/2024 10.45,1572
19/12/2024 11.00,1668
19/12/2024 11.15,1524
19/12/2024 11.30,1500
19/12/2024 11.45,1476
19/12/2024 12.00,1524
19/12/2024 12.15,1632
19/12/2024 12.30,1812
19/12/2024 12.45,1344
19/12/2024 13.00,1032
19/12/2024 13.15,1290
19/12/2024 13.30,1788
19/12/2024 13.45,1908
19/12/2024 14.00,2046
19/12/2024 14.15,1902
19/12/2024 14.30,1932
19/12/2024 14.45,2082
19/12/2024 15.00,2136
19/12/2024 15.15,2412
19/12/2024 15.30,2112
19/12/2024 15.45,1908
19/12/2024 16.00,1980
19/12/2024 16.15,2484
19/12/2024 16.30,2760
19/12/2024 16.45,2622
19/12/2024 17.00,2202
19/12/2024 17.15,2658
19/12/2024 17.30,3024
19/12/2024 17.45,2988
19/12/2024 18.00,2970
19/12/2024 18.15,2910
19/12/2024 18.30,2952
19/12/2024 18.45,3066
19/12/2024 19.00,3042
19/12/2024 19.15,2862
19/12/2024 19.30,2682
19/12/2024 19.45,1686
19/12/2024 20.00,2796
19/12/2024 20.15,3090
19/12/2024 20.30,2934
19/12/2024 20.45,2946
19/12/2024 21.00,2532
19/12/2024 21.15,2322
19/12/2024 21.30,2460
19/12/2024 21.45,2832
19/12/2024 22.00,3030
19/12/2024 22.15,2880
19/12/2024 22.30,2922
19/12/2024 22.45,2880
19/12/2024 23.00,2970
19/12/2024 23.15,2964
19/12/2024 23.30,2952
19/12/2024 23.45,3000
20/12/2024 00.00,2784
20/12/2024 00.15,2628
20/12/2024 00.30,2610
20/12/2024 00.45,2940
20/12/2024 01.00,2976
20/12/2024 01.15,3156
20/12/2024 01.30,2934
20/12/2024 01.45,2994
20/12/2024 02.00,2796
20/12/2024 02.15,2520
20/12/2024 02.30,2838
20/12/2024 02.45,2988
20/12/2024 03.00,3096
20/12/2024 03.15,3066
20/12/2024 03.30,3024
20/12/2024 03.45,3072
20/12/2024 04.00,3006
20/12/2024 04.15,2952
20/12/2024 04.30,3024
20/12/2024 04.45,2772
20/12/2024 05.00,2136
20/12/2024 05.15,1968
20/12/2024 05.30,1452
20/12/2024 05.45,1368
20/12/2024 06.00,1326
20/12/2024 06.15,1380
20/12/2024 06.30,1326
20/12/2024 06.45,1242
20/12/2024 07.00,1116
20/12/2024 07.15,948
20/12/2024 07.30,864
20/12/2024 07.45,768
20/12/2024 08.00,756
20/12/2024 08.15,852
20/12/2024 08.30,204
20/12/2024 08.45,0
20/12/2024 09.00,0
20/12/2024 09.15,0
20/12/2024 09.30,12
20/12/2024 09.45,0
20/12/2024 10.00,0
20/12/2024 10.15,0
20/12/2024 10.30,0
20/12/2024 10.45,0
20/12/2024 11.00,24
20/12/2024 11.15,18
20/12/2024 11.30,18
20/12/2024 11.45,6
20/12/2024 12.00,0
20/12/2024 12.15,0
20/12/2024 12.30,0
20/12/2024 12.45,6
20/12/2024 13.00,12
20/12/2024 13.15,18
20/12/2024 13.30,18
20/12/2024 13.45,12
20/12/2024 14.00,24
20/12/2024 14.15,72
20/12/2024 14.30,96
20/12/2024 14.45,18
20/12/2024 15.00,18
20/12/2024 15.15,72
20/12/2024 15.30,90
20/12/2024 15.45,156
20/12/2024 16.00,120
20/12/2024 16.15,228
20/12/2024 16.30,336
20/12/2024 16.45,306
20/12/2024 17.00,372
20/12/2024 17.15,372
20/12/2024 17.30,414
20/12/2024 17.45,396
20/12/2024 18.00,456
20/12/2024 18.15,450
20/12/2024 18.30,462
20/12/2024 18.45,468
20/12/2024 19.00,486
20/12/2024 19.15,456
20/12/2024 19.30,456
20/12/2024 19.45,444
20/12/2024 20.00,528
20/12/2024 20.15,492
20/12/2024 20.30,528
20/12/2024 20.45,492
20/12/2024 21.00,504
20/12/2024 21.15,468
20/12/2024 21.30,462
20/12/2024 21.45,438
20/12/2024 22.00,486
20/12/2024 22.15,456
20/12/2024 22.30,420
20/12/2024 22.45,426
20/12/2024 23.00,468
20/12/2024 23.15,480
20/12/2024 23.30,516
20/12/2024 23.45,492
21/12/2024 00.00,516
21/12/2024 00.15,456
21/12/2024 00.30,450
21/12/2024 00.45,462
21/12/2024 01.00,444
21/12/2024 01.15,480
21/12/2024 01.30,492
21/12/2024 01.45,510
21/12/2024 02.00,516
21/12/2024 02.15,498
21/12/2024 02.30,492
21/12/2024 02.45,486
21/12/2024 03.00,486
21/12/2024 03.15,504
21/12/2024 03.30,450
21/12/2024 03.45,504
21/12/2024 04.00,558
21/12/2024 04.15,714
21/12/2024 04.30,708
21/12/2024 04.45,648
21/12/2024 05.00,558
21/12/2024 05.15,564
21/12/2024 05.30,594
21/12/2024 05.45,732
21/12/2024 06.00,918
21/12/2024 06.15,1074
21/12/2024 06.30,1626
21/12/2024 06.45,1584
21/12/2024 07.00,1266
21/12/2024 07.15,1356
21/12/2024 07.30,1320
21/12/2024 07.45,1596
21/12/2024 08.00,1836
21/12/2024 08.15,1560
21/12/2024 08.30,1668
21/12/2024 08.45,1584
21/12/2024 09.00,1416
21/12/2024 09.15,1152
21/12/2024 09.30,1296
21/12/2024 09.45,1128
21/12/2024 10.00,1056
21/12/2024 10.15,1272
21/12/2024 10.30,1332
21/12/2024 10.45,1248
21/12/2024 11.00,1644
21/12/2024 11.15,1776
21/12/2024 11.30,1560
21/12/2024 11.45,1452
21/12/2024 12.00,1548
21/12/2024 12.15,1728
21/12/2024 12.30,1632
21/12/2024 12.45,1680
21/12/2024 13.00,2016
21/12/2024 13.15,1986
21/12/2024 13.30,1656
21/12/2024 13.45,1614
21/12/2024 14.00,1950
21/12/2024 14.15,1422
21/12/2024 14.30,1602
21/12/2024 14.45,1662
21/12/2024 15.00,2022
21/12/2024 15.15,2304
21/12/2024 15.30,2268
21/12/2024 15.45,2202
21/12/2024 16.00,2166
21/12/2024 16.15,2406
21/12/2024 16.30,2418
21/12/2024 16.45,2778
21/12/2024 17.00,2892
21/12/2024 17.15,2952
21/12/2024 17.30,2970
21/12/2024 17.45,2808
21/12/2024 18.00,2898
21/12/2024 18.15,2988
21/12/2024 18.30,3024
21/12/2024 18.45,2976
21/12/2024 19.00,2742
21/12/2024 19.15,2826
21/12/2024 19.30,2376
21/12/2024 19.45,1596
21/12/2024 20.00,1722
21/12/2024 20.15,2388
21/12/2024 20.30,2982
21/12/2024 20.45,2958
21/12/2024 21.00,3144
21/12/2024 21.15,3132
21/12/2024 21.30,3012
21/12/2024 21.45,2592
21/12/2024 22.00,2412
21/12/2024 22.15,2844
21/12/2024 22.30,3096
21/12/2024 22.45,3048
21/12/2024 23.00,2484
21/12/2024 23.15,1668
21/12/2024 23.30,1674
21/12/2024 23.45,2700
22/12/2024 00.00,3180
22/12/2024 00.15,3144
22/12/2024 00.30,3096
22/12/2024 00.45,3018
22/12/2024 01.00,2910
22/12/2024 01.15,3096
22/12/2024 01.30,2904
22/12/2024 01.45,1860
22/12/2024 02.00,1680
22/12/2024 02.15,1980
22/12/2024 02.30,3114
22/12/2024 02.45,3144
22/12/2024 03.00,3132
22/12/2024 03.15,2574
22/12/2024 03.30,2310
22/12/2024 03.45,2664
22/12/2024 04.00,3186
22/12/2024 04.15,3186
22/12/2024 04.30,3120
22/12/2024 04.45,3078
22/12/2024 05.00,2568
22/12/2024 05.15,1668
22/12/2024 05.30,1680
22/12/2024 05.45,1716
22/12/2024 06.00,2676
22/12/2024 06.15,3096
22/12/2024 06.30,3144
22/12/2024 06.45,3060
22/12/2024 07.00,3072
22/12/2024 07.15,2796
22/12/2024 07.30,2712
22/12/2024 07.45,1752
22/12/2024 08.00,1578
22/12/2024 08.15,2328
22/12/2024 08.30,2250
22/12/2024 08.45,1776
22/12/2024 09.00,2088
22/12/2024 09.15,2208
22/12/2024 09.30,1908
22/12/2024 09.45,2100
22/12/2024 10.00,2196
22/12/2024 10.15,1452
22/12/2024 10.30,1176
22/12/2024 10.45,1368
22/12/2024 11.00,1488
22/12/2024 11.15,1974
22/12/2024 11.30,1656
22/12/2024 11.45,1632
22/12/2024 12.00,1404
22/12/2024 12.15,1548
22/12/2024 12.30,1320
22/12/2024 12.45,1272
22/12/2024 13.00,1224
22/12/2024 13.15,1596
22/12/2024 13.30,1908
22/12/2024 13.45,1920
22/12/2024 14.00,1500
22/12/2024 14.15,1206
22/12/2024 14.30,1236
22/12/2024 14.45,1680
22/12/2024 15.00,2124
22/12/2024 15.15,2364
22/12/2024 15.30,2484
22/12/2024 15.45,2376
22/12/2024 16.00,2712
22/12/2024 16.15,2640
22/12/2024 16.30,2328
22/12/2024 16.45,2100
22/12/2024 17.00,2316
22/12/2024 17.15,2952
22/12/2024 17.30,2934
22/12/2024 17.45,3042
22/12/2024 18.00,2976
22/12/2024 18.15,2472
22/12/2024 18.30,2196
22/12/2024 18.45,2766
22/12/2024 19.00,2796
22/12/2024 19.15,2940
22/12/2024 19.30,2736
22/12/2024 19.45,1722
22/12/2024 20.00,2232
22/12/2024 20.15,2796
22/12/2024 20.30,2856
22/12/2024 20.45,2850
22/12/2024 21.00,2850
22/12/2024 21.15,2868
22/12/2024 21.30,2910
22/12/2024 21.45,2610
22/12/2024 22.00,2802
22/12/2024 22.15,2628
22/12/2024 22.30,2682
22/12/2024 22.45,2688
22/12/2024 23.00,2688
22/12/2024 23.15,2808
22/12/2024 23.30,2736
22/12/2024 23.45,3030
23/12/2024 00.00,2790
23/12/2024 00.15,2844
23/12/2024 00.30,3000
23/12/2024 00.45,2904
23/12/2024 01.00,2376
23/12/2024 01.15,1812
23/12/2024 01.30,2070
23/12/2024 01.45,2568
23/12/2024 02.00,2640
23/12/2024 02.15,2724
23/12/2024 02.30,2964
23/12/2024 02.45,2802
23/12/2024 03.00,2724
23/12/2024 03.15,2784
23/12/2024 03.30,2376
23/12/2024 03.45,2256
23/12/2024 04.00,2208
23/12/2024 04.15,2328
23/12/2024 04.30,2304
23/12/2024 04.45,2556
23/12/2024 05.00,2544
23/12/2024 05.15,2328
23/12/2024 05.30,2514
23/12/2024 05.45,2718
23/12/2024 06.00,2754
23/12/2024 06.15,2688
23/12/2024 06.30,2616
23/12/2024 06.45,2100
23/12/2024 07.00,1968
23/12/2024 07.15,2148
23/12/2024 07.30,1920
23/12/2024 07.45,1296
23/12/2024 08.00,1092
23/12/2024 08.15,1314
23/12/2024 08.30,1614
23/12/2024 08.45,1560
23/12/2024 09.00,1536
23/12/2024 09.15,1656
23/12/2024 09.30,1968
23/12/2024 09.45,1884
23/12/2024 10.00,1608
23/12/2024 10.15,1284
23/12/2024 10.30,1188
23/12/2024 10.45,1308
23/12/2024 11.00,1380
23/12/2024 11.15,978
23/12/2024 11.30,948
23/12/2024 11.45,732
23/12/2024 12.00,1056
23/12/2024 12.15,1284
23/12/2024 12.30,1284
23/12/2024 12.45,1092
23/12/2024 13.00,1452
23/12/2024 13.15,1596
23/12/2024 13.30,1620
23/12/2024 13.45,1656
23/12/2024 14.00,1776
23/12/2024 14.15,1440
23/12/2024 14.30,1368
23/12/2024 14.45,1350
23/12/2024 15.00,1692
23/12/2024 15.15,1542
23/12/2024 15.30,2160
23/12/2024 15.45,2340
23/12/2024 16.00,2388
23/12/2024 16.15,2376
23/12/2024 16.30,2724
23/12/2024 16.45,1956
23/12/2024 17.00,2082
23/12/2024 17.15,2832
23/12/2024 17.30,2802
23/12/2024 17.45,2598
23/12/2024 18.00,2346
23/12/2024 18.15,2358
23/12/2024 18.30,2382
23/12/2024 18.45,2154
23/12/2024 19.00,2196
23/12/2024 19.15,2208
23/12/2024 19.30,2148
23/12/2024 19.45,2280
23/12/2024 20.00,2424
23/12/2024 20.15,2646
23/12/2024 20.30,2556
23/12/2024 20.45,2472
23/12/2024 21.00,2400
23/12/2024 21.15,2538
23/12/2024 21.30,2814
23/12/2024 21.45,2772
23/12/2024 22.00,3432
23/12/2024 22.15,4032
23/12/2024 22.30,4176
23/12/2024 22.45,4230
23/12/2024 23.00,4464
23/12/2024 23.15,4704
23/12/2024 23.30,4656
23/12/2024 23.45,4398
24/12/2024 00.00,4440
24/12/2024 00.15,4608
24/12/2024 00.30,4764
24/12/2024 00.45,4836
24/12/2024 01.00,4512
24/12/2024 01.15,4494
24/12/2024 01.30,4146
24/12/2024 01.45,4188
24/12/2024 02.00,4152
24/12/2024 02.15,4044
24/12/2024 02.30,3516
24/12/2024 02.45,2952
24/12/2024 03.00,2850
24/12/2024 03.15,2718
24/12/2024 03.30,2772
24/12/2024 03.45,2622
24/12/2024 04.00,2694
24/12/2024 04.15,2682
24/12/2024 04.30,2664
24/12/2024 04.45,2610
24/12/2024 05.00,2568
24/12/2024 05.15,2406
24/12/2024 05.30,2448
24/12/2024 05.45,2376
24/12/2024 06.00,2310
24/12/2024 06.15,2004
24/12/2024 06.30,1944
24/12/2024 06.45,2064
24/12/2024 07.00,2064
24/12/2024 07.15,1758
24/12/2024 07.30,1182
24/12/2024 07.45,1098
24/12/2024 08.00,1416
24/12/2024 08.15,1218
24/12/2024 08.30,1044
24/12/2024 08.45,1272
24/12/2024 09.00,1464
24/12/2024 09.15,1380
24/12/2024 09.30,1140
24/12/2024 09.45,744
24/12/2024 10.00,1242
24/12/2024 10.15,804
24/12/2024 10.30,888
24/12/2024 10.45,936
24/12/2024 11.00,1182
24/12/2024 11.15,720
24/12/2024 11.30,852
24/12/2024 11.45,540
24/12/2024 12.00,774
24/12/2024 12.15,984
24/12/2024 12.30,990
24/12/2024 12.45,990
24/12/2024 13.00,1008
24/12/2024 13.15,1092
24/12/2024 13.30,936
24/12/2024 13.45,1026
24/12/2024 14.00,906
24/12/2024 14.15,882
24/12/2024 14.30,780
24/12/2024 14.45,912
24/12/2024 15.00,1056
24/12/2024 15.15,1074
24/12/2024 15.30,1032
24/12/2024 15.45,1158
24/12/2024 16.00,978
24/12/2024 16.15,984
24/12/2024 16.30,1476
24/12/2024 16.45,1728
24/12/2024 17.00,1704
24/12/2024 17.15,1884
24/12/2024 17.30,1968
24/12/2024 17.45,2064
24/12/2024 18.00,2064
24/12/2024 18.15,2004
24/12/2024 18.30,1938
24/12/2024 18.45,1992
24/12/2024 19.00,1926
24/12/2024 19.15,1956
24/12/2024 19.30,2016
24/12/2024 19.45,1668
24/12/2024 20.00,1686
24/12/2024 20.15,2016
24/12/2024 20.30,2040
24/12/2024 20.45,2064
24/12/2024 21.00,1920
24/12/2024 21.15,1788
24/12/2024 21.30,1854
24/12/2024 21.45,2076
24/12/2024 22.00,2196
24/12/2024 22.15,2232
24/12/2024 22.30,2130
24/12/2024 22.45,2112
24/12/2024 23.00,1818
24/12/2024 23.15,1794
24/12/2024 23.30,1788
24/12/2024 23.45,1848
25/12/2024 00.00,2094
25/12/2024 00.15,2076
25/12/2024 00.30,2034
25/12/2024 00.45,2106
25/12/2024 01.00,2016
25/12/2024 01.15,2154
25/12/2024 01.30,2016
25/12/2024 01.45,1818
25/12/2024 02.00,1602
25/12/2024 02.15,1890
25/12/2024 02.30,1830
25/12/2024 02.45,1848
25/12/2024 03.00,1752
25/12/2024 03.15,1848
25/12/2024 03.30,1812
25/12/2024 03.45,1848
25/12/2024 04.00,1800
25/12/2024 04.15,1776
25/12/2024 04.30,1782
25/12/2024 04.45,1866
25/12/2024 05.00,1896
25/12/2024 05.15,1812
25/12/2024 05.30,1866
25/12/2024 05.45,1770
25/12/2024 06.00,1836
25/12/2024 06.15,1854
25/12/2024 06.30,1800
25/12/2024 06.45,1740
25/12/2024 07.00,1668
25/12/2024 07.15,1446
25/12/2024 07.30,1416
25/12/2024 07.45,1134
25/12/2024 08.00,834
25/12/2024 08.15,1410
25/12/2024 08.30,1440
25/12/2024 08.45,912
25/12/2024 09.00,948
25/12/2024 09.15,924
25/12/2024 09.30,882
25/12/2024 09.45,672
25/12/2024 10.00,924
25/12/2024 10.15,876
25/12/2024 10.30,930
25/12/2024 10.45,900
25/12/2024 11.00,1080
25/12/2024 11.15,1206
25/12/2024 11.30,1206
25/12/2024 11.45,852
25/12/2024 12.00,666
25/12/2024 12.15,552
25/12/2024 12.30,576
25/12/2024 12.45,696
25/12/2024 13.00,1026
25/12/2024 13.15,1248
25/12/2024 13.30,1206
25/12/2024 13.45,1104
25/12/2024 14.00,864
25/12/2024 14.15,942
25/12/2024 14.30,786
25/12/2024 14.45,1074
25/12/2024 15.00,1092
25/12/2024 15.15,1176
25/12/2024 15.30,1230
25/12/2024 15.45,1266
25/12/2024 16.00,1344
25/12/2024 16.15,1314
25/12/2024 16.30,1764
25/12/2024 16.45,1710
25/12/2024 17.00,1860
25/12/2024 17.15,2148
25/12/2024 17.30,2088
25/12/2024 17.45,1860
25/12/2024 18.00,2010
25/12/2024 18.15,1752
25/12/2024 18.30,2070
25/12/2024 18.45,2070
25/12/2024 19.00,2124
25/12/2024 19.15,1608
25/12/2024 19.30,1836
25/12/2024 19.45,1650
25/12/2024 20.00,1374
25/12/2024 20.15,1560
25/12/2024 20.30,2112
25/12/2024 20.45,1968
25/12/2024 21.00,1968
25/12/2024 21.15,2256
25/12/2024 21.30,2064
25/12/2024 21.45,1842
25/12/2024 22.00,1680
25/12/2024 22.15,1776
25/12/2024 22.30,1704
25/12/2024 22.45,1812
25/12/2024 23.00,1752
25/12/2024 23.15,1794
25/12/2024 23.30,1812
25/12/2024 23.45,1800
26/12/2024 00.00,1764
26/12/2024 00.15,1890
26/12/2024 00.30,1842
26/12/2024 00.45,1722
26/12/2024 01.00,1764
26/12/2024 01.15,1632
26/12/2024 01.30,1716
26/12/2024 01.45,1752
26/12/2024 02.00,1842
26/12/2024 02.15,1668
26/12/2024 02.30,1740
26/12/2024 02.45,1686
26/12/2024 03.00,1920
26/12/2024 03.15,1704
26/12/2024 03.30,1764
26/12/2024 03.45,1794
26/12/2024 04.00,1776
26/12/2024 04.15,1788
26/12/2024 04.30,1644
26/12/2024 04.45,1824
26/12/2024 05.00,2250
26/12/2024 05.15,2112
26/12/2024 05.30,2298
26/12/2024 05.45,2286
26/12/2024 06.00,2076
26/12/2024 06.15,2052
26/12/2024 06.30,1644
26/12/2024 06.45,1320
26/12/2024 07.00,1152
26/12/2024 07.15,1098
26/12/2024 07.30,1026
26/12/2024 07.45,978
26/12/2024 08.00,912
26/12/2024 08.15,834
26/12/2024 08.30,696
26/12/2024 08.45,540
26/12/2024 09.00,606
26/12/2024 09.15,516
26/12/2024 09.30,510
26/12/2024 09.45,528
26/12/2024 10.00,444
26/12/2024 10.15,414
26/12/2024 10.30,474
26/12/2024 10.45,492
26/12/2024 11.00,498
26/12/2024 11.15,456
26/12/2024 11.30,462
26/12/2024 11.45,414
26/12/2024 12.00,288
26/12/2024 12.15,162
26/12/2024 12.30,240
26/12/2024 12.45,378
26/12/2024 13.00,474
26/12/2024 13.15,294
26/12/2024 13.30,240
26/12/2024 13.45,558
26/12/2024 14.00,534
26/12/2024 14.15,606
26/12/2024 14.30,636
26/12/2024 14.45,636
26/12/2024 15.00,672
26/12/2024 15.15,408
26/12/2024 15.30,90
26/12/2024 15.45,48
26/12/2024 16.00,48
26/12/2024 16.15,108
26/12/2024 16.30,192
26/12/2024 16.45,174
26/12/2024 17.00,216
26/12/2024 17.15,252
26/12/2024 17.30,186
26/12/2024 17.45,162
26/12/2024 18.00,168
26/12/2024 18.15,162
26/12/2024 18.30,156
26/12/2024 18.45,156
26/12/2024 19.00,156
26/12/2024 19.15,156
26/12/2024 19.30,150
26/12/2024 19.45,174
26/12/2024 20.00,162
26/12/2024 20.15,84
26/12/2024 20.30,90
26/12/2024 20.45,90
26/12/2024 21.00,78
26/12/2024 21.15,90
26/12/2024 21.30,90
26/12/2024 21.45,66
26/12/2024 22.00,102
26/12/2024 22.15,114
26/12/2024 22.30,144
26/12/2024 22.45,174
26/12/2024 23.00,192
26/12/2024 23.15,204
26/12/2024 23.30,210
26/12/2024 23.45,210
27/12/2024 00.00,210
27/12/2024 00.15,210
27/12/2024 00.30,240
27/12/2024 00.45,216
27/12/2024 01.00,216
27/12/2024 01.15,216
27/12/2024 01.30,216
27/12/2024 01.45,204
27/12/2024 02.00,240
27/12/2024 02.15,216
27/12/2024 02.30,204
27/12/2024 02.45,216
27/12/2024 03.00,204
27/12/2024 03.15,204
27/12/2024 03.30,204
27/12/2024 03.45,228
27/12/2024 04.00,192
27/12/2024 04.15,204
27/12/2024 04.30,216
27/12/2024 04.45,210
27/12/2024 05.00,90
27/12/2024 05.15,72
27/12/2024 05.30,66
27/12/2024 05.45,72
27/12/2024 06.00,72
27/12/2024 06.15,60
27/12/2024 06.30,60
27/12/2024 06.45,54
27/12/2024 07.00,24
27/12/2024 07.15,6
27/12/2024 07.30,12
27/12/2024 07.45,0
27/12/2024 08.00,0
27/12/2024 08.15,0
27/12/2024 08.30,0
27/12/2024 08.45,0
27/12/2024 09.00,0
27/12/2024 09.15,0
27/12/2024 09.30,0
27/12/2024 09.45,0
27/12/2024 10.00,0
27/12/2024 10.15,0
27/12/2024 10.30,0
27/12/2024 10.45,0
27/12/2024 11.00,0
27/12/2024 11.15,0
27/12/2024 11.30,0
27/12/2024 11.45,0
27/12/2024 12.00,0
27/12/2024 12.15,0
27/12/2024 12.30,0
27/12/2024 12.45,0
27/12/2024 13.00,0
27/12/2024 13.15,0
27/12/2024 13.30,0
27/12/2024 13.45,0
27/12/2024 14.00,0
27/12/2024 14.15,0
27/12/2024 14.30,0
27/12/2024 14.45,0
27/12/2024 15.00,0
27/12/2024 15.15,0
27/12/2024 15.30,0
27/12/2024 15.45,0
27/12/2024 16.00,0
27/12/2024 16.15,0
27/12/2024 16.30,0
27/12/2024 16.45,12
27/12/2024 17.00,12
27/12/2024 17.15,36
27/12/2024 17.30,66
27/12/2024 17.45,60
27/12/2024 18.00,72
27/12/2024 18.15,60
27/12/2024 18.30,60
27/12/2024 18.45,60
27/12/2024 19.00,60
27/12/2024 19.15,60
27/12/2024 19.30,66
27/12/2024 19.45,60
27/12/2024 20.00,72
27/12/2024 20.15,60
27/12/2024 20.30,60
27/12/2024 20.45,72
27/12/2024 21.00,72
27/12/2024 21.15,66
27/12/2024 21.30,84
27/12/2024 21.45,60
27/12/2024 22.00,60
27/12/2024 22.15,72
27/12/2024 22.30,60
27/12/2024 22.45,60
27/12/2024 23.00,72
27/12/2024 23.15,60
27/12/2024 23.30,60
27/12/2024 23.45,60
28/12/2024 00.00,72
28/12/2024 00.15,60
28/12/2024 00.30,72
28/12/2024 00.45,66
28/12/2024 01.00,72
28/12/2024 01.15,60
28/12/2024 01.30,72
28/12/2024 01.45,72
28/12/2024 02.00,60
28/12/2024 02.15,60
28/12/2024 02.30,60
28/12/2024 02.45,60
28/12/2024 03.00,84
28/12/2024 03.15,60
28/12/2024 03.30,60
28/12/2024 03.45,72
28/12/2024 04.00,60
28/12/2024 04.15,72
28/12/2024 04.30,84
28/12/2024 04.45,60
28/12/2024 05.00,60
28/12/2024 05.15,60
28/12/2024 05.30,60
28/12/2024 05.45,72
28/12/2024 06.00,60
28/12/2024 06.15,60
28/12/2024 06.30,54
28/12/2024 06.45,42
28/12/2024 07.00,36
28/12/2024 07.15,12
28/12/2024 07.30,0
28/12/2024 07.45,0
28/12/2024 08.00,0
28/12/2024 08.15,0
28/12/2024 08.30,0
28/12/2024 08.45,0
28/12/2024 09.00,0
28/12/2024 09.15,0
28/12/2024 09.30,0
28/12/2024 09.45,0
28/12/2024 10.00,0
28/12/2024 10.15,0
28/12/2024 10.30,0
28/12/2024 10.45,0
28/12/2024 11.00,0
28/12/2024 11.15,0
28/12/2024 11.30,0
28/12/2024 11.45,0
28/12/2024 12.00,0
28/12/2024 12.15,0
28/12/2024 12.30,0
28/12/2024 12.45,0
28/12/2024 13.00,0
28/12/2024 13.15,0
28/12/2024 13.30,0
28/12/2024 13.45,0
28/12/2024 14.00,0
28/12/2024 14.15,0
28/12/2024 14.30,0
28/12/2024 14.45,0
28/12/2024 15.00,0
28/12/2024 15.15,0
28/12/2024 15.30,0
28/12/2024 15.45,0
28/12/2024 16.00,0
28/12/2024 16.15,0
28/12/2024 16.30,0
28/12/2024 16.45,0
28/12/2024 17.00,24
28/12/2024 17.15,24
28/12/2024 17.30,36
28/12/2024 17.45,60
28/12/2024 18.00,72
28/12/2024 18.15,72
28/12/2024 18.30,66
28/12/2024 18.45,72
28/12/2024 19.00,66
28/12/2024 19.15,66
28/12/2024 19.30,78
28/12/2024 19.45,48
28/12/2024 20.00,66
28/12/2024 20.15,72
28/12/2024 20.30,48
28/12/2024 20.45,60
28/12/2024 21.00,66
28/12/2024 21.15,60
28/12/2024 21.30,60
28/12/2024 21.45,90
28/12/2024 22.00,60
28/12/2024 22.15,60
28/12/2024 22.30,72
28/12/2024 22.45,60
28/12/2024 23.00,60
28/12/2024 23.15,60
28/12/2024 23.30,72
28/12/2024 23.45,60
29/12/2024 00.00,60
29/12/2024 00.15,60
29/12/2024 00.30,66
29/12/2024 00.45,60
29/12/2024 01.00,60
29/12/2024 01.15,72
29/12/2024 01.30,60
29/12/2024 01.45,60
29/12/2024 02.00,60
29/12/2024 02.15,60
29/12/2024 02.30,72
29/12/2024 02.45,60
29/12/2024 03.00,60
29/12/2024 03.15,60
29/12/2024 03.30,60
29/12/2024 03.45,60
29/12/2024 04.00,60
29/12/2024 04.15,72
29/12/2024 04.30,60
29/12/2024 04.45,60
29/12/2024 05.00,72
29/12/2024 05.15,60
29/12/2024 05.30,60
29/12/2024 05.45,66
29/12/2024 06.00,48
29/12/2024 06.15,60
29/12/2024 06.30,60
29/12/2024 06.45,42
29/12/2024 07.00,48
29/12/2024 07.15,12
29/12/2024 07.30,0
29/12/2024 07.45,0
29/12/2024 08.00,0
29/12/2024 08.15,0
29/12/2024 08.30,0
29/12/2024 08.45,0
29/12/2024 09.00,0
29/12/2024 09.15,0
29/12/2024 09.30,0
29/12/2024 09.45,0
29/12/2024 10.00,0
29/12/2024 10.15,0
29/12/2024 10.30,0
29/12/2024 10.45,0
29/12/2024 11.00,0
29/12/2024 11.15,0
29/12/2024 11.30,0
29/12/2024 11.45,0
29/12/2024 12.00,0
29/12/2024 12.15,0
29/12/2024 12.30,0
29/12/2024 12.45,0
29/12/2024 13.00,0
29/12/2024 13.15,0
29/12/2024 13.30,0
29/12/2024 13.45,0
29/12/2024 14.00,0
29/12/2024 14.15,0
29/12/2024 14.30,0
29/12/2024 14.45,0
29/12/2024 15.00,0
29/12/2024 15.15,0
29/12/2024 15.30,0
29/12/2024 15.45,0
29/12/2024 16.00,0
29/12/2024 16.15,0
29/12/2024 16.30,0
29/12/2024 16.45,0
29/12/2024 17.00,12
29/12/2024 17.15,24
29/12/2024 17.30,48
29/12/2024 17.45,78
29/12/2024 18.00,84
29/12/2024 18.15,72
29/12/2024 18.30,78
29/12/2024 18.45,72
29/12/2024 19.00,72
29/12/2024 19.15,84
29/12/2024 19.30,72
29/12/2024 19.45,78
29/12/2024 20.00,72
29/12/2024 20.15,66
29/12/2024 20.30,72
29/12/2024 20.45,66
29/12/2024 21.00,72
29/12/2024 21.15,78
29/12/2024 21.30,72
29/12/2024 21.45,84
29/12/2024 22.00,72
29/12/2024 22.15,66
29/12/2024 22.30,84
29/12/2024 22.45,84
29/12/2024 23.00,90
29/12/2024 23.15,144
29/12/2024 23.30,132
29/12/2024 23.45,132
30/12/2024 00.00,144
30/12/2024 00.15,132
30/12/2024 00.30,132
30/12/2024 00.45,156
30/12/2024 01.00,144
30/12/2024 01.15,144
30/12/2024 01.30,156
30/12/2024 01.45,138
30/12/2024 02.00,144
30/12/2024 02.15,144
30/12/2024 02.30,132
30/12/2024 02.45,132
30/12/2024 03.00,132
30/12/2024 03.15,132
30/12/2024 03.30,144
30/12/2024 03.45,132
30/12/2024 04.00,144
30/12/2024 04.15,132
30/12/2024 04.30,144
30/12/2024 04.45,168
30/12/2024 05.00,162
30/12/2024 05.15,174
30/12/2024 05.30,162
30/12/2024 05.45,162
30/12/2024 06.00,156
30/12/2024 06.15,156
30/12/2024 06.30,156
30/12/2024 06.45,114
30/12/2024 07.00,36
30/12/2024 07.15,0
30/12/2024 07.30,0
30/12/2024 07.45,0
30/12/2024 08.00,0
30/12/2024 08.15,0
30/12/2024 08.30,0
30/12/2024 08.45,0
30/12/2024 09.00,0
30/12/2024 09.15,0
30/12/2024 09.30,0
30/12/2024 09.45,0
30/12/2024 10.00,0
30/12/2024 10.15,0
30/12/2024 10.30,0
30/12/2024 10.45,0
30/12/2024 11.00,0
30/12/2024 11.15,0
30/12/2024 11.30,0
30/12/2024 11.45,0
30/12/2024 12.00,0
30/12/2024 12.15,0
30/12/2024 12.30,0
30/12/2024 12.45,0
30/12/2024 13.00,0
30/12/2024 13.15,0
30/12/2024 13.30,0
30/12/2024 13.45,0
30/12/2024 14.00,0
30/12/2024 14.15,0
30/12/2024 14.30,0
30/12/2024 14.45,0
30/12/2024 15.00,0
30/12/2024 15.15,0
30/12/2024 15.30,0
30/12/2024 15.45,0
30/12/2024 16.00,0
30/12/2024 16.15,0
30/12/2024 16.30,0
30/12/2024 16.45,0
30/12/2024 17.00,0
30/12/2024 17.15,12
30/12/2024 17.30,54
30/12/2024 17.45,66
30/12/2024 18.00,66
30/12/2024 18.15,84
30/12/2024 18.30,78
30/12/2024 18.45,78
30/12/2024 19.00,66
30/12/2024 19.15,78
30/12/2024 19.30,90
30/12/2024 19.45,66
30/12/2024 20.00,90
30/12/2024 20.15,78
30/12/2024 20.30,66
30/12/2024 20.45,78
30/12/2024 21.00,78
30/12/2024 21.15,66
30/12/2024 21.30,90
30/12/2024 21.45,78
30/12/2024 22.00,66
30/12/2024 22.15,78
30/12/2024 22.30,66
30/12/2024 22.45,66
30/12/2024 23.00,132
30/12/2024 23.15,168
30/12/2024 23.30,168
30/12/2024 23.45,168
31/12/2024 00.00,168
31/12/2024 00.15,180
31/12/2024 00.30,162
31/12/2024 00.45,168
31/12/2024 01.00,168
31/12/2024 01.15,162
31/12/2024 01.30,186
31/12/2024 01.45,156
31/12/2024 02.00,162
31/12/2024 02.15,186
31/12/2024 02.30,162
31/12/2024 02.45,162
31/12/2024 03.00,186
31/12/2024 03.15,162
31/12/2024 03.30,174
31/12/2024 03.45,174
31/12/2024 04.00,162
31/12/2024 04.15,174
31/12/2024 04.30,186
31/12/2024 04.45,132
31/12/2024 05.00,144
31/12/2024 05.15,132
31/12/2024 05.30,132
31/12/2024 05.45,138
31/12/2024 06.00,132
31/12/2024 06.15,132
31/12/2024 06.30,120
31/12/2024 06.45,84
31/12/2024 07.00,24
31/12/2024 07.15,12
31/12/2024 07.30,0
31/12/2024 07.45,0
31/12/2024 08.00,0
31/12/2024 08.15,0
31/12/2024 08.30,0
31/12/2024 08.45,0
31/12/2024 09.00,6
31/12/2024 09.15,0
31/12/2024 09.30,0
31/12/2024 09.45,0
31/12/2024 10.00,0
31/12/2024 10.15,0
31/12/2024 10.30,0
31/12/2024 10.45,0
31/12/2024 11.00,0
31/12/2024 11.15,0
31/12/2024 11.30,0
31/12/2024 11.45,0
31/12/2024 12.00,0
31/12/2024 12.15,0
31/12/2024 12.30,0
31/12/2024 12.45,0
31/12/2024 13.00,6
31/12/2024 13.15,0
31/12/2024 13.30,0
31/12/2024 13.45,0
31/12/2024 14.00,0
31/12/2024 14.15,0
31/12/2024 14.30,0
31/12/2024 14.45,0
31/12/2024 15.00,0
31/12/2024 15.15,0
31/12/2024 15.30,0
31/12/2024 15.45,0
31/12/2024 16.00,0
31/12/2024 16.15,0
31/12/2024 16.30,0
31/12/2024 16.45,0
31/12/2024 17.00,12
31/12/2024 17.15,30
31/12/2024 17.30,60
31/12/2024 17.45,66
31/12/2024 18.00,72
31/12/2024 18.15,66
31/12/2024 18.30,72
31/12/2024 18.45,54
31/12/2024 19.00,66
31/12/2024 19.15,78
31/12/2024 19.30,66
31/12/2024 19.45,66
31/12/2024 20.00,66
31/12/2024 20.15,66
31/12/2024 20.30,66
31/12/2024 20.45,78
31/12/2024 21.00,66
31/12/2024 21.15,66
31/12/2024 21.30,66
31/12/2024 21.45,66
31/12/2024 22.00,66
31/12/2024 22.15,78
31/12/2024 22.30,66
31/12/2024 22.45,66
31/12/2024 23.00,84
31/12/2024 23.15,132
31/12/2024 23.30,126
31/12/2024 23.45,144
