timestamp,load,day_of_week,month,load_lag1,load_lag2,pv_produce,pv_serve_load,pv_curtailed,load_existing
2024-01-01 00:00:00,130.5,0,1,0.0,0.0,0.0,0.0,0.0,130.5
2024-01-01 01:00:00,132.0,0,1,130.5,0.0,0.0,0.0,0.0,132.0
2024-01-01 02:00:00,166.5,0,1,132.0,130.5,0.0,0.0,0.0,166.5
2024-01-01 03:00:00,168.0,0,1,166.5,132.0,0.0,0.0,0.0,168.0
2024-01-01 04:00:00,177.0,0,1,168.0,166.5,0.0,0.0,0.0,177.0
2024-01-01 05:00:00,174.0,0,1,177.0,168.0,0.0,0.0,0.0,174.0
2024-01-01 06:00:00,108.0,0,1,174.0,177.0,0.0,0.0,0.0,108.0
2024-01-01 07:00:00,1.5,0,1,108.0,174.0,82.51590728759766,1.5,81.01590728759766,0.0
2024-01-01 08:00:00,0.0,0,1,1.5,108.0,229.24359798431396,0.0,229.24359798431396,0.0
2024-01-01 09:00:00,0.0,0,1,0.0,1.5,341.13123893737793,0.0,341.13123893737793,0.0
2024-01-01 10:00:00,0.0,0,1,0.0,0.0,418.60450744628906,0.0,418.60450744628906,0.0
2024-01-01 11:00:00,0.0,0,1,0.0,0.0,459.37129497528076,0.0,459.37129497528076,0.0
2024-01-01 12:00:00,0.0,0,1,0.0,0.0,459.01110649108887,0.0,459.01110649108887,0.0
2024-01-01 13:00:00,0.0,0,1,0.0,0.0,408.61746311187744,0.0,408.61746311187744,0.0
2024-01-01 14:00:00,0.0,0,1,0.0,0.0,357.17599868774414,0.0,357.17599868774414,0.0
2024-01-01 15:00:00,6.0,0,1,0.0,0.0,281.40543937683105,6.0,275.40543937683105,0.0
2024-01-01 16:00:00,3.0,0,1,6.0,0.0,152.7526617050171,3.0,149.7526617050171,0.0
2024-01-01 17:00:00,103.5,0,1,3.0,6.0,40.93050956726074,40.93050956726074,0.0,62.56949043273926
2024-01-01 18:00:00,132.0,0,1,103.5,3.0,0.0,0.0,0.0,132.0
2024-01-01 19:00:00,126.0,0,1,132.0,103.5,0.0,0.0,0.0,126.0
2024-01-01 20:00:00,163.5,0,1,126.0,132.0,0.0,0.0,0.0,163.5
2024-01-01 21:00:00,166.5,0,1,163.5,126.0,0.0,0.0,0.0,166.5
2024-01-01 22:00:00,168.0,0,1,166.5,163.5,0.0,0.0,0.0,168.0
2024-01-01 23:00:00,169.5,0,1,168.0,166.5,0.0,0.0,0.0,169.5
2024-01-02 00:00:00,129.0,1,1,169.5,168.0,0.0,0.0,0.0,129.0
2024-01-02 01:00:00,117.0,1,1,129.0,169.5,0.0,0.0,0.0,117.0
2024-01-02 02:00:00,156.0,1,1,117.0,129.0,0.0,0.0,0.0,156.0
2024-01-02 03:00:00,157.5,1,1,156.0,117.0,0.0,0.0,0.0,157.5
2024-01-02 04:00:00,169.5,1,1,157.5,156.0,0.0,0.0,0.0,169.5
2024-01-02 05:00:00,177.0,1,1,169.5,157.5,0.0,0.0,0.0,177.0
2024-01-02 06:00:00,103.5,1,1,177.0,169.5,0.0,0.0,0.0,103.5
2024-01-02 07:00:00,9.0,1,1,103.5,177.0,82.02474117279053,9.0,73.02474117279053,0.0
2024-01-02 08:00:00,1.5,1,1,9.0,103.5,235.92345714569092,1.5,234.42345714569092,0.0
2024-01-02 09:00:00,3.0,1,1,1.5,9.0,298.85820865631104,3.0,295.85820865631104,0.0
2024-01-02 10:00:00,0.0,1,1,3.0,1.5,392.24525928497314,0.0,392.24525928497314,0.0
2024-01-02 11:00:00,0.0,1,1,0.0,3.0,422.2391366958618,0.0,422.2391366958618,0.0
2024-01-02 12:00:00,1.5,1,1,0.0,0.0,464.28295612335205,1.5,462.78295612335205,0.0
2024-01-02 13:00:00,4.5,1,1,1.5,0.0,374.1703462600708,4.5,369.6703462600708,0.0
2024-01-02 14:00:00,6.0,1,1,4.5,1.5,390.73901653289795,6.0,384.73901653289795,0.0
2024-01-02 15:00:00,13.5,1,1,6.0,4.5,286.1533784866333,13.5,272.6533784866333,0.0
2024-01-02 16:00:00,169.5,1,1,13.5,6.0,195.22215843200684,169.5,25.722158432006836,0.0
2024-01-02 17:00:00,208.5,1,1,169.5,13.5,57.171735763549805,57.171735763549805,0.0,151.3282642364502
2024-01-02 18:00:00,252.0,1,1,208.5,169.5,0.0,0.0,0.0,252.0
2024-01-02 19:00:00,346.5,1,1,252.0,208.5,0.0,0.0,0.0,346.5
2024-01-02 20:00:00,744.0,1,1,346.5,252.0,0.0,0.0,0.0,744.0
2024-01-02 21:00:00,2823.0,1,1,744.0,346.5,0.0,0.0,0.0,2823.0
2024-01-02 22:00:00,3405.0,1,1,2823.0,744.0,0.0,0.0,0.0,3405.0
2024-01-02 23:00:00,3486.0,1,1,3405.0,2823.0,0.0,0.0,0.0,3486.0
2024-01-03 00:00:00,2412.0,2,1,3486.0,3405.0,0.0,0.0,0.0,2412.0
2024-01-03 01:00:00,2317.5,2,1,2412.0,3486.0,0.0,0.0,0.0,2317.5
2024-01-03 02:00:00,2365.5,2,1,2317.5,2412.0,0.0,0.0,0.0,2365.5
2024-01-03 03:00:00,2098.5,2,1,2365.5,2317.5,0.0,0.0,0.0,2098.5
2024-01-03 04:00:00,2280.0,2,1,2098.5,2365.5,0.0,0.0,0.0,2280.0
2024-01-03 05:00:00,2467.5,2,1,2280.0,2098.5,0.0,0.0,0.0,2467.5
2024-01-03 06:00:00,2905.5,2,1,2467.5,2280.0,0.0,0.0,0.0,2905.5
2024-01-03 07:00:00,1588.5,2,1,2905.5,2467.5,51.0485315322876,51.0485315322876,0.0,1537.4514684677124
2024-01-03 08:00:00,1431.0,2,1,1588.5,2905.5,138.05042266845703,138.05042266845703,0.0,1292.949577331543
2024-01-03 09:00:00,1059.0,2,1,1431.0,1588.5,203.8994264602661,203.8994264602661,0.0,855.1005735397339
2024-01-03 10:00:00,1021.5,2,1,1059.0,1431.0,289.5915412902832,289.5915412902832,0.0,731.9084587097168
2024-01-03 11:00:00,1039.5,2,1,1021.5,1059.0,306.4221668243408,306.4221668243408,0.0,733.0778331756592
2024-01-03 12:00:00,912.0,2,1,1039.5,1021.5,185.6607913970947,185.6607913970947,0.0,726.3392086029053
2024-01-03 13:00:00,1242.0,2,1,912.0,1039.5,342.4082708358765,342.4082708358765,0.0,899.5917291641235
2024-01-03 14:00:00,1263.0,2,1,1242.0,912.0,243.74937057495117,243.74937057495117,0.0,1019.2506294250488
2024-01-03 15:00:00,1705.5,2,1,1263.0,1242.0,109.82474327087402,109.82474327087402,0.0,1595.675256729126
2024-01-03 16:00:00,2601.0,2,1,1705.5,1263.0,21.644053459167484,21.644053459167484,0.0,2579.3559465408325
2024-01-03 17:00:00,3792.0,2,1,2601.0,1705.5,3.0124855041503906,3.0124855041503906,0.0,3788.9875144958496
2024-01-03 18:00:00,3775.5,2,1,3792.0,2601.0,0.0,0.0,0.0,3775.5
2024-01-03 19:00:00,2364.0,2,1,3775.5,3792.0,0.0,0.0,0.0,2364.0
2024-01-03 20:00:00,2710.5,2,1,2364.0,3775.5,0.0,0.0,0.0,2710.5
2024-01-03 21:00:00,3832.5,2,1,2710.5,2364.0,0.0,0.0,0.0,3832.5
2024-01-03 22:00:00,4069.5,2,1,3832.5,2710.5,0.0,0.0,0.0,4069.5
2024-01-03 23:00:00,3549.0,2,1,4069.5,3832.5,0.0,0.0,0.0,3549.0
2024-01-04 00:00:00,3340.5,3,1,3549.0,4069.5,0.0,0.0,0.0,3340.5
2024-01-04 01:00:00,3865.5,3,1,3340.5,3549.0,0.0,0.0,0.0,3865.5
2024-01-04 02:00:00,3489.0,3,1,3865.5,3340.5,0.0,0.0,0.0,3489.0
2024-01-04 03:00:00,3658.5,3,1,3489.0,3865.5,0.0,0.0,0.0,3658.5
2024-01-04 04:00:00,3597.0,3,1,3658.5,3489.0,0.0,0.0,0.0,3597.0
2024-01-04 05:00:00,3009.0,3,1,3597.0,3658.5,0.0,0.0,0.0,3009.0
2024-01-04 06:00:00,3222.0,3,1,3009.0,3597.0,0.0,0.0,0.0,3222.0
2024-01-04 07:00:00,2100.0,3,1,3222.0,3009.0,4.977149963378906,4.977149963378906,0.0,2095.022850036621
2024-01-04 08:00:00,2058.0,3,1,2100.0,3222.0,38.17997932434082,38.17997932434082,0.0,2019.8200206756592
2024-01-04 09:00:00,2121.0,3,1,2058.0,2100.0,145.1559591293335,145.1559591293335,0.0,1975.8440408706665
2024-01-04 10:00:00,1269.0,3,1,2121.0,2058.0,261.56232833862305,261.56232833862305,0.0,1007.437671661377
2024-01-04 11:00:00,1276.5,3,1,1269.0,2121.0,211.29966259002686,211.29966259002686,0.0,1065.2003374099731
2024-01-04 12:00:00,1152.0,3,1,1276.5,1269.0,179.37386512756345,179.37386512756345,0.0,972.6261348724365
2024-01-04 13:00:00,1192.5,3,1,1152.0,1276.5,157.10766792297363,157.10766792297363,0.0,1035.3923320770264
2024-01-04 14:00:00,2070.0,3,1,1192.5,1152.0,136.0202693939209,136.0202693939209,0.0,1933.979730606079
2024-01-04 15:00:00,1398.0,3,1,2070.0,1192.5,77.53875732421875,77.53875732421875,0.0,1320.4612426757812
2024-01-04 16:00:00,1396.5,3,1,1398.0,2070.0,29.862899780273438,29.862899780273438,0.0,1366.6371002197266
2024-01-04 17:00:00,2217.0,3,1,1396.5,1398.0,4.289517402648926,4.289517402648926,0.0,2212.710482597351
2024-01-04 18:00:00,2251.5,3,1,2217.0,1396.5,0.0,0.0,0.0,2251.5
2024-01-04 19:00:00,2115.0,3,1,2251.5,2217.0,0.0,0.0,0.0,2115.0
2024-01-04 20:00:00,2940.0,3,1,2115.0,2251.5,0.0,0.0,0.0,2940.0
2024-01-04 21:00:00,3559.5,3,1,2940.0,2115.0,0.0,0.0,0.0,3559.5
2024-01-04 22:00:00,3256.5,3,1,3559.5,2940.0,0.0,0.0,0.0,3256.5
2024-01-04 23:00:00,3472.5,3,1,3256.5,3559.5,0.0,0.0,0.0,3472.5
2024-01-05 00:00:00,3486.0,4,1,3472.5,3256.5,0.0,0.0,0.0,3486.0
2024-01-05 01:00:00,3528.0,4,1,3486.0,3472.5,0.0,0.0,0.0,3528.0
2024-01-05 02:00:00,4189.5,4,1,3528.0,3486.0,0.0,0.0,0.0,4189.5
2024-01-05 03:00:00,4288.5,4,1,4189.5,3528.0,0.0,0.0,0.0,4288.5
2024-01-05 04:00:00,3742.5,4,1,4288.5,4189.5,0.0,0.0,0.0,3742.5
2024-01-05 05:00:00,3694.5,4,1,3742.5,4288.5,0.0,0.0,0.0,3694.5
2024-01-05 06:00:00,2917.5,4,1,3694.5,3742.5,0.0,0.0,0.0,2917.5
2024-01-05 07:00:00,2815.5,4,1,2917.5,3694.5,1.538987159729004,1.538987159729004,0.0,2813.961012840271
2024-01-05 08:00:00,2467.5,4,1,2815.5,2917.5,10.510954856872557,10.510954856872557,0.0,2456.9890451431274
2024-01-05 09:00:00,1998.0,4,1,2467.5,2815.5,17.9111909866333,17.9111909866333,0.0,1980.0888090133667
2024-01-05 10:00:00,1588.5,4,1,1998.0,2467.5,56.18940353393555,56.18940353393555,0.0,1532.3105964660645
2024-01-05 11:00:00,972.0,4,1,1588.5,1998.0,121.38351917266846,121.38351917266846,0.0,850.6164808273315
2024-01-05 12:00:00,1405.5,4,1,972.0,1588.5,51.99811935424805,51.99811935424805,0.0,1353.501880645752
2024-01-05 13:00:00,1644.0,4,1,1405.5,972.0,113.00095081329346,113.00095081329346,0.0,1530.9990491867065
2024-01-05 14:00:00,1987.5,4,1,1644.0,1405.5,137.9521894454956,137.9521894454956,0.0,1849.5478105545044
2024-01-05 15:00:00,2116.5,4,1,1987.5,1644.0,78.39011192321777,78.39011192321777,0.0,2038.1098880767822
2024-01-05 16:00:00,2682.0,4,1,2116.5,1987.5,28.978800773620605,28.978800773620605,0.0,2653.0211992263794
2024-01-05 17:00:00,3442.5,4,1,2682.0,2116.5,0.0,0.0,0.0,3442.5
2024-01-05 18:00:00,3867.0,4,1,3442.5,2682.0,0.0,0.0,0.0,3867.0
2024-01-05 19:00:00,3714.0,4,1,3867.0,3442.5,0.0,0.0,0.0,3714.0
2024-01-05 20:00:00,3454.5,4,1,3714.0,3867.0,0.0,0.0,0.0,3454.5
2024-01-05 21:00:00,3471.0,4,1,3454.5,3714.0,0.0,0.0,0.0,3471.0
2024-01-05 22:00:00,3357.0,4,1,3471.0,3454.5,0.0,0.0,0.0,3357.0
2024-01-05 23:00:00,3342.0,4,1,3357.0,3471.0,0.0,0.0,0.0,3342.0
2024-01-06 00:00:00,3409.5,5,1,3342.0,3357.0,0.0,0.0,0.0,3409.5
2024-01-06 01:00:00,3426.0,5,1,3409.5,3342.0,0.0,0.0,0.0,3426.0
2024-01-06 02:00:00,3375.0,5,1,3426.0,3409.5,0.0,0.0,0.0,3375.0
2024-01-06 03:00:00,3154.5,5,1,3375.0,3426.0,0.0,0.0,0.0,3154.5
2024-01-06 04:00:00,3324.0,5,1,3154.5,3375.0,0.0,0.0,0.0,3324.0
2024-01-06 05:00:00,3246.0,5,1,3324.0,3154.5,0.0,0.0,0.0,3246.0
2024-01-06 06:00:00,3240.0,5,1,3246.0,3324.0,0.0,0.0,0.0,3240.0
2024-01-06 07:00:00,2875.5,5,1,3240.0,3246.0,7.138280868530273,7.138280868530273,0.0,2868.3617191314697
2024-01-06 08:00:00,2241.0,5,1,2875.5,3240.0,18.107657432556152,18.107657432556152,0.0,2222.892342567444
2024-01-06 09:00:00,1633.5,5,1,2241.0,2875.5,22.986574172973633,22.986574172973633,0.0,1610.5134258270264
2024-01-06 10:00:00,1395.0,5,1,1633.5,2241.0,97.38186836242676,97.38186836242676,0.0,1297.6181316375732
2024-01-06 11:00:00,1249.5,5,1,1395.0,1633.5,221.25396251678467,221.25396251678467,0.0,1028.2460374832153
2024-01-06 12:00:00,1507.5,5,1,1249.5,1395.0,298.006854057312,298.006854057312,0.0,1209.493145942688
2024-01-06 13:00:00,1651.5,5,1,1507.5,1249.5,246.72911167144775,246.72911167144775,0.0,1404.7708883285522
2024-01-06 14:00:00,1615.5,5,1,1651.5,1507.5,168.60095500946045,168.60095500946045,0.0,1446.8990449905396
2024-01-06 15:00:00,2437.5,5,1,1615.5,1651.5,249.47964191436768,249.47964191436768,0.0,2188.0203580856323
2024-01-06 16:00:00,2776.5,5,1,2437.5,1615.5,144.92674827575684,144.92674827575684,0.0,2631.573251724243
2024-01-06 17:00:00,4168.5,5,1,2776.5,2437.5,28.91331195831299,28.91331195831299,0.0,4139.586688041687
2024-01-06 18:00:00,3955.5,5,1,4168.5,2776.5,0.0,0.0,0.0,3955.5
2024-01-06 19:00:00,4285.5,5,1,3955.5,4168.5,0.0,0.0,0.0,4285.5
2024-01-06 20:00:00,3808.5,5,1,4285.5,3955.5,0.0,0.0,0.0,3808.5
2024-01-06 21:00:00,4492.5,5,1,3808.5,4285.5,0.0,0.0,0.0,4492.5
2024-01-06 22:00:00,4422.0,5,1,4492.5,3808.5,0.0,0.0,0.0,4422.0
2024-01-06 23:00:00,4315.5,5,1,4422.0,4492.5,0.0,0.0,0.0,4315.5
2024-01-07 00:00:00,4393.5,6,1,4315.5,4422.0,0.0,0.0,0.0,4393.5
2024-01-07 01:00:00,3907.5,6,1,4393.5,4315.5,0.0,0.0,0.0,3907.5
2024-01-07 02:00:00,3829.5,6,1,3907.5,4393.5,0.0,0.0,0.0,3829.5
2024-01-07 03:00:00,4338.0,6,1,3829.5,3907.5,0.0,0.0,0.0,4338.0
2024-01-07 04:00:00,3721.5,6,1,4338.0,3829.5,0.0,0.0,0.0,3721.5
2024-01-07 05:00:00,3784.5,6,1,3721.5,4338.0,0.0,0.0,0.0,3784.5
2024-01-07 06:00:00,4414.5,6,1,3784.5,3721.5,0.0,0.0,0.0,4414.5
2024-01-07 07:00:00,3592.5,6,1,4414.5,3784.5,55.69823741912842,55.69823741912842,0.0,3536.8017625808716
2024-01-07 08:00:00,3253.5,6,1,3592.5,4414.5,183.85984897613525,183.85984897613525,0.0,3069.6401510238647
2024-01-07 09:00:00,2586.0,6,1,3253.5,3592.5,239.00143146514893,239.00143146514893,0.0,2346.998568534851
2024-01-07 10:00:00,1782.0,6,1,2586.0,3253.5,186.08646869659424,186.08646869659424,0.0,1595.9135313034058
2024-01-07 11:00:00,1422.0,6,1,1782.0,2586.0,388.2504415512085,388.2504415512085,0.0,1033.7495584487915
2024-01-07 12:00:00,1638.0,6,1,1422.0,1782.0,402.0030927658081,402.0030927658081,0.0,1235.996907234192
2024-01-07 13:00:00,2403.0,6,1,1638.0,1422.0,386.12205505371094,386.12205505371094,0.0,2016.877944946289
2024-01-07 14:00:00,3126.0,6,1,2403.0,1638.0,335.2045011520386,335.2045011520386,0.0,2790.7954988479614
2024-01-07 15:00:00,3147.0,6,1,3126.0,2403.0,253.67092609405518,253.67092609405518,0.0,2893.329073905945
2024-01-07 16:00:00,3486.0,6,1,3147.0,3126.0,141.91426277160645,141.91426277160645,0.0,3344.0857372283936
2024-01-07 17:00:00,4344.0,6,1,3486.0,3147.0,16.53592586517334,16.53592586517334,0.0,4327.464074134827
2024-01-07 18:00:00,4440.0,6,1,4344.0,3486.0,0.0,0.0,0.0,4440.0
2024-01-07 19:00:00,4317.0,6,1,4440.0,4344.0,0.0,0.0,0.0,4317.0
2024-01-07 20:00:00,4141.5,6,1,4317.0,4440.0,0.0,0.0,0.0,4141.5
2024-01-07 21:00:00,4192.5,6,1,4141.5,4317.0,0.0,0.0,0.0,4192.5
2024-01-07 22:00:00,4011.0,6,1,4192.5,4141.5,0.0,0.0,0.0,4011.0
2024-01-07 23:00:00,3982.5,6,1,4011.0,4192.5,0.0,0.0,0.0,3982.5
2024-01-08 00:00:00,3955.5,0,1,3982.5,4011.0,0.0,0.0,0.0,3955.5
2024-01-08 01:00:00,4098.0,0,1,3955.5,3982.5,0.0,0.0,0.0,4098.0
2024-01-08 02:00:00,4017.0,0,1,4098.0,3955.5,0.0,0.0,0.0,4017.0
2024-01-08 03:00:00,4024.5,0,1,4017.0,4098.0,0.0,0.0,0.0,4024.5
2024-01-08 04:00:00,3981.0,0,1,4024.5,4017.0,0.0,0.0,0.0,3981.0
2024-01-08 05:00:00,3732.0,0,1,3981.0,4024.5,0.0,0.0,0.0,3732.0
2024-01-08 06:00:00,3609.0,0,1,3732.0,3981.0,0.0,0.0,0.0,3609.0
2024-01-08 07:00:00,2970.0,0,1,3609.0,3732.0,44.66337203979492,44.66337203979492,0.0,2925.336627960205
2024-01-08 08:00:00,1588.5,0,1,2970.0,3609.0,196.30272388458252,196.30272388458252,0.0,1392.1972761154175
2024-01-08 09:00:00,1108.5,0,1,1588.5,2970.0,307.30626583099365,307.30626583099365,0.0,801.1937341690063
2024-01-08 10:00:00,879.0,0,1,1108.5,1588.5,149.64194297790527,149.64194297790527,0.0,729.3580570220947
2024-01-08 11:00:00,1518.0,0,1,879.0,1108.5,414.2822456359863,414.2822456359863,0.0,1103.7177543640137
2024-01-08 12:00:00,1527.0,0,1,1518.0,879.0,340.8692836761474,340.8692836761474,0.0,1186.1307163238525
2024-01-08 13:00:00,1585.5,0,1,1527.0,1518.0,322.56515979766846,322.56515979766846,0.0,1262.9348402023315
2024-01-08 14:00:00,1416.0,0,1,1585.5,1527.0,370.2737617492676,370.2737617492676,0.0,1045.7262382507324
2024-01-08 15:00:00,883.5,0,1,1416.0,1585.5,292.9969596862793,292.9969596862793,0.0,590.5030403137207
2024-01-08 16:00:00,2014.5,0,1,883.5,1416.0,182.35360622406003,182.35360622406003,0.0,1832.14639377594
2024-01-08 17:00:00,2586.0,0,1,2014.5,883.5,51.114020347595215,51.114020347595215,0.0,2534.885979652405
2024-01-08 18:00:00,2833.5,0,1,2586.0,2014.5,0.0,0.0,0.0,2833.5
2024-01-08 19:00:00,2794.5,0,1,2833.5,2586.0,0.0,0.0,0.0,2794.5
2024-01-08 20:00:00,2865.0,0,1,2794.5,2833.5,0.0,0.0,0.0,2865.0
2024-01-08 21:00:00,2830.5,0,1,2865.0,2794.5,0.0,0.0,0.0,2830.5
2024-01-08 22:00:00,2721.0,0,1,2830.5,2865.0,0.0,0.0,0.0,2721.0
2024-01-08 23:00:00,2662.5,0,1,2721.0,2830.5,0.0,0.0,0.0,2662.5
2024-01-09 00:00:00,2746.5,1,1,2662.5,2721.0,0.0,0.0,0.0,2746.5
2024-01-09 01:00:00,2776.5,1,1,2746.5,2662.5,0.0,0.0,0.0,2776.5
2024-01-09 02:00:00,2698.5,1,1,2776.5,2746.5,0.0,0.0,0.0,2698.5
2024-01-09 03:00:00,2764.5,1,1,2698.5,2776.5,0.0,0.0,0.0,2764.5
2024-01-09 04:00:00,2698.5,1,1,2764.5,2698.5,0.0,0.0,0.0,2698.5
2024-01-09 05:00:00,2551.5,1,1,2698.5,2764.5,0.0,0.0,0.0,2551.5
2024-01-09 06:00:00,2194.5,1,1,2551.5,2698.5,0.0,0.0,0.0,2194.5
2024-01-09 07:00:00,2698.5,1,1,2194.5,2551.5,63.884339332580566,63.884339332580566,0.0,2634.6156606674194
2024-01-09 08:00:00,3298.5,1,1,2698.5,2194.5,181.50225162506104,181.50225162506104,0.0,3116.997748374939
2024-01-09 09:00:00,3124.5,1,1,3298.5,2698.5,255.83205699920654,255.83205699920654,0.0,2868.6679430007935
2024-01-09 10:00:00,2773.5,1,1,3124.5,3298.5,244.6007251739502,244.6007251739502,0.0,2528.89927482605
2024-01-09 11:00:00,2569.5,1,1,2773.5,3124.5,201.24712944030762,201.24712944030762,0.0,2368.2528705596924
2024-01-09 12:00:00,1699.5,1,1,2569.5,2773.5,246.59813404083252,246.59813404083252,0.0,1452.9018659591675
2024-01-09 13:00:00,2115.0,1,1,1699.5,2569.5,365.16563415527344,365.16563415527344,0.0,1749.8343658447266
2024-01-09 14:00:00,2151.0,1,1,2115.0,1699.5,236.02169036865234,236.02169036865234,0.0,1914.9783096313477
2024-01-09 15:00:00,2457.0,1,1,2151.0,2115.0,164.6388816833496,164.6388816833496,0.0,2292.3611183166504
2024-01-09 16:00:00,3670.5,1,1,2457.0,2151.0,104.45466041564941,104.45466041564941,0.0,3566.0453395843506
2024-01-09 17:00:00,4177.5,1,1,3670.5,2457.0,17.551002502441406,17.551002502441406,0.0,4159.948997497559
2024-01-09 18:00:00,4048.5,1,1,4177.5,3670.5,0.0,0.0,0.0,4048.5
2024-01-09 19:00:00,4219.5,1,1,4048.5,4177.5,0.0,0.0,0.0,4219.5
2024-01-09 20:00:00,4267.5,1,1,4219.5,4048.5,0.0,0.0,0.0,4267.5
2024-01-09 21:00:00,4593.0,1,1,4267.5,4219.5,0.0,0.0,0.0,4593.0
2024-01-09 22:00:00,4659.0,1,1,4593.0,4267.5,0.0,0.0,0.0,4659.0
2024-01-09 23:00:00,4417.5,1,1,4659.0,4593.0,0.0,0.0,0.0,4417.5
2024-01-10 00:00:00,4473.0,2,1,4417.5,4659.0,0.0,0.0,0.0,4473.0
2024-01-10 01:00:00,4194.0,2,1,4473.0,4417.5,0.0,0.0,0.0,4194.0
2024-01-10 02:00:00,4434.0,2,1,4194.0,4473.0,0.0,0.0,0.0,4434.0
2024-01-10 03:00:00,4098.0,2,1,4434.0,4194.0,0.0,0.0,0.0,4098.0
2024-01-10 04:00:00,4068.0,2,1,4098.0,4434.0,0.0,0.0,0.0,4068.0
2024-01-10 05:00:00,4146.0,2,1,4068.0,4098.0,0.0,0.0,0.0,4146.0
2024-01-10 06:00:00,4084.5,2,1,4146.0,4068.0,0.0,0.0,0.0,4084.5
2024-01-10 07:00:00,4041.0,2,1,4084.5,4146.0,49.967966079711914,49.967966079711914,0.0,3991.032033920288
2024-01-10 08:00:00,3130.5,2,1,4041.0,4084.5,170.2054309844971,170.2054309844971,0.0,2960.294569015503
2024-01-10 09:00:00,2611.5,2,1,3130.5,4041.0,272.62993812561035,272.62993812561035,0.0,2338.8700618743896
2024-01-10 10:00:00,2313.0,2,1,2611.5,3130.5,256.25773429870605,256.25773429870605,0.0,2056.742265701294
2024-01-10 11:00:00,1893.0,2,1,2313.0,2611.5,369.1277074813843,369.1277074813843,0.0,1523.8722925186157
2024-01-10 12:00:00,1932.0,2,1,1893.0,2313.0,359.17340755462646,359.17340755462646,0.0,1572.8265924453735
2024-01-10 13:00:00,2307.0,2,1,1932.0,1893.0,334.68059062957764,334.68059062957764,0.0,1972.3194093704224
2024-01-10 14:00:00,2350.5,2,1,2307.0,1932.0,260.3180408477783,260.3180408477783,0.0,2090.1819591522217
2024-01-10 15:00:00,3147.0,2,1,2350.5,2307.0,169.9107313156128,169.9107313156128,0.0,2977.089268684387
2024-01-10 16:00:00,3936.0,2,1,3147.0,2350.5,102.22804069519043,102.22804069519043,0.0,3833.7719593048096
2024-01-10 17:00:00,4306.5,2,1,3936.0,3147.0,32.220497131347656,32.220497131347656,0.0,4274.279502868652
2024-01-10 18:00:00,4285.5,2,1,4306.5,3936.0,0.0,0.0,0.0,4285.5
2024-01-10 19:00:00,4273.5,2,1,4285.5,4306.5,0.0,0.0,0.0,4273.5
2024-01-10 20:00:00,4308.0,2,1,4273.5,4285.5,0.0,0.0,0.0,4308.0
2024-01-10 21:00:00,4320.0,2,1,4308.0,4273.5,0.0,0.0,0.0,4320.0
2024-01-10 22:00:00,4422.0,2,1,4320.0,4308.0,0.0,0.0,0.0,4422.0
2024-01-10 23:00:00,4437.0,2,1,4422.0,4320.0,0.0,0.0,0.0,4437.0
2024-01-11 00:00:00,4515.0,3,1,4437.0,4422.0,0.0,0.0,0.0,4515.0
2024-01-11 01:00:00,4567.5,3,1,4515.0,4437.0,0.0,0.0,0.0,4567.5
2024-01-11 02:00:00,4446.0,3,1,4567.5,4515.0,0.0,0.0,0.0,4446.0
2024-01-11 03:00:00,4314.0,3,1,4446.0,4567.5,0.0,0.0,0.0,4314.0
2024-01-11 04:00:00,3924.0,3,1,4314.0,4446.0,0.0,0.0,0.0,3924.0
2024-01-11 05:00:00,4182.0,3,1,3924.0,4314.0,0.0,0.0,0.0,4182.0
2024-01-11 06:00:00,4228.5,3,1,4182.0,3924.0,0.0,0.0,0.0,4228.5
2024-01-11 07:00:00,4183.5,3,1,4228.5,4182.0,47.51213550567627,47.51213550567627,0.0,4135.987864494324
2024-01-11 08:00:00,3177.0,3,1,4183.5,4228.5,166.60354614257812,166.60354614257812,0.0,3010.396453857422
2024-01-11 09:00:00,3162.0,3,1,3177.0,4183.5,265.8845901489258,265.8845901489258,0.0,2896.115409851074
2024-01-11 10:00:00,2833.5,3,1,3162.0,3177.0,322.85985946655273,322.85985946655273,0.0,2510.6401405334473
2024-01-11 11:00:00,2596.5,3,1,2833.5,3162.0,374.8579788208008,374.8579788208008,0.0,2221.642021179199
2024-01-11 12:00:00,2500.5,3,1,2596.5,2833.5,373.6791801452637,373.6791801452637,0.0,2126.8208198547363
2024-01-11 13:00:00,2922.0,3,1,2500.5,2596.5,347.1562099456787,347.1562099456787,0.0,2574.8437900543213
2024-01-11 14:00:00,2907.0,3,1,2922.0,2500.5,291.0977840423584,291.0977840423584,0.0,2615.9022159576416
2024-01-11 15:00:00,3058.5,3,1,2907.0,2922.0,225.2160358428955,225.2160358428955,0.0,2833.2839641571045
2024-01-11 16:00:00,4074.0,3,1,3058.5,2907.0,142.503662109375,142.503662109375,0.0,3931.496337890625
2024-01-11 17:00:00,4189.5,3,1,4074.0,3058.5,21.185631752014157,21.185631752014157,0.0,4168.314368247986
2024-01-11 18:00:00,4320.0,3,1,4189.5,4074.0,0.0,0.0,0.0,4320.0
2024-01-11 19:00:00,4357.5,3,1,4320.0,4189.5,0.0,0.0,0.0,4357.5
2024-01-11 20:00:00,4302.0,3,1,4357.5,4320.0,0.0,0.0,0.0,4302.0
2024-01-11 21:00:00,4561.5,3,1,4302.0,4357.5,0.0,0.0,0.0,4561.5
2024-01-11 22:00:00,4542.0,3,1,4561.5,4302.0,0.0,0.0,0.0,4542.0
2024-01-11 23:00:00,4462.5,3,1,4542.0,4561.5,0.0,0.0,0.0,4462.5
2024-01-12 00:00:00,4396.5,4,1,4462.5,4542.0,0.0,0.0,0.0,4396.5
2024-01-12 01:00:00,4240.5,4,1,4396.5,4462.5,0.0,0.0,0.0,4240.5
2024-01-12 02:00:00,3973.5,4,1,4240.5,4396.5,0.0,0.0,0.0,3973.5
2024-01-12 03:00:00,3132.0,4,1,3973.5,4240.5,0.0,0.0,0.0,3132.0
2024-01-12 04:00:00,3873.0,4,1,3132.0,3973.5,0.0,0.0,0.0,3873.0
2024-01-12 05:00:00,3940.5,4,1,3873.0,3132.0,0.0,0.0,0.0,3940.5
2024-01-12 06:00:00,3822.0,4,1,3940.5,3873.0,0.0,0.0,0.0,3822.0
2024-01-12 07:00:00,2302.5,4,1,3822.0,3940.5,46.8572473526001,46.8572473526001,0.0,2255.6427526474
2024-01-12 08:00:00,1348.5,4,1,2302.5,3822.0,174.72415924072263,174.72415924072263,0.0,1173.7758407592773
2024-01-12 09:00:00,964.5,4,1,1348.5,2302.5,278.29472064971924,278.29472064971924,0.0,686.2052793502808
2024-01-12 10:00:00,825.0,4,1,964.5,1348.5,350.3324174880982,350.3324174880982,0.0,474.6675825119018
2024-01-12 11:00:00,1086.0,4,1,825.0,964.5,398.69590759277344,398.69590759277344,0.0,687.3040924072266
2024-01-12 12:00:00,1074.0,4,1,1086.0,825.0,392.34349250793457,392.34349250793457,0.0,681.6565074920654
2024-01-12 13:00:00,1108.5,4,1,1074.0,1086.0,388.41416358947754,388.41416358947754,0.0,720.0858364105225
2024-01-12 14:00:00,1222.5,4,1,1108.5,1074.0,349.44831848144526,349.44831848144526,0.0,873.0516815185547
2024-01-12 15:00:00,1431.0,4,1,1222.5,1108.5,273.80873680114746,273.80873680114746,0.0,1157.1912631988525
2024-01-12 16:00:00,1713.0,4,1,1431.0,1222.5,168.1097888946533,168.1097888946533,0.0,1544.8902111053467
2024-01-12 17:00:00,1930.5,4,1,1713.0,1431.0,44.10671710968017,44.10671710968017,0.0,1886.3932828903198
2024-01-12 18:00:00,1986.0,4,1,1930.5,1713.0,0.0,0.0,0.0,1986.0
2024-01-12 19:00:00,1920.0,4,1,1986.0,1930.5,0.0,0.0,0.0,1920.0
2024-01-12 20:00:00,2088.0,4,1,1920.0,1986.0,0.0,0.0,0.0,2088.0
2024-01-12 21:00:00,2230.5,4,1,2088.0,1920.0,0.0,0.0,0.0,2230.5
2024-01-12 22:00:00,1857.0,4,1,2230.5,2088.0,0.0,0.0,0.0,1857.0
2024-01-12 23:00:00,1899.0,4,1,1857.0,2230.5,0.0,0.0,0.0,1899.0
2024-01-13 00:00:00,1900.5,5,1,1899.0,1857.0,0.0,0.0,0.0,1900.5
2024-01-13 01:00:00,1926.0,5,1,1900.5,1899.0,0.0,0.0,0.0,1926.0
2024-01-13 02:00:00,1923.0,5,1,1926.0,1900.5,0.0,0.0,0.0,1923.0
2024-01-13 03:00:00,1986.0,5,1,1923.0,1926.0,0.0,0.0,0.0,1986.0
2024-01-13 04:00:00,1920.0,5,1,1986.0,1923.0,0.0,0.0,0.0,1920.0
2024-01-13 05:00:00,1918.5,5,1,1920.0,1986.0,0.0,0.0,0.0,1918.5
2024-01-13 06:00:00,2110.5,5,1,1918.5,1920.0,0.0,0.0,0.0,2110.5
2024-01-13 07:00:00,2254.5,5,1,2110.5,1918.5,62.60730743408203,62.60730743408203,0.0,2191.892692565918
2024-01-13 08:00:00,2229.0,5,1,2254.5,2110.5,198.33287715911865,198.33287715911865,0.0,2030.6671228408813
2024-01-13 09:00:00,2149.5,5,1,2229.0,2254.5,301.1175727844238,301.1175727844238,0.0,1848.3824272155762
2024-01-13 10:00:00,2187.0,5,1,2149.5,2229.0,366.2461996078491,366.2461996078491,0.0,1820.7538003921509
2024-01-13 11:00:00,1722.0,5,1,2187.0,2149.5,410.6803607940674,410.6803607940674,0.0,1311.3196392059326
2024-01-13 12:00:00,2068.5,5,1,1722.0,2187.0,422.79579162597656,422.79579162597656,0.0,1645.7042083740234
2024-01-13 13:00:00,2518.5,5,1,2068.5,1722.0,383.9936685562134,383.9936685562134,0.0,2134.5063314437866
2024-01-13 14:00:00,2641.5,5,1,2518.5,2068.5,352.7227592468262,352.7227592468262,0.0,2288.777240753174
2024-01-13 15:00:00,2995.5,5,1,2641.5,2518.5,274.13618087768555,274.13618087768555,0.0,2721.3638191223145
2024-01-13 16:00:00,3846.0,5,1,2995.5,2641.5,164.9663257598877,164.9663257598877,0.0,3681.0336742401123
2024-01-13 17:00:00,4401.0,5,1,3846.0,2995.5,46.235103607177734,46.235103607177734,0.0,4354.764896392822
2024-01-13 18:00:00,3969.0,5,1,4401.0,3846.0,0.0,0.0,0.0,3969.0
2024-01-13 19:00:00,3955.5,5,1,3969.0,4401.0,0.0,0.0,0.0,3955.5
2024-01-13 20:00:00,4485.0,5,1,3955.5,3969.0,0.0,0.0,0.0,4485.0
2024-01-13 21:00:00,4486.5,5,1,4485.0,3955.5,0.0,0.0,0.0,4486.5
2024-01-13 22:00:00,4366.5,5,1,4486.5,4485.0,0.0,0.0,0.0,4366.5
2024-01-13 23:00:00,4204.5,5,1,4366.5,4486.5,0.0,0.0,0.0,4204.5
2024-01-14 00:00:00,4555.5,6,1,4204.5,4366.5,0.0,0.0,0.0,4555.5
2024-01-14 01:00:00,4410.0,6,1,4555.5,4204.5,0.0,0.0,0.0,4410.0
2024-01-14 02:00:00,4470.0,6,1,4410.0,4555.5,0.0,0.0,0.0,4470.0
2024-01-14 03:00:00,4105.5,6,1,4470.0,4410.0,0.0,0.0,0.0,4105.5
2024-01-14 04:00:00,4018.5,6,1,4105.5,4470.0,0.0,0.0,0.0,4018.5
2024-01-14 05:00:00,4546.5,6,1,4018.5,4105.5,0.0,0.0,0.0,4546.5
2024-01-14 06:00:00,4338.0,6,1,4546.5,4018.5,0.0,0.0,0.0,4338.0
2024-01-14 07:00:00,3915.0,6,1,4338.0,4546.5,58.90718936920166,58.90718936920166,0.0,3856.0928106307983
2024-01-14 08:00:00,2935.5,6,1,3915.0,4338.0,191.55478477478027,191.55478477478027,0.0,2743.9452152252197
2024-01-14 09:00:00,3189.0,6,1,2935.5,3915.0,297.5811767578125,297.5811767578125,0.0,2891.4188232421875
2024-01-14 10:00:00,2799.0,6,1,3189.0,2935.5,369.74985122680664,369.74985122680664,0.0,2429.2501487731934
2024-01-14 11:00:00,2626.5,6,1,2799.0,3189.0,413.95480155944824,413.95480155944824,0.0,2212.5451984405518
2024-01-14 12:00:00,2634.0,6,1,2626.5,2799.0,422.82853603363037,422.82853603363037,0.0,2211.1714639663696
2024-01-14 13:00:00,2772.0,6,1,2634.0,2626.5,396.3383102416992,396.3383102416992,0.0,2375.661689758301
2024-01-14 14:00:00,2713.5,6,1,2772.0,2634.0,287.9543209075928,287.9543209075928,0.0,2425.545679092407
2024-01-14 15:00:00,3180.0,6,1,2713.5,2772.0,224.0044927597046,224.0044927597046,0.0,2955.9955072402954
2024-01-14 16:00:00,3777.0,6,1,3180.0,2713.5,161.75737380981445,161.75737380981445,0.0,3615.2426261901855
2024-01-14 17:00:00,4080.0,6,1,3777.0,3180.0,41.84735298156738,41.84735298156738,0.0,4038.1526470184326
2024-01-14 18:00:00,4527.0,6,1,4080.0,3777.0,0.0,0.0,0.0,4527.0
2024-01-14 19:00:00,4456.5,6,1,4527.0,4080.0,0.0,0.0,0.0,4456.5
2024-01-14 20:00:00,4360.5,6,1,4456.5,4527.0,0.0,0.0,0.0,4360.5
2024-01-14 21:00:00,4285.5,6,1,4360.5,4456.5,0.0,0.0,0.0,4285.5
2024-01-14 22:00:00,4126.5,6,1,4285.5,4360.5,0.0,0.0,0.0,4126.5
2024-01-14 23:00:00,4617.0,6,1,4126.5,4285.5,0.0,0.0,0.0,4617.0
2024-01-15 00:00:00,4572.0,0,1,4617.0,4126.5,0.0,0.0,0.0,4572.0
2024-01-15 01:00:00,4557.0,0,1,4572.0,4617.0,0.0,0.0,0.0,4557.0
2024-01-15 02:00:00,4434.0,0,1,4557.0,4572.0,0.0,0.0,0.0,4434.0
2024-01-15 03:00:00,4411.5,0,1,4434.0,4557.0,0.0,0.0,0.0,4411.5
2024-01-15 04:00:00,4128.0,0,1,4411.5,4434.0,0.0,0.0,0.0,4128.0
2024-01-15 05:00:00,4302.0,0,1,4128.0,4411.5,0.0,0.0,0.0,4302.0
2024-01-15 06:00:00,3838.5,0,1,4302.0,4128.0,0.0,0.0,0.0,3838.5
2024-01-15 07:00:00,2890.5,0,1,3838.5,4302.0,44.00848388671874,44.00848388671874,0.0,2846.4915161132812
2024-01-15 08:00:00,1966.5,0,1,2890.5,3838.5,164.93358135223392,164.93358135223392,0.0,1801.566418647766
2024-01-15 09:00:00,1218.0,0,1,1966.5,2890.5,271.1891841888428,271.1891841888428,0.0,946.8108158111572
2024-01-15 10:00:00,1732.5,0,1,1218.0,1966.5,347.2216987609863,347.2216987609863,0.0,1385.2783012390137
2024-01-15 11:00:00,1525.5,0,1,1732.5,1218.0,355.76798915863037,355.76798915863037,0.0,1169.7320108413696
2024-01-15 12:00:00,1347.0,0,1,1525.5,1732.5,396.371054649353,396.371054649353,0.0,950.628945350647
2024-01-15 13:00:00,1549.5,0,1,1347.0,1525.5,336.9726991653442,336.9726991653442,0.0,1212.5273008346558
2024-01-15 14:00:00,1377.0,0,1,1549.5,1347.0,304.0318250656128,304.0318250656128,0.0,1072.9681749343872
2024-01-15 15:00:00,1974.0,0,1,1377.0,1549.5,245.58305740356445,245.58305740356445,0.0,1728.4169425964355
2024-01-15 16:00:00,2223.0,0,1,1974.0,1377.0,149.54370975494385,149.54370975494385,0.0,2073.456290245056
2024-01-15 17:00:00,2679.0,0,1,2223.0,1974.0,35.494937896728516,35.494937896728516,0.0,2643.5050621032715
2024-01-15 18:00:00,2877.0,0,1,2679.0,2223.0,0.0,0.0,0.0,2877.0
2024-01-15 19:00:00,2418.0,0,1,2877.0,2679.0,0.0,0.0,0.0,2418.0
2024-01-15 20:00:00,2935.5,0,1,2418.0,2877.0,0.0,0.0,0.0,2935.5
2024-01-15 21:00:00,2922.0,0,1,2935.5,2418.0,0.0,0.0,0.0,2922.0
2024-01-15 22:00:00,2521.5,0,1,2922.0,2935.5,0.0,0.0,0.0,2521.5
2024-01-15 23:00:00,2850.0,0,1,2521.5,2922.0,0.0,0.0,0.0,2850.0
2024-01-16 00:00:00,2679.0,1,1,2850.0,2521.5,0.0,0.0,0.0,2679.0
2024-01-16 01:00:00,2731.5,1,1,2679.0,2850.0,0.0,0.0,0.0,2731.5
2024-01-16 02:00:00,2767.5,1,1,2731.5,2679.0,0.0,0.0,0.0,2767.5
2024-01-16 03:00:00,2647.5,1,1,2767.5,2731.5,0.0,0.0,0.0,2647.5
2024-01-16 04:00:00,2634.0,1,1,2647.5,2767.5,0.0,0.0,0.0,2634.0
2024-01-16 05:00:00,2661.0,1,1,2634.0,2647.5,0.0,0.0,0.0,2661.0
2024-01-16 06:00:00,2815.5,1,1,2661.0,2634.0,0.0,0.0,0.0,2815.5
2024-01-16 07:00:00,3075.0,1,1,2815.5,2661.0,44.041228294372566,44.041228294372566,0.0,3030.9587717056274
2024-01-16 08:00:00,3120.0,1,1,3075.0,2815.5,166.86550140380862,166.86550140380862,0.0,2953.1344985961914
2024-01-16 09:00:00,2463.0,1,1,3120.0,3075.0,273.9724588394165,273.9724588394165,0.0,2189.0275411605835
2024-01-16 10:00:00,2674.5,1,1,2463.0,3120.0,346.0429000854492,346.0429000854492,0.0,2328.457099914551
2024-01-16 11:00:00,2347.5,1,1,2674.5,2463.0,392.9001474380493,392.9001474380493,0.0,1954.5998525619507
2024-01-16 12:00:00,2334.0,1,1,2347.5,2674.5,266.703200340271,266.703200340271,0.0,2067.296799659729
2024-01-16 13:00:00,2452.5,1,1,2334.0,2347.5,113.00095081329346,113.00095081329346,0.0,2339.4990491867065
2024-01-16 14:00:00,2865.0,1,1,2452.5,2334.0,221.84336185455322,221.84336185455322,0.0,2643.156638145447
2024-01-16 15:00:00,3337.5,1,1,2865.0,2452.5,206.68270111083984,206.68270111083984,0.0,3130.81729888916
2024-01-16 16:00:00,3781.5,1,1,3337.5,2865.0,157.27138996124268,157.27138996124268,0.0,3624.2286100387573
2024-01-16 17:00:00,4153.5,1,1,3781.5,3337.5,43.09164047241211,43.09164047241211,0.0,4110.408359527588
2024-01-16 18:00:00,4489.5,1,1,4153.5,3781.5,0.0,0.0,0.0,4489.5
2024-01-16 19:00:00,4327.5,1,1,4489.5,4153.5,0.0,0.0,0.0,4327.5
2024-01-16 20:00:00,4401.0,1,1,4327.5,4489.5,0.0,0.0,0.0,4401.0
2024-01-16 21:00:00,4470.0,1,1,4401.0,4327.5,0.0,0.0,0.0,4470.0
2024-01-16 22:00:00,4596.0,1,1,4470.0,4401.0,0.0,0.0,0.0,4596.0
2024-01-16 23:00:00,4420.5,1,1,4596.0,4470.0,0.0,0.0,0.0,4420.5
2024-01-17 00:00:00,4314.0,2,1,4420.5,4596.0,0.0,0.0,0.0,4314.0
2024-01-17 01:00:00,3877.5,2,1,4314.0,4420.5,0.0,0.0,0.0,3877.5
2024-01-17 02:00:00,4537.5,2,1,3877.5,4314.0,0.0,0.0,0.0,4537.5
2024-01-17 03:00:00,4261.5,2,1,4537.5,3877.5,0.0,0.0,0.0,4261.5
2024-01-17 04:00:00,4026.0,2,1,4261.5,4537.5,0.0,0.0,0.0,4026.0
2024-01-17 05:00:00,3913.5,2,1,4026.0,4261.5,0.0,0.0,0.0,3913.5
2024-01-17 06:00:00,4575.0,2,1,3913.5,4026.0,0.0,0.0,0.0,4575.0
2024-01-17 07:00:00,4026.0,2,1,4575.0,3913.5,53.79906177520752,53.79906177520752,0.0,3972.2009382247925
2024-01-17 08:00:00,3405.0,2,1,4026.0,4575.0,186.70861244201663,186.70861244201663,0.0,3218.2913875579834
2024-01-17 09:00:00,3153.0,2,1,3405.0,4026.0,294.37222480773926,294.37222480773926,0.0,2858.6277751922607
2024-01-17 10:00:00,2689.5,2,1,3153.0,3405.0,373.38448047637945,373.38448047637945,0.0,2316.1155195236206
2024-01-17 11:00:00,2473.5,2,1,2689.5,3153.0,420.2089834213257,420.2089834213257,0.0,2053.2910165786743
2024-01-17 12:00:00,2556.0,2,1,2473.5,2689.5,429.4756507873535,429.4756507873535,0.0,2126.5243492126465
2024-01-17 13:00:00,2619.0,2,1,2556.0,2473.5,402.23230361938477,402.23230361938477,0.0,2216.7676963806152
2024-01-17 14:00:00,2691.0,2,1,2619.0,2556.0,354.49095726013184,354.49095726013184,0.0,2336.509042739868
2024-01-17 15:00:00,3091.5,2,1,2691.0,2619.0,280.4231071472168,280.4231071472168,0.0,2811.076892852783
2024-01-17 16:00:00,3642.0,2,1,3091.5,2691.0,176.42686843872067,176.42686843872067,0.0,3465.5731315612793
2024-01-17 17:00:00,3958.5,2,1,3642.0,3091.5,50.426387786865234,50.426387786865234,0.0,3908.0736122131348
2024-01-17 18:00:00,4465.5,2,1,3958.5,3642.0,0.0,0.0,0.0,4465.5
2024-01-17 19:00:00,4386.0,2,1,4465.5,3958.5,0.0,0.0,0.0,4386.0
2024-01-17 20:00:00,4420.5,2,1,4386.0,4465.5,0.0,0.0,0.0,4420.5
2024-01-17 21:00:00,4551.0,2,1,4420.5,4386.0,0.0,0.0,0.0,4551.0
2024-01-17 22:00:00,4500.0,2,1,4551.0,4420.5,0.0,0.0,0.0,4500.0
2024-01-17 23:00:00,4393.5,2,1,4500.0,4551.0,0.0,0.0,0.0,4393.5
2024-01-18 00:00:00,4546.5,3,1,4393.5,4500.0,0.0,0.0,0.0,4546.5
2024-01-18 01:00:00,4540.5,3,1,4546.5,4393.5,0.0,0.0,0.0,4540.5
2024-01-18 02:00:00,4344.0,3,1,4540.5,4546.5,0.0,0.0,0.0,4344.0
2024-01-18 03:00:00,4471.5,3,1,4344.0,4540.5,0.0,0.0,0.0,4471.5
2024-01-18 04:00:00,4473.0,3,1,4471.5,4344.0,0.0,0.0,0.0,4473.0
2024-01-18 05:00:00,4416.0,3,1,4473.0,4471.5,0.0,0.0,0.0,4416.0
2024-01-18 06:00:00,3735.0,3,1,4416.0,4473.0,0.0,0.0,0.0,3735.0
2024-01-18 07:00:00,2442.0,3,1,3735.0,4416.0,9.692344665527344,9.692344665527344,0.0,2432.3076553344727
2024-01-18 08:00:00,1201.5,3,1,2442.0,3735.0,6.385159492492676,6.385159492492676,0.0,1195.1148405075073
2024-01-18 09:00:00,1066.5,3,1,1201.5,2442.0,16.830625534057617,16.830625534057617,0.0,1049.6693744659424
2024-01-18 10:00:00,987.0,3,1,1066.5,1201.5,246.9255781173706,246.9255781173706,0.0,740.0744218826294
2024-01-18 11:00:00,658.5,3,1,987.0,1066.5,221.58140659332275,221.58140659332275,0.0,436.91859340667725
2024-01-18 12:00:00,382.5,3,1,658.5,987.0,137.39553451538086,137.39553451538086,0.0,245.10446548461914
2024-01-18 13:00:00,1033.5,3,1,382.5,658.5,304.3592691421509,304.3592691421509,0.0,729.1407308578491
2024-01-18 14:00:00,993.0,3,1,1033.5,382.5,288.772931098938,288.772931098938,0.0,704.227068901062
2024-01-18 15:00:00,1108.5,3,1,993.0,1033.5,267.8819990158081,267.8819990158081,0.0,840.6180009841919
2024-01-18 16:00:00,1177.5,3,1,1108.5,993.0,161.79011821746826,161.79011821746826,0.0,1015.7098817825317
2024-01-18 17:00:00,1290.0,3,1,1177.5,1108.5,42.40400791168213,42.40400791168213,0.0,1247.5959920883179
2024-01-18 18:00:00,1989.0,3,1,1290.0,1177.5,0.0,0.0,0.0,1989.0
2024-01-18 19:00:00,2001.0,3,1,1989.0,1290.0,0.0,0.0,0.0,2001.0
2024-01-18 20:00:00,1984.5,3,1,2001.0,1989.0,0.0,0.0,0.0,1984.5
2024-01-18 21:00:00,2062.5,3,1,1984.5,2001.0,0.0,0.0,0.0,2062.5
2024-01-18 22:00:00,2010.0,3,1,2062.5,1984.5,0.0,0.0,0.0,2010.0
2024-01-18 23:00:00,2101.5,3,1,2010.0,2062.5,0.0,0.0,0.0,2101.5
2024-01-19 00:00:00,2073.0,4,1,2101.5,2010.0,0.0,0.0,0.0,2073.0
2024-01-19 01:00:00,2053.5,4,1,2073.0,2101.5,0.0,0.0,0.0,2053.5
2024-01-19 02:00:00,1929.0,4,1,2053.5,2073.0,0.0,0.0,0.0,1929.0
2024-01-19 03:00:00,2040.0,4,1,1929.0,2053.5,0.0,0.0,0.0,2040.0
2024-01-19 04:00:00,1987.5,4,1,2040.0,1929.0,0.0,0.0,0.0,1987.5
2024-01-19 05:00:00,1821.0,4,1,1987.5,2040.0,0.0,0.0,0.0,1821.0
2024-01-19 06:00:00,1339.5,4,1,1821.0,1987.5,0.0,0.0,0.0,1339.5
2024-01-19 07:00:00,576.0,4,1,1339.5,1821.0,13.75265121459961,13.75265121459961,0.0,562.2473487854004
2024-01-19 08:00:00,10.5,4,1,576.0,1339.5,87.91873455047609,10.5,77.41873455047609,0.0
2024-01-19 09:00:00,9.0,4,1,10.5,576.0,97.1854019165039,9.0,88.1854019165039,0.0
2024-01-19 10:00:00,1.5,4,1,9.0,10.5,135.5945920944214,1.5,134.0945920944214,0.0
2024-01-19 11:00:00,13.5,4,1,1.5,9.0,342.4082708358765,13.5,328.9082708358765,0.0
2024-01-19 12:00:00,7.5,4,1,13.5,1.5,418.7027406692505,7.5,411.2027406692505,0.0
2024-01-19 13:00:00,13.5,4,1,7.5,13.5,351.5767049789429,13.5,338.0767049789429,0.0
2024-01-19 14:00:00,4.5,4,1,13.5,7.5,202.00025081634521,4.5,197.50025081634521,0.0
2024-01-19 15:00:00,24.0,4,1,4.5,13.5,91.84806346893312,24.0,67.84806346893312,0.0
2024-01-19 16:00:00,63.0,4,1,24.0,4.5,55.567259788513184,55.567259788513184,0.0,7.432740211486816
2024-01-19 17:00:00,204.0,4,1,63.0,24.0,9.823322296142578,9.823322296142578,0.0,194.17667770385742
2024-01-19 18:00:00,288.0,4,1,204.0,63.0,0.0,0.0,0.0,288.0
2024-01-19 19:00:00,294.0,4,1,288.0,204.0,0.0,0.0,0.0,294.0
2024-01-19 20:00:00,324.0,4,1,294.0,288.0,0.0,0.0,0.0,324.0
2024-01-19 21:00:00,322.5,4,1,324.0,294.0,0.0,0.0,0.0,322.5
2024-01-19 22:00:00,304.5,4,1,322.5,324.0,0.0,0.0,0.0,304.5
2024-01-19 23:00:00,298.5,4,1,304.5,322.5,0.0,0.0,0.0,298.5
2024-01-20 00:00:00,304.5,5,1,298.5,304.5,0.0,0.0,0.0,304.5
2024-01-20 01:00:00,289.5,5,1,304.5,298.5,0.0,0.0,0.0,289.5
2024-01-20 02:00:00,303.0,5,1,289.5,304.5,0.0,0.0,0.0,303.0
2024-01-20 03:00:00,298.5,5,1,303.0,289.5,0.0,0.0,0.0,298.5
2024-01-20 04:00:00,297.0,5,1,298.5,303.0,0.0,0.0,0.0,297.0
2024-01-20 05:00:00,307.5,5,1,297.0,298.5,0.0,0.0,0.0,307.5
2024-01-20 06:00:00,1176.0,5,1,307.5,297.0,0.0,0.0,0.0,1176.0
2024-01-20 07:00:00,2388.0,5,1,1176.0,307.5,59.39835548400879,59.39835548400879,0.0,2328.601644515991
2024-01-20 08:00:00,2632.5,5,1,2388.0,1176.0,196.2699794769287,196.2699794769287,0.0,2436.2300205230713
2024-01-20 09:00:00,2424.0,5,1,2632.5,2388.0,300.39719581604004,300.39719581604004,0.0,2123.60280418396
2024-01-20 10:00:00,1959.0,5,1,2424.0,2632.5,365.6895446777344,365.6895446777344,0.0,1593.3104553222656
2024-01-20 11:00:00,1147.5,5,1,1959.0,2424.0,409.1741180419922,409.1741180419922,0.0,738.3258819580078
2024-01-20 12:00:00,1711.5,5,1,1147.5,1959.0,420.14349460601807,420.14349460601807,0.0,1291.356505393982
2024-01-20 13:00:00,2422.5,5,1,1711.5,1147.5,398.6304187774658,398.6304187774658,0.0,2023.8695812225342
2024-01-20 14:00:00,2176.5,5,1,2422.5,1711.5,351.5112161636352,351.5112161636352,0.0,1824.9887838363647
2024-01-20 15:00:00,2374.5,5,1,2176.5,2422.5,274.85655784606934,274.85655784606934,0.0,2099.6434421539307
2024-01-20 16:00:00,3348.0,5,1,2374.5,2176.5,170.04170894622803,170.04170894622803,0.0,3177.958291053772
2024-01-20 17:00:00,3898.5,5,1,3348.0,2374.5,49.41131114959717,49.41131114959717,0.0,3849.088688850403
2024-01-20 18:00:00,3964.5,5,1,3898.5,3348.0,0.0,0.0,0.0,3964.5
2024-01-20 19:00:00,3795.0,5,1,3964.5,3898.5,0.0,0.0,0.0,3795.0
2024-01-20 20:00:00,2928.0,5,1,3795.0,3964.5,0.0,0.0,0.0,2928.0
2024-01-20 21:00:00,3691.5,5,1,2928.0,3795.0,0.0,0.0,0.0,3691.5
2024-01-20 22:00:00,3256.5,5,1,3691.5,2928.0,0.0,0.0,0.0,3256.5
2024-01-20 23:00:00,3670.5,5,1,3256.5,3691.5,0.0,0.0,0.0,3670.5
2024-01-21 00:00:00,3903.0,6,1,3670.5,3256.5,0.0,0.0,0.0,3903.0
2024-01-21 01:00:00,4168.5,6,1,3903.0,3670.5,0.0,0.0,0.0,4168.5
2024-01-21 02:00:00,4108.5,6,1,4168.5,3903.0,0.0,0.0,0.0,4108.5
2024-01-21 03:00:00,4042.5,6,1,4108.5,4168.5,0.0,0.0,0.0,4042.5
2024-01-21 04:00:00,4102.5,6,1,4042.5,4108.5,0.0,0.0,0.0,4102.5
2024-01-21 05:00:00,3840.0,6,1,4102.5,4042.5,0.0,0.0,0.0,3840.0
2024-01-21 06:00:00,3649.5,6,1,3840.0,4102.5,0.0,0.0,0.0,3649.5
2024-01-21 07:00:00,3483.0,6,1,3649.5,3840.0,49.77149963378906,49.77149963378906,0.0,3433.228500366211
2024-01-21 08:00:00,2365.5,6,1,3483.0,3649.5,182.4845838546753,182.4845838546753,0.0,2183.0154161453247
2024-01-21 09:00:00,1390.5,6,1,2365.5,3483.0,290.7048511505127,290.7048511505127,0.0,1099.7951488494873
2024-01-21 10:00:00,1732.5,6,1,1390.5,2365.5,365.39484500885004,365.39484500885004,0.0,1367.10515499115
2024-01-21 11:00:00,1887.0,6,1,1732.5,1390.5,416.0831880569458,416.0831880569458,0.0,1470.9168119430542
2024-01-21 12:00:00,2049.0,6,1,1887.0,1732.5,426.659631729126,426.659631729126,0.0,1622.340368270874
2024-01-21 13:00:00,1990.5,6,1,2049.0,1887.0,398.2702302932739,398.2702302932739,0.0,1592.229769706726
2024-01-21 14:00:00,1657.5,6,1,1990.5,2049.0,324.36610221862793,324.36610221862793,0.0,1333.133897781372
2024-01-21 15:00:00,2583.0,6,1,1657.5,1990.5,262.67563819885254,262.67563819885254,0.0,2320.3243618011475
2024-01-21 16:00:00,3783.0,6,1,2583.0,1657.5,165.42474746704102,165.42474746704102,0.0,3617.575252532959
2024-01-21 17:00:00,4158.0,6,1,3783.0,2583.0,44.66337203979492,44.66337203979492,0.0,4113.336627960205
2024-01-21 18:00:00,3970.5,6,1,4158.0,3783.0,0.0,0.0,0.0,3970.5
2024-01-21 19:00:00,4011.0,6,1,3970.5,4158.0,0.0,0.0,0.0,4011.0
2024-01-21 20:00:00,4146.0,6,1,4011.0,3970.5,0.0,0.0,0.0,4146.0
2024-01-21 21:00:00,4171.5,6,1,4146.0,4011.0,0.0,0.0,0.0,4171.5
2024-01-21 22:00:00,4173.0,6,1,4171.5,4146.0,0.0,0.0,0.0,4173.0
2024-01-21 23:00:00,3540.0,6,1,4173.0,4171.5,0.0,0.0,0.0,3540.0
2024-01-22 00:00:00,3451.5,0,1,3540.0,4173.0,0.0,0.0,0.0,3451.5
2024-01-22 01:00:00,3393.0,0,1,3451.5,3540.0,0.0,0.0,0.0,3393.0
2024-01-22 02:00:00,3438.0,0,1,3393.0,3451.5,0.0,0.0,0.0,3438.0
2024-01-22 03:00:00,2559.0,0,1,3438.0,3393.0,0.0,0.0,0.0,2559.0
2024-01-22 04:00:00,1741.5,0,1,2559.0,3438.0,0.0,0.0,0.0,1741.5
2024-01-22 05:00:00,1707.0,0,1,1741.5,2559.0,0.0,0.0,0.0,1707.0
2024-01-22 06:00:00,1657.5,0,1,1707.0,1741.5,0.0,0.0,0.0,1657.5
2024-01-22 07:00:00,1060.5,0,1,1657.5,1707.0,51.89988613128662,51.89988613128662,0.0,1008.6001138687134
2024-01-22 08:00:00,622.5,0,1,1060.5,1657.5,135.79105854034424,135.79105854034424,0.0,486.70894145965576
2024-01-22 09:00:00,46.5,0,1,622.5,1060.5,297.31922149658203,46.5,250.81922149658203,0.0
2024-01-22 10:00:00,22.5,0,1,46.5,622.5,374.79249000549316,22.5,352.29249000549316,0.0
2024-01-22 11:00:00,6.0,0,1,22.5,46.5,424.1055679321289,6.0,418.1055679321289,0.0
2024-01-22 12:00:00,15.0,0,1,6.0,22.5,440.3795385360718,15.0,425.3795385360718,0.0
2024-01-22 13:00:00,15.0,0,1,15.0,6.0,422.69755840301514,15.0,407.69755840301514,0.0
2024-01-22 14:00:00,12.0,0,1,15.0,15.0,377.9032087326049,12.0,365.9032087326049,0.0
2024-01-22 15:00:00,24.0,0,1,12.0,15.0,299.1529083251953,24.0,275.1529083251953,0.0
2024-01-22 16:00:00,88.5,0,1,24.0,12.0,192.89730548858643,88.5,104.39730548858643,0.0
2024-01-22 17:00:00,255.0,0,1,88.5,24.0,60.904598236083984,60.904598236083984,0.0,194.09540176391602
2024-01-22 18:00:00,324.0,0,1,255.0,88.5,0.0,0.0,0.0,324.0
2024-01-22 19:00:00,328.5,0,1,324.0,255.0,0.0,0.0,0.0,328.5
2024-01-22 20:00:00,334.5,0,1,328.5,324.0,0.0,0.0,0.0,334.5
2024-01-22 21:00:00,360.0,0,1,334.5,328.5,0.0,0.0,0.0,360.0
2024-01-22 22:00:00,321.0,0,1,360.0,334.5,0.0,0.0,0.0,321.0
2024-01-22 23:00:00,318.0,0,1,321.0,360.0,0.0,0.0,0.0,318.0
2024-01-23 00:00:00,324.0,1,1,318.0,321.0,0.0,0.0,0.0,324.0
2024-01-23 01:00:00,316.5,1,1,324.0,318.0,0.0,0.0,0.0,316.5
2024-01-23 02:00:00,313.5,1,1,316.5,324.0,0.0,0.0,0.0,313.5
2024-01-23 03:00:00,313.5,1,1,313.5,316.5,0.0,0.0,0.0,313.5
2024-01-23 04:00:00,318.0,1,1,313.5,313.5,0.0,0.0,0.0,318.0
2024-01-23 05:00:00,312.0,1,1,318.0,313.5,0.0,0.0,0.0,312.0
2024-01-23 06:00:00,306.0,1,1,312.0,318.0,0.0,0.0,0.0,306.0
2024-01-23 07:00:00,285.0,1,1,306.0,312.0,65.5543041229248,65.5543041229248,0.0,219.4456958770752
2024-01-23 08:00:00,204.0,1,1,285.0,306.0,210.51379680633545,204.0,6.513796806335449,0.0
2024-01-23 09:00:00,76.5,1,1,204.0,285.0,321.81203842163086,76.5,245.31203842163086,0.0
2024-01-23 10:00:00,37.5,1,1,76.5,204.0,397.61534214019775,37.5,360.11534214019775,0.0
2024-01-23 11:00:00,39.0,1,1,37.5,76.5,444.83277797698975,39.0,405.83277797698975,0.0
2024-01-23 12:00:00,12.0,1,1,39.0,37.5,458.4544515609741,12.0,446.4544515609741,0.0
2024-01-23 13:00:00,18.0,1,1,12.0,39.0,439.9866056442261,18.0,421.9866056442261,0.0
2024-01-23 14:00:00,37.5,1,1,18.0,12.0,393.45680236816406,37.5,355.95680236816406,0.0
2024-01-23 15:00:00,112.5,1,1,37.5,18.0,314.18259143829346,112.5,201.68259143829346,0.0
2024-01-23 16:00:00,163.5,1,1,112.5,37.5,204.68529224395752,163.5,41.18529224395752,0.0
2024-01-23 17:00:00,237.0,1,1,163.5,112.5,68.04287910461426,68.04287910461426,0.0,168.95712089538574
2024-01-23 18:00:00,328.5,1,1,237.0,163.5,0.0,0.0,0.0,328.5
2024-01-23 19:00:00,322.5,1,1,328.5,237.0,0.0,0.0,0.0,322.5
2024-01-23 20:00:00,334.5,1,1,322.5,328.5,0.0,0.0,0.0,334.5
2024-01-23 21:00:00,351.0,1,1,334.5,322.5,0.0,0.0,0.0,351.0
2024-01-23 22:00:00,339.0,1,1,351.0,334.5,0.0,0.0,0.0,339.0
2024-01-23 23:00:00,345.0,1,1,339.0,351.0,0.0,0.0,0.0,345.0
2024-01-24 00:00:00,336.0,2,1,345.0,339.0,0.0,0.0,0.0,336.0
2024-01-24 01:00:00,340.5,2,1,336.0,345.0,0.0,0.0,0.0,340.5
2024-01-24 02:00:00,336.0,2,1,340.5,336.0,0.0,0.0,0.0,336.0
2024-01-24 03:00:00,328.5,2,1,336.0,340.5,0.0,0.0,0.0,328.5
2024-01-24 04:00:00,336.0,2,1,328.5,336.0,0.0,0.0,0.0,336.0
2024-01-24 05:00:00,331.5,2,1,336.0,328.5,0.0,0.0,0.0,331.5
2024-01-24 06:00:00,318.0,2,1,331.5,336.0,0.0,0.0,0.0,318.0
2024-01-24 07:00:00,204.0,2,1,318.0,331.5,65.48881530761719,65.48881530761719,0.0,138.5111846923828
2024-01-24 08:00:00,45.0,2,1,204.0,318.0,208.58187675476074,45.0,163.58187675476074,0.0
2024-01-24 09:00:00,28.5,2,1,45.0,204.0,321.74654960632324,28.5,293.24654960632324,0.0
2024-01-24 10:00:00,0.0,2,1,28.5,45.0,400.23489475250244,0.0,400.23489475250244,0.0
2024-01-24 11:00:00,9.0,2,1,0.0,28.5,445.8805990219116,9.0,436.8805990219116,0.0
2024-01-24 12:00:00,21.0,2,1,9.0,0.0,457.9960298538208,21.0,436.9960298538208,0.0
2024-01-24 13:00:00,15.0,2,1,21.0,9.0,438.05468559265137,15.0,423.05468559265137,0.0
2024-01-24 14:00:00,18.0,2,1,15.0,21.0,391.88507080078125,18.0,373.88507080078125,0.0
2024-01-24 15:00:00,42.0,2,1,18.0,15.0,318.04643154144287,42.0,276.04643154144287,0.0
2024-01-24 16:00:00,99.0,2,1,42.0,18.0,210.87398529052734,99.0,111.87398529052734,0.0
2024-01-24 17:00:00,247.5,2,1,99.0,42.0,72.62709617614746,72.62709617614746,0.0,174.87290382385254
2024-01-24 18:00:00,315.0,2,1,247.5,99.0,0.0,0.0,0.0,315.0
2024-01-24 19:00:00,315.0,2,1,315.0,247.5,0.0,0.0,0.0,315.0
2024-01-24 20:00:00,342.0,2,1,315.0,315.0,0.0,0.0,0.0,342.0
2024-01-24 21:00:00,354.0,2,1,342.0,315.0,0.0,0.0,0.0,354.0
2024-01-24 22:00:00,340.5,2,1,354.0,342.0,0.0,0.0,0.0,340.5
2024-01-24 23:00:00,340.5,2,1,340.5,354.0,0.0,0.0,0.0,340.5
2024-01-25 00:00:00,334.5,3,1,340.5,340.5,0.0,0.0,0.0,334.5
2024-01-25 01:00:00,351.0,3,1,334.5,340.5,0.0,0.0,0.0,351.0
2024-01-25 02:00:00,349.5,3,1,351.0,334.5,0.0,0.0,0.0,349.5
2024-01-25 03:00:00,345.0,3,1,349.5,351.0,0.0,0.0,0.0,345.0
2024-01-25 04:00:00,333.0,3,1,345.0,349.5,0.0,0.0,0.0,333.0
2024-01-25 05:00:00,321.0,3,1,333.0,345.0,0.0,0.0,0.0,321.0
2024-01-25 06:00:00,318.0,3,1,321.0,333.0,0.0,0.0,0.0,318.0
2024-01-25 07:00:00,300.0,3,1,318.0,321.0,63.949828147888184,63.949828147888184,0.0,236.05017185211182
2024-01-25 08:00:00,310.5,3,1,300.0,318.0,205.0127363204956,205.0127363204956,0.0,105.4872636795044
2024-01-25 09:00:00,151.5,3,1,310.5,300.0,312.4798822402954,151.5,160.9798822402954,0.0
2024-01-25 10:00:00,30.0,3,1,151.5,310.5,386.4167547225952,30.0,356.4167547225952,0.0
2024-01-25 11:00:00,19.5,3,1,30.0,151.5,435.4678773880005,19.5,415.9678773880005,0.0
2024-01-25 12:00:00,1.5,3,1,19.5,30.0,447.6815414428711,1.5,446.1815414428711,0.0
2024-01-25 13:00:00,7.5,3,1,1.5,19.5,425.1533889770508,7.5,417.6533889770508,0.0
2024-01-25 14:00:00,12.0,3,1,7.5,1.5,369.71710681915283,12.0,357.71710681915283,0.0
2024-01-25 15:00:00,52.5,3,1,12.0,7.5,299.382119178772,52.5,246.88211917877197,0.0
2024-01-25 16:00:00,117.0,3,1,52.5,12.0,192.7663278579712,117.0,75.76632785797119,0.0
2024-01-25 17:00:00,249.0,3,1,117.0,52.5,61.330275535583496,61.330275535583496,0.0,187.6697244644165
2024-01-25 18:00:00,324.0,3,1,249.0,117.0,0.0,0.0,0.0,324.0
2024-01-25 19:00:00,327.0,3,1,324.0,249.0,0.0,0.0,0.0,327.0
2024-01-25 20:00:00,331.5,3,1,327.0,324.0,0.0,0.0,0.0,331.5
2024-01-25 21:00:00,337.5,3,1,331.5,327.0,0.0,0.0,0.0,337.5
2024-01-25 22:00:00,340.5,3,1,337.5,331.5,0.0,0.0,0.0,340.5
2024-01-25 23:00:00,325.5,3,1,340.5,337.5,0.0,0.0,0.0,325.5
2024-01-26 00:00:00,318.0,4,1,325.5,340.5,0.0,0.0,0.0,318.0
2024-01-26 01:00:00,340.5,4,1,318.0,325.5,0.0,0.0,0.0,340.5
2024-01-26 02:00:00,340.5,4,1,340.5,318.0,0.0,0.0,0.0,340.5
2024-01-26 03:00:00,336.0,4,1,340.5,340.5,0.0,0.0,0.0,336.0
2024-01-26 04:00:00,336.0,4,1,336.0,340.5,0.0,0.0,0.0,336.0
2024-01-26 05:00:00,429.0,4,1,336.0,336.0,0.0,0.0,0.0,429.0
2024-01-26 06:00:00,469.5,4,1,429.0,336.0,0.0,0.0,0.0,469.5
2024-01-26 07:00:00,376.5,4,1,469.5,429.0,57.30271339416504,57.30271339416504,0.0,319.19728660583496
2024-01-26 08:00:00,282.0,4,1,376.5,469.5,198.5620880126953,198.5620880126953,0.0,83.43791198730469
2024-01-26 09:00:00,180.0,4,1,282.0,376.5,314.771990776062,180.0,134.771990776062,0.0
2024-01-26 10:00:00,22.5,4,1,180.0,282.0,396.89496517181396,22.5,374.39496517181396,0.0
2024-01-26 11:00:00,69.0,4,1,22.5,180.0,447.7142858505249,69.0,378.7142858505249,0.0
2024-01-26 12:00:00,15.0,4,1,69.0,22.5,462.77671337127686,15.0,447.77671337127686,0.0
2024-01-26 13:00:00,30.0,4,1,15.0,69.0,445.58589935302734,30.0,415.58589935302734,0.0
2024-01-26 14:00:00,51.0,4,1,30.0,15.0,398.5321855545044,51.0,347.5321855545044,0.0
2024-01-26 15:00:00,105.0,4,1,51.0,30.0,317.52252101898193,105.0,212.52252101898193,0.0
2024-01-26 16:00:00,238.5,4,1,105.0,51.0,203.0480718612671,203.0480718612671,0.0,35.45192813873291
2024-01-26 17:00:00,565.5,4,1,238.5,105.0,68.92697811126709,68.92697811126709,0.0,496.5730218887329
2024-01-26 18:00:00,639.0,4,1,565.5,238.5,0.0,0.0,0.0,639.0
2024-01-26 19:00:00,574.5,4,1,639.0,565.5,0.0,0.0,0.0,574.5
2024-01-26 20:00:00,1041.0,4,1,574.5,639.0,0.0,0.0,0.0,1041.0
2024-01-26 21:00:00,2394.0,4,1,1041.0,574.5,0.0,0.0,0.0,2394.0
2024-01-26 22:00:00,2401.5,4,1,2394.0,1041.0,0.0,0.0,0.0,2401.5
2024-01-26 23:00:00,2494.5,4,1,2401.5,2394.0,0.0,0.0,0.0,2494.5
2024-01-27 00:00:00,2710.5,5,1,2494.5,2401.5,0.0,0.0,0.0,2710.5
2024-01-27 01:00:00,2799.0,5,1,2710.5,2494.5,0.0,0.0,0.0,2799.0
2024-01-27 02:00:00,2784.0,5,1,2799.0,2710.5,0.0,0.0,0.0,2784.0
2024-01-27 03:00:00,1335.0,5,1,2784.0,2799.0,0.0,0.0,0.0,1335.0
2024-01-27 04:00:00,585.0,5,1,1335.0,2784.0,0.0,0.0,0.0,585.0
2024-01-27 05:00:00,600.0,5,1,585.0,1335.0,0.0,0.0,0.0,600.0
2024-01-27 06:00:00,985.5,5,1,600.0,585.0,0.0,0.0,0.0,985.5
2024-01-27 07:00:00,906.0,5,1,985.5,600.0,66.11095905303955,66.11095905303955,0.0,839.8890409469604
2024-01-27 08:00:00,1668.0,5,1,906.0,985.5,210.77575206756592,210.77575206756592,0.0,1457.224247932434
2024-01-27 09:00:00,1272.0,5,1,1668.0,906.0,322.6961374282837,322.6961374282837,0.0,949.3038625717163
2024-01-27 10:00:00,1255.5,5,1,1272.0,1668.0,395.5851888656616,395.5851888656616,0.0,859.9148111343384
2024-01-27 11:00:00,1573.5,5,1,1255.5,1272.0,444.04691219329834,444.04691219329834,0.0,1129.4530878067017
2024-01-27 12:00:00,846.0,5,1,1573.5,1255.5,457.1774196624756,457.1774196624756,0.0,388.8225803375244
2024-01-27 13:00:00,468.0,5,1,846.0,1573.5,436.38472080230713,436.38472080230713,0.0,31.61527919769287
2024-01-27 14:00:00,780.0,5,1,468.0,846.0,389.98589515686035,389.98589515686035,0.0,390.01410484313965
2024-01-27 15:00:00,1255.5,5,1,780.0,468.0,311.2028503417969,311.2028503417969,0.0,944.2971496582031
2024-01-27 16:00:00,1350.0,5,1,1255.5,780.0,202.45867252349854,202.45867252349854,0.0,1147.5413274765015
2024-01-27 17:00:00,1060.5,5,1,1350.0,1255.5,68.73051166534424,68.73051166534424,0.0,991.7694883346558
2024-01-27 18:00:00,954.0,5,1,1060.5,1350.0,0.0,0.0,0.0,954.0
2024-01-27 19:00:00,919.5,5,1,954.0,1060.5,0.0,0.0,0.0,919.5
2024-01-27 20:00:00,894.0,5,1,919.5,954.0,0.0,0.0,0.0,894.0
2024-01-27 21:00:00,1296.0,5,1,894.0,919.5,0.0,0.0,0.0,1296.0
2024-01-27 22:00:00,885.0,5,1,1296.0,894.0,0.0,0.0,0.0,885.0
2024-01-27 23:00:00,1872.0,5,1,885.0,1296.0,0.0,0.0,0.0,1872.0
2024-01-28 00:00:00,1551.0,6,1,1872.0,885.0,0.0,0.0,0.0,1551.0
2024-01-28 01:00:00,2088.0,6,1,1551.0,1872.0,0.0,0.0,0.0,2088.0
2024-01-28 02:00:00,1486.5,6,1,2088.0,1551.0,0.0,0.0,0.0,1486.5
2024-01-28 03:00:00,1771.5,6,1,1486.5,2088.0,0.0,0.0,0.0,1771.5
2024-01-28 04:00:00,2289.0,6,1,1771.5,1486.5,0.0,0.0,0.0,2289.0
2024-01-28 05:00:00,1170.0,6,1,2289.0,1771.5,0.0,0.0,0.0,1170.0
2024-01-28 06:00:00,1134.0,6,1,1170.0,2289.0,0.0,0.0,0.0,1134.0
2024-01-28 07:00:00,1612.5,6,1,1134.0,1170.0,63.29493999481201,63.29493999481201,0.0,1549.205060005188
2024-01-28 08:00:00,1458.0,6,1,1612.5,1134.0,203.53923797607422,203.53923797607422,0.0,1254.4607620239258
2024-01-28 09:00:00,2058.0,6,1,1458.0,1612.5,312.1196937561035,312.1196937561035,0.0,1745.8803062438965
2024-01-28 10:00:00,1836.0,6,1,2058.0,1458.0,382.1272373199463,382.1272373199463,0.0,1453.8727626800537
2024-01-28 11:00:00,1605.0,6,1,1836.0,2058.0,429.901328086853,429.901328086853,0.0,1175.098671913147
2024-01-28 12:00:00,1134.0,6,1,1605.0,1836.0,444.2433786392212,444.2433786392212,0.0,689.7566213607788
2024-01-28 13:00:00,1035.0,6,1,1134.0,1605.0,426.2666988372803,426.2666988372803,0.0,608.7333011627197
2024-01-28 14:00:00,1293.0,6,1,1035.0,1134.0,379.0165185928345,379.0165185928345,0.0,913.9834814071655
2024-01-28 15:00:00,1365.0,6,1,1293.0,1035.0,300.9865951538086,300.9865951538086,0.0,1064.0134048461914
2024-01-28 16:00:00,1834.5,6,1,1365.0,1293.0,196.10625743865967,196.10625743865967,0.0,1638.3937425613403
2024-01-28 17:00:00,2229.0,6,1,1834.5,1365.0,64.34276103973389,64.34276103973389,0.0,2164.657238960266
2024-01-28 18:00:00,2442.0,6,1,2229.0,1834.5,0.0,0.0,0.0,2442.0
2024-01-28 19:00:00,2439.0,6,1,2442.0,2229.0,0.0,0.0,0.0,2439.0
2024-01-28 20:00:00,2394.0,6,1,2439.0,2442.0,0.0,0.0,0.0,2394.0
2024-01-28 21:00:00,2421.0,6,1,2394.0,2439.0,0.0,0.0,0.0,2421.0
2024-01-28 22:00:00,3087.0,6,1,2421.0,2394.0,0.0,0.0,0.0,3087.0
2024-01-28 23:00:00,2931.0,6,1,3087.0,2421.0,0.0,0.0,0.0,2931.0
2024-01-29 00:00:00,2448.0,0,1,2931.0,3087.0,0.0,0.0,0.0,2448.0
2024-01-29 01:00:00,2529.0,0,1,2448.0,2931.0,0.0,0.0,0.0,2529.0
2024-01-29 02:00:00,2626.5,0,1,2529.0,2448.0,0.0,0.0,0.0,2626.5
2024-01-29 03:00:00,2728.5,0,1,2626.5,2529.0,0.0,0.0,0.0,2728.5
2024-01-29 04:00:00,2862.0,0,1,2728.5,2626.5,0.0,0.0,0.0,2862.0
2024-01-29 05:00:00,2952.0,0,1,2862.0,2728.5,0.0,0.0,0.0,2952.0
2024-01-29 06:00:00,2824.5,0,1,2952.0,2862.0,0.0,0.0,0.0,2824.5
2024-01-29 07:00:00,2674.5,0,1,2824.5,2952.0,61.52674198150635,61.52674198150635,0.0,2612.9732580184937
2024-01-29 08:00:00,2503.5,0,1,2674.5,2824.5,201.181640625,201.181640625,0.0,2302.318359375
2024-01-29 09:00:00,2304.0,0,1,2503.5,2674.5,307.1097993850708,307.1097993850708,0.0,1996.8902006149292
2024-01-29 10:00:00,2055.0,0,1,2304.0,2503.5,374.7270011901856,374.7270011901856,0.0,1680.2729988098145
2024-01-29 11:00:00,1755.0,0,1,2055.0,2304.0,420.79838275909424,420.79838275909424,0.0,1334.2016172409058
2024-01-29 12:00:00,1518.0,0,1,1755.0,2055.0,430.8836603164673,430.8836603164673,0.0,1087.1163396835327
2024-01-29 13:00:00,1704.0,0,1,1518.0,1755.0,409.5670509338379,409.5670509338379,0.0,1294.432949066162
2024-01-29 14:00:00,1932.0,0,1,1704.0,1518.0,365.9842443466186,365.9842443466186,0.0,1566.0157556533813
2024-01-29 15:00:00,2296.5,0,1,1932.0,1704.0,290.8030843734741,290.8030843734741,0.0,2005.6969156265259
2024-01-29 16:00:00,2535.0,0,1,2296.5,1932.0,187.8874111175537,187.8874111175537,0.0,2347.1125888824463
2024-01-29 17:00:00,2766.0,0,1,2535.0,2296.5,60.9700870513916,60.9700870513916,0.0,2705.0299129486084
2024-01-29 18:00:00,2689.5,0,1,2766.0,2535.0,0.0,0.0,0.0,2689.5
2024-01-29 19:00:00,3015.0,0,1,2689.5,2766.0,0.0,0.0,0.0,3015.0
2024-01-29 20:00:00,2967.0,0,1,3015.0,2689.5,0.0,0.0,0.0,2967.0
2024-01-29 21:00:00,3024.0,0,1,2967.0,3015.0,0.0,0.0,0.0,3024.0
2024-01-29 22:00:00,3046.5,0,1,3024.0,2967.0,0.0,0.0,0.0,3046.5
2024-01-29 23:00:00,2989.5,0,1,3046.5,3024.0,0.0,0.0,0.0,2989.5
2024-01-30 00:00:00,3052.5,1,1,2989.5,3046.5,0.0,0.0,0.0,3052.5
2024-01-30 01:00:00,2925.0,1,1,3052.5,2989.5,0.0,0.0,0.0,2925.0
2024-01-30 02:00:00,2983.5,1,1,2925.0,3052.5,0.0,0.0,0.0,2983.5
2024-01-30 03:00:00,2926.5,1,1,2983.5,2925.0,0.0,0.0,0.0,2926.5
2024-01-30 04:00:00,2908.5,1,1,2926.5,2983.5,0.0,0.0,0.0,2908.5
2024-01-30 05:00:00,2692.5,1,1,2908.5,2926.5,0.0,0.0,0.0,2692.5
2024-01-30 06:00:00,2937.0,1,1,2692.5,2908.5,0.0,0.0,0.0,2937.0
2024-01-30 07:00:00,2550.0,1,1,2937.0,2692.5,48.72367858886719,48.72367858886719,0.0,2501.276321411133
2024-01-30 08:00:00,1990.5,1,1,2550.0,2937.0,175.18258094787598,175.18258094787598,0.0,1815.317419052124
2024-01-30 09:00:00,1956.0,1,1,1990.5,2550.0,274.46362495422363,274.46362495422363,0.0,1681.5363750457764
2024-01-30 10:00:00,1744.5,1,1,1956.0,1990.5,343.7507915496827,343.7507915496827,0.0,1400.7492084503174
2024-01-30 11:00:00,1638.0,1,1,1744.5,1956.0,387.26810932159424,387.26810932159424,0.0,1250.7318906784058
2024-01-30 12:00:00,1452.0,1,1,1638.0,1744.5,399.12158489227295,399.12158489227295,0.0,1052.878415107727
2024-01-30 13:00:00,1620.0,1,1,1452.0,1638.0,378.85279655456543,378.85279655456543,0.0,1241.1472034454346
2024-01-30 14:00:00,1821.0,1,1,1620.0,1452.0,337.33288764953613,337.33288764953613,0.0,1483.6671123504639
2024-01-30 15:00:00,2281.5,1,1,1821.0,1620.0,261.23488426208496,261.23488426208496,0.0,2020.265115737915
2024-01-30 16:00:00,2646.0,1,1,2281.5,1821.0,162.87068367004395,162.87068367004395,0.0,2483.129316329956
2024-01-30 17:00:00,2827.5,1,1,2646.0,2281.5,44.9580717086792,44.9580717086792,0.0,2782.541928291321
2024-01-30 18:00:00,2788.5,1,1,2827.5,2646.0,0.0,0.0,0.0,2788.5
2024-01-30 19:00:00,2779.5,1,1,2788.5,2827.5,0.0,0.0,0.0,2779.5
2024-01-30 20:00:00,2430.0,1,1,2779.5,2788.5,0.0,0.0,0.0,2430.0
2024-01-30 21:00:00,2887.5,1,1,2430.0,2779.5,0.0,0.0,0.0,2887.5
2024-01-30 22:00:00,2907.0,1,1,2887.5,2430.0,0.0,0.0,0.0,2907.0
2024-01-30 23:00:00,1963.5,1,1,2907.0,2887.5,0.0,0.0,0.0,1963.5
2024-01-31 00:00:00,2247.0,2,1,1963.5,2907.0,0.0,0.0,0.0,2247.0
2024-01-31 01:00:00,1542.0,2,1,2247.0,1963.5,0.0,0.0,0.0,1542.0
2024-01-31 02:00:00,2730.0,2,1,1542.0,2247.0,0.0,0.0,0.0,2730.0
2024-01-31 03:00:00,2500.5,2,1,2730.0,1542.0,0.0,0.0,0.0,2500.5
2024-01-31 04:00:00,1548.0,2,1,2500.5,2730.0,0.0,0.0,0.0,1548.0
2024-01-31 05:00:00,2727.0,2,1,1548.0,2500.5,0.0,0.0,0.0,2727.0
2024-01-31 06:00:00,2073.0,2,1,2727.0,1548.0,0.0,0.0,0.0,2073.0
2024-01-31 07:00:00,2025.0,2,1,2073.0,2727.0,35.59317111968994,35.59317111968994,0.0,1989.40682888031
2024-01-31 08:00:00,2223.0,2,1,2025.0,2073.0,156.2563133239746,156.2563133239746,0.0,2066.7436866760254
2024-01-31 09:00:00,474.0,2,1,2223.0,2025.0,269.8466634750366,269.8466634750366,0.0,204.15333652496338
2024-01-31 10:00:00,1419.0,2,1,474.0,2223.0,357.6999092102051,357.6999092102051,0.0,1061.300090789795
2024-01-31 11:00:00,1197.0,2,1,1419.0,474.0,409.9599838256836,409.9599838256836,0.0,787.0400161743164
2024-01-31 12:00:00,1587.0,2,1,1197.0,1419.0,422.2718811035156,422.2718811035156,0.0,1164.7281188964844
2024-01-31 13:00:00,1722.0,2,1,1587.0,1197.0,394.89755630493164,394.89755630493164,0.0,1327.1024436950684
2024-01-31 14:00:00,1944.0,2,1,1722.0,1587.0,351.4457273483276,351.4457273483276,0.0,1592.5542726516724
2024-01-31 15:00:00,1671.0,2,1,1944.0,1722.0,271.41839504241943,271.41839504241943,0.0,1399.5816049575806
2024-01-31 16:00:00,2067.0,2,1,1671.0,1944.0,135.39812564849854,135.39812564849854,0.0,1931.6018743515015
2024-01-31 17:00:00,2785.5,2,1,2067.0,1671.0,40.0136661529541,40.0136661529541,0.0,2745.486333847046
2024-01-31 18:00:00,2964.0,2,1,2785.5,2067.0,0.0,0.0,0.0,2964.0
2024-01-31 19:00:00,2703.0,2,1,2964.0,2785.5,0.0,0.0,0.0,2703.0
2024-01-31 20:00:00,2254.5,2,1,2703.0,2964.0,0.0,0.0,0.0,2254.5
2024-01-31 21:00:00,2908.5,2,1,2254.5,2703.0,0.0,0.0,0.0,2908.5
2024-01-31 22:00:00,2895.0,2,1,2908.5,2254.5,0.0,0.0,0.0,2895.0
2024-01-31 23:00:00,2391.0,2,1,2895.0,2908.5,0.0,0.0,0.0,2391.0
2024-02-01 00:00:00,2856.0,3,2,2391.0,2895.0,0.0,0.0,0.0,2856.0
2024-02-01 01:00:00,2679.0,3,2,2856.0,2391.0,0.0,0.0,0.0,2679.0
2024-02-01 02:00:00,1684.5,3,2,2679.0,2856.0,0.0,0.0,0.0,1684.5
2024-02-01 03:00:00,1189.5,3,2,1684.5,2679.0,0.0,0.0,0.0,1189.5
2024-02-01 04:00:00,1468.5,3,2,1189.5,1684.5,0.0,0.0,0.0,1468.5
2024-02-01 05:00:00,2548.5,3,2,1468.5,1189.5,0.0,0.0,0.0,2548.5
2024-02-01 06:00:00,1750.5,3,2,2548.5,1468.5,0.0,0.0,0.0,1750.5
2024-02-01 07:00:00,870.0,3,2,1750.5,2548.5,48.298001289367676,48.298001289367676,0.0,821.7019987106323
2024-02-01 08:00:00,75.0,3,2,870.0,1750.5,179.5048427581787,75.0,104.50484275817871,0.0
2024-02-01 09:00:00,18.0,3,2,75.0,870.0,290.2791738510132,18.0,272.2791738510132,0.0
2024-02-01 10:00:00,18.0,3,2,18.0,75.0,271.90956115722656,18.0,253.90956115722656,0.0
2024-02-01 11:00:00,16.5,3,2,18.0,18.0,413.136191368103,16.5,396.636191368103,0.0
2024-02-01 12:00:00,12.0,3,2,16.5,18.0,430.35974979400635,12.0,418.35974979400635,0.0
2024-02-01 13:00:00,10.5,3,2,12.0,16.5,408.8466739654541,10.5,398.3466739654541,0.0
2024-02-01 14:00:00,7.5,3,2,10.5,12.0,363.23371410369873,7.5,355.73371410369873,0.0
2024-02-01 15:00:00,0.0,3,2,7.5,10.5,287.43041038513184,0.0,287.43041038513184,0.0
2024-02-01 16:00:00,30.0,3,2,0.0,7.5,182.02616214752194,30.0,152.02616214752194,0.0
2024-02-01 17:00:00,237.0,3,2,30.0,0.0,59.39835548400879,59.39835548400879,0.0,177.6016445159912
2024-02-01 18:00:00,355.5,3,2,237.0,30.0,0.0,0.0,0.0,355.5
2024-02-01 19:00:00,385.5,3,2,355.5,237.0,0.0,0.0,0.0,385.5
2024-02-01 20:00:00,417.0,3,2,385.5,355.5,0.0,0.0,0.0,417.0
2024-02-01 21:00:00,520.5,3,2,417.0,385.5,0.0,0.0,0.0,520.5
2024-02-01 22:00:00,1159.5,3,2,520.5,417.0,0.0,0.0,0.0,1159.5
2024-02-01 23:00:00,1891.5,3,2,1159.5,520.5,0.0,0.0,0.0,1891.5
2024-02-02 00:00:00,1656.0,4,2,1891.5,1159.5,0.0,0.0,0.0,1656.0
2024-02-02 01:00:00,1530.0,4,2,1656.0,1891.5,0.0,0.0,0.0,1530.0
2024-02-02 02:00:00,1699.5,4,2,1530.0,1656.0,0.0,0.0,0.0,1699.5
2024-02-02 03:00:00,1858.5,4,2,1699.5,1530.0,0.0,0.0,0.0,1858.5
2024-02-02 04:00:00,1872.0,4,2,1858.5,1699.5,0.0,0.0,0.0,1872.0
2024-02-02 05:00:00,1612.5,4,2,1872.0,1858.5,0.0,0.0,0.0,1612.5
2024-02-02 06:00:00,1836.0,4,2,1612.5,1872.0,0.0,0.0,0.0,1836.0
2024-02-02 07:00:00,1540.5,4,2,1836.0,1612.5,49.41131114959717,49.41131114959717,0.0,1491.0886888504028
2024-02-02 08:00:00,1299.0,4,2,1540.5,1836.0,181.76420688629153,181.76420688629153,0.0,1117.2357931137085
2024-02-02 09:00:00,1074.0,4,2,1299.0,1540.5,294.66692447662354,294.66692447662354,0.0,779.3330755233765
2024-02-02 10:00:00,912.0,4,2,1074.0,1299.0,368.5710525512695,368.5710525512695,0.0,543.4289474487305
2024-02-02 11:00:00,817.5,4,2,912.0,1074.0,417.9168748855591,417.9168748855591,0.0,399.5831251144409
2024-02-02 12:00:00,858.0,4,2,817.5,912.0,433.86340141296387,433.86340141296387,0.0,424.13659858703613
2024-02-02 13:00:00,693.0,4,2,858.0,817.5,409.9927282333374,409.9927282333374,0.0,283.0072717666626
2024-02-02 14:00:00,453.0,4,2,693.0,858.0,362.8080368041993,362.8080368041993,0.0,90.19196319580072
2024-02-02 15:00:00,685.5,4,2,453.0,693.0,285.95691204071045,285.95691204071045,0.0,399.54308795928955
2024-02-02 16:00:00,850.5,4,2,685.5,453.0,178.52251052856445,178.52251052856445,0.0,671.9774894714355
2024-02-02 17:00:00,1189.5,4,2,850.5,685.5,54.55218315124512,54.55218315124512,0.0,1134.9478168487549
2024-02-02 18:00:00,1260.0,4,2,1189.5,850.5,0.0,0.0,0.0,1260.0
2024-02-02 19:00:00,1120.5,4,2,1260.0,1189.5,0.0,0.0,0.0,1120.5
2024-02-02 20:00:00,1849.5,4,2,1120.5,1260.0,0.0,0.0,0.0,1849.5
2024-02-02 21:00:00,2025.0,4,2,1849.5,1120.5,0.0,0.0,0.0,2025.0
2024-02-02 22:00:00,1980.0,4,2,2025.0,1849.5,0.0,0.0,0.0,1980.0
2024-02-02 23:00:00,2041.5,4,2,1980.0,2025.0,0.0,0.0,0.0,2041.5
2024-02-03 00:00:00,1930.5,5,2,2041.5,1980.0,0.0,0.0,0.0,1930.5
2024-02-03 01:00:00,1969.5,5,2,1930.5,2041.5,0.0,0.0,0.0,1969.5
2024-02-03 02:00:00,1939.5,5,2,1969.5,1930.5,0.0,0.0,0.0,1939.5
2024-02-03 03:00:00,2007.0,5,2,1939.5,1969.5,0.0,0.0,0.0,2007.0
2024-02-03 04:00:00,1872.0,5,2,2007.0,1939.5,0.0,0.0,0.0,1872.0
2024-02-03 05:00:00,1927.5,5,2,1872.0,2007.0,0.0,0.0,0.0,1927.5
2024-02-03 06:00:00,2131.5,5,2,1927.5,1872.0,0.0,0.0,0.0,2131.5
2024-02-03 07:00:00,2193.0,5,2,2131.5,1927.5,30.419554710388184,30.419554710388184,0.0,2162.580445289612
2024-02-03 08:00:00,2121.0,5,2,2193.0,2131.5,179.93052005767822,179.93052005767822,0.0,1941.0694799423218
2024-02-03 09:00:00,1794.0,5,2,2121.0,2193.0,290.08270740509033,290.08270740509033,0.0,1503.9172925949097
2024-02-03 10:00:00,2046.0,5,2,1794.0,2121.0,354.06527996063227,354.06527996063227,0.0,1691.9347200393677
2024-02-03 11:00:00,1957.5,5,2,2046.0,1794.0,401.9376039505005,401.9376039505005,0.0,1555.5623960494995
2024-02-03 12:00:00,2224.5,5,2,1957.5,2046.0,420.2744722366333,420.2744722366333,0.0,1804.2255277633667
2024-02-03 13:00:00,2037.0,5,2,2224.5,1957.5,402.8217029571533,402.8217029571533,0.0,1634.1782970428467
2024-02-03 14:00:00,2601.0,5,2,2037.0,2224.5,360.9088611602784,360.9088611602784,0.0,2240.0911388397217
2024-02-03 15:00:00,3397.5,5,2,2601.0,2037.0,287.3649215698242,287.3649215698242,0.0,3110.135078430176
2024-02-03 16:00:00,3747.0,5,2,3397.5,2601.0,176.45961284637454,176.45961284637454,0.0,3570.5403871536255
2024-02-03 17:00:00,3717.0,5,2,3747.0,3397.5,55.69823741912842,55.69823741912842,0.0,3661.3017625808716
2024-02-03 18:00:00,3576.0,5,2,3717.0,3747.0,0.0,0.0,0.0,3576.0
2024-02-03 19:00:00,3912.0,5,2,3576.0,3717.0,0.0,0.0,0.0,3912.0
2024-02-03 20:00:00,3288.0,5,2,3912.0,3576.0,0.0,0.0,0.0,3288.0
2024-02-03 21:00:00,3294.0,5,2,3288.0,3912.0,0.0,0.0,0.0,3294.0
2024-02-03 22:00:00,3823.5,5,2,3294.0,3288.0,0.0,0.0,0.0,3823.5
2024-02-03 23:00:00,3567.0,5,2,3823.5,3294.0,0.0,0.0,0.0,3567.0
2024-02-04 00:00:00,3909.0,6,2,3567.0,3823.5,0.0,0.0,0.0,3909.0
2024-02-04 01:00:00,3954.0,6,2,3909.0,3567.0,0.0,0.0,0.0,3954.0
2024-02-04 02:00:00,3673.5,6,2,3954.0,3909.0,0.0,0.0,0.0,3673.5
2024-02-04 03:00:00,4000.5,6,2,3673.5,3954.0,0.0,0.0,0.0,4000.5
2024-02-04 04:00:00,4008.0,6,2,4000.5,3673.5,0.0,0.0,0.0,4008.0
2024-02-04 05:00:00,3829.5,6,2,4008.0,4000.5,0.0,0.0,0.0,3829.5
2024-02-04 06:00:00,4167.0,6,2,3829.5,4008.0,0.0,0.0,0.0,4167.0
2024-02-04 07:00:00,3702.0,6,2,4167.0,3829.5,50.655598640441895,50.655598640441895,0.0,3651.344401359558
2024-02-04 08:00:00,2733.0,6,2,3702.0,4167.0,182.8447723388672,182.8447723388672,0.0,2550.155227661133
2024-02-04 09:00:00,2107.5,6,2,2733.0,3702.0,294.66692447662354,294.66692447662354,0.0,1812.8330755233765
2024-02-04 10:00:00,2262.0,6,2,2107.5,2733.0,371.1578607559204,371.1578607559204,0.0,1890.8421392440796
2024-02-04 11:00:00,2064.0,6,2,2262.0,2107.5,415.42829990386963,415.42829990386963,0.0,1648.5717000961304
2024-02-04 12:00:00,2137.5,6,2,2064.0,2262.0,424.8259449005127,424.8259449005127,0.0,1712.6740550994873
2024-02-04 13:00:00,2352.0,6,2,2137.5,2064.0,403.24738025665283,403.24738025665283,0.0,1948.7526197433472
2024-02-04 14:00:00,2445.0,6,2,2352.0,2137.5,362.57882595062256,362.57882595062256,0.0,2082.4211740493774
2024-02-04 15:00:00,2542.5,6,2,2445.0,2352.0,290.93406200408936,290.93406200408936,0.0,2251.5659379959106
2024-02-04 16:00:00,3667.5,6,2,2542.5,2445.0,178.26055526733398,178.26055526733398,0.0,3489.239444732666
2024-02-04 17:00:00,3720.0,6,2,3667.5,2542.5,53.99552822113037,53.99552822113037,0.0,3666.0044717788696
2024-02-04 18:00:00,4068.0,6,2,3720.0,3667.5,0.0,0.0,0.0,4068.0
2024-02-04 19:00:00,4168.5,6,2,4068.0,3720.0,0.0,0.0,0.0,4168.5
2024-02-04 20:00:00,4440.0,6,2,4168.5,4068.0,0.0,0.0,0.0,4440.0
2024-02-04 21:00:00,4371.0,6,2,4440.0,4168.5,0.0,0.0,0.0,4371.0
2024-02-04 22:00:00,4224.0,6,2,4371.0,4440.0,0.0,0.0,0.0,4224.0
2024-02-04 23:00:00,3796.5,6,2,4224.0,4371.0,0.0,0.0,0.0,3796.5
2024-02-05 00:00:00,4242.0,0,2,3796.5,4224.0,0.0,0.0,0.0,4242.0
2024-02-05 01:00:00,3873.0,0,2,4242.0,3796.5,0.0,0.0,0.0,3873.0
2024-02-05 02:00:00,2868.0,0,2,3873.0,4242.0,0.0,0.0,0.0,2868.0
2024-02-05 03:00:00,2821.5,0,2,2868.0,3873.0,0.0,0.0,0.0,2821.5
2024-02-05 04:00:00,2821.5,0,2,2821.5,2868.0,0.0,0.0,0.0,2821.5
2024-02-05 05:00:00,2550.0,0,2,2821.5,2821.5,0.0,0.0,0.0,2550.0
2024-02-05 06:00:00,2334.0,0,2,2550.0,2821.5,0.0,0.0,0.0,2334.0
2024-02-05 07:00:00,928.5,0,2,2334.0,2550.0,31.532864570617676,31.532864570617676,0.0,896.9671354293823
2024-02-05 08:00:00,28.5,0,2,928.5,2334.0,169.8452425003052,28.5,141.3452425003052,0.0
2024-02-05 09:00:00,10.5,0,2,28.5,928.5,283.37010383605957,10.5,272.87010383605957,0.0
2024-02-05 10:00:00,12.0,0,2,10.5,28.5,349.0881299972534,12.0,337.0881299972534,0.0
2024-02-05 11:00:00,12.0,0,2,12.0,10.5,398.9578628540039,12.0,386.9578628540039,0.0
2024-02-05 12:00:00,0.0,0,2,12.0,12.0,413.56186866760254,0.0,413.56186866760254,0.0
2024-02-05 13:00:00,76.5,0,2,0.0,12.0,328.7538528442383,76.5,252.25385284423828,0.0
2024-02-05 14:00:00,18.0,0,2,76.5,0.0,347.1562099456787,18.0,329.1562099456787,0.0
2024-02-05 15:00:00,52.5,0,2,18.0,76.5,271.81132793426514,52.5,219.31132793426514,0.0
2024-02-05 16:00:00,73.5,0,2,52.5,18.0,175.54276943206787,73.5,102.04276943206787,0.0
2024-02-05 17:00:00,204.0,0,2,73.5,52.5,53.63533973693848,53.63533973693848,0.0,150.36466026306152
2024-02-05 18:00:00,316.5,0,2,204.0,73.5,0.0,0.0,0.0,316.5
2024-02-05 19:00:00,318.0,0,2,316.5,204.0,0.0,0.0,0.0,318.0
2024-02-05 20:00:00,340.5,0,2,318.0,316.5,0.0,0.0,0.0,340.5
2024-02-05 21:00:00,348.0,0,2,340.5,318.0,0.0,0.0,0.0,348.0
2024-02-05 22:00:00,363.0,0,2,348.0,340.5,0.0,0.0,0.0,363.0
2024-02-05 23:00:00,357.0,0,2,363.0,348.0,0.0,0.0,0.0,357.0
2024-02-06 00:00:00,324.0,1,2,357.0,363.0,0.0,0.0,0.0,324.0
2024-02-06 01:00:00,343.5,1,2,324.0,357.0,0.0,0.0,0.0,343.5
2024-02-06 02:00:00,327.0,1,2,343.5,324.0,0.0,0.0,0.0,327.0
2024-02-06 03:00:00,322.5,1,2,327.0,343.5,0.0,0.0,0.0,322.5
2024-02-06 04:00:00,310.5,1,2,322.5,327.0,0.0,0.0,0.0,310.5
2024-02-06 05:00:00,411.0,1,2,310.5,322.5,0.0,0.0,0.0,411.0
2024-02-06 06:00:00,409.5,1,2,411.0,310.5,0.0,0.0,0.0,409.5
2024-02-06 07:00:00,298.5,1,2,409.5,411.0,40.50483226776123,40.50483226776123,0.0,257.99516773223877
2024-02-06 08:00:00,115.5,1,2,298.5,409.5,167.6186227798462,115.5,52.11862277984619,0.0
2024-02-06 09:00:00,27.0,1,2,115.5,298.5,280.0301742553711,27.0,253.0301742553711,0.0
2024-02-06 10:00:00,18.0,1,2,27.0,115.5,353.9343023300171,18.0,335.9343023300171,0.0
2024-02-06 11:00:00,9.0,1,2,18.0,27.0,403.9350128173828,9.0,394.9350128173828,0.0
2024-02-06 12:00:00,0.0,1,2,9.0,18.0,416.4761209487915,0.0,416.4761209487915,0.0
2024-02-06 13:00:00,19.5,1,2,0.0,9.0,395.4542112350464,19.5,375.9542112350464,0.0
2024-02-06 14:00:00,13.5,1,2,19.5,0.0,348.8916635513305,13.5,335.3916635513305,0.0
2024-02-06 15:00:00,10.5,1,2,13.5,19.5,274.13618087768555,10.5,263.63618087768555,0.0
2024-02-06 16:00:00,96.0,1,2,10.5,13.5,179.17739868164062,96.0,83.17739868164062,0.0
2024-02-06 17:00:00,193.5,1,2,96.0,10.5,56.32038116455078,56.32038116455078,0.0,137.17961883544922
2024-02-06 18:00:00,253.5,1,2,193.5,96.0,0.0,0.0,0.0,253.5
2024-02-06 19:00:00,259.5,1,2,253.5,193.5,0.0,0.0,0.0,259.5
2024-02-06 20:00:00,324.0,1,2,259.5,253.5,0.0,0.0,0.0,324.0
2024-02-06 21:00:00,325.5,1,2,324.0,259.5,0.0,0.0,0.0,325.5
2024-02-06 22:00:00,330.0,1,2,325.5,324.0,0.0,0.0,0.0,330.0
2024-02-06 23:00:00,336.0,1,2,330.0,325.5,0.0,0.0,0.0,336.0
2024-02-07 00:00:00,295.5,2,2,336.0,330.0,0.0,0.0,0.0,295.5
2024-02-07 01:00:00,319.5,2,2,295.5,336.0,0.0,0.0,0.0,319.5
2024-02-07 02:00:00,304.5,2,2,319.5,295.5,0.0,0.0,0.0,304.5
2024-02-07 03:00:00,286.5,2,2,304.5,319.5,0.0,0.0,0.0,286.5
2024-02-07 04:00:00,283.5,2,2,286.5,304.5,0.0,0.0,0.0,283.5
2024-02-07 05:00:00,307.5,2,2,283.5,286.5,0.0,0.0,0.0,307.5
2024-02-07 06:00:00,685.5,2,2,307.5,283.5,0.0,0.0,0.0,685.5
2024-02-07 07:00:00,879.0,2,2,685.5,307.5,42.993407249450684,42.993407249450684,0.0,836.0065927505493
2024-02-07 08:00:00,982.5,2,2,879.0,685.5,167.35666751861572,167.35666751861572,0.0,815.1433324813843
2024-02-07 09:00:00,822.0,2,2,982.5,879.0,281.04525089263916,281.04525089263916,0.0,540.9547491073608
2024-02-07 10:00:00,601.5,2,2,822.0,982.5,355.50603389739996,355.50603389739996,0.0,245.99396610260004
2024-02-07 11:00:00,213.0,2,2,601.5,822.0,408.355507850647,213.0,195.35550785064697,0.0
2024-02-07 12:00:00,222.0,2,2,213.0,601.5,423.58165740966797,222.0,201.58165740966797,0.0
2024-02-07 13:00:00,276.0,2,2,222.0,213.0,420.9948492050171,276.0,144.9948492050171,0.0
2024-02-07 14:00:00,555.0,2,2,276.0,222.0,376.03677749633795,376.03677749633795,0.0,178.96322250366205
2024-02-07 15:00:00,810.0,2,2,555.0,276.0,300.6918954849243,300.6918954849243,0.0,509.3081045150757
2024-02-07 16:00:00,1327.5,2,2,810.0,555.0,180.15973091125488,180.15973091125488,0.0,1147.3402690887451
2024-02-07 17:00:00,1909.5,2,2,1327.5,810.0,60.08598804473877,60.08598804473877,0.0,1849.4140119552612
2024-02-07 18:00:00,2032.5,2,2,1909.5,1327.5,0.0,0.0,0.0,2032.5
2024-02-07 19:00:00,1950.0,2,2,2032.5,1909.5,0.0,0.0,0.0,1950.0
2024-02-07 20:00:00,1927.5,2,2,1950.0,2032.5,0.0,0.0,0.0,1927.5
2024-02-07 21:00:00,2095.5,2,2,1927.5,1950.0,0.0,0.0,0.0,2095.5
2024-02-07 22:00:00,1971.0,2,2,2095.5,1927.5,0.0,0.0,0.0,1971.0
2024-02-07 23:00:00,1960.5,2,2,1971.0,2095.5,0.0,0.0,0.0,1960.5
2024-02-08 00:00:00,1981.5,3,2,1960.5,1971.0,0.0,0.0,0.0,1981.5
2024-02-08 01:00:00,2029.5,3,2,1981.5,1960.5,0.0,0.0,0.0,2029.5
2024-02-08 02:00:00,1966.5,3,2,2029.5,1981.5,0.0,0.0,0.0,1966.5
2024-02-08 03:00:00,1992.0,3,2,1966.5,2029.5,0.0,0.0,0.0,1992.0
2024-02-08 04:00:00,1920.0,3,2,1992.0,1966.5,0.0,0.0,0.0,1920.0
2024-02-08 05:00:00,2005.5,3,2,1920.0,1992.0,0.0,0.0,0.0,2005.5
2024-02-08 06:00:00,1825.5,3,2,2005.5,1920.0,0.0,0.0,0.0,1825.5
2024-02-08 07:00:00,1896.0,3,2,1825.5,2005.5,64.50648307800293,64.50648307800293,0.0,1831.493516921997
2024-02-08 08:00:00,1473.0,3,2,1896.0,1825.5,211.23417377471924,211.23417377471924,0.0,1261.7658262252808
2024-02-08 09:00:00,1176.0,3,2,1473.0,1896.0,326.03606700897217,326.03606700897217,0.0,849.9639329910278
2024-02-08 10:00:00,729.0,3,2,1176.0,1473.0,403.73854637145996,403.73854637145996,0.0,325.26145362854004
2024-02-08 11:00:00,597.0,3,2,729.0,1176.0,453.3790683746338,453.3790683746338,0.0,143.6209316253662
2024-02-08 12:00:00,832.5,3,2,597.0,729.0,467.4591636657715,467.4591636657715,0.0,365.0408363342285
2024-02-08 13:00:00,702.0,3,2,832.5,597.0,454.5906114578247,454.5906114578247,0.0,247.4093885421753
2024-02-08 14:00:00,510.0,3,2,702.0,832.5,410.6803607940674,410.6803607940674,0.0,99.31963920593262
2024-02-08 15:00:00,648.0,3,2,510.0,702.0,334.77882385253906,334.77882385253906,0.0,313.22117614746094
2024-02-08 16:00:00,1666.5,3,2,648.0,510.0,220.2388858795166,220.2388858795166,0.0,1446.2611141204834
2024-02-08 17:00:00,1918.5,3,2,1666.5,648.0,81.33710861206055,81.33710861206055,0.0,1837.1628913879395
2024-02-08 18:00:00,2037.0,3,2,1918.5,1666.5,0.0,0.0,0.0,2037.0
2024-02-08 19:00:00,2191.5,3,2,2037.0,1918.5,0.0,0.0,0.0,2191.5
2024-02-08 20:00:00,2179.5,3,2,2191.5,2037.0,0.0,0.0,0.0,2179.5
2024-02-08 21:00:00,2166.0,3,2,2179.5,2191.5,0.0,0.0,0.0,2166.0
2024-02-08 22:00:00,2044.5,3,2,2166.0,2179.5,0.0,0.0,0.0,2044.5
2024-02-08 23:00:00,2037.0,3,2,2044.5,2166.0,0.0,0.0,0.0,2037.0
2024-02-09 00:00:00,2007.0,4,2,2037.0,2044.5,0.0,0.0,0.0,2007.0
2024-02-09 01:00:00,2056.5,4,2,2007.0,2037.0,0.0,0.0,0.0,2056.5
2024-02-09 02:00:00,1990.5,4,2,2056.5,2007.0,0.0,0.0,0.0,1990.5
2024-02-09 03:00:00,2031.0,4,2,1990.5,2056.5,0.0,0.0,0.0,2031.0
2024-02-09 04:00:00,2017.5,4,2,2031.0,1990.5,0.0,0.0,0.0,2017.5
2024-02-09 05:00:00,1950.0,4,2,2017.5,2031.0,0.0,0.0,0.0,1950.0
2024-02-09 06:00:00,1881.0,4,2,1950.0,2017.5,0.0,0.0,0.0,1881.0
2024-02-09 07:00:00,1810.5,4,2,1881.0,1950.0,56.41861438751221,56.41861438751221,0.0,1754.0813856124878
2024-02-09 08:00:00,1236.0,4,2,1810.5,1881.0,192.14418411254883,192.14418411254883,0.0,1043.8558158874512
2024-02-09 09:00:00,1251.0,4,2,1236.0,1810.5,304.4902467727661,304.4902467727661,0.0,946.5097532272339
2024-02-09 10:00:00,981.0,4,2,1251.0,1236.0,386.8096876144409,386.8096876144409,0.0,594.1903123855591
2024-02-09 11:00:00,858.0,4,2,981.0,1251.0,436.15550994873047,436.15550994873047,0.0,421.84449005126953
2024-02-09 12:00:00,1000.5,4,2,858.0,981.0,451.8728256225586,451.8728256225586,0.0,548.6271743774414
2024-02-09 13:00:00,1012.5,4,2,1000.5,858.0,344.56940174102783,344.56940174102783,0.0,667.9305982589722
2024-02-09 14:00:00,1009.5,4,2,1012.5,1000.5,392.63819217681885,392.63819217681885,0.0,616.8618078231812
2024-02-09 15:00:00,1164.0,4,2,1009.5,1012.5,318.04643154144287,318.04643154144287,0.0,845.9535684585571
2024-02-09 16:00:00,1495.5,4,2,1164.0,1009.5,214.37763690948486,214.37763690948486,0.0,1281.1223630905151
2024-02-09 17:00:00,1807.5,4,2,1495.5,1164.0,78.58657836914062,78.58657836914062,0.0,1728.9134216308594
2024-02-09 18:00:00,1893.0,4,2,1807.5,1495.5,0.0,0.0,0.0,1893.0
2024-02-09 19:00:00,1986.0,4,2,1893.0,1807.5,0.0,0.0,0.0,1986.0
2024-02-09 20:00:00,2035.5,4,2,1986.0,1893.0,0.0,0.0,0.0,2035.5
2024-02-09 21:00:00,1935.0,4,2,2035.5,1986.0,0.0,0.0,0.0,1935.0
2024-02-09 22:00:00,1549.5,4,2,1935.0,2035.5,0.0,0.0,0.0,1549.5
2024-02-09 23:00:00,1825.5,4,2,1549.5,1935.0,0.0,0.0,0.0,1825.5
2024-02-10 00:00:00,1752.0,5,2,1825.5,1549.5,0.0,0.0,0.0,1752.0
2024-02-10 01:00:00,1878.0,5,2,1752.0,1825.5,0.0,0.0,0.0,1878.0
2024-02-10 02:00:00,1902.0,5,2,1878.0,1752.0,0.0,0.0,0.0,1902.0
2024-02-10 03:00:00,1887.0,5,2,1902.0,1878.0,0.0,0.0,0.0,1887.0
2024-02-10 04:00:00,1881.0,5,2,1887.0,1902.0,0.0,0.0,0.0,1881.0
2024-02-10 05:00:00,2029.5,5,2,1881.0,1887.0,0.0,0.0,0.0,2029.5
2024-02-10 06:00:00,1935.0,5,2,2029.5,1881.0,0.0,0.0,0.0,1935.0
2024-02-10 07:00:00,1878.0,5,2,1935.0,2029.5,59.52933311462402,59.52933311462402,0.0,1818.470666885376
2024-02-10 08:00:00,1630.5,5,2,1878.0,1935.0,193.2247495651245,193.2247495651245,0.0,1437.2752504348755
2024-02-10 09:00:00,1365.0,5,2,1630.5,1878.0,300.7246398925781,300.7246398925781,0.0,1064.2753601074219
2024-02-10 10:00:00,1035.0,5,2,1365.0,1630.5,372.82782554626465,372.82782554626465,0.0,662.1721744537354
2024-02-10 11:00:00,742.5,5,2,1035.0,1365.0,420.9293603897095,420.9293603897095,0.0,321.5706396102905
2024-02-10 12:00:00,895.5,5,2,742.5,1035.0,438.120174407959,438.120174407959,0.0,457.379825592041
2024-02-10 13:00:00,790.5,5,2,895.5,742.5,429.901328086853,429.901328086853,0.0,360.598671913147
2024-02-10 14:00:00,1080.0,5,2,790.5,895.5,384.32111263275146,384.32111263275146,0.0,695.6788873672485
2024-02-10 15:00:00,1446.0,5,2,1080.0,790.5,306.0619783401489,306.0619783401489,0.0,1139.938021659851
2024-02-10 16:00:00,1801.5,5,2,1446.0,1080.0,205.798602104187,205.798602104187,0.0,1595.701397895813
2024-02-10 17:00:00,2110.5,5,2,1801.5,1446.0,71.87397480010986,71.87397480010986,0.0,2038.6260251998901
2024-02-10 18:00:00,2169.0,5,2,2110.5,1801.5,0.0,0.0,0.0,2169.0
2024-02-10 19:00:00,2127.0,5,2,2169.0,2110.5,0.0,0.0,0.0,2127.0
2024-02-10 20:00:00,2263.5,5,2,2127.0,2169.0,0.0,0.0,0.0,2263.5
2024-02-10 21:00:00,2182.5,5,2,2263.5,2127.0,0.0,0.0,0.0,2182.5
2024-02-10 22:00:00,2100.0,5,2,2182.5,2263.5,0.0,0.0,0.0,2100.0
2024-02-10 23:00:00,2355.0,5,2,2100.0,2182.5,0.0,0.0,0.0,2355.0
2024-02-11 00:00:00,2154.0,6,2,2355.0,2100.0,0.0,0.0,0.0,2154.0
2024-02-11 01:00:00,2526.0,6,2,2154.0,2355.0,0.0,0.0,0.0,2526.0
2024-02-11 02:00:00,2476.5,6,2,2526.0,2154.0,0.0,0.0,0.0,2476.5
2024-02-11 03:00:00,2172.0,6,2,2476.5,2526.0,0.0,0.0,0.0,2172.0
2024-02-11 04:00:00,2406.0,6,2,2172.0,2476.5,0.0,0.0,0.0,2406.0
2024-02-11 05:00:00,2299.5,6,2,2406.0,2172.0,0.0,0.0,0.0,2299.5
2024-02-11 06:00:00,2133.0,6,2,2299.5,2406.0,0.0,0.0,0.0,2133.0
2024-02-11 07:00:00,1882.5,6,2,2133.0,2299.5,53.60259532928467,53.60259532928467,0.0,1828.8974046707153
2024-02-11 08:00:00,1237.5,6,2,1882.5,2133.0,182.6483058929443,182.6483058929443,0.0,1054.8516941070557
2024-02-11 09:00:00,1093.5,6,2,1237.5,1882.5,286.0878896713257,286.0878896713257,0.0,807.4121103286743
2024-02-11 10:00:00,957.0,6,2,1093.5,1237.5,373.35173606872564,373.35173606872564,0.0,583.6482639312744
2024-02-11 11:00:00,883.5,6,2,957.0,1093.5,420.53642749786377,420.53642749786377,0.0,462.96357250213623
2024-02-11 12:00:00,894.0,6,2,883.5,957.0,437.8582191467285,437.8582191467285,0.0,456.1417808532715
2024-02-11 13:00:00,894.0,6,2,894.0,883.5,422.40285873413086,422.40285873413086,0.0,471.59714126586914
2024-02-11 14:00:00,976.5,6,2,894.0,894.0,380.0643396377564,380.0643396377564,0.0,596.4356603622437
2024-02-11 15:00:00,1194.0,6,2,976.5,894.0,306.45491123199463,306.45491123199463,0.0,887.5450887680054
2024-02-11 16:00:00,1426.5,6,2,1194.0,976.5,199.3152093887329,199.3152093887329,0.0,1227.184790611267
2024-02-11 17:00:00,1858.5,6,2,1426.5,1194.0,69.81107711791992,69.81107711791992,0.0,1788.68892288208
2024-02-11 18:00:00,2001.0,6,2,1858.5,1426.5,0.0,0.0,0.0,2001.0
2024-02-11 19:00:00,1971.0,6,2,2001.0,1858.5,0.0,0.0,0.0,1971.0
2024-02-11 20:00:00,1953.0,6,2,1971.0,2001.0,0.0,0.0,0.0,1953.0
2024-02-11 21:00:00,1918.5,6,2,1953.0,1971.0,0.0,0.0,0.0,1918.5
2024-02-11 22:00:00,1825.5,6,2,1918.5,1953.0,0.0,0.0,0.0,1825.5
2024-02-11 23:00:00,2017.5,6,2,1825.5,1918.5,0.0,0.0,0.0,2017.5
2024-02-12 00:00:00,1974.0,0,2,2017.5,1825.5,0.0,0.0,0.0,1974.0
2024-02-12 01:00:00,1960.5,0,2,1974.0,2017.5,0.0,0.0,0.0,1960.5
2024-02-12 02:00:00,1962.0,0,2,1960.5,1974.0,0.0,0.0,0.0,1962.0
2024-02-12 03:00:00,1459.5,0,2,1962.0,1960.5,0.0,0.0,0.0,1459.5
2024-02-12 04:00:00,757.5,0,2,1459.5,1962.0,0.0,0.0,0.0,757.5
2024-02-12 05:00:00,375.0,0,2,757.5,1459.5,0.0,0.0,0.0,375.0
2024-02-12 06:00:00,348.0,0,2,375.0,757.5,0.0,0.0,0.0,348.0
2024-02-12 07:00:00,192.0,0,2,348.0,375.0,50.72108745574951,50.72108745574951,0.0,141.2789125442505
2024-02-12 08:00:00,18.0,0,2,192.0,348.0,175.80472469329837,18.0,157.80472469329837,0.0
2024-02-12 09:00:00,6.0,0,2,18.0,192.0,285.26927947998047,6.0,279.26927947998047,0.0
2024-02-12 10:00:00,6.0,0,2,6.0,18.0,361.76021575927734,6.0,355.76021575927734,0.0
2024-02-12 11:00:00,0.0,0,2,6.0,6.0,405.99791049957275,0.0,405.99791049957275,0.0
2024-02-12 12:00:00,0.0,0,2,0.0,6.0,416.34514331817627,0.0,416.34514331817627,0.0
2024-02-12 13:00:00,0.0,0,2,0.0,0.0,396.6002655029297,0.0,396.6002655029297,0.0
2024-02-12 14:00:00,0.0,0,2,0.0,0.0,349.28459644317627,0.0,349.28459644317627,0.0
2024-02-12 15:00:00,3.0,0,2,0.0,0.0,222.79294967651367,3.0,219.79294967651367,0.0
2024-02-12 16:00:00,114.0,0,2,3.0,0.0,138.80354404449463,114.0,24.80354404449463,0.0
2024-02-12 17:00:00,289.5,0,2,114.0,3.0,64.3755054473877,64.3755054473877,0.0,225.1244945526123
2024-02-12 18:00:00,402.0,0,2,289.5,114.0,0.0,0.0,0.0,402.0
2024-02-12 19:00:00,369.0,0,2,402.0,289.5,0.0,0.0,0.0,369.0
2024-02-12 20:00:00,375.0,0,2,369.0,402.0,0.0,0.0,0.0,375.0
2024-02-12 21:00:00,367.5,0,2,375.0,369.0,0.0,0.0,0.0,367.5
2024-02-12 22:00:00,363.0,0,2,367.5,375.0,0.0,0.0,0.0,363.0
2024-02-12 23:00:00,351.0,0,2,363.0,367.5,0.0,0.0,0.0,351.0
2024-02-13 00:00:00,352.5,1,2,351.0,363.0,0.0,0.0,0.0,352.5
2024-02-13 01:00:00,354.0,1,2,352.5,351.0,0.0,0.0,0.0,354.0
2024-02-13 02:00:00,319.5,1,2,354.0,352.5,0.0,0.0,0.0,319.5
2024-02-13 03:00:00,330.0,1,2,319.5,354.0,0.0,0.0,0.0,330.0
2024-02-13 04:00:00,345.0,1,2,330.0,319.5,0.0,0.0,0.0,345.0
2024-02-13 05:00:00,360.0,1,2,345.0,330.0,0.0,0.0,0.0,360.0
2024-02-13 06:00:00,619.5,1,2,360.0,345.0,0.0,0.0,0.0,619.5
2024-02-13 07:00:00,1683.0,1,2,619.5,360.0,50.36089897155762,50.36089897155762,0.0,1632.6391010284424
2024-02-13 08:00:00,2260.5,1,2,1683.0,619.5,175.3790473937988,175.3790473937988,0.0,2085.120952606201
2024-02-13 09:00:00,2164.5,1,2,2260.5,1683.0,285.98965644836426,285.98965644836426,0.0,1878.5103435516357
2024-02-13 10:00:00,2148.0,1,2,2164.5,2260.5,369.3896627426148,369.3896627426148,0.0,1778.6103372573853
2024-02-13 11:00:00,1533.0,1,2,2148.0,2164.5,418.6699962615967,418.6699962615967,0.0,1114.3300037384033
2024-02-13 12:00:00,1434.0,1,2,1533.0,2148.0,437.4980306625366,437.4980306625366,0.0,996.5019693374634
2024-02-13 13:00:00,2055.0,1,2,1434.0,1533.0,424.8259449005127,424.8259449005127,0.0,1630.1740550994873
2024-02-13 14:00:00,1860.0,1,2,2055.0,1434.0,380.42452812194824,380.42452812194824,0.0,1479.5754718780518
2024-02-13 15:00:00,1419.0,1,2,1860.0,2055.0,304.4902467727661,304.4902467727661,0.0,1114.509753227234
2024-02-13 16:00:00,2325.0,1,2,1419.0,1860.0,200.52675247192383,200.52675247192383,0.0,2124.473247528076
2024-02-13 17:00:00,2673.0,1,2,2325.0,1419.0,71.08810901641846,71.08810901641846,0.0,2601.9118909835815
2024-02-13 18:00:00,2416.5,1,2,2673.0,2325.0,0.0,0.0,0.0,2416.5
2024-02-13 19:00:00,2826.0,1,2,2416.5,2673.0,0.0,0.0,0.0,2826.0
2024-02-13 20:00:00,2653.5,1,2,2826.0,2416.5,0.0,0.0,0.0,2653.5
2024-02-13 21:00:00,2446.5,1,2,2653.5,2826.0,0.0,0.0,0.0,2446.5
2024-02-13 22:00:00,2517.0,1,2,2446.5,2653.5,0.0,0.0,0.0,2517.0
2024-02-13 23:00:00,2751.0,1,2,2517.0,2446.5,0.0,0.0,0.0,2751.0
2024-02-14 00:00:00,2748.0,2,2,2751.0,2517.0,0.0,0.0,0.0,2748.0
2024-02-14 01:00:00,2641.5,2,2,2748.0,2751.0,0.0,0.0,0.0,2641.5
2024-02-14 02:00:00,2562.0,2,2,2641.5,2748.0,0.0,0.0,0.0,2562.0
2024-02-14 03:00:00,2668.5,2,2,2562.0,2641.5,0.0,0.0,0.0,2668.5
2024-02-14 04:00:00,2062.5,2,2,2668.5,2562.0,0.0,0.0,0.0,2062.5
2024-02-14 05:00:00,2674.5,2,2,2062.5,2668.5,0.0,0.0,0.0,2674.5
2024-02-14 06:00:00,2928.0,2,2,2674.5,2062.5,0.0,0.0,0.0,2928.0
2024-02-14 07:00:00,3418.5,2,2,2928.0,2674.5,56.025681495666504,56.025681495666504,0.0,3362.4743185043335
2024-02-14 08:00:00,2899.5,2,2,3418.5,2928.0,187.72368907928467,187.72368907928467,0.0,2711.7763109207153
2024-02-14 09:00:00,2769.0,2,2,2899.5,3418.5,298.4325313568115,298.4325313568115,0.0,2470.5674686431885
2024-02-14 10:00:00,2556.0,2,2,2769.0,2899.5,369.3569183349609,369.3569183349609,0.0,2186.643081665039
2024-02-14 11:00:00,2262.0,2,2,2556.0,2769.0,419.32488441467285,419.32488441467285,0.0,1842.6751155853271
2024-02-14 12:00:00,2181.0,2,2,2262.0,2556.0,436.7121648788452,436.7121648788452,0.0,1744.2878351211548
2024-02-14 13:00:00,2295.0,2,2,2181.0,2262.0,416.1814212799072,416.1814212799072,0.0,1878.8185787200928
2024-02-14 14:00:00,2116.5,2,2,2295.0,2181.0,369.97906208038324,369.97906208038324,0.0,1746.5209379196167
2024-02-14 15:00:00,1743.0,2,2,2116.5,2295.0,294.69966888427734,294.69966888427734,0.0,1448.3003311157227
2024-02-14 16:00:00,2637.0,2,2,1743.0,2116.5,186.90507888793945,186.90507888793945,0.0,2450.0949211120605
2024-02-14 17:00:00,3262.5,2,2,2637.0,1743.0,65.42332649230957,65.42332649230957,0.0,3197.0766735076904
2024-02-14 18:00:00,3460.5,2,2,3262.5,2637.0,0.0,0.0,0.0,3460.5
2024-02-14 19:00:00,3487.5,2,2,3460.5,3262.5,0.0,0.0,0.0,3487.5
2024-02-14 20:00:00,3577.5,2,2,3487.5,3460.5,0.0,0.0,0.0,3577.5
2024-02-14 21:00:00,3669.0,2,2,3577.5,3487.5,0.0,0.0,0.0,3669.0
2024-02-14 22:00:00,3660.0,2,2,3669.0,3577.5,0.0,0.0,0.0,3660.0
2024-02-14 23:00:00,3387.0,2,2,3660.0,3669.0,0.0,0.0,0.0,3387.0
2024-02-15 00:00:00,3132.0,3,2,3387.0,3660.0,0.0,0.0,0.0,3132.0
2024-02-15 01:00:00,3241.5,3,2,3132.0,3387.0,0.0,0.0,0.0,3241.5
2024-02-15 02:00:00,3357.0,3,2,3241.5,3132.0,0.0,0.0,0.0,3357.0
2024-02-15 03:00:00,3475.5,3,2,3357.0,3241.5,0.0,0.0,0.0,3475.5
2024-02-15 04:00:00,2877.0,3,2,3475.5,3357.0,0.0,0.0,0.0,2877.0
2024-02-15 05:00:00,2824.5,3,2,2877.0,3475.5,0.0,0.0,0.0,2824.5
2024-02-15 06:00:00,3159.0,3,2,2824.5,2877.0,0.0,0.0,0.0,3159.0
2024-02-15 07:00:00,2985.0,3,2,3159.0,2824.5,48.72367858886719,48.72367858886719,0.0,2936.276321411133
2024-02-15 08:00:00,2236.5,3,2,2985.0,3159.0,173.47987174987796,173.47987174987796,0.0,2063.020128250122
2024-02-15 09:00:00,2125.5,3,2,2236.5,2985.0,282.84619331359863,282.84619331359863,0.0,1842.6538066864014
2024-02-15 10:00:00,1405.5,3,2,2125.5,2236.5,360.1557397842408,360.1557397842408,0.0,1045.3442602157593
2024-02-15 11:00:00,1993.5,3,2,1405.5,2125.5,408.0935525894165,408.0935525894165,0.0,1585.4064474105835
2024-02-15 12:00:00,2202.0,3,2,1993.5,1405.5,423.6798906326294,423.6798906326294,0.0,1778.3201093673706
2024-02-15 13:00:00,1587.0,3,2,2202.0,1993.5,414.74066734313965,414.74066734313965,0.0,1172.2593326568604
2024-02-15 14:00:00,1849.5,3,2,1587.0,2202.0,368.5710525512695,368.5710525512695,0.0,1480.9289474487305
2024-02-15 15:00:00,2845.5,3,2,1849.5,1587.0,293.7500810623169,293.7500810623169,0.0,2551.749918937683
2024-02-15 16:00:00,3370.5,3,2,2845.5,1849.5,192.93004989624023,192.93004989624023,0.0,3177.5699501037598
2024-02-15 17:00:00,3678.0,3,2,3370.5,2845.5,66.01272583007812,66.01272583007812,0.0,3611.987274169922
2024-02-15 18:00:00,3769.5,3,2,3678.0,3370.5,0.0,0.0,0.0,3769.5
2024-02-15 19:00:00,3555.0,3,2,3769.5,3678.0,0.0,0.0,0.0,3555.0
2024-02-15 20:00:00,3318.0,3,2,3555.0,3769.5,0.0,0.0,0.0,3318.0
2024-02-15 21:00:00,2815.5,3,2,3318.0,3555.0,0.0,0.0,0.0,2815.5
2024-02-15 22:00:00,3817.5,3,2,2815.5,3318.0,0.0,0.0,0.0,3817.5
2024-02-15 23:00:00,4531.5,3,2,3817.5,2815.5,0.0,0.0,0.0,4531.5
2024-02-16 00:00:00,4465.5,4,2,4531.5,3817.5,0.0,0.0,0.0,4465.5
2024-02-16 01:00:00,4413.0,4,2,4465.5,4531.5,0.0,0.0,0.0,4413.0
2024-02-16 02:00:00,4246.5,4,2,4413.0,4465.5,0.0,0.0,0.0,4246.5
2024-02-16 03:00:00,4426.5,4,2,4246.5,4413.0,0.0,0.0,0.0,4426.5
2024-02-16 04:00:00,4098.0,4,2,4426.5,4246.5,0.0,0.0,0.0,4098.0
2024-02-16 05:00:00,4266.0,4,2,4098.0,4426.5,0.0,0.0,0.0,4266.0
2024-02-16 06:00:00,4288.5,4,2,4266.0,4098.0,0.0,0.0,0.0,4288.5
2024-02-16 07:00:00,3850.5,4,2,4288.5,4266.0,56.909780502319336,56.909780502319336,0.0,3793.5902194976807
2024-02-16 08:00:00,3307.5,4,2,3850.5,4288.5,189.29542064666745,189.29542064666745,0.0,3118.2045793533325
2024-02-16 09:00:00,2836.5,4,2,3307.5,3850.5,298.92369747161865,298.92369747161865,0.0,2537.5763025283813
2024-02-16 10:00:00,2310.0,4,2,2836.5,3307.5,376.364221572876,376.364221572876,0.0,1933.635778427124
2024-02-16 11:00:00,2004.0,4,2,2310.0,2836.5,423.9745903015137,423.9745903015137,0.0,1580.0254096984863
2024-02-16 12:00:00,2115.0,4,2,2004.0,2310.0,441.885781288147,441.885781288147,0.0,1673.114218711853
2024-02-16 13:00:00,2211.0,4,2,2115.0,2004.0,426.92158699035645,426.92158699035645,0.0,1784.0784130096436
2024-02-16 14:00:00,2253.0,4,2,2211.0,2115.0,381.57058238983154,381.57058238983154,0.0,1871.4294176101685
2024-02-16 15:00:00,2476.5,4,2,2253.0,2211.0,306.16021156311035,306.16021156311035,0.0,2170.3397884368896
2024-02-16 16:00:00,3217.5,4,2,2476.5,2253.0,199.90460872650146,199.90460872650146,0.0,3017.5953912734985
2024-02-16 17:00:00,3759.0,4,2,3217.5,2476.5,70.69517612457275,70.69517612457275,0.0,3688.3048238754272
2024-02-16 18:00:00,4099.5,4,2,3759.0,3217.5,0.0,0.0,0.0,4099.5
2024-02-16 19:00:00,4417.5,4,2,4099.5,3759.0,0.0,0.0,0.0,4417.5
2024-02-16 20:00:00,4347.0,4,2,4417.5,4099.5,0.0,0.0,0.0,4347.0
2024-02-16 21:00:00,4530.0,4,2,4347.0,4417.5,0.0,0.0,0.0,4530.0
2024-02-16 22:00:00,4177.5,4,2,4530.0,4347.0,0.0,0.0,0.0,4177.5
2024-02-16 23:00:00,4195.5,4,2,4177.5,4530.0,0.0,0.0,0.0,4195.5
2024-02-17 00:00:00,4300.5,5,2,4195.5,4177.5,0.0,0.0,0.0,4300.5
2024-02-17 01:00:00,4011.0,5,2,4300.5,4195.5,0.0,0.0,0.0,4011.0
2024-02-17 02:00:00,3655.5,5,2,4011.0,4300.5,0.0,0.0,0.0,3655.5
2024-02-17 03:00:00,2961.0,5,2,3655.5,4011.0,0.0,0.0,0.0,2961.0
2024-02-17 04:00:00,2869.5,5,2,2961.0,3655.5,0.0,0.0,0.0,2869.5
2024-02-17 05:00:00,2800.5,5,2,2869.5,2961.0,0.0,0.0,0.0,2800.5
2024-02-17 06:00:00,2691.0,5,2,2800.5,2869.5,0.0,0.0,0.0,2691.0
2024-02-17 07:00:00,1902.0,5,2,2691.0,2800.5,56.909780502319336,56.909780502319336,0.0,1845.0902194976807
2024-02-17 08:00:00,1512.0,5,2,1902.0,2691.0,187.52722263336182,187.52722263336182,0.0,1324.4727773666382
2024-02-17 09:00:00,1575.0,5,2,1512.0,1902.0,295.55102348327637,295.55102348327637,0.0,1279.4489765167236
2024-02-17 10:00:00,1194.0,5,2,1575.0,1512.0,368.24360847473145,368.24360847473145,0.0,825.7563915252686
2024-02-17 11:00:00,988.5,5,2,1194.0,1575.0,412.87423610687256,412.87423610687256,0.0,575.6257638931274
2024-02-17 12:00:00,1102.5,5,2,988.5,1194.0,427.74019718170166,427.74019718170166,0.0,674.7598028182983
2024-02-17 13:00:00,1546.5,5,2,1102.5,988.5,415.52653312683105,415.52653312683105,0.0,1130.973466873169
2024-02-17 14:00:00,1591.5,5,2,1546.5,1102.5,372.1074485778809,372.1074485778809,0.0,1219.3925514221191
2024-02-17 15:00:00,1881.0,5,2,1591.5,1546.5,298.4325313568115,298.4325313568115,0.0,1582.5674686431885
2024-02-17 16:00:00,2140.5,5,2,1881.0,1591.5,203.24453830718994,203.24453830718994,0.0,1937.25546169281
2024-02-17 17:00:00,2283.0,5,2,2140.5,1881.0,75.0501823425293,75.0501823425293,0.0,2207.9498176574707
2024-02-17 18:00:00,2145.0,5,2,2283.0,2140.5,0.0,0.0,0.0,2145.0
2024-02-17 19:00:00,1825.5,5,2,2145.0,2283.0,0.0,0.0,0.0,1825.5
2024-02-17 20:00:00,2583.0,5,2,1825.5,2145.0,0.0,0.0,0.0,2583.0
2024-02-17 21:00:00,2586.0,5,2,2583.0,1825.5,0.0,0.0,0.0,2586.0
2024-02-17 22:00:00,2373.0,5,2,2586.0,2583.0,0.0,0.0,0.0,2373.0
2024-02-17 23:00:00,2227.5,5,2,2373.0,2586.0,0.0,0.0,0.0,2227.5
2024-02-18 00:00:00,2202.0,6,2,2227.5,2373.0,0.0,0.0,0.0,2202.0
2024-02-18 01:00:00,2472.0,6,2,2202.0,2227.5,0.0,0.0,0.0,2472.0
2024-02-18 02:00:00,2367.0,6,2,2472.0,2202.0,0.0,0.0,0.0,2367.0
2024-02-18 03:00:00,2359.5,6,2,2367.0,2472.0,0.0,0.0,0.0,2359.5
2024-02-18 04:00:00,2151.0,6,2,2359.5,2367.0,0.0,0.0,0.0,2151.0
2024-02-18 05:00:00,2410.5,6,2,2151.0,2359.5,0.0,0.0,0.0,2410.5
2024-02-18 06:00:00,2464.5,6,2,2410.5,2151.0,0.0,0.0,0.0,2464.5
2024-02-18 07:00:00,1951.5,6,2,2464.5,2410.5,56.909780502319336,56.909780502319336,0.0,1894.5902194976807
2024-02-18 08:00:00,1782.0,6,2,1951.5,2464.5,185.3006029129028,185.3006029129028,0.0,1596.6993970870972
2024-02-18 09:00:00,1638.0,6,2,1782.0,1951.5,293.0624485015869,293.0624485015869,0.0,1344.937551498413
2024-02-18 10:00:00,1383.0,6,2,1638.0,1782.0,374.07211303710943,374.07211303710943,0.0,1008.9278869628906
2024-02-18 11:00:00,1162.5,6,2,1383.0,1638.0,420.43819427490234,420.43819427490234,0.0,742.0618057250977
2024-02-18 12:00:00,1036.5,6,2,1162.5,1383.0,439.10250663757324,439.10250663757324,0.0,597.3974933624268
2024-02-18 13:00:00,1030.5,6,2,1036.5,1162.5,426.56139850616455,426.56139850616455,0.0,603.9386014938354
2024-02-18 14:00:00,1152.0,6,2,1030.5,1036.5,383.86269092559814,383.86269092559814,0.0,768.1373090744019
2024-02-18 15:00:00,1896.0,6,2,1152.0,1030.5,310.64619541168213,310.64619541168213,0.0,1585.3538045883179
2024-02-18 16:00:00,1921.5,6,2,1896.0,1152.0,199.642653465271,199.642653465271,0.0,1721.857346534729
2024-02-18 17:00:00,2295.0,6,2,1921.5,1896.0,60.446176528930664,60.446176528930664,0.0,2234.5538234710693
2024-02-18 18:00:00,2016.0,6,2,2295.0,1921.5,0.0,0.0,0.0,2016.0
2024-02-18 19:00:00,1975.5,6,2,2016.0,2295.0,0.0,0.0,0.0,1975.5
2024-02-18 20:00:00,2436.0,6,2,1975.5,2016.0,0.0,0.0,0.0,2436.0
2024-02-18 21:00:00,2631.0,6,2,2436.0,1975.5,0.0,0.0,0.0,2631.0
2024-02-18 22:00:00,2464.5,6,2,2631.0,2436.0,0.0,0.0,0.0,2464.5
2024-02-18 23:00:00,2034.0,6,2,2464.5,2631.0,0.0,0.0,0.0,2034.0
2024-02-19 00:00:00,2020.5,0,2,2034.0,2464.5,0.0,0.0,0.0,2020.5
2024-02-19 01:00:00,2281.5,0,2,2020.5,2034.0,0.0,0.0,0.0,2281.5
2024-02-19 02:00:00,2392.5,0,2,2281.5,2020.5,0.0,0.0,0.0,2392.5
2024-02-19 03:00:00,2001.0,0,2,2392.5,2281.5,0.0,0.0,0.0,2001.0
2024-02-19 04:00:00,1990.5,0,2,2001.0,2392.5,0.0,0.0,0.0,1990.5
2024-02-19 05:00:00,2154.0,0,2,1990.5,2001.0,0.0,0.0,0.0,2154.0
2024-02-19 06:00:00,1954.5,0,2,2154.0,1990.5,0.0,0.0,0.0,1954.5
2024-02-19 07:00:00,1681.5,0,2,1954.5,2154.0,49.44405555725098,49.44405555725098,0.0,1632.055944442749
2024-02-19 08:00:00,1338.0,0,2,1681.5,1954.5,184.35101509094235,184.35101509094235,0.0,1153.6489849090576
2024-02-19 09:00:00,808.5,0,2,1338.0,1681.5,241.26079559326172,241.26079559326172,0.0,567.2392044067383
2024-02-19 10:00:00,636.0,0,2,808.5,1338.0,296.8935441970825,296.8935441970825,0.0,339.1064558029175
2024-02-19 11:00:00,910.5,0,2,636.0,808.5,408.9121627807617,408.9121627807617,0.0,501.5878372192383
2024-02-19 12:00:00,910.5,0,2,910.5,636.0,426.0374879837036,426.0374879837036,0.0,484.4625120162964
2024-02-19 13:00:00,1024.5,0,2,910.5,910.5,407.3076868057251,407.3076868057251,0.0,617.1923131942749
2024-02-19 14:00:00,1267.5,0,2,1024.5,910.5,365.39484500885004,365.39484500885004,0.0,902.1051549911499
2024-02-19 15:00:00,1333.5,0,2,1267.5,1024.5,295.42004585266113,295.42004585266113,0.0,1038.0799541473389
2024-02-19 16:00:00,1510.5,0,2,1333.5,1267.5,189.52463150024414,189.52463150024414,0.0,1320.9753684997559
2024-02-19 17:00:00,1713.0,0,2,1510.5,1333.5,68.04287910461426,68.04287910461426,0.0,1644.9571208953857
2024-02-19 18:00:00,2017.5,0,2,1713.0,1510.5,0.0,0.0,0.0,2017.5
2024-02-19 19:00:00,1870.5,0,2,2017.5,1713.0,0.0,0.0,0.0,1870.5
2024-02-19 20:00:00,2034.0,0,2,1870.5,2017.5,0.0,0.0,0.0,2034.0
2024-02-19 21:00:00,2121.0,0,2,2034.0,1870.5,0.0,0.0,0.0,2121.0
2024-02-19 22:00:00,2314.5,0,2,2121.0,2034.0,0.0,0.0,0.0,2314.5
2024-02-19 23:00:00,2437.5,0,2,2314.5,2121.0,0.0,0.0,0.0,2437.5
2024-02-20 00:00:00,1935.0,1,2,2437.5,2314.5,0.0,0.0,0.0,1935.0
2024-02-20 01:00:00,1878.0,1,2,1935.0,2437.5,0.0,0.0,0.0,1878.0
2024-02-20 02:00:00,2530.5,1,2,1878.0,1935.0,0.0,0.0,0.0,2530.5
2024-02-20 03:00:00,2337.0,1,2,2530.5,1878.0,0.0,0.0,0.0,2337.0
2024-02-20 04:00:00,2209.5,1,2,2337.0,2530.5,0.0,0.0,0.0,2209.5
2024-02-20 05:00:00,2055.0,1,2,2209.5,2337.0,0.0,0.0,0.0,2055.0
2024-02-20 06:00:00,2301.0,1,2,2055.0,2209.5,0.0,0.0,0.0,2301.0
2024-02-20 07:00:00,1725.0,1,2,2301.0,2055.0,61.559486389160156,61.559486389160156,0.0,1663.4405136108398
2024-02-20 08:00:00,1357.5,1,2,1725.0,2301.0,193.09377193450928,193.09377193450928,0.0,1164.4062280654907
2024-02-20 09:00:00,1044.0,1,2,1357.5,1725.0,300.88836193084717,300.88836193084717,0.0,743.1116380691528
2024-02-20 10:00:00,948.0,1,2,1044.0,1357.5,373.7446689605713,373.7446689605713,0.0,574.2553310394287
2024-02-20 11:00:00,966.0,1,2,948.0,1044.0,414.05303478240967,414.05303478240967,0.0,551.9469652175903
2024-02-20 12:00:00,982.5,1,2,966.0,948.0,424.30203437805176,424.30203437805176,0.0,558.1979656219482
2024-02-20 13:00:00,1110.0,1,2,982.5,966.0,403.4438467025757,403.4438467025757,0.0,706.5561532974243
2024-02-20 14:00:00,1227.0,1,2,1110.0,982.5,360.5486726760864,360.5486726760864,0.0,866.4513273239136
2024-02-20 15:00:00,1503.0,1,2,1227.0,1110.0,291.62169456481934,291.62169456481934,0.0,1211.3783054351807
2024-02-20 16:00:00,1657.5,1,2,1503.0,1227.0,197.3505449295044,197.3505449295044,0.0,1460.1494550704956
2024-02-20 17:00:00,1828.5,1,2,1657.5,1503.0,70.92438697814941,70.92438697814941,0.0,1757.5756130218506
2024-02-20 18:00:00,2029.5,1,2,1828.5,1657.5,0.0,0.0,0.0,2029.5
2024-02-20 19:00:00,2070.0,1,2,2029.5,1828.5,0.0,0.0,0.0,2070.0
2024-02-20 20:00:00,1893.0,1,2,2070.0,2029.5,0.0,0.0,0.0,1893.0
2024-02-20 21:00:00,2184.0,1,2,1893.0,2070.0,0.0,0.0,0.0,2184.0
2024-02-20 22:00:00,1686.0,1,2,2184.0,1893.0,0.0,0.0,0.0,1686.0
2024-02-20 23:00:00,1623.0,1,2,1686.0,2184.0,0.0,0.0,0.0,1623.0
2024-02-21 00:00:00,2293.5,2,2,1623.0,1686.0,0.0,0.0,0.0,2293.5
2024-02-21 01:00:00,2320.5,2,2,2293.5,1623.0,0.0,0.0,0.0,2320.5
2024-02-21 02:00:00,2383.5,2,2,2320.5,2293.5,0.0,0.0,0.0,2383.5
2024-02-21 03:00:00,2103.0,2,2,2383.5,2320.5,0.0,0.0,0.0,2103.0
2024-02-21 04:00:00,1840.5,2,2,2103.0,2383.5,0.0,0.0,0.0,1840.5
2024-02-21 05:00:00,2308.5,2,2,1840.5,2103.0,0.0,0.0,0.0,2308.5
2024-02-21 06:00:00,1713.0,2,2,2308.5,1840.5,0.0,0.0,0.0,1713.0
2024-02-21 07:00:00,672.0,2,2,1713.0,2308.5,28.91331195831299,28.91331195831299,0.0,643.086688041687
2024-02-21 08:00:00,121.5,2,2,672.0,1713.0,99.51025485992432,99.51025485992432,0.0,21.989745140075684
2024-02-21 09:00:00,6.0,2,2,121.5,672.0,178.3260440826416,6.0,172.3260440826416,0.0
2024-02-21 10:00:00,7.5,2,2,6.0,121.5,280.55408477783203,7.5,273.05408477783203,0.0
2024-02-21 11:00:00,6.0,2,2,7.5,6.0,318.70131969451904,6.0,312.70131969451904,0.0
2024-02-21 12:00:00,22.5,2,2,6.0,7.5,326.29802227020264,22.5,303.79802227020264,0.0
2024-02-21 13:00:00,12.0,2,2,22.5,6.0,322.89260387420654,12.0,310.89260387420654,0.0
2024-02-21 14:00:00,73.5,2,2,12.0,22.5,237.7243995666504,73.5,164.2243995666504,0.0
2024-02-21 15:00:00,115.5,2,2,73.5,12.0,165.45749187469482,115.5,49.957491874694824,0.0
2024-02-21 16:00:00,252.0,2,2,115.5,73.5,129.37315464019775,129.37315464019775,0.0,122.62684535980225
2024-02-21 17:00:00,388.5,2,2,252.0,115.5,50.197176933288574,50.197176933288574,0.0,338.3028230667114
2024-02-21 18:00:00,433.5,2,2,388.5,252.0,0.0,0.0,0.0,433.5
2024-02-21 19:00:00,442.5,2,2,433.5,388.5,0.0,0.0,0.0,442.5
2024-02-21 20:00:00,451.5,2,2,442.5,433.5,0.0,0.0,0.0,451.5
2024-02-21 21:00:00,837.0,2,2,451.5,442.5,0.0,0.0,0.0,837.0
2024-02-21 22:00:00,939.0,2,2,837.0,451.5,0.0,0.0,0.0,939.0
2024-02-21 23:00:00,945.0,2,2,939.0,837.0,0.0,0.0,0.0,945.0
2024-02-22 00:00:00,774.0,3,2,945.0,939.0,0.0,0.0,0.0,774.0
2024-02-22 01:00:00,448.5,3,2,774.0,945.0,0.0,0.0,0.0,448.5
2024-02-22 02:00:00,432.0,3,2,448.5,774.0,0.0,0.0,0.0,432.0
2024-02-22 03:00:00,438.0,3,2,432.0,448.5,0.0,0.0,0.0,438.0
2024-02-22 04:00:00,447.0,3,2,438.0,432.0,0.0,0.0,0.0,447.0
2024-02-22 05:00:00,450.0,3,2,447.0,438.0,0.0,0.0,0.0,450.0
2024-02-22 06:00:00,459.0,3,2,450.0,447.0,0.0,0.0,0.0,459.0
2024-02-22 07:00:00,679.5,3,2,459.0,450.0,8.415312767028809,8.415312767028809,0.0,671.0846872329712
2024-02-22 08:00:00,883.5,3,2,679.5,459.0,73.34747314453125,73.34747314453125,0.0,810.1525268554688
2024-02-22 09:00:00,1134.0,3,2,883.5,679.5,178.48976612091064,178.48976612091064,0.0,955.5102338790894
2024-02-22 10:00:00,990.0,3,2,1134.0,883.5,268.11120986938477,268.11120986938477,0.0,721.8887901306152
2024-02-22 11:00:00,876.0,3,2,990.0,1134.0,404.753623008728,404.753623008728,0.0,471.246376991272
2024-02-22 12:00:00,870.0,3,2,876.0,990.0,416.31239891052246,416.31239891052246,0.0,453.68760108947754
2024-02-22 13:00:00,975.0,3,2,870.0,876.0,394.668345451355,394.668345451355,0.0,580.331654548645
2024-02-22 14:00:00,1045.5,3,2,975.0,870.0,354.0325355529785,354.0325355529785,0.0,691.4674644470215
2024-02-22 15:00:00,1248.0,3,2,1045.5,975.0,237.92086601257324,237.92086601257324,0.0,1010.0791339874268
2024-02-22 16:00:00,1576.5,3,2,1248.0,1045.5,163.4273386001587,163.4273386001587,0.0,1413.0726613998413
2024-02-22 17:00:00,1887.0,3,2,1576.5,1248.0,69.12344455718994,69.12344455718994,0.0,1817.87655544281
2024-02-22 18:00:00,2052.0,3,2,1887.0,1576.5,0.0,0.0,0.0,2052.0
2024-02-22 19:00:00,2080.5,3,2,2052.0,1887.0,0.0,0.0,0.0,2080.5
2024-02-22 20:00:00,2118.0,3,2,2080.5,2052.0,0.0,0.0,0.0,2118.0
2024-02-22 21:00:00,2115.0,3,2,2118.0,2080.5,0.0,0.0,0.0,2115.0
2024-02-22 22:00:00,2067.0,3,2,2115.0,2118.0,0.0,0.0,0.0,2067.0
2024-02-22 23:00:00,1911.0,3,2,2067.0,2115.0,0.0,0.0,0.0,1911.0
2024-02-23 00:00:00,1980.0,4,2,1911.0,2067.0,0.0,0.0,0.0,1980.0
2024-02-23 01:00:00,1951.5,4,2,1980.0,1911.0,0.0,0.0,0.0,1951.5
2024-02-23 02:00:00,2007.0,4,2,1951.5,1980.0,0.0,0.0,0.0,2007.0
2024-02-23 03:00:00,1965.0,4,2,2007.0,1951.5,0.0,0.0,0.0,1965.0
2024-02-23 04:00:00,1827.0,4,2,1965.0,2007.0,0.0,0.0,0.0,1827.0
2024-02-23 05:00:00,2074.5,4,2,1827.0,1965.0,0.0,0.0,0.0,2074.5
2024-02-23 06:00:00,2053.5,4,2,2074.5,1827.0,0.0,0.0,0.0,2053.5
2024-02-23 07:00:00,1821.0,4,2,2053.5,2074.5,55.82921504974365,55.82921504974365,0.0,1765.1707849502563
2024-02-23 08:00:00,1393.5,4,2,1821.0,2053.5,181.30578517913818,181.30578517913818,0.0,1212.1942148208618
2024-02-23 09:00:00,948.0,4,2,1393.5,1821.0,288.085298538208,288.085298538208,0.0,659.914701461792
2024-02-23 10:00:00,1113.0,4,2,948.0,1393.5,356.29189968109137,356.29189968109137,0.0,756.7081003189087
2024-02-23 11:00:00,835.5,4,2,1113.0,948.0,402.36328125,402.36328125,0.0,433.13671875
2024-02-23 12:00:00,1084.5,4,2,835.5,1113.0,331.37340545654297,331.37340545654297,0.0,753.126594543457
2024-02-23 13:00:00,964.5,4,2,1084.5,835.5,405.0155782699585,405.0155782699585,0.0,559.4844217300415
2024-02-23 14:00:00,1048.5,4,2,964.5,1084.5,358.38754177093506,358.38754177093506,0.0,690.1124582290649
2024-02-23 15:00:00,1324.5,4,2,1048.5,964.5,280.55408477783203,280.55408477783203,0.0,1043.945915222168
2024-02-23 16:00:00,1555.5,4,2,1324.5,1048.5,153.30931663513184,153.30931663513184,0.0,1402.1906833648682
2024-02-23 17:00:00,1743.0,4,2,1555.5,1324.5,62.4763298034668,62.4763298034668,0.0,1680.5236701965332
2024-02-23 18:00:00,1951.5,4,2,1743.0,1555.5,0.0,0.0,0.0,1951.5
2024-02-23 19:00:00,2070.0,4,2,1951.5,1743.0,0.0,0.0,0.0,2070.0
2024-02-23 20:00:00,2023.5,4,2,2070.0,1951.5,0.0,0.0,0.0,2023.5
2024-02-23 21:00:00,2068.5,4,2,2023.5,2070.0,0.0,0.0,0.0,2068.5
2024-02-23 22:00:00,2109.0,4,2,2068.5,2023.5,0.0,0.0,0.0,2109.0
2024-02-23 23:00:00,2058.0,4,2,2109.0,2068.5,0.0,0.0,0.0,2058.0
2024-02-24 00:00:00,2074.5,5,2,2058.0,2109.0,0.0,0.0,0.0,2074.5
2024-02-24 01:00:00,1968.0,5,2,2074.5,2058.0,0.0,0.0,0.0,1968.0
2024-02-24 02:00:00,2076.0,5,2,1968.0,2074.5,0.0,0.0,0.0,2076.0
2024-02-24 03:00:00,2050.5,5,2,2076.0,1968.0,0.0,0.0,0.0,2050.5
2024-02-24 04:00:00,1995.0,5,2,2050.5,2076.0,0.0,0.0,0.0,1995.0
2024-02-24 05:00:00,1303.5,5,2,1995.0,2050.5,0.0,0.0,0.0,1303.5
2024-02-24 06:00:00,1539.0,5,2,1303.5,1995.0,0.0,0.0,0.0,1539.0
2024-02-24 07:00:00,1588.5,5,2,1539.0,1303.5,56.74605846405029,56.74605846405029,0.0,1531.7539415359497
2024-02-24 08:00:00,1353.0,5,2,1588.5,1539.0,139.00001049041748,139.00001049041748,0.0,1213.9999895095825
2024-02-24 09:00:00,1209.0,5,2,1353.0,1588.5,230.1276969909668,230.1276969909668,0.0,978.8723030090332
2024-02-24 10:00:00,1024.5,5,2,1209.0,1353.0,285.00732421875,285.00732421875,0.0,739.49267578125
2024-02-24 11:00:00,886.5,5,2,1024.5,1209.0,415.7557439804077,415.7557439804077,0.0,470.7442560195923
2024-02-24 12:00:00,967.5,5,2,886.5,1024.5,430.9818935394287,430.9818935394287,0.0,536.5181064605713
2024-02-24 13:00:00,922.5,5,2,967.5,886.5,401.67564868927,401.67564868927,0.0,520.82435131073
2024-02-24 14:00:00,1191.0,5,2,922.5,967.5,357.40520954132074,357.40520954132074,0.0,833.5947904586792
2024-02-24 15:00:00,1378.5,5,2,1191.0,922.5,285.89142322540283,285.89142322540283,0.0,1092.6085767745972
2024-02-24 16:00:00,1467.0,5,2,1378.5,1191.0,184.4492483139038,184.4492483139038,0.0,1282.5507516860962
2024-02-24 17:00:00,1770.0,5,2,1467.0,1378.5,63.13121795654297,63.13121795654297,0.0,1706.868782043457
2024-02-24 18:00:00,2020.5,5,2,1770.0,1467.0,0.0,0.0,0.0,2020.5
2024-02-24 19:00:00,2014.5,5,2,2020.5,1770.0,0.0,0.0,0.0,2014.5
2024-02-24 20:00:00,1911.0,5,2,2014.5,2020.5,0.0,0.0,0.0,1911.0
2024-02-24 21:00:00,2106.0,5,2,1911.0,2014.5,0.0,0.0,0.0,2106.0
2024-02-24 22:00:00,2001.0,5,2,2106.0,1911.0,0.0,0.0,0.0,2001.0
2024-02-24 23:00:00,1948.5,5,2,2001.0,2106.0,0.0,0.0,0.0,1948.5
2024-02-25 00:00:00,1957.5,6,2,1948.5,2001.0,0.0,0.0,0.0,1957.5
2024-02-25 01:00:00,1882.5,6,2,1957.5,1948.5,0.0,0.0,0.0,1882.5
2024-02-25 02:00:00,1753.5,6,2,1882.5,1957.5,0.0,0.0,0.0,1753.5
2024-02-25 03:00:00,1707.0,6,2,1753.5,1882.5,0.0,0.0,0.0,1707.0
2024-02-25 04:00:00,1954.5,6,2,1707.0,1753.5,0.0,0.0,0.0,1954.5
2024-02-25 05:00:00,2029.5,6,2,1954.5,1707.0,0.0,0.0,0.0,2029.5
2024-02-25 06:00:00,1993.5,6,2,2029.5,1954.5,0.0,0.0,0.0,1993.5
2024-02-25 07:00:00,1764.0,6,2,1993.5,2029.5,55.501770973205566,55.501770973205566,0.0,1708.4982290267944
2024-02-25 08:00:00,1492.5,6,2,1764.0,1993.5,124.9854040145874,124.9854040145874,0.0,1367.5145959854126
2024-02-25 09:00:00,1246.5,6,2,1492.5,1764.0,284.2214584350586,284.2214584350586,0.0,962.2785415649414
2024-02-25 10:00:00,1002.0,6,2,1246.5,1492.5,355.76798915863037,355.76798915863037,0.0,646.2320108413696
2024-02-25 11:00:00,849.0,6,2,1002.0,1246.5,403.28012466430664,403.28012466430664,0.0,445.71987533569336
2024-02-25 12:00:00,744.0,6,2,849.0,1002.0,419.81605052948,419.81605052948,0.0,324.18394947052
2024-02-25 13:00:00,1153.5,6,2,744.0,849.0,367.9489088058471,367.9489088058471,0.0,785.5510911941528
2024-02-25 14:00:00,1117.5,6,2,1153.5,744.0,357.37246513366694,357.37246513366694,0.0,760.127534866333
2024-02-25 15:00:00,1326.0,6,2,1117.5,1153.5,282.19130516052246,282.19130516052246,0.0,1043.8086948394775
2024-02-25 16:00:00,1149.0,6,2,1326.0,1117.5,184.8094367980957,184.8094367980957,0.0,964.1905632019043
2024-02-25 17:00:00,1263.0,6,2,1149.0,1326.0,63.75336170196533,63.75336170196533,0.0,1199.2466382980347
2024-02-25 18:00:00,1363.5,6,2,1263.0,1149.0,0.0,0.0,0.0,1363.5
2024-02-25 19:00:00,1471.5,6,2,1363.5,1263.0,0.0,0.0,0.0,1471.5
2024-02-25 20:00:00,1782.0,6,2,1471.5,1363.5,0.0,0.0,0.0,1782.0
2024-02-25 21:00:00,2046.0,6,2,1782.0,1471.5,0.0,0.0,0.0,2046.0
2024-02-25 22:00:00,2094.0,6,2,2046.0,1782.0,0.0,0.0,0.0,2094.0
2024-02-25 23:00:00,1944.0,6,2,2094.0,2046.0,0.0,0.0,0.0,1944.0
2024-02-26 00:00:00,1927.5,0,2,1944.0,2094.0,0.0,0.0,0.0,1927.5
2024-02-26 01:00:00,1186.5,0,2,1927.5,1944.0,0.0,0.0,0.0,1186.5
2024-02-26 02:00:00,1080.0,0,2,1186.5,1927.5,0.0,0.0,0.0,1080.0
2024-02-26 03:00:00,1087.5,0,2,1080.0,1186.5,0.0,0.0,0.0,1087.5
2024-02-26 04:00:00,1083.0,0,2,1087.5,1080.0,0.0,0.0,0.0,1083.0
2024-02-26 05:00:00,1099.5,0,2,1083.0,1087.5,0.0,0.0,0.0,1099.5
2024-02-26 06:00:00,1057.5,0,2,1099.5,1083.0,0.0,0.0,0.0,1057.5
2024-02-26 07:00:00,765.0,0,2,1057.5,1099.5,1.5062427520751953,1.5062427520751953,0.0,763.4937572479248
2024-02-26 08:00:00,33.0,0,2,765.0,1057.5,10.01978874206543,10.01978874206543,0.0,22.98021125793457
2024-02-26 09:00:00,12.0,0,2,33.0,765.0,10.609188079833984,10.609188079833984,0.0,1.3908119201660156
2024-02-26 10:00:00,12.0,0,2,12.0,33.0,280.7505512237549,12.0,268.7505512237549,0.0
2024-02-26 11:00:00,12.0,0,2,12.0,12.0,258.6153316497803,12.0,246.61533164978027,0.0
2024-02-26 12:00:00,0.0,0,2,12.0,12.0,292.3093271255493,0.0,292.3093271255493,0.0
2024-02-26 13:00:00,9.0,0,2,0.0,12.0,258.0259323120117,9.0,249.02593231201172,0.0
2024-02-26 14:00:00,10.5,0,2,9.0,0.0,322.4014377593994,10.5,311.9014377593994,0.0
2024-02-26 15:00:00,7.5,0,2,10.5,9.0,184.87492561340332,7.5,177.37492561340332,0.0
2024-02-26 16:00:00,12.0,0,2,7.5,10.5,123.93758296966553,12.0,111.93758296966553,0.0
2024-02-26 17:00:00,196.5,0,2,12.0,7.5,63.85159492492676,63.85159492492676,0.0,132.64840507507324
2024-02-26 18:00:00,321.0,0,2,196.5,12.0,0.0,0.0,0.0,321.0
2024-02-26 19:00:00,330.0,0,2,321.0,196.5,0.0,0.0,0.0,330.0
2024-02-26 20:00:00,337.5,0,2,330.0,321.0,0.0,0.0,0.0,337.5
2024-02-26 21:00:00,333.0,0,2,337.5,330.0,0.0,0.0,0.0,333.0
2024-02-26 22:00:00,310.5,0,2,333.0,337.5,0.0,0.0,0.0,310.5
2024-02-26 23:00:00,327.0,0,2,310.5,333.0,0.0,0.0,0.0,327.0
2024-02-27 00:00:00,315.0,1,2,327.0,310.5,0.0,0.0,0.0,315.0
2024-02-27 01:00:00,313.5,1,2,315.0,327.0,0.0,0.0,0.0,313.5
2024-02-27 02:00:00,292.5,1,2,313.5,315.0,0.0,0.0,0.0,292.5
2024-02-27 03:00:00,294.0,1,2,292.5,313.5,0.0,0.0,0.0,294.0
2024-02-27 04:00:00,295.5,1,2,294.0,292.5,0.0,0.0,0.0,295.5
2024-02-27 05:00:00,307.5,1,2,295.5,294.0,0.0,0.0,0.0,307.5
2024-02-27 06:00:00,277.5,1,2,307.5,295.5,0.0,0.0,0.0,277.5
2024-02-27 07:00:00,88.5,1,2,277.5,307.5,43.97573947906494,43.97573947906494,0.0,44.52426052093506
2024-02-27 08:00:00,13.5,1,2,88.5,277.5,158.1227445602417,13.5,144.6227445602417,0.0
2024-02-27 09:00:00,16.5,1,2,13.5,88.5,185.3006029129028,16.5,168.8006029129028,0.0
2024-02-27 10:00:00,9.0,1,2,16.5,13.5,275.937123298645,9.0,266.937123298645,0.0
2024-02-27 11:00:00,3.0,1,2,9.0,16.5,316.998610496521,3.0,313.998610496521,0.0
2024-02-27 12:00:00,0.0,1,2,3.0,9.0,212.90413856506348,0.0,212.90413856506348,0.0
2024-02-27 13:00:00,16.5,1,2,0.0,3.0,182.61556148529053,16.5,166.11556148529053,0.0
2024-02-27 14:00:00,18.0,1,2,16.5,0.0,242.7015495300293,18.0,224.7015495300293,0.0
2024-02-27 15:00:00,13.5,1,2,18.0,16.5,250.13453006744385,13.5,236.63453006744385,0.0
2024-02-27 16:00:00,147.0,1,2,13.5,18.0,179.93052005767822,147.0,32.93052005767822,0.0
2024-02-27 17:00:00,111.0,1,2,147.0,13.5,60.38068771362305,60.38068771362305,0.0,50.61931228637695
2024-02-27 18:00:00,292.5,1,2,111.0,147.0,0.0,0.0,0.0,292.5
2024-02-27 19:00:00,288.0,1,2,292.5,111.0,0.0,0.0,0.0,288.0
2024-02-27 20:00:00,298.5,1,2,288.0,292.5,0.0,0.0,0.0,298.5
2024-02-27 21:00:00,313.5,1,2,298.5,288.0,0.0,0.0,0.0,313.5
2024-02-27 22:00:00,286.5,1,2,313.5,298.5,0.0,0.0,0.0,286.5
2024-02-27 23:00:00,285.0,1,2,286.5,313.5,0.0,0.0,0.0,285.0
2024-02-28 00:00:00,289.5,2,2,285.0,286.5,0.0,0.0,0.0,289.5
2024-02-28 01:00:00,288.0,2,2,289.5,285.0,0.0,0.0,0.0,288.0
2024-02-28 02:00:00,261.0,2,2,288.0,289.5,0.0,0.0,0.0,261.0
2024-02-28 03:00:00,261.0,2,2,261.0,288.0,0.0,0.0,0.0,261.0
2024-02-28 04:00:00,267.0,2,2,261.0,261.0,0.0,0.0,0.0,267.0
2024-02-28 05:00:00,264.0,2,2,267.0,261.0,0.0,0.0,0.0,264.0
2024-02-28 06:00:00,241.5,2,2,264.0,267.0,0.0,0.0,0.0,241.5
2024-02-28 07:00:00,67.5,2,2,241.5,264.0,52.489285469055176,52.489285469055176,0.0,15.010714530944824
2024-02-28 08:00:00,13.5,2,2,67.5,241.5,172.10460662841794,13.5,158.60460662841794,0.0
2024-02-28 09:00:00,9.0,2,2,13.5,67.5,273.71050357818604,9.0,264.71050357818604,0.0
2024-02-28 10:00:00,7.5,2,2,9.0,13.5,345.2570343017578,7.5,337.7570343017578,0.0
2024-02-28 11:00:00,13.5,2,2,7.5,9.0,389.4947290420532,13.5,375.9947290420532,0.0
2024-02-28 12:00:00,0.0,2,2,13.5,7.5,402.7234697341919,0.0,402.7234697341919,0.0
2024-02-28 13:00:00,10.5,2,2,0.0,13.5,322.3686933517456,10.5,311.8686933517456,0.0
2024-02-28 14:00:00,37.5,2,2,10.5,0.0,344.7658681869507,37.5,307.2658681869507,0.0
2024-02-28 15:00:00,16.5,2,2,37.5,10.5,271.41839504241943,16.5,254.91839504241943,0.0
2024-02-28 16:00:00,9.0,2,2,16.5,37.5,160.70955276489258,9.0,151.70955276489258,0.0
2024-02-28 17:00:00,174.0,2,2,9.0,16.5,59.59482192993164,59.59482192993164,0.0,114.40517807006836
2024-02-28 18:00:00,291.0,2,2,174.0,9.0,0.0,0.0,0.0,291.0
2024-02-28 19:00:00,295.5,2,2,291.0,174.0,0.0,0.0,0.0,295.5
2024-02-28 20:00:00,301.5,2,2,295.5,291.0,0.0,0.0,0.0,301.5
2024-02-28 21:00:00,297.0,2,2,301.5,295.5,0.0,0.0,0.0,297.0
2024-02-28 22:00:00,315.0,2,2,297.0,301.5,0.0,0.0,0.0,315.0
2024-02-28 23:00:00,315.0,2,2,315.0,297.0,0.0,0.0,0.0,315.0
2024-02-29 00:00:00,294.0,3,2,315.0,315.0,0.0,0.0,0.0,294.0
2024-02-29 01:00:00,297.0,3,2,294.0,315.0,0.0,0.0,0.0,297.0
2024-02-29 02:00:00,262.5,3,2,297.0,294.0,0.0,0.0,0.0,262.5
2024-02-29 03:00:00,268.5,3,2,262.5,297.0,0.0,0.0,0.0,268.5
2024-02-29 04:00:00,274.5,3,2,268.5,262.5,0.0,0.0,0.0,274.5
2024-02-29 05:00:00,295.5,3,2,274.5,268.5,0.0,0.0,0.0,295.5
2024-02-29 06:00:00,271.5,3,2,295.5,274.5,0.0,0.0,0.0,271.5
2024-02-29 07:00:00,76.5,3,2,271.5,295.5,56.942524909973145,56.942524909973145,0.0,19.557475090026855
2024-02-29 08:00:00,24.0,3,2,76.5,271.5,148.49588871002197,24.0,124.49588871002197,0.0
2024-02-29 09:00:00,24.0,3,2,24.0,76.5,278.5566759109497,24.0,254.5566759109497,0.0
2024-02-29 10:00:00,27.0,3,2,24.0,24.0,360.6469058990478,27.0,333.6469058990478,0.0
2024-02-29 11:00:00,27.0,3,2,27.0,24.0,408.7484407424927,27.0,381.7484407424927,0.0
2024-02-29 12:00:00,15.0,3,2,27.0,27.0,423.9745903015137,15.0,408.9745903015137,0.0
2024-02-29 13:00:00,24.0,3,2,15.0,27.0,402.16681480407715,24.0,378.16681480407715,0.0
2024-02-29 14:00:00,49.5,3,2,24.0,15.0,357.5689315795899,49.5,308.0689315795899,0.0
2024-02-29 15:00:00,22.5,3,2,49.5,24.0,282.97717094421387,22.5,260.47717094421387,0.0
2024-02-29 16:00:00,13.5,3,2,22.5,49.5,181.99341773986814,13.5,168.49341773986814,0.0
2024-02-29 17:00:00,163.5,3,2,13.5,22.5,62.083396911621094,62.083396911621094,0.0,101.4166030883789
2024-02-29 18:00:00,289.5,3,2,163.5,13.5,0.0,0.0,0.0,289.5
2024-02-29 19:00:00,289.5,3,2,289.5,163.5,0.0,0.0,0.0,289.5
2024-02-29 20:00:00,280.5,3,2,289.5,289.5,0.0,0.0,0.0,280.5
2024-02-29 21:00:00,279.0,3,2,280.5,289.5,0.0,0.0,0.0,279.0
2024-02-29 22:00:00,304.5,3,2,279.0,280.5,0.0,0.0,0.0,304.5
2024-02-29 23:00:00,303.0,3,2,304.5,279.0,0.0,0.0,0.0,303.0
2024-03-01 00:00:00,292.5,4,3,303.0,304.5,0.0,0.0,0.0,292.5
2024-03-01 01:00:00,277.5,4,3,292.5,303.0,0.0,0.0,0.0,277.5
2024-03-01 02:00:00,232.5,4,3,277.5,292.5,0.0,0.0,0.0,232.5
2024-03-01 03:00:00,222.0,4,3,232.5,277.5,0.0,0.0,0.0,222.0
2024-03-01 04:00:00,240.0,4,3,222.0,232.5,0.0,0.0,0.0,240.0
2024-03-01 05:00:00,265.5,4,3,240.0,222.0,0.0,0.0,0.0,265.5
2024-03-01 06:00:00,252.0,4,3,265.5,240.0,0.0,0.0,0.0,252.0
2024-03-01 07:00:00,73.5,4,3,252.0,265.5,0.6548881530761719,0.6548881530761719,0.0,72.84511184692383
2024-03-01 08:00:00,13.5,4,3,73.5,252.0,31.336398124694824,13.5,17.836398124694824,0.0
2024-03-01 09:00:00,19.5,4,3,13.5,73.5,116.93027973175049,19.5,97.43027973175049,0.0
2024-03-01 10:00:00,16.5,4,3,19.5,13.5,271.87681674957275,16.5,255.37681674957275,0.0
2024-03-01 11:00:00,18.0,4,3,16.5,19.5,219.1255760192871,18.0,201.1255760192871,0.0
2024-03-01 12:00:00,9.0,4,3,18.0,16.5,280.25938510894775,9.0,271.25938510894775,0.0
2024-03-01 13:00:00,73.5,4,3,9.0,18.0,277.0831775665283,73.5,203.58317756652832,0.0
2024-03-01 14:00:00,42.0,4,3,73.5,9.0,238.83770942687988,42.0,196.83770942687988,0.0
2024-03-01 15:00:00,10.5,4,3,42.0,73.5,234.08977031707764,10.5,223.58977031707764,0.0
2024-03-01 16:00:00,1.5,4,3,10.5,42.0,189.22993183135986,1.5,187.72993183135986,0.0
2024-03-01 17:00:00,115.5,4,3,1.5,10.5,68.53404521942139,68.53404521942139,0.0,46.96595478057861
2024-03-01 18:00:00,282.0,4,3,115.5,1.5,0.0,0.0,0.0,282.0
2024-03-01 19:00:00,285.0,4,3,282.0,115.5,0.0,0.0,0.0,285.0
2024-03-01 20:00:00,463.5,4,3,285.0,282.0,0.0,0.0,0.0,463.5
2024-03-01 21:00:00,1114.5,4,3,463.5,285.0,0.0,0.0,0.0,1114.5
2024-03-01 22:00:00,1506.0,4,3,1114.5,463.5,0.0,0.0,0.0,1506.0
2024-03-01 23:00:00,1992.0,4,3,1506.0,1114.5,0.0,0.0,0.0,1992.0
2024-03-02 00:00:00,2515.5,5,3,1992.0,1506.0,0.0,0.0,0.0,2515.5
2024-03-02 01:00:00,2610.0,5,3,2515.5,1992.0,0.0,0.0,0.0,2610.0
2024-03-02 02:00:00,2578.5,5,3,2610.0,2515.5,0.0,0.0,0.0,2578.5
2024-03-02 03:00:00,2557.5,5,3,2578.5,2610.0,0.0,0.0,0.0,2557.5
2024-03-02 04:00:00,1935.0,5,3,2557.5,2578.5,0.0,0.0,0.0,1935.0
2024-03-02 05:00:00,760.5,5,3,1935.0,2557.5,0.0,0.0,0.0,760.5
2024-03-02 06:00:00,913.5,5,3,760.5,1935.0,0.0,0.0,0.0,913.5
2024-03-02 07:00:00,1521.0,5,3,913.5,760.5,51.834397315979004,51.834397315979004,0.0,1469.165602684021
2024-03-02 08:00:00,1677.0,5,3,1521.0,913.5,169.877986907959,169.877986907959,0.0,1507.122013092041
2024-03-02 09:00:00,1774.5,5,3,1677.0,1521.0,269.97764110565186,269.97764110565186,0.0,1504.5223588943481
2024-03-02 10:00:00,1545.0,5,3,1774.5,1677.0,352.16610431671137,352.16610431671137,0.0,1192.8338956832886
2024-03-02 11:00:00,1209.0,5,3,1545.0,1774.5,394.3409013748169,394.3409013748169,0.0,814.6590986251831
2024-03-02 12:00:00,1251.0,5,3,1209.0,1545.0,404.2297124862671,404.2297124862671,0.0,846.7702875137329
2024-03-02 13:00:00,1374.0,5,3,1251.0,1209.0,387.4645757675171,387.4645757675171,0.0,986.5354242324829
2024-03-02 14:00:00,1602.0,5,3,1374.0,1251.0,355.3750562667846,355.3750562667846,0.0,1246.6249437332153
2024-03-02 15:00:00,1276.5,5,3,1602.0,1374.0,292.2765827178955,292.2765827178955,0.0,984.2234172821045
2024-03-02 16:00:00,2164.5,5,3,1276.5,1602.0,194.3708038330078,194.3708038330078,0.0,1970.1291961669922
2024-03-02 17:00:00,2217.0,5,3,2164.5,1276.5,70.72792053222656,70.72792053222656,0.0,2146.2720794677734
2024-03-02 18:00:00,2742.0,5,3,2217.0,2164.5,0.0,0.0,0.0,2742.0
2024-03-02 19:00:00,2814.0,5,3,2742.0,2217.0,0.0,0.0,0.0,2814.0
2024-03-02 20:00:00,2778.0,5,3,2814.0,2742.0,0.0,0.0,0.0,2778.0
2024-03-02 21:00:00,2559.0,5,3,2778.0,2814.0,0.0,0.0,0.0,2559.0
2024-03-02 22:00:00,2283.0,5,3,2559.0,2778.0,0.0,0.0,0.0,2283.0
2024-03-02 23:00:00,2370.0,5,3,2283.0,2559.0,0.0,0.0,0.0,2370.0
2024-03-03 00:00:00,2632.5,6,3,2370.0,2283.0,0.0,0.0,0.0,2632.5
2024-03-03 01:00:00,2593.5,6,3,2632.5,2370.0,0.0,0.0,0.0,2593.5
2024-03-03 02:00:00,2559.0,6,3,2593.5,2632.5,0.0,0.0,0.0,2559.0
2024-03-03 03:00:00,2199.0,6,3,2559.0,2593.5,0.0,0.0,0.0,2199.0
2024-03-03 04:00:00,2409.0,6,3,2199.0,2559.0,0.0,0.0,0.0,2409.0
2024-03-03 05:00:00,2638.5,6,3,2409.0,2199.0,0.0,0.0,0.0,2638.5
2024-03-03 06:00:00,2422.5,6,3,2638.5,2409.0,0.0,0.0,0.0,2422.5
2024-03-03 07:00:00,1893.0,6,3,2422.5,2638.5,65.42332649230957,65.42332649230957,0.0,1827.5766735076904
2024-03-03 08:00:00,1809.0,6,3,1893.0,2422.5,191.6857624053955,191.6857624053955,0.0,1617.3142375946045
2024-03-03 09:00:00,1560.0,6,3,1809.0,1893.0,292.04737186431885,292.04737186431885,0.0,1267.9526281356812
2024-03-03 10:00:00,1290.0,6,3,1560.0,1809.0,356.9795322418213,356.9795322418213,0.0,933.0204677581787
2024-03-03 11:00:00,1206.0,6,3,1290.0,1560.0,401.6429042816162,401.6429042816162,0.0,804.3570957183838
2024-03-03 12:00:00,1419.0,6,3,1206.0,1290.0,417.589430809021,417.589430809021,0.0,1001.410569190979
2024-03-03 13:00:00,1512.0,6,3,1419.0,1206.0,405.63772201538086,405.63772201538086,0.0,1106.3622779846191
2024-03-03 14:00:00,1620.0,6,3,1512.0,1419.0,366.442666053772,366.442666053772,0.0,1253.557333946228
2024-03-03 15:00:00,1344.0,6,3,1620.0,1512.0,295.15809059143066,295.15809059143066,0.0,1048.8419094085693
2024-03-03 16:00:00,2248.5,6,3,1344.0,1620.0,189.81933116912842,189.81933116912842,0.0,2058.6806688308716
2024-03-03 17:00:00,2640.0,6,3,2248.5,1344.0,67.32250213623047,67.32250213623047,0.0,2572.6774978637695
2024-03-03 18:00:00,2305.5,6,3,2640.0,2248.5,0.0,0.0,0.0,2305.5
2024-03-03 19:00:00,2547.0,6,3,2305.5,2640.0,0.0,0.0,0.0,2547.0
2024-03-03 20:00:00,3057.0,6,3,2547.0,2305.5,0.0,0.0,0.0,3057.0
2024-03-03 21:00:00,4014.0,6,3,3057.0,2547.0,0.0,0.0,0.0,4014.0
2024-03-03 22:00:00,4134.0,6,3,4014.0,3057.0,0.0,0.0,0.0,4134.0
2024-03-03 23:00:00,3795.0,6,3,4134.0,4014.0,0.0,0.0,0.0,3795.0
2024-03-04 00:00:00,4066.5,0,3,3795.0,4134.0,0.0,0.0,0.0,4066.5
2024-03-04 01:00:00,4309.5,0,3,4066.5,3795.0,0.0,0.0,0.0,4309.5
2024-03-04 02:00:00,4198.5,0,3,4309.5,4066.5,0.0,0.0,0.0,4198.5
2024-03-04 03:00:00,3414.0,0,3,4198.5,4309.5,0.0,0.0,0.0,3414.0
2024-03-04 04:00:00,3501.0,0,3,3414.0,4198.5,0.0,0.0,0.0,3501.0
2024-03-04 05:00:00,3463.5,0,3,3501.0,3414.0,0.0,0.0,0.0,3463.5
2024-03-04 06:00:00,3909.0,0,3,3463.5,3501.0,0.0,0.0,0.0,3909.0
2024-03-04 07:00:00,3708.0,0,3,3909.0,3463.5,70.40047645568848,70.40047645568848,0.0,3637.5995235443115
2024-03-04 08:00:00,3369.0,0,3,3708.0,3909.0,198.5620880126953,198.5620880126953,0.0,3170.4379119873047
2024-03-04 09:00:00,2946.0,0,3,3369.0,3708.0,300.6264066696167,300.6264066696167,0.0,2645.3735933303833
2024-03-04 10:00:00,2592.0,0,3,2946.0,3369.0,367.7851867675781,367.7851867675781,0.0,2224.214813232422
2024-03-04 11:00:00,2883.0,0,3,2592.0,2946.0,408.1262969970703,408.1262969970703,0.0,2474.8737030029297
2024-03-04 12:00:00,2589.0,0,3,2883.0,2592.0,420.7328939437866,420.7328939437866,0.0,2168.2671060562134
2024-03-04 13:00:00,2541.0,0,3,2589.0,2883.0,400.7915496826172,400.7915496826172,0.0,2140.208450317383
2024-03-04 14:00:00,3483.0,0,3,2541.0,2589.0,361.301794052124,361.301794052124,0.0,3121.698205947876
2024-03-04 15:00:00,3622.5,0,3,3483.0,2541.0,291.4579725265503,291.4579725265503,0.0,3331.0420274734497
2024-03-04 16:00:00,3336.0,0,3,3622.5,3483.0,192.66809463500977,192.66809463500977,0.0,3143.3319053649902
2024-03-04 17:00:00,3829.5,0,3,3336.0,3622.5,69.3526554107666,69.3526554107666,0.0,3760.1473445892334
2024-03-04 18:00:00,4561.5,0,3,3829.5,3336.0,0.0,0.0,0.0,4561.5
2024-03-04 19:00:00,4534.5,0,3,4561.5,3829.5,0.0,0.0,0.0,4534.5
2024-03-04 20:00:00,4362.0,0,3,4534.5,4561.5,0.0,0.0,0.0,4362.0
2024-03-04 21:00:00,4332.0,0,3,4362.0,4534.5,0.0,0.0,0.0,4332.0
2024-03-04 22:00:00,4206.0,0,3,4332.0,4362.0,0.0,0.0,0.0,4206.0
2024-03-04 23:00:00,4488.0,0,3,4206.0,4332.0,0.0,0.0,0.0,4488.0
2024-03-05 00:00:00,4437.0,1,3,4488.0,4206.0,0.0,0.0,0.0,4437.0
2024-03-05 01:00:00,4206.0,1,3,4437.0,4488.0,0.0,0.0,0.0,4206.0
2024-03-05 02:00:00,4408.5,1,3,4206.0,4437.0,0.0,0.0,0.0,4408.5
2024-03-05 03:00:00,4404.0,1,3,4408.5,4206.0,0.0,0.0,0.0,4404.0
2024-03-05 04:00:00,4264.5,1,3,4404.0,4408.5,0.0,0.0,0.0,4264.5
2024-03-05 05:00:00,4035.0,1,3,4264.5,4404.0,0.0,0.0,0.0,4035.0
2024-03-05 06:00:00,4159.5,1,3,4035.0,4264.5,0.0,0.0,0.0,4159.5
2024-03-05 07:00:00,3928.5,1,3,4159.5,4035.0,65.42332649230957,65.42332649230957,0.0,3863.0766735076904
2024-03-05 08:00:00,3315.0,1,3,3928.5,4159.5,192.799072265625,192.799072265625,0.0,3122.200927734375
2024-03-05 09:00:00,2425.5,1,3,3315.0,3928.5,299.1201639175415,299.1201639175415,0.0,2126.3798360824585
2024-03-05 10:00:00,2137.5,1,3,2425.5,3315.0,368.0143976211547,368.0143976211547,0.0,1769.4856023788452
2024-03-05 11:00:00,2367.0,1,3,2137.5,2425.5,416.60709857940674,416.60709857940674,0.0,1950.3929014205933
2024-03-05 12:00:00,2041.5,1,3,2367.0,2137.5,433.3067464828491,433.3067464828491,0.0,1608.1932535171509
2024-03-05 13:00:00,2094.0,1,3,2041.5,2367.0,419.75056171417236,419.75056171417236,0.0,1674.2494382858276
2024-03-05 14:00:00,2841.0,1,3,2094.0,2041.5,374.2030906677246,374.2030906677246,0.0,2466.7969093322754
2024-03-05 15:00:00,3340.5,1,3,2841.0,2094.0,298.3997869491577,298.3997869491577,0.0,3042.1002130508423
2024-03-05 16:00:00,3507.0,1,3,3340.5,2841.0,196.2699794769287,196.2699794769287,0.0,3310.7300205230713
2024-03-05 17:00:00,4246.5,1,3,3507.0,3340.5,70.66243171691895,70.66243171691895,0.0,4175.837568283081
2024-03-05 18:00:00,4258.5,1,3,4246.5,3507.0,0.0,0.0,0.0,4258.5
2024-03-05 19:00:00,4170.0,1,3,4258.5,4246.5,0.0,0.0,0.0,4170.0
2024-03-05 20:00:00,3571.5,1,3,4170.0,4258.5,0.0,0.0,0.0,3571.5
2024-03-05 21:00:00,4131.0,1,3,3571.5,4170.0,0.0,0.0,0.0,4131.0
2024-03-05 22:00:00,4468.5,1,3,4131.0,3571.5,0.0,0.0,0.0,4468.5
2024-03-05 23:00:00,4540.5,1,3,4468.5,4131.0,0.0,0.0,0.0,4540.5
2024-03-06 00:00:00,4365.0,2,3,4540.5,4468.5,0.0,0.0,0.0,4365.0
2024-03-06 01:00:00,4287.0,2,3,4365.0,4540.5,0.0,0.0,0.0,4287.0
2024-03-06 02:00:00,3357.0,2,3,4287.0,4365.0,0.0,0.0,0.0,3357.0
2024-03-06 03:00:00,2926.5,2,3,3357.0,4287.0,0.0,0.0,0.0,2926.5
2024-03-06 04:00:00,2568.0,2,3,2926.5,3357.0,0.0,0.0,0.0,2568.0
2024-03-06 05:00:00,2296.5,2,3,2568.0,2926.5,0.0,0.0,0.0,2296.5
2024-03-06 06:00:00,2919.0,2,3,2296.5,2568.0,0.0,0.0,0.0,2919.0
2024-03-06 07:00:00,2503.5,2,3,2919.0,2296.5,69.28716659545898,69.28716659545898,0.0,2434.212833404541
2024-03-06 08:00:00,1702.5,2,3,2503.5,2919.0,197.15407848358154,197.15407848358154,0.0,1505.3459215164185
2024-03-06 09:00:00,1068.0,2,3,1702.5,2503.5,303.08223724365234,303.08223724365234,0.0,764.9177627563477
2024-03-06 10:00:00,1419.0,2,3,1068.0,1702.5,371.059627532959,371.059627532959,0.0,1047.940372467041
2024-03-06 11:00:00,1525.5,2,3,1419.0,1068.0,418.53901863098145,418.53901863098145,0.0,1106.9609813690186
2024-03-06 12:00:00,1948.5,2,3,1525.5,1419.0,436.09002113342285,436.09002113342285,0.0,1512.4099788665771
2024-03-06 13:00:00,1788.0,2,3,1948.5,1525.5,411.66269302368164,411.66269302368164,0.0,1376.3373069763184
2024-03-06 14:00:00,726.0,2,3,1788.0,1948.5,366.11522197723394,366.11522197723394,0.0,359.88477802276606
2024-03-06 15:00:00,2464.5,2,3,726.0,1788.0,290.18094062805176,290.18094062805176,0.0,2174.3190593719482
2024-03-06 16:00:00,3345.0,2,3,2464.5,726.0,186.38116836547854,186.38116836547854,0.0,3158.6188316345215
2024-03-06 17:00:00,4326.0,2,3,3345.0,2464.5,67.02780246734619,67.02780246734619,0.0,4258.972197532654
2024-03-06 18:00:00,4410.0,2,3,4326.0,3345.0,0.0,0.0,0.0,4410.0
2024-03-06 19:00:00,4501.5,2,3,4410.0,4326.0,0.0,0.0,0.0,4501.5
2024-03-06 20:00:00,4387.5,2,3,4501.5,4410.0,0.0,0.0,0.0,4387.5
2024-03-06 21:00:00,4161.0,2,3,4387.5,4501.5,0.0,0.0,0.0,4161.0
2024-03-06 22:00:00,4473.0,2,3,4161.0,4387.5,0.0,0.0,0.0,4473.0
2024-03-06 23:00:00,3975.0,2,3,4473.0,4161.0,0.0,0.0,0.0,3975.0
2024-03-07 00:00:00,4453.5,3,3,3975.0,4473.0,0.0,0.0,0.0,4453.5
2024-03-07 01:00:00,4290.0,3,3,4453.5,3975.0,0.0,0.0,0.0,4290.0
2024-03-07 02:00:00,4101.0,3,3,4290.0,4453.5,0.0,0.0,0.0,4101.0
2024-03-07 03:00:00,4285.5,3,3,4101.0,4290.0,0.0,0.0,0.0,4285.5
2024-03-07 04:00:00,4132.5,3,3,4285.5,4101.0,0.0,0.0,0.0,4132.5
2024-03-07 05:00:00,3763.5,3,3,4132.5,4285.5,0.0,0.0,0.0,3763.5
2024-03-07 06:00:00,3492.0,3,3,3763.5,4132.5,0.0,0.0,0.0,3492.0
2024-03-07 07:00:00,2437.5,3,3,3492.0,3763.5,64.34276103973389,64.34276103973389,0.0,2373.157238960266
2024-03-07 08:00:00,2548.5,3,3,2437.5,3492.0,184.38375949859622,184.38375949859622,0.0,2364.116240501404
2024-03-07 09:00:00,3244.5,3,3,2548.5,2437.5,289.72251892089844,289.72251892089844,0.0,2954.7774810791016
2024-03-07 10:00:00,3262.5,3,3,3244.5,2548.5,324.75903511047363,324.75903511047363,0.0,2937.7409648895264
2024-03-07 11:00:00,2836.5,3,3,3262.5,3244.5,412.44855880737305,412.44855880737305,0.0,2424.051441192627
2024-03-07 12:00:00,2911.5,3,3,2836.5,3262.5,430.1632833480835,430.1632833480835,0.0,2481.3367166519165
2024-03-07 13:00:00,3265.5,3,3,2911.5,2836.5,414.4787120819092,414.4787120819092,0.0,2851.021287918091
2024-03-07 14:00:00,3384.0,3,3,3265.5,2911.5,368.21086406707764,368.21086406707764,0.0,3015.7891359329224
2024-03-07 15:00:00,3607.5,3,3,3384.0,3265.5,291.71992778778076,291.71992778778076,0.0,3315.7800722122192
2024-03-07 16:00:00,3312.0,3,3,3607.5,3384.0,187.98564434051517,187.98564434051517,0.0,3124.014355659485
2024-03-07 17:00:00,4192.5,3,3,3312.0,3607.5,67.71543502807617,67.71543502807617,0.0,4124.784564971924
2024-03-07 18:00:00,4513.5,3,3,4192.5,3312.0,0.0,0.0,0.0,4513.5
2024-03-07 19:00:00,4512.0,3,3,4513.5,4192.5,0.0,0.0,0.0,4512.0
2024-03-07 20:00:00,4231.5,3,3,4512.0,4513.5,0.0,0.0,0.0,4231.5
2024-03-07 21:00:00,4072.5,3,3,4231.5,4512.0,0.0,0.0,0.0,4072.5
2024-03-07 22:00:00,3790.5,3,3,4072.5,4231.5,0.0,0.0,0.0,3790.5
2024-03-07 23:00:00,4047.0,3,3,3790.5,4072.5,0.0,0.0,0.0,4047.0
2024-03-08 00:00:00,4389.0,4,3,4047.0,3790.5,0.0,0.0,0.0,4389.0
2024-03-08 01:00:00,4252.5,4,3,4389.0,4047.0,0.0,0.0,0.0,4252.5
2024-03-08 02:00:00,3094.5,4,3,4252.5,4389.0,0.0,0.0,0.0,3094.5
2024-03-08 03:00:00,2959.5,4,3,3094.5,4252.5,0.0,0.0,0.0,2959.5
2024-03-08 04:00:00,2925.0,4,3,2959.5,3094.5,0.0,0.0,0.0,2925.0
2024-03-08 05:00:00,2973.0,4,3,2925.0,2959.5,0.0,0.0,0.0,2973.0
2024-03-08 06:00:00,2908.5,4,3,2973.0,2925.0,0.0,0.0,0.0,2908.5
2024-03-08 07:00:00,2034.0,4,3,2908.5,2973.0,65.94723701477051,65.94723701477051,0.0,1968.0527629852295
2024-03-08 08:00:00,1375.5,4,3,2034.0,2908.5,190.1795196533203,190.1795196533203,0.0,1185.3204803466797
2024-03-08 09:00:00,1266.0,4,3,1375.5,2034.0,294.6341800689697,294.6341800689697,0.0,971.3658199310303
2024-03-08 10:00:00,1339.5,4,3,1266.0,1375.5,370.53571701049805,370.53571701049805,0.0,968.964282989502
2024-03-08 11:00:00,1302.0,4,3,1339.5,1266.0,418.4735298156738,418.4735298156738,0.0,883.5264701843262
2024-03-08 12:00:00,891.0,4,3,1302.0,1339.5,436.2537431716919,436.2537431716919,0.0,454.7462568283081
2024-03-08 13:00:00,870.0,4,3,891.0,1302.0,415.6247663497925,415.6247663497925,0.0,454.3752336502075
2024-03-08 14:00:00,1039.5,4,3,870.0,891.0,370.89590549468994,370.89590549468994,0.0,668.6040945053101
2024-03-08 15:00:00,1420.5,4,3,1039.5,870.0,295.7147455215454,295.7147455215454,0.0,1124.7852544784546
2024-03-08 16:00:00,1549.5,4,3,1420.5,1039.5,193.32298278808594,193.32298278808594,0.0,1356.177017211914
2024-03-08 17:00:00,1938.0,4,3,1549.5,1420.5,69.54912185668945,69.54912185668945,0.0,1868.4508781433105
2024-03-08 18:00:00,2082.0,4,3,1938.0,1549.5,0.0,0.0,0.0,2082.0
2024-03-08 19:00:00,2052.0,4,3,2082.0,1938.0,0.0,0.0,0.0,2052.0
2024-03-08 20:00:00,2008.5,4,3,2052.0,2082.0,0.0,0.0,0.0,2008.5
2024-03-08 21:00:00,2140.5,4,3,2008.5,2052.0,0.0,0.0,0.0,2140.5
2024-03-08 22:00:00,2094.0,4,3,2140.5,2008.5,0.0,0.0,0.0,2094.0
2024-03-08 23:00:00,2122.5,4,3,2094.0,2140.5,0.0,0.0,0.0,2122.5
2024-03-09 00:00:00,2077.5,5,3,2122.5,2094.0,0.0,0.0,0.0,2077.5
2024-03-09 01:00:00,2031.0,5,3,2077.5,2122.5,0.0,0.0,0.0,2031.0
2024-03-09 02:00:00,2079.0,5,3,2031.0,2077.5,0.0,0.0,0.0,2079.0
2024-03-09 03:00:00,2119.5,5,3,2079.0,2031.0,0.0,0.0,0.0,2119.5
2024-03-09 04:00:00,2082.0,5,3,2119.5,2079.0,0.0,0.0,0.0,2082.0
2024-03-09 05:00:00,1956.0,5,3,2082.0,2119.5,0.0,0.0,0.0,1956.0
2024-03-09 06:00:00,1842.0,5,3,1956.0,2082.0,0.0,0.0,0.0,1842.0
2024-03-09 07:00:00,1266.0,5,3,1842.0,1956.0,67.64994621276855,67.64994621276855,0.0,1198.3500537872314
2024-03-09 08:00:00,831.0,5,3,1266.0,1842.0,190.73617458343506,190.73617458343506,0.0,640.2638254165649
2024-03-09 09:00:00,1249.5,5,3,831.0,1266.0,293.12793731689453,293.12793731689453,0.0,956.3720626831055
2024-03-09 10:00:00,1218.0,5,3,1249.5,831.0,378.09967517852783,378.09967517852783,0.0,839.9003248214722
2024-03-09 11:00:00,1450.5,5,3,1218.0,1249.5,425.6445550918579,425.6445550918579,0.0,1024.855444908142
2024-03-09 12:00:00,1405.5,5,3,1450.5,1218.0,443.0645799636841,443.0645799636841,0.0,962.4354200363159
2024-03-09 13:00:00,1029.0,5,3,1405.5,1450.5,420.2744722366333,420.2744722366333,0.0,608.7255277633667
2024-03-09 14:00:00,2077.5,5,3,1029.0,1405.5,374.62876796722406,374.62876796722406,0.0,1702.8712320327759
2024-03-09 15:00:00,2089.5,5,3,2077.5,1029.0,297.2209882736206,297.2209882736206,0.0,1792.2790117263794
2024-03-09 16:00:00,1897.5,5,3,2089.5,2077.5,194.99294757843018,194.99294757843018,0.0,1702.5070524215698
2024-03-09 17:00:00,1755.0,5,3,1897.5,2089.5,71.05536460876465,71.05536460876465,0.0,1683.9446353912354
2024-03-09 18:00:00,1846.5,5,3,1755.0,1897.5,0.0,0.0,0.0,1846.5
2024-03-09 19:00:00,2041.5,5,3,1846.5,1755.0,0.0,0.0,0.0,2041.5
2024-03-09 20:00:00,1971.0,5,3,2041.5,1846.5,0.0,0.0,0.0,1971.0
2024-03-09 21:00:00,2046.0,5,3,1971.0,2041.5,0.0,0.0,0.0,2046.0
2024-03-09 22:00:00,1819.5,5,3,2046.0,1971.0,0.0,0.0,0.0,1819.5
2024-03-09 23:00:00,1975.5,5,3,1819.5,2046.0,0.0,0.0,0.0,1975.5
2024-03-10 00:00:00,1977.0,6,3,1975.5,1819.5,0.0,0.0,0.0,1977.0
2024-03-10 01:00:00,1903.5,6,3,1977.0,1975.5,0.0,0.0,0.0,1903.5
2024-03-10 02:00:00,1966.5,6,3,1903.5,1977.0,0.0,0.0,0.0,1966.5
2024-03-10 03:00:00,1977.0,6,3,1966.5,1903.5,0.0,0.0,0.0,1977.0
2024-03-10 04:00:00,2038.5,6,3,1977.0,1966.5,0.0,0.0,0.0,2038.5
2024-03-10 05:00:00,1936.5,6,3,2038.5,1977.0,0.0,0.0,0.0,1936.5
2024-03-10 06:00:00,1894.5,6,3,1936.5,2038.5,0.0,0.0,0.0,1894.5
2024-03-10 07:00:00,1806.0,6,3,1894.5,1936.5,71.74299716949463,71.74299716949463,0.0,1734.2570028305054
2024-03-10 08:00:00,1470.0,6,3,1806.0,1894.5,198.69306564331055,198.69306564331055,0.0,1271.3069343566895
2024-03-10 09:00:00,1888.5,6,3,1470.0,1806.0,304.26103591918945,304.26103591918945,0.0,1584.2389640808105
2024-03-10 10:00:00,1401.0,6,3,1888.5,1470.0,382.6184034347534,382.6184034347534,0.0,1018.3815965652466
2024-03-10 11:00:00,1320.0,6,3,1401.0,1888.5,428.82076263427734,428.82076263427734,0.0,891.1792373657227
2024-03-10 12:00:00,721.5,6,3,1320.0,1401.0,445.0292444229126,445.0292444229126,0.0,276.4707555770874
2024-03-10 13:00:00,1077.0,6,3,721.5,1320.0,427.74019718170166,427.74019718170166,0.0,649.2598028182983
2024-03-10 14:00:00,1134.0,6,3,1077.0,721.5,381.2103939056396,381.2103939056396,0.0,752.7896060943604
2024-03-10 15:00:00,1389.0,6,3,1134.0,1077.0,303.3441925048828,303.3441925048828,0.0,1085.6558074951172
2024-03-10 16:00:00,1452.0,6,3,1389.0,1134.0,197.84171104431152,197.84171104431152,0.0,1254.1582889556885
2024-03-10 17:00:00,1690.5,6,3,1452.0,1389.0,71.77574157714844,71.77574157714844,0.0,1618.7242584228516
2024-03-10 18:00:00,2004.0,6,3,1690.5,1452.0,0.0,0.0,0.0,2004.0
2024-03-10 19:00:00,2074.5,6,3,2004.0,1690.5,0.0,0.0,0.0,2074.5
2024-03-10 20:00:00,1990.5,6,3,2074.5,2004.0,0.0,0.0,0.0,1990.5
2024-03-10 21:00:00,1965.0,6,3,1990.5,2074.5,0.0,0.0,0.0,1965.0
2024-03-10 22:00:00,1915.5,6,3,1965.0,1990.5,0.0,0.0,0.0,1915.5
2024-03-10 23:00:00,1887.0,6,3,1915.5,1965.0,0.0,0.0,0.0,1887.0
2024-03-11 00:00:00,1978.5,0,3,1887.0,1915.5,0.0,0.0,0.0,1978.5
2024-03-11 01:00:00,1950.0,0,3,1978.5,1887.0,0.0,0.0,0.0,1950.0
2024-03-11 02:00:00,1885.5,0,3,1950.0,1978.5,0.0,0.0,0.0,1885.5
2024-03-11 03:00:00,1848.0,0,3,1885.5,1950.0,0.0,0.0,0.0,1848.0
2024-03-11 04:00:00,1740.0,0,3,1848.0,1885.5,0.0,0.0,0.0,1740.0
2024-03-11 05:00:00,1896.0,0,3,1740.0,1848.0,0.0,0.0,0.0,1896.0
2024-03-11 06:00:00,1851.0,0,3,1896.0,1740.0,0.0,0.0,0.0,1851.0
2024-03-11 07:00:00,1497.0,0,3,1851.0,1896.0,69.38539981842041,69.38539981842041,0.0,1427.6146001815796
2024-03-11 08:00:00,1489.5,0,3,1497.0,1851.0,193.06102752685547,193.06102752685547,0.0,1296.4389724731445
2024-03-11 09:00:00,1693.5,0,3,1489.5,1497.0,296.0094451904297,296.0094451904297,0.0,1397.4905548095703
2024-03-11 10:00:00,1639.5,0,3,1693.5,1489.5,365.13288974761963,365.13288974761963,0.0,1274.3671102523804
2024-03-11 11:00:00,1542.0,0,3,1639.5,1693.5,410.25468349456787,410.25468349456787,0.0,1131.7453165054321
2024-03-11 12:00:00,1287.0,0,3,1542.0,1639.5,424.4657564163208,424.4657564163208,0.0,862.5342435836792
2024-03-11 13:00:00,1488.0,0,3,1287.0,1542.0,404.81911182403564,404.81911182403564,0.0,1083.1808881759644
2024-03-11 14:00:00,1615.5,0,3,1488.0,1287.0,357.24148750305176,357.24148750305176,0.0,1258.2585124969482
2024-03-11 15:00:00,1510.5,0,3,1615.5,1488.0,279.6372413635254,279.6372413635254,0.0,1230.8627586364746
2024-03-11 16:00:00,1201.5,0,3,1510.5,1615.5,178.52251052856445,178.52251052856445,0.0,1022.9774894714355
2024-03-11 17:00:00,1491.0,0,3,1201.5,1510.5,62.083396911621094,62.083396911621094,0.0,1428.916603088379
2024-03-11 18:00:00,1683.0,0,3,1491.0,1201.5,0.0,0.0,0.0,1683.0
2024-03-11 19:00:00,1957.5,0,3,1683.0,1491.0,0.0,0.0,0.0,1957.5
2024-03-11 20:00:00,1768.5,0,3,1957.5,1683.0,0.0,0.0,0.0,1768.5
2024-03-11 21:00:00,1870.5,0,3,1768.5,1957.5,0.0,0.0,0.0,1870.5
2024-03-11 22:00:00,1984.5,0,3,1870.5,1768.5,0.0,0.0,0.0,1984.5
2024-03-11 23:00:00,2043.0,0,3,1984.5,1870.5,0.0,0.0,0.0,2043.0
2024-03-12 00:00:00,2058.0,1,3,2043.0,1984.5,0.0,0.0,0.0,2058.0
2024-03-12 01:00:00,2049.0,1,3,2058.0,2043.0,0.0,0.0,0.0,2049.0
2024-03-12 02:00:00,2061.0,1,3,2049.0,2058.0,0.0,0.0,0.0,2061.0
2024-03-12 03:00:00,2031.0,1,3,2061.0,2049.0,0.0,0.0,0.0,2031.0
2024-03-12 04:00:00,2028.0,1,3,2031.0,2061.0,0.0,0.0,0.0,2028.0
2024-03-12 05:00:00,1912.5,1,3,2028.0,2031.0,0.0,0.0,0.0,1912.5
2024-03-12 06:00:00,1527.0,1,3,1912.5,2028.0,0.0,0.0,0.0,1527.0
2024-03-12 07:00:00,943.5,1,3,1527.0,1912.5,62.90200710296631,62.90200710296631,0.0,880.5979928970337
2024-03-12 08:00:00,633.0,1,3,943.5,1527.0,180.5526638031006,180.5526638031006,0.0,452.4473361968994
2024-03-12 09:00:00,72.0,1,3,633.0,943.5,279.9646854400635,72.0,207.96468544006348,0.0
2024-03-12 10:00:00,7.5,1,3,72.0,633.0,354.6874237060547,7.5,347.1874237060547,0.0
2024-03-12 11:00:00,10.5,1,3,7.5,72.0,399.08884048461914,10.5,388.58884048461914,0.0
2024-03-12 12:00:00,6.0,1,3,10.5,7.5,414.2495012283325,6.0,408.2495012283325,0.0
2024-03-12 13:00:00,15.0,1,3,6.0,10.5,403.9677572250366,15.0,388.9677572250366,0.0
2024-03-12 14:00:00,46.5,1,3,15.0,6.0,358.28930854797363,46.5,311.78930854797363,0.0
2024-03-12 15:00:00,70.5,1,3,46.5,15.0,280.22664070129395,70.5,209.72664070129395,0.0
2024-03-12 16:00:00,141.0,1,3,70.5,46.5,180.5526638031006,141.0,39.552663803100586,0.0
2024-03-12 17:00:00,291.0,1,3,141.0,70.5,62.21437454223633,62.21437454223633,0.0,228.78562545776367
2024-03-12 18:00:00,429.0,1,3,291.0,141.0,0.0,0.0,0.0,429.0
2024-03-12 19:00:00,438.0,1,3,429.0,291.0,0.0,0.0,0.0,438.0
2024-03-12 20:00:00,421.5,1,3,438.0,429.0,0.0,0.0,0.0,421.5
2024-03-12 21:00:00,399.0,1,3,421.5,438.0,0.0,0.0,0.0,399.0
2024-03-12 22:00:00,397.5,1,3,399.0,421.5,0.0,0.0,0.0,397.5
2024-03-12 23:00:00,406.5,1,3,397.5,399.0,0.0,0.0,0.0,406.5
2024-03-13 00:00:00,390.0,2,3,406.5,397.5,0.0,0.0,0.0,390.0
2024-03-13 01:00:00,390.0,2,3,390.0,406.5,0.0,0.0,0.0,390.0
2024-03-13 02:00:00,420.0,2,3,390.0,390.0,0.0,0.0,0.0,420.0
2024-03-13 03:00:00,406.5,2,3,420.0,390.0,0.0,0.0,0.0,406.5
2024-03-13 04:00:00,333.0,2,3,406.5,420.0,0.0,0.0,0.0,333.0
2024-03-13 05:00:00,253.5,2,3,333.0,406.5,0.0,0.0,0.0,253.5
2024-03-13 06:00:00,237.0,2,3,253.5,333.0,0.0,0.0,0.0,237.0
2024-03-13 07:00:00,48.0,2,3,237.0,253.5,53.471617698669434,48.0,5.471617698669434,0.0
2024-03-13 08:00:00,48.0,2,3,48.0,237.0,157.20590114593506,48.0,109.20590114593506,0.0
2024-03-13 09:00:00,73.5,2,3,48.0,48.0,250.23276329040527,73.5,176.73276329040527,0.0
2024-03-13 10:00:00,21.0,2,3,73.5,48.0,362.4151039123535,21.0,341.4151039123535,0.0
2024-03-13 11:00:00,45.0,2,3,21.0,73.5,407.0129871368408,45.0,362.0129871368408,0.0
2024-03-13 12:00:00,85.5,2,3,45.0,21.0,419.8815393447876,85.5,334.3815393447876,0.0
2024-03-13 13:00:00,229.5,2,3,85.5,45.0,399.05609607696533,229.5,169.55609607696533,0.0
2024-03-13 14:00:00,403.5,2,3,229.5,85.5,353.83606910705566,353.83606910705566,0.0,49.663930892944336
2024-03-13 15:00:00,114.0,2,3,403.5,229.5,279.80096340179443,114.0,165.80096340179443,0.0
2024-03-13 16:00:00,148.5,2,3,114.0,403.5,178.78446578979495,148.5,30.28446578979495,0.0
2024-03-13 17:00:00,379.5,2,3,148.5,114.0,61.363019943237305,61.363019943237305,0.0,318.1369800567627
2024-03-13 18:00:00,423.0,2,3,379.5,148.5,0.0,0.0,0.0,423.0
2024-03-13 19:00:00,432.0,2,3,423.0,379.5,0.0,0.0,0.0,432.0
2024-03-13 20:00:00,565.5,2,3,432.0,423.0,0.0,0.0,0.0,565.5
2024-03-13 21:00:00,1578.0,2,3,565.5,432.0,0.0,0.0,0.0,1578.0
2024-03-13 22:00:00,2367.0,2,3,1578.0,565.5,0.0,0.0,0.0,2367.0
2024-03-13 23:00:00,2655.0,2,3,2367.0,1578.0,0.0,0.0,0.0,2655.0
2024-03-14 00:00:00,2253.0,3,3,2655.0,2367.0,0.0,0.0,0.0,2253.0
2024-03-14 01:00:00,2067.0,3,3,2253.0,2655.0,0.0,0.0,0.0,2067.0
2024-03-14 02:00:00,2349.0,3,3,2067.0,2253.0,0.0,0.0,0.0,2349.0
2024-03-14 03:00:00,2787.0,3,3,2349.0,2067.0,0.0,0.0,0.0,2787.0
2024-03-14 04:00:00,2707.5,3,3,2787.0,2349.0,0.0,0.0,0.0,2707.5
2024-03-14 05:00:00,1555.5,3,3,2707.5,2787.0,0.0,0.0,0.0,1555.5
2024-03-14 06:00:00,1260.0,3,3,1555.5,2707.5,0.0,0.0,0.0,1260.0
2024-03-14 07:00:00,1606.5,3,3,1260.0,1555.5,70.8588981628418,70.8588981628418,0.0,1535.6411018371582
2024-03-14 08:00:00,2112.0,3,3,1606.5,1260.0,190.0812864303589,190.0812864303589,0.0,1921.918713569641
2024-03-14 09:00:00,2344.5,3,3,2112.0,1606.5,291.1960172653198,291.1960172653198,0.0,2053.30398273468
2024-03-14 10:00:00,2593.5,3,3,2344.5,2112.0,374.2358350753784,374.2358350753784,0.0,2219.2641649246216
2024-03-14 11:00:00,2493.0,3,3,2593.5,2344.5,415.95221042633057,415.95221042633057,0.0,2077.0477895736694
2024-03-14 12:00:00,2161.5,3,3,2493.0,2593.5,428.7225294113159,428.7225294113159,0.0,1732.777470588684
2024-03-14 13:00:00,2478.0,3,3,2161.5,2493.0,414.8389005661011,414.8389005661011,0.0,2063.161099433899
2024-03-14 14:00:00,2532.0,3,3,2478.0,2161.5,370.86316108703613,370.86316108703613,0.0,2161.136838912964
2024-03-14 15:00:00,3660.0,3,3,2532.0,2478.0,299.74230766296387,299.74230766296387,0.0,3360.257692337036
2024-03-14 16:00:00,3964.5,3,3,3660.0,2532.0,197.21956729888916,197.21956729888916,0.0,3767.280432701111
2024-03-14 17:00:00,4092.0,3,3,3964.5,3660.0,72.85630702972412,72.85630702972412,0.0,4019.143692970276
2024-03-14 18:00:00,4134.0,3,3,4092.0,3964.5,0.0,0.0,0.0,4134.0
2024-03-14 19:00:00,4492.5,3,3,4134.0,4092.0,0.0,0.0,0.0,4492.5
2024-03-14 20:00:00,4491.0,3,3,4492.5,4134.0,0.0,0.0,0.0,4491.0
2024-03-14 21:00:00,4360.5,3,3,4491.0,4492.5,0.0,0.0,0.0,4360.5
2024-03-14 22:00:00,4612.5,3,3,4360.5,4491.0,0.0,0.0,0.0,4612.5
2024-03-14 23:00:00,4629.0,3,3,4612.5,4360.5,0.0,0.0,0.0,4629.0
2024-03-15 00:00:00,4533.0,4,3,4629.0,4612.5,0.0,0.0,0.0,4533.0
2024-03-15 01:00:00,4275.0,4,3,4533.0,4629.0,0.0,0.0,0.0,4275.0
2024-03-15 02:00:00,3652.5,4,3,4275.0,4533.0,0.0,0.0,0.0,3652.5
2024-03-15 03:00:00,4524.0,4,3,3652.5,4275.0,0.0,0.0,0.0,4524.0
2024-03-15 04:00:00,4381.5,4,3,4524.0,3652.5,0.0,0.0,0.0,4381.5
2024-03-15 05:00:00,4440.0,4,3,4381.5,4524.0,0.0,0.0,0.0,4440.0
2024-03-15 06:00:00,4396.5,4,3,4440.0,4381.5,0.0,0.0,0.0,4396.5
2024-03-15 07:00:00,4090.5,4,3,4396.5,4440.0,79.83086585998535,79.83086585998535,0.0,4010.6691341400146
2024-03-15 08:00:00,3405.0,4,3,4090.5,4396.5,209.04029846191406,209.04029846191406,0.0,3195.959701538086
2024-03-15 09:00:00,2985.0,4,3,3405.0,4090.5,312.7418375015259,312.7418375015259,0.0,2672.258162498474
2024-03-15 10:00:00,3042.0,4,3,2985.0,3405.0,371.41981601715094,371.41981601715094,0.0,2670.580183982849
2024-03-15 11:00:00,2944.5,4,3,3042.0,2985.0,413.136191368103,413.136191368103,0.0,2531.363808631897
2024-03-15 12:00:00,3039.0,4,3,2944.5,3042.0,425.6445550918579,425.6445550918579,0.0,2613.355444908142
2024-03-15 13:00:00,2340.0,4,3,3039.0,2944.5,412.15385913848877,412.15385913848877,0.0,1927.8461408615112
2024-03-15 14:00:00,2490.0,4,3,2340.0,3039.0,368.6692857742309,368.6692857742309,0.0,2121.330714225769
2024-03-15 15:00:00,2901.0,4,3,2490.0,2340.0,294.9943685531616,294.9943685531616,0.0,2606.0056314468384
2024-03-15 16:00:00,2922.0,4,3,2901.0,2490.0,192.0786952972412,192.0786952972412,0.0,2729.921304702759
2024-03-15 17:00:00,3177.0,4,3,2922.0,2901.0,68.79600048065186,68.79600048065186,0.0,3108.203999519348
2024-03-15 18:00:00,3517.5,4,3,3177.0,2922.0,0.0,0.0,0.0,3517.5
2024-03-15 19:00:00,3927.0,4,3,3517.5,3177.0,0.0,0.0,0.0,3927.0
2024-03-15 20:00:00,4249.5,4,3,3927.0,3517.5,0.0,0.0,0.0,4249.5
2024-03-15 21:00:00,4419.0,4,3,4249.5,3927.0,0.0,0.0,0.0,4419.0
2024-03-15 22:00:00,4350.0,4,3,4419.0,4249.5,0.0,0.0,0.0,4350.0
2024-03-15 23:00:00,4467.0,4,3,4350.0,4419.0,0.0,0.0,0.0,4467.0
2024-03-16 00:00:00,4479.0,5,3,4467.0,4350.0,0.0,0.0,0.0,4479.0
2024-03-16 01:00:00,4344.0,5,3,4479.0,4467.0,0.0,0.0,0.0,4344.0
2024-03-16 02:00:00,4351.5,5,3,4344.0,4479.0,0.0,0.0,0.0,4351.5
2024-03-16 03:00:00,4299.0,5,3,4351.5,4344.0,0.0,0.0,0.0,4299.0
2024-03-16 04:00:00,4504.5,5,3,4299.0,4351.5,0.0,0.0,0.0,4504.5
2024-03-16 05:00:00,3373.5,5,3,4504.5,4299.0,0.0,0.0,0.0,3373.5
2024-03-16 06:00:00,3808.5,5,3,3373.5,4504.5,0.0,0.0,0.0,3808.5
2024-03-16 07:00:00,3681.0,5,3,3808.5,3373.5,76.52368068695068,76.52368068695068,0.0,3604.4763193130493
2024-03-16 08:00:00,3130.5,5,3,3681.0,3808.5,203.31002712249756,203.31002712249756,0.0,2927.1899728775024
2024-03-16 09:00:00,3595.5,5,3,3130.5,3681.0,306.16021156311035,306.16021156311035,0.0,3289.3397884368896
2024-03-16 10:00:00,2922.0,5,3,3595.5,3130.5,368.99672985076904,368.99672985076904,0.0,2553.003270149231
2024-03-16 11:00:00,2659.5,5,3,2922.0,3595.5,408.19178581237793,408.19178581237793,0.0,2251.308214187622
2024-03-16 12:00:00,2586.0,5,3,2659.5,2922.0,419.5540952682495,419.5540952682495,0.0,2166.4459047317505
2024-03-16 13:00:00,2827.5,5,3,2586.0,2659.5,393.2275915145874,393.2275915145874,0.0,2434.2724084854126
2024-03-16 14:00:00,3967.5,5,3,2827.5,2586.0,350.36516189575195,350.36516189575195,0.0,3617.134838104248
2024-03-16 15:00:00,3747.0,5,3,3967.5,2827.5,277.0831775665283,277.0831775665283,0.0,3469.9168224334717
2024-03-16 16:00:00,4212.0,5,3,3747.0,3967.5,175.87021350860596,175.87021350860596,0.0,4036.129786491394
2024-03-16 17:00:00,4339.5,5,3,4212.0,3747.0,61.06832027435303,61.06832027435303,0.0,4278.431679725647
2024-03-16 18:00:00,4453.5,5,3,4339.5,4212.0,0.0,0.0,0.0,4453.5
2024-03-16 19:00:00,4686.0,5,3,4453.5,4339.5,0.0,0.0,0.0,4686.0
2024-03-16 20:00:00,4677.0,5,3,4686.0,4453.5,0.0,0.0,0.0,4677.0
2024-03-16 21:00:00,4440.0,5,3,4677.0,4686.0,0.0,0.0,0.0,4440.0
2024-03-16 22:00:00,4623.0,5,3,4440.0,4677.0,0.0,0.0,0.0,4623.0
2024-03-16 23:00:00,4104.0,5,3,4623.0,4440.0,0.0,0.0,0.0,4104.0
2024-03-17 00:00:00,4492.5,6,3,4104.0,4623.0,0.0,0.0,0.0,4492.5
2024-03-17 01:00:00,4669.5,6,3,4492.5,4104.0,0.0,0.0,0.0,4669.5
2024-03-17 02:00:00,4531.5,6,3,4669.5,4492.5,0.0,0.0,0.0,4531.5
2024-03-17 03:00:00,4182.0,6,3,4531.5,4669.5,0.0,0.0,0.0,4182.0
2024-03-17 04:00:00,4503.0,6,3,4182.0,4531.5,0.0,0.0,0.0,4503.0
2024-03-17 05:00:00,4207.5,6,3,4503.0,4182.0,0.0,0.0,0.0,4207.5
2024-03-17 06:00:00,4495.5,6,3,4207.5,4503.0,0.0,0.0,0.0,4495.5
2024-03-17 07:00:00,2307.0,6,3,4495.5,4207.5,72.16867446899414,72.16867446899414,0.0,2234.831325531006
2024-03-17 08:00:00,3031.5,6,3,2307.0,4495.5,191.260085105896,191.260085105896,0.0,2840.239914894104
2024-03-17 09:00:00,2908.5,6,3,3031.5,2307.0,289.5915412902832,289.5915412902832,0.0,2618.908458709717
2024-03-17 10:00:00,2407.5,6,3,2908.5,3031.5,357.5361871719361,357.5361871719361,0.0,2049.963812828064
2024-03-17 11:00:00,1918.5,6,3,2407.5,2908.5,395.9781217575073,395.9781217575073,0.0,1522.5218782424927
2024-03-17 12:00:00,2265.0,6,3,1918.5,2407.5,410.4184055328369,410.4184055328369,0.0,1854.581594467163
2024-03-17 13:00:00,2487.0,6,3,2265.0,1918.5,376.3969659805298,376.3969659805298,0.0,2110.60303401947
2024-03-17 14:00:00,2920.5,6,3,2487.0,2265.0,336.41604423522955,336.41604423522955,0.0,2584.0839557647705
2024-03-17 15:00:00,3199.5,6,3,2920.5,2487.0,263.82169246673584,263.82169246673584,0.0,2935.678307533264
2024-03-17 16:00:00,4131.0,6,3,3199.5,2920.5,170.10719776153562,170.10719776153562,0.0,3960.8928022384644
2024-03-17 17:00:00,4372.5,6,3,4131.0,3199.5,56.909780502319336,56.909780502319336,0.0,4315.590219497681
2024-03-17 18:00:00,4560.0,6,3,4372.5,4131.0,0.0,0.0,0.0,4560.0
2024-03-17 19:00:00,4234.5,6,3,4560.0,4372.5,0.0,0.0,0.0,4234.5
2024-03-17 20:00:00,3934.5,6,3,4234.5,4560.0,0.0,0.0,0.0,3934.5
2024-03-17 21:00:00,4401.0,6,3,3934.5,4234.5,0.0,0.0,0.0,4401.0
2024-03-17 22:00:00,4495.5,6,3,4401.0,3934.5,0.0,0.0,0.0,4495.5
2024-03-17 23:00:00,4419.0,6,3,4495.5,4401.0,0.0,0.0,0.0,4419.0
2024-03-18 00:00:00,4317.0,0,3,4419.0,4495.5,0.0,0.0,0.0,4317.0
2024-03-18 01:00:00,4069.5,0,3,4317.0,4419.0,0.0,0.0,0.0,4069.5
2024-03-18 02:00:00,2602.5,0,3,4069.5,4317.0,0.0,0.0,0.0,2602.5
2024-03-18 03:00:00,2383.5,0,3,2602.5,4069.5,0.0,0.0,0.0,2383.5
2024-03-18 04:00:00,2502.0,0,3,2383.5,2602.5,0.0,0.0,0.0,2502.0
2024-03-18 05:00:00,2548.5,0,3,2502.0,2383.5,0.0,0.0,0.0,2548.5
2024-03-18 06:00:00,2739.0,0,3,2548.5,2502.0,0.0,0.0,0.0,2739.0
2024-03-18 07:00:00,2124.0,0,3,2739.0,2548.5,62.44358539581299,62.44358539581299,0.0,2061.556414604187
2024-03-18 08:00:00,1375.5,0,3,2124.0,2739.0,174.00378227233887,174.00378227233887,0.0,1201.4962177276611
2024-03-18 09:00:00,1128.0,0,3,1375.5,2124.0,268.8970756530762,268.8970756530762,0.0,859.1029243469238
2024-03-18 10:00:00,1023.0,0,3,1128.0,1375.5,341.19672775268555,341.19672775268555,0.0,681.8032722473145
2024-03-18 11:00:00,1024.5,0,3,1023.0,1128.0,378.65633010864263,378.65633010864263,0.0,645.8436698913574
2024-03-18 12:00:00,1357.5,0,3,1024.5,1023.0,394.4063901901245,394.4063901901245,0.0,963.0936098098755
2024-03-18 13:00:00,1090.5,0,3,1357.5,1024.5,375.8730554580688,375.8730554580688,0.0,714.6269445419312
2024-03-18 14:00:00,963.0,0,3,1090.5,1357.5,335.2372455596924,335.2372455596924,0.0,627.7627544403076
2024-03-18 15:00:00,898.5,0,3,963.0,1090.5,262.4791717529297,262.4791717529297,0.0,636.0208282470703
2024-03-18 16:00:00,1189.5,0,3,898.5,963.0,166.21061325073245,166.21061325073245,0.0,1023.2893867492676
2024-03-18 17:00:00,1710.0,0,3,1189.5,898.5,54.42120552062988,54.42120552062988,0.0,1655.5787944793701
2024-03-18 18:00:00,1911.0,0,3,1710.0,1189.5,0.0,0.0,0.0,1911.0
2024-03-18 19:00:00,2031.0,0,3,1911.0,1710.0,0.0,0.0,0.0,2031.0
2024-03-18 20:00:00,2059.5,0,3,2031.0,1911.0,0.0,0.0,0.0,2059.5
2024-03-18 21:00:00,2208.0,0,3,2059.5,2031.0,0.0,0.0,0.0,2208.0
2024-03-18 22:00:00,2311.5,0,3,2208.0,2059.5,0.0,0.0,0.0,2311.5
2024-03-18 23:00:00,2157.0,0,3,2311.5,2208.0,0.0,0.0,0.0,2157.0
2024-03-19 00:00:00,1860.0,1,3,2157.0,2311.5,0.0,0.0,0.0,1860.0
2024-03-19 01:00:00,1737.0,1,3,1860.0,2157.0,0.0,0.0,0.0,1737.0
2024-03-19 02:00:00,1560.0,1,3,1737.0,1860.0,0.0,0.0,0.0,1560.0
2024-03-19 03:00:00,1500.0,1,3,1560.0,1737.0,0.0,0.0,0.0,1500.0
2024-03-19 04:00:00,1330.5,1,3,1500.0,1560.0,0.0,0.0,0.0,1330.5
2024-03-19 05:00:00,1065.0,1,3,1330.5,1500.0,0.0,0.0,0.0,1065.0
2024-03-19 06:00:00,1449.0,1,3,1065.0,1330.5,0.0,0.0,0.0,1449.0
2024-03-19 07:00:00,811.5,1,3,1449.0,1065.0,67.4207353591919,67.4207353591919,0.0,744.0792646408081
2024-03-19 08:00:00,214.5,1,3,811.5,1449.0,181.86244010925293,181.86244010925293,0.0,32.63755989074707
2024-03-19 09:00:00,22.5,1,3,214.5,811.5,278.163743019104,22.5,255.663743019104,0.0
2024-03-19 10:00:00,19.5,1,3,22.5,214.5,337.13642120361334,19.5,317.63642120361334,0.0
2024-03-19 11:00:00,15.0,1,3,19.5,22.5,381.4068603515625,15.0,366.4068603515625,0.0
2024-03-19 12:00:00,1.5,1,3,15.0,19.5,397.4843645095825,1.5,395.9843645095825,0.0
2024-03-19 13:00:00,18.0,1,3,1.5,15.0,385.40167808532715,18.0,367.40167808532715,0.0
2024-03-19 14:00:00,211.5,1,3,18.0,1.5,340.8692836761474,211.5,129.3692836761474,0.0
2024-03-19 15:00:00,523.5,1,3,211.5,18.0,265.81910133361816,265.81910133361816,0.0,257.68089866638184
2024-03-19 16:00:00,358.5,1,3,523.5,211.5,167.2584342956543,167.2584342956543,0.0,191.2415657043457
2024-03-19 17:00:00,276.0,1,3,358.5,523.5,54.25748348236084,54.25748348236084,0.0,221.74251651763916
2024-03-19 18:00:00,297.0,1,3,276.0,358.5,0.0,0.0,0.0,297.0
2024-03-19 19:00:00,297.0,1,3,297.0,276.0,0.0,0.0,0.0,297.0
2024-03-19 20:00:00,292.5,1,3,297.0,297.0,0.0,0.0,0.0,292.5
2024-03-19 21:00:00,621.0,1,3,292.5,297.0,0.0,0.0,0.0,621.0
2024-03-19 22:00:00,742.5,1,3,621.0,292.5,0.0,0.0,0.0,742.5
2024-03-19 23:00:00,478.5,1,3,742.5,621.0,0.0,0.0,0.0,478.5
2024-03-20 00:00:00,330.0,2,3,478.5,742.5,0.0,0.0,0.0,330.0
2024-03-20 01:00:00,636.0,2,3,330.0,478.5,0.0,0.0,0.0,636.0
2024-03-20 02:00:00,757.5,2,3,636.0,330.0,0.0,0.0,0.0,757.5
2024-03-20 03:00:00,709.5,2,3,757.5,636.0,0.0,0.0,0.0,709.5
2024-03-20 04:00:00,322.5,2,3,709.5,757.5,0.0,0.0,0.0,322.5
2024-03-20 05:00:00,285.0,2,3,322.5,709.5,0.0,0.0,0.0,285.0
2024-03-20 06:00:00,292.5,2,3,285.0,322.5,0.0,0.0,0.0,292.5
2024-03-20 07:00:00,153.0,2,3,292.5,285.0,61.03557586669922,61.03557586669922,0.0,91.96442413330078
2024-03-20 08:00:00,48.0,2,3,153.0,292.5,172.8577280044556,48.0,124.8577280044556,0.0
2024-03-20 09:00:00,99.0,2,3,48.0,153.0,269.58470821380615,99.0,170.58470821380615,0.0
2024-03-20 10:00:00,39.0,2,3,99.0,48.0,334.8770570755005,39.0,295.8770570755005,0.0
2024-03-20 11:00:00,18.0,2,3,39.0,99.0,379.18024063110346,18.0,361.18024063110346,0.0
2024-03-20 12:00:00,12.0,2,3,18.0,39.0,393.81699085235596,12.0,381.81699085235596,0.0
2024-03-20 13:00:00,16.5,2,3,12.0,18.0,374.0066242218018,16.5,357.5066242218018,0.0
2024-03-20 14:00:00,12.0,2,3,16.5,12.0,329.9326515197754,12.0,317.9326515197754,0.0
2024-03-20 15:00:00,12.0,2,3,12.0,16.5,236.02169036865234,12.0,224.02169036865234,0.0
2024-03-20 16:00:00,52.5,2,3,12.0,12.0,157.3696231842041,52.5,104.8696231842041,0.0
2024-03-20 17:00:00,171.0,2,3,52.5,12.0,49.247589111328125,49.247589111328125,0.0,121.75241088867188
2024-03-20 18:00:00,273.0,2,3,171.0,52.5,0.0,0.0,0.0,273.0
2024-03-20 19:00:00,279.0,2,3,273.0,171.0,0.0,0.0,0.0,279.0
2024-03-20 20:00:00,283.5,2,3,279.0,273.0,0.0,0.0,0.0,283.5
2024-03-20 21:00:00,744.0,2,3,283.5,279.0,0.0,0.0,0.0,744.0
2024-03-20 22:00:00,772.5,2,3,744.0,283.5,0.0,0.0,0.0,772.5
2024-03-20 23:00:00,535.5,2,3,772.5,744.0,0.0,0.0,0.0,535.5
2024-03-21 00:00:00,316.5,3,3,535.5,772.5,0.0,0.0,0.0,316.5
2024-03-21 01:00:00,664.5,3,3,316.5,535.5,0.0,0.0,0.0,664.5
2024-03-21 02:00:00,748.5,3,3,664.5,316.5,0.0,0.0,0.0,748.5
2024-03-21 03:00:00,543.0,3,3,748.5,664.5,0.0,0.0,0.0,543.0
2024-03-21 04:00:00,316.5,3,3,543.0,748.5,0.0,0.0,0.0,316.5
2024-03-21 05:00:00,600.0,3,3,316.5,543.0,0.0,0.0,0.0,600.0
2024-03-21 06:00:00,399.0,3,3,600.0,316.5,0.0,0.0,0.0,399.0
2024-03-21 07:00:00,265.5,3,3,399.0,600.0,59.463844299316406,59.463844299316406,0.0,206.0361557006836
2024-03-21 08:00:00,85.5,3,3,265.5,399.0,170.53287506103518,85.5,85.03287506103518,0.0
2024-03-21 09:00:00,31.5,3,3,85.5,265.5,267.8492546081543,31.5,236.3492546081543,0.0
2024-03-21 10:00:00,7.5,3,3,31.5,85.5,352.8864812850953,7.5,345.3864812850953,0.0
2024-03-21 11:00:00,4.5,3,3,7.5,31.5,396.6330099105835,4.5,392.1330099105835,0.0
2024-03-21 12:00:00,0.0,3,3,4.5,7.5,411.30250453948975,0.0,411.30250453948975,0.0
2024-03-21 13:00:00,10.5,3,3,0.0,4.5,373.61369132995605,10.5,363.11369132995605,0.0
2024-03-21 14:00:00,6.0,3,3,10.5,0.0,353.08294773101807,6.0,347.08294773101807,0.0
2024-03-21 15:00:00,30.0,3,3,6.0,10.5,273.9397144317627,30.0,243.9397144317627,0.0
2024-03-21 16:00:00,69.0,3,3,30.0,6.0,169.8452425003052,69.0,100.8452425003052,0.0
2024-03-21 17:00:00,228.0,3,3,69.0,30.0,55.6327486038208,55.6327486038208,0.0,172.3672513961792
2024-03-21 18:00:00,322.5,3,3,228.0,69.0,0.0,0.0,0.0,322.5
2024-03-21 19:00:00,328.5,3,3,322.5,228.0,0.0,0.0,0.0,328.5
2024-03-21 20:00:00,322.5,3,3,328.5,322.5,0.0,0.0,0.0,322.5
2024-03-21 21:00:00,730.5,3,3,322.5,328.5,0.0,0.0,0.0,730.5
2024-03-21 22:00:00,783.0,3,3,730.5,322.5,0.0,0.0,0.0,783.0
2024-03-21 23:00:00,666.0,3,3,783.0,730.5,0.0,0.0,0.0,666.0
2024-03-22 00:00:00,345.0,4,3,666.0,783.0,0.0,0.0,0.0,345.0
2024-03-22 01:00:00,681.0,4,3,345.0,666.0,0.0,0.0,0.0,681.0
2024-03-22 02:00:00,645.0,4,3,681.0,345.0,0.0,0.0,0.0,645.0
2024-03-22 03:00:00,654.0,4,3,645.0,681.0,0.0,0.0,0.0,654.0
2024-03-22 04:00:00,330.0,4,3,654.0,645.0,0.0,0.0,0.0,330.0
2024-03-22 05:00:00,753.0,4,3,330.0,654.0,0.0,0.0,0.0,753.0
2024-03-22 06:00:00,337.5,4,3,753.0,330.0,0.0,0.0,0.0,337.5
2024-03-22 07:00:00,127.5,4,3,337.5,753.0,69.3526554107666,69.3526554107666,0.0,58.1473445892334
2024-03-22 08:00:00,6.0,4,3,127.5,337.5,186.38116836547854,6.0,180.38116836547854,0.0
2024-03-22 09:00:00,1.5,4,3,6.0,127.5,285.62946796417236,1.5,284.12946796417236,0.0
2024-03-22 10:00:00,4.5,4,3,1.5,6.0,362.4151039123535,4.5,357.9151039123535,0.0
2024-03-22 11:00:00,0.0,4,3,4.5,1.5,407.89708614349365,0.0,407.89708614349365,0.0
2024-03-22 12:00:00,0.0,4,3,0.0,4.5,423.48342418670654,0.0,423.48342418670654,0.0
2024-03-22 13:00:00,9.0,4,3,0.0,0.0,391.49213790893555,9.0,382.49213790893555,0.0
2024-03-22 14:00:00,7.5,4,3,9.0,0.0,295.84572315216064,7.5,288.34572315216064,0.0
2024-03-22 15:00:00,31.5,4,3,7.5,9.0,190.37598609924316,31.5,158.87598609924316,0.0
2024-03-22 16:00:00,132.0,4,3,31.5,7.5,93.09235095977783,93.09235095977783,0.0,38.90764904022217
2024-03-22 17:00:00,222.0,4,3,132.0,31.5,3.5691404342651367,3.5691404342651367,0.0,218.43085956573486
2024-03-22 18:00:00,321.0,4,3,222.0,132.0,0.0,0.0,0.0,321.0
2024-03-22 19:00:00,343.5,4,3,321.0,222.0,0.0,0.0,0.0,343.5
2024-03-22 20:00:00,577.5,4,3,343.5,321.0,0.0,0.0,0.0,577.5
2024-03-22 21:00:00,1660.5,4,3,577.5,343.5,0.0,0.0,0.0,1660.5
2024-03-22 22:00:00,2169.0,4,3,1660.5,577.5,0.0,0.0,0.0,2169.0
2024-03-22 23:00:00,2020.5,4,3,2169.0,1660.5,0.0,0.0,0.0,2020.5
2024-03-23 00:00:00,1857.0,5,3,2020.5,2169.0,0.0,0.0,0.0,1857.0
2024-03-23 01:00:00,2217.0,5,3,1857.0,2020.5,0.0,0.0,0.0,2217.0
2024-03-23 02:00:00,1824.0,5,3,2217.0,1857.0,0.0,0.0,0.0,1824.0
2024-03-23 03:00:00,1372.5,5,3,1824.0,2217.0,0.0,0.0,0.0,1372.5
2024-03-23 04:00:00,1783.5,5,3,1372.5,1824.0,0.0,0.0,0.0,1783.5
2024-03-23 05:00:00,1554.0,5,3,1783.5,1372.5,0.0,0.0,0.0,1554.0
2024-03-23 06:00:00,1177.5,5,3,1554.0,1783.5,0.0,0.0,0.0,1177.5
2024-03-23 07:00:00,1174.5,5,3,1177.5,1554.0,63.196706771850586,63.196706771850586,0.0,1111.3032932281494
2024-03-23 08:00:00,1041.0,5,3,1174.5,1177.5,172.9887056350708,172.9887056350708,0.0,868.0112943649292
2024-03-23 09:00:00,955.5,5,3,1041.0,1174.5,270.5342960357666,270.5342960357666,0.0,684.9657039642334
2024-03-23 10:00:00,646.5,5,3,955.5,1041.0,350.4633951187134,350.4633951187134,0.0,296.0366048812866
2024-03-23 11:00:00,700.5,5,3,646.5,955.5,394.7010898590088,394.7010898590088,0.0,305.7989101409912
2024-03-23 12:00:00,724.5,5,3,700.5,646.5,406.75103187561035,406.75103187561035,0.0,317.74896812438965
2024-03-23 13:00:00,750.0,5,3,724.5,700.5,294.9616241455078,294.9616241455078,0.0,455.0383758544922
2024-03-23 14:00:00,987.0,5,3,750.0,724.5,200.4285192489624,200.4285192489624,0.0,786.5714807510376
2024-03-23 15:00:00,1125.0,5,3,987.0,750.0,16.73239231109619,16.73239231109619,0.0,1108.2676076889038
2024-03-23 16:00:00,1528.5,5,3,1125.0,987.0,161.75737380981445,161.75737380981445,0.0,1366.7426261901855
2024-03-23 17:00:00,1669.5,5,3,1528.5,1125.0,43.0588960647583,43.0588960647583,0.0,1626.4411039352417
2024-03-23 18:00:00,1747.5,5,3,1669.5,1528.5,0.0,0.0,0.0,1747.5
2024-03-23 19:00:00,2074.5,5,3,1747.5,1669.5,0.0,0.0,0.0,2074.5
2024-03-23 20:00:00,2185.5,5,3,2074.5,1747.5,0.0,0.0,0.0,2185.5
2024-03-23 21:00:00,2362.5,5,3,2185.5,2074.5,0.0,0.0,0.0,2362.5
2024-03-23 22:00:00,2421.0,5,3,2362.5,2185.5,0.0,0.0,0.0,2421.0
2024-03-23 23:00:00,2154.0,5,3,2421.0,2362.5,0.0,0.0,0.0,2154.0
2024-03-24 00:00:00,2118.0,6,3,2154.0,2421.0,0.0,0.0,0.0,2118.0
2024-03-24 01:00:00,2398.5,6,3,2118.0,2154.0,0.0,0.0,0.0,2398.5
2024-03-24 02:00:00,2329.5,6,3,2398.5,2118.0,0.0,0.0,0.0,2329.5
2024-03-24 03:00:00,1878.0,6,3,2329.5,2398.5,0.0,0.0,0.0,1878.0
2024-03-24 04:00:00,1824.0,6,3,1878.0,2329.5,0.0,0.0,0.0,1824.0
2024-03-24 05:00:00,2248.5,6,3,1824.0,1878.0,0.0,0.0,0.0,2248.5
2024-03-24 06:00:00,1840.5,6,3,2248.5,1824.0,0.0,0.0,0.0,1840.5
2024-03-24 07:00:00,1768.5,6,3,1840.5,2248.5,79.01225566864014,79.01225566864014,0.0,1689.4877443313599
2024-03-24 08:00:00,1386.0,6,3,1768.5,1840.5,199.74088668823242,199.74088668823242,0.0,1186.2591133117676
2024-03-24 09:00:00,1185.0,6,3,1386.0,1768.5,302.8202819824219,302.8202819824219,0.0,882.1797180175781
2024-03-24 10:00:00,807.0,6,3,1185.0,1386.0,376.26598834991455,376.26598834991455,0.0,430.73401165008545
2024-03-24 11:00:00,732.0,6,3,807.0,1185.0,420.6019163131714,420.6019163131714,0.0,311.3980836868286
2024-03-24 12:00:00,645.0,6,3,732.0,807.0,432.5536251068115,432.5536251068115,0.0,212.44637489318848
2024-03-24 13:00:00,1072.5,6,3,645.0,732.0,397.058687210083,397.058687210083,0.0,675.441312789917
2024-03-24 14:00:00,1035.0,6,3,1072.5,645.0,198.36562156677246,198.36562156677246,0.0,836.6343784332275
2024-03-24 15:00:00,1855.5,6,3,1035.0,1072.5,270.468807220459,270.468807220459,0.0,1585.031192779541
2024-03-24 16:00:00,2365.5,6,3,1855.5,1035.0,171.51520729064944,171.51520729064944,0.0,2193.9847927093506
2024-03-24 17:00:00,2368.5,6,3,2365.5,1855.5,56.3858699798584,56.3858699798584,0.0,2312.1141300201416
2024-03-24 18:00:00,2161.5,6,3,2368.5,2365.5,0.0,0.0,0.0,2161.5
2024-03-24 19:00:00,2010.0,6,3,2161.5,2368.5,0.0,0.0,0.0,2010.0
2024-03-24 20:00:00,2506.5,6,3,2010.0,2161.5,0.0,0.0,0.0,2506.5
2024-03-24 21:00:00,2365.5,6,3,2506.5,2010.0,0.0,0.0,0.0,2365.5
2024-03-24 22:00:00,2287.5,6,3,2365.5,2506.5,0.0,0.0,0.0,2287.5
2024-03-24 23:00:00,2166.0,6,3,2287.5,2365.5,0.0,0.0,0.0,2166.0
2024-03-25 00:00:00,2202.0,0,3,2166.0,2287.5,0.0,0.0,0.0,2202.0
2024-03-25 01:00:00,2475.0,0,3,2202.0,2166.0,0.0,0.0,0.0,2475.0
2024-03-25 02:00:00,2406.0,0,3,2475.0,2202.0,0.0,0.0,0.0,2406.0
2024-03-25 03:00:00,2196.0,0,3,2406.0,2475.0,0.0,0.0,0.0,2196.0
2024-03-25 04:00:00,1840.5,0,3,2196.0,2406.0,0.0,0.0,0.0,1840.5
2024-03-25 05:00:00,2098.5,0,3,1840.5,2196.0,0.0,0.0,0.0,2098.5
2024-03-25 06:00:00,1317.0,0,3,2098.5,1840.5,0.0,0.0,0.0,1317.0
2024-03-25 07:00:00,463.5,0,3,1317.0,2098.5,47.67585754394531,47.67585754394531,0.0,415.8241424560547
2024-03-25 08:00:00,369.0,0,3,463.5,1317.0,199.11874294281006,199.11874294281006,0.0,169.88125705718994
2024-03-25 09:00:00,951.0,0,3,369.0,463.5,303.18047046661377,303.18047046661377,0.0,647.8195295333862
2024-03-25 10:00:00,727.5,0,3,951.0,369.0,370.0772953033448,370.0772953033448,0.0,357.4227046966552
2024-03-25 11:00:00,1126.5,0,3,727.5,951.0,415.85397720336914,415.85397720336914,0.0,710.6460227966309
2024-03-25 12:00:00,1135.5,0,3,1126.5,727.5,429.18095111846924,429.18095111846924,0.0,706.3190488815308
2024-03-25 13:00:00,1125.0,0,3,1135.5,1126.5,396.9277095794678,396.9277095794678,0.0,728.0722904205322
2024-03-25 14:00:00,1156.5,0,3,1125.0,1135.5,345.060567855835,345.060567855835,0.0,811.439432144165
2024-03-25 15:00:00,1716.0,0,3,1156.5,1125.0,269.97764110565186,269.97764110565186,0.0,1446.0223588943481
2024-03-25 16:00:00,1774.5,0,3,1716.0,1156.5,167.38941192626953,167.38941192626953,0.0,1607.1105880737305
2024-03-25 17:00:00,1966.5,0,3,1774.5,1716.0,49.77149963378906,49.77149963378906,0.0,1916.728500366211
2024-03-25 18:00:00,2013.0,0,3,1966.5,1774.5,0.0,0.0,0.0,2013.0
2024-03-25 19:00:00,1992.0,0,3,2013.0,1966.5,0.0,0.0,0.0,1992.0
2024-03-25 20:00:00,1969.5,0,3,1992.0,2013.0,0.0,0.0,0.0,1969.5
2024-03-25 21:00:00,2352.0,0,3,1969.5,1992.0,0.0,0.0,0.0,2352.0
2024-03-25 22:00:00,2347.5,0,3,2352.0,1969.5,0.0,0.0,0.0,2347.5
2024-03-25 23:00:00,2335.5,0,3,2347.5,2352.0,0.0,0.0,0.0,2335.5
2024-03-26 00:00:00,2154.0,1,3,2335.5,2347.5,0.0,0.0,0.0,2154.0
2024-03-26 01:00:00,2430.0,1,3,2154.0,2335.5,0.0,0.0,0.0,2430.0
2024-03-26 02:00:00,2517.0,1,3,2430.0,2154.0,0.0,0.0,0.0,2517.0
2024-03-26 03:00:00,2377.5,1,3,2517.0,2430.0,0.0,0.0,0.0,2377.5
2024-03-26 04:00:00,2179.5,1,3,2377.5,2517.0,0.0,0.0,0.0,2179.5
2024-03-26 05:00:00,1821.0,1,3,2179.5,2377.5,0.0,0.0,0.0,1821.0
2024-03-26 06:00:00,1821.0,1,3,1821.0,2179.5,0.0,0.0,0.0,1821.0
2024-03-26 07:00:00,1735.5,1,3,1821.0,1821.0,84.31684970855713,84.31684970855713,0.0,1651.1831502914429
2024-03-26 08:00:00,1431.0,1,3,1735.5,1821.0,208.0907106399536,208.0907106399536,0.0,1222.9092893600464
2024-03-26 09:00:00,1230.0,1,3,1431.0,1735.5,310.8099174499512,310.8099174499512,0.0,919.1900825500488
2024-03-26 10:00:00,1311.0,1,3,1230.0,1431.0,390.6080389022827,390.6080389022827,0.0,920.3919610977173
2024-03-26 11:00:00,1428.0,1,3,1311.0,1230.0,381.4068603515625,381.4068603515625,0.0,1046.5931396484375
2024-03-26 12:00:00,1548.0,1,3,1428.0,1311.0,449.02406215667725,449.02406215667725,0.0,1098.9759378433228
2024-03-26 13:00:00,1858.5,1,3,1548.0,1428.0,308.87799739837646,308.87799739837646,0.0,1549.6220026016235
2024-03-26 14:00:00,1677.0,1,3,1858.5,1548.0,294.8306465148926,294.8306465148926,0.0,1382.1693534851074
2024-03-26 15:00:00,1683.0,1,3,1677.0,1858.5,282.48600482940674,282.48600482940674,0.0,1400.5139951705933
2024-03-26 16:00:00,1543.5,1,3,1683.0,1677.0,180.9455966949463,180.9455966949463,0.0,1362.5544033050537
2024-03-26 17:00:00,1963.5,1,3,1543.5,1683.0,63.98257255554199,63.98257255554199,0.0,1899.517427444458
2024-03-26 18:00:00,1980.0,1,3,1963.5,1543.5,0.0,0.0,0.0,1980.0
2024-03-26 19:00:00,1978.5,1,3,1980.0,1963.5,0.0,0.0,0.0,1978.5
2024-03-26 20:00:00,2059.5,1,3,1978.5,1980.0,0.0,0.0,0.0,2059.5
2024-03-26 21:00:00,2025.0,1,3,2059.5,1978.5,0.0,0.0,0.0,2025.0
2024-03-26 22:00:00,1728.0,1,3,2025.0,2059.5,0.0,0.0,0.0,1728.0
2024-03-26 23:00:00,1401.0,1,3,1728.0,2025.0,0.0,0.0,0.0,1401.0
2024-03-27 00:00:00,1617.0,2,3,1401.0,1728.0,0.0,0.0,0.0,1617.0
2024-03-27 01:00:00,2017.5,2,3,1617.0,1401.0,0.0,0.0,0.0,2017.5
2024-03-27 02:00:00,1873.5,2,3,2017.5,1617.0,0.0,0.0,0.0,1873.5
2024-03-27 03:00:00,1941.0,2,3,1873.5,2017.5,0.0,0.0,0.0,1941.0
2024-03-27 04:00:00,2034.0,2,3,1941.0,1873.5,0.0,0.0,0.0,2034.0
2024-03-27 05:00:00,1968.0,2,3,2034.0,1941.0,0.0,0.0,0.0,1968.0
2024-03-27 06:00:00,1993.5,2,3,1968.0,2034.0,0.0,0.0,0.0,1993.5
2024-03-27 07:00:00,1617.0,2,3,1993.5,1968.0,81.63180828094482,81.63180828094482,0.0,1535.3681917190552
2024-03-27 08:00:00,1429.5,2,3,1617.0,1993.5,202.19671726226807,202.19671726226807,0.0,1227.303282737732
2024-03-27 09:00:00,1306.5,2,3,1429.5,1617.0,159.5962429046631,159.5962429046631,0.0,1146.903757095337
2024-03-27 10:00:00,1348.5,2,3,1306.5,1429.5,307.4044990539551,307.4044990539551,0.0,1041.095500946045
2024-03-27 11:00:00,1026.0,2,3,1348.5,1306.5,323.74395847320557,323.74395847320557,0.0,702.2560415267944
2024-03-27 12:00:00,937.5,2,3,1026.0,1348.5,342.17905998229975,342.17905998229975,0.0,595.3209400177002
2024-03-27 13:00:00,1092.0,2,3,937.5,1026.0,385.3034448623657,385.3034448623657,0.0,706.6965551376343
2024-03-27 14:00:00,1177.5,2,3,1092.0,937.5,338.60991954803467,338.60991954803467,0.0,838.8900804519653
2024-03-27 15:00:00,1345.5,2,3,1177.5,1092.0,262.8721046447754,262.8721046447754,0.0,1082.6278953552246
2024-03-27 16:00:00,1587.0,2,3,1345.5,1177.5,164.73711490631104,164.73711490631104,0.0,1422.262885093689
2024-03-27 17:00:00,1596.0,2,3,1587.0,1345.5,54.355716705322266,54.355716705322266,0.0,1541.6442832946777
2024-03-27 18:00:00,1903.5,2,3,1596.0,1587.0,0.0,0.0,0.0,1903.5
2024-03-27 19:00:00,2083.5,2,3,1903.5,1596.0,0.0,0.0,0.0,2083.5
2024-03-27 20:00:00,2091.0,2,3,2083.5,1903.5,0.0,0.0,0.0,2091.0
2024-03-27 21:00:00,2121.0,2,3,2091.0,2083.5,0.0,0.0,0.0,2121.0
2024-03-27 22:00:00,2026.5,2,3,2121.0,2091.0,0.0,0.0,0.0,2026.5
2024-03-27 23:00:00,1915.5,2,3,2026.5,2121.0,0.0,0.0,0.0,1915.5
2024-03-28 00:00:00,2095.5,3,3,1915.5,2026.5,0.0,0.0,0.0,2095.5
2024-03-28 01:00:00,2025.0,3,3,2095.5,1915.5,0.0,0.0,0.0,2025.0
2024-03-28 02:00:00,1968.0,3,3,2025.0,2095.5,0.0,0.0,0.0,1968.0
2024-03-28 03:00:00,2046.0,3,3,1968.0,2025.0,0.0,0.0,0.0,2046.0
2024-03-28 04:00:00,1938.0,3,3,2046.0,1968.0,0.0,0.0,0.0,1938.0
2024-03-28 05:00:00,1945.5,3,3,1938.0,2046.0,0.0,0.0,0.0,1945.5
2024-03-28 06:00:00,1810.5,3,3,1945.5,1938.0,0.0,0.0,0.0,1810.5
2024-03-28 07:00:00,1624.5,3,3,1810.5,1945.5,1.1133098602294922,1.1133098602294922,0.0,1623.3866901397705
2024-03-28 08:00:00,1383.0,3,3,1624.5,1810.5,6.581625938415527,6.581625938415527,0.0,1376.4183740615845
2024-03-28 09:00:00,1365.0,3,3,1383.0,1624.5,45.973148345947266,45.973148345947266,0.0,1319.0268516540527
2024-03-28 10:00:00,1065.0,3,3,1365.0,1383.0,300.6918954849243,300.6918954849243,0.0,764.3081045150757
2024-03-28 11:00:00,879.0,3,3,1065.0,1365.0,390.1496171951294,390.1496171951294,0.0,488.8503828048706
2024-03-28 12:00:00,1287.0,3,3,879.0,1065.0,404.6226453781128,404.6226453781128,0.0,882.3773546218872
2024-03-28 13:00:00,1440.0,3,3,1287.0,879.0,399.12158489227295,399.12158489227295,0.0,1040.878415107727
2024-03-28 14:00:00,1453.5,3,3,1440.0,1287.0,354.6874237060547,354.6874237060547,0.0,1098.8125762939453
2024-03-28 15:00:00,1611.0,3,3,1453.5,1440.0,280.94701766967773,280.94701766967773,0.0,1330.0529823303223
2024-03-28 16:00:00,1840.5,3,3,1611.0,1453.5,179.37386512756345,179.37386512756345,0.0,1661.1261348724365
2024-03-28 17:00:00,1893.0,3,3,1840.5,1611.0,54.45394992828369,54.45394992828369,0.0,1838.5460500717163
2024-03-28 18:00:00,2053.5,3,3,1893.0,1840.5,0.0,0.0,0.0,2053.5
2024-03-28 19:00:00,2053.5,3,3,2053.5,1893.0,0.0,0.0,0.0,2053.5
2024-03-28 20:00:00,2064.0,3,3,2053.5,2053.5,0.0,0.0,0.0,2064.0
2024-03-28 21:00:00,2091.0,3,3,2064.0,2053.5,0.0,0.0,0.0,2091.0
2024-03-28 22:00:00,1846.5,3,3,2091.0,2064.0,0.0,0.0,0.0,1846.5
2024-03-28 23:00:00,1942.5,3,3,1846.5,2091.0,0.0,0.0,0.0,1942.5
2024-03-29 00:00:00,2076.0,4,3,1942.5,1846.5,0.0,0.0,0.0,2076.0
2024-03-29 01:00:00,2007.0,4,3,2076.0,1942.5,0.0,0.0,0.0,2007.0
2024-03-29 02:00:00,2164.5,4,3,2007.0,2076.0,0.0,0.0,0.0,2164.5
2024-03-29 03:00:00,2010.0,4,3,2164.5,2007.0,0.0,0.0,0.0,2010.0
2024-03-29 04:00:00,2035.5,4,3,2010.0,2164.5,0.0,0.0,0.0,2035.5
2024-03-29 05:00:00,2064.0,4,3,2035.5,2010.0,0.0,0.0,0.0,2064.0
2024-03-29 06:00:00,1863.0,4,3,2064.0,2035.5,1.1133098602294922,1.1133098602294922,0.0,1861.8866901397705
2024-03-29 07:00:00,1657.5,4,3,1863.0,2064.0,89.1630220413208,89.1630220413208,0.0,1568.3369779586792
2024-03-29 08:00:00,1429.5,4,3,1657.5,1863.0,215.6219244003296,215.6219244003296,0.0,1213.8780755996704
2024-03-29 09:00:00,1203.0,4,3,1429.5,1657.5,313.920636177063,313.920636177063,0.0,889.079363822937
2024-03-29 10:00:00,519.0,4,3,1203.0,1429.5,377.47753143310547,377.47753143310547,0.0,141.52246856689453
2024-03-29 11:00:00,699.0,4,3,519.0,1203.0,415.55927753448486,415.55927753448486,0.0,283.44072246551514
2024-03-29 12:00:00,1215.0,4,3,699.0,519.0,426.7906093597412,426.7906093597412,0.0,788.2093906402588
2024-03-29 13:00:00,1174.5,4,3,1215.0,699.0,408.4209966659546,408.4209966659546,0.0,766.0790033340454
2024-03-29 14:00:00,1318.5,4,3,1174.5,1215.0,365.0019121170044,365.0019121170044,0.0,953.4980878829956
2024-03-29 15:00:00,1165.5,4,3,1318.5,1174.5,289.2640972137451,289.2640972137451,0.0,876.2359027862549
2024-03-29 16:00:00,1263.0,4,3,1165.5,1318.5,186.18470191955566,186.18470191955566,0.0,1076.8152980804443
2024-03-29 17:00:00,1860.0,4,3,1263.0,1165.5,66.14370346069336,66.14370346069336,0.0,1793.8562965393066
2024-03-29 18:00:00,2136.0,4,3,1860.0,1263.0,0.0,0.0,0.0,2136.0
2024-03-29 19:00:00,2013.0,4,3,2136.0,1860.0,0.0,0.0,0.0,2013.0
2024-03-29 20:00:00,2049.0,4,3,2013.0,2136.0,0.0,0.0,0.0,2049.0
2024-03-29 21:00:00,2002.5,4,3,2049.0,2013.0,0.0,0.0,0.0,2002.5
2024-03-29 22:00:00,1824.0,4,3,2002.5,2049.0,0.0,0.0,0.0,1824.0
2024-03-29 23:00:00,1965.0,4,3,1824.0,2002.5,0.0,0.0,0.0,1965.0
2024-03-30 00:00:00,1933.5,5,3,1965.0,1824.0,0.0,0.0,0.0,1933.5
2024-03-30 01:00:00,1918.5,5,3,1933.5,1965.0,0.0,0.0,0.0,1918.5
2024-03-30 02:00:00,1836.0,5,3,1918.5,1933.5,0.0,0.0,0.0,1836.0
2024-03-30 03:00:00,2050.5,5,3,1836.0,1918.5,0.0,0.0,0.0,2050.5
2024-03-30 04:00:00,2013.0,5,3,2050.5,1836.0,0.0,0.0,0.0,2013.0
2024-03-30 05:00:00,1704.0,5,3,2013.0,2050.5,0.0,0.0,0.0,1704.0
2024-03-30 06:00:00,1684.5,5,3,1704.0,2013.0,2.783274650573731,2.783274650573731,0.0,1681.7167253494263
2024-03-30 07:00:00,1540.5,5,3,1684.5,1704.0,94.69682693481445,94.69682693481445,0.0,1445.8031730651855
2024-03-30 08:00:00,1378.5,5,3,1540.5,1684.5,224.13547039031982,224.13547039031982,0.0,1154.3645296096802
2024-03-30 09:00:00,1117.5,5,3,1378.5,1540.5,322.17222690582275,322.17222690582275,0.0,795.3277730941772
2024-03-30 10:00:00,1054.5,5,3,1117.5,1378.5,388.87258529663086,388.87258529663086,0.0,665.6274147033691
2024-03-30 11:00:00,826.5,5,3,1054.5,1117.5,426.49590969085693,426.49590969085693,0.0,400.00409030914307
2024-03-30 12:00:00,937.5,5,3,826.5,1054.5,440.0848388671875,440.0848388671875,0.0,497.4151611328125
2024-03-30 13:00:00,1146.0,5,3,937.5,826.5,422.5010919570923,422.5010919570923,0.0,723.4989080429077
2024-03-30 14:00:00,1348.5,5,3,1146.0,937.5,379.5731735229492,379.5731735229492,0.0,968.9268264770508
2024-03-30 15:00:00,1485.0,5,3,1348.5,1146.0,303.311448097229,303.311448097229,0.0,1181.688551902771
2024-03-30 16:00:00,1272.0,5,3,1485.0,1348.5,198.03817749023438,198.03817749023438,0.0,1073.9618225097656
2024-03-30 17:00:00,1761.0,5,3,1272.0,1485.0,69.45088863372803,69.45088863372803,0.0,1691.549111366272
2024-03-30 18:00:00,1900.5,5,3,1761.0,1272.0,0.0,0.0,0.0,1900.5
2024-03-30 19:00:00,1855.5,5,3,1900.5,1761.0,0.0,0.0,0.0,1855.5
2024-03-30 20:00:00,1987.5,5,3,1855.5,1900.5,0.0,0.0,0.0,1987.5
2024-03-30 21:00:00,1935.0,5,3,1987.5,1855.5,0.0,0.0,0.0,1935.0
2024-03-30 22:00:00,2011.5,5,3,1935.0,1987.5,0.0,0.0,0.0,2011.5
2024-03-30 23:00:00,1926.0,5,3,2011.5,1935.0,0.0,0.0,0.0,1926.0
2024-03-31 00:00:00,1933.5,6,3,1926.0,2011.5,0.0,0.0,0.0,1933.5
2024-03-31 01:00:00,1998.0,6,3,1933.5,1926.0,0.0,0.0,0.0,1998.0
2024-03-31 02:00:00,1935.0,6,3,1998.0,1933.5,0.0,0.0,0.0,1935.0
2024-03-31 03:00:00,1792.5,6,3,1935.0,1998.0,0.0,0.0,0.0,1792.5
2024-03-31 04:00:00,2013.0,6,3,1792.5,1935.0,0.0,0.0,0.0,2013.0
2024-03-31 05:00:00,1861.5,6,3,2013.0,1792.5,0.0,0.0,0.0,1861.5
2024-03-31 06:00:00,1741.5,6,3,1861.5,2013.0,2.161130905151367,2.161130905151367,0.0,1739.3388690948486
2024-03-31 07:00:00,1470.0,6,3,1741.5,1861.5,91.22591972351074,91.22591972351074,0.0,1378.7740802764893
2024-03-31 08:00:00,1218.0,6,3,1470.0,1741.5,215.88387966156006,215.88387966156006,0.0,1002.1161203384399
2024-03-31 09:00:00,925.5,6,3,1218.0,1470.0,310.5479621887207,310.5479621887207,0.0,614.9520378112793
2024-03-31 10:00:00,865.5,6,3,925.5,1218.0,370.044550895691,370.044550895691,0.0,495.455449104309
2024-03-31 11:00:00,714.0,6,3,865.5,925.5,406.9474983215332,406.9474983215332,0.0,307.0525016784668
2024-03-31 12:00:00,736.5,6,3,714.0,865.5,356.45562171936035,356.45562171936035,0.0,380.04437828063965
2024-03-31 13:00:00,1005.0,6,3,736.5,714.0,401.6101598739624,401.6101598739624,0.0,603.3898401260376
2024-03-31 14:00:00,1497.0,6,3,1005.0,736.5,358.4530305862427,358.4530305862427,0.0,1138.5469694137573
2024-03-31 15:00:00,1468.5,6,3,1497.0,1005.0,284.48341369628906,284.48341369628906,0.0,1184.016586303711
2024-03-31 16:00:00,1603.5,6,3,1468.5,1497.0,170.00896453857422,170.00896453857422,0.0,1433.4910354614258
2024-03-31 17:00:00,1666.5,6,3,1603.5,1468.5,64.21178340911865,64.21178340911865,0.0,1602.2882165908813
2024-03-31 18:00:00,1858.5,6,3,1666.5,1603.5,0.0,0.0,0.0,1858.5
2024-03-31 19:00:00,1855.5,6,3,1858.5,1666.5,0.0,0.0,0.0,1855.5
2024-03-31 20:00:00,1906.5,6,3,1855.5,1858.5,0.0,0.0,0.0,1906.5
2024-03-31 21:00:00,1984.5,6,3,1906.5,1855.5,0.0,0.0,0.0,1984.5
2024-03-31 22:00:00,1893.0,6,3,1984.5,1906.5,0.0,0.0,0.0,1893.0
2024-03-31 23:00:00,1726.5,6,3,1893.0,1984.5,0.0,0.0,0.0,1726.5
2024-04-01 00:00:00,1413.0,0,4,1726.5,1893.0,0.0,0.0,0.0,1413.0
2024-04-01 01:00:00,1215.0,0,4,1413.0,1726.5,0.0,0.0,0.0,1215.0
2024-04-01 02:00:00,1075.5,0,4,1215.0,1413.0,0.0,0.0,0.0,1075.5
2024-04-01 03:00:00,1069.5,0,4,1075.5,1215.0,0.0,0.0,0.0,1069.5
2024-04-01 04:00:00,1041.0,0,4,1069.5,1075.5,0.0,0.0,0.0,1041.0
2024-04-01 05:00:00,1009.5,0,4,1041.0,1069.5,0.0,0.0,0.0,1009.5
2024-04-01 06:00:00,861.0,0,4,1009.5,1041.0,2.3903417587280273,2.3903417587280273,0.0,858.609658241272
2024-04-01 07:00:00,501.0,0,4,861.0,1009.5,91.4551305770874,91.4551305770874,0.0,409.5448694229126
2024-04-01 08:00:00,24.0,0,4,501.0,861.0,216.3750457763672,24.0,192.3750457763672,0.0
2024-04-01 09:00:00,0.0,0,4,24.0,501.0,313.1020259857178,0.0,313.1020259857178,0.0
2024-04-01 10:00:00,3.0,0,4,0.0,24.0,387.8575086593628,3.0,384.8575086593628,0.0
2024-04-01 11:00:00,0.0,0,4,3.0,0.0,424.72771167755127,0.0,424.72771167755127,0.0
2024-04-01 12:00:00,6.0,0,4,0.0,3.0,435.2386665344238,6.0,429.2386665344238,0.0
2024-04-01 13:00:00,3.0,0,4,6.0,0.0,415.6575107574463,3.0,412.6575107574463,0.0
2024-04-01 14:00:00,0.0,0,4,3.0,6.0,371.5180492401123,0.0,371.5180492401123,0.0
2024-04-01 15:00:00,6.0,0,4,0.0,3.0,298.3015537261963,6.0,292.3015537261963,0.0
2024-04-01 16:00:00,76.5,0,4,6.0,0.0,194.6982479095459,76.5,118.1982479095459,0.0
2024-04-01 17:00:00,76.5,0,4,76.5,6.0,68.66502285003662,68.66502285003662,0.0,7.834977149963379
2024-04-01 18:00:00,231.0,0,4,76.5,76.5,0.0,0.0,0.0,231.0
2024-04-01 19:00:00,237.0,0,4,231.0,76.5,0.0,0.0,0.0,237.0
2024-04-01 20:00:00,243.0,0,4,237.0,231.0,0.0,0.0,0.0,243.0
2024-04-01 21:00:00,234.0,0,4,243.0,237.0,0.0,0.0,0.0,234.0
2024-04-01 22:00:00,244.5,0,4,234.0,243.0,0.0,0.0,0.0,244.5
2024-04-01 23:00:00,243.0,0,4,244.5,234.0,0.0,0.0,0.0,243.0
2024-04-02 00:00:00,247.5,1,4,243.0,244.5,0.0,0.0,0.0,247.5
2024-04-02 01:00:00,237.0,1,4,247.5,243.0,0.0,0.0,0.0,237.0
2024-04-02 02:00:00,235.5,1,4,237.0,247.5,0.0,0.0,0.0,235.5
2024-04-02 03:00:00,220.5,1,4,235.5,237.0,0.0,0.0,0.0,220.5
2024-04-02 04:00:00,202.5,1,4,220.5,235.5,0.0,0.0,0.0,202.5
2024-04-02 05:00:00,199.5,1,4,202.5,220.5,0.0,0.0,0.0,199.5
2024-04-02 06:00:00,135.0,1,4,199.5,202.5,4.060306549072266,4.060306549072266,0.0,130.93969345092773
2024-04-02 07:00:00,3.0,1,4,135.0,199.5,78.75030040740967,3.0,75.75030040740967,0.0
2024-04-02 08:00:00,4.5,1,4,3.0,135.0,180.0942420959473,4.5,175.5942420959473,0.0
2024-04-02 09:00:00,1.5,1,4,4.5,3.0,338.2824754714965,1.5,336.7824754714965,0.0
2024-04-02 10:00:00,0.0,1,4,1.5,4.5,334.5496129989624,0.0,334.5496129989624,0.0
2024-04-02 11:00:00,0.0,1,4,0.0,1.5,440.0520944595337,0.0,440.0520944595337,0.0
2024-04-02 12:00:00,0.0,1,4,0.0,0.0,446.9284200668335,0.0,446.9284200668335,0.0
2024-04-02 13:00:00,0.0,1,4,0.0,0.0,421.97718143463135,0.0,421.97718143463135,0.0
2024-04-02 14:00:00,0.0,1,4,0.0,0.0,377.5430202484131,0.0,377.5430202484131,0.0
2024-04-02 15:00:00,0.0,1,4,0.0,0.0,267.0306444168091,0.0,267.0306444168091,0.0
2024-04-02 16:00:00,0.0,1,4,0.0,0.0,197.0231008529663,0.0,197.0231008529663,0.0
2024-04-02 17:00:00,25.5,1,4,0.0,0.0,69.18893337249756,25.5,43.68893337249756,0.0
2024-04-02 18:00:00,165.0,1,4,25.5,0.0,0.0,0.0,0.0,165.0
2024-04-02 19:00:00,178.5,1,4,165.0,25.5,0.0,0.0,0.0,178.5
2024-04-02 20:00:00,181.5,1,4,178.5,165.0,0.0,0.0,0.0,181.5
2024-04-02 21:00:00,180.0,1,4,181.5,178.5,0.0,0.0,0.0,180.0
2024-04-02 22:00:00,184.5,1,4,180.0,181.5,0.0,0.0,0.0,184.5
2024-04-02 23:00:00,181.5,1,4,184.5,180.0,0.0,0.0,0.0,181.5
2024-04-03 00:00:00,178.5,2,4,181.5,184.5,0.0,0.0,0.0,178.5
2024-04-03 01:00:00,172.5,2,4,178.5,181.5,0.0,0.0,0.0,172.5
2024-04-03 02:00:00,174.0,2,4,172.5,178.5,0.0,0.0,0.0,174.0
2024-04-03 03:00:00,168.0,2,4,174.0,172.5,0.0,0.0,0.0,168.0
2024-04-03 04:00:00,172.5,2,4,168.0,174.0,0.0,0.0,0.0,172.5
2024-04-03 05:00:00,148.5,2,4,172.5,168.0,0.0,0.0,0.0,148.5
2024-04-03 06:00:00,69.0,2,4,148.5,172.5,4.682450294494629,4.682450294494629,0.0,64.31754970550537
2024-04-03 07:00:00,0.0,2,4,69.0,148.5,102.22804069519043,0.0,102.22804069519043,0.0
2024-04-03 08:00:00,0.0,2,4,0.0,69.0,234.58093643188477,0.0,234.58093643188477,0.0
2024-04-03 09:00:00,0.0,2,4,0.0,0.0,331.013216972351,0.0,331.013216972351,0.0
2024-04-03 10:00:00,0.0,2,4,0.0,0.0,394.89755630493164,0.0,394.89755630493164,0.0
2024-04-03 11:00:00,0.0,2,4,0.0,0.0,433.9288902282715,0.0,433.9288902282715,0.0
2024-04-03 12:00:00,0.0,2,4,0.0,0.0,445.16022205352783,0.0,445.16022205352783,0.0
2024-04-03 13:00:00,0.0,2,4,0.0,0.0,425.74278831481934,0.0,425.74278831481934,0.0
2024-04-03 14:00:00,0.0,2,4,0.0,0.0,378.72181892395025,0.0,378.72181892395025,0.0
2024-04-03 15:00:00,1.5,2,4,0.0,0.0,300.921106338501,1.5,299.421106338501,0.0
2024-04-03 16:00:00,15.0,2,4,1.5,0.0,193.81414890289307,15.0,178.81414890289307,0.0
2024-04-03 17:00:00,30.0,2,4,15.0,1.5,67.58445739746094,30.0,37.58445739746094,0.0
2024-04-03 18:00:00,145.5,2,4,30.0,15.0,0.0,0.0,0.0,145.5
2024-04-03 19:00:00,165.0,2,4,145.5,30.0,0.0,0.0,0.0,165.0
2024-04-03 20:00:00,174.0,2,4,165.0,145.5,0.0,0.0,0.0,174.0
2024-04-03 21:00:00,171.0,2,4,174.0,165.0,0.0,0.0,0.0,171.0
2024-04-03 22:00:00,175.5,2,4,171.0,174.0,0.0,0.0,0.0,175.5
2024-04-03 23:00:00,171.0,2,4,175.5,171.0,0.0,0.0,0.0,171.0
2024-04-04 00:00:00,181.5,3,4,171.0,175.5,0.0,0.0,0.0,181.5
2024-04-04 01:00:00,171.0,3,4,181.5,171.0,0.0,0.0,0.0,171.0
2024-04-04 02:00:00,172.5,3,4,171.0,181.5,0.0,0.0,0.0,172.5
2024-04-04 03:00:00,171.0,3,4,172.5,171.0,0.0,0.0,0.0,171.0
2024-04-04 04:00:00,166.5,3,4,171.0,172.5,0.0,0.0,0.0,166.5
2024-04-04 05:00:00,148.5,3,4,166.5,171.0,0.0,0.0,0.0,148.5
2024-04-04 06:00:00,67.5,3,4,148.5,166.5,3.700118064880371,3.700118064880371,0.0,63.79988193511963
2024-04-04 07:00:00,0.0,3,4,67.5,148.5,92.37197399139406,0.0,92.37197399139406,0.0
2024-04-04 08:00:00,0.0,3,4,0.0,67.5,213.46079349517822,0.0,213.46079349517822,0.0
2024-04-04 09:00:00,0.0,3,4,0.0,0.0,310.842661857605,0.0,310.842661857605,0.0
2024-04-04 10:00:00,0.0,3,4,0.0,0.0,377.80497550964355,0.0,377.80497550964355,0.0
2024-04-04 11:00:00,0.0,3,4,0.0,0.0,419.8815393447876,0.0,419.8815393447876,0.0
2024-04-04 12:00:00,0.0,3,4,0.0,0.0,430.68719387054443,0.0,430.68719387054443,0.0
2024-04-04 13:00:00,0.0,3,4,0.0,0.0,414.9043893814087,0.0,414.9043893814087,0.0
2024-04-04 14:00:00,1.5,3,4,0.0,0.0,369.97906208038324,1.5,368.47906208038324,0.0
2024-04-04 15:00:00,1.5,3,4,1.5,0.0,294.2085027694702,1.5,292.7085027694702,0.0
2024-04-04 16:00:00,0.0,3,4,1.5,1.5,182.61556148529053,0.0,182.61556148529053,0.0
2024-04-04 17:00:00,21.0,3,4,0.0,1.5,63.85159492492676,21.0,42.85159492492676,0.0
2024-04-04 18:00:00,178.5,3,4,21.0,0.0,0.0,0.0,0.0,178.5
2024-04-04 19:00:00,250.5,3,4,178.5,21.0,0.0,0.0,0.0,250.5
2024-04-04 20:00:00,522.0,3,4,250.5,178.5,0.0,0.0,0.0,522.0
2024-04-04 21:00:00,1432.5,3,4,522.0,250.5,0.0,0.0,0.0,1432.5
2024-04-04 22:00:00,1492.5,3,4,1432.5,522.0,0.0,0.0,0.0,1492.5
2024-04-04 23:00:00,1641.0,3,4,1492.5,1432.5,0.0,0.0,0.0,1641.0
2024-04-05 00:00:00,1869.0,4,4,1641.0,1492.5,0.0,0.0,0.0,1869.0
2024-04-05 01:00:00,1782.0,4,4,1869.0,1641.0,0.0,0.0,0.0,1782.0
2024-04-05 02:00:00,1773.0,4,4,1782.0,1869.0,0.0,0.0,0.0,1773.0
2024-04-05 03:00:00,1647.0,4,4,1773.0,1782.0,0.0,0.0,0.0,1647.0
2024-04-05 04:00:00,1861.5,4,4,1647.0,1773.0,0.0,0.0,0.0,1861.5
2024-04-05 05:00:00,1836.0,4,4,1861.5,1647.0,0.0,0.0,0.0,1836.0
2024-04-05 06:00:00,1522.5,4,4,1836.0,1861.5,4.289517402648926,4.289517402648926,0.0,1518.210482597351
2024-04-05 07:00:00,1405.5,4,4,1522.5,1836.0,93.35430622100831,93.35430622100831,0.0,1312.1456937789917
2024-04-05 08:00:00,1272.0,4,4,1405.5,1522.5,167.2584342956543,167.2584342956543,0.0,1104.7415657043457
2024-04-05 09:00:00,819.0,4,4,1272.0,1405.5,245.05914688110352,245.05914688110352,0.0,573.9408531188965
2024-04-05 10:00:00,586.5,4,4,819.0,1272.0,313.1347703933716,313.1347703933716,0.0,273.3652296066284
2024-04-05 11:00:00,576.0,4,4,586.5,819.0,394.24266815185547,394.24266815185547,0.0,181.75733184814453
2024-04-05 12:00:00,790.5,4,4,576.0,586.5,371.059627532959,371.059627532959,0.0,419.440372467041
2024-04-05 13:00:00,1023.0,4,4,790.5,576.0,367.32676506042475,367.32676506042475,0.0,655.6732349395752
2024-04-05 14:00:00,942.0,4,4,1023.0,790.5,304.98141288757324,304.98141288757324,0.0,637.0185871124268
2024-04-05 15:00:00,1153.5,4,4,942.0,1023.0,266.015567779541,266.015567779541,0.0,887.484432220459
2024-04-05 16:00:00,1468.5,4,4,1153.5,942.0,157.59883403778076,157.59883403778076,0.0,1310.9011659622192
2024-04-05 17:00:00,1758.0,4,4,1468.5,1153.5,49.41131114959717,49.41131114959717,0.0,1708.5886888504028
2024-04-05 18:00:00,1921.5,4,4,1758.0,1468.5,0.0,0.0,0.0,1921.5
2024-04-05 19:00:00,1804.5,4,4,1921.5,1758.0,0.0,0.0,0.0,1804.5
2024-04-05 20:00:00,1938.0,4,4,1804.5,1921.5,0.0,0.0,0.0,1938.0
2024-04-05 21:00:00,1998.0,4,4,1938.0,1804.5,0.0,0.0,0.0,1998.0
2024-04-05 22:00:00,1935.0,4,4,1998.0,1938.0,0.0,0.0,0.0,1935.0
2024-04-05 23:00:00,2008.5,4,4,1935.0,1998.0,0.0,0.0,0.0,2008.5
2024-04-06 00:00:00,1957.5,5,4,2008.5,1935.0,0.0,0.0,0.0,1957.5
2024-04-06 01:00:00,1735.5,5,4,1957.5,2008.5,0.0,0.0,0.0,1735.5
2024-04-06 02:00:00,1582.5,5,4,1735.5,1957.5,0.0,0.0,0.0,1582.5
2024-04-06 03:00:00,1758.0,5,4,1582.5,1735.5,0.0,0.0,0.0,1758.0
2024-04-06 04:00:00,1776.0,5,4,1758.0,1582.5,0.0,0.0,0.0,1776.0
2024-04-06 05:00:00,1840.5,5,4,1776.0,1758.0,0.0,0.0,0.0,1840.5
2024-04-06 06:00:00,1659.0,5,4,1840.5,1776.0,2.7177858352661133,2.7177858352661133,0.0,1656.282214164734
2024-04-06 07:00:00,1494.0,5,4,1659.0,1840.5,87.72226810455324,87.72226810455324,0.0,1406.2777318954468
2024-04-06 08:00:00,1156.5,5,4,1494.0,1659.0,202.58965015411377,202.58965015411377,0.0,953.9103498458862
2024-04-06 09:00:00,871.5,5,4,1156.5,1494.0,294.6014356613159,294.6014356613159,0.0,576.8985643386841
2024-04-06 10:00:00,859.5,5,4,871.5,1156.5,363.52841377258306,363.52841377258306,0.0,495.97158622741694
2024-04-06 11:00:00,813.0,5,4,859.5,871.5,401.83937072753906,401.83937072753906,0.0,411.16062927246094
2024-04-06 12:00:00,693.0,5,4,813.0,859.5,414.1512680053711,414.1512680053711,0.0,278.8487319946289
2024-04-06 13:00:00,922.5,5,4,693.0,813.0,400.4313611984253,400.4313611984253,0.0,522.0686388015747
2024-04-06 14:00:00,796.5,5,4,922.5,693.0,354.58919048309326,354.58919048309326,0.0,441.91080951690674
2024-04-06 15:00:00,1297.5,5,4,796.5,922.5,278.1964874267578,278.1964874267578,0.0,1019.3035125732422
2024-04-06 16:00:00,1465.5,5,4,1297.5,796.5,176.68882369995117,176.68882369995117,0.0,1288.8111763000488
2024-04-06 17:00:00,1740.0,5,4,1465.5,1297.5,49.05112266540527,49.05112266540527,0.0,1690.9488773345947
2024-04-06 18:00:00,1819.5,5,4,1740.0,1465.5,0.0,0.0,0.0,1819.5
2024-04-06 19:00:00,1825.5,5,4,1819.5,1740.0,0.0,0.0,0.0,1825.5
2024-04-06 20:00:00,1861.5,5,4,1825.5,1819.5,0.0,0.0,0.0,1861.5
2024-04-06 21:00:00,1905.0,5,4,1861.5,1825.5,0.0,0.0,0.0,1905.0
2024-04-06 22:00:00,1954.5,5,4,1905.0,1861.5,0.0,0.0,0.0,1954.5
2024-04-06 23:00:00,1939.5,5,4,1954.5,1905.0,0.0,0.0,0.0,1939.5
2024-04-07 00:00:00,1728.0,6,4,1939.5,1954.5,0.0,0.0,0.0,1728.0
2024-04-07 01:00:00,1546.5,6,4,1728.0,1939.5,0.0,0.0,0.0,1546.5
2024-04-07 02:00:00,1875.0,6,4,1546.5,1728.0,0.0,0.0,0.0,1875.0
2024-04-07 03:00:00,1962.0,6,4,1875.0,1546.5,0.0,0.0,0.0,1962.0
2024-04-07 04:00:00,1864.5,6,4,1962.0,1875.0,0.0,0.0,0.0,1864.5
2024-04-07 05:00:00,1797.0,6,4,1864.5,1962.0,0.0,0.0,0.0,1797.0
2024-04-07 06:00:00,1665.0,6,4,1797.0,1864.5,0.0,0.0,0.0,1665.0
2024-04-07 07:00:00,1446.0,6,4,1665.0,1797.0,10.576443672180178,10.576443672180178,0.0,1435.4235563278198
2024-04-07 08:00:00,1177.5,6,4,1446.0,1665.0,8.546290397644043,8.546290397644043,0.0,1168.953709602356
2024-04-07 09:00:00,949.5,6,4,1177.5,1446.0,18.59882354736328,18.59882354736328,0.0,930.9011764526367
2024-04-07 10:00:00,703.5,6,4,949.5,1177.5,27.4398136138916,27.4398136138916,0.0,676.0601863861084
2024-04-07 11:00:00,760.5,6,4,703.5,949.5,84.44782733917238,84.44782733917238,0.0,676.0521726608276
2024-04-07 12:00:00,562.5,6,4,760.5,703.5,165.4902362823486,165.4902362823486,0.0,397.00976371765137
2024-04-07 13:00:00,447.0,6,4,562.5,760.5,275.0530242919922,275.0530242919922,0.0,171.9469757080078
2024-04-07 14:00:00,556.5,6,4,447.0,562.5,250.6911849975586,250.6911849975586,0.0,305.8088150024414
2024-04-07 15:00:00,717.0,6,4,556.5,447.0,246.8928337097168,246.8928337097168,0.0,470.1071662902832
2024-04-07 16:00:00,937.5,6,4,717.0,556.5,171.80990695953372,171.80990695953372,0.0,765.6900930404663
2024-04-07 17:00:00,1306.5,6,4,937.5,717.0,45.48198223114014,45.48198223114014,0.0,1261.0180177688599
2024-04-07 18:00:00,1516.5,6,4,1306.5,937.5,0.0,0.0,0.0,1516.5
2024-04-07 19:00:00,1509.0,6,4,1516.5,1306.5,0.0,0.0,0.0,1509.0
2024-04-07 20:00:00,1383.0,6,4,1509.0,1516.5,0.0,0.0,0.0,1383.0
2024-04-07 21:00:00,1828.5,6,4,1383.0,1509.0,0.0,0.0,0.0,1828.5
2024-04-07 22:00:00,1978.5,6,4,1828.5,1383.0,0.0,0.0,0.0,1978.5
2024-04-07 23:00:00,1920.0,6,4,1978.5,1828.5,0.0,0.0,0.0,1920.0
2024-04-08 00:00:00,1914.0,0,4,1920.0,1978.5,0.0,0.0,0.0,1914.0
2024-04-08 01:00:00,1936.5,0,4,1914.0,1920.0,0.0,0.0,0.0,1936.5
2024-04-08 02:00:00,1669.5,0,4,1936.5,1914.0,0.0,0.0,0.0,1669.5
2024-04-08 03:00:00,1816.5,0,4,1669.5,1936.5,0.0,0.0,0.0,1816.5
2024-04-08 04:00:00,1963.5,0,4,1816.5,1669.5,0.0,0.0,0.0,1963.5
2024-04-08 05:00:00,1858.5,0,4,1963.5,1816.5,0.0,0.0,0.0,1858.5
2024-04-08 06:00:00,1710.0,0,4,1858.5,1963.5,1.8664312362670898,1.8664312362670898,0.0,1708.133568763733
2024-04-08 07:00:00,1578.0,0,4,1710.0,1858.5,68.73051166534424,68.73051166534424,0.0,1509.2694883346558
2024-04-08 08:00:00,1299.0,0,4,1578.0,1710.0,168.7646770477295,168.7646770477295,0.0,1130.2353229522705
2024-04-08 09:00:00,1065.0,0,4,1299.0,1578.0,293.3571481704712,293.3571481704712,0.0,771.6428518295288
2024-04-08 10:00:00,844.5,0,4,1065.0,1299.0,368.7020301818847,368.7020301818847,0.0,475.7979698181153
2024-04-08 11:00:00,1012.5,0,4,844.5,1065.0,409.37058448791504,409.37058448791504,0.0,603.129415512085
2024-04-08 12:00:00,1032.0,0,4,1012.5,844.5,421.0930824279785,421.0930824279785,0.0,610.9069175720215
2024-04-08 13:00:00,1168.5,0,4,1032.0,1012.5,397.1241760253906,397.1241760253906,0.0,771.3758239746094
2024-04-08 14:00:00,1176.0,0,4,1168.5,1032.0,349.90674018859863,349.90674018859863,0.0,826.0932598114014
2024-04-08 15:00:00,1528.5,0,4,1176.0,1168.5,273.4812927246094,273.4812927246094,0.0,1255.0187072753906
2024-04-08 16:00:00,1620.0,0,4,1528.5,1176.0,153.66950511932373,153.66950511932373,0.0,1466.3304948806763
2024-04-08 17:00:00,1573.5,0,4,1620.0,1528.5,60.34794330596924,60.34794330596924,0.0,1513.1520566940308
2024-04-08 18:00:00,1671.0,0,4,1573.5,1620.0,0.0,0.0,0.0,1671.0
2024-04-08 19:00:00,1746.0,0,4,1671.0,1573.5,0.0,0.0,0.0,1746.0
2024-04-08 20:00:00,1989.0,0,4,1746.0,1671.0,0.0,0.0,0.0,1989.0
2024-04-08 21:00:00,2071.5,0,4,1989.0,1746.0,0.0,0.0,0.0,2071.5
2024-04-08 22:00:00,2022.0,0,4,2071.5,1989.0,0.0,0.0,0.0,2022.0
2024-04-08 23:00:00,2010.0,0,4,2022.0,2071.5,0.0,0.0,0.0,2010.0
2024-04-09 00:00:00,2092.5,1,4,2010.0,2022.0,0.0,0.0,0.0,2092.5
2024-04-09 01:00:00,2091.0,1,4,2092.5,2010.0,0.0,0.0,0.0,2091.0
2024-04-09 02:00:00,1737.0,1,4,2091.0,2092.5,0.0,0.0,0.0,1737.0
2024-04-09 03:00:00,1954.5,1,4,1737.0,2091.0,0.0,0.0,0.0,1954.5
2024-04-09 04:00:00,1888.5,1,4,1954.5,1737.0,0.0,0.0,0.0,1888.5
2024-04-09 05:00:00,1914.0,1,4,1888.5,1954.5,0.0,0.0,0.0,1914.0
2024-04-09 06:00:00,1902.0,1,4,1914.0,1888.5,4.42049503326416,4.42049503326416,0.0,1897.5795049667358
2024-04-09 07:00:00,1809.0,1,4,1902.0,1914.0,91.84806346893312,91.84806346893312,0.0,1717.151936531067
2024-04-09 08:00:00,1518.0,1,4,1809.0,1902.0,207.50131130218506,207.50131130218506,0.0,1310.498688697815
2024-04-09 09:00:00,1035.0,1,4,1518.0,1809.0,301.0520839691162,301.0520839691162,0.0,733.9479160308838
2024-04-09 10:00:00,1173.0,1,4,1035.0,1518.0,368.0143976211547,368.0143976211547,0.0,804.9856023788452
2024-04-09 11:00:00,1219.5,1,4,1173.0,1035.0,409.6652841567993,409.6652841567993,0.0,809.8347158432007
2024-04-09 12:00:00,1299.0,1,4,1219.5,1173.0,423.51616859436035,423.51616859436035,0.0,875.4838314056396
2024-04-09 13:00:00,1198.5,1,4,1299.0,1219.5,398.597674369812,398.597674369812,0.0,799.902325630188
2024-04-09 14:00:00,894.0,1,4,1198.5,1299.0,351.2492609024048,351.2492609024048,0.0,542.7507390975952
2024-04-09 15:00:00,591.0,1,4,894.0,1198.5,274.398136138916,274.398136138916,0.0,316.601863861084
2024-04-09 16:00:00,985.5,1,4,591.0,894.0,173.3161497116089,173.3161497116089,0.0,812.1838502883911
2024-04-09 17:00:00,1702.5,1,4,985.5,591.0,58.93993377685547,58.93993377685547,0.0,1643.5600662231445
2024-04-09 18:00:00,1989.0,1,4,1702.5,985.5,0.0,0.0,0.0,1989.0
2024-04-09 19:00:00,1849.5,1,4,1989.0,1702.5,0.0,0.0,0.0,1849.5
2024-04-09 20:00:00,1603.5,1,4,1849.5,1989.0,0.0,0.0,0.0,1603.5
2024-04-09 21:00:00,1279.5,1,4,1603.5,1849.5,0.0,0.0,0.0,1279.5
2024-04-09 22:00:00,792.0,1,4,1279.5,1603.5,0.0,0.0,0.0,792.0
2024-04-09 23:00:00,1015.5,1,4,792.0,1279.5,0.0,0.0,0.0,1015.5
2024-04-10 00:00:00,1557.0,2,4,1015.5,792.0,0.0,0.0,0.0,1557.0
2024-04-10 01:00:00,1705.5,2,4,1557.0,1015.5,0.0,0.0,0.0,1705.5
2024-04-10 02:00:00,1600.5,2,4,1705.5,1557.0,0.0,0.0,0.0,1600.5
2024-04-10 03:00:00,1831.5,2,4,1600.5,1705.5,0.0,0.0,0.0,1831.5
2024-04-10 04:00:00,1951.5,2,4,1831.5,1600.5,0.0,0.0,0.0,1951.5
2024-04-10 05:00:00,1921.5,2,4,1951.5,1831.5,0.0,0.0,0.0,1921.5
2024-04-10 06:00:00,1879.5,2,4,1921.5,1951.5,5.271849632263184,5.271849632263184,0.0,1874.2281503677368
2024-04-10 07:00:00,1758.0,2,4,1879.5,1921.5,91.4878749847412,91.4878749847412,0.0,1666.5121250152588
2024-04-10 08:00:00,976.5,2,4,1758.0,1879.5,206.28976821899414,206.28976821899414,0.0,770.2102317810059
2024-04-10 09:00:00,999.0,2,4,976.5,1758.0,297.6139211654663,297.6139211654663,0.0,701.3860788345337
2024-04-10 10:00:00,1243.5,2,4,999.0,976.5,358.7477302551269,358.7477302551269,0.0,884.752269744873
2024-04-10 11:00:00,999.0,2,4,1243.5,999.0,396.14184379577637,396.14184379577637,0.0,602.8581562042236
2024-04-10 12:00:00,879.0,2,4,999.0,1243.5,404.3606901168823,404.3606901168823,0.0,474.6393098831177
2024-04-10 13:00:00,499.5,2,4,879.0,999.0,385.46716690063477,385.46716690063477,0.0,114.03283309936523
2024-04-10 14:00:00,943.5,2,4,499.5,879.0,339.0028524398804,339.0028524398804,0.0,604.4971475601196
2024-04-10 15:00:00,1321.5,2,4,943.5,499.5,265.00049114227295,265.00049114227295,0.0,1056.499508857727
2024-04-10 16:00:00,1578.0,2,4,1321.5,943.5,165.65395832061768,165.65395832061768,0.0,1412.3460416793823
2024-04-10 17:00:00,1435.5,2,4,1578.0,1321.5,56.484103202819824,56.484103202819824,0.0,1379.0158967971802
2024-04-10 18:00:00,1711.5,2,4,1435.5,1578.0,0.0,0.0,0.0,1711.5
2024-04-10 19:00:00,1842.0,2,4,1711.5,1435.5,0.0,0.0,0.0,1842.0
2024-04-10 20:00:00,1974.0,2,4,1842.0,1711.5,0.0,0.0,0.0,1974.0
2024-04-10 21:00:00,1818.0,2,4,1974.0,1842.0,0.0,0.0,0.0,1818.0
2024-04-10 22:00:00,1905.0,2,4,1818.0,1974.0,0.0,0.0,0.0,1905.0
2024-04-10 23:00:00,1399.5,2,4,1905.0,1818.0,0.0,0.0,0.0,1399.5
2024-04-11 00:00:00,993.0,3,4,1399.5,1905.0,0.0,0.0,0.0,993.0
2024-04-11 01:00:00,997.5,3,4,993.0,1399.5,0.0,0.0,0.0,997.5
2024-04-11 02:00:00,993.0,3,4,997.5,993.0,0.0,0.0,0.0,993.0
2024-04-11 03:00:00,958.5,3,4,993.0,997.5,0.0,0.0,0.0,958.5
2024-04-11 04:00:00,946.5,3,4,958.5,993.0,0.0,0.0,0.0,946.5
2024-04-11 05:00:00,985.5,3,4,946.5,958.5,0.0,0.0,0.0,985.5
2024-04-11 06:00:00,916.5,3,4,985.5,946.5,4.944405555725098,4.944405555725098,0.0,911.5555944442749
2024-04-11 07:00:00,339.0,3,4,916.5,985.5,90.86573123931886,90.86573123931886,0.0,248.13426876068115
2024-04-11 08:00:00,6.0,3,4,339.0,916.5,155.33946990966797,6.0,149.33946990966797,0.0
2024-04-11 09:00:00,9.0,3,4,6.0,339.0,240.4421854019165,9.0,231.4421854019165,0.0
2024-04-11 10:00:00,3.0,3,4,9.0,6.0,157.63157844543457,3.0,154.63157844543457,0.0
2024-04-11 11:00:00,1.5,3,4,3.0,9.0,350.39790630340576,1.5,348.89790630340576,0.0
2024-04-11 12:00:00,0.0,3,4,1.5,3.0,333.20709228515625,0.0,333.20709228515625,0.0
2024-04-11 13:00:00,1.5,3,4,0.0,1.5,340.7055616378784,1.5,339.2055616378784,0.0
2024-04-11 14:00:00,6.0,3,4,1.5,0.0,289.2968416213989,6.0,283.2968416213989,0.0
2024-04-11 15:00:00,6.0,3,4,6.0,1.5,272.26974964141846,6.0,266.26974964141846,0.0
2024-04-11 16:00:00,6.0,3,4,6.0,6.0,133.49895000457764,6.0,127.49895000457764,0.0
2024-04-11 17:00:00,36.0,3,4,6.0,6.0,3.9948177337646484,3.9948177337646484,0.0,32.00518226623535
2024-04-11 18:00:00,177.0,3,4,36.0,6.0,0.0,0.0,0.0,177.0
2024-04-11 19:00:00,180.0,3,4,177.0,36.0,0.0,0.0,0.0,180.0
2024-04-11 20:00:00,181.5,3,4,180.0,177.0,0.0,0.0,0.0,181.5
2024-04-11 21:00:00,174.0,3,4,181.5,180.0,0.0,0.0,0.0,174.0
2024-04-11 22:00:00,169.5,3,4,174.0,181.5,0.0,0.0,0.0,169.5
2024-04-11 23:00:00,174.0,3,4,169.5,174.0,0.0,0.0,0.0,174.0
2024-04-12 00:00:00,171.0,4,4,174.0,169.5,0.0,0.0,0.0,171.0
2024-04-12 01:00:00,172.5,4,4,171.0,174.0,0.0,0.0,0.0,172.5
2024-04-12 02:00:00,177.0,4,4,172.5,171.0,0.0,0.0,0.0,177.0
2024-04-12 03:00:00,171.0,4,4,177.0,172.5,0.0,0.0,0.0,171.0
2024-04-12 04:00:00,172.5,4,4,171.0,177.0,0.0,0.0,0.0,172.5
2024-04-12 05:00:00,162.0,4,4,172.5,171.0,0.0,0.0,0.0,162.0
2024-04-12 06:00:00,72.0,4,4,162.0,172.5,1.8009424209594727,1.8009424209594727,0.0,70.19905757904053
2024-04-12 07:00:00,1.5,4,4,72.0,162.0,21.087398529052734,1.5,19.587398529052734,0.0
2024-04-12 08:00:00,0.0,4,4,1.5,72.0,73.28198432922363,0.0,73.28198432922363,0.0
2024-04-12 09:00:00,0.0,4,4,0.0,1.5,155.33946990966797,0.0,155.33946990966797,0.0
2024-04-12 10:00:00,0.0,4,4,0.0,0.0,224.10272598266602,0.0,224.10272598266602,0.0
2024-04-12 11:00:00,0.0,4,4,0.0,0.0,330.685772895813,0.0,330.685772895813,0.0
2024-04-12 12:00:00,0.0,4,4,0.0,0.0,333.3708143234253,0.0,333.3708143234253,0.0
2024-04-12 13:00:00,0.0,4,4,0.0,0.0,301.08482837677,0.0,301.08482837677,0.0
2024-04-12 14:00:00,0.0,4,4,0.0,0.0,275.9043788909912,0.0,275.9043788909912,0.0
2024-04-12 15:00:00,0.0,4,4,0.0,0.0,182.18988418579102,0.0,182.18988418579102,0.0
2024-04-12 16:00:00,0.0,4,4,0.0,0.0,81.07515335083008,0.0,81.07515335083008,0.0
2024-04-12 17:00:00,51.0,4,4,0.0,0.0,23.575973510742184,23.575973510742184,0.0,27.424026489257816
2024-04-12 18:00:00,144.0,4,4,51.0,0.0,0.0,0.0,0.0,144.0
2024-04-12 19:00:00,123.0,4,4,144.0,51.0,0.0,0.0,0.0,123.0
2024-04-12 20:00:00,123.0,4,4,123.0,144.0,0.0,0.0,0.0,123.0
2024-04-12 21:00:00,120.0,4,4,123.0,123.0,0.0,0.0,0.0,120.0
2024-04-12 22:00:00,124.5,4,4,120.0,123.0,0.0,0.0,0.0,124.5
2024-04-12 23:00:00,124.5,4,4,124.5,120.0,0.0,0.0,0.0,124.5
2024-04-13 00:00:00,124.5,5,4,124.5,124.5,0.0,0.0,0.0,124.5
2024-04-13 01:00:00,120.0,5,4,124.5,124.5,0.0,0.0,0.0,120.0
2024-04-13 02:00:00,124.5,5,4,120.0,124.5,0.0,0.0,0.0,124.5
2024-04-13 03:00:00,124.5,5,4,124.5,120.0,0.0,0.0,0.0,124.5
2024-04-13 04:00:00,120.0,5,4,124.5,124.5,0.0,0.0,0.0,120.0
2024-04-13 05:00:00,118.5,5,4,120.0,124.5,0.0,0.0,0.0,118.5
2024-04-13 06:00:00,63.0,5,4,118.5,120.0,6.843581199645996,6.843581199645996,0.0,56.156418800354004
2024-04-13 07:00:00,3.0,5,4,63.0,118.5,97.67656803131104,3.0,94.67656803131104,0.0
2024-04-13 08:00:00,0.0,5,4,3.0,63.0,218.56892108917236,0.0,218.56892108917236,0.0
2024-04-13 09:00:00,1.5,5,4,0.0,3.0,315.8525562286377,1.5,314.3525562286377,0.0
2024-04-13 10:00:00,3.0,5,4,1.5,0.0,383.0113363265991,3.0,380.0113363265991,0.0
2024-04-13 11:00:00,0.0,5,4,3.0,1.5,422.9922580718994,0.0,422.9922580718994,0.0
2024-04-13 12:00:00,0.0,5,4,0.0,3.0,431.6040372848511,0.0,431.6040372848511,0.0
2024-04-13 13:00:00,0.0,5,4,0.0,0.0,408.61746311187744,0.0,408.61746311187744,0.0
2024-04-13 14:00:00,0.0,5,4,0.0,0.0,357.14325428009033,0.0,357.14325428009033,0.0
2024-04-13 15:00:00,0.0,5,4,0.0,0.0,279.2770528793335,0.0,279.2770528793335,0.0
2024-04-13 16:00:00,9.0,5,4,0.0,0.0,163.7875270843506,9.0,154.7875270843506,0.0
2024-04-13 17:00:00,82.5,5,4,9.0,0.0,59.66031074523926,59.66031074523926,0.0,22.839689254760742
2024-04-13 18:00:00,154.5,5,4,82.5,9.0,0.0,0.0,0.0,154.5
2024-04-13 19:00:00,162.0,5,4,154.5,82.5,0.0,0.0,0.0,162.0
2024-04-13 20:00:00,154.5,5,4,162.0,154.5,0.0,0.0,0.0,154.5
2024-04-13 21:00:00,162.0,5,4,154.5,162.0,0.0,0.0,0.0,162.0
2024-04-13 22:00:00,153.0,5,4,162.0,154.5,0.0,0.0,0.0,153.0
2024-04-13 23:00:00,159.0,5,4,153.0,162.0,0.0,0.0,0.0,159.0
2024-04-14 00:00:00,159.0,6,4,159.0,153.0,0.0,0.0,0.0,159.0
2024-04-14 01:00:00,156.0,6,4,159.0,159.0,0.0,0.0,0.0,156.0
2024-04-14 02:00:00,154.5,6,4,156.0,159.0,0.0,0.0,0.0,154.5
2024-04-14 03:00:00,160.5,6,4,154.5,156.0,0.0,0.0,0.0,160.5
2024-04-14 04:00:00,157.5,6,4,160.5,154.5,0.0,0.0,0.0,157.5
2024-04-14 05:00:00,148.5,6,4,157.5,160.5,0.0,0.0,0.0,148.5
2024-04-14 06:00:00,76.5,6,4,148.5,157.5,8.186101913452148,8.186101913452148,0.0,68.31389808654785
2024-04-14 07:00:00,0.0,6,4,76.5,148.5,99.64123249053955,0.0,99.64123249053955,0.0
2024-04-14 08:00:00,0.0,6,4,0.0,76.5,221.024751663208,0.0,221.024751663208,0.0
2024-04-14 09:00:00,0.0,6,4,0.0,0.0,251.0841178894043,0.0,251.0841178894043,0.0
2024-04-14 10:00:00,0.0,6,4,0.0,0.0,337.0709323883057,0.0,337.0709323883057,0.0
2024-04-14 11:00:00,0.0,6,4,0.0,0.0,334.71333503723145,0.0,334.71333503723145,0.0
2024-04-14 12:00:00,0.0,6,4,0.0,0.0,308.74701976776123,0.0,308.74701976776123,0.0
2024-04-14 13:00:00,0.0,6,4,0.0,0.0,367.4904870986939,0.0,367.4904870986939,0.0
2024-04-14 14:00:00,0.0,6,4,0.0,0.0,342.5392484664917,0.0,342.5392484664917,0.0
2024-04-14 15:00:00,3.0,6,4,0.0,0.0,266.8014335632324,3.0,263.8014335632324,0.0
2024-04-14 16:00:00,7.5,6,4,3.0,0.0,165.7194471359253,7.5,158.2194471359253,0.0
2024-04-14 17:00:00,79.5,6,4,7.5,3.0,57.138991355895996,57.138991355895996,0.0,22.361008644104004
2024-04-14 18:00:00,165.0,6,4,79.5,7.5,0.0,0.0,0.0,165.0
2024-04-14 19:00:00,172.5,6,4,165.0,79.5,0.0,0.0,0.0,172.5
2024-04-14 20:00:00,160.5,6,4,172.5,165.0,0.0,0.0,0.0,160.5
2024-04-14 21:00:00,165.0,6,4,160.5,172.5,0.0,0.0,0.0,165.0
2024-04-14 22:00:00,165.0,6,4,165.0,160.5,0.0,0.0,0.0,165.0
2024-04-14 23:00:00,168.0,6,4,165.0,165.0,0.0,0.0,0.0,168.0
2024-04-15 00:00:00,163.5,0,4,168.0,165.0,0.0,0.0,0.0,163.5
2024-04-15 01:00:00,162.0,0,4,163.5,168.0,0.0,0.0,0.0,162.0
2024-04-15 02:00:00,166.5,0,4,162.0,163.5,0.0,0.0,0.0,166.5
2024-04-15 03:00:00,163.5,0,4,166.5,162.0,0.0,0.0,0.0,163.5
2024-04-15 04:00:00,159.0,0,4,163.5,166.5,0.0,0.0,0.0,159.0
2024-04-15 05:00:00,150.0,0,4,159.0,163.5,0.0,0.0,0.0,150.0
2024-04-15 06:00:00,84.0,0,4,150.0,159.0,7.105536460876465,7.105536460876465,0.0,76.89446353912354
2024-04-15 07:00:00,1.5,0,4,84.0,150.0,94.20566082000732,1.5,92.70566082000732,0.0
2024-04-15 08:00:00,0.0,0,4,1.5,84.0,205.3729248046875,0.0,205.3729248046875,0.0
2024-04-15 09:00:00,0.0,0,4,0.0,1.5,290.2791738510132,0.0,290.2791738510132,0.0
2024-04-15 10:00:00,1.5,0,4,0.0,0.0,352.9519701004029,1.5,351.4519701004029,0.0
2024-04-15 11:00:00,0.0,0,4,1.5,0.0,392.21251487731934,0.0,392.21251487731934,0.0
2024-04-15 12:00:00,0.0,0,4,0.0,1.5,402.6907253265381,0.0,402.6907253265381,0.0
2024-04-15 13:00:00,0.0,0,4,0.0,0.0,392.63819217681885,0.0,392.63819217681885,0.0
2024-04-15 14:00:00,0.0,0,4,0.0,0.0,345.35526752471924,0.0,345.35526752471924,0.0
2024-04-15 15:00:00,3.0,0,4,0.0,0.0,269.58470821380615,3.0,266.58470821380615,0.0
2024-04-15 16:00:00,3.0,0,4,3.0,0.0,168.79742145538327,3.0,165.79742145538327,0.0
2024-04-15 17:00:00,55.5,0,4,3.0,3.0,57.56466865539551,55.5,2.064668655395508,0.0
2024-04-15 18:00:00,165.0,0,4,55.5,3.0,0.0,0.0,0.0,165.0
2024-04-15 19:00:00,174.0,0,4,165.0,55.5,0.0,0.0,0.0,174.0
2024-04-15 20:00:00,136.5,0,4,174.0,165.0,0.0,0.0,0.0,136.5
2024-04-15 21:00:00,123.0,0,4,136.5,174.0,0.0,0.0,0.0,123.0
2024-04-15 22:00:00,124.5,0,4,123.0,136.5,0.0,0.0,0.0,124.5
2024-04-15 23:00:00,126.0,0,4,124.5,123.0,0.0,0.0,0.0,126.0
2024-04-16 00:00:00,126.0,1,4,126.0,124.5,0.0,0.0,0.0,126.0
2024-04-16 01:00:00,123.0,1,4,126.0,126.0,0.0,0.0,0.0,123.0
2024-04-16 02:00:00,123.0,1,4,123.0,126.0,0.0,0.0,0.0,123.0
2024-04-16 03:00:00,129.0,1,4,123.0,123.0,0.0,0.0,0.0,129.0
2024-04-16 04:00:00,126.0,1,4,129.0,123.0,0.0,0.0,0.0,126.0
2024-04-16 05:00:00,114.0,1,4,126.0,129.0,0.0,0.0,0.0,114.0
2024-04-16 06:00:00,57.0,1,4,114.0,126.0,8.055124282836914,8.055124282836914,0.0,48.944875717163086
2024-04-16 07:00:00,0.0,1,4,57.0,114.0,94.99152660369874,0.0,94.99152660369874,0.0
2024-04-16 08:00:00,0.0,1,4,0.0,57.0,209.1712760925293,0.0,209.1712760925293,0.0
2024-04-16 09:00:00,0.0,1,4,0.0,0.0,300.5281734466553,0.0,300.5281734466553,0.0
2024-04-16 10:00:00,0.0,1,4,0.0,0.0,368.34184169769287,0.0,368.34184169769287,0.0
2024-04-16 11:00:00,0.0,1,4,0.0,0.0,407.4059200286865,0.0,407.4059200286865,0.0
2024-04-16 12:00:00,0.0,1,4,0.0,0.0,419.1939067840576,0.0,419.1939067840576,0.0
2024-04-16 13:00:00,0.0,1,4,0.0,0.0,395.74891090393066,0.0,395.74891090393066,0.0
2024-04-16 14:00:00,0.0,1,4,0.0,0.0,349.5465517044067,0.0,349.5465517044067,0.0
2024-04-16 15:00:00,0.0,1,4,0.0,0.0,274.49636936187744,0.0,274.49636936187744,0.0
2024-04-16 16:00:00,0.0,1,4,0.0,0.0,171.74441814422605,0.0,171.74441814422605,0.0
2024-04-16 17:00:00,58.5,1,4,0.0,0.0,58.61248970031738,58.5,0.11248970031738281,0.0
2024-04-16 18:00:00,157.5,1,4,58.5,0.0,0.0,0.0,0.0,157.5
2024-04-16 19:00:00,145.5,1,4,157.5,58.5,0.0,0.0,0.0,145.5
2024-04-16 20:00:00,142.5,1,4,145.5,157.5,0.0,0.0,0.0,142.5
2024-04-16 21:00:00,132.0,1,4,142.5,145.5,0.0,0.0,0.0,132.0
2024-04-16 22:00:00,130.5,1,4,132.0,142.5,0.0,0.0,0.0,130.5
2024-04-16 23:00:00,132.0,1,4,130.5,132.0,0.0,0.0,0.0,132.0
2024-04-17 00:00:00,133.5,2,4,132.0,130.5,0.0,0.0,0.0,133.5
2024-04-17 01:00:00,123.0,2,4,133.5,132.0,0.0,0.0,0.0,123.0
2024-04-17 02:00:00,127.5,2,4,123.0,133.5,0.0,0.0,0.0,127.5
2024-04-17 03:00:00,126.0,2,4,127.5,123.0,0.0,0.0,0.0,126.0
2024-04-17 04:00:00,124.5,2,4,126.0,127.5,0.0,0.0,0.0,124.5
2024-04-17 05:00:00,129.0,2,4,124.5,126.0,0.0,0.0,0.0,129.0
2024-04-17 06:00:00,61.5,2,4,129.0,124.5,9.233922958374023,9.233922958374023,0.0,52.26607704162598
2024-04-17 07:00:00,0.0,2,4,61.5,129.0,97.48010158538818,0.0,97.48010158538818,0.0
2024-04-17 08:00:00,3.0,2,4,0.0,61.5,213.29707145690918,3.0,210.29707145690918,0.0
2024-04-17 09:00:00,0.0,2,4,3.0,0.0,305.34160137176514,0.0,305.34160137176514,0.0
2024-04-17 10:00:00,0.0,2,4,0.0,3.0,364.2815351486206,0.0,364.2815351486206,0.0
2024-04-17 11:00:00,0.0,2,4,0.0,0.0,403.8695240020752,0.0,403.8695240020752,0.0
2024-04-17 12:00:00,0.0,2,4,0.0,0.0,414.38047885894775,0.0,414.38047885894775,0.0
2024-04-17 13:00:00,0.0,2,4,0.0,0.0,405.67046642303467,0.0,405.67046642303467,0.0
2024-04-17 14:00:00,3.0,2,4,0.0,0.0,358.6822414398193,3.0,355.6822414398193,0.0
2024-04-17 15:00:00,19.5,2,4,3.0,0.0,281.79837226867676,19.5,262.29837226867676,0.0
2024-04-17 16:00:00,87.0,2,4,19.5,3.0,177.5074338912964,87.0,90.50743389129639,0.0
2024-04-17 17:00:00,120.0,2,4,87.0,19.5,59.0709114074707,59.0709114074707,0.0,60.9290885925293
2024-04-17 18:00:00,163.5,2,4,120.0,87.0,0.0,0.0,0.0,163.5
2024-04-17 19:00:00,178.5,2,4,163.5,120.0,0.0,0.0,0.0,178.5
2024-04-17 20:00:00,141.0,2,4,178.5,163.5,0.0,0.0,0.0,141.0
2024-04-17 21:00:00,133.5,2,4,141.0,178.5,0.0,0.0,0.0,133.5
2024-04-17 22:00:00,138.0,2,4,133.5,141.0,0.0,0.0,0.0,138.0
2024-04-17 23:00:00,138.0,2,4,138.0,133.5,0.0,0.0,0.0,138.0
2024-04-18 00:00:00,133.5,3,4,138.0,138.0,0.0,0.0,0.0,133.5
2024-04-18 01:00:00,130.5,3,4,133.5,138.0,0.0,0.0,0.0,130.5
2024-04-18 02:00:00,132.0,3,4,130.5,133.5,0.0,0.0,0.0,132.0
2024-04-18 03:00:00,135.0,3,4,132.0,130.5,0.0,0.0,0.0,135.0
2024-04-18 04:00:00,133.5,3,4,135.0,132.0,0.0,0.0,0.0,133.5
2024-04-18 05:00:00,132.0,3,4,133.5,135.0,0.0,0.0,0.0,132.0
2024-04-18 06:00:00,72.0,3,4,132.0,133.5,9.364900588989258,9.364900588989258,0.0,62.63509941101074
2024-04-18 07:00:00,4.5,3,4,72.0,132.0,100.2306318283081,4.5,95.7306318283081,0.0
2024-04-18 08:00:00,3.0,3,4,4.5,72.0,220.50084114074707,3.0,217.50084114074707,0.0
2024-04-18 09:00:00,0.0,3,4,3.0,4.5,257.469277381897,0.0,257.469277381897,0.0
2024-04-18 10:00:00,0.0,3,4,0.0,3.0,316.147255897522,0.0,316.147255897522,0.0
2024-04-18 11:00:00,0.0,3,4,0.0,0.0,350.2341842651368,0.0,350.2341842651368,0.0
2024-04-18 12:00:00,0.0,3,4,0.0,0.0,342.5392484664917,0.0,342.5392484664917,0.0
2024-04-18 13:00:00,1.5,3,4,0.0,0.0,400.72606086730957,1.5,399.22606086730957,0.0
2024-04-18 14:00:00,0.0,3,4,1.5,0.0,354.6546792984009,0.0,354.6546792984009,0.0
2024-04-18 15:00:00,3.0,3,4,0.0,1.5,278.78588676452637,3.0,275.78588676452637,0.0
2024-04-18 16:00:00,0.0,3,4,3.0,0.0,174.8878812789917,0.0,174.8878812789917,0.0
2024-04-18 17:00:00,25.5,3,4,0.0,3.0,57.72839069366455,25.5,32.22839069366455,0.0
2024-04-18 18:00:00,172.5,3,4,25.5,0.0,0.0,0.0,0.0,172.5
2024-04-18 19:00:00,171.0,3,4,172.5,25.5,0.0,0.0,0.0,171.0
2024-04-18 20:00:00,160.5,3,4,171.0,172.5,0.0,0.0,0.0,160.5
2024-04-18 21:00:00,169.5,3,4,160.5,171.0,0.0,0.0,0.0,169.5
2024-04-18 22:00:00,165.0,3,4,169.5,160.5,0.0,0.0,0.0,165.0
2024-04-18 23:00:00,154.5,3,4,165.0,169.5,0.0,0.0,0.0,154.5
2024-04-19 00:00:00,148.5,4,4,154.5,165.0,0.0,0.0,0.0,148.5
2024-04-19 01:00:00,148.5,4,4,148.5,154.5,0.0,0.0,0.0,148.5
2024-04-19 02:00:00,153.0,4,4,148.5,148.5,0.0,0.0,0.0,153.0
2024-04-19 03:00:00,136.5,4,4,153.0,148.5,0.0,0.0,0.0,136.5
2024-04-19 04:00:00,136.5,4,4,136.5,153.0,0.0,0.0,0.0,136.5
2024-04-19 05:00:00,123.0,4,4,136.5,136.5,0.0,0.0,0.0,123.0
2024-04-19 06:00:00,36.0,4,4,123.0,136.5,10.01978874206543,10.01978874206543,0.0,25.98021125793457
2024-04-19 07:00:00,0.0,4,4,36.0,123.0,99.18281078338623,0.0,99.18281078338623,0.0
2024-04-19 08:00:00,0.0,4,4,0.0,36.0,217.1936559677124,0.0,217.1936559677124,0.0
2024-04-19 09:00:00,3.0,4,4,0.0,0.0,306.7496109008789,3.0,303.7496109008789,0.0
2024-04-19 10:00:00,3.0,4,4,3.0,0.0,361.79296016693115,3.0,358.79296016693115,0.0
2024-04-19 11:00:00,3.0,4,4,3.0,3.0,393.2603359222412,3.0,390.2603359222412,0.0
2024-04-19 12:00:00,0.0,4,4,3.0,3.0,394.57011222839355,0.0,394.57011222839355,0.0
2024-04-19 13:00:00,0.0,4,4,0.0,3.0,373.8429021835327,0.0,373.8429021835327,0.0
2024-04-19 14:00:00,1.5,4,4,0.0,0.0,334.2876577377319,1.5,332.7876577377319,0.0
2024-04-19 15:00:00,3.0,4,4,1.5,0.0,267.25985527038574,3.0,264.25985527038574,0.0
2024-04-19 16:00:00,1.5,4,4,3.0,1.5,169.05937671661377,1.5,167.55937671661377,0.0
2024-04-19 17:00:00,16.5,4,4,1.5,3.0,56.64782524108887,16.5,40.14782524108887,0.0
2024-04-19 18:00:00,130.5,4,4,16.5,1.5,0.0,0.0,0.0,130.5
2024-04-19 19:00:00,145.5,4,4,130.5,16.5,0.0,0.0,0.0,145.5
2024-04-19 20:00:00,156.0,4,4,145.5,130.5,0.0,0.0,0.0,156.0
2024-04-19 21:00:00,160.5,4,4,156.0,145.5,0.0,0.0,0.0,160.5
2024-04-19 22:00:00,153.0,4,4,160.5,156.0,0.0,0.0,0.0,153.0
2024-04-19 23:00:00,148.5,4,4,153.0,160.5,0.0,0.0,0.0,148.5
2024-04-20 00:00:00,135.0,5,4,148.5,153.0,0.0,0.0,0.0,135.0
2024-04-20 01:00:00,136.5,5,4,135.0,148.5,0.0,0.0,0.0,136.5
2024-04-20 02:00:00,145.5,5,4,136.5,135.0,0.0,0.0,0.0,145.5
2024-04-20 03:00:00,141.0,5,4,145.5,136.5,0.0,0.0,0.0,141.0
2024-04-20 04:00:00,132.0,5,4,141.0,145.5,0.0,0.0,0.0,132.0
2024-04-20 05:00:00,120.0,5,4,132.0,141.0,0.0,0.0,0.0,120.0
2024-04-20 06:00:00,57.0,5,4,120.0,132.0,9.823322296142578,9.823322296142578,0.0,47.17667770385742
2024-04-20 07:00:00,1.5,5,4,57.0,120.0,101.31119728088379,1.5,99.81119728088379,0.0
2024-04-20 08:00:00,0.0,5,4,1.5,57.0,223.77528190612793,0.0,223.77528190612793,0.0
2024-04-20 09:00:00,3.0,5,4,0.0,1.5,317.2933101654053,3.0,314.2933101654053,0.0
2024-04-20 10:00:00,3.0,5,4,3.0,0.0,380.1953172683716,3.0,377.1953172683716,0.0
2024-04-20 11:00:00,3.0,5,4,3.0,3.0,411.8591594696045,3.0,408.8591594696045,0.0
2024-04-20 12:00:00,3.0,5,4,3.0,3.0,416.0831880569458,3.0,413.0831880569458,0.0
2024-04-20 13:00:00,1.5,5,4,3.0,3.0,392.8346586227417,1.5,391.3346586227417,0.0
2024-04-20 14:00:00,0.0,5,4,1.5,3.0,346.4030885696411,0.0,346.4030885696411,0.0
2024-04-20 15:00:00,4.5,5,4,0.0,1.5,273.9724588394165,4.5,269.4724588394165,0.0
2024-04-20 16:00:00,1.5,5,4,4.5,0.0,170.6965970993042,1.5,169.1965970993042,0.0
2024-04-20 17:00:00,30.0,5,4,1.5,4.5,56.12391471862793,30.0,26.12391471862793,0.0
2024-04-20 18:00:00,177.0,5,4,30.0,1.5,0.0,0.0,0.0,177.0
2024-04-20 19:00:00,202.5,5,4,177.0,30.0,0.0,0.0,0.0,202.5
2024-04-20 20:00:00,211.5,5,4,202.5,177.0,0.0,0.0,0.0,211.5
2024-04-20 21:00:00,210.0,5,4,211.5,202.5,0.0,0.0,0.0,210.0
2024-04-20 22:00:00,211.5,5,4,210.0,211.5,0.0,0.0,0.0,211.5
2024-04-20 23:00:00,204.0,5,4,211.5,210.0,0.0,0.0,0.0,204.0
2024-04-21 00:00:00,196.5,6,4,204.0,211.5,0.0,0.0,0.0,196.5
2024-04-21 01:00:00,190.5,6,4,196.5,204.0,0.0,0.0,0.0,190.5
2024-04-21 02:00:00,201.0,6,4,190.5,196.5,0.0,0.0,0.0,201.0
2024-04-21 03:00:00,198.0,6,4,201.0,190.5,0.0,0.0,0.0,198.0
2024-04-21 04:00:00,192.0,6,4,198.0,201.0,0.0,0.0,0.0,192.0
2024-04-21 05:00:00,174.0,6,4,192.0,198.0,0.0,0.0,0.0,174.0
2024-04-21 06:00:00,78.0,6,4,174.0,192.0,10.93663215637207,10.93663215637207,0.0,67.06336784362793
2024-04-21 07:00:00,0.0,6,4,78.0,174.0,100.26337623596191,0.0,100.26337623596191,0.0
2024-04-21 08:00:00,0.0,6,4,0.0,78.0,219.38753128051758,0.0,219.38753128051758,0.0
2024-04-21 09:00:00,0.0,6,4,0.0,0.0,307.077054977417,0.0,307.077054977417,0.0
2024-04-21 10:00:00,0.0,6,4,0.0,0.0,361.4327716827392,0.0,361.4327716827392,0.0
2024-04-21 11:00:00,0.0,6,4,0.0,0.0,349.3173408508301,0.0,349.3173408508301,0.0
2024-04-21 12:00:00,0.0,6,4,0.0,0.0,338.7408971786499,0.0,338.7408971786499,0.0
2024-04-21 13:00:00,3.0,6,4,0.0,0.0,379.278473854065,3.0,376.278473854065,0.0
2024-04-21 14:00:00,0.0,6,4,3.0,0.0,336.48153305053717,0.0,336.48153305053717,0.0
2024-04-21 15:00:00,0.0,6,4,0.0,3.0,243.25820446014404,0.0,243.25820446014404,0.0
2024-04-21 16:00:00,0.0,6,4,0.0,0.0,150.06762027740479,0.0,150.06762027740479,0.0
2024-04-21 17:00:00,36.0,6,4,0.0,0.0,56.484103202819824,36.0,20.484103202819824,0.0
2024-04-21 18:00:00,252.0,6,4,36.0,0.0,0.0,0.0,0.0,252.0
2024-04-21 19:00:00,223.5,6,4,252.0,36.0,0.0,0.0,0.0,223.5
2024-04-21 20:00:00,453.0,6,4,223.5,252.0,0.0,0.0,0.0,453.0
2024-04-21 21:00:00,1255.5,6,4,453.0,223.5,0.0,0.0,0.0,1255.5
2024-04-21 22:00:00,2146.5,6,4,1255.5,453.0,0.0,0.0,0.0,2146.5
2024-04-21 23:00:00,2566.5,6,4,2146.5,1255.5,0.0,0.0,0.0,2566.5
2024-04-22 00:00:00,2476.5,0,4,2566.5,2146.5,0.0,0.0,0.0,2476.5
2024-04-22 01:00:00,2340.0,0,4,2476.5,2566.5,0.0,0.0,0.0,2340.0
2024-04-22 02:00:00,2610.0,0,4,2340.0,2476.5,0.0,0.0,0.0,2610.0
2024-04-22 03:00:00,1611.0,0,4,2610.0,2340.0,0.0,0.0,0.0,1611.0
2024-04-22 04:00:00,900.0,0,4,1611.0,2610.0,0.0,0.0,0.0,900.0
2024-04-22 05:00:00,759.0,0,4,900.0,1611.0,0.0,0.0,0.0,759.0
2024-04-22 06:00:00,1590.0,0,4,759.0,900.0,0.8513545989990234,0.8513545989990234,0.0,1589.148645401001
2024-04-22 07:00:00,2049.0,0,4,1590.0,759.0,10.24899959564209,10.24899959564209,0.0,2038.751000404358
2024-04-22 08:00:00,1779.0,0,4,2049.0,1590.0,68.76325607299805,68.76325607299805,0.0,1710.236743927002
2024-04-22 09:00:00,1513.5,0,4,1779.0,2049.0,178.62074375152588,178.62074375152588,0.0,1334.8792562484741
2024-04-22 10:00:00,1236.0,0,4,1513.5,1779.0,255.53735733032227,255.53735733032227,0.0,980.4626426696777
2024-04-22 11:00:00,1308.0,0,4,1236.0,1513.5,296.20591163635254,296.20591163635254,0.0,1011.7940883636475
2024-04-22 12:00:00,1275.0,0,4,1308.0,1236.0,306.7168664932251,306.7168664932251,0.0,968.2831335067749
2024-04-22 13:00:00,1455.0,0,4,1275.0,1308.0,305.6690454483032,305.6690454483032,0.0,1149.3309545516968
2024-04-22 14:00:00,1641.0,0,4,1455.0,1275.0,295.6820011138916,295.6820011138916,0.0,1345.3179988861084
2024-04-22 15:00:00,1563.0,0,4,1641.0,1455.0,236.11992359161377,236.11992359161377,0.0,1326.8800764083862
2024-04-22 16:00:00,2097.0,0,4,1563.0,1641.0,118.56750011444092,118.56750011444092,0.0,1978.432499885559
2024-04-22 17:00:00,1908.0,0,4,2097.0,1563.0,47.872323989868164,47.872323989868164,0.0,1860.1276760101318
2024-04-22 18:00:00,2451.0,0,4,1908.0,2097.0,0.0,0.0,0.0,2451.0
2024-04-22 19:00:00,2647.5,0,4,2451.0,1908.0,0.0,0.0,0.0,2647.5
2024-04-22 20:00:00,2746.5,0,4,2647.5,2451.0,0.0,0.0,0.0,2746.5
2024-04-22 21:00:00,2791.5,0,4,2746.5,2647.5,0.0,0.0,0.0,2791.5
2024-04-22 22:00:00,2887.5,0,4,2791.5,2746.5,0.0,0.0,0.0,2887.5
2024-04-22 23:00:00,2871.0,0,4,2887.5,2791.5,0.0,0.0,0.0,2871.0
2024-04-23 00:00:00,2394.0,1,4,2871.0,2887.5,0.0,0.0,0.0,2394.0
2024-04-23 01:00:00,2613.0,1,4,2394.0,2871.0,0.0,0.0,0.0,2613.0
2024-04-23 02:00:00,2586.0,1,4,2613.0,2394.0,0.0,0.0,0.0,2586.0
2024-04-23 03:00:00,2632.5,1,4,2586.0,2613.0,0.0,0.0,0.0,2632.5
2024-04-23 04:00:00,2727.0,1,4,2632.5,2586.0,0.0,0.0,0.0,2727.0
2024-04-23 05:00:00,2521.5,1,4,2727.0,2632.5,0.0,0.0,0.0,2521.5
2024-04-23 06:00:00,2452.5,1,4,2521.5,2727.0,10.379977226257324,10.379977226257324,0.0,2442.1200227737427
2024-04-23 07:00:00,2091.0,1,4,2452.5,2521.5,98.62615585327148,98.62615585327148,0.0,1992.3738441467285
2024-04-23 08:00:00,1758.0,1,4,2091.0,2452.5,213.59177112579346,213.59177112579346,0.0,1544.4082288742065
2024-04-23 09:00:00,1467.0,1,4,1758.0,2091.0,214.73782539367676,214.73782539367676,0.0,1252.2621746063232
2024-04-23 10:00:00,1299.0,1,4,1467.0,1758.0,296.8935441970825,296.8935441970825,0.0,1002.1064558029175
2024-04-23 11:00:00,1281.0,1,4,1299.0,1467.0,385.6636333465576,385.6636333465576,0.0,895.3363666534424
2024-04-23 12:00:00,1221.0,1,4,1281.0,1299.0,391.3939046859741,391.3939046859741,0.0,829.6060953140259
2024-04-23 13:00:00,813.0,1,4,1221.0,1281.0,376.03677749633795,376.03677749633795,0.0,436.96322250366205
2024-04-23 14:00:00,468.0,1,4,813.0,1221.0,329.5069742202759,329.5069742202759,0.0,138.49302577972412
2024-04-23 15:00:00,1440.0,1,4,468.0,813.0,257.5675106048584,257.5675106048584,0.0,1182.4324893951416
2024-04-23 16:00:00,1585.5,1,4,1440.0,468.0,158.9413547515869,158.9413547515869,0.0,1426.558645248413
2024-04-23 17:00:00,1878.0,1,4,1585.5,1440.0,55.272560119628906,55.272560119628906,0.0,1822.727439880371
2024-04-23 18:00:00,2221.5,1,4,1878.0,1585.5,0.0,0.0,0.0,2221.5
2024-04-23 19:00:00,2661.0,1,4,2221.5,1878.0,0.0,0.0,0.0,2661.0
2024-04-23 20:00:00,2704.5,1,4,2661.0,2221.5,0.0,0.0,0.0,2704.5
2024-04-23 21:00:00,2653.5,1,4,2704.5,2661.0,0.0,0.0,0.0,2653.5
2024-04-23 22:00:00,2776.5,1,4,2653.5,2704.5,0.0,0.0,0.0,2776.5
2024-04-23 23:00:00,2800.5,1,4,2776.5,2653.5,0.0,0.0,0.0,2800.5
2024-04-24 00:00:00,2836.5,2,4,2800.5,2776.5,0.0,0.0,0.0,2836.5
2024-04-24 01:00:00,2908.5,2,4,2836.5,2800.5,0.0,0.0,0.0,2908.5
2024-04-24 02:00:00,2532.0,2,4,2908.5,2836.5,0.0,0.0,0.0,2532.0
2024-04-24 03:00:00,2514.0,2,4,2532.0,2908.5,0.0,0.0,0.0,2514.0
2024-04-24 04:00:00,2940.0,2,4,2514.0,2532.0,0.0,0.0,0.0,2940.0
2024-04-24 05:00:00,2721.0,2,4,2940.0,2514.0,0.0,0.0,0.0,2721.0
2024-04-24 06:00:00,2584.5,2,4,2721.0,2940.0,9.33215618133545,9.33215618133545,0.0,2575.1678438186646
2024-04-24 07:00:00,2175.0,2,4,2584.5,2721.0,96.85795783996582,96.85795783996582,0.0,2078.142042160034
2024-04-24 08:00:00,1236.0,2,4,2175.0,2584.5,166.86550140380862,166.86550140380862,0.0,1069.1344985961914
2024-04-24 09:00:00,1461.0,2,4,1236.0,2175.0,252.42663860321045,252.42663860321045,0.0,1208.5733613967896
2024-04-24 10:00:00,1362.0,2,4,1461.0,1236.0,328.65561962127686,328.65561962127686,0.0,1033.3443803787231
2024-04-24 11:00:00,1392.0,2,4,1362.0,1461.0,306.6186332702637,306.6186332702637,0.0,1085.3813667297363
2024-04-24 12:00:00,1245.0,2,4,1392.0,1362.0,315.1321792602539,315.1321792602539,0.0,929.8678207397461
2024-04-24 13:00:00,1552.5,2,4,1245.0,1392.0,318.2101535797119,318.2101535797119,0.0,1234.289846420288
2024-04-24 14:00:00,1342.5,2,4,1552.5,1245.0,261.62781715393066,261.62781715393066,0.0,1080.8721828460693
2024-04-24 15:00:00,1548.0,2,4,1342.5,1552.5,174.42945957183835,174.42945957183835,0.0,1373.5705404281616
2024-04-24 16:00:00,2077.5,2,4,1548.0,1342.5,21.87326431274414,21.87326431274414,0.0,2055.626735687256
2024-04-24 17:00:00,2553.0,2,4,2077.5,1548.0,36.47727012634277,36.47727012634277,0.0,2516.522729873657
2024-04-24 18:00:00,2815.5,2,4,2553.0,2077.5,0.0,0.0,0.0,2815.5
2024-04-24 19:00:00,2790.0,2,4,2815.5,2553.0,0.0,0.0,0.0,2790.0
2024-04-24 20:00:00,2790.0,2,4,2790.0,2815.5,0.0,0.0,0.0,2790.0
2024-04-24 21:00:00,2737.5,2,4,2790.0,2790.0,0.0,0.0,0.0,2737.5
2024-04-24 22:00:00,2797.5,2,4,2737.5,2790.0,0.0,0.0,0.0,2797.5
2024-04-24 23:00:00,2811.0,2,4,2797.5,2737.5,0.0,0.0,0.0,2811.0
2024-04-25 00:00:00,2536.5,3,4,2811.0,2797.5,0.0,0.0,0.0,2536.5
2024-04-25 01:00:00,2661.0,3,4,2536.5,2811.0,0.0,0.0,0.0,2661.0
2024-04-25 02:00:00,2706.0,3,4,2661.0,2536.5,0.0,0.0,0.0,2706.0
2024-04-25 03:00:00,2748.0,3,4,2706.0,2661.0,0.0,0.0,0.0,2748.0
2024-04-25 04:00:00,2239.5,3,4,2748.0,2706.0,0.0,0.0,0.0,2239.5
2024-04-25 05:00:00,2685.0,3,4,2239.5,2748.0,0.0,0.0,0.0,2685.0
2024-04-25 06:00:00,2527.5,3,4,2685.0,2239.5,10.543699264526367,10.543699264526367,0.0,2516.9563007354736
2024-04-25 07:00:00,2284.5,3,4,2527.5,2685.0,97.21814632415771,97.21814632415771,0.0,2187.2818536758423
2024-04-25 08:00:00,1962.0,3,4,2284.5,2527.5,207.07563400268555,207.07563400268555,0.0,1754.9243659973145
2024-04-25 09:00:00,1626.0,3,4,1962.0,2284.5,295.55102348327637,295.55102348327637,0.0,1330.4489765167236
2024-04-25 10:00:00,1332.0,3,4,1626.0,1962.0,357.96186447143555,357.96186447143555,0.0,974.0381355285645
2024-04-25 11:00:00,1320.0,3,4,1332.0,1626.0,393.09661388397217,393.09661388397217,0.0,926.9033861160278
2024-04-25 12:00:00,1458.0,3,4,1320.0,1332.0,400.5623388290405,400.5623388290405,0.0,1057.4376611709595
2024-04-25 13:00:00,1413.0,3,4,1458.0,1320.0,381.7670488357544,381.7670488357544,0.0,1031.2329511642456
2024-04-25 14:00:00,1641.0,3,4,1413.0,1458.0,334.8443126678467,334.8443126678467,0.0,1306.1556873321533
2024-04-25 15:00:00,1995.0,3,4,1641.0,1413.0,262.2172164916992,262.2172164916992,0.0,1732.7827835083008
2024-04-25 16:00:00,2107.5,3,4,1995.0,1641.0,147.61178970336914,147.61178970336914,0.0,1959.8882102966309
2024-04-25 17:00:00,2473.5,3,4,2107.5,1995.0,55.272560119628906,55.272560119628906,0.0,2418.227439880371
2024-04-25 18:00:00,2782.5,3,4,2473.5,2107.5,0.0,0.0,0.0,2782.5
2024-04-25 19:00:00,2565.0,3,4,2782.5,2473.5,0.0,0.0,0.0,2565.0
2024-04-25 20:00:00,2827.5,3,4,2565.0,2782.5,0.0,0.0,0.0,2827.5
2024-04-25 21:00:00,2163.0,3,4,2827.5,2565.0,0.0,0.0,0.0,2163.0
2024-04-25 22:00:00,2757.0,3,4,2163.0,2827.5,0.0,0.0,0.0,2757.0
2024-04-25 23:00:00,2263.5,3,4,2757.0,2163.0,0.0,0.0,0.0,2263.5
2024-04-26 00:00:00,2116.5,4,4,2263.5,2757.0,0.0,0.0,0.0,2116.5
2024-04-26 01:00:00,3037.5,4,4,2116.5,2263.5,0.0,0.0,0.0,3037.5
2024-04-26 02:00:00,2221.5,4,4,3037.5,2116.5,0.0,0.0,0.0,2221.5
2024-04-26 03:00:00,2551.5,4,4,2221.5,3037.5,0.0,0.0,0.0,2551.5
2024-04-26 04:00:00,2760.0,4,4,2551.5,2221.5,0.0,0.0,0.0,2760.0
2024-04-26 05:00:00,2176.5,4,4,2760.0,2551.5,0.0,0.0,0.0,2176.5
2024-04-26 06:00:00,1018.5,4,4,2176.5,2760.0,11.526031494140627,11.526031494140627,0.0,1006.9739685058594
2024-04-26 07:00:00,165.0,4,4,1018.5,2176.5,79.86361026763916,79.86361026763916,0.0,85.13638973236084
2024-04-26 08:00:00,0.0,4,4,165.0,1018.5,164.04948234558105,0.0,164.04948234558105,0.0
2024-04-26 09:00:00,0.0,4,4,0.0,165.0,244.92816925048828,0.0,244.92816925048828,0.0
2024-04-26 10:00:00,0.0,4,4,0.0,0.0,301.28129482269287,0.0,301.28129482269287,0.0
2024-04-26 11:00:00,0.0,4,4,0.0,0.0,393.2603359222412,0.0,393.2603359222412,0.0
2024-04-26 12:00:00,0.0,4,4,0.0,0.0,312.1524381637573,0.0,312.1524381637573,0.0
2024-04-26 13:00:00,3.0,4,4,0.0,0.0,318.1446647644043,3.0,315.1446647644043,0.0
2024-04-26 14:00:00,3.0,4,4,3.0,0.0,329.37599658966064,3.0,326.37599658966064,0.0
2024-04-26 15:00:00,1.5,4,4,3.0,3.0,257.9276990890503,1.5,256.4276990890503,0.0
2024-04-26 16:00:00,18.0,4,4,1.5,3.0,159.46526527404785,18.0,141.46526527404785,0.0
2024-04-26 17:00:00,69.0,4,4,18.0,1.5,54.32297229766846,54.32297229766846,0.0,14.677027702331543
2024-04-26 18:00:00,168.0,4,4,69.0,18.0,0.0,0.0,0.0,168.0
2024-04-26 19:00:00,180.0,4,4,168.0,69.0,0.0,0.0,0.0,180.0
2024-04-26 20:00:00,177.0,4,4,180.0,168.0,0.0,0.0,0.0,177.0
2024-04-26 21:00:00,162.0,4,4,177.0,180.0,0.0,0.0,0.0,162.0
2024-04-26 22:00:00,183.0,4,4,162.0,177.0,0.0,0.0,0.0,183.0
2024-04-26 23:00:00,189.0,4,4,183.0,162.0,0.0,0.0,0.0,189.0
2024-04-27 00:00:00,196.5,5,4,189.0,183.0,0.0,0.0,0.0,196.5
2024-04-27 01:00:00,177.0,5,4,196.5,189.0,0.0,0.0,0.0,177.0
2024-04-27 02:00:00,166.5,5,4,177.0,196.5,0.0,0.0,0.0,166.5
2024-04-27 03:00:00,163.5,5,4,166.5,177.0,0.0,0.0,0.0,163.5
2024-04-27 04:00:00,178.5,5,4,163.5,166.5,0.0,0.0,0.0,178.5
2024-04-27 05:00:00,159.0,5,4,178.5,163.5,0.0,0.0,0.0,159.0
2024-04-27 06:00:00,133.5,5,4,159.0,178.5,11.951708793640137,11.951708793640137,0.0,121.54829120635986
2024-04-27 07:00:00,21.0,5,4,133.5,159.0,98.78987789154053,21.0,77.78987789154053,0.0
2024-04-27 08:00:00,96.0,5,4,21.0,133.5,211.16868495941162,96.0,115.16868495941162,0.0
2024-04-27 09:00:00,843.0,5,4,96.0,21.0,301.8052053451538,301.8052053451538,0.0,541.1947946548462
2024-04-27 10:00:00,816.0,5,4,843.0,96.0,364.67446804046625,364.67446804046625,0.0,451.32553195953375
2024-04-27 11:00:00,1191.0,5,4,816.0,843.0,397.5171089172363,397.5171089172363,0.0,793.4828910827637
2024-04-27 12:00:00,1206.0,5,4,1191.0,816.0,402.88719177246094,402.88719177246094,0.0,803.1128082275391
2024-04-27 13:00:00,1332.0,5,4,1206.0,1191.0,381.53783798217773,381.53783798217773,0.0,950.4621620178223
2024-04-27 14:00:00,1758.0,5,4,1332.0,1206.0,286.8737554550171,286.8737554550171,0.0,1471.126244544983
2024-04-27 15:00:00,1920.0,5,4,1758.0,1332.0,263.7234592437744,263.7234592437744,0.0,1656.2765407562256
2024-04-27 16:00:00,2041.5,5,4,1920.0,1758.0,165.0318145751953,165.0318145751953,0.0,1876.4681854248047
2024-04-27 17:00:00,2745.0,5,4,2041.5,1920.0,50.59010982513428,50.59010982513428,0.0,2694.4098901748657
2024-04-27 18:00:00,2131.5,5,4,2745.0,2041.5,0.0,0.0,0.0,2131.5
2024-04-27 19:00:00,2523.0,5,4,2131.5,2745.0,0.0,0.0,0.0,2523.0
2024-04-27 20:00:00,2602.5,5,4,2523.0,2131.5,0.0,0.0,0.0,2602.5
2024-04-27 21:00:00,2532.0,5,4,2602.5,2523.0,0.0,0.0,0.0,2532.0
2024-04-27 22:00:00,2433.0,5,4,2532.0,2602.5,0.0,0.0,0.0,2433.0
2024-04-27 23:00:00,2559.0,5,4,2433.0,2532.0,0.0,0.0,0.0,2559.0
2024-04-28 00:00:00,2764.5,6,4,2559.0,2433.0,0.0,0.0,0.0,2764.5
2024-04-28 01:00:00,2133.0,6,4,2764.5,2559.0,0.0,0.0,0.0,2133.0
2024-04-28 02:00:00,2863.5,6,4,2133.0,2764.5,0.0,0.0,0.0,2863.5
2024-04-28 03:00:00,2808.0,6,4,2863.5,2133.0,0.0,0.0,0.0,2808.0
2024-04-28 04:00:00,2911.5,6,4,2808.0,2863.5,0.0,0.0,0.0,2911.5
2024-04-28 05:00:00,2605.5,6,4,2911.5,2808.0,0.0,0.0,0.0,2605.5
2024-04-28 06:00:00,2283.0,6,4,2605.5,2911.5,11.820731163024902,11.820731163024902,0.0,2271.179268836975
2024-04-28 07:00:00,2211.0,6,4,2283.0,2605.5,101.21296405792236,101.21296405792236,0.0,2109.7870359420776
2024-04-28 08:00:00,1668.0,6,4,2211.0,2283.0,216.4405345916748,216.4405345916748,0.0,1451.5594654083252
2024-04-28 09:00:00,1515.0,6,4,1668.0,2211.0,304.62122440338135,304.62122440338135,0.0,1210.3787755966187
2024-04-28 10:00:00,1212.0,6,4,1515.0,1668.0,367.06480979919434,367.06480979919434,0.0,844.9351902008057
2024-04-28 11:00:00,864.0,6,4,1212.0,1515.0,402.88719177246094,402.88719177246094,0.0,461.11280822753906
2024-04-28 12:00:00,1476.0,6,4,864.0,1212.0,411.4989709854126,411.4989709854126,0.0,1064.5010290145874
2024-04-28 13:00:00,1110.0,6,4,1476.0,864.0,392.0815372467041,392.0815372467041,0.0,717.9184627532959
2024-04-28 14:00:00,922.5,6,4,1110.0,1476.0,294.01203632354736,294.01203632354736,0.0,628.4879636764526
2024-04-28 15:00:00,1495.5,6,4,922.5,1110.0,213.49353790283203,213.49353790283203,0.0,1282.006462097168
2024-04-28 16:00:00,2113.5,6,4,1495.5,922.5,134.12109375,134.12109375,0.0,1979.37890625
2024-04-28 17:00:00,2220.0,6,4,2113.5,1495.5,46.202359199523926,46.202359199523926,0.0,2173.797640800476
2024-04-28 18:00:00,2422.5,6,4,2220.0,2113.5,0.0,0.0,0.0,2422.5
2024-04-28 19:00:00,2358.0,6,4,2422.5,2220.0,0.0,0.0,0.0,2358.0
2024-04-28 20:00:00,2562.0,6,4,2358.0,2422.5,0.0,0.0,0.0,2562.0
2024-04-28 21:00:00,2574.0,6,4,2562.0,2358.0,0.0,0.0,0.0,2574.0
2024-04-28 22:00:00,2680.5,6,4,2574.0,2562.0,0.0,0.0,0.0,2680.5
2024-04-28 23:00:00,2764.5,6,4,2680.5,2574.0,0.0,0.0,0.0,2764.5
2024-04-29 00:00:00,2883.0,0,4,2764.5,2680.5,0.0,0.0,0.0,2883.0
2024-04-29 01:00:00,2641.5,0,4,2883.0,2764.5,0.0,0.0,0.0,2641.5
2024-04-29 02:00:00,2277.0,0,4,2641.5,2883.0,0.0,0.0,0.0,2277.0
2024-04-29 03:00:00,2773.5,0,4,2277.0,2641.5,0.0,0.0,0.0,2773.5
2024-04-29 04:00:00,2748.0,0,4,2773.5,2277.0,0.0,0.0,0.0,2748.0
2024-04-29 05:00:00,2887.5,0,4,2748.0,2773.5,0.0,0.0,0.0,2887.5
2024-04-29 06:00:00,2418.0,0,4,2887.5,2748.0,11.329565048217773,11.329565048217773,0.0,2406.670434951782
2024-04-29 07:00:00,1731.0,0,4,2418.0,2887.5,90.99670886993407,90.99670886993407,0.0,1640.003291130066
2024-04-29 08:00:00,1806.0,0,4,1731.0,2418.0,185.0386476516724,185.0386476516724,0.0,1620.9613523483276
2024-04-29 09:00:00,1318.5,0,4,1806.0,1731.0,258.0259323120117,258.0259323120117,0.0,1060.4740676879883
2024-04-29 10:00:00,1392.0,0,4,1318.5,1806.0,305.9637451171875,305.9637451171875,0.0,1086.0362548828125
2024-04-29 11:00:00,1398.0,0,4,1392.0,1318.5,344.9950790405274,344.9950790405274,0.0,1053.0049209594727
2024-04-29 12:00:00,675.0,0,4,1398.0,1392.0,345.9446668624878,345.9446668624878,0.0,329.0553331375122
2024-04-29 13:00:00,1566.0,0,4,675.0,1398.0,318.9960193634033,318.9960193634033,0.0,1247.0039806365967
2024-04-29 14:00:00,1521.0,0,4,1566.0,675.0,305.73453426361084,305.73453426361084,0.0,1215.2654657363892
2024-04-29 15:00:00,1987.5,0,4,1521.0,1566.0,224.56114768981934,224.56114768981934,0.0,1762.9388523101807
2024-04-29 16:00:00,2169.0,0,4,1987.5,1521.0,151.86856269836426,151.86856269836426,0.0,2017.1314373016357
2024-04-29 17:00:00,2481.0,0,4,2169.0,1987.5,50.52462100982666,50.52462100982666,0.0,2430.4753789901733
2024-04-29 18:00:00,2697.0,0,4,2481.0,2169.0,0.0,0.0,0.0,2697.0
2024-04-29 19:00:00,2568.0,0,4,2697.0,2481.0,0.0,0.0,0.0,2568.0
2024-04-29 20:00:00,2154.0,0,4,2568.0,2697.0,0.0,0.0,0.0,2154.0
2024-04-29 21:00:00,2064.0,0,4,2154.0,2568.0,0.0,0.0,0.0,2064.0
2024-04-29 22:00:00,2157.0,0,4,2064.0,2154.0,0.0,0.0,0.0,2157.0
2024-04-29 23:00:00,2187.0,0,4,2157.0,2064.0,0.0,0.0,0.0,2187.0
2024-04-30 00:00:00,2644.5,1,4,2187.0,2157.0,0.0,0.0,0.0,2644.5
2024-04-30 01:00:00,2781.0,1,4,2644.5,2187.0,0.0,0.0,0.0,2781.0
2024-04-30 02:00:00,2779.5,1,4,2781.0,2644.5,0.0,0.0,0.0,2779.5
2024-04-30 03:00:00,2196.0,1,4,2779.5,2781.0,0.0,0.0,0.0,2196.0
2024-04-30 04:00:00,2614.5,1,4,2196.0,2779.5,0.0,0.0,0.0,2614.5
2024-04-30 05:00:00,2646.0,1,4,2614.5,2196.0,0.0,0.0,0.0,2646.0
2024-04-30 06:00:00,2644.5,1,4,2646.0,2614.5,12.11543083190918,12.11543083190918,0.0,2632.384569168091
2024-04-30 07:00:00,1680.0,1,4,2644.5,2646.0,102.45725154876709,102.45725154876709,0.0,1577.542748451233
2024-04-30 08:00:00,1851.0,1,4,1680.0,2644.5,223.3168601989746,223.3168601989746,0.0,1627.6831398010254
2024-04-30 09:00:00,921.0,1,4,1851.0,1680.0,307.4372434616089,307.4372434616089,0.0,613.5627565383911
2024-04-30 10:00:00,1566.0,1,4,921.0,1851.0,344.9623346328736,344.9623346328736,0.0,1221.0376653671265
2024-04-30 11:00:00,672.0,1,4,1566.0,921.0,406.4890766143799,406.4890766143799,0.0,265.5109233856201
2024-04-30 12:00:00,1266.0,1,4,672.0,1566.0,411.7936706542969,411.7936706542969,0.0,854.2063293457031
2024-04-30 13:00:00,1377.0,1,4,1266.0,672.0,391.7868375778198,391.7868375778198,0.0,985.2131624221802
2024-04-30 14:00:00,1092.0,1,4,1377.0,1266.0,344.70037937164307,344.70037937164307,0.0,747.2996206283569
2024-04-30 15:00:00,1482.0,1,4,1092.0,1377.0,270.2395963668823,270.2395963668823,0.0,1211.7604036331177
2024-04-30 16:00:00,2316.0,1,4,1482.0,1092.0,166.89824581146243,166.89824581146243,0.0,2149.1017541885376
2024-04-30 17:00:00,2275.5,1,4,2316.0,1482.0,52.489285469055176,52.489285469055176,0.0,2223.010714530945
2024-04-30 18:00:00,2346.0,1,4,2275.5,2316.0,0.0,0.0,0.0,2346.0
2024-04-30 19:00:00,2791.5,1,4,2346.0,2275.5,0.0,0.0,0.0,2791.5
2024-04-30 20:00:00,2781.0,1,4,2791.5,2346.0,0.0,0.0,0.0,2781.0
2024-04-30 21:00:00,2722.5,1,4,2781.0,2791.5,0.0,0.0,0.0,2722.5
2024-04-30 22:00:00,2694.0,1,4,2722.5,2781.0,0.0,0.0,0.0,2694.0
2024-04-30 23:00:00,2331.0,1,4,2694.0,2722.5,0.0,0.0,0.0,2331.0
2024-05-01 00:00:00,1347.0,2,5,2331.0,2694.0,0.0,0.0,0.0,1347.0
2024-05-01 01:00:00,1300.5,2,5,1347.0,2331.0,0.0,0.0,0.0,1300.5
2024-05-01 02:00:00,1236.0,2,5,1300.5,1347.0,0.0,0.0,0.0,1236.0
2024-05-01 03:00:00,1131.0,2,5,1236.0,1300.5,0.0,0.0,0.0,1131.0
2024-05-01 04:00:00,1084.5,2,5,1131.0,1236.0,0.0,0.0,0.0,1084.5
2024-05-01 05:00:00,768.0,2,5,1084.5,1131.0,0.0,0.0,0.0,768.0
2024-05-01 06:00:00,91.5,2,5,768.0,1084.5,12.246408462524414,12.246408462524414,0.0,79.25359153747559
2024-05-01 07:00:00,0.0,2,5,91.5,768.0,102.98116207122803,0.0,102.98116207122803,0.0
2024-05-01 08:00:00,0.0,2,5,0.0,91.5,216.4732789993286,0.0,216.4732789993286,0.0
2024-05-01 09:00:00,0.0,2,5,0.0,0.0,311.85773849487305,0.0,311.85773849487305,0.0
2024-05-01 10:00:00,0.0,2,5,0.0,0.0,367.6542091369629,0.0,367.6542091369629,0.0
2024-05-01 11:00:00,0.0,2,5,0.0,0.0,388.44690799713135,0.0,388.44690799713135,0.0
2024-05-01 12:00:00,0.0,2,5,0.0,0.0,386.6787099838257,0.0,386.6787099838257,0.0
2024-05-01 13:00:00,0.0,2,5,0.0,0.0,363.0372476577759,0.0,363.0372476577759,0.0
2024-05-01 14:00:00,0.0,2,5,0.0,0.0,340.3453731536866,0.0,340.3453731536866,0.0
2024-05-01 15:00:00,0.0,2,5,0.0,0.0,267.1943664550781,0.0,267.1943664550781,0.0
2024-05-01 16:00:00,18.0,2,5,0.0,0.0,157.729811668396,18.0,139.729811668396,0.0
2024-05-01 17:00:00,27.0,2,5,18.0,0.0,51.343231201171875,27.0,24.343231201171875,0.0
2024-05-01 18:00:00,142.5,2,5,27.0,18.0,0.0,0.0,0.0,142.5
2024-05-01 19:00:00,159.0,2,5,142.5,27.0,0.0,0.0,0.0,159.0
2024-05-01 20:00:00,160.5,2,5,159.0,142.5,0.0,0.0,0.0,160.5
2024-05-01 21:00:00,162.0,2,5,160.5,159.0,0.0,0.0,0.0,162.0
2024-05-01 22:00:00,160.5,2,5,162.0,160.5,0.0,0.0,0.0,160.5
2024-05-01 23:00:00,168.0,2,5,160.5,162.0,0.0,0.0,0.0,168.0
2024-05-02 00:00:00,160.5,3,5,168.0,160.5,0.0,0.0,0.0,160.5
2024-05-02 01:00:00,159.0,3,5,160.5,168.0,0.0,0.0,0.0,159.0
2024-05-02 02:00:00,160.5,3,5,159.0,160.5,0.0,0.0,0.0,160.5
2024-05-02 03:00:00,162.0,3,5,160.5,159.0,0.0,0.0,0.0,162.0
2024-05-02 04:00:00,151.5,3,5,162.0,160.5,0.0,0.0,0.0,151.5
2024-05-02 05:00:00,154.5,3,5,151.5,162.0,0.0,0.0,0.0,154.5
2024-05-02 06:00:00,178.5,3,5,154.5,151.5,12.770318984985352,12.770318984985352,0.0,165.72968101501465
2024-05-02 07:00:00,13.5,3,5,178.5,154.5,101.93334102630615,13.5,88.43334102630615,0.0
2024-05-02 08:00:00,15.0,3,5,13.5,178.5,219.28929805755615,15.0,204.28929805755615,0.0
2024-05-02 09:00:00,202.5,3,5,15.0,13.5,306.6186332702637,202.5,104.11863327026367,0.0
2024-05-02 10:00:00,598.5,3,5,202.5,15.0,336.0558557510376,336.0558557510376,0.0,262.4441442489624
2024-05-02 11:00:00,691.5,3,5,598.5,202.5,359.04242992401123,359.04242992401123,0.0,332.45757007598877
2024-05-02 12:00:00,330.0,3,5,691.5,598.5,344.66763496398926,330.0,14.667634963989258,0.0
2024-05-02 13:00:00,747.0,3,5,330.0,691.5,351.41298294067377,351.41298294067377,0.0,395.58701705932623
2024-05-02 14:00:00,814.5,3,5,747.0,330.0,344.2092132568359,344.2092132568359,0.0,470.2907867431641
2024-05-02 15:00:00,825.0,3,5,814.5,747.0,267.22711086273193,267.22711086273193,0.0,557.7728891372681
2024-05-02 16:00:00,1101.0,3,5,825.0,814.5,141.55407428741455,141.55407428741455,0.0,959.4459257125854
2024-05-02 17:00:00,1278.0,3,5,1101.0,825.0,27.73451328277588,27.73451328277588,0.0,1250.2654867172241
2024-05-02 18:00:00,1498.5,3,5,1278.0,1101.0,0.0,0.0,0.0,1498.5
2024-05-02 19:00:00,1471.5,3,5,1498.5,1278.0,0.0,0.0,0.0,1471.5
2024-05-02 20:00:00,1452.0,3,5,1471.5,1498.5,0.0,0.0,0.0,1452.0
2024-05-02 21:00:00,1713.0,3,5,1452.0,1471.5,0.0,0.0,0.0,1713.0
2024-05-02 22:00:00,1461.0,3,5,1713.0,1452.0,0.0,0.0,0.0,1461.0
2024-05-02 23:00:00,1635.0,3,5,1461.0,1713.0,0.0,0.0,0.0,1635.0
2024-05-03 00:00:00,1543.5,4,5,1635.0,1461.0,0.0,0.0,0.0,1543.5
2024-05-03 01:00:00,1686.0,4,5,1543.5,1635.0,0.0,0.0,0.0,1686.0
2024-05-03 02:00:00,1393.5,4,5,1686.0,1543.5,0.0,0.0,0.0,1393.5
2024-05-03 03:00:00,1683.0,4,5,1393.5,1686.0,0.0,0.0,0.0,1683.0
2024-05-03 04:00:00,1551.0,4,5,1683.0,1393.5,0.0,0.0,0.0,1551.0
2024-05-03 05:00:00,1660.5,4,5,1551.0,1683.0,0.0,0.0,0.0,1660.5
2024-05-03 06:00:00,1435.5,4,5,1660.5,1551.0,13.49069595336914,13.49069595336914,0.0,1422.0093040466309
2024-05-03 07:00:00,1120.5,4,5,1435.5,1660.5,98.10224533081055,98.10224533081055,0.0,1022.3977546691895
2024-05-03 08:00:00,843.0,4,5,1120.5,1435.5,215.91662406921387,215.91662406921387,0.0,627.0833759307861
2024-05-03 09:00:00,852.0,4,5,843.0,1120.5,299.0546751022339,299.0546751022339,0.0,552.9453248977661
2024-05-03 10:00:00,621.0,4,5,852.0,843.0,362.97175884246826,362.97175884246826,0.0,258.02824115753174
2024-05-03 11:00:00,624.0,4,5,621.0,852.0,389.1345405578613,389.1345405578613,0.0,234.86545944213867
2024-05-03 12:00:00,673.5,4,5,624.0,621.0,388.38141918182373,388.38141918182373,0.0,285.11858081817627
2024-05-03 13:00:00,895.5,4,5,673.5,624.0,336.0231113433838,336.0231113433838,0.0,559.4768886566162
2024-05-03 14:00:00,1209.0,4,5,895.5,673.5,296.69707775115967,296.69707775115967,0.0,912.3029222488403
2024-05-03 15:00:00,1293.0,4,5,1209.0,895.5,144.99223709106445,144.99223709106445,0.0,1148.0077629089355
2024-05-03 16:00:00,1480.5,4,5,1293.0,1209.0,68.9597225189209,68.9597225189209,0.0,1411.540277481079
2024-05-03 17:00:00,1521.0,4,5,1480.5,1293.0,2.2266197204589844,2.2266197204589844,0.0,1518.773380279541
2024-05-03 18:00:00,1968.0,4,5,1521.0,1480.5,0.0,0.0,0.0,1968.0
2024-05-03 19:00:00,1915.5,4,5,1968.0,1521.0,0.0,0.0,0.0,1915.5
2024-05-03 20:00:00,1875.0,4,5,1915.5,1968.0,0.0,0.0,0.0,1875.0
2024-05-03 21:00:00,1776.0,4,5,1875.0,1915.5,0.0,0.0,0.0,1776.0
2024-05-03 22:00:00,1833.0,4,5,1776.0,1875.0,0.0,0.0,0.0,1833.0
2024-05-03 23:00:00,1783.5,4,5,1833.0,1776.0,0.0,0.0,0.0,1783.5
2024-05-04 00:00:00,1612.5,5,5,1783.5,1833.0,0.0,0.0,0.0,1612.5
2024-05-04 01:00:00,1782.0,5,5,1612.5,1783.5,0.0,0.0,0.0,1782.0
2024-05-04 02:00:00,1815.0,5,5,1782.0,1612.5,0.0,0.0,0.0,1815.0
2024-05-04 03:00:00,1857.0,5,5,1815.0,1782.0,0.0,0.0,0.0,1857.0
2024-05-04 04:00:00,1879.5,5,5,1857.0,1815.0,0.0,0.0,0.0,1879.5
2024-05-04 05:00:00,1713.0,5,5,1879.5,1857.0,0.0,0.0,0.0,1713.0
2024-05-04 06:00:00,1255.5,5,5,1713.0,1879.5,13.294229507446289,13.294229507446289,0.0,1242.2057704925537
2024-05-04 07:00:00,1138.5,5,5,1255.5,1713.0,99.11732196807861,99.11732196807861,0.0,1039.3826780319214
2024-05-04 08:00:00,804.0,5,5,1138.5,1255.5,186.05372428894046,186.05372428894046,0.0,617.9462757110596
2024-05-04 09:00:00,541.5,5,5,804.0,1138.5,253.8019037246704,253.8019037246704,0.0,287.6980962753296
2024-05-04 10:00:00,357.0,5,5,541.5,804.0,310.71168422698975,310.71168422698975,0.0,46.288315773010254
2024-05-04 11:00:00,300.0,5,5,357.0,541.5,385.10697841644287,300.0,85.10697841644287,0.0
2024-05-04 12:00:00,636.0,5,5,300.0,357.0,361.8911933898926,361.8911933898926,0.0,274.1088066101074
2024-05-04 13:00:00,831.0,5,5,636.0,300.0,343.19413661956787,343.19413661956787,0.0,487.80586338043213
2024-05-04 14:00:00,946.5,5,5,831.0,636.0,292.08011627197266,292.08011627197266,0.0,654.4198837280273
2024-05-04 15:00:00,1117.5,5,5,946.5,831.0,219.91144180297852,219.91144180297852,0.0,897.5885581970215
2024-05-04 16:00:00,1185.0,5,5,1117.5,946.5,153.6040163040161,153.6040163040161,0.0,1031.395983695984
2024-05-04 17:00:00,1722.0,5,5,1185.0,1117.5,55.272560119628906,55.272560119628906,0.0,1666.727439880371
2024-05-04 18:00:00,1644.0,5,5,1722.0,1185.0,0.0,0.0,0.0,1644.0
2024-05-04 19:00:00,916.5,5,5,1644.0,1722.0,0.0,0.0,0.0,916.5
2024-05-04 20:00:00,889.5,5,5,916.5,1644.0,0.0,0.0,0.0,889.5
2024-05-04 21:00:00,1179.0,5,5,889.5,916.5,0.0,0.0,0.0,1179.0
2024-05-04 22:00:00,1293.0,5,5,1179.0,889.5,0.0,0.0,0.0,1293.0
2024-05-04 23:00:00,1203.0,5,5,1293.0,1179.0,0.0,0.0,0.0,1203.0
2024-05-05 00:00:00,1539.0,6,5,1203.0,1293.0,0.0,0.0,0.0,1539.0
2024-05-05 01:00:00,1713.0,6,5,1539.0,1203.0,0.0,0.0,0.0,1713.0
2024-05-05 02:00:00,1386.0,6,5,1713.0,1539.0,0.0,0.0,0.0,1386.0
2024-05-05 03:00:00,1701.0,6,5,1386.0,1713.0,0.0,0.0,0.0,1701.0
2024-05-05 04:00:00,1626.0,6,5,1701.0,1386.0,0.0,0.0,0.0,1626.0
2024-05-05 05:00:00,1267.5,6,5,1626.0,1701.0,0.0,0.0,0.0,1267.5
2024-05-05 06:00:00,1306.5,6,5,1267.5,1626.0,16.07750415802002,16.07750415802002,0.0,1290.42249584198
2024-05-05 07:00:00,574.5,6,5,1306.5,1267.5,99.87044334411621,99.87044334411621,0.0,474.6295566558838
2024-05-05 08:00:00,57.0,6,5,574.5,1306.5,193.9778709411621,57.0,136.9778709411621,0.0
2024-05-05 09:00:00,79.5,6,5,57.0,574.5,273.02287101745605,79.5,193.52287101745605,0.0
2024-05-05 10:00:00,447.0,6,5,79.5,57.0,333.3053255081177,333.3053255081177,0.0,113.69467449188232
2024-05-05 11:00:00,327.0,6,5,447.0,79.5,375.54561138153076,327.0,48.54561138153076,0.0
2024-05-05 12:00:00,348.0,6,5,327.0,447.0,396.7312431335449,348.0,48.73124313354492,0.0
2024-05-05 13:00:00,1045.5,6,5,348.0,327.0,375.15267848968506,375.15267848968506,0.0,670.3473215103149
2024-05-05 14:00:00,1450.5,6,5,1045.5,348.0,312.0542049407959,312.0542049407959,0.0,1138.445795059204
2024-05-05 15:00:00,1512.0,6,5,1450.5,1045.5,250.23276329040527,250.23276329040527,0.0,1261.7672367095947
2024-05-05 16:00:00,1218.0,6,5,1512.0,1450.5,157.56608963012695,157.56608963012695,0.0,1060.433910369873
2024-05-05 17:00:00,1632.0,6,5,1218.0,1512.0,54.126505851745605,54.126505851745605,0.0,1577.8734941482544
2024-05-05 18:00:00,1588.5,6,5,1632.0,1218.0,0.0,0.0,0.0,1588.5
2024-05-05 19:00:00,1402.5,6,5,1588.5,1632.0,0.0,0.0,0.0,1402.5
2024-05-05 20:00:00,1381.5,6,5,1402.5,1588.5,0.0,0.0,0.0,1381.5
2024-05-05 21:00:00,1681.5,6,5,1381.5,1402.5,0.0,0.0,0.0,1681.5
2024-05-05 22:00:00,1629.0,6,5,1681.5,1381.5,0.0,0.0,0.0,1629.0
2024-05-05 23:00:00,1593.0,6,5,1629.0,1681.5,0.0,0.0,0.0,1593.0
2024-05-06 00:00:00,1662.0,0,5,1593.0,1629.0,0.0,0.0,0.0,1662.0
2024-05-06 01:00:00,1554.0,0,5,1662.0,1593.0,0.0,0.0,0.0,1554.0
2024-05-06 02:00:00,1468.5,0,5,1554.0,1662.0,0.0,0.0,0.0,1468.5
2024-05-06 03:00:00,1656.0,0,5,1468.5,1554.0,0.0,0.0,0.0,1656.0
2024-05-06 04:00:00,1627.5,0,5,1656.0,1468.5,0.0,0.0,0.0,1627.5
2024-05-06 05:00:00,1639.5,0,5,1627.5,1656.0,0.0,0.0,0.0,1639.5
2024-05-06 06:00:00,1296.0,0,5,1639.5,1627.5,16.110248565673828,16.110248565673828,0.0,1279.8897514343262
2024-05-06 07:00:00,511.5,0,5,1296.0,1639.5,93.09235095977783,93.09235095977783,0.0,418.40764904022217
2024-05-06 08:00:00,174.0,0,5,511.5,1296.0,184.90767002105713,174.0,10.907670021057129,0.0
2024-05-06 09:00:00,13.5,0,5,174.0,511.5,265.0987243652344,13.5,251.59872436523438,0.0
2024-05-06 10:00:00,10.5,0,5,13.5,174.0,326.8546772003174,10.5,316.3546772003174,0.0
2024-05-06 11:00:00,15.0,0,5,10.5,13.5,332.5522041320801,15.0,317.5522041320801,0.0
2024-05-06 12:00:00,27.0,0,5,15.0,10.5,347.1889543533325,27.0,320.1889543533325,0.0
2024-05-06 13:00:00,7.5,0,5,27.0,15.0,331.83182716369635,7.5,324.33182716369635,0.0
2024-05-06 14:00:00,15.0,0,5,7.5,27.0,286.02240085601807,15.0,271.02240085601807,0.0
2024-05-06 15:00:00,57.0,0,5,15.0,7.5,216.0803461074829,57.0,159.0803461074829,0.0
2024-05-06 16:00:00,58.5,0,5,57.0,15.0,90.14535427093506,58.5,31.64535427093506,0.0
2024-05-06 17:00:00,214.5,0,5,58.5,57.0,44.139461517333984,44.139461517333984,0.0,170.36053848266602
2024-05-06 18:00:00,307.5,0,5,214.5,58.5,0.0,0.0,0.0,307.5
2024-05-06 19:00:00,280.5,0,5,307.5,214.5,0.0,0.0,0.0,280.5
2024-05-06 20:00:00,288.0,0,5,280.5,307.5,0.0,0.0,0.0,288.0
2024-05-06 21:00:00,249.0,0,5,288.0,280.5,0.0,0.0,0.0,249.0
2024-05-06 22:00:00,238.5,0,5,249.0,288.0,0.0,0.0,0.0,238.5
2024-05-06 23:00:00,211.5,0,5,238.5,249.0,0.0,0.0,0.0,211.5
2024-05-07 00:00:00,213.0,1,5,211.5,238.5,0.0,0.0,0.0,213.0
2024-05-07 01:00:00,226.5,1,5,213.0,211.5,0.0,0.0,0.0,226.5
2024-05-07 02:00:00,277.5,1,5,226.5,213.0,0.0,0.0,0.0,277.5
2024-05-07 03:00:00,279.0,1,5,277.5,226.5,0.0,0.0,0.0,279.0
2024-05-07 04:00:00,243.0,1,5,279.0,277.5,0.0,0.0,0.0,243.0
2024-05-07 05:00:00,243.0,1,5,243.0,279.0,0.0,0.0,0.0,243.0
2024-05-07 06:00:00,349.5,1,5,243.0,243.0,16.07750415802002,16.07750415802002,0.0,333.42249584198
2024-05-07 07:00:00,759.0,1,5,349.5,243.0,88.0497121810913,88.0497121810913,0.0,670.9502878189087
2024-05-07 08:00:00,795.0,1,5,759.0,349.5,180.29070854187012,180.29070854187012,0.0,614.7092914581299
2024-05-07 09:00:00,1221.0,1,5,795.0,759.0,256.94536685943604,256.94536685943604,0.0,964.054633140564
2024-05-07 10:00:00,1221.0,1,5,1221.0,795.0,301.7724609375,301.7724609375,0.0,919.2275390625
2024-05-07 11:00:00,804.0,1,5,1221.0,1221.0,324.46433544158936,324.46433544158936,0.0,479.53566455841064
2024-05-07 12:00:00,718.5,1,5,804.0,1221.0,303.50791454315186,303.50791454315186,0.0,414.99208545684814
2024-05-07 13:00:00,1071.0,1,5,718.5,804.0,312.61085987091064,312.61085987091064,0.0,758.3891401290894
2024-05-07 14:00:00,852.0,1,5,1071.0,718.5,315.23041248321533,315.23041248321533,0.0,536.7695875167847
2024-05-07 15:00:00,1096.5,1,5,852.0,1071.0,232.94371604919434,232.94371604919434,0.0,863.5562839508057
2024-05-07 16:00:00,1129.5,1,5,1096.5,852.0,152.85089492797852,152.85089492797852,0.0,976.6491050720215
2024-05-07 17:00:00,1150.5,1,5,1129.5,1096.5,56.222147941589355,56.222147941589355,0.0,1094.2778520584106
2024-05-07 18:00:00,1629.0,1,5,1150.5,1129.5,0.0,0.0,0.0,1629.0
2024-05-07 19:00:00,1534.5,1,5,1629.0,1150.5,0.0,0.0,0.0,1534.5
2024-05-07 20:00:00,1494.0,1,5,1534.5,1629.0,0.0,0.0,0.0,1494.0
2024-05-07 21:00:00,1467.0,1,5,1494.0,1534.5,0.0,0.0,0.0,1467.0
2024-05-07 22:00:00,1675.5,1,5,1467.0,1494.0,0.0,0.0,0.0,1675.5
2024-05-07 23:00:00,1821.0,1,5,1675.5,1467.0,0.0,0.0,0.0,1821.0
2024-05-08 00:00:00,1720.5,2,5,1821.0,1675.5,0.0,0.0,0.0,1720.5
2024-05-08 01:00:00,1494.0,2,5,1720.5,1821.0,0.0,0.0,0.0,1494.0
2024-05-08 02:00:00,1759.5,2,5,1494.0,1720.5,0.0,0.0,0.0,1759.5
2024-05-08 03:00:00,1573.5,2,5,1759.5,1494.0,0.0,0.0,0.0,1573.5
2024-05-08 04:00:00,1762.5,2,5,1573.5,1759.5,0.0,0.0,0.0,1762.5
2024-05-08 05:00:00,1755.0,2,5,1762.5,1573.5,0.0,0.0,0.0,1755.0
2024-05-08 06:00:00,1555.5,2,5,1755.0,1762.5,16.863369941711426,16.863369941711426,0.0,1538.6366300582886
2024-05-08 07:00:00,1011.0,2,5,1555.5,1755.0,95.2534818649292,95.2534818649292,0.0,915.7465181350708
2024-05-08 08:00:00,703.5,2,5,1011.0,1555.5,181.46950721740723,181.46950721740723,0.0,522.0304927825928
2024-05-08 09:00:00,658.5,2,5,703.5,1011.0,251.77175045013428,251.77175045013428,0.0,406.7282495498657
2024-05-08 10:00:00,531.0,2,5,658.5,703.5,286.8082666397095,286.8082666397095,0.0,244.19173336029053
2024-05-08 11:00:00,385.5,2,5,531.0,658.5,335.1717567443848,335.1717567443848,0.0,50.32824325561518
2024-05-08 12:00:00,549.0,2,5,385.5,531.0,365.8860111236572,365.8860111236572,0.0,183.11398887634277
2024-05-08 13:00:00,453.0,2,5,549.0,385.5,331.27517223358154,331.27517223358154,0.0,121.72482776641846
2024-05-08 14:00:00,732.0,2,5,453.0,549.0,295.2890682220459,295.2890682220459,0.0,436.7109317779541
2024-05-08 15:00:00,589.5,2,5,732.0,453.0,187.4617338180542,187.4617338180542,0.0,402.0382661819458
2024-05-08 16:00:00,814.5,2,5,589.5,732.0,126.8845796585083,126.8845796585083,0.0,687.6154203414917
2024-05-08 17:00:00,1414.5,2,5,814.5,589.5,51.572442054748535,51.572442054748535,0.0,1362.9275579452515
2024-05-08 18:00:00,1644.0,2,5,1414.5,814.5,0.0,0.0,0.0,1644.0
2024-05-08 19:00:00,1593.0,2,5,1644.0,1414.5,0.0,0.0,0.0,1593.0
2024-05-08 20:00:00,1584.0,2,5,1593.0,1644.0,0.0,0.0,0.0,1584.0
2024-05-08 21:00:00,1707.0,2,5,1584.0,1593.0,0.0,0.0,0.0,1707.0
2024-05-08 22:00:00,1537.5,2,5,1707.0,1584.0,0.0,0.0,0.0,1537.5
2024-05-08 23:00:00,1507.5,2,5,1537.5,1707.0,0.0,0.0,0.0,1507.5
2024-05-09 00:00:00,1560.0,3,5,1507.5,1537.5,0.0,0.0,0.0,1560.0
2024-05-09 01:00:00,1233.0,3,5,1560.0,1507.5,0.0,0.0,0.0,1233.0
2024-05-09 02:00:00,1677.0,3,5,1233.0,1560.0,0.0,0.0,0.0,1677.0
2024-05-09 03:00:00,1665.0,3,5,1677.0,1233.0,0.0,0.0,0.0,1665.0
2024-05-09 04:00:00,1708.5,3,5,1665.0,1677.0,0.0,0.0,0.0,1708.5
2024-05-09 05:00:00,1671.0,3,5,1708.5,1665.0,0.0,0.0,0.0,1671.0
2024-05-09 06:00:00,1287.0,3,5,1671.0,1708.5,16.56867027282715,16.56867027282715,0.0,1270.4313297271729
2024-05-09 07:00:00,1378.5,3,5,1287.0,1671.0,99.8376989364624,99.8376989364624,0.0,1278.6623010635376
2024-05-09 08:00:00,1137.0,3,5,1378.5,1287.0,187.23252296447754,187.23252296447754,0.0,949.7674770355225
2024-05-09 09:00:00,1150.5,3,5,1137.0,1378.5,275.67516803741455,275.67516803741455,0.0,874.8248319625854
2024-05-09 10:00:00,804.0,3,5,1150.5,1137.0,333.99295806884766,333.99295806884766,0.0,470.00704193115234
2024-05-09 11:00:00,349.5,3,5,804.0,1150.5,388.15220832824707,349.5,38.65220832824707,0.0
2024-05-09 12:00:00,748.5,3,5,349.5,804.0,367.81793117523193,367.81793117523193,0.0,380.68206882476807
2024-05-09 13:00:00,169.5,3,5,748.5,349.5,305.37434577941895,169.5,135.87434577941895,0.0
2024-05-09 14:00:00,462.0,3,5,169.5,748.5,264.28011417388916,264.28011417388916,0.0,197.71988582611084
2024-05-09 15:00:00,507.0,3,5,462.0,169.5,218.6998987197876,218.6998987197876,0.0,288.3001012802124
2024-05-09 16:00:00,1239.0,3,5,507.0,462.0,21.087398529052734,21.087398529052734,0.0,1217.9126014709473
2024-05-09 17:00:00,1419.0,3,5,1239.0,507.0,16.04475975036621,16.04475975036621,0.0,1402.9552402496338
2024-05-09 18:00:00,1708.5,3,5,1419.0,1239.0,0.0,0.0,0.0,1708.5
2024-05-09 19:00:00,1779.0,3,5,1708.5,1419.0,0.0,0.0,0.0,1779.0
2024-05-09 20:00:00,1795.5,3,5,1779.0,1708.5,0.0,0.0,0.0,1795.5
2024-05-09 21:00:00,1804.5,3,5,1795.5,1779.0,0.0,0.0,0.0,1804.5
2024-05-09 22:00:00,1752.0,3,5,1804.5,1795.5,0.0,0.0,0.0,1752.0
2024-05-09 23:00:00,1686.0,3,5,1752.0,1804.5,0.0,0.0,0.0,1686.0
2024-05-10 00:00:00,1344.0,4,5,1686.0,1752.0,0.0,0.0,0.0,1344.0
2024-05-10 01:00:00,1531.5,4,5,1344.0,1686.0,0.0,0.0,0.0,1531.5
2024-05-10 02:00:00,1678.5,4,5,1531.5,1344.0,0.0,0.0,0.0,1678.5
2024-05-10 03:00:00,1698.0,4,5,1678.5,1531.5,0.0,0.0,0.0,1698.0
2024-05-10 04:00:00,1729.5,4,5,1698.0,1678.5,0.0,0.0,0.0,1729.5
2024-05-10 05:00:00,1726.5,4,5,1729.5,1698.0,0.0,0.0,0.0,1726.5
2024-05-10 06:00:00,1303.5,4,5,1726.5,1729.5,10.641932487487793,10.641932487487793,0.0,1292.8580675125122
2024-05-10 07:00:00,1293.0,4,5,1303.5,1726.5,42.04381942749023,42.04381942749023,0.0,1250.9561805725098
2024-05-10 08:00:00,994.5,4,5,1293.0,1303.5,107.72910118103027,107.72910118103027,0.0,886.7708988189697
2024-05-10 09:00:00,724.5,4,5,994.5,1293.0,248.4318208694458,248.4318208694458,0.0,476.0681791305542
2024-05-10 10:00:00,805.5,4,5,724.5,994.5,302.78753757476807,302.78753757476807,0.0,502.71246242523193
2024-05-10 11:00:00,862.5,4,5,805.5,724.5,372.2056818008423,372.2056818008423,0.0,490.2943181991577
2024-05-10 12:00:00,907.5,4,5,862.5,805.5,390.67352771759033,390.67352771759033,0.0,516.8264722824097
2024-05-10 13:00:00,1024.5,4,5,907.5,862.5,340.934772491455,340.934772491455,0.0,683.5652275085449
2024-05-10 14:00:00,1245.0,4,5,1024.5,907.5,305.5053234100342,305.5053234100342,0.0,939.4946765899658
2024-05-10 15:00:00,912.0,4,5,1245.0,1024.5,246.9255781173706,246.9255781173706,0.0,665.0744218826294
2024-05-10 16:00:00,1363.5,4,5,912.0,1245.0,151.2464189529419,151.2464189529419,0.0,1212.253581047058
2024-05-10 17:00:00,1245.0,4,5,1363.5,912.0,43.419084548950195,43.419084548950195,0.0,1201.5809154510498
2024-05-10 18:00:00,1843.5,4,5,1245.0,1363.5,0.0,0.0,0.0,1843.5
2024-05-10 19:00:00,1474.5,4,5,1843.5,1245.0,0.0,0.0,0.0,1474.5
2024-05-10 20:00:00,1404.0,4,5,1474.5,1843.5,0.0,0.0,0.0,1404.0
2024-05-10 21:00:00,1885.5,4,5,1404.0,1474.5,0.0,0.0,0.0,1885.5
2024-05-10 22:00:00,2064.0,4,5,1885.5,1404.0,0.0,0.0,0.0,2064.0
2024-05-10 23:00:00,2604.0,4,5,2064.0,1885.5,0.0,0.0,0.0,2604.0
2024-05-11 00:00:00,2833.5,5,5,2604.0,2064.0,0.0,0.0,0.0,2833.5
2024-05-11 01:00:00,2863.5,5,5,2833.5,2604.0,0.0,0.0,0.0,2863.5
2024-05-11 02:00:00,2649.0,5,5,2863.5,2833.5,0.0,0.0,0.0,2649.0
2024-05-11 03:00:00,2764.5,5,5,2649.0,2863.5,0.0,0.0,0.0,2764.5
2024-05-11 04:00:00,2802.0,5,5,2764.5,2649.0,0.0,0.0,0.0,2802.0
2024-05-11 05:00:00,2482.5,5,5,2802.0,2764.5,0.0,0.0,0.0,2482.5
2024-05-11 06:00:00,2422.5,5,5,2482.5,2802.0,16.33945941925049,16.33945941925049,0.0,2406.1605405807495
2024-05-11 07:00:00,2443.5,5,5,2422.5,2482.5,98.95359992980957,98.95359992980957,0.0,2344.5464000701904
2024-05-11 08:00:00,2947.5,5,5,2443.5,2422.5,199.02050971984863,199.02050971984863,0.0,2748.4794902801514
2024-05-11 09:00:00,2890.5,5,5,2947.5,2443.5,284.45066928863525,284.45066928863525,0.0,2606.0493307113647
2024-05-11 10:00:00,2337.0,5,5,2890.5,2947.5,340.24713993072504,340.24713993072504,0.0,1996.752860069275
2024-05-11 11:00:00,2518.5,5,5,2337.0,2890.5,373.0897808074951,373.0897808074951,0.0,2145.410219192505
2024-05-11 12:00:00,2071.5,5,5,2518.5,2337.0,373.3189916610717,373.3189916610717,0.0,1698.1810083389282
2024-05-11 13:00:00,1581.0,5,5,2071.5,2518.5,330.685772895813,330.685772895813,0.0,1250.314227104187
2024-05-11 14:00:00,2662.5,5,5,1581.0,2071.5,215.94936847686768,215.94936847686768,0.0,2446.5506315231323
2024-05-11 15:00:00,2140.5,5,5,2662.5,1581.0,107.8273344039917,107.8273344039917,0.0,2032.6726655960083
2024-05-11 16:00:00,2829.0,5,5,2140.5,2662.5,91.38964176177979,91.38964176177979,0.0,2737.61035823822
2024-05-11 17:00:00,3639.0,5,5,2829.0,2140.5,3.536396026611328,3.536396026611328,0.0,3635.4636039733887
2024-05-11 18:00:00,3747.0,5,5,3639.0,2829.0,0.0,0.0,0.0,3747.0
2024-05-11 19:00:00,3519.0,5,5,3747.0,3639.0,0.0,0.0,0.0,3519.0
2024-05-11 20:00:00,3523.5,5,5,3519.0,3747.0,0.0,0.0,0.0,3523.5
2024-05-11 21:00:00,3705.0,5,5,3523.5,3519.0,0.0,0.0,0.0,3705.0
2024-05-11 22:00:00,3505.5,5,5,3705.0,3523.5,0.0,0.0,0.0,3505.5
2024-05-11 23:00:00,3696.0,5,5,3505.5,3705.0,0.0,0.0,0.0,3696.0
2024-05-12 00:00:00,3721.5,6,5,3696.0,3505.5,0.0,0.0,0.0,3721.5
2024-05-12 01:00:00,3895.5,6,5,3721.5,3696.0,0.0,0.0,0.0,3895.5
2024-05-12 02:00:00,3003.0,6,5,3895.5,3721.5,0.0,0.0,0.0,3003.0
2024-05-12 03:00:00,2838.0,6,5,3003.0,3895.5,0.0,0.0,0.0,2838.0
2024-05-12 04:00:00,3973.5,6,5,2838.0,3003.0,0.0,0.0,0.0,3973.5
2024-05-12 05:00:00,3898.5,6,5,3973.5,2838.0,0.0,0.0,0.0,3898.5
2024-05-12 06:00:00,3463.5,6,5,3898.5,3973.5,11.722497940063477,11.722497940063477,0.0,3451.7775020599365
2024-05-12 07:00:00,3133.5,6,5,3463.5,3898.5,30.190343856811523,30.190343856811523,0.0,3103.3096561431885
2024-05-12 08:00:00,1936.5,6,5,3133.5,3463.5,72.7580738067627,72.7580738067627,0.0,1863.7419261932373
2024-05-12 09:00:00,2247.0,6,5,1936.5,3133.5,166.73452377319336,166.73452377319336,0.0,2080.2654762268066
2024-05-12 10:00:00,1773.0,6,5,2247.0,1936.5,233.9587926864624,233.9587926864624,0.0,1539.0412073135376
2024-05-12 11:00:00,1329.0,6,5,1773.0,2247.0,282.15856075286865,282.15856075286865,0.0,1046.8414392471313
2024-05-12 12:00:00,1525.5,6,5,1329.0,1773.0,298.6617422103882,298.6617422103882,0.0,1226.8382577896118
2024-05-12 13:00:00,1998.0,6,5,1525.5,1329.0,326.4944887161255,326.4944887161255,0.0,1671.5055112838745
2024-05-12 14:00:00,2751.0,6,5,1998.0,1525.5,282.55149364471436,282.55149364471436,0.0,2468.4485063552856
2024-05-12 15:00:00,2844.0,6,5,2751.0,1998.0,195.4841136932373,195.4841136932373,0.0,2648.5158863067627
2024-05-12 16:00:00,3298.5,6,5,2844.0,2751.0,119.94276523590088,119.94276523590088,0.0,3178.557234764099
2024-05-12 17:00:00,3864.0,6,5,3298.5,2844.0,48.88740062713623,48.88740062713623,0.0,3815.1125993728638
2024-05-12 18:00:00,4023.0,6,5,3864.0,3298.5,0.0,0.0,0.0,4023.0
2024-05-12 19:00:00,3798.0,6,5,4023.0,3864.0,0.0,0.0,0.0,3798.0
2024-05-12 20:00:00,3331.5,6,5,3798.0,4023.0,0.0,0.0,0.0,3331.5
2024-05-12 21:00:00,4177.5,6,5,3331.5,3798.0,0.0,0.0,0.0,4177.5
2024-05-12 22:00:00,4063.5,6,5,4177.5,3331.5,0.0,0.0,0.0,4063.5
2024-05-12 23:00:00,3937.5,6,5,4063.5,4177.5,0.0,0.0,0.0,3937.5
2024-05-13 00:00:00,4039.5,0,5,3937.5,4063.5,0.0,0.0,0.0,4039.5
2024-05-13 01:00:00,3831.0,0,5,4039.5,3937.5,0.0,0.0,0.0,3831.0
2024-05-13 02:00:00,3793.5,0,5,3831.0,4039.5,0.0,0.0,0.0,3793.5
2024-05-13 03:00:00,3903.0,0,5,3793.5,3831.0,0.0,0.0,0.0,3903.0
2024-05-13 04:00:00,3958.5,0,5,3903.0,3793.5,0.0,0.0,0.0,3958.5
2024-05-13 05:00:00,3747.0,0,5,3958.5,3903.0,0.0,0.0,0.0,3747.0
2024-05-13 06:00:00,3513.0,0,5,3747.0,3958.5,14.734983444213867,14.734983444213867,0.0,3498.265016555786
2024-05-13 07:00:00,3337.5,0,5,3513.0,3747.0,68.43581199645996,68.43581199645996,0.0,3269.06418800354
2024-05-13 08:00:00,3015.0,0,5,3337.5,3513.0,53.79906177520752,53.79906177520752,0.0,2961.2009382247925
2024-05-13 09:00:00,3130.5,0,5,3015.0,3337.5,122.56231784820557,122.56231784820557,0.0,3007.9376821517944
2024-05-13 10:00:00,3613.5,0,5,3130.5,3015.0,152.71991729736328,152.71991729736328,0.0,3460.7800827026367
2024-05-13 11:00:00,3357.0,0,5,3613.5,3130.5,221.31945133209229,221.31945133209229,0.0,3135.6805486679077
2024-05-13 12:00:00,3141.0,0,5,3357.0,3613.5,221.3849401473999,221.3849401473999,0.0,2919.6150598526
2024-05-13 13:00:00,3018.0,0,5,3141.0,3357.0,333.92746925354004,333.92746925354004,0.0,2684.07253074646
2024-05-13 14:00:00,2809.5,0,5,3018.0,3141.0,236.51285648345947,236.51285648345947,0.0,2572.9871435165405
2024-05-13 15:00:00,2767.5,0,5,2809.5,3018.0,110.67609786987305,110.67609786987305,0.0,2656.823902130127
2024-05-13 16:00:00,2904.0,0,5,2767.5,2809.5,31.107187271118164,31.107187271118164,0.0,2872.892812728882
2024-05-13 17:00:00,3844.5,0,5,2904.0,2767.5,27.66902446746826,27.66902446746826,0.0,3816.8309755325317
2024-05-13 18:00:00,4023.0,0,5,3844.5,2904.0,0.0,0.0,0.0,4023.0
2024-05-13 19:00:00,3972.0,0,5,4023.0,3844.5,0.0,0.0,0.0,3972.0
2024-05-13 20:00:00,3958.5,0,5,3972.0,4023.0,0.0,0.0,0.0,3958.5
2024-05-13 21:00:00,3451.5,0,5,3958.5,3972.0,0.0,0.0,0.0,3451.5
2024-05-13 22:00:00,3220.5,0,5,3451.5,3958.5,0.0,0.0,0.0,3220.5
2024-05-13 23:00:00,2770.5,0,5,3220.5,3451.5,0.0,0.0,0.0,2770.5
2024-05-14 00:00:00,3643.5,1,5,2770.5,3220.5,0.0,0.0,0.0,3643.5
2024-05-14 01:00:00,3636.0,1,5,3643.5,2770.5,0.0,0.0,0.0,3636.0
2024-05-14 02:00:00,2320.5,1,5,3636.0,3643.5,0.0,0.0,0.0,2320.5
2024-05-14 03:00:00,3147.0,1,5,2320.5,3636.0,0.0,0.0,0.0,3147.0
2024-05-14 04:00:00,3084.0,1,5,3147.0,2320.5,0.0,0.0,0.0,3084.0
2024-05-14 05:00:00,3147.0,1,5,3084.0,3147.0,0.0,0.0,0.0,3147.0
2024-05-14 06:00:00,2793.0,1,5,3147.0,3084.0,11.133098602294924,11.133098602294924,0.0,2781.866901397705
2024-05-14 07:00:00,2145.0,1,5,2793.0,3147.0,70.76066493988037,70.76066493988037,0.0,2074.2393350601196
2024-05-14 08:00:00,1281.0,1,5,2145.0,2793.0,126.58987998962402,126.58987998962402,0.0,1154.410120010376
2024-05-14 09:00:00,1600.5,1,5,1281.0,2145.0,230.06220817565918,230.06220817565918,0.0,1370.4377918243408
2024-05-14 10:00:00,1521.0,1,5,1600.5,1281.0,328.29543113708496,328.29543113708496,0.0,1192.704568862915
2024-05-14 11:00:00,796.5,1,5,1521.0,1600.5,363.9213466644287,363.9213466644287,0.0,432.5786533355713
2024-05-14 12:00:00,1119.0,1,5,796.5,1521.0,355.24407863616943,355.24407863616943,0.0,763.7559213638306
2024-05-14 13:00:00,1953.0,1,5,1119.0,796.5,352.85373687744135,352.85373687744135,0.0,1600.1462631225586
2024-05-14 14:00:00,1660.5,1,5,1953.0,1119.0,271.1891841888428,271.1891841888428,0.0,1389.3108158111572
2024-05-14 15:00:00,1666.5,1,5,1660.5,1953.0,204.03040409088135,204.03040409088135,0.0,1462.4695959091187
2024-05-14 16:00:00,2190.0,1,5,1666.5,1660.5,122.10389614105225,122.10389614105225,0.0,2067.8961038589478
2024-05-14 17:00:00,2518.5,1,5,2190.0,1666.5,44.66337203979492,44.66337203979492,0.0,2473.836627960205
2024-05-14 18:00:00,2797.5,1,5,2518.5,2190.0,0.0,0.0,0.0,2797.5
2024-05-14 19:00:00,2739.0,1,5,2797.5,2518.5,0.0,0.0,0.0,2739.0
2024-05-14 20:00:00,2754.0,1,5,2739.0,2797.5,0.0,0.0,0.0,2754.0
2024-05-14 21:00:00,2679.0,1,5,2754.0,2739.0,0.0,0.0,0.0,2679.0
2024-05-14 22:00:00,2763.0,1,5,2679.0,2754.0,0.0,0.0,0.0,2763.0
2024-05-14 23:00:00,2505.0,1,5,2763.0,2679.0,0.0,0.0,0.0,2505.0
2024-05-15 00:00:00,2868.0,2,5,2505.0,2763.0,0.0,0.0,0.0,2868.0
2024-05-15 01:00:00,2736.0,2,5,2868.0,2505.0,0.0,0.0,0.0,2736.0
2024-05-15 02:00:00,2772.0,2,5,2736.0,2868.0,0.0,0.0,0.0,2772.0
2024-05-15 03:00:00,2302.5,2,5,2772.0,2736.0,0.0,0.0,0.0,2302.5
2024-05-15 04:00:00,2785.5,2,5,2302.5,2772.0,0.0,0.0,0.0,2785.5
2024-05-15 05:00:00,2680.5,2,5,2785.5,2302.5,0.0,0.0,0.0,2680.5
2024-05-15 06:00:00,2439.0,2,5,2680.5,2785.5,14.964194297790527,14.964194297790527,0.0,2424.0358057022095
2024-05-15 07:00:00,2373.0,2,5,2439.0,2680.5,43.68103981018066,43.68103981018066,0.0,2329.3189601898193
2024-05-15 08:00:00,1782.0,2,5,2373.0,2439.0,79.50342178344727,79.50342178344727,0.0,1702.4965782165527
2024-05-15 09:00:00,1582.5,2,5,1782.0,2373.0,135.85654735565186,135.85654735565186,0.0,1446.6434526443481
2024-05-15 10:00:00,1659.0,2,5,1582.5,1782.0,189.49188709259033,189.49188709259033,0.0,1469.5081129074097
2024-05-15 11:00:00,1569.0,2,5,1659.0,1582.5,268.2421875,268.2421875,0.0,1300.7578125
2024-05-15 12:00:00,1089.0,2,5,1569.0,1659.0,274.46362495422363,274.46362495422363,0.0,814.5363750457764
2024-05-15 13:00:00,1107.0,2,5,1089.0,1569.0,285.4002571105957,285.4002571105957,0.0,821.5997428894043
2024-05-15 14:00:00,1092.0,2,5,1107.0,1089.0,233.5986042022705,233.5986042022705,0.0,858.4013957977295
2024-05-15 15:00:00,1719.0,2,5,1092.0,1107.0,190.63794136047366,190.63794136047366,0.0,1528.3620586395264
2024-05-15 16:00:00,2008.5,2,5,1719.0,1092.0,116.04618072509766,116.04618072509766,0.0,1892.4538192749023
2024-05-15 17:00:00,2488.5,2,5,2008.5,1719.0,47.80683517456055,47.80683517456055,0.0,2440.6931648254395
2024-05-15 18:00:00,2596.5,2,5,2488.5,2008.5,0.16372203826904297,0.16372203826904297,0.0,2596.336277961731
2024-05-15 19:00:00,2589.0,2,5,2596.5,2488.5,0.0,0.0,0.0,2589.0
2024-05-15 20:00:00,2634.0,2,5,2589.0,2596.5,0.0,0.0,0.0,2634.0
2024-05-15 21:00:00,2670.0,2,5,2634.0,2589.0,0.0,0.0,0.0,2670.0
2024-05-15 22:00:00,2395.5,2,5,2670.0,2634.0,0.0,0.0,0.0,2395.5
2024-05-15 23:00:00,2196.0,2,5,2395.5,2670.0,0.0,0.0,0.0,2196.0
2024-05-16 00:00:00,2806.5,3,5,2196.0,2395.5,0.0,0.0,0.0,2806.5
2024-05-16 01:00:00,2250.0,3,5,2806.5,2196.0,0.0,0.0,0.0,2250.0
2024-05-16 02:00:00,2682.0,3,5,2250.0,2806.5,0.0,0.0,0.0,2682.0
2024-05-16 03:00:00,2547.0,3,5,2682.0,2250.0,0.0,0.0,0.0,2547.0
2024-05-16 04:00:00,2397.0,3,5,2547.0,2682.0,0.0,0.0,0.0,2397.0
2024-05-16 05:00:00,2509.5,3,5,2397.0,2547.0,0.0,0.0,0.0,2509.5
2024-05-16 06:00:00,1114.5,3,5,2509.5,2397.0,17.125325202941895,17.125325202941895,0.0,1097.374674797058
2024-05-16 07:00:00,534.0,3,5,1114.5,2509.5,74.95194911956787,74.95194911956787,0.0,459.04805088043213
2024-05-16 08:00:00,27.0,3,5,534.0,1114.5,176.49235725402835,27.0,149.49235725402835,0.0
2024-05-16 09:00:00,0.0,3,5,27.0,534.0,290.57387351989746,0.0,290.57387351989746,0.0
2024-05-16 10:00:00,0.0,3,5,0.0,27.0,342.76845932006836,0.0,342.76845932006836,0.0
2024-05-16 11:00:00,3.0,3,5,0.0,0.0,387.0388984680176,3.0,384.0388984680176,0.0
2024-05-16 12:00:00,0.0,3,5,3.0,0.0,370.7976722717286,0.0,370.7976722717286,0.0
2024-05-16 13:00:00,0.0,3,5,0.0,3.0,355.2113342285156,0.0,355.2113342285156,0.0
2024-05-16 14:00:00,27.0,3,5,0.0,0.0,303.311448097229,27.0,276.311448097229,0.0
2024-05-16 15:00:00,19.5,3,5,27.0,0.0,236.02169036865234,19.5,216.52169036865234,0.0
2024-05-16 16:00:00,3.0,3,5,19.5,27.0,144.8285150527954,3.0,141.8285150527954,0.0
2024-05-16 17:00:00,31.5,3,5,3.0,19.5,54.8796272277832,31.5,23.379627227783203,0.0
2024-05-16 18:00:00,207.0,3,5,31.5,3.0,0.0,0.0,0.0,207.0
2024-05-16 19:00:00,217.5,3,5,207.0,31.5,0.0,0.0,0.0,217.5
2024-05-16 20:00:00,229.5,3,5,217.5,207.0,0.0,0.0,0.0,229.5
2024-05-16 21:00:00,225.0,3,5,229.5,217.5,0.0,0.0,0.0,225.0
2024-05-16 22:00:00,222.0,3,5,225.0,229.5,0.0,0.0,0.0,222.0
2024-05-16 23:00:00,219.0,3,5,222.0,225.0,0.0,0.0,0.0,219.0
2024-05-17 00:00:00,222.0,4,5,219.0,222.0,0.0,0.0,0.0,222.0
2024-05-17 01:00:00,210.0,4,5,222.0,219.0,0.0,0.0,0.0,210.0
2024-05-17 02:00:00,193.5,4,5,210.0,222.0,0.0,0.0,0.0,193.5
2024-05-17 03:00:00,211.5,4,5,193.5,210.0,0.0,0.0,0.0,211.5
2024-05-17 04:00:00,207.0,4,5,211.5,193.5,0.0,0.0,0.0,207.0
2024-05-17 05:00:00,186.0,4,5,207.0,211.5,0.0,0.0,0.0,186.0
2024-05-17 06:00:00,94.5,4,5,186.0,207.0,16.30671501159668,16.30671501159668,0.0,78.19328498840332
2024-05-17 07:00:00,10.5,4,5,94.5,186.0,98.56066703796387,10.5,88.06066703796387,0.0
2024-05-17 08:00:00,0.0,4,5,10.5,94.5,212.08552837371826,0.0,212.08552837371826,0.0
2024-05-17 09:00:00,3.0,4,5,0.0,10.5,301.4450168609619,3.0,298.4450168609619,0.0
2024-05-17 10:00:00,0.0,4,5,3.0,0.0,356.8812990188599,0.0,356.8812990188599,0.0
2024-05-17 11:00:00,0.0,4,5,0.0,3.0,396.371054649353,0.0,396.371054649353,0.0
2024-05-17 12:00:00,0.0,4,5,0.0,0.0,382.5856590270996,0.0,382.5856590270996,0.0
2024-05-17 13:00:00,15.0,4,5,0.0,0.0,355.833477973938,15.0,340.833477973938,0.0
2024-05-17 14:00:00,108.0,4,5,15.0,0.0,297.31922149658203,108.0,189.31922149658203,0.0
2024-05-17 15:00:00,138.0,4,5,108.0,15.0,215.09801387786865,138.0,77.09801387786865,0.0
2024-05-17 16:00:00,4.5,4,5,138.0,108.0,129.01296615600586,4.5,124.51296615600586,0.0
2024-05-17 17:00:00,51.0,4,5,4.5,138.0,11.133098602294924,11.133098602294924,0.0,39.86690139770508
2024-05-17 18:00:00,159.0,4,5,51.0,4.5,0.0,0.0,0.0,159.0
2024-05-17 19:00:00,162.0,4,5,159.0,51.0,0.0,0.0,0.0,162.0
2024-05-17 20:00:00,213.0,4,5,162.0,159.0,0.0,0.0,0.0,213.0
2024-05-17 21:00:00,228.0,4,5,213.0,162.0,0.0,0.0,0.0,228.0
2024-05-17 22:00:00,228.0,4,5,228.0,213.0,0.0,0.0,0.0,228.0
2024-05-17 23:00:00,213.0,4,5,228.0,228.0,0.0,0.0,0.0,213.0
2024-05-18 00:00:00,171.0,5,5,213.0,228.0,0.0,0.0,0.0,171.0
2024-05-18 01:00:00,175.5,5,5,171.0,213.0,0.0,0.0,0.0,175.5
2024-05-18 02:00:00,198.0,5,5,175.5,171.0,0.0,0.0,0.0,198.0
2024-05-18 03:00:00,220.5,5,5,198.0,175.5,0.0,0.0,0.0,220.5
2024-05-18 04:00:00,168.0,5,5,220.5,198.0,0.0,0.0,0.0,168.0
2024-05-18 05:00:00,156.0,5,5,168.0,220.5,0.0,0.0,0.0,156.0
2024-05-18 06:00:00,666.0,5,5,156.0,168.0,16.634159088134766,16.634159088134766,0.0,649.3658409118652
2024-05-18 07:00:00,996.0,5,5,666.0,156.0,97.80754566192627,97.80754566192627,0.0,898.1924543380737
2024-05-18 08:00:00,1579.5,5,5,996.0,666.0,209.46597576141357,209.46597576141357,0.0,1370.0340242385864
2024-05-18 09:00:00,1476.0,5,5,1579.5,996.0,295.6492567062378,295.6492567062378,0.0,1180.3507432937622
2024-05-18 10:00:00,1386.0,5,5,1476.0,1579.5,355.73524475097656,355.73524475097656,0.0,1030.2647552490234
2024-05-18 11:00:00,1389.0,5,5,1386.0,1476.0,386.8424320220947,386.8424320220947,0.0,1002.1575679779053
2024-05-18 12:00:00,1645.5,5,5,1389.0,1386.0,389.65845108032227,389.65845108032227,0.0,1255.8415489196777
2024-05-18 13:00:00,1818.0,5,5,1645.5,1389.0,366.8028545379639,366.8028545379639,0.0,1451.1971454620361
2024-05-18 14:00:00,1965.0,5,5,1818.0,1645.5,321.6483163833618,321.6483163833618,0.0,1643.3516836166382
2024-05-18 15:00:00,2661.0,5,5,1965.0,1818.0,249.08670902252197,249.08670902252197,0.0,2411.913290977478
2024-05-18 16:00:00,2650.5,5,5,2661.0,1965.0,153.63676071166992,153.63676071166992,0.0,2496.86323928833
2024-05-18 17:00:00,2754.0,5,5,2650.5,2661.0,51.63793087005615,51.63793087005615,0.0,2702.362069129944
2024-05-18 18:00:00,2731.5,5,5,2754.0,2650.5,0.32744407653808594,0.32744407653808594,0.0,2731.172555923462
2024-05-18 19:00:00,2608.5,5,5,2731.5,2754.0,0.0,0.0,0.0,2608.5
2024-05-18 20:00:00,2160.0,5,5,2608.5,2731.5,0.0,0.0,0.0,2160.0
2024-05-18 21:00:00,2029.5,5,5,2160.0,2608.5,0.0,0.0,0.0,2029.5
2024-05-18 22:00:00,2013.0,5,5,2029.5,2160.0,0.0,0.0,0.0,2013.0
2024-05-18 23:00:00,2046.0,5,5,2013.0,2029.5,0.0,0.0,0.0,2046.0
2024-05-19 00:00:00,1890.0,6,5,2046.0,2013.0,0.0,0.0,0.0,1890.0
2024-05-19 01:00:00,2424.0,6,5,1890.0,2046.0,0.0,0.0,0.0,2424.0
2024-05-19 02:00:00,2634.0,6,5,2424.0,1890.0,0.0,0.0,0.0,2634.0
2024-05-19 03:00:00,2511.0,6,5,2634.0,2424.0,0.0,0.0,0.0,2511.0
2024-05-19 04:00:00,2709.0,6,5,2511.0,2634.0,0.0,0.0,0.0,2709.0
2024-05-19 05:00:00,2628.0,6,5,2709.0,2511.0,0.0,0.0,0.0,2628.0
2024-05-19 06:00:00,2397.0,6,5,2628.0,2709.0,17.48551368713379,17.48551368713379,0.0,2379.514486312866
2024-05-19 07:00:00,2050.5,6,5,2397.0,2628.0,97.87303447723389,97.87303447723389,0.0,1952.626965522766
2024-05-19 08:00:00,1797.0,6,5,2050.5,2397.0,205.17645835876465,205.17645835876465,0.0,1591.8235416412354
2024-05-19 09:00:00,1537.5,6,5,1797.0,2050.5,292.6367712020874,292.6367712020874,0.0,1244.8632287979126
2024-05-19 10:00:00,1053.0,6,5,1537.5,1797.0,357.7326536178589,357.7326536178589,0.0,695.2673463821411
2024-05-19 11:00:00,1083.0,6,5,1053.0,1537.5,390.4770612716675,390.4770612716675,0.0,692.5229387283325
2024-05-19 12:00:00,1212.0,6,5,1083.0,1053.0,397.4188756942749,397.4188756942749,0.0,814.5811243057251
2024-05-19 13:00:00,1176.0,6,5,1212.0,1083.0,375.15267848968506,375.15267848968506,0.0,800.8473215103149
2024-05-19 14:00:00,1267.5,6,5,1176.0,1212.0,328.0662202835083,328.0662202835083,0.0,939.4337797164917
2024-05-19 15:00:00,2226.0,6,5,1267.5,1176.0,255.3081464767456,255.3081464767456,0.0,1970.6918535232544
2024-05-19 16:00:00,2176.5,6,5,2226.0,1267.5,92.43746280670166,92.43746280670166,0.0,2084.0625371932983
2024-05-19 17:00:00,2706.0,6,5,2176.5,2226.0,29.175267219543457,29.175267219543457,0.0,2676.8247327804565
2024-05-19 18:00:00,2278.5,6,5,2706.0,2176.5,0.0,0.0,0.0,2278.5
2024-05-19 19:00:00,2704.5,6,5,2278.5,2706.0,0.0,0.0,0.0,2704.5
2024-05-19 20:00:00,2529.0,6,5,2704.5,2278.5,0.0,0.0,0.0,2529.0
2024-05-19 21:00:00,2707.5,6,5,2529.0,2704.5,0.0,0.0,0.0,2707.5
2024-05-19 22:00:00,2425.5,6,5,2707.5,2529.0,0.0,0.0,0.0,2425.5
2024-05-19 23:00:00,2833.5,6,5,2425.5,2707.5,0.0,0.0,0.0,2833.5
2024-05-20 00:00:00,2319.0,0,5,2833.5,2425.5,0.0,0.0,0.0,2319.0
2024-05-20 01:00:00,2835.0,0,5,2319.0,2833.5,0.0,0.0,0.0,2835.0
2024-05-20 02:00:00,2493.0,0,5,2835.0,2319.0,0.0,0.0,0.0,2493.0
2024-05-20 03:00:00,2547.0,0,5,2493.0,2835.0,0.0,0.0,0.0,2547.0
2024-05-20 04:00:00,2790.0,0,5,2547.0,2493.0,0.0,0.0,0.0,2790.0
2024-05-20 05:00:00,2230.5,0,5,2790.0,2547.0,0.0,0.0,0.0,2230.5
2024-05-20 06:00:00,2172.0,0,5,2230.5,2790.0,15.422616004943848,15.422616004943848,0.0,2156.577383995056
2024-05-20 07:00:00,1611.0,0,5,2172.0,2230.5,97.41461277008057,97.41461277008057,0.0,1513.5853872299194
2024-05-20 08:00:00,2286.0,0,5,1611.0,2172.0,208.51638793945312,208.51638793945312,0.0,2077.483612060547
2024-05-20 09:00:00,2383.5,0,5,2286.0,1611.0,284.5816469192505,284.5816469192505,0.0,2098.9183530807495
2024-05-20 10:00:00,2481.0,0,5,2383.5,2286.0,355.66975593566895,355.66975593566895,0.0,2125.330244064331
2024-05-20 11:00:00,1605.0,0,5,2481.0,2383.5,365.1001453399658,365.1001453399658,0.0,1239.8998546600342
2024-05-20 12:00:00,1321.5,0,5,1605.0,2481.0,375.1854228973388,375.1854228973388,0.0,946.3145771026611
2024-05-20 13:00:00,1407.0,0,5,1321.5,1605.0,356.5865993499756,356.5865993499756,0.0,1050.4134006500244
2024-05-20 14:00:00,1074.0,0,5,1407.0,1321.5,310.02405166625977,310.02405166625977,0.0,763.9759483337402
2024-05-20 15:00:00,2169.0,0,5,1074.0,1407.0,199.11874294281006,199.11874294281006,0.0,1969.88125705719
2024-05-20 16:00:00,3012.0,0,5,2169.0,1074.0,152.88363933563232,152.88363933563232,0.0,2859.1163606643677
2024-05-20 17:00:00,3318.0,0,5,3012.0,2169.0,34.2833948135376,34.2833948135376,0.0,3283.7166051864624
2024-05-20 18:00:00,3504.0,0,5,3318.0,3012.0,0.0,0.0,0.0,3504.0
2024-05-20 19:00:00,3996.0,0,5,3504.0,3318.0,0.0,0.0,0.0,3996.0
2024-05-20 20:00:00,4047.0,0,5,3996.0,3504.0,0.0,0.0,0.0,4047.0
2024-05-20 21:00:00,3868.5,0,5,4047.0,3996.0,0.0,0.0,0.0,3868.5
2024-05-20 22:00:00,4083.0,0,5,3868.5,4047.0,0.0,0.0,0.0,4083.0
2024-05-20 23:00:00,4161.0,0,5,4083.0,3868.5,0.0,0.0,0.0,4161.0
2024-05-21 00:00:00,3526.5,1,5,4161.0,4083.0,0.0,0.0,0.0,3526.5
2024-05-21 01:00:00,4053.0,1,5,3526.5,4161.0,0.0,0.0,0.0,4053.0
2024-05-21 02:00:00,3244.5,1,5,4053.0,3526.5,0.0,0.0,0.0,3244.5
2024-05-21 03:00:00,2850.0,1,5,3244.5,4053.0,0.0,0.0,0.0,2850.0
2024-05-21 04:00:00,2289.0,1,5,2850.0,3244.5,0.0,0.0,0.0,2289.0
2024-05-21 05:00:00,1974.0,1,5,2289.0,2850.0,0.0,0.0,0.0,1974.0
2024-05-21 06:00:00,1870.5,1,5,1974.0,2289.0,5.566549301147462,5.566549301147462,0.0,1864.9334506988525
2024-05-21 07:00:00,1396.5,1,5,1870.5,1974.0,50.32815456390381,50.32815456390381,0.0,1346.1718454360962
2024-05-21 08:00:00,2389.5,1,5,1396.5,1870.5,97.11991310119629,97.11991310119629,0.0,2292.3800868988037
2024-05-21 09:00:00,4188.0,1,5,2389.5,1396.5,205.0127363204956,205.0127363204956,0.0,3982.9872636795044
2024-05-21 10:00:00,3993.0,1,5,4188.0,2389.5,242.7342939376831,242.7342939376831,0.0,3750.265706062317
2024-05-21 11:00:00,3001.5,1,5,3993.0,4188.0,298.2688093185425,298.2688093185425,0.0,2703.2311906814575
2024-05-21 12:00:00,2014.5,1,5,3001.5,3993.0,313.82240295410156,313.82240295410156,0.0,1700.6775970458984
2024-05-21 13:00:00,2308.5,1,5,2014.5,3001.5,326.69095516204834,326.69095516204834,0.0,1981.8090448379517
2024-05-21 14:00:00,2746.5,1,5,2308.5,2014.5,264.67304706573486,264.67304706573486,0.0,2481.826952934265
2024-05-21 15:00:00,2899.5,1,5,2746.5,2308.5,178.88269901275635,178.88269901275635,0.0,2720.6173009872437
2024-05-21 16:00:00,3415.5,1,5,2899.5,2746.5,121.1870527267456,121.1870527267456,0.0,3294.3129472732544
2024-05-21 17:00:00,3742.5,1,5,3415.5,2899.5,45.7439374923706,45.7439374923706,0.0,3696.7560625076294
2024-05-21 18:00:00,3775.5,1,5,3742.5,3415.5,0.6876325607299804,0.6876325607299804,0.0,3774.81236743927
2024-05-21 19:00:00,3964.5,1,5,3775.5,3742.5,0.0,0.0,0.0,3964.5
2024-05-21 20:00:00,4122.0,1,5,3964.5,3775.5,0.0,0.0,0.0,4122.0
2024-05-21 21:00:00,4093.5,1,5,4122.0,3964.5,0.0,0.0,0.0,4093.5
2024-05-21 22:00:00,4033.5,1,5,4093.5,4122.0,0.0,0.0,0.0,4033.5
2024-05-21 23:00:00,4242.0,1,5,4033.5,4093.5,0.0,0.0,0.0,4242.0
2024-05-22 00:00:00,4039.5,2,5,4242.0,4033.5,0.0,0.0,0.0,4039.5
2024-05-22 01:00:00,3877.5,2,5,4039.5,4242.0,0.0,0.0,0.0,3877.5
2024-05-22 02:00:00,3645.0,2,5,3877.5,4039.5,0.0,0.0,0.0,3645.0
2024-05-22 03:00:00,2523.0,2,5,3645.0,3877.5,0.0,0.0,0.0,2523.0
2024-05-22 04:00:00,2499.0,2,5,2523.0,3645.0,0.0,0.0,0.0,2499.0
2024-05-22 05:00:00,2487.0,2,5,2499.0,2523.0,0.0,0.0,0.0,2487.0
2024-05-22 06:00:00,2289.0,2,5,2487.0,2499.0,13.621673583984375,13.621673583984375,0.0,2275.3783264160156
2024-05-22 07:00:00,1896.0,2,5,2289.0,2487.0,97.64382362365723,97.64382362365723,0.0,1798.3561763763428
2024-05-22 08:00:00,1246.5,2,5,1896.0,2289.0,204.947247505188,204.947247505188,0.0,1041.552752494812
2024-05-22 09:00:00,541.5,2,5,1246.5,1896.0,297.71215438842773,297.71215438842773,0.0,243.78784561157227
2024-05-22 10:00:00,810.0,2,5,541.5,1246.5,356.5538549423218,356.5538549423218,0.0,453.4461450576782
2024-05-22 11:00:00,702.0,2,5,810.0,541.5,387.9229974746704,387.9229974746704,0.0,314.0770025253296
2024-05-22 12:00:00,345.0,2,5,702.0,810.0,396.53477668762207,345.0,51.53477668762207,0.0
2024-05-22 13:00:00,814.5,2,5,345.0,702.0,349.90674018859863,349.90674018859863,0.0,464.59325981140137
2024-05-22 14:00:00,181.5,2,5,814.5,345.0,311.7595052719116,181.5,130.25950527191162,0.0
2024-05-22 15:00:00,1111.5,2,5,181.5,814.5,155.8633804321289,155.8633804321289,0.0,955.6366195678711
2024-05-22 16:00:00,1347.0,2,5,1111.5,181.5,6.843581199645996,6.843581199645996,0.0,1340.156418800354
2024-05-22 17:00:00,1383.0,2,5,1347.0,1111.5,1.4734983444213865,1.4734983444213865,0.0,1381.5265016555786
2024-05-22 18:00:00,1327.5,2,5,1383.0,1347.0,0.0,0.0,0.0,1327.5
2024-05-22 19:00:00,1405.5,2,5,1327.5,1383.0,0.0,0.0,0.0,1405.5
2024-05-22 20:00:00,1179.0,2,5,1405.5,1327.5,0.0,0.0,0.0,1179.0
2024-05-22 21:00:00,1305.0,2,5,1179.0,1405.5,0.0,0.0,0.0,1305.0
2024-05-22 22:00:00,1278.0,2,5,1305.0,1179.0,0.0,0.0,0.0,1278.0
2024-05-22 23:00:00,1356.0,2,5,1278.0,1305.0,0.0,0.0,0.0,1356.0
2024-05-23 00:00:00,1239.0,3,5,1356.0,1278.0,0.0,0.0,0.0,1239.0
2024-05-23 01:00:00,1296.0,3,5,1239.0,1356.0,0.0,0.0,0.0,1296.0
2024-05-23 02:00:00,1294.5,3,5,1296.0,1239.0,0.0,0.0,0.0,1294.5
2024-05-23 03:00:00,1369.5,3,5,1294.5,1296.0,0.0,0.0,0.0,1369.5
2024-05-23 04:00:00,1731.0,3,5,1369.5,1294.5,0.0,0.0,0.0,1731.0
2024-05-23 05:00:00,1699.5,3,5,1731.0,1369.5,0.0,0.0,0.0,1699.5
2024-05-23 06:00:00,1572.0,3,5,1699.5,1731.0,13.621673583984375,13.621673583984375,0.0,1558.3783264160156
2024-05-23 07:00:00,1357.5,3,5,1572.0,1699.5,94.46761608123778,94.46761608123778,0.0,1263.0323839187622
2024-05-23 08:00:00,1284.0,3,5,1357.5,1572.0,209.10578727722168,209.10578727722168,0.0,1074.8942127227783
2024-05-23 09:00:00,808.5,3,5,1284.0,1357.5,295.780234336853,295.780234336853,0.0,512.719765663147
2024-05-23 10:00:00,964.5,3,5,808.5,1284.0,353.77058029174805,353.77058029174805,0.0,610.729419708252
2024-05-23 11:00:00,775.5,3,5,964.5,808.5,387.0716428756714,387.0716428756714,0.0,388.4283571243286
2024-05-23 12:00:00,808.5,3,5,775.5,964.5,373.0242919921875,373.0242919921875,0.0,435.4757080078125
2024-05-23 13:00:00,924.0,3,5,808.5,775.5,366.7701101303101,366.7701101303101,0.0,557.2298898696899
2024-05-23 14:00:00,969.0,3,5,924.0,808.5,314.14984703063965,314.14984703063965,0.0,654.8501529693604
2024-05-23 15:00:00,1138.5,3,5,969.0,924.0,141.09565258026123,141.09565258026123,0.0,997.4043474197388
2024-05-23 16:00:00,1509.0,3,5,1138.5,969.0,44.69611644744874,44.69611644744874,0.0,1464.3038835525513
2024-05-23 17:00:00,1245.0,3,5,1509.0,1138.5,24.099884033203125,24.099884033203125,0.0,1220.9001159667969
2024-05-23 18:00:00,1575.0,3,5,1245.0,1509.0,0.0,0.0,0.0,1575.0
2024-05-23 19:00:00,1407.0,3,5,1575.0,1245.0,0.0,0.0,0.0,1407.0
2024-05-23 20:00:00,1491.0,3,5,1407.0,1575.0,0.0,0.0,0.0,1491.0
2024-05-23 21:00:00,1386.0,3,5,1491.0,1407.0,0.0,0.0,0.0,1386.0
2024-05-23 22:00:00,1738.5,3,5,1386.0,1491.0,0.0,0.0,0.0,1738.5
2024-05-23 23:00:00,1662.0,3,5,1738.5,1386.0,0.0,0.0,0.0,1662.0
2024-05-24 00:00:00,1785.0,4,5,1662.0,1738.5,0.0,0.0,0.0,1785.0
2024-05-24 01:00:00,1638.0,4,5,1785.0,1662.0,0.0,0.0,0.0,1638.0
2024-05-24 02:00:00,1761.0,4,5,1638.0,1785.0,0.0,0.0,0.0,1761.0
2024-05-24 03:00:00,1797.0,4,5,1761.0,1638.0,0.0,0.0,0.0,1797.0
2024-05-24 04:00:00,1536.0,4,5,1797.0,1761.0,0.0,0.0,0.0,1536.0
2024-05-24 05:00:00,1750.5,4,5,1536.0,1797.0,0.0,0.0,0.0,1750.5
2024-05-24 06:00:00,1221.0,4,5,1750.5,1536.0,17.551002502441406,17.551002502441406,0.0,1203.4489974975586
2024-05-24 07:00:00,1144.5,4,5,1221.0,1750.5,96.69423580169678,96.69423580169678,0.0,1047.8057641983032
2024-05-24 08:00:00,987.0,4,5,1144.5,1221.0,203.37551593780518,203.37551593780518,0.0,783.6244840621948
2024-05-24 09:00:00,1002.0,4,5,987.0,1144.5,289.6570301055908,289.6570301055908,0.0,712.3429698944092
2024-05-24 10:00:00,366.0,4,5,1002.0,987.0,350.5943727493286,350.5943727493286,0.0,15.405627250671387
2024-05-24 11:00:00,738.0,4,5,366.0,1002.0,384.28836822509766,384.28836822509766,0.0,353.71163177490234
2024-05-24 12:00:00,447.0,4,5,738.0,366.0,391.7868375778198,391.7868375778198,0.0,55.213162422180176
2024-05-24 13:00:00,553.5,4,5,447.0,738.0,338.9701080322265,338.9701080322265,0.0,214.5298919677735
2024-05-24 14:00:00,693.0,4,5,553.5,447.0,313.46221446990967,313.46221446990967,0.0,379.53778553009033
2024-05-24 15:00:00,847.5,4,5,693.0,553.5,246.5326452255249,246.5326452255249,0.0,600.9673547744751
2024-05-24 16:00:00,1405.5,4,5,847.5,693.0,37.03392505645752,37.03392505645752,0.0,1368.4660749435425
2024-05-24 17:00:00,1162.5,4,5,1405.5,847.5,45.35100460052491,45.35100460052491,0.0,1117.148995399475
2024-05-24 18:00:00,1330.5,4,5,1162.5,1405.5,0.8513545989990234,0.8513545989990234,0.0,1329.648645401001
2024-05-24 19:00:00,1411.5,4,5,1330.5,1162.5,0.0,0.0,0.0,1411.5
2024-05-24 20:00:00,1410.0,4,5,1411.5,1330.5,0.0,0.0,0.0,1410.0
2024-05-24 21:00:00,1828.5,4,5,1410.0,1411.5,0.0,0.0,0.0,1828.5
2024-05-24 22:00:00,1441.5,4,5,1828.5,1410.0,0.0,0.0,0.0,1441.5
2024-05-24 23:00:00,1408.5,4,5,1441.5,1828.5,0.0,0.0,0.0,1408.5
2024-05-25 00:00:00,1429.5,5,5,1408.5,1441.5,0.0,0.0,0.0,1429.5
2024-05-25 01:00:00,1441.5,5,5,1429.5,1408.5,0.0,0.0,0.0,1441.5
2024-05-25 02:00:00,1477.5,5,5,1441.5,1429.5,0.0,0.0,0.0,1477.5
2024-05-25 03:00:00,1770.0,5,5,1477.5,1441.5,0.0,0.0,0.0,1770.0
2024-05-25 04:00:00,1648.5,5,5,1770.0,1477.5,0.0,0.0,0.0,1648.5
2024-05-25 05:00:00,1744.5,5,5,1648.5,1770.0,0.0,0.0,0.0,1744.5
2024-05-25 06:00:00,1272.0,5,5,1744.5,1648.5,17.02709197998047,17.02709197998047,0.0,1254.9729080200195
2024-05-25 07:00:00,972.0,5,5,1272.0,1744.5,88.86832237243651,88.86832237243651,0.0,883.1316776275635
2024-05-25 08:00:00,547.5,5,5,972.0,1272.0,175.01885890960693,175.01885890960693,0.0,372.48114109039307
2024-05-25 09:00:00,721.5,5,5,547.5,972.0,253.14701557159424,253.14701557159424,0.0,468.35298442840576
2024-05-25 10:00:00,762.0,5,5,721.5,547.5,315.3941345214844,315.3941345214844,0.0,446.6058654785156
2024-05-25 11:00:00,754.5,5,5,762.0,721.5,345.060567855835,345.060567855835,0.0,409.439432144165
2024-05-25 12:00:00,690.0,5,5,754.5,762.0,376.10226631164556,376.10226631164556,0.0,313.89773368835444
2024-05-25 13:00:00,411.0,5,5,690.0,754.5,349.3500852584839,349.3500852584839,0.0,61.64991474151611
2024-05-25 14:00:00,427.5,5,5,411.0,690.0,302.00167179107666,302.00167179107666,0.0,125.49832820892334
2024-05-25 15:00:00,760.5,5,5,427.5,411.0,233.69683742523193,233.69683742523193,0.0,526.8031625747681
2024-05-25 16:00:00,792.0,5,5,760.5,427.5,139.36019897460938,139.36019897460938,0.0,652.6398010253906
2024-05-25 17:00:00,1317.0,5,5,792.0,760.5,2.685041427612305,2.685041427612305,0.0,1314.3149585723877
2024-05-25 18:00:00,1543.5,5,5,1317.0,792.0,0.0,0.0,0.0,1543.5
2024-05-25 19:00:00,1657.5,5,5,1543.5,1317.0,0.0,0.0,0.0,1657.5
2024-05-25 20:00:00,1569.0,5,5,1657.5,1543.5,0.0,0.0,0.0,1569.0
2024-05-25 21:00:00,1713.0,5,5,1569.0,1657.5,0.0,0.0,0.0,1713.0
2024-05-25 22:00:00,1711.5,5,5,1713.0,1569.0,0.0,0.0,0.0,1711.5
2024-05-25 23:00:00,1378.5,5,5,1711.5,1713.0,0.0,0.0,0.0,1378.5
2024-05-26 00:00:00,916.5,6,5,1378.5,1711.5,0.0,0.0,0.0,916.5
2024-05-26 01:00:00,903.0,6,5,916.5,1378.5,0.0,0.0,0.0,903.0
2024-05-26 02:00:00,901.5,6,5,903.0,916.5,0.0,0.0,0.0,901.5
2024-05-26 03:00:00,904.5,6,5,901.5,903.0,0.0,0.0,0.0,904.5
2024-05-26 04:00:00,886.5,6,5,904.5,901.5,0.0,0.0,0.0,886.5
2024-05-26 05:00:00,855.0,6,5,886.5,904.5,0.0,0.0,0.0,855.0
2024-05-26 06:00:00,639.0,6,5,855.0,886.5,14.964194297790527,14.964194297790527,0.0,624.0358057022095
2024-05-26 07:00:00,324.0,6,5,639.0,855.0,87.85324573516844,87.85324573516844,0.0,236.14675426483154
2024-05-26 08:00:00,25.5,6,5,324.0,639.0,185.3006029129028,25.5,159.8006029129028,0.0
2024-05-26 09:00:00,21.0,6,5,25.5,324.0,268.2421875,21.0,247.2421875,0.0
2024-05-26 10:00:00,48.0,6,5,21.0,25.5,323.28553676605225,48.0,275.28553676605225,0.0
2024-05-26 11:00:00,58.5,6,5,48.0,21.0,350.92181682586676,58.5,292.42181682586676,0.0
2024-05-26 12:00:00,24.0,6,5,58.5,48.0,353.2139253616333,24.0,329.2139253616333,0.0
2024-05-26 13:00:00,18.0,6,5,24.0,58.5,335.826644897461,18.0,317.826644897461,0.0
2024-05-26 14:00:00,22.5,6,5,18.0,24.0,296.17316722869873,22.5,273.67316722869873,0.0
2024-05-26 15:00:00,33.0,6,5,22.5,18.0,223.77528190612793,33.0,190.77528190612793,0.0
2024-05-26 16:00:00,37.5,6,5,33.0,22.5,134.93970394134521,37.5,97.43970394134521,0.0
2024-05-26 17:00:00,114.0,6,5,37.5,33.0,31.43463134765625,31.43463134765625,0.0,82.56536865234375
2024-05-26 18:00:00,199.5,6,5,114.0,37.5,0.0,0.0,0.0,199.5
2024-05-26 19:00:00,207.0,6,5,199.5,114.0,0.0,0.0,0.0,207.0
2024-05-26 20:00:00,235.5,6,5,207.0,199.5,0.0,0.0,0.0,235.5
2024-05-26 21:00:00,226.5,6,5,235.5,207.0,0.0,0.0,0.0,226.5
2024-05-26 22:00:00,238.5,6,5,226.5,235.5,0.0,0.0,0.0,238.5
2024-05-26 23:00:00,262.5,6,5,238.5,226.5,0.0,0.0,0.0,262.5
2024-05-27 00:00:00,244.5,0,5,262.5,238.5,0.0,0.0,0.0,244.5
2024-05-27 01:00:00,184.5,0,5,244.5,262.5,0.0,0.0,0.0,184.5
2024-05-27 02:00:00,232.5,0,5,184.5,244.5,0.0,0.0,0.0,232.5
2024-05-27 03:00:00,258.0,0,5,232.5,184.5,0.0,0.0,0.0,258.0
2024-05-27 04:00:00,214.5,0,5,258.0,232.5,0.0,0.0,0.0,214.5
2024-05-27 05:00:00,183.0,0,5,214.5,258.0,0.0,0.0,0.0,183.0
2024-05-27 06:00:00,75.0,0,5,183.0,214.5,12.999529838562012,12.999529838562012,0.0,62.00047016143799
2024-05-27 07:00:00,0.0,0,5,75.0,183.0,94.04193878173828,0.0,94.04193878173828,0.0
2024-05-27 08:00:00,0.0,0,5,0.0,75.0,206.68270111083984,0.0,206.68270111083984,0.0
2024-05-27 09:00:00,10.5,0,5,0.0,0.0,274.10343647003174,10.5,263.60343647003174,0.0
2024-05-27 10:00:00,18.0,0,5,10.5,0.0,326.8546772003174,18.0,308.8546772003174,0.0
2024-05-27 11:00:00,15.0,0,5,18.0,10.5,327.2803544998169,15.0,312.2803544998169,0.0
2024-05-27 12:00:00,13.5,0,5,15.0,18.0,296.20591163635254,13.5,282.70591163635254,0.0
2024-05-27 13:00:00,19.5,0,5,13.5,15.0,337.85679817199707,19.5,318.35679817199707,0.0
2024-05-27 14:00:00,3.0,0,5,19.5,13.5,276.2973117828369,3.0,273.2973117828369,0.0
2024-05-27 15:00:00,1.5,0,5,3.0,19.5,194.3053150177002,1.5,192.8053150177002,0.0
2024-05-27 16:00:00,15.0,0,5,1.5,3.0,113.32839488983154,15.0,98.32839488983154,0.0
2024-05-27 17:00:00,4.5,0,5,15.0,1.5,41.8800973892212,4.5,37.3800973892212,0.0
2024-05-27 18:00:00,144.0,0,5,4.5,15.0,0.884099006652832,0.884099006652832,0.0,143.11590099334717
2024-05-27 19:00:00,169.5,0,5,144.0,4.5,0.0,0.0,0.0,169.5
2024-05-27 20:00:00,172.5,0,5,169.5,144.0,0.0,0.0,0.0,172.5
2024-05-27 21:00:00,186.0,0,5,172.5,169.5,0.0,0.0,0.0,186.0
2024-05-27 22:00:00,214.5,0,5,186.0,172.5,0.0,0.0,0.0,214.5
2024-05-27 23:00:00,214.5,0,5,214.5,186.0,0.0,0.0,0.0,214.5
2024-05-28 00:00:00,157.5,1,5,214.5,214.5,0.0,0.0,0.0,157.5
2024-05-28 01:00:00,114.0,1,5,157.5,214.5,0.0,0.0,0.0,114.0
2024-05-28 02:00:00,126.0,1,5,114.0,157.5,0.0,0.0,0.0,126.0
2024-05-28 03:00:00,124.5,1,5,126.0,114.0,0.0,0.0,0.0,124.5
2024-05-28 04:00:00,133.5,1,5,124.5,126.0,0.0,0.0,0.0,133.5
2024-05-28 05:00:00,130.5,1,5,133.5,124.5,0.0,0.0,0.0,130.5
2024-05-28 06:00:00,82.5,1,5,130.5,133.5,14.865961074829102,14.865961074829102,0.0,67.6340389251709
2024-05-28 07:00:00,3.0,1,5,82.5,130.5,83.30177307128906,3.0,80.30177307128906,0.0
2024-05-28 08:00:00,69.0,1,5,3.0,82.5,180.29070854187012,69.0,111.29070854187012,0.0
2024-05-28 09:00:00,319.5,1,5,69.0,3.0,250.95314025878906,250.95314025878906,0.0,68.54685974121094
2024-05-28 10:00:00,642.0,1,5,319.5,69.0,279.2770528793335,279.2770528793335,0.0,362.7229471206665
2024-05-28 11:00:00,954.0,1,5,642.0,319.5,324.5625686645508,324.5625686645508,0.0,629.4374313354492
2024-05-28 12:00:00,447.0,1,5,954.0,642.0,350.00497341156006,350.00497341156006,0.0,96.99502658843994
2024-05-28 13:00:00,738.0,1,5,447.0,954.0,320.69872856140137,320.69872856140137,0.0,417.30127143859863
2024-05-28 14:00:00,378.0,1,5,738.0,447.0,245.19012451171875,245.19012451171875,0.0,132.80987548828125
2024-05-28 15:00:00,760.5,1,5,378.0,738.0,182.7465391159058,182.7465391159058,0.0,577.7534608840942
2024-05-28 16:00:00,1200.0,1,5,760.5,378.0,91.78257465362549,91.78257465362549,0.0,1108.2174253463745
2024-05-28 17:00:00,1201.5,1,5,1200.0,760.5,48.85465621948242,48.85465621948242,0.0,1152.6453437805176
2024-05-28 18:00:00,1507.5,1,5,1201.5,1200.0,1.4407539367675783,1.4407539367675783,0.0,1506.0592460632324
2024-05-28 19:00:00,1476.0,1,5,1507.5,1201.5,0.0,0.0,0.0,1476.0
2024-05-28 20:00:00,1498.5,1,5,1476.0,1507.5,0.0,0.0,0.0,1498.5
2024-05-28 21:00:00,1390.5,1,5,1498.5,1476.0,0.0,0.0,0.0,1390.5
2024-05-28 22:00:00,1599.0,1,5,1390.5,1498.5,0.0,0.0,0.0,1599.0
2024-05-28 23:00:00,1375.5,1,5,1599.0,1390.5,0.0,0.0,0.0,1375.5
2024-05-29 00:00:00,1615.5,2,5,1375.5,1599.0,0.0,0.0,0.0,1615.5
2024-05-29 01:00:00,1717.5,2,5,1615.5,1375.5,0.0,0.0,0.0,1717.5
2024-05-29 02:00:00,1801.5,2,5,1717.5,1615.5,0.0,0.0,0.0,1801.5
2024-05-29 03:00:00,1530.0,2,5,1801.5,1717.5,0.0,0.0,0.0,1530.0
2024-05-29 04:00:00,1323.0,2,5,1530.0,1801.5,0.0,0.0,0.0,1323.0
2024-05-29 05:00:00,1350.0,2,5,1323.0,1530.0,0.0,0.0,0.0,1350.0
2024-05-29 06:00:00,1477.5,2,5,1350.0,1323.0,16.30671501159668,16.30671501159668,0.0,1461.1932849884033
2024-05-29 07:00:00,1485.0,2,5,1477.5,1350.0,87.88599014282228,87.88599014282228,0.0,1397.1140098571777
2024-05-29 08:00:00,1134.0,2,5,1485.0,1477.5,174.06927108764646,174.06927108764646,0.0,959.9307289123535
2024-05-29 09:00:00,588.0,2,5,1134.0,1485.0,264.9022579193115,264.9022579193115,0.0,323.0977420806885
2024-05-29 10:00:00,399.0,2,5,588.0,1134.0,291.32699489593506,291.32699489593506,0.0,107.67300510406494
2024-05-29 11:00:00,507.0,2,5,399.0,588.0,323.8094472885132,323.8094472885132,0.0,183.19055271148682
2024-05-29 12:00:00,708.0,2,5,507.0,399.0,233.5986042022705,233.5986042022705,0.0,474.4013957977295
2024-05-29 13:00:00,415.5,2,5,708.0,507.0,299.9060297012329,299.9060297012329,0.0,115.59397029876709
2024-05-29 14:00:00,714.0,2,5,415.5,708.0,261.49683952331543,261.49683952331543,0.0,452.50316047668457
2024-05-29 15:00:00,1210.5,2,5,714.0,415.5,206.78093433380127,206.78093433380127,0.0,1003.7190656661987
2024-05-29 16:00:00,1461.0,2,5,1210.5,714.0,133.49895000457764,133.49895000457764,0.0,1327.5010499954224
2024-05-29 17:00:00,1366.5,2,5,1461.0,1210.5,49.05112266540527,49.05112266540527,0.0,1317.4488773345947
2024-05-29 18:00:00,1369.5,2,5,1366.5,1461.0,1.3425207138061526,1.3425207138061526,0.0,1368.1574792861938
2024-05-29 19:00:00,1417.5,2,5,1369.5,1366.5,0.0,0.0,0.0,1417.5
2024-05-29 20:00:00,1507.5,2,5,1417.5,1369.5,0.0,0.0,0.0,1507.5
2024-05-29 21:00:00,1465.5,2,5,1507.5,1417.5,0.0,0.0,0.0,1465.5
2024-05-29 22:00:00,1837.5,2,5,1465.5,1507.5,0.0,0.0,0.0,1837.5
2024-05-29 23:00:00,1588.5,2,5,1837.5,1465.5,0.0,0.0,0.0,1588.5
2024-05-30 00:00:00,1357.5,3,5,1588.5,1837.5,0.0,0.0,0.0,1357.5
2024-05-30 01:00:00,1459.5,3,5,1357.5,1588.5,0.0,0.0,0.0,1459.5
2024-05-30 02:00:00,1411.5,3,5,1459.5,1357.5,0.0,0.0,0.0,1411.5
2024-05-30 03:00:00,1443.0,3,5,1411.5,1459.5,0.0,0.0,0.0,1443.0
2024-05-30 04:00:00,1360.5,3,5,1443.0,1411.5,0.0,0.0,0.0,1360.5
2024-05-30 05:00:00,1732.5,3,5,1360.5,1443.0,0.0,0.0,0.0,1732.5
2024-05-30 06:00:00,1587.0,3,5,1732.5,1360.5,14.014606475830078,14.014606475830078,0.0,1572.98539352417
2024-05-30 07:00:00,1158.0,3,5,1587.0,1732.5,61.46125316619873,61.46125316619873,0.0,1096.5387468338013
2024-05-30 08:00:00,700.5,3,5,1158.0,1587.0,158.61391067504883,158.61391067504883,0.0,541.8860893249512
2024-05-30 09:00:00,552.0,3,5,700.5,1158.0,247.54772186279297,247.54772186279297,0.0,304.45227813720703
2024-05-30 10:00:00,466.5,3,5,552.0,700.5,290.96680641174316,290.96680641174316,0.0,175.53319358825684
2024-05-30 11:00:00,435.0,3,5,466.5,552.0,339.03559684753424,339.03559684753424,0.0,95.96440315246576
2024-05-30 12:00:00,535.5,3,5,435.0,466.5,343.9800024032593,343.9800024032593,0.0,191.51999759674072
2024-05-30 13:00:00,820.5,3,5,535.5,435.0,338.31521987915033,338.31521987915033,0.0,482.18478012084967
2024-05-30 14:00:00,691.5,3,5,820.5,535.5,304.29378032684326,304.29378032684326,0.0,387.20621967315674
2024-05-30 15:00:00,370.5,3,5,691.5,820.5,194.96020317077637,194.96020317077637,0.0,175.53979682922363
2024-05-30 16:00:00,544.5,3,5,370.5,691.5,138.08316707611084,138.08316707611084,0.0,406.41683292388916
2024-05-30 17:00:00,1356.0,3,5,544.5,370.5,48.985633850097656,48.985633850097656,0.0,1307.0143661499023
2024-05-30 18:00:00,1831.5,3,5,1356.0,544.5,1.4080095291137695,1.4080095291137695,0.0,1830.0919904708862
2024-05-30 19:00:00,1791.0,3,5,1831.5,1356.0,0.0,0.0,0.0,1791.0
2024-05-30 20:00:00,1485.0,3,5,1791.0,1831.5,0.0,0.0,0.0,1485.0
2024-05-30 21:00:00,1797.0,3,5,1485.0,1791.0,0.0,0.0,0.0,1797.0
2024-05-30 22:00:00,1842.0,3,5,1797.0,1485.0,0.0,0.0,0.0,1842.0
2024-05-30 23:00:00,1395.0,3,5,1842.0,1797.0,0.0,0.0,0.0,1395.0
2024-05-31 00:00:00,1041.0,4,5,1395.0,1842.0,0.0,0.0,0.0,1041.0
2024-05-31 01:00:00,999.0,4,5,1041.0,1395.0,0.0,0.0,0.0,999.0
2024-05-31 02:00:00,1012.5,4,5,999.0,1041.0,0.0,0.0,0.0,1012.5
2024-05-31 03:00:00,1000.5,4,5,1012.5,999.0,0.0,0.0,0.0,1000.5
2024-05-31 04:00:00,985.5,4,5,1000.5,1012.5,0.0,0.0,0.0,985.5
2024-05-31 05:00:00,1000.5,4,5,985.5,1000.5,0.0,0.0,0.0,1000.5
2024-05-31 06:00:00,862.5,4,5,1000.5,985.5,13.850884437561035,13.850884437561035,0.0,848.649115562439
2024-05-31 07:00:00,564.0,4,5,862.5,1000.5,90.21084308624269,90.21084308624269,0.0,473.7891569137573
2024-05-31 08:00:00,190.5,4,5,564.0,862.5,186.64312362670896,186.64312362670896,0.0,3.856876373291044
2024-05-31 09:00:00,15.0,4,5,190.5,564.0,244.43700313568115,15.0,229.43700313568115,0.0
2024-05-31 10:00:00,15.0,4,5,15.0,190.5,307.1097993850708,15.0,292.1097993850708,0.0
2024-05-31 11:00:00,3.0,4,5,15.0,15.0,279.7354745864868,3.0,276.7354745864868,0.0
2024-05-31 12:00:00,1.5,4,5,3.0,15.0,320.5350065231323,1.5,319.0350065231323,0.0
2024-05-31 13:00:00,12.0,4,5,1.5,3.0,331.99554920196533,12.0,319.99554920196533,0.0
2024-05-31 14:00:00,24.0,4,5,12.0,1.5,217.78305530548096,24.0,193.78305530548096,0.0
2024-05-31 15:00:00,54.0,4,5,24.0,12.0,160.8405303955078,54.0,106.84053039550781,0.0
2024-05-31 16:00:00,93.0,4,5,54.0,24.0,133.26973915100098,93.0,40.26973915100098,0.0
2024-05-31 17:00:00,232.5,4,5,93.0,54.0,48.65818977355957,48.65818977355957,0.0,183.84181022644043
2024-05-31 18:00:00,279.0,4,5,232.5,93.0,1.7354536056518555,1.7354536056518555,0.0,277.26454639434814
2024-05-31 19:00:00,288.0,4,5,279.0,232.5,0.0,0.0,0.0,288.0
2024-05-31 20:00:00,289.5,4,5,288.0,279.0,0.0,0.0,0.0,289.5
2024-05-31 21:00:00,288.0,4,5,289.5,288.0,0.0,0.0,0.0,288.0
2024-05-31 22:00:00,277.5,4,5,288.0,289.5,0.0,0.0,0.0,277.5
2024-05-31 23:00:00,282.0,4,5,277.5,288.0,0.0,0.0,0.0,282.0
2024-06-01 00:00:00,273.0,5,6,282.0,277.5,0.0,0.0,0.0,273.0
2024-06-01 01:00:00,255.0,5,6,273.0,282.0,0.0,0.0,0.0,255.0
2024-06-01 02:00:00,264.0,5,6,255.0,273.0,0.0,0.0,0.0,264.0
2024-06-01 03:00:00,270.0,5,6,264.0,255.0,0.0,0.0,0.0,270.0
2024-06-01 04:00:00,268.5,5,6,270.0,264.0,0.0,0.0,0.0,268.5
2024-06-01 05:00:00,261.0,5,6,268.5,270.0,0.0,0.0,0.0,261.0
2024-06-01 06:00:00,157.5,5,6,261.0,268.5,15.029683113098145,15.029683113098145,0.0,142.47031688690186
2024-06-01 07:00:00,15.0,5,6,157.5,261.0,78.02992343902588,15.0,63.02992343902588,0.0
2024-06-01 08:00:00,3.0,5,6,15.0,157.5,181.76420688629153,3.0,178.76420688629153,0.0
2024-06-01 09:00:00,6.0,5,6,3.0,15.0,154.45537090301514,6.0,148.45537090301514,0.0
2024-06-01 10:00:00,6.0,5,6,6.0,3.0,177.04901218414304,6.0,171.04901218414304,0.0
2024-06-01 11:00:00,6.0,5,6,6.0,6.0,207.17386722564697,6.0,201.17386722564697,0.0
2024-06-01 12:00:00,0.0,5,6,6.0,6.0,181.66597366333005,0.0,181.66597366333005,0.0
2024-06-01 13:00:00,9.0,5,6,0.0,6.0,302.0671606063843,9.0,293.0671606063843,0.0
2024-06-01 14:00:00,6.0,5,6,9.0,0.0,309.7948408126831,6.0,303.7948408126831,0.0
2024-06-01 15:00:00,15.0,5,6,6.0,9.0,195.4841136932373,15.0,180.4841136932373,0.0
2024-06-01 16:00:00,79.5,5,6,15.0,6.0,156.51826858520508,79.5,77.01826858520508,0.0
2024-06-01 17:00:00,121.5,5,6,79.5,15.0,51.310486793518066,51.310486793518066,0.0,70.18951320648193
2024-06-01 18:00:00,252.0,5,6,121.5,79.5,2.2921085357666016,2.2921085357666016,0.0,249.7078914642334
2024-06-01 19:00:00,273.0,5,6,252.0,121.5,0.0,0.0,0.0,273.0
2024-06-01 20:00:00,273.0,5,6,273.0,252.0,0.0,0.0,0.0,273.0
2024-06-01 21:00:00,274.5,5,6,273.0,273.0,0.0,0.0,0.0,274.5
2024-06-01 22:00:00,277.5,5,6,274.5,273.0,0.0,0.0,0.0,277.5
2024-06-01 23:00:00,276.0,5,6,277.5,274.5,0.0,0.0,0.0,276.0
2024-06-02 00:00:00,277.5,6,6,276.0,277.5,0.0,0.0,0.0,277.5
2024-06-02 01:00:00,264.0,6,6,277.5,276.0,0.0,0.0,0.0,264.0
2024-06-02 02:00:00,189.0,6,6,264.0,277.5,0.0,0.0,0.0,189.0
2024-06-02 03:00:00,163.5,6,6,189.0,264.0,0.0,0.0,0.0,163.5
2024-06-02 04:00:00,159.0,6,6,163.5,189.0,0.0,0.0,0.0,159.0
2024-06-02 05:00:00,141.0,6,6,159.0,163.5,0.0,0.0,0.0,141.0
2024-06-02 06:00:00,60.0,6,6,141.0,159.0,14.865961074829102,14.865961074829102,0.0,45.1340389251709
2024-06-02 07:00:00,0.0,6,6,60.0,141.0,87.75501251220703,0.0,87.75501251220703,0.0
2024-06-02 08:00:00,3.0,6,6,0.0,60.0,185.5625581741333,3.0,182.5625581741333,0.0
2024-06-02 09:00:00,0.0,6,6,3.0,0.0,257.8622102737427,0.0,257.8622102737427,0.0
2024-06-02 10:00:00,0.0,6,6,0.0,3.0,288.93665313720703,0.0,288.93665313720703,0.0
2024-06-02 11:00:00,4.5,6,6,0.0,0.0,291.1305284500122,4.5,286.6305284500122,0.0
2024-06-02 12:00:00,0.0,6,6,4.5,0.0,281.40543937683105,0.0,281.40543937683105,0.0
2024-06-02 13:00:00,1.5,6,6,0.0,4.5,296.0749340057373,1.5,294.5749340057373,0.0
2024-06-02 14:00:00,6.0,6,6,1.5,0.0,251.4443063735962,6.0,245.4443063735962,0.0
2024-06-02 15:00:00,13.5,6,6,6.0,1.5,220.92651844024658,13.5,207.42651844024658,0.0
2024-06-02 16:00:00,21.0,6,6,13.5,6.0,142.1107292175293,21.0,121.1107292175293,0.0
2024-06-02 17:00:00,30.0,6,6,21.0,13.5,13.75265121459961,13.75265121459961,0.0,16.24734878540039
2024-06-02 18:00:00,147.0,6,6,30.0,21.0,0.0,0.0,0.0,147.0
2024-06-02 19:00:00,166.5,6,6,147.0,30.0,0.0,0.0,0.0,166.5
2024-06-02 20:00:00,160.5,6,6,166.5,147.0,0.0,0.0,0.0,160.5
2024-06-02 21:00:00,168.0,6,6,160.5,166.5,0.0,0.0,0.0,168.0
2024-06-02 22:00:00,166.5,6,6,168.0,160.5,0.0,0.0,0.0,166.5
2024-06-02 23:00:00,171.0,6,6,166.5,168.0,0.0,0.0,0.0,171.0
2024-06-03 00:00:00,166.5,0,6,171.0,166.5,0.0,0.0,0.0,166.5
2024-06-03 01:00:00,153.0,0,6,166.5,171.0,0.0,0.0,0.0,153.0
2024-06-03 02:00:00,157.5,0,6,153.0,166.5,0.0,0.0,0.0,157.5
2024-06-03 03:00:00,163.5,0,6,157.5,153.0,0.0,0.0,0.0,163.5
2024-06-03 04:00:00,157.5,0,6,163.5,157.5,0.0,0.0,0.0,157.5
2024-06-03 05:00:00,145.5,0,6,157.5,163.5,0.0,0.0,0.0,145.5
2024-06-03 06:00:00,93.0,0,6,145.5,157.5,15.062427520751953,15.062427520751953,0.0,77.93757247924805
2024-06-03 07:00:00,7.5,0,6,93.0,145.5,82.45041847229005,7.5,74.95041847229005,0.0
2024-06-03 08:00:00,0.0,0,6,7.5,93.0,172.92321681976318,0.0,172.92321681976318,0.0
2024-06-03 09:00:00,0.0,0,6,0.0,7.5,248.56279850006104,0.0,248.56279850006104,0.0
2024-06-03 10:00:00,0.0,0,6,0.0,0.0,294.69966888427734,0.0,294.69966888427734,0.0
2024-06-03 11:00:00,3.0,0,6,0.0,0.0,309.95856285095215,3.0,306.95856285095215,0.0
2024-06-03 12:00:00,0.0,0,6,3.0,0.0,318.01368713378906,0.0,318.01368713378906,0.0
2024-06-03 13:00:00,0.0,0,6,0.0,3.0,300.06975173950195,0.0,300.06975173950195,0.0
2024-06-03 14:00:00,0.0,0,6,0.0,0.0,272.23700523376465,0.0,272.23700523376465,0.0
2024-06-03 15:00:00,0.0,0,6,0.0,0.0,228.2285213470459,0.0,228.2285213470459,0.0
2024-06-03 16:00:00,13.5,0,6,0.0,0.0,146.13829135894775,13.5,132.63829135894775,0.0
2024-06-03 17:00:00,99.0,0,6,13.5,0.0,49.57503318786621,49.57503318786621,0.0,49.42496681213379
2024-06-03 18:00:00,204.0,0,6,99.0,13.5,1.7027091979980469,1.7027091979980469,0.0,202.29729080200195
2024-06-03 19:00:00,228.0,0,6,204.0,99.0,0.0,0.0,0.0,228.0
2024-06-03 20:00:00,372.0,0,6,228.0,204.0,0.0,0.0,0.0,372.0
2024-06-03 21:00:00,694.5,0,6,372.0,228.0,0.0,0.0,0.0,694.5
2024-06-03 22:00:00,1420.5,0,6,694.5,372.0,0.0,0.0,0.0,1420.5
2024-06-03 23:00:00,1749.0,0,6,1420.5,694.5,0.0,0.0,0.0,1749.0
2024-06-04 00:00:00,1618.5,1,6,1749.0,1420.5,0.0,0.0,0.0,1618.5
2024-06-04 01:00:00,1441.5,1,6,1618.5,1749.0,0.0,0.0,0.0,1441.5
2024-06-04 02:00:00,1657.5,1,6,1441.5,1618.5,0.0,0.0,0.0,1657.5
2024-06-04 03:00:00,1446.0,1,6,1657.5,1441.5,0.0,0.0,0.0,1446.0
2024-06-04 04:00:00,1383.0,1,6,1446.0,1657.5,0.0,0.0,0.0,1383.0
2024-06-04 05:00:00,1279.5,1,6,1383.0,1446.0,0.0,0.0,0.0,1279.5
2024-06-04 06:00:00,1236.0,1,6,1279.5,1383.0,13.294229507446289,13.294229507446289,0.0,1222.7057704925537
2024-06-04 07:00:00,862.5,1,6,1236.0,1279.5,85.85583686828613,85.85583686828613,0.0,776.6441631317139
2024-06-04 08:00:00,577.5,1,6,862.5,1236.0,186.05372428894046,186.05372428894046,0.0,391.44627571105957
2024-06-04 09:00:00,651.0,1,6,577.5,862.5,263.13405990600586,263.13405990600586,0.0,387.86594009399414
2024-06-04 10:00:00,670.5,1,6,651.0,577.5,317.55526542663574,317.55526542663574,0.0,352.94473457336426
2024-06-04 11:00:00,348.0,1,6,670.5,651.0,330.2928400039672,330.2928400039672,0.0,17.70715999603277
2024-06-04 12:00:00,372.0,1,6,348.0,670.5,363.23371410369873,363.23371410369873,0.0,8.76628589630127
2024-06-04 13:00:00,652.5,1,6,372.0,348.0,366.9665765762329,366.9665765762329,0.0,285.5334234237671
2024-06-04 14:00:00,436.5,1,6,652.5,372.0,289.1986083984375,289.1986083984375,0.0,147.3013916015625
2024-06-04 15:00:00,924.0,1,6,436.5,652.5,219.8786973953247,219.8786973953247,0.0,704.1213026046753
2024-06-04 16:00:00,1377.0,1,6,924.0,436.5,125.18187046051025,125.18187046051025,0.0,1251.8181295394897
2024-06-04 17:00:00,1722.0,1,6,1377.0,924.0,21.84051990509033,21.84051990509033,0.0,1700.1594800949097
2024-06-04 18:00:00,1630.5,1,6,1722.0,1377.0,0.0,0.0,0.0,1630.5
2024-06-04 19:00:00,1653.0,1,6,1630.5,1722.0,0.0,0.0,0.0,1653.0
2024-06-04 20:00:00,1641.0,1,6,1653.0,1630.5,0.0,0.0,0.0,1641.0
2024-06-04 21:00:00,1776.0,1,6,1641.0,1653.0,0.0,0.0,0.0,1776.0
2024-06-04 22:00:00,1552.5,1,6,1776.0,1641.0,0.0,0.0,0.0,1552.5
2024-06-04 23:00:00,1654.5,1,6,1552.5,1776.0,0.0,0.0,0.0,1654.5
2024-06-05 00:00:00,1629.0,2,6,1654.5,1552.5,0.0,0.0,0.0,1629.0
2024-06-05 01:00:00,1483.5,2,6,1629.0,1654.5,0.0,0.0,0.0,1483.5
2024-06-05 02:00:00,1270.5,2,6,1483.5,1629.0,0.0,0.0,0.0,1270.5
2024-06-05 03:00:00,1354.5,2,6,1270.5,1483.5,0.0,0.0,0.0,1354.5
2024-06-05 04:00:00,1351.5,2,6,1354.5,1270.5,0.0,0.0,0.0,1351.5
2024-06-05 05:00:00,1525.5,2,6,1351.5,1354.5,0.0,0.0,0.0,1525.5
2024-06-05 06:00:00,1293.0,2,6,1525.5,1351.5,15.422616004943848,15.422616004943848,0.0,1277.5773839950562
2024-06-05 07:00:00,1312.5,2,6,1293.0,1525.5,83.43275070190431,83.43275070190431,0.0,1229.0672492980957
2024-06-05 08:00:00,672.0,2,6,1312.5,1293.0,160.0219202041626,160.0219202041626,0.0,511.9780797958374
2024-06-05 09:00:00,525.0,2,6,672.0,1312.5,257.9604434967041,257.9604434967041,0.0,267.0395565032959
2024-06-05 10:00:00,381.0,2,6,525.0,672.0,290.3446626663208,290.3446626663208,0.0,90.6553373336792
2024-06-05 11:00:00,456.0,2,6,381.0,525.0,303.40968132019043,303.40968132019043,0.0,152.59031867980957
2024-06-05 12:00:00,663.0,2,6,456.0,381.0,329.7361850738525,329.7361850738525,0.0,333.2638149261475
2024-06-05 13:00:00,573.0,2,6,663.0,456.0,311.6285276412964,311.6285276412964,0.0,261.3714723587036
2024-06-05 14:00:00,585.0,2,6,573.0,663.0,208.7783432006836,208.7783432006836,0.0,376.2216567993164
2024-06-05 15:00:00,891.0,2,6,585.0,573.0,222.33452796936035,222.33452796936035,0.0,668.6654720306396
2024-06-05 16:00:00,954.0,2,6,891.0,585.0,158.02451133728027,158.02451133728027,0.0,795.9754886627197
2024-06-05 17:00:00,1234.5,2,6,954.0,891.0,47.51213550567627,47.51213550567627,0.0,1186.9878644943237
2024-06-05 18:00:00,1461.0,2,6,1234.5,954.0,1.8009424209594727,1.8009424209594727,0.0,1459.1990575790405
2024-06-05 19:00:00,1515.0,2,6,1461.0,1234.5,0.0,0.0,0.0,1515.0
2024-06-05 20:00:00,1497.0,2,6,1515.0,1461.0,0.0,0.0,0.0,1497.0
2024-06-05 21:00:00,1467.0,2,6,1497.0,1515.0,0.0,0.0,0.0,1467.0
2024-06-05 22:00:00,1480.5,2,6,1467.0,1497.0,0.0,0.0,0.0,1480.5
2024-06-05 23:00:00,1431.0,2,6,1480.5,1467.0,0.0,0.0,0.0,1431.0
2024-06-06 00:00:00,1407.0,3,6,1431.0,1480.5,0.0,0.0,0.0,1407.0
2024-06-06 01:00:00,1608.0,3,6,1407.0,1431.0,0.0,0.0,0.0,1608.0
2024-06-06 02:00:00,1650.0,3,6,1608.0,1407.0,0.0,0.0,0.0,1650.0
2024-06-06 03:00:00,1701.0,3,6,1650.0,1608.0,0.0,0.0,0.0,1701.0
2024-06-06 04:00:00,1450.5,3,6,1701.0,1650.0,0.0,0.0,0.0,1450.5
2024-06-06 05:00:00,1680.0,3,6,1450.5,1701.0,0.0,0.0,0.0,1680.0
2024-06-06 06:00:00,1330.5,3,6,1680.0,1450.5,13.850884437561035,13.850884437561035,0.0,1316.649115562439
2024-06-06 07:00:00,1011.0,3,6,1330.5,1680.0,73.08551788330078,73.08551788330078,0.0,937.9144821166992
2024-06-06 08:00:00,669.0,3,6,1011.0,1330.5,179.63582038879395,179.63582038879395,0.0,489.36417961120605
2024-06-06 09:00:00,594.0,3,6,669.0,1011.0,252.81957149505615,252.81957149505615,0.0,341.18042850494385
2024-06-06 10:00:00,393.0,3,6,594.0,669.0,306.2911891937256,306.2911891937256,0.0,86.70881080627441
2024-06-06 11:00:00,676.5,3,6,393.0,594.0,326.69095516204834,326.69095516204834,0.0,349.80904483795166
2024-06-06 12:00:00,846.0,3,6,676.5,393.0,332.81415939331055,332.81415939331055,0.0,513.1858406066895
2024-06-06 13:00:00,883.5,3,6,846.0,676.5,331.4716386795044,331.4716386795044,0.0,552.0283613204956
2024-06-06 14:00:00,979.5,3,6,883.5,846.0,259.7941303253174,259.7941303253174,0.0,719.7058696746826
2024-06-06 15:00:00,859.5,3,6,979.5,883.5,234.41721439361572,234.41721439361572,0.0,625.0827856063843
2024-06-06 16:00:00,1024.5,3,6,859.5,979.5,147.38257884979248,147.38257884979248,0.0,877.1174211502075
2024-06-06 17:00:00,1453.5,3,6,1024.5,859.5,49.5422887802124,49.5422887802124,0.0,1403.9577112197876
2024-06-06 18:00:00,1678.5,3,6,1453.5,1024.5,3.0124855041503906,3.0124855041503906,0.0,1675.4875144958496
2024-06-06 19:00:00,1417.5,3,6,1678.5,1453.5,0.0,0.0,0.0,1417.5
2024-06-06 20:00:00,1450.5,3,6,1417.5,1678.5,0.0,0.0,0.0,1450.5
2024-06-06 21:00:00,1750.5,3,6,1450.5,1417.5,0.0,0.0,0.0,1750.5
2024-06-06 22:00:00,1389.0,3,6,1750.5,1450.5,0.0,0.0,0.0,1389.0
2024-06-06 23:00:00,1401.0,3,6,1389.0,1750.5,0.0,0.0,0.0,1401.0
2024-06-07 00:00:00,1401.0,4,6,1401.0,1389.0,0.0,0.0,0.0,1401.0
2024-06-07 01:00:00,1495.5,4,6,1401.0,1401.0,0.0,0.0,0.0,1495.5
2024-06-07 02:00:00,1473.0,4,6,1495.5,1401.0,0.0,0.0,0.0,1473.0
2024-06-07 03:00:00,1339.5,4,6,1473.0,1495.5,0.0,0.0,0.0,1339.5
2024-06-07 04:00:00,1314.0,4,6,1339.5,1473.0,0.0,0.0,0.0,1314.0
2024-06-07 05:00:00,1330.5,4,6,1314.0,1339.5,0.0,0.0,0.0,1330.5
2024-06-07 06:00:00,1389.0,4,6,1330.5,1314.0,12.835807800292969,12.835807800292969,0.0,1376.164192199707
2024-06-07 07:00:00,1120.5,4,6,1389.0,1330.5,81.30436420440674,81.30436420440674,0.0,1039.1956357955933
2024-06-07 08:00:00,522.0,4,6,1120.5,1389.0,176.19765758514404,176.19765758514404,0.0,345.80234241485596
2024-06-07 09:00:00,49.5,4,6,522.0,1120.5,228.91615390777588,49.5,179.41615390777588,0.0
2024-06-07 10:00:00,481.5,4,6,49.5,522.0,258.2878875732422,258.2878875732422,0.0,223.2121124267578
2024-06-07 11:00:00,229.5,4,6,481.5,49.5,286.8082666397095,229.5,57.30826663970947,0.0
2024-06-07 12:00:00,742.5,4,6,229.5,481.5,288.0198097229004,288.0198097229004,0.0,454.4801902770996
2024-06-07 13:00:00,706.5,4,6,742.5,229.5,300.6264066696167,300.6264066696167,0.0,405.8735933303833
2024-06-07 14:00:00,604.5,4,6,706.5,742.5,286.74277782440186,286.74277782440186,0.0,317.75722217559814
2024-06-07 15:00:00,304.5,4,6,604.5,706.5,255.53735733032227,255.53735733032227,0.0,48.962642669677734
2024-06-07 16:00:00,501.0,4,6,304.5,604.5,157.3696231842041,157.3696231842041,0.0,343.6303768157959
2024-06-07 17:00:00,729.0,4,6,501.0,304.5,49.64052200317383,49.64052200317383,0.0,679.3594779968262
2024-06-07 18:00:00,964.5,4,6,729.0,501.0,2.783274650573731,2.783274650573731,0.0,961.7167253494263
2024-06-07 19:00:00,973.5,4,6,964.5,729.0,0.0,0.0,0.0,973.5
2024-06-07 20:00:00,877.5,4,6,973.5,964.5,0.0,0.0,0.0,877.5
2024-06-07 21:00:00,661.5,4,6,877.5,973.5,0.0,0.0,0.0,661.5
2024-06-07 22:00:00,360.0,4,6,661.5,877.5,0.0,0.0,0.0,360.0
2024-06-07 23:00:00,360.0,4,6,360.0,661.5,0.0,0.0,0.0,360.0
2024-06-08 00:00:00,351.0,5,6,360.0,360.0,0.0,0.0,0.0,351.0
2024-06-08 01:00:00,327.0,5,6,351.0,360.0,0.0,0.0,0.0,327.0
2024-06-08 02:00:00,327.0,5,6,327.0,351.0,0.0,0.0,0.0,327.0
2024-06-08 03:00:00,339.0,5,6,327.0,327.0,0.0,0.0,0.0,339.0
2024-06-08 04:00:00,310.5,5,6,339.0,327.0,0.0,0.0,0.0,310.5
2024-06-08 05:00:00,240.0,5,6,310.5,339.0,0.0,0.0,0.0,240.0
2024-06-08 06:00:00,120.0,5,6,240.0,310.5,12.049942016601562,12.049942016601562,0.0,107.95005798339844
2024-06-08 07:00:00,7.5,5,6,120.0,240.0,77.50601291656494,7.5,70.00601291656494,0.0
2024-06-08 08:00:00,3.0,5,6,7.5,120.0,166.89824581146243,3.0,163.89824581146243,0.0
2024-06-08 09:00:00,7.5,5,6,3.0,7.5,242.27587223052979,7.5,234.77587223052979,0.0
2024-06-08 10:00:00,7.5,5,6,7.5,3.0,306.12746715545654,7.5,298.62746715545654,0.0
2024-06-08 11:00:00,7.5,5,6,7.5,7.5,346.46857738494873,7.5,338.96857738494873,0.0
2024-06-08 12:00:00,3.0,5,6,7.5,7.5,379.83512878417963,3.0,376.83512878417963,0.0
2024-06-08 13:00:00,6.0,5,6,3.0,7.5,324.3006134033203,6.0,318.3006134033203,0.0
2024-06-08 14:00:00,7.5,5,6,6.0,3.0,294.79790210723877,7.5,287.29790210723877,0.0
2024-06-08 15:00:00,9.0,5,6,7.5,6.0,204.78352546691895,9.0,195.78352546691895,0.0
2024-06-08 16:00:00,51.0,5,6,9.0,7.5,151.6393518447876,51.0,100.6393518447876,0.0
2024-06-08 17:00:00,66.0,5,6,51.0,9.0,50.75383186340332,50.75383186340332,0.0,15.24616813659668
2024-06-08 18:00:00,153.0,5,6,66.0,51.0,3.1762075424194336,3.1762075424194336,0.0,149.82379245758057
2024-06-08 19:00:00,169.5,5,6,153.0,66.0,0.0,0.0,0.0,169.5
2024-06-08 20:00:00,165.0,5,6,169.5,153.0,0.0,0.0,0.0,165.0
2024-06-08 21:00:00,171.0,5,6,165.0,169.5,0.0,0.0,0.0,171.0
2024-06-08 22:00:00,168.0,5,6,171.0,165.0,0.0,0.0,0.0,168.0
2024-06-08 23:00:00,168.0,5,6,168.0,171.0,0.0,0.0,0.0,168.0
2024-06-09 00:00:00,168.0,6,6,168.0,168.0,0.0,0.0,0.0,168.0
2024-06-09 01:00:00,153.0,6,6,168.0,168.0,0.0,0.0,0.0,153.0
2024-06-09 02:00:00,160.5,6,6,153.0,168.0,0.0,0.0,0.0,160.5
2024-06-09 03:00:00,153.0,6,6,160.5,153.0,0.0,0.0,0.0,153.0
2024-06-09 04:00:00,151.5,6,6,153.0,160.5,0.0,0.0,0.0,151.5
2024-06-09 05:00:00,142.5,6,6,151.5,153.0,0.0,0.0,0.0,142.5
2024-06-09 06:00:00,46.5,6,6,142.5,151.5,4.747939109802246,4.747939109802246,0.0,41.752060890197754
2024-06-09 07:00:00,4.5,6,6,46.5,142.5,77.3422908782959,4.5,72.8422908782959,0.0
2024-06-09 08:00:00,0.0,6,6,4.5,46.5,195.90979099273682,0.0,195.90979099273682,0.0
2024-06-09 09:00:00,3.0,6,6,0.0,4.5,292.7350044250488,3.0,289.7350044250488,0.0
2024-06-09 10:00:00,6.0,6,6,3.0,0.0,324.1696357727051,6.0,318.1696357727051,0.0
2024-06-09 11:00:00,6.0,6,6,6.0,3.0,327.50956535339355,6.0,321.50956535339355,0.0
2024-06-09 12:00:00,0.0,6,6,6.0,6.0,304.19554710388184,0.0,304.19554710388184,0.0
2024-06-09 13:00:00,6.0,6,6,0.0,6.0,104.32368278503418,6.0,98.32368278503418,0.0
2024-06-09 14:00:00,3.0,6,6,6.0,0.0,158.81037712097168,3.0,155.81037712097168,0.0
2024-06-09 15:00:00,45.0,6,6,3.0,6.0,222.4982500076294,45.0,177.4982500076294,0.0
2024-06-09 16:00:00,100.5,6,6,45.0,3.0,130.42097568511963,100.5,29.92097568511963,0.0
2024-06-09 17:00:00,147.0,6,6,100.5,45.0,4.7151947021484375,4.7151947021484375,0.0,142.28480529785156
2024-06-09 18:00:00,151.5,6,6,147.0,100.5,0.0,0.0,0.0,151.5
2024-06-09 19:00:00,147.0,6,6,151.5,147.0,0.0,0.0,0.0,147.0
2024-06-09 20:00:00,162.0,6,6,147.0,151.5,0.0,0.0,0.0,162.0
2024-06-09 21:00:00,165.0,6,6,162.0,147.0,0.0,0.0,0.0,165.0
2024-06-09 22:00:00,171.0,6,6,165.0,162.0,0.0,0.0,0.0,171.0
2024-06-09 23:00:00,171.0,6,6,171.0,165.0,0.0,0.0,0.0,171.0
2024-06-10 00:00:00,168.0,0,6,171.0,171.0,0.0,0.0,0.0,168.0
2024-06-10 01:00:00,153.0,0,6,168.0,171.0,0.0,0.0,0.0,153.0
2024-06-10 02:00:00,154.5,0,6,153.0,168.0,0.0,0.0,0.0,154.5
2024-06-10 03:00:00,150.0,0,6,154.5,153.0,0.0,0.0,0.0,150.0
2024-06-10 04:00:00,148.5,0,6,150.0,154.5,0.0,0.0,0.0,148.5
2024-06-10 05:00:00,145.5,0,6,148.5,150.0,0.0,0.0,0.0,145.5
2024-06-10 06:00:00,76.5,0,6,145.5,148.5,11.918964385986328,11.918964385986328,0.0,64.58103561401367
2024-06-10 07:00:00,9.0,0,6,76.5,145.5,85.03722667694092,9.0,76.03722667694092,0.0
2024-06-10 08:00:00,9.0,0,6,9.0,76.5,181.0438299179077,9.0,172.0438299179077,0.0
2024-06-10 09:00:00,16.5,0,6,9.0,9.0,260.2852964401245,16.5,243.7852964401245,0.0
2024-06-10 10:00:00,3.0,0,6,16.5,9.0,313.85514736175537,3.0,310.85514736175537,0.0
2024-06-10 11:00:00,6.0,0,6,3.0,16.5,315.4268789291382,6.0,309.4268789291382,0.0
2024-06-10 12:00:00,0.0,0,6,6.0,3.0,354.0325355529785,0.0,354.0325355529785,0.0
2024-06-10 13:00:00,6.0,0,6,0.0,6.0,311.2683391571045,6.0,305.2683391571045,0.0
2024-06-10 14:00:00,6.0,0,6,6.0,0.0,254.39130306243896,6.0,248.39130306243896,0.0
2024-06-10 15:00:00,138.0,0,6,6.0,6.0,209.49872016906738,138.0,71.49872016906738,0.0
2024-06-10 16:00:00,225.0,0,6,138.0,6.0,100.52533149719238,100.52533149719238,0.0,124.47466850280762
2024-06-10 17:00:00,139.5,0,6,225.0,138.0,36.5755033493042,36.5755033493042,0.0,102.9244966506958
2024-06-10 18:00:00,181.5,0,6,139.5,225.0,2.423086166381836,2.423086166381836,0.0,179.07691383361816
2024-06-10 19:00:00,196.5,0,6,181.5,139.5,0.0,0.0,0.0,196.5
2024-06-10 20:00:00,220.5,0,6,196.5,181.5,0.0,0.0,0.0,220.5
2024-06-10 21:00:00,180.0,0,6,220.5,196.5,0.0,0.0,0.0,180.0
2024-06-10 22:00:00,181.5,0,6,180.0,220.5,0.0,0.0,0.0,181.5
2024-06-10 23:00:00,181.5,0,6,181.5,180.0,0.0,0.0,0.0,181.5
2024-06-11 00:00:00,172.5,1,6,181.5,181.5,0.0,0.0,0.0,172.5
2024-06-11 01:00:00,168.0,1,6,172.5,181.5,0.0,0.0,0.0,168.0
2024-06-11 02:00:00,166.5,1,6,168.0,172.5,0.0,0.0,0.0,166.5
2024-06-11 03:00:00,165.0,1,6,166.5,168.0,0.0,0.0,0.0,165.0
2024-06-11 04:00:00,157.5,1,6,165.0,166.5,0.0,0.0,0.0,157.5
2024-06-11 05:00:00,133.5,1,6,157.5,165.0,0.0,0.0,0.0,133.5
2024-06-11 06:00:00,84.0,1,6,133.5,157.5,14.865961074829102,14.865961074829102,0.0,69.1340389251709
2024-06-11 07:00:00,1.5,1,6,84.0,133.5,76.39270305633545,1.5,74.89270305633545,0.0
2024-06-11 08:00:00,6.0,1,6,1.5,84.0,158.61391067504883,6.0,152.61391067504883,0.0
2024-06-11 09:00:00,7.5,1,6,6.0,1.5,210.84124088287354,7.5,203.34124088287354,0.0
2024-06-11 10:00:00,10.5,1,6,7.5,6.0,279.3752861022949,10.5,268.8752861022949,0.0
2024-06-11 11:00:00,6.0,1,6,10.5,7.5,304.7194576263428,6.0,298.7194576263428,0.0
2024-06-11 12:00:00,0.0,1,6,6.0,10.5,306.0619783401489,0.0,306.0619783401489,0.0
2024-06-11 13:00:00,10.5,1,6,0.0,6.0,310.9081506729126,10.5,300.4081506729126,0.0
2024-06-11 14:00:00,6.0,1,6,10.5,0.0,272.17151641845703,6.0,266.17151641845703,0.0
2024-06-11 15:00:00,15.0,1,6,6.0,10.5,202.00025081634521,15.0,187.00025081634521,0.0
2024-06-11 16:00:00,90.0,1,6,15.0,6.0,128.12886714935303,90.0,38.12886714935303,0.0
2024-06-11 17:00:00,61.5,1,6,90.0,15.0,50.09894371032715,50.09894371032715,0.0,11.401056289672852
2024-06-11 18:00:00,178.5,1,6,61.5,90.0,3.863840103149414,3.863840103149414,0.0,174.6361598968506
2024-06-11 19:00:00,175.5,1,6,178.5,61.5,0.0,0.0,0.0,175.5
2024-06-11 20:00:00,180.0,1,6,175.5,178.5,0.0,0.0,0.0,180.0
2024-06-11 21:00:00,163.5,1,6,180.0,175.5,0.0,0.0,0.0,163.5
2024-06-11 22:00:00,157.5,1,6,163.5,180.0,0.0,0.0,0.0,157.5
2024-06-11 23:00:00,190.5,1,6,157.5,163.5,0.0,0.0,0.0,190.5
2024-06-12 00:00:00,174.0,2,6,190.5,157.5,0.0,0.0,0.0,174.0
2024-06-12 01:00:00,166.5,2,6,174.0,190.5,0.0,0.0,0.0,166.5
2024-06-12 02:00:00,171.0,2,6,166.5,174.0,0.0,0.0,0.0,171.0
2024-06-12 03:00:00,168.0,2,6,171.0,166.5,0.0,0.0,0.0,168.0
2024-06-12 04:00:00,157.5,2,6,168.0,171.0,0.0,0.0,0.0,157.5
2024-06-12 05:00:00,154.5,2,6,157.5,168.0,0.0,0.0,0.0,154.5
2024-06-12 06:00:00,100.5,2,6,154.5,157.5,11.493287086486816,11.493287086486816,0.0,89.00671291351318
2024-06-12 07:00:00,19.5,2,6,100.5,154.5,84.1858720779419,19.5,64.6858720779419,0.0
2024-06-12 08:00:00,16.5,2,6,19.5,100.5,175.6410026550293,16.5,159.1410026550293,0.0
2024-06-12 09:00:00,7.5,2,6,16.5,19.5,261.92251682281494,7.5,254.42251682281494,0.0
2024-06-12 10:00:00,4.5,2,6,7.5,16.5,250.59295177459717,4.5,246.09295177459717,0.0
2024-06-12 11:00:00,7.5,2,6,4.5,7.5,325.8068561553955,7.5,318.3068561553955,0.0
2024-06-12 12:00:00,24.0,2,6,7.5,4.5,358.9441967010498,24.0,334.9441967010498,0.0
2024-06-12 13:00:00,168.0,2,6,24.0,7.5,327.93524265289307,168.0,159.93524265289307,0.0
2024-06-12 14:00:00,180.0,2,6,168.0,24.0,183.53240489959717,180.0,3.532404899597168,0.0
2024-06-12 15:00:00,186.0,2,6,180.0,168.0,234.81014728546143,186.0,48.810147285461426,0.0
2024-06-12 16:00:00,174.0,2,6,186.0,180.0,146.53122425079346,146.53122425079346,0.0,27.468775749206543
2024-06-12 17:00:00,105.0,2,6,174.0,186.0,49.05112266540527,49.05112266540527,0.0,55.94887733459473
2024-06-12 18:00:00,160.5,2,6,105.0,174.0,4.060306549072266,4.060306549072266,0.0,156.43969345092773
2024-06-12 19:00:00,163.5,2,6,160.5,105.0,0.0,0.0,0.0,163.5
2024-06-12 20:00:00,187.5,2,6,163.5,160.5,0.0,0.0,0.0,187.5
2024-06-12 21:00:00,189.0,2,6,187.5,163.5,0.0,0.0,0.0,189.0
2024-06-12 22:00:00,189.0,2,6,189.0,187.5,0.0,0.0,0.0,189.0
2024-06-12 23:00:00,189.0,2,6,189.0,189.0,0.0,0.0,0.0,189.0
2024-06-13 00:00:00,150.0,3,6,189.0,189.0,0.0,0.0,0.0,150.0
2024-06-13 01:00:00,151.5,3,6,150.0,189.0,0.0,0.0,0.0,151.5
2024-06-13 02:00:00,150.0,3,6,151.5,150.0,0.0,0.0,0.0,150.0
2024-06-13 03:00:00,156.0,3,6,150.0,151.5,0.0,0.0,0.0,156.0
2024-06-13 04:00:00,160.5,3,6,156.0,150.0,0.0,0.0,0.0,160.5
2024-06-13 05:00:00,165.0,3,6,160.5,156.0,0.0,0.0,0.0,165.0
2024-06-13 06:00:00,150.0,3,6,165.0,160.5,3.470907211303711,3.470907211303711,0.0,146.5290927886963
2024-06-13 07:00:00,132.0,3,6,150.0,165.0,43.09164047241211,43.09164047241211,0.0,88.90835952758789
2024-06-13 08:00:00,183.0,3,6,132.0,150.0,175.0516033172607,175.0516033172607,0.0,7.948396682739286
2024-06-13 09:00:00,198.0,3,6,183.0,132.0,255.37363529205322,198.0,57.37363529205322,0.0
2024-06-13 10:00:00,183.0,3,6,198.0,183.0,335.3682231903076,183.0,152.36822319030762,0.0
2024-06-13 11:00:00,168.0,3,6,183.0,198.0,388.3159303665161,168.0,220.3159303665161,0.0
2024-06-13 12:00:00,171.0,3,6,168.0,183.0,210.7102632522583,171.0,39.7102632522583,0.0
2024-06-13 13:00:00,205.5,3,6,171.0,168.0,124.62521553039551,124.62521553039551,0.0,80.87478446960449
2024-06-13 14:00:00,204.0,3,6,205.5,171.0,186.57763481140137,186.57763481140137,0.0,17.422365188598633
2024-06-13 15:00:00,234.0,3,6,204.0,205.5,146.20378017425537,146.20378017425537,0.0,87.79621982574463
2024-06-13 16:00:00,202.5,3,6,234.0,204.0,83.59647274017335,83.59647274017335,0.0,118.90352725982665
2024-06-13 17:00:00,138.0,3,6,202.5,234.0,52.030863761901855,52.030863761901855,0.0,85.96913623809814
2024-06-13 18:00:00,151.5,3,6,138.0,202.5,3.8310956954956055,3.8310956954956055,0.0,147.6689043045044
2024-06-13 19:00:00,159.0,3,6,151.5,138.0,0.0,0.0,0.0,159.0
2024-06-13 20:00:00,180.0,3,6,159.0,151.5,0.0,0.0,0.0,180.0
2024-06-13 21:00:00,163.5,3,6,180.0,159.0,0.0,0.0,0.0,163.5
2024-06-13 22:00:00,153.0,3,6,163.5,180.0,0.0,0.0,0.0,153.0
2024-06-13 23:00:00,165.0,3,6,153.0,163.5,0.0,0.0,0.0,165.0
2024-06-14 00:00:00,141.0,4,6,165.0,153.0,0.0,0.0,0.0,141.0
2024-06-14 01:00:00,145.5,4,6,141.0,165.0,0.0,0.0,0.0,145.5
2024-06-14 02:00:00,144.0,4,6,145.5,141.0,0.0,0.0,0.0,144.0
2024-06-14 03:00:00,150.0,4,6,144.0,145.5,0.0,0.0,0.0,150.0
2024-06-14 04:00:00,159.0,4,6,150.0,144.0,0.0,0.0,0.0,159.0
2024-06-14 05:00:00,139.5,4,6,159.0,150.0,0.0,0.0,0.0,139.5
2024-06-14 06:00:00,157.5,4,6,139.5,159.0,11.755242347717285,11.755242347717285,0.0,145.74475765228271
2024-06-14 07:00:00,129.0,4,6,157.5,139.5,85.10271549224855,85.10271549224855,0.0,43.89728450775145
2024-06-14 08:00:00,288.0,4,6,129.0,157.5,175.6082582473755,175.6082582473755,0.0,112.39174175262451
2024-06-14 09:00:00,354.0,4,6,288.0,129.0,250.20001888275146,250.20001888275146,0.0,103.79998111724854
2024-06-14 10:00:00,252.0,4,6,354.0,288.0,246.76185607910156,246.76185607910156,0.0,5.2381439208984375
2024-06-14 11:00:00,243.0,4,6,252.0,354.0,238.31379890441895,238.31379890441895,0.0,4.686201095581055
2024-06-14 12:00:00,249.0,4,6,243.0,252.0,122.6932954788208,122.6932954788208,0.0,126.3067045211792
2024-06-14 13:00:00,322.5,4,6,249.0,243.0,260.2525520324707,260.2525520324707,0.0,62.2474479675293
2024-06-14 14:00:00,319.5,4,6,322.5,249.0,278.29472064971924,278.29472064971924,0.0,41.20527935028076
2024-06-14 15:00:00,286.5,4,6,319.5,322.5,116.83204650878906,116.83204650878906,0.0,169.66795349121094
2024-06-14 16:00:00,228.0,4,6,286.5,319.5,80.58398723602295,80.58398723602295,0.0,147.41601276397705
2024-06-14 17:00:00,184.5,4,6,228.0,286.5,14.342050552368164,14.342050552368164,0.0,170.15794944763184
2024-06-14 18:00:00,211.5,4,6,184.5,228.0,1.3097763061523438,1.3097763061523438,0.0,210.19022369384766
2024-06-14 19:00:00,168.0,4,6,211.5,184.5,0.0,0.0,0.0,168.0
2024-06-14 20:00:00,169.5,4,6,168.0,211.5,0.0,0.0,0.0,169.5
2024-06-14 21:00:00,177.0,4,6,169.5,168.0,0.0,0.0,0.0,177.0
2024-06-14 22:00:00,187.5,4,6,177.0,169.5,0.0,0.0,0.0,187.5
2024-06-14 23:00:00,181.5,4,6,187.5,177.0,0.0,0.0,0.0,181.5
2024-06-15 00:00:00,163.5,5,6,181.5,187.5,0.0,0.0,0.0,163.5
2024-06-15 01:00:00,163.5,5,6,163.5,181.5,0.0,0.0,0.0,163.5
2024-06-15 02:00:00,172.5,5,6,163.5,163.5,0.0,0.0,0.0,172.5
2024-06-15 03:00:00,177.0,5,6,172.5,163.5,0.0,0.0,0.0,177.0
2024-06-15 04:00:00,174.0,5,6,177.0,172.5,0.0,0.0,0.0,174.0
2024-06-15 05:00:00,144.0,5,6,174.0,177.0,0.0,0.0,0.0,144.0
2024-06-15 06:00:00,130.5,5,6,144.0,174.0,11.296820640563967,11.296820640563967,0.0,119.20317935943604
2024-06-15 07:00:00,129.0,5,6,130.5,144.0,50.622854232788086,50.622854232788086,0.0,78.37714576721191
2024-06-15 08:00:00,262.5,5,6,129.0,130.5,104.81484889984131,104.81484889984131,0.0,157.6851511001587
2024-06-15 09:00:00,265.5,5,6,262.5,129.0,203.8994264602661,203.8994264602661,0.0,61.60057353973389
2024-06-15 10:00:00,268.5,5,6,265.5,262.5,199.15148735046387,199.15148735046387,0.0,69.34851264953613
2024-06-15 11:00:00,265.5,5,6,268.5,265.5,278.1309986114502,265.5,12.630998611450195,0.0
2024-06-15 12:00:00,250.5,5,6,265.5,268.5,290.47564029693604,250.5,39.975640296936035,0.0
2024-06-15 13:00:00,264.0,5,6,250.5,265.5,219.19106483459473,219.19106483459473,0.0,44.80893516540527
2024-06-15 14:00:00,297.0,5,6,264.0,250.5,196.17174625396729,196.17174625396729,0.0,100.82825374603271
2024-06-15 15:00:00,345.0,5,6,297.0,264.0,107.17244625091553,107.17244625091553,0.0,237.82755374908447
2024-06-15 16:00:00,283.5,5,6,345.0,297.0,113.1646728515625,113.1646728515625,0.0,170.3353271484375
2024-06-15 17:00:00,132.0,5,6,283.5,345.0,44.27043914794921,44.27043914794921,0.0,87.72956085205078
2024-06-15 18:00:00,198.0,5,6,132.0,283.5,3.8965845108032227,3.8965845108032227,0.0,194.10341548919678
2024-06-15 19:00:00,196.5,5,6,198.0,132.0,0.0,0.0,0.0,196.5
2024-06-15 20:00:00,193.5,5,6,196.5,198.0,0.0,0.0,0.0,193.5
2024-06-15 21:00:00,199.5,5,6,193.5,196.5,0.0,0.0,0.0,199.5
2024-06-15 22:00:00,168.0,5,6,199.5,193.5,0.0,0.0,0.0,168.0
2024-06-15 23:00:00,147.0,5,6,168.0,199.5,0.0,0.0,0.0,147.0
2024-06-16 00:00:00,136.5,6,6,147.0,168.0,0.0,0.0,0.0,136.5
2024-06-16 01:00:00,133.5,6,6,136.5,147.0,0.0,0.0,0.0,133.5
2024-06-16 02:00:00,139.5,6,6,133.5,136.5,0.0,0.0,0.0,139.5
2024-06-16 03:00:00,147.0,6,6,139.5,133.5,0.0,0.0,0.0,147.0
2024-06-16 04:00:00,126.0,6,6,147.0,139.5,0.0,0.0,0.0,126.0
2024-06-16 05:00:00,111.0,6,6,126.0,147.0,0.0,0.0,0.0,111.0
2024-06-16 06:00:00,180.0,6,6,111.0,126.0,14.505772590637207,14.505772590637207,0.0,165.4942274093628
2024-06-16 07:00:00,159.0,6,6,180.0,111.0,54.159250259399414,54.159250259399414,0.0,104.84074974060059
2024-06-16 08:00:00,298.5,6,6,159.0,180.0,155.37221431732178,155.37221431732178,0.0,143.12778568267822
2024-06-16 09:00:00,294.0,6,6,298.5,159.0,236.51285648345947,236.51285648345947,0.0,57.48714351654053
2024-06-16 10:00:00,282.0,6,6,294.0,298.5,264.93500232696533,264.93500232696533,0.0,17.064997673034668
2024-06-16 11:00:00,337.5,6,6,282.0,294.0,296.56610012054443,296.56610012054443,0.0,40.933899879455566
2024-06-16 12:00:00,316.5,6,6,337.5,282.0,272.56444931030273,272.56444931030273,0.0,43.935550689697266
2024-06-16 13:00:00,303.0,6,6,316.5,337.5,155.73240280151367,155.73240280151367,0.0,147.26759719848633
2024-06-16 14:00:00,318.0,6,6,303.0,316.5,103.17762851715088,103.17762851715088,0.0,214.82237148284912
2024-06-16 15:00:00,246.0,6,6,318.0,303.0,145.9090805053711,145.9090805053711,0.0,100.0909194946289
2024-06-16 16:00:00,166.5,6,6,246.0,318.0,67.12603569030762,67.12603569030762,0.0,99.37396430969238
2024-06-16 17:00:00,195.0,6,6,166.5,246.0,52.81672954559326,52.81672954559326,0.0,142.18327045440674
2024-06-16 18:00:00,403.5,6,6,195.0,166.5,4.485983848571777,4.485983848571777,0.0,399.0140161514282
2024-06-16 19:00:00,552.0,6,6,403.5,195.0,0.0,0.0,0.0,552.0
2024-06-16 20:00:00,1669.5,6,6,552.0,403.5,0.0,0.0,0.0,1669.5
2024-06-16 21:00:00,3082.5,6,6,1669.5,552.0,0.0,0.0,0.0,3082.5
2024-06-16 22:00:00,3535.5,6,6,3082.5,1669.5,0.0,0.0,0.0,3535.5
2024-06-16 23:00:00,3817.5,6,6,3535.5,3082.5,0.0,0.0,0.0,3817.5
2024-06-17 00:00:00,4300.5,0,6,3817.5,3535.5,0.0,0.0,0.0,4300.5
2024-06-17 01:00:00,3957.0,0,6,4300.5,3817.5,0.0,0.0,0.0,3957.0
2024-06-17 02:00:00,3852.0,0,6,3957.0,4300.5,0.0,0.0,0.0,3852.0
2024-06-17 03:00:00,3823.5,0,6,3852.0,3957.0,0.0,0.0,0.0,3823.5
2024-06-17 04:00:00,2881.5,0,6,3823.5,3852.0,0.0,0.0,0.0,2881.5
2024-06-17 05:00:00,2232.0,0,6,2881.5,3823.5,0.0,0.0,0.0,2232.0
2024-06-17 06:00:00,1977.0,0,6,2232.0,2881.5,14.505772590637207,14.505772590637207,0.0,1962.4942274093628
2024-06-17 07:00:00,1422.0,0,6,1977.0,2232.0,60.02049922943115,60.02049922943115,0.0,1361.9795007705688
2024-06-17 08:00:00,3157.5,0,6,1422.0,1977.0,95.31897068023683,95.31897068023683,0.0,3062.181029319763
2024-06-17 09:00:00,3385.5,0,6,3157.5,1422.0,191.58752918243408,191.58752918243408,0.0,3193.912470817566
2024-06-17 10:00:00,2128.5,0,6,3385.5,3157.5,276.88671112060547,276.88671112060547,0.0,1851.6132888793945
2024-06-17 11:00:00,1513.5,0,6,2128.5,3385.5,295.6820011138916,295.6820011138916,0.0,1217.8179988861084
2024-06-17 12:00:00,1927.5,0,6,1513.5,2128.5,296.30414485931396,296.30414485931396,0.0,1631.195855140686
2024-06-17 13:00:00,2364.0,0,6,1927.5,1513.5,274.8238134384155,274.8238134384155,0.0,2089.1761865615845
2024-06-17 14:00:00,1896.0,0,6,2364.0,1927.5,188.80425453186035,188.80425453186035,0.0,1707.1957454681396
2024-06-17 15:00:00,2616.0,0,6,1896.0,2364.0,80.22379875183105,80.22379875183105,0.0,2535.776201248169
2024-06-17 16:00:00,3849.0,0,6,2616.0,1896.0,80.48575401306152,80.48575401306152,0.0,3768.5142459869385
2024-06-17 17:00:00,4434.0,0,6,3849.0,2616.0,47.54487991333008,47.54487991333008,0.0,4386.45512008667
2024-06-17 18:00:00,3880.5,0,6,4434.0,3849.0,4.64970588684082,4.64970588684082,0.0,3875.850294113159
2024-06-17 19:00:00,3747.0,0,6,3880.5,4434.0,0.0,0.0,0.0,3747.0
2024-06-17 20:00:00,4066.5,0,6,3747.0,3880.5,0.0,0.0,0.0,4066.5
2024-06-17 21:00:00,4368.0,0,6,4066.5,3747.0,0.0,0.0,0.0,4368.0
2024-06-17 22:00:00,4612.5,0,6,4368.0,4066.5,0.0,0.0,0.0,4612.5
2024-06-17 23:00:00,4309.5,0,6,4612.5,4368.0,0.0,0.0,0.0,4309.5
2024-06-18 00:00:00,3931.5,1,6,4309.5,4612.5,0.0,0.0,0.0,3931.5
2024-06-18 01:00:00,4321.5,1,6,3931.5,4309.5,0.0,0.0,0.0,4321.5
2024-06-18 02:00:00,4074.0,1,6,4321.5,3931.5,0.0,0.0,0.0,4074.0
2024-06-18 03:00:00,3828.0,1,6,4074.0,4321.5,0.0,0.0,0.0,3828.0
2024-06-18 04:00:00,4474.5,1,6,3828.0,4074.0,0.0,0.0,0.0,4474.5
2024-06-18 05:00:00,4540.5,1,6,4474.5,3828.0,0.0,0.0,0.0,4540.5
2024-06-18 06:00:00,4536.0,1,6,4540.5,4474.5,9.233922958374023,9.233922958374023,0.0,4526.766077041626
2024-06-18 07:00:00,4045.5,1,6,4536.0,4540.5,82.15571880340576,82.15571880340576,0.0,3963.3442811965942
2024-06-18 08:00:00,2698.5,1,6,4045.5,4536.0,193.42121601104736,193.42121601104736,0.0,2505.0787839889526
2024-06-18 09:00:00,2935.5,1,6,2698.5,4045.5,278.4584426879883,278.4584426879883,0.0,2657.0415573120117
2024-06-18 10:00:00,2233.5,1,6,2935.5,2698.5,329.21227455139166,329.21227455139166,0.0,1904.2877254486084
2024-06-18 11:00:00,1657.5,1,6,2233.5,2935.5,324.82452392578125,324.82452392578125,0.0,1332.6754760742188
2024-06-18 12:00:00,1714.5,1,6,1657.5,2233.5,349.28459644317627,349.28459644317627,0.0,1365.2154035568237
2024-06-18 13:00:00,2715.0,1,6,1714.5,1657.5,342.9976701736451,342.9976701736451,0.0,2372.002329826355
2024-06-18 14:00:00,2214.0,1,6,2715.0,1714.5,290.57387351989746,290.57387351989746,0.0,1923.4261264801025
2024-06-18 15:00:00,3234.0,1,6,2214.0,2715.0,225.2160358428955,225.2160358428955,0.0,3008.7839641571045
2024-06-18 16:00:00,3039.0,1,6,3234.0,2214.0,151.2791633605957,151.2791633605957,0.0,2887.7208366394043
2024-06-18 17:00:00,3810.0,1,6,3039.0,3234.0,44.20495033264161,44.20495033264161,0.0,3765.7950496673584
2024-06-18 18:00:00,4174.5,1,6,3810.0,3039.0,3.4054183959960938,3.4054183959960938,0.0,4171.094581604004
2024-06-18 19:00:00,4039.5,1,6,4174.5,3810.0,0.0,0.0,0.0,4039.5
2024-06-18 20:00:00,4845.0,1,6,4039.5,4174.5,0.0,0.0,0.0,4845.0
2024-06-18 21:00:00,4887.0,1,6,4845.0,4039.5,0.0,0.0,0.0,4887.0
2024-06-18 22:00:00,4702.5,1,6,4887.0,4845.0,0.0,0.0,0.0,4702.5
2024-06-18 23:00:00,4360.5,1,6,4702.5,4887.0,0.0,0.0,0.0,4360.5
2024-06-19 00:00:00,4215.0,2,6,4360.5,4702.5,0.0,0.0,0.0,4215.0
2024-06-19 01:00:00,4791.0,2,6,4215.0,4360.5,0.0,0.0,0.0,4791.0
2024-06-19 02:00:00,4600.5,2,6,4791.0,4215.0,0.0,0.0,0.0,4600.5
2024-06-19 03:00:00,4803.0,2,6,4600.5,4791.0,0.0,0.0,0.0,4803.0
2024-06-19 04:00:00,4680.0,2,6,4803.0,4600.5,0.0,0.0,0.0,4680.0
2024-06-19 05:00:00,4441.5,2,6,4680.0,4803.0,0.0,0.0,0.0,4441.5
2024-06-19 06:00:00,3981.0,2,6,4441.5,4680.0,13.130507469177246,13.130507469177246,0.0,3967.8694925308228
2024-06-19 07:00:00,3804.0,2,6,3981.0,4441.5,79.2742109298706,79.2742109298706,0.0,3724.7257890701294
2024-06-19 08:00:00,2887.5,2,6,3804.0,3981.0,163.82027149200437,163.82027149200437,0.0,2723.6797285079956
2024-06-19 09:00:00,2317.5,2,6,2887.5,3804.0,239.6235752105713,239.6235752105713,0.0,2077.8764247894287
2024-06-19 10:00:00,2196.0,2,6,2317.5,2887.5,265.1969575881958,265.1969575881958,0.0,1930.8030424118042
2024-06-19 11:00:00,2365.5,2,6,2196.0,2317.5,308.2231092453003,308.2231092453003,0.0,2057.2768907546997
2024-06-19 12:00:00,2059.5,2,6,2365.5,2196.0,324.39884662628174,324.39884662628174,0.0,1735.1011533737183
2024-06-19 13:00:00,1758.0,2,6,2059.5,2365.5,295.42004585266113,295.42004585266113,0.0,1462.5799541473389
2024-06-19 14:00:00,1930.5,2,6,1758.0,2059.5,32.744407653808594,32.744407653808594,0.0,1897.7555923461914
2024-06-19 15:00:00,2439.0,2,6,1930.5,1758.0,47.05371379852295,47.05371379852295,0.0,2391.946286201477
2024-06-19 16:00:00,3316.5,2,6,2439.0,1930.5,84.9717378616333,84.9717378616333,0.0,3231.5282621383667
2024-06-19 17:00:00,4422.0,2,6,3316.5,2439.0,31.17267608642578,31.17267608642578,0.0,4390.827323913574
2024-06-19 18:00:00,4561.5,2,6,4422.0,3316.5,1.931920051574707,1.931920051574707,0.0,4559.568079948425
2024-06-19 19:00:00,4765.5,2,6,4561.5,4422.0,0.0,0.0,0.0,4765.5
2024-06-19 20:00:00,4777.5,2,6,4765.5,4561.5,0.0,0.0,0.0,4777.5
2024-06-19 21:00:00,4753.5,2,6,4777.5,4765.5,0.0,0.0,0.0,4753.5
2024-06-19 22:00:00,4641.0,2,6,4753.5,4777.5,0.0,0.0,0.0,4641.0
2024-06-19 23:00:00,4678.5,2,6,4641.0,4753.5,0.0,0.0,0.0,4678.5
2024-06-20 00:00:00,4758.0,3,6,4678.5,4641.0,0.0,0.0,0.0,4758.0
2024-06-20 01:00:00,4506.0,3,6,4758.0,4678.5,0.0,0.0,0.0,4506.0
2024-06-20 02:00:00,4456.5,3,6,4506.0,4758.0,0.0,0.0,0.0,4456.5
2024-06-20 03:00:00,4603.5,3,6,4456.5,4506.0,0.0,0.0,0.0,4603.5
2024-06-20 04:00:00,4536.0,3,6,4603.5,4456.5,0.0,0.0,0.0,4536.0
2024-06-20 05:00:00,4555.5,3,6,4536.0,4603.5,0.0,0.0,0.0,4555.5
2024-06-20 06:00:00,4188.0,3,6,4555.5,4536.0,10.70742130279541,10.70742130279541,0.0,4177.292578697205
2024-06-20 07:00:00,3723.0,3,6,4188.0,4555.5,41.912841796875,41.912841796875,0.0,3681.087158203125
2024-06-20 08:00:00,3103.5,3,6,3723.0,4188.0,119.68080997467041,119.68080997467041,0.0,2983.8191900253296
2024-06-20 09:00:00,2416.5,3,6,3103.5,3723.0,217.6193332672119,217.6193332672119,0.0,2198.880666732788
2024-06-20 10:00:00,2401.5,3,6,2416.5,3103.5,224.49565887451172,224.49565887451172,0.0,2177.0043411254883
2024-06-20 11:00:00,2128.5,3,6,2401.5,2416.5,265.851845741272,265.851845741272,0.0,1862.648154258728
2024-06-20 12:00:00,2127.0,3,6,2128.5,2401.5,304.26103591918945,304.26103591918945,0.0,1822.7389640808105
2024-06-20 13:00:00,2173.5,3,6,2127.0,2128.5,305.07964611053467,305.07964611053467,0.0,1868.4203538894653
2024-06-20 14:00:00,2494.5,3,6,2173.5,2127.0,275.1512575149536,275.1512575149536,0.0,2219.3487424850464
2024-06-20 15:00:00,2950.5,3,6,2494.5,2173.5,214.9015474319458,214.9015474319458,0.0,2735.598452568054
2024-06-20 16:00:00,3552.0,3,6,2950.5,2494.5,114.93287086486816,114.93287086486816,0.0,3437.067129135132
2024-06-20 17:00:00,3672.0,3,6,3552.0,2950.5,51.47420883178711,51.47420883178711,0.0,3620.525791168213
2024-06-20 18:00:00,3927.0,3,6,3672.0,3552.0,5.009894371032715,5.009894371032715,0.0,3921.9901056289673
2024-06-20 19:00:00,4261.5,3,6,3927.0,3672.0,0.0,0.0,0.0,4261.5
2024-06-20 20:00:00,3765.0,3,6,4261.5,3927.0,0.0,0.0,0.0,3765.0
2024-06-20 21:00:00,4462.5,3,6,3765.0,4261.5,0.0,0.0,0.0,4462.5
2024-06-20 22:00:00,4158.0,3,6,4462.5,3765.0,0.0,0.0,0.0,4158.0
2024-06-20 23:00:00,4585.5,3,6,4158.0,4462.5,0.0,0.0,0.0,4585.5
2024-06-21 00:00:00,4303.5,4,6,4585.5,4158.0,0.0,0.0,0.0,4303.5
2024-06-21 01:00:00,3753.0,4,6,4303.5,4585.5,0.0,0.0,0.0,3753.0
2024-06-21 02:00:00,4399.5,4,6,3753.0,4303.5,0.0,0.0,0.0,4399.5
2024-06-21 03:00:00,4288.5,4,6,4399.5,3753.0,0.0,0.0,0.0,4288.5
2024-06-21 04:00:00,3672.0,4,6,4288.5,4399.5,0.0,0.0,0.0,3672.0
2024-06-21 05:00:00,4101.0,4,6,3672.0,4288.5,0.0,0.0,0.0,4101.0
2024-06-21 06:00:00,3441.0,4,6,4101.0,3672.0,11.88621997833252,11.88621997833252,0.0,3429.1137800216675
2024-06-21 07:00:00,2362.5,4,6,3441.0,4101.0,79.66714382171631,79.66714382171631,0.0,2282.8328561782837
2024-06-21 08:00:00,1546.5,4,6,2362.5,3441.0,150.23134231567383,150.23134231567383,0.0,1396.2686576843262
2024-06-21 09:00:00,1629.0,4,6,1546.5,2362.5,246.23794555664062,246.23794555664062,0.0,1382.7620544433594
2024-06-21 10:00:00,1537.5,4,6,1629.0,1546.5,270.9599733352661,270.9599733352661,0.0,1266.540026664734
2024-06-21 11:00:00,1836.0,4,6,1537.5,1629.0,305.2106237411499,305.2106237411499,0.0,1530.78937625885
2024-06-21 12:00:00,1392.0,4,6,1836.0,1537.5,255.3081464767456,255.3081464767456,0.0,1136.6918535232544
2024-06-21 13:00:00,2004.0,4,6,1392.0,1836.0,316.04902267456055,316.04902267456055,0.0,1687.9509773254395
2024-06-21 14:00:00,2343.0,4,6,2004.0,1392.0,287.2666883468628,287.2666883468628,0.0,2055.733311653137
2024-06-21 15:00:00,2382.0,4,6,2343.0,2004.0,240.18023014068604,240.18023014068604,0.0,2141.819769859314
2024-06-21 16:00:00,2533.5,4,6,2382.0,2343.0,118.20731163024902,118.20731163024902,0.0,2415.292688369751
2024-06-21 17:00:00,2596.5,4,6,2533.5,2382.0,29.208011627197266,29.208011627197266,0.0,2567.2919883728027
2024-06-21 18:00:00,2649.0,4,6,2596.5,2533.5,3.077974319458008,3.077974319458008,0.0,2645.922025680542
2024-06-21 19:00:00,2764.5,4,6,2649.0,2596.5,0.0,0.0,0.0,2764.5
2024-06-21 20:00:00,2365.5,4,6,2764.5,2649.0,0.0,0.0,0.0,2365.5
2024-06-21 21:00:00,2824.5,4,6,2365.5,2764.5,0.0,0.0,0.0,2824.5
2024-06-21 22:00:00,2887.5,4,6,2824.5,2365.5,0.0,0.0,0.0,2887.5
2024-06-21 23:00:00,2727.0,4,6,2887.5,2824.5,0.0,0.0,0.0,2727.0
2024-06-22 00:00:00,2671.5,5,6,2727.0,2887.5,0.0,0.0,0.0,2671.5
2024-06-22 01:00:00,2163.0,5,6,2671.5,2727.0,0.0,0.0,0.0,2163.0
2024-06-22 02:00:00,2550.0,5,6,2163.0,2671.5,0.0,0.0,0.0,2550.0
2024-06-22 03:00:00,2760.0,5,6,2550.0,2163.0,0.0,0.0,0.0,2760.0
2024-06-22 04:00:00,2686.5,5,6,2760.0,2550.0,0.0,0.0,0.0,2686.5
2024-06-22 05:00:00,2877.0,5,6,2686.5,2760.0,0.0,0.0,0.0,2877.0
2024-06-22 06:00:00,2745.0,5,6,2877.0,2686.5,13.163251876831055,13.163251876831055,0.0,2731.836748123169
2024-06-22 07:00:00,2583.0,5,6,2745.0,2877.0,79.6343994140625,79.6343994140625,0.0,2503.3656005859375
2024-06-22 08:00:00,2245.5,5,6,2583.0,2745.0,161.62639617919922,161.62639617919922,0.0,2083.873603820801
2024-06-22 09:00:00,2286.0,5,6,2245.5,2583.0,228.88340950012207,228.88340950012207,0.0,2057.116590499878
2024-06-22 10:00:00,1879.5,5,6,2286.0,2245.5,278.00002098083496,278.00002098083496,0.0,1601.499979019165
2024-06-22 11:00:00,1996.5,5,6,1879.5,2286.0,331.1769390106202,331.1769390106202,0.0,1665.3230609893799
2024-06-22 12:00:00,2139.0,5,6,1996.5,1879.5,350.36516189575195,350.36516189575195,0.0,1788.634838104248
2024-06-22 13:00:00,1870.5,5,6,2139.0,1996.5,181.07657432556155,181.07657432556155,0.0,1689.4234256744385
2024-06-22 14:00:00,2589.0,5,6,1870.5,2139.0,129.5696210861206,129.5696210861206,0.0,2459.4303789138794
2024-06-22 15:00:00,2677.5,5,6,2589.0,1870.5,197.93994426727295,197.93994426727295,0.0,2479.560055732727
2024-06-22 16:00:00,2544.0,5,6,2677.5,2589.0,111.92038536071777,111.92038536071777,0.0,2432.079614639282
2024-06-22 17:00:00,2526.0,5,6,2544.0,2677.5,27.4398136138916,27.4398136138916,0.0,2498.5601863861084
2024-06-22 18:00:00,2595.0,5,6,2526.0,2544.0,1.2442874908447266,1.2442874908447266,0.0,2593.7557125091553
2024-06-22 19:00:00,2355.0,5,6,2595.0,2526.0,0.0,0.0,0.0,2355.0
2024-06-22 20:00:00,2680.5,5,6,2355.0,2595.0,0.0,0.0,0.0,2680.5
2024-06-22 21:00:00,2607.0,5,6,2680.5,2355.0,0.0,0.0,0.0,2607.0
2024-06-22 22:00:00,2658.0,5,6,2607.0,2680.5,0.0,0.0,0.0,2658.0
2024-06-22 23:00:00,1495.5,5,6,2658.0,2607.0,0.0,0.0,0.0,1495.5
2024-06-23 00:00:00,1197.0,6,6,1495.5,2658.0,0.0,0.0,0.0,1197.0
2024-06-23 01:00:00,876.0,6,6,1197.0,1495.5,0.0,0.0,0.0,876.0
2024-06-23 02:00:00,2506.5,6,6,876.0,1197.0,0.0,0.0,0.0,2506.5
2024-06-23 03:00:00,2272.5,6,6,2506.5,876.0,0.0,0.0,0.0,2272.5
2024-06-23 04:00:00,2850.0,6,6,2272.5,2506.5,0.0,0.0,0.0,2850.0
2024-06-23 05:00:00,2022.0,6,6,2850.0,2272.5,0.0,0.0,0.0,2022.0
2024-06-23 06:00:00,1161.0,6,6,2022.0,2850.0,13.916373252868652,13.916373252868652,0.0,1147.0836267471313
2024-06-23 07:00:00,1092.0,6,6,1161.0,2022.0,67.15878009796143,67.15878009796143,0.0,1024.8412199020386
2024-06-23 08:00:00,2517.0,6,6,1092.0,1161.0,168.4372329711914,168.4372329711914,0.0,2348.5627670288086
2024-06-23 09:00:00,3534.0,6,6,2517.0,1092.0,237.65891075134277,237.65891075134277,0.0,3296.341089248657
2024-06-23 10:00:00,3703.5,6,6,3534.0,2517.0,261.6605615615845,261.6605615615845,0.0,3441.8394384384155
2024-06-23 11:00:00,4056.0,6,6,3703.5,3534.0,270.33782958984375,270.33782958984375,0.0,3785.6621704101562
2024-06-23 12:00:00,4429.5,6,6,4056.0,3703.5,339.0028524398804,339.0028524398804,0.0,4090.4971475601196
2024-06-23 13:00:00,4506.0,6,6,4429.5,4056.0,307.928409576416,307.928409576416,0.0,4198.071590423584
2024-06-23 14:00:00,4426.5,6,6,4506.0,4429.5,168.1097888946533,168.1097888946533,0.0,4258.390211105347
2024-06-23 15:00:00,3802.5,6,6,4426.5,4506.0,110.31590938568115,110.31590938568115,0.0,3692.184090614319
2024-06-23 16:00:00,4143.0,6,6,3802.5,4426.5,56.942524909973145,56.942524909973145,0.0,4086.057475090027
2024-06-23 17:00:00,4353.0,6,6,4143.0,3802.5,51.40872001647949,51.40872001647949,0.0,4301.5912799835205
2024-06-23 18:00:00,4470.0,6,6,4353.0,4143.0,5.173616409301759,5.173616409301759,0.0,4464.826383590698
2024-06-23 19:00:00,4501.5,6,6,4470.0,4353.0,0.0,0.0,0.0,4501.5
2024-06-23 20:00:00,4420.5,6,6,4501.5,4470.0,0.0,0.0,0.0,4420.5
2024-06-23 21:00:00,4327.5,6,6,4420.5,4501.5,0.0,0.0,0.0,4327.5
2024-06-23 22:00:00,4386.0,6,6,4327.5,4420.5,0.0,0.0,0.0,4386.0
2024-06-23 23:00:00,4326.0,6,6,4386.0,4327.5,0.0,0.0,0.0,4326.0
2024-06-24 00:00:00,4081.5,0,6,4326.0,4386.0,0.0,0.0,0.0,4081.5
2024-06-24 01:00:00,2895.0,0,6,4081.5,4326.0,0.0,0.0,0.0,2895.0
2024-06-24 02:00:00,2806.5,0,6,2895.0,4081.5,0.0,0.0,0.0,2806.5
2024-06-24 03:00:00,2779.5,0,6,2806.5,2895.0,0.0,0.0,0.0,2779.5
2024-06-24 04:00:00,2520.0,0,6,2779.5,2806.5,0.0,0.0,0.0,2520.0
2024-06-24 05:00:00,2662.5,0,6,2520.0,2779.5,0.0,0.0,0.0,2662.5
2024-06-24 06:00:00,2581.5,0,6,2662.5,2520.0,13.588929176330566,13.588929176330566,0.0,2567.9110708236694
2024-06-24 07:00:00,1852.5,0,6,2581.5,2662.5,49.83698844909668,49.83698844909668,0.0,1802.6630115509033
2024-06-24 08:00:00,1642.5,0,6,1852.5,2581.5,147.51355648040771,147.51355648040771,0.0,1494.9864435195923
2024-06-24 09:00:00,1131.0,0,6,1642.5,1852.5,255.60284614562988,255.60284614562988,0.0,875.3971538543701
2024-06-24 10:00:00,1153.5,0,6,1131.0,1642.5,221.12298488616943,221.12298488616943,0.0,932.3770151138306
2024-06-24 11:00:00,952.5,0,6,1153.5,1131.0,236.84030055999756,236.84030055999756,0.0,715.6596994400024
2024-06-24 12:00:00,933.0,0,6,952.5,1153.5,316.50744438171387,316.50744438171387,0.0,616.4925556182861
2024-06-24 13:00:00,1137.0,0,6,933.0,952.5,261.49683952331543,261.49683952331543,0.0,875.5031604766846
2024-06-24 14:00:00,1384.5,0,6,1137.0,933.0,291.9491386413574,291.9491386413574,0.0,1092.5508613586426
2024-06-24 15:00:00,1323.0,0,6,1384.5,1137.0,258.6153316497803,258.6153316497803,0.0,1064.3846683502197
2024-06-24 16:00:00,1375.5,0,6,1323.0,1384.5,159.85819816589355,159.85819816589355,0.0,1215.6418018341064
2024-06-24 17:00:00,1398.0,0,6,1375.5,1323.0,54.68316078186035,54.68316078186035,0.0,1343.3168392181396
2024-06-24 18:00:00,1822.5,0,6,1398.0,1375.5,4.64970588684082,4.64970588684082,0.0,1817.8502941131592
2024-06-24 19:00:00,1983.0,0,6,1822.5,1398.0,0.0,0.0,0.0,1983.0
2024-06-24 20:00:00,1686.0,0,6,1983.0,1822.5,0.0,0.0,0.0,1686.0
2024-06-24 21:00:00,1956.0,0,6,1686.0,1983.0,0.0,0.0,0.0,1956.0
2024-06-24 22:00:00,1788.0,0,6,1956.0,1686.0,0.0,0.0,0.0,1788.0
2024-06-24 23:00:00,1941.0,0,6,1788.0,1956.0,0.0,0.0,0.0,1941.0
2024-06-25 00:00:00,1834.5,1,6,1941.0,1788.0,0.0,0.0,0.0,1834.5
2024-06-25 01:00:00,1878.0,1,6,1834.5,1941.0,0.0,0.0,0.0,1878.0
2024-06-25 02:00:00,1836.0,1,6,1878.0,1834.5,0.0,0.0,0.0,1836.0
2024-06-25 03:00:00,1648.5,1,6,1836.0,1878.0,0.0,0.0,0.0,1648.5
2024-06-25 04:00:00,1704.0,1,6,1648.5,1836.0,0.0,0.0,0.0,1704.0
2024-06-25 05:00:00,2013.0,1,6,1704.0,1648.5,0.0,0.0,0.0,2013.0
2024-06-25 06:00:00,1833.0,1,6,2013.0,1704.0,11.100354194641113,11.100354194641113,0.0,1821.899645805359
2024-06-25 07:00:00,1423.5,1,6,1833.0,2013.0,68.86148929595947,68.86148929595947,0.0,1354.6385107040405
2024-06-25 08:00:00,1320.0,1,6,1423.5,1833.0,138.6725664138794,138.6725664138794,0.0,1181.3274335861206
2024-06-25 09:00:00,1129.5,1,6,1320.0,1423.5,196.82663440704346,196.82663440704346,0.0,932.6733655929565
2024-06-25 10:00:00,1054.5,1,6,1129.5,1320.0,295.7147455215454,295.7147455215454,0.0,758.7852544784546
2024-06-25 11:00:00,1228.5,1,6,1054.5,1129.5,256.094012260437,256.094012260437,0.0,972.405987739563
2024-06-25 12:00:00,844.5,1,6,1228.5,1054.5,302.36186027526855,302.36186027526855,0.0,542.1381397247314
2024-06-25 13:00:00,481.5,1,6,844.5,1228.5,245.7795238494873,245.7795238494873,0.0,235.7204761505127
2024-06-25 14:00:00,1189.5,1,6,481.5,844.5,292.08011627197266,292.08011627197266,0.0,897.4198837280273
2024-06-25 15:00:00,1569.0,1,6,1189.5,481.5,230.97905158996582,230.97905158996582,0.0,1338.0209484100342
2024-06-25 16:00:00,1563.0,1,6,1569.0,1189.5,78.35736751556396,78.35736751556396,0.0,1484.642632484436
2024-06-25 17:00:00,1828.5,1,6,1563.0,1569.0,29.14252281188965,29.14252281188965,0.0,1799.3574771881104
2024-06-25 18:00:00,1897.5,1,6,1828.5,1563.0,2.3575973510742188,2.3575973510742188,0.0,1895.1424026489258
2024-06-25 19:00:00,1837.5,1,6,1897.5,1828.5,0.0,0.0,0.0,1837.5
2024-06-25 20:00:00,1690.5,1,6,1837.5,1897.5,0.0,0.0,0.0,1690.5
2024-06-25 21:00:00,2004.0,1,6,1690.5,1837.5,0.0,0.0,0.0,2004.0
2024-06-25 22:00:00,1660.5,1,6,2004.0,1690.5,0.0,0.0,0.0,1660.5
2024-06-25 23:00:00,1152.0,1,6,1660.5,2004.0,0.0,0.0,0.0,1152.0
2024-06-26 00:00:00,1147.5,2,6,1152.0,1660.5,0.0,0.0,0.0,1147.5
2024-06-26 01:00:00,1111.5,2,6,1147.5,1152.0,0.0,0.0,0.0,1111.5
2024-06-26 02:00:00,1122.0,2,6,1111.5,1147.5,0.0,0.0,0.0,1122.0
2024-06-26 03:00:00,1087.5,2,6,1122.0,1111.5,0.0,0.0,0.0,1087.5
2024-06-26 04:00:00,1063.5,2,6,1087.5,1122.0,0.0,0.0,0.0,1063.5
2024-06-26 05:00:00,1051.5,2,6,1063.5,1087.5,0.0,0.0,0.0,1051.5
2024-06-26 06:00:00,882.0,2,6,1051.5,1063.5,13.163251876831055,13.163251876831055,0.0,868.836748123169
2024-06-26 07:00:00,394.5,2,6,882.0,1051.5,68.73051166534424,68.73051166534424,0.0,325.76948833465576
2024-06-26 08:00:00,7.5,2,6,394.5,882.0,161.9865846633911,7.5,154.4865846633911,0.0
2024-06-26 09:00:00,9.0,2,6,7.5,394.5,154.91379261016846,9.0,145.91379261016846,0.0
2024-06-26 10:00:00,18.0,2,6,9.0,7.5,145.61438083648682,18.0,127.61438083648682,0.0
2024-06-26 11:00:00,4.5,2,6,18.0,9.0,254.42404747009277,4.5,249.92404747009277,0.0
2024-06-26 12:00:00,12.0,2,6,4.5,18.0,252.49212741851807,12.0,240.49212741851807,0.0
2024-06-26 13:00:00,9.0,2,6,12.0,4.5,312.3489046096802,9.0,303.3489046096802,0.0
2024-06-26 14:00:00,16.5,2,6,9.0,12.0,217.84854412078857,16.5,201.34854412078857,0.0
2024-06-26 15:00:00,108.0,2,6,16.5,9.0,178.22781085968018,108.0,70.22781085968018,0.0
2024-06-26 16:00:00,12.0,2,6,108.0,16.5,144.53381538391113,12.0,132.53381538391113,0.0
2024-06-26 17:00:00,87.0,2,6,12.0,108.0,29.011545181274414,29.011545181274414,0.0,57.988454818725586
2024-06-26 18:00:00,160.5,2,6,87.0,12.0,1.3097763061523438,1.3097763061523438,0.0,159.19022369384766
2024-06-26 19:00:00,187.5,2,6,160.5,87.0,0.0,0.0,0.0,187.5
2024-06-26 20:00:00,178.5,2,6,187.5,160.5,0.0,0.0,0.0,178.5
2024-06-26 21:00:00,168.0,2,6,178.5,187.5,0.0,0.0,0.0,168.0
2024-06-26 22:00:00,177.0,2,6,168.0,178.5,0.0,0.0,0.0,177.0
2024-06-26 23:00:00,183.0,2,6,177.0,168.0,0.0,0.0,0.0,183.0
2024-06-27 00:00:00,181.5,3,6,183.0,177.0,0.0,0.0,0.0,181.5
2024-06-27 01:00:00,172.5,3,6,181.5,183.0,0.0,0.0,0.0,172.5
2024-06-27 02:00:00,166.5,3,6,172.5,181.5,0.0,0.0,0.0,166.5
2024-06-27 03:00:00,174.0,3,6,166.5,172.5,0.0,0.0,0.0,174.0
2024-06-27 04:00:00,171.0,3,6,174.0,166.5,0.0,0.0,0.0,171.0
2024-06-27 05:00:00,162.0,3,6,171.0,174.0,0.0,0.0,0.0,162.0
2024-06-27 06:00:00,78.0,3,6,162.0,171.0,0.5893993377685547,0.5893993377685547,0.0,77.41060066223145
2024-06-27 07:00:00,1.5,3,6,78.0,162.0,18.40235710144043,1.5,16.90235710144043,0.0
2024-06-27 08:00:00,13.5,3,6,1.5,78.0,113.68858337402344,13.5,100.18858337402344,0.0
2024-06-27 09:00:00,15.0,3,6,13.5,1.5,186.77410125732422,15.0,171.77410125732422,0.0
2024-06-27 10:00:00,13.5,3,6,15.0,13.5,208.94206523895264,13.5,195.44206523895264,0.0
2024-06-27 11:00:00,10.5,3,6,13.5,15.0,276.03535652160645,10.5,265.53535652160645,0.0
2024-06-27 12:00:00,0.0,3,6,10.5,13.5,259.8268747329712,0.0,259.8268747329712,0.0
2024-06-27 13:00:00,18.0,3,6,0.0,10.5,328.49189758300787,18.0,310.49189758300787,0.0
2024-06-27 14:00:00,7.5,3,6,18.0,0.0,261.7915391921997,7.5,254.2915391921997,0.0
2024-06-27 15:00:00,114.0,3,6,7.5,18.0,226.39483451843262,114.0,112.39483451843262,0.0
2024-06-27 16:00:00,64.5,3,6,114.0,7.5,164.9990701675415,64.5,100.4990701675415,0.0
2024-06-27 17:00:00,58.5,3,6,64.5,114.0,57.23722457885742,57.23722457885742,0.0,1.2627754211425781
2024-06-27 18:00:00,135.0,3,6,58.5,64.5,6.352415084838867,6.352415084838867,0.0,128.64758491516113
2024-06-27 19:00:00,174.0,3,6,135.0,58.5,0.0,0.0,0.0,174.0
2024-06-27 20:00:00,187.5,3,6,174.0,135.0,0.0,0.0,0.0,187.5
2024-06-27 21:00:00,195.0,3,6,187.5,174.0,0.0,0.0,0.0,195.0
2024-06-27 22:00:00,187.5,3,6,195.0,187.5,0.0,0.0,0.0,187.5
2024-06-27 23:00:00,187.5,3,6,187.5,195.0,0.0,0.0,0.0,187.5
2024-06-28 00:00:00,201.0,4,6,187.5,187.5,0.0,0.0,0.0,201.0
2024-06-28 01:00:00,181.5,4,6,201.0,187.5,0.0,0.0,0.0,181.5
2024-06-28 02:00:00,174.0,4,6,181.5,201.0,0.0,0.0,0.0,174.0
2024-06-28 03:00:00,190.5,4,6,174.0,181.5,0.0,0.0,0.0,190.5
2024-06-28 04:00:00,175.5,4,6,190.5,174.0,0.0,0.0,0.0,175.5
2024-06-28 05:00:00,154.5,4,6,175.5,190.5,0.0,0.0,0.0,154.5
2024-06-28 06:00:00,45.0,4,6,154.5,175.5,10.379977226257324,10.379977226257324,0.0,34.620022773742676
2024-06-28 07:00:00,1.5,4,6,45.0,154.5,77.21131324768066,1.5,75.71131324768066,0.0
2024-06-28 08:00:00,12.0,4,6,1.5,45.0,160.12015342712402,12.0,148.12015342712402,0.0
2024-06-28 09:00:00,0.0,4,6,12.0,1.5,246.79460048675537,0.0,246.79460048675537,0.0
2024-06-28 10:00:00,3.0,4,6,0.0,12.0,272.0405387878418,3.0,269.0405387878418,0.0
2024-06-28 11:00:00,40.5,4,6,3.0,0.0,309.66386318206787,40.5,269.16386318206787,0.0
2024-06-28 12:00:00,24.0,4,6,40.5,3.0,358.32205295562744,24.0,334.32205295562744,0.0
2024-06-28 13:00:00,34.5,4,6,24.0,40.5,164.34418201446533,34.5,129.84418201446533,0.0
2024-06-28 14:00:00,156.0,4,6,34.5,24.0,138.01767826080322,138.01767826080322,0.0,17.982321739196777
2024-06-28 15:00:00,142.5,4,6,156.0,34.5,204.75078105926514,142.5,62.25078105926514,0.0
2024-06-28 16:00:00,70.5,4,6,142.5,156.0,76.03251457214355,70.5,5.532514572143555,0.0
2024-06-28 17:00:00,4.5,4,6,70.5,142.5,44.63062763214111,4.5,40.13062763214111,0.0
2024-06-28 18:00:00,109.5,4,6,4.5,70.5,3.3399295806884766,3.3399295806884766,0.0,106.16007041931152
2024-06-28 19:00:00,201.0,4,6,109.5,4.5,0.0,0.0,0.0,201.0
2024-06-28 20:00:00,987.0,4,6,201.0,109.5,0.0,0.0,0.0,987.0
2024-06-28 21:00:00,2328.0,4,6,987.0,201.0,0.0,0.0,0.0,2328.0
2024-06-28 22:00:00,2601.0,4,6,2328.0,987.0,0.0,0.0,0.0,2601.0
2024-06-28 23:00:00,2728.5,4,6,2601.0,2328.0,0.0,0.0,0.0,2728.5
2024-06-29 00:00:00,2634.0,5,6,2728.5,2601.0,0.0,0.0,0.0,2634.0
2024-06-29 01:00:00,2559.0,5,6,2634.0,2728.5,0.0,0.0,0.0,2559.0
2024-06-29 02:00:00,2461.5,5,6,2559.0,2634.0,0.0,0.0,0.0,2461.5
2024-06-29 03:00:00,2608.5,5,6,2461.5,2559.0,0.0,0.0,0.0,2608.5
2024-06-29 04:00:00,2049.0,5,6,2608.5,2461.5,0.0,0.0,0.0,2049.0
2024-06-29 05:00:00,490.5,5,6,2049.0,2608.5,0.0,0.0,0.0,490.5
2024-06-29 06:00:00,348.0,5,6,490.5,2049.0,9.659600257873535,9.659600257873535,0.0,338.34039974212646
2024-06-29 07:00:00,139.5,5,6,348.0,490.5,76.1962366104126,76.1962366104126,0.0,63.3037633895874
2024-06-29 08:00:00,910.5,5,6,139.5,348.0,171.41697406768796,171.41697406768796,0.0,739.083025932312
2024-06-29 09:00:00,1329.0,5,6,910.5,139.5,238.34654331207275,238.34654331207275,0.0,1090.6534566879272
2024-06-29 10:00:00,1362.0,5,6,1329.0,910.5,280.29212951660156,280.29212951660156,0.0,1081.7078704833984
2024-06-29 11:00:00,1317.0,5,6,1362.0,1329.0,281.6346502304077,281.6346502304077,0.0,1035.3653497695923
2024-06-29 12:00:00,1542.0,5,6,1317.0,1362.0,283.37010383605957,283.37010383605957,0.0,1258.6298961639404
2024-06-29 13:00:00,1281.0,5,6,1542.0,1317.0,257.33829975128174,257.33829975128174,0.0,1023.6617002487183
2024-06-29 14:00:00,1410.0,5,6,1281.0,1542.0,214.9342918395996,214.9342918395996,0.0,1195.0657081604004
2024-06-29 15:00:00,1854.0,5,6,1410.0,1281.0,170.89306354522705,170.89306354522705,0.0,1683.106936454773
2024-06-29 16:00:00,2283.0,5,6,1854.0,1410.0,66.60212516784668,66.60212516784668,0.0,2216.3978748321533
2024-06-29 17:00:00,2553.0,5,6,2283.0,1854.0,39.55524444580078,39.55524444580078,0.0,2513.444755554199
2024-06-29 18:00:00,2802.0,5,6,2553.0,2283.0,3.5691404342651367,3.5691404342651367,0.0,2798.430859565735
2024-06-29 19:00:00,2862.0,5,6,2802.0,2553.0,0.0,0.0,0.0,2862.0
2024-06-29 20:00:00,2790.0,5,6,2862.0,2802.0,0.0,0.0,0.0,2790.0
2024-06-29 21:00:00,2640.0,5,6,2790.0,2862.0,0.0,0.0,0.0,2640.0
2024-06-29 22:00:00,2668.5,5,6,2640.0,2790.0,0.0,0.0,0.0,2668.5
2024-06-29 23:00:00,2296.5,5,6,2668.5,2640.0,0.0,0.0,0.0,2296.5
2024-06-30 00:00:00,2997.0,6,6,2296.5,2668.5,0.0,0.0,0.0,2997.0
2024-06-30 01:00:00,2814.0,6,6,2997.0,2296.5,0.0,0.0,0.0,2814.0
2024-06-30 02:00:00,2862.0,6,6,2814.0,2997.0,0.0,0.0,0.0,2862.0
2024-06-30 03:00:00,2871.0,6,6,2862.0,2814.0,0.0,0.0,0.0,2871.0
2024-06-30 04:00:00,2772.0,6,6,2871.0,2862.0,0.0,0.0,0.0,2772.0
2024-06-30 05:00:00,2800.5,6,6,2772.0,2871.0,0.0,0.0,0.0,2800.5
2024-06-30 06:00:00,2703.0,6,6,2800.5,2772.0,13.130507469177246,13.130507469177246,0.0,2689.8694925308228
2024-06-30 07:00:00,2335.5,6,6,2703.0,2800.5,54.06101703643799,54.06101703643799,0.0,2281.438982963562
2024-06-30 08:00:00,1230.0,6,6,2335.5,2703.0,124.85442638397217,124.85442638397217,0.0,1105.1455736160278
2024-06-30 09:00:00,1249.5,6,6,1230.0,2335.5,199.6099090576172,199.6099090576172,0.0,1049.8900909423828
2024-06-30 10:00:00,1758.0,6,6,1249.5,1230.0,278.26197624206543,278.26197624206543,0.0,1479.7380237579346
2024-06-30 11:00:00,1752.0,6,6,1758.0,1249.5,313.6914253234863,313.6914253234863,0.0,1438.3085746765137
2024-06-30 12:00:00,1674.0,6,6,1752.0,1758.0,289.00214195251465,289.00214195251465,0.0,1384.9978580474854
2024-06-30 13:00:00,2707.5,6,6,1674.0,1752.0,279.86645221710205,279.86645221710205,0.0,2427.633547782898
2024-06-30 14:00:00,2665.5,6,6,2707.5,1674.0,220.2716302871704,220.2716302871704,0.0,2445.2283697128296
2024-06-30 15:00:00,2391.0,6,6,2665.5,2707.5,177.67115592956543,177.67115592956543,0.0,2213.3288440704346
2024-06-30 16:00:00,2742.0,6,6,2391.0,2665.5,105.9281587600708,105.9281587600708,0.0,2636.071841239929
2024-06-30 17:00:00,2704.5,6,6,2742.0,2391.0,57.95760154724121,57.95760154724121,0.0,2646.542398452759
2024-06-30 18:00:00,2887.5,6,6,2704.5,2742.0,5.140872001647948,5.140872001647948,0.0,2882.359127998352
2024-06-30 19:00:00,2854.5,6,6,2887.5,2704.5,0.0,0.0,0.0,2854.5
2024-06-30 20:00:00,2860.5,6,6,2854.5,2887.5,0.0,0.0,0.0,2860.5
2024-06-30 21:00:00,2616.0,6,6,2860.5,2854.5,0.0,0.0,0.0,2616.0
2024-06-30 22:00:00,2463.0,6,6,2616.0,2860.5,0.0,0.0,0.0,2463.0
2024-06-30 23:00:00,2578.5,6,6,2463.0,2616.0,0.0,0.0,0.0,2578.5
2024-07-01 00:00:00,2742.0,0,7,2578.5,2463.0,0.0,0.0,0.0,2742.0
2024-07-01 01:00:00,2338.5,0,7,2742.0,2578.5,0.0,0.0,0.0,2338.5
2024-07-01 02:00:00,2955.0,0,7,2338.5,2742.0,0.0,0.0,0.0,2955.0
2024-07-01 03:00:00,2467.5,0,7,2955.0,2338.5,0.0,0.0,0.0,2467.5
2024-07-01 04:00:00,2707.5,0,7,2467.5,2955.0,0.0,0.0,0.0,2707.5
2024-07-01 05:00:00,2757.0,0,7,2707.5,2467.5,0.0,0.0,0.0,2757.0
2024-07-01 06:00:00,2200.5,0,7,2757.0,2707.5,5.959482192993164,5.959482192993164,0.0,2194.540517807007
2024-07-01 07:00:00,2472.0,0,7,2200.5,2757.0,67.4534797668457,67.4534797668457,0.0,2404.5465202331543
2024-07-01 08:00:00,2499.0,0,7,2472.0,2200.5,153.99694919586182,153.99694919586182,0.0,2345.003050804138
2024-07-01 09:00:00,2350.5,0,7,2499.0,2472.0,181.24029636383057,181.24029636383057,0.0,2169.2597036361694
2024-07-01 10:00:00,2205.0,0,7,2350.5,2499.0,229.96397495269775,229.96397495269775,0.0,1975.0360250473022
2024-07-01 11:00:00,1989.0,0,7,2205.0,2350.5,167.9133224487305,167.9133224487305,0.0,1821.0866775512695
2024-07-01 12:00:00,1569.0,0,7,1989.0,2205.0,267.98023223876953,267.98023223876953,0.0,1301.0197677612305
2024-07-01 13:00:00,1710.0,0,7,1569.0,1989.0,222.79294967651367,222.79294967651367,0.0,1487.2070503234863
2024-07-01 14:00:00,2028.0,0,7,1710.0,1569.0,227.34442234039307,227.34442234039307,0.0,1800.655577659607
2024-07-01 15:00:00,2109.0,0,7,2028.0,1710.0,77.04759120941162,77.04759120941162,0.0,2031.9524087905884
2024-07-01 16:00:00,2515.5,0,7,2109.0,2028.0,39.84994411468506,39.84994411468506,0.0,2475.650055885315
2024-07-01 17:00:00,3000.0,0,7,2515.5,2109.0,22.757363319396976,22.757363319396976,0.0,2977.242636680603
2024-07-01 18:00:00,3058.5,0,7,3000.0,2515.5,2.09564208984375,2.09564208984375,0.0,3056.4043579101562
2024-07-01 19:00:00,3043.5,0,7,3058.5,3000.0,0.0,0.0,0.0,3043.5
2024-07-01 20:00:00,2896.5,0,7,3043.5,3058.5,0.0,0.0,0.0,2896.5
2024-07-01 21:00:00,3117.0,0,7,2896.5,3043.5,0.0,0.0,0.0,3117.0
2024-07-01 22:00:00,3277.5,0,7,3117.0,2896.5,0.0,0.0,0.0,3277.5
2024-07-01 23:00:00,4438.5,0,7,3277.5,3117.0,0.0,0.0,0.0,4438.5
2024-07-02 00:00:00,3996.0,1,7,4438.5,3277.5,0.0,0.0,0.0,3996.0
2024-07-02 01:00:00,4437.0,1,7,3996.0,4438.5,0.0,0.0,0.0,4437.0
2024-07-02 02:00:00,4660.5,1,7,4437.0,3996.0,0.0,0.0,0.0,4660.5
2024-07-02 03:00:00,4431.0,1,7,4660.5,4437.0,0.0,0.0,0.0,4431.0
2024-07-02 04:00:00,3934.5,1,7,4431.0,4660.5,0.0,0.0,0.0,3934.5
2024-07-02 05:00:00,4492.5,1,7,3934.5,4431.0,0.0,0.0,0.0,4492.5
2024-07-02 06:00:00,4489.5,1,7,4492.5,3934.5,10.44546604156494,10.44546604156494,0.0,4479.054533958435
2024-07-02 07:00:00,4059.0,1,7,4489.5,4492.5,56.680569648742676,56.680569648742676,0.0,4002.3194303512573
2024-07-02 08:00:00,3664.5,1,7,4059.0,4489.5,122.3331069946289,122.3331069946289,0.0,3542.166893005371
2024-07-02 09:00:00,3463.5,1,7,3664.5,4059.0,161.39718532562256,161.39718532562256,0.0,3302.1028146743774
2024-07-02 10:00:00,3306.0,1,7,3463.5,3664.5,241.1625623703003,241.1625623703003,0.0,3064.8374376296997
2024-07-02 11:00:00,2100.0,1,7,3306.0,3463.5,277.18141078948975,277.18141078948975,0.0,1822.8185892105103
2024-07-02 12:00:00,1836.0,1,7,2100.0,3306.0,296.3368892669678,296.3368892669678,0.0,1539.6631107330322
2024-07-02 13:00:00,2401.5,1,7,1836.0,2100.0,291.65443897247314,291.65443897247314,0.0,2109.845561027527
2024-07-02 14:00:00,2677.5,1,7,2401.5,1836.0,200.33028602600098,200.33028602600098,0.0,2477.169713973999
2024-07-02 15:00:00,3028.5,1,7,2677.5,2401.5,177.99860000610352,177.99860000610352,0.0,2850.5013999938965
2024-07-02 16:00:00,3897.0,1,7,3028.5,2677.5,104.58563804626465,104.58563804626465,0.0,3792.4143619537354
2024-07-02 17:00:00,4164.0,1,7,3897.0,3028.5,55.992937088012695,55.992937088012695,0.0,4108.007062911987
2024-07-02 18:00:00,4296.0,1,7,4164.0,3897.0,5.82850456237793,5.82850456237793,0.0,4290.171495437622
2024-07-02 19:00:00,4366.5,1,7,4296.0,4164.0,0.0,0.0,0.0,4366.5
2024-07-02 20:00:00,4660.5,1,7,4366.5,4296.0,0.0,0.0,0.0,4660.5
2024-07-02 21:00:00,3921.0,1,7,4660.5,4366.5,0.0,0.0,0.0,3921.0
2024-07-02 22:00:00,2688.0,1,7,3921.0,4660.5,0.0,0.0,0.0,2688.0
2024-07-02 23:00:00,3783.0,1,7,2688.0,3921.0,0.0,0.0,0.0,3783.0
2024-07-03 00:00:00,4653.0,2,7,3783.0,2688.0,0.0,0.0,0.0,4653.0
2024-07-03 01:00:00,4726.5,2,7,4653.0,3783.0,0.0,0.0,0.0,4726.5
2024-07-03 02:00:00,4716.0,2,7,4726.5,4653.0,0.0,0.0,0.0,4716.0
2024-07-03 03:00:00,4230.0,2,7,4716.0,4726.5,0.0,0.0,0.0,4230.0
2024-07-03 04:00:00,4492.5,2,7,4230.0,4716.0,0.0,0.0,0.0,4492.5
2024-07-03 05:00:00,4695.0,2,7,4492.5,4230.0,0.0,0.0,0.0,4695.0
2024-07-03 06:00:00,3783.0,2,7,4695.0,4492.5,12.377386093139648,12.377386093139648,0.0,3770.6226139068604
2024-07-03 07:00:00,3913.5,2,7,3783.0,4695.0,75.50860404968262,75.50860404968262,0.0,3837.9913959503174
2024-07-03 08:00:00,3268.5,2,7,3913.5,3783.0,176.88529014587402,176.88529014587402,0.0,3091.614709854126
2024-07-03 09:00:00,3208.5,2,7,3268.5,3913.5,259.4339418411255,259.4339418411255,0.0,2949.0660581588745
2024-07-03 10:00:00,2532.0,2,7,3208.5,3268.5,291.850905418396,291.850905418396,0.0,2240.149094581604
2024-07-03 11:00:00,2667.0,2,7,2532.0,3208.5,343.84902477264404,343.84902477264404,0.0,2323.150975227356
2024-07-03 12:00:00,2722.5,2,7,2667.0,2532.0,290.08270740509033,290.08270740509033,0.0,2432.4172925949097
2024-07-03 13:00:00,2214.0,2,7,2722.5,2667.0,287.2994327545166,287.2994327545166,0.0,1926.7005672454834
2024-07-03 14:00:00,2313.0,2,7,2214.0,2722.5,251.24783992767334,251.24783992767334,0.0,2061.7521600723267
2024-07-03 15:00:00,3454.5,2,7,2313.0,2214.0,236.34913444519043,236.34913444519043,0.0,3218.1508655548096
2024-07-03 16:00:00,4225.5,2,7,3454.5,2313.0,98.72438907623291,98.72438907623291,0.0,4126.775610923767
2024-07-03 17:00:00,3979.5,2,7,4225.5,3454.5,56.64782524108887,56.64782524108887,0.0,3922.852174758911
2024-07-03 18:00:00,4552.5,2,7,3979.5,4225.5,6.05771541595459,6.05771541595459,0.0,4546.442284584045
2024-07-03 19:00:00,4650.0,2,7,4552.5,3979.5,0.0,0.0,0.0,4650.0
2024-07-03 20:00:00,4573.5,2,7,4650.0,4552.5,0.0,0.0,0.0,4573.5
2024-07-03 21:00:00,4111.5,2,7,4573.5,4650.0,0.0,0.0,0.0,4111.5
2024-07-03 22:00:00,4311.0,2,7,4111.5,4573.5,0.0,0.0,0.0,4311.0
2024-07-03 23:00:00,3889.5,2,7,4311.0,4111.5,0.0,0.0,0.0,3889.5
2024-07-04 00:00:00,4183.5,3,7,3889.5,4311.0,0.0,0.0,0.0,4183.5
2024-07-04 01:00:00,4311.0,3,7,4183.5,3889.5,0.0,0.0,0.0,4311.0
2024-07-04 02:00:00,4632.0,3,7,4311.0,4183.5,0.0,0.0,0.0,4632.0
2024-07-04 03:00:00,4512.0,3,7,4632.0,4311.0,0.0,0.0,0.0,4512.0
2024-07-04 04:00:00,4389.0,3,7,4512.0,4632.0,0.0,0.0,0.0,4389.0
2024-07-04 05:00:00,4207.5,3,7,4389.0,4512.0,0.0,0.0,0.0,4207.5
2024-07-04 06:00:00,3724.5,3,7,4207.5,4389.0,12.279152870178223,12.279152870178223,0.0,3712.220847129822
2024-07-04 07:00:00,3762.0,3,7,3724.5,4207.5,63.000240325927734,63.000240325927734,0.0,3698.9997596740723
2024-07-04 08:00:00,3193.5,3,7,3762.0,3724.5,135.85654735565186,135.85654735565186,0.0,3057.643452644348
2024-07-04 09:00:00,2788.5,3,7,3193.5,3762.0,229.96397495269775,229.96397495269775,0.0,2558.5360250473022
2024-07-04 10:00:00,3168.0,3,7,2788.5,3193.5,293.4226369857788,293.4226369857788,0.0,2874.577363014221
2024-07-04 11:00:00,3001.5,3,7,3168.0,2788.5,313.2984924316406,313.2984924316406,0.0,2688.2015075683594
2024-07-04 12:00:00,3393.0,3,7,3001.5,3168.0,296.0094451904297,296.0094451904297,0.0,3096.9905548095703
2024-07-04 13:00:00,3226.5,3,7,3393.0,3001.5,208.7783432006836,208.7783432006836,0.0,3017.7216567993164
2024-07-04 14:00:00,3684.0,3,7,3226.5,3393.0,155.4377031326294,155.4377031326294,0.0,3528.5622968673706
2024-07-04 15:00:00,3406.5,3,7,3684.0,3226.5,17.551002502441406,17.551002502441406,0.0,3388.9489974975586
2024-07-04 16:00:00,3745.5,3,7,3406.5,3684.0,11.68975353240967,11.68975353240967,0.0,3733.8102464675903
2024-07-04 17:00:00,4377.0,3,7,3745.5,3406.5,12.377386093139648,12.377386093139648,0.0,4364.62261390686
2024-07-04 18:00:00,4371.0,3,7,4377.0,3745.5,0.0,0.0,0.0,4371.0
2024-07-04 19:00:00,4575.0,3,7,4371.0,4377.0,0.0,0.0,0.0,4575.0
2024-07-04 20:00:00,4384.5,3,7,4575.0,4371.0,0.0,0.0,0.0,4384.5
2024-07-04 21:00:00,4459.5,3,7,4384.5,4575.0,0.0,0.0,0.0,4459.5
2024-07-04 22:00:00,4186.5,3,7,4459.5,4384.5,0.0,0.0,0.0,4186.5
2024-07-04 23:00:00,4489.5,3,7,4186.5,4459.5,0.0,0.0,0.0,4489.5
2024-07-05 00:00:00,4374.0,4,7,4489.5,4186.5,0.0,0.0,0.0,4374.0
2024-07-05 01:00:00,4515.0,4,7,4374.0,4489.5,0.0,0.0,0.0,4515.0
2024-07-05 02:00:00,4636.5,4,7,4515.0,4374.0,0.0,0.0,0.0,4636.5
2024-07-05 03:00:00,4515.0,4,7,4636.5,4515.0,0.0,0.0,0.0,4515.0
2024-07-05 04:00:00,4573.5,4,7,4515.0,4636.5,0.0,0.0,0.0,4573.5
2024-07-05 05:00:00,4050.0,4,7,4573.5,4515.0,0.0,0.0,0.0,4050.0
2024-07-05 06:00:00,2488.5,4,7,4050.0,4573.5,12.311897277832031,12.311897277832031,0.0,2476.188102722168
2024-07-05 07:00:00,1134.0,4,7,2488.5,4050.0,57.368202209472656,57.368202209472656,0.0,1076.6317977905273
2024-07-05 08:00:00,427.5,4,7,1134.0,2488.5,108.38398933410645,108.38398933410645,0.0,319.11601066589355
2024-07-05 09:00:00,13.5,4,7,427.5,1134.0,166.04689121246338,13.5,152.54689121246338,0.0
2024-07-05 10:00:00,13.5,4,7,13.5,427.5,180.3561973571777,13.5,166.8561973571777,0.0
2024-07-05 11:00:00,9.0,4,7,13.5,13.5,247.6786994934082,9.0,238.6786994934082,0.0
2024-07-05 12:00:00,9.0,4,7,9.0,13.5,190.2450084686279,9.0,181.2450084686279,0.0
2024-07-05 13:00:00,16.5,4,7,9.0,9.0,157.50060081481934,16.5,141.00060081481934,0.0
2024-07-05 14:00:00,37.5,4,7,16.5,9.0,82.15571880340576,37.5,44.65571880340576,0.0
2024-07-05 15:00:00,130.5,4,7,37.5,16.5,124.199538230896,124.199538230896,0.0,6.300461769104004
2024-07-05 16:00:00,18.0,4,7,130.5,37.5,107.10695743560791,18.0,89.10695743560791,0.0
2024-07-05 17:00:00,102.0,4,7,18.0,130.5,12.966785430908203,12.966785430908203,0.0,89.0332145690918
2024-07-05 18:00:00,249.0,4,7,102.0,18.0,0.6876325607299804,0.6876325607299804,0.0,248.31236743927002
2024-07-05 19:00:00,268.5,4,7,249.0,102.0,0.0,0.0,0.0,268.5
2024-07-05 20:00:00,262.5,4,7,268.5,249.0,0.0,0.0,0.0,262.5
2024-07-05 21:00:00,246.0,4,7,262.5,268.5,0.0,0.0,0.0,246.0
2024-07-05 22:00:00,244.5,4,7,246.0,262.5,0.0,0.0,0.0,244.5
2024-07-05 23:00:00,250.5,4,7,244.5,246.0,0.0,0.0,0.0,250.5
2024-07-06 00:00:00,249.0,5,7,250.5,244.5,0.0,0.0,0.0,249.0
2024-07-06 01:00:00,268.5,5,7,249.0,250.5,0.0,0.0,0.0,268.5
2024-07-06 02:00:00,289.5,5,7,268.5,249.0,0.0,0.0,0.0,289.5
2024-07-06 03:00:00,304.5,5,7,289.5,268.5,0.0,0.0,0.0,304.5
2024-07-06 04:00:00,300.0,5,7,304.5,289.5,0.0,0.0,0.0,300.0
2024-07-06 05:00:00,277.5,5,7,300.0,304.5,0.0,0.0,0.0,277.5
2024-07-06 06:00:00,277.5,5,7,277.5,300.0,11.591520309448242,11.591520309448242,0.0,265.90847969055176
2024-07-06 07:00:00,858.0,5,7,277.5,277.5,68.73051166534424,68.73051166534424,0.0,789.2694883346558
2024-07-06 08:00:00,1951.5,5,7,858.0,277.5,143.78069400787354,143.78069400787354,0.0,1807.7193059921265
2024-07-06 09:00:00,1686.0,5,7,1951.5,858.0,217.39012241363525,217.39012241363525,0.0,1468.6098775863647
2024-07-06 10:00:00,1819.5,5,7,1686.0,1951.5,288.96939754486084,288.96939754486084,0.0,1530.5306024551392
2024-07-06 11:00:00,1816.5,5,7,1819.5,1686.0,272.4334716796875,272.4334716796875,0.0,1544.0665283203125
2024-07-06 12:00:00,1473.0,5,7,1816.5,1819.5,273.05561542510986,273.05561542510986,0.0,1199.9443845748901
2024-07-06 13:00:00,874.5,5,7,1473.0,1816.5,297.02452182769775,297.02452182769775,0.0,577.4754781723022
2024-07-06 14:00:00,1174.5,5,7,874.5,1473.0,256.8143892288208,256.8143892288208,0.0,917.6856107711792
2024-07-06 15:00:00,2047.5,5,7,1174.5,874.5,151.44288539886475,151.44288539886475,0.0,1896.0571146011353
2024-07-06 16:00:00,3061.5,5,7,2047.5,1174.5,148.92156600952148,148.92156600952148,0.0,2912.5784339904785
2024-07-06 17:00:00,3831.0,5,7,3061.5,2047.5,59.725799560546875,59.725799560546875,0.0,3771.274200439453
2024-07-06 18:00:00,4471.5,5,7,3831.0,3061.5,6.28692626953125,6.28692626953125,0.0,4465.213073730469
2024-07-06 19:00:00,4291.5,5,7,4471.5,3831.0,0.0,0.0,0.0,4291.5
2024-07-06 20:00:00,4252.5,5,7,4291.5,4471.5,0.0,0.0,0.0,4252.5
2024-07-06 21:00:00,3255.0,5,7,4252.5,4291.5,0.0,0.0,0.0,3255.0
2024-07-06 22:00:00,3478.5,5,7,3255.0,4252.5,0.0,0.0,0.0,3478.5
2024-07-06 23:00:00,3430.5,5,7,3478.5,3255.0,0.0,0.0,0.0,3430.5
2024-07-07 00:00:00,3478.5,6,7,3430.5,3478.5,0.0,0.0,0.0,3478.5
2024-07-07 01:00:00,3348.0,6,7,3478.5,3430.5,0.0,0.0,0.0,3348.0
2024-07-07 02:00:00,3349.5,6,7,3348.0,3478.5,0.0,0.0,0.0,3349.5
2024-07-07 03:00:00,3315.0,6,7,3349.5,3348.0,0.0,0.0,0.0,3315.0
2024-07-07 04:00:00,3108.0,6,7,3315.0,3349.5,0.0,0.0,0.0,3108.0
2024-07-07 05:00:00,3018.0,6,7,3108.0,3315.0,0.0,0.0,0.0,3018.0
2024-07-07 06:00:00,2871.0,6,7,3018.0,3108.0,6.319670677185059,6.319670677185059,0.0,2864.680329322815
2024-07-07 07:00:00,2620.5,6,7,2871.0,3018.0,38.60565662384033,38.60565662384033,0.0,2581.8943433761597
2024-07-07 08:00:00,2506.5,6,7,2620.5,2871.0,70.82615375518799,70.82615375518799,0.0,2435.673846244812
2024-07-07 09:00:00,2365.5,6,7,2506.5,2620.5,157.7953004837036,157.7953004837036,0.0,2207.7046995162964
2024-07-07 10:00:00,2616.0,6,7,2365.5,2506.5,293.25891494750977,293.25891494750977,0.0,2322.7410850524902
2024-07-07 11:00:00,2940.0,6,7,2616.0,2365.5,352.85373687744135,352.85373687744135,0.0,2587.1462631225586
2024-07-07 12:00:00,3103.5,6,7,2940.0,2616.0,282.3222827911377,282.3222827911377,0.0,2821.1777172088623
2024-07-07 13:00:00,3126.0,6,7,3103.5,2940.0,302.0671606063843,302.0671606063843,0.0,2823.9328393936157
2024-07-07 14:00:00,3088.5,6,7,3126.0,3103.5,76.42544746398926,76.42544746398926,0.0,3012.0745525360107
2024-07-07 15:00:00,3358.5,6,7,3088.5,3126.0,247.51497745513916,247.51497745513916,0.0,3110.985022544861
2024-07-07 16:00:00,3777.0,6,7,3358.5,3088.5,143.12580585479736,143.12580585479736,0.0,3633.8741941452026
2024-07-07 17:00:00,3610.5,6,7,3777.0,3358.5,54.94511604309082,54.94511604309082,0.0,3555.554883956909
2024-07-07 18:00:00,4290.0,6,7,3610.5,3777.0,6.188693046569824,6.188693046569824,0.0,4283.81130695343
2024-07-07 19:00:00,4512.0,6,7,4290.0,3610.5,0.0,0.0,0.0,4512.0
2024-07-07 20:00:00,4696.5,6,7,4512.0,4290.0,0.0,0.0,0.0,4696.5
2024-07-07 21:00:00,4602.0,6,7,4696.5,4512.0,0.0,0.0,0.0,4602.0
2024-07-07 22:00:00,4773.0,6,7,4602.0,4696.5,0.0,0.0,0.0,4773.0
2024-07-07 23:00:00,4656.0,6,7,4773.0,4602.0,0.0,0.0,0.0,4656.0
2024-07-08 00:00:00,4681.5,0,7,4656.0,4773.0,0.0,0.0,0.0,4681.5
2024-07-08 01:00:00,4446.0,0,7,4681.5,4656.0,0.0,0.0,0.0,4446.0
2024-07-08 02:00:00,4429.5,0,7,4446.0,4681.5,0.0,0.0,0.0,4429.5
2024-07-08 03:00:00,4594.5,0,7,4429.5,4446.0,0.0,0.0,0.0,4594.5
2024-07-08 04:00:00,4492.5,0,7,4594.5,4429.5,0.0,0.0,0.0,4492.5
2024-07-08 05:00:00,4236.0,0,7,4492.5,4594.5,0.0,0.0,0.0,4236.0
2024-07-08 06:00:00,4002.0,0,7,4236.0,4492.5,7.105536460876465,7.105536460876465,0.0,3994.8944635391235
2024-07-08 07:00:00,3918.0,0,7,4002.0,4236.0,60.51166534423828,60.51166534423828,0.0,3857.4883346557617
2024-07-08 08:00:00,2979.0,0,7,3918.0,4002.0,139.8841094970703,139.8841094970703,0.0,2839.1158905029297
2024-07-08 09:00:00,2437.5,0,7,2979.0,3918.0,226.42757892608643,226.42757892608643,0.0,2211.0724210739136
2024-07-08 10:00:00,2256.0,0,7,2437.5,2979.0,265.1969575881958,265.1969575881958,0.0,1990.8030424118042
2024-07-08 11:00:00,2482.5,0,7,2256.0,2437.5,272.1387720108032,272.1387720108032,0.0,2210.361227989197
2024-07-08 12:00:00,2026.5,0,7,2482.5,2256.0,260.5145072937012,260.5145072937012,0.0,1765.9854927062988
2024-07-08 13:00:00,2707.5,0,7,2026.5,2482.5,230.32416343688965,230.32416343688965,0.0,2477.1758365631104
2024-07-08 14:00:00,2412.0,0,7,2707.5,2026.5,260.48176288604736,260.48176288604736,0.0,2151.5182371139526
2024-07-08 15:00:00,3217.5,0,7,2412.0,2707.5,185.79176902770996,185.79176902770996,0.0,3031.70823097229
2024-07-08 16:00:00,3897.0,0,7,3217.5,2412.0,121.44900798797607,121.44900798797607,0.0,3775.550992012024
2024-07-08 17:00:00,3534.0,0,7,3897.0,3217.5,24.329094886779785,24.329094886779785,0.0,3509.67090511322
2024-07-08 18:00:00,4479.0,0,7,3534.0,3897.0,1.8336868286132812,1.8336868286132812,0.0,4477.166313171387
2024-07-08 19:00:00,4495.5,0,7,4479.0,3534.0,0.0,0.0,0.0,4495.5
2024-07-08 20:00:00,4497.0,0,7,4495.5,4479.0,0.0,0.0,0.0,4497.0
2024-07-08 21:00:00,4576.5,0,7,4497.0,4495.5,0.0,0.0,0.0,4576.5
2024-07-08 22:00:00,4690.5,0,7,4576.5,4497.0,0.0,0.0,0.0,4690.5
2024-07-08 23:00:00,4594.5,0,7,4690.5,4576.5,0.0,0.0,0.0,4594.5
2024-07-09 00:00:00,4264.5,1,7,4594.5,4690.5,0.0,0.0,0.0,4264.5
2024-07-09 01:00:00,3310.5,1,7,4264.5,4594.5,0.0,0.0,0.0,3310.5
2024-07-09 02:00:00,3573.0,1,7,3310.5,4264.5,0.0,0.0,0.0,3573.0
2024-07-09 03:00:00,4338.0,1,7,3573.0,3310.5,0.0,0.0,0.0,4338.0
2024-07-09 04:00:00,4552.5,1,7,4338.0,3573.0,0.0,0.0,0.0,4552.5
2024-07-09 05:00:00,4600.5,1,7,4552.5,4338.0,0.0,0.0,0.0,4600.5
2024-07-09 06:00:00,4162.5,1,7,4600.5,4552.5,10.314488410949707,10.314488410949707,0.0,4152.18551158905
2024-07-09 07:00:00,3805.5,1,7,4162.5,4600.5,57.5319242477417,57.5319242477417,0.0,3747.9680757522583
2024-07-09 08:00:00,3081.0,1,7,3805.5,4162.5,99.90318775177002,99.90318775177002,0.0,2981.09681224823
2024-07-09 09:00:00,3004.5,1,7,3081.0,3805.5,148.5613775253296,148.5613775253296,0.0,2855.9386224746704
2024-07-09 10:00:00,2551.5,1,7,3004.5,3081.0,119.35336589813232,119.35336589813232,0.0,2432.1466341018677
2024-07-09 11:00:00,2104.5,1,7,2551.5,3004.5,167.09471225738525,167.09471225738525,0.0,1937.4052877426147
2024-07-09 12:00:00,2649.0,1,7,2104.5,2551.5,261.49683952331543,261.49683952331543,0.0,2387.5031604766846
2024-07-09 13:00:00,4065.0,1,7,2649.0,2104.5,141.12839698791504,141.12839698791504,0.0,3923.871603012085
2024-07-09 14:00:00,3883.5,1,7,4065.0,2649.0,139.16373252868652,139.16373252868652,0.0,3744.3362674713135
2024-07-09 15:00:00,2265.0,1,7,3883.5,4065.0,31.565608978271484,31.565608978271484,0.0,2233.4343910217285
2024-07-09 16:00:00,3784.5,1,7,2265.0,3883.5,111.88764095306396,111.88764095306396,0.0,3672.612359046936
2024-07-09 17:00:00,4135.5,1,7,3784.5,2265.0,14.702239036560059,14.702239036560059,0.0,4120.79776096344
2024-07-09 18:00:00,4318.5,1,7,4135.5,3784.5,0.6876325607299804,0.6876325607299804,0.0,4317.81236743927
2024-07-09 19:00:00,4329.0,1,7,4318.5,4135.5,0.0,0.0,0.0,4329.0
2024-07-09 20:00:00,4533.0,1,7,4329.0,4318.5,0.0,0.0,0.0,4533.0
2024-07-09 21:00:00,4642.5,1,7,4533.0,4329.0,0.0,0.0,0.0,4642.5
2024-07-09 22:00:00,4666.5,1,7,4642.5,4533.0,0.0,0.0,0.0,4666.5
2024-07-09 23:00:00,4267.5,1,7,4666.5,4642.5,0.0,0.0,0.0,4267.5
2024-07-10 00:00:00,4131.0,2,7,4267.5,4666.5,0.0,0.0,0.0,4131.0
2024-07-10 01:00:00,4119.0,2,7,4131.0,4267.5,0.0,0.0,0.0,4119.0
2024-07-10 02:00:00,3730.5,2,7,4119.0,4131.0,0.0,0.0,0.0,3730.5
2024-07-10 03:00:00,4549.5,2,7,3730.5,4119.0,0.0,0.0,0.0,4549.5
2024-07-10 04:00:00,4386.0,2,7,4549.5,3730.5,0.0,0.0,0.0,4386.0
2024-07-10 05:00:00,4323.0,2,7,4386.0,4549.5,0.0,0.0,0.0,4323.0
2024-07-10 06:00:00,3768.0,2,7,4323.0,4386.0,11.46054267883301,11.46054267883301,0.0,3756.539457321167
2024-07-10 07:00:00,2841.0,2,7,3768.0,4323.0,64.86667156219482,64.86667156219482,0.0,2776.133328437805
2024-07-10 08:00:00,2110.5,2,7,2841.0,3768.0,110.05395412445068,110.05395412445068,0.0,2000.4460458755493
2024-07-10 09:00:00,1488.0,2,7,2110.5,2841.0,167.5203895568848,167.5203895568848,0.0,1320.4796104431152
2024-07-10 10:00:00,1087.5,2,7,1488.0,2110.5,284.9418354034424,284.9418354034424,0.0,802.5581645965576
2024-07-10 11:00:00,1458.0,2,7,1087.5,1488.0,203.0808162689209,203.0808162689209,0.0,1254.919183731079
2024-07-10 12:00:00,1633.5,2,7,1458.0,1087.5,315.0666904449463,315.0666904449463,0.0,1318.4333095550537
2024-07-10 13:00:00,1564.5,2,7,1633.5,1458.0,270.8944845199585,270.8944845199585,0.0,1293.6055154800415
2024-07-10 14:00:00,2355.0,2,7,1564.5,1633.5,275.60967922210693,275.60967922210693,0.0,2079.390320777893
2024-07-10 15:00:00,2526.0,2,7,2355.0,1564.5,167.81508922576901,167.81508922576901,0.0,2358.184910774231
2024-07-10 16:00:00,2856.0,2,7,2526.0,2355.0,54.02827262878418,54.02827262878418,0.0,2801.971727371216
2024-07-10 17:00:00,2826.0,2,7,2856.0,2526.0,32.90812969207764,32.90812969207764,0.0,2793.0918703079224
2024-07-10 18:00:00,2946.0,2,7,2826.0,2856.0,4.093050956726074,4.093050956726074,0.0,2941.906949043274
2024-07-10 19:00:00,2847.0,2,7,2946.0,2826.0,0.0,0.0,0.0,2847.0
2024-07-10 20:00:00,2604.0,2,7,2847.0,2946.0,0.0,0.0,0.0,2604.0
2024-07-10 21:00:00,2853.0,2,7,2604.0,2847.0,0.0,0.0,0.0,2853.0
2024-07-10 22:00:00,2574.0,2,7,2853.0,2604.0,0.0,0.0,0.0,2574.0
2024-07-10 23:00:00,2965.5,2,7,2574.0,2853.0,0.0,0.0,0.0,2965.5
2024-07-11 00:00:00,2607.0,3,7,2965.5,2574.0,0.0,0.0,0.0,2607.0
2024-07-11 01:00:00,2880.0,3,7,2607.0,2965.5,0.0,0.0,0.0,2880.0
2024-07-11 02:00:00,2928.0,3,7,2880.0,2607.0,0.0,0.0,0.0,2928.0
2024-07-11 03:00:00,2587.5,3,7,2928.0,2880.0,0.0,0.0,0.0,2587.5
2024-07-11 04:00:00,2595.0,3,7,2587.5,2928.0,0.0,0.0,0.0,2595.0
2024-07-11 05:00:00,1884.0,3,7,2595.0,2587.5,0.0,0.0,0.0,1884.0
2024-07-11 06:00:00,1263.0,3,7,1884.0,2595.0,10.805654525756836,10.805654525756836,0.0,1252.1943454742432
2024-07-11 07:00:00,940.5,3,7,1263.0,1884.0,75.86879253387451,75.86879253387451,0.0,864.6312074661255
2024-07-11 08:00:00,1186.5,3,7,940.5,1263.0,171.31874084472656,171.31874084472656,0.0,1015.1812591552734
2024-07-11 09:00:00,1236.0,3,7,1186.5,940.5,282.0603275299072,282.0603275299072,0.0,953.9396724700928
2024-07-11 10:00:00,814.5,3,7,1236.0,1186.5,320.076584815979,320.076584815979,0.0,494.423415184021
2024-07-11 11:00:00,331.5,3,7,814.5,1236.0,293.25891494750977,293.25891494750977,0.0,38.241085052490234
2024-07-11 12:00:00,442.5,3,7,331.5,814.5,352.16610431671137,352.16610431671137,0.0,90.33389568328863
2024-07-11 13:00:00,484.5,3,7,442.5,331.5,352.62452602386475,352.62452602386475,0.0,131.87547397613525
2024-07-11 14:00:00,652.5,3,7,484.5,442.5,264.7385358810425,264.7385358810425,0.0,387.7614641189575
2024-07-11 15:00:00,1152.0,3,7,652.5,484.5,223.97174835205078,223.97174835205078,0.0,928.0282516479492
2024-07-11 16:00:00,1287.0,3,7,1152.0,652.5,122.3003625869751,122.3003625869751,0.0,1164.699637413025
2024-07-11 17:00:00,1851.0,3,7,1287.0,1152.0,25.63887119293213,25.63887119293213,0.0,1825.3611288070679
2024-07-11 18:00:00,1954.5,3,7,1851.0,1287.0,3.700118064880371,3.700118064880371,0.0,1950.7998819351196
2024-07-11 19:00:00,1879.5,3,7,1954.5,1851.0,0.0,0.0,0.0,1879.5
2024-07-11 20:00:00,1522.5,3,7,1879.5,1954.5,0.0,0.0,0.0,1522.5
2024-07-11 21:00:00,1746.0,3,7,1522.5,1879.5,0.0,0.0,0.0,1746.0
2024-07-11 22:00:00,1867.5,3,7,1746.0,1522.5,0.0,0.0,0.0,1867.5
2024-07-11 23:00:00,1917.0,3,7,1867.5,1746.0,0.0,0.0,0.0,1917.0
2024-07-12 00:00:00,1896.0,4,7,1917.0,1867.5,0.0,0.0,0.0,1896.0
2024-07-12 01:00:00,1603.5,4,7,1896.0,1917.0,0.0,0.0,0.0,1603.5
2024-07-12 02:00:00,1471.5,4,7,1603.5,1896.0,0.0,0.0,0.0,1471.5
2024-07-12 03:00:00,1519.5,4,7,1471.5,1603.5,0.0,0.0,0.0,1519.5
2024-07-12 04:00:00,1822.5,4,7,1519.5,1471.5,0.0,0.0,0.0,1822.5
2024-07-12 05:00:00,1861.5,4,7,1822.5,1519.5,0.0,0.0,0.0,1861.5
2024-07-12 06:00:00,1605.0,4,7,1861.5,1822.5,10.93663215637207,10.93663215637207,0.0,1594.063367843628
2024-07-12 07:00:00,1320.0,4,7,1605.0,1861.5,54.55218315124512,54.55218315124512,0.0,1265.4478168487549
2024-07-12 08:00:00,1410.0,4,7,1320.0,1605.0,124.82168197631836,124.82168197631836,0.0,1285.1783180236816
2024-07-12 09:00:00,1339.5,4,7,1410.0,1320.0,213.06786060333252,213.06786060333252,0.0,1126.4321393966675
2024-07-12 10:00:00,1290.0,4,7,1339.5,1410.0,299.382119178772,299.382119178772,0.0,990.617880821228
2024-07-12 11:00:00,1195.5,4,7,1290.0,1339.5,150.1331090927124,150.1331090927124,0.0,1045.3668909072876
2024-07-12 12:00:00,1024.5,4,7,1195.5,1290.0,281.40543937683105,281.40543937683105,0.0,743.094560623169
2024-07-12 13:00:00,886.5,4,7,1024.5,1195.5,197.93994426727295,197.93994426727295,0.0,688.560055732727
2024-07-12 14:00:00,1186.5,4,7,886.5,1024.5,28.782334327697754,28.782334327697754,0.0,1157.7176656723022
2024-07-12 15:00:00,1269.0,4,7,1186.5,886.5,16.470437049865723,16.470437049865723,0.0,1252.5295629501343
2024-07-12 16:00:00,1392.0,4,7,1269.0,1186.5,10.24899959564209,10.24899959564209,0.0,1381.751000404358
2024-07-12 17:00:00,1213.5,4,7,1392.0,1269.0,10.052533149719238,10.052533149719238,0.0,1203.4474668502808
2024-07-12 18:00:00,2406.0,4,7,1213.5,1392.0,0.29469966888427734,0.29469966888427734,0.0,2405.7053003311157
2024-07-12 19:00:00,2823.0,4,7,2406.0,1213.5,0.0,0.0,0.0,2823.0
2024-07-12 20:00:00,3675.0,4,7,2823.0,2406.0,0.0,0.0,0.0,3675.0
2024-07-12 21:00:00,4461.0,4,7,3675.0,2823.0,0.0,0.0,0.0,4461.0
2024-07-12 22:00:00,4611.0,4,7,4461.0,3675.0,0.0,0.0,0.0,4611.0
2024-07-12 23:00:00,4729.5,4,7,4611.0,4461.0,0.0,0.0,0.0,4729.5
2024-07-13 00:00:00,4602.0,5,7,4729.5,4611.0,0.0,0.0,0.0,4602.0
2024-07-13 01:00:00,4081.5,5,7,4602.0,4729.5,0.0,0.0,0.0,4081.5
2024-07-13 02:00:00,3571.5,5,7,4081.5,4602.0,0.0,0.0,0.0,3571.5
2024-07-13 03:00:00,3922.5,5,7,3571.5,4081.5,0.0,0.0,0.0,3922.5
2024-07-13 04:00:00,4249.5,5,7,3922.5,3571.5,0.0,0.0,0.0,4249.5
2024-07-13 05:00:00,3744.0,5,7,4249.5,3922.5,0.0,0.0,0.0,3744.0
2024-07-13 06:00:00,4108.5,5,7,3744.0,4249.5,3.307185173034668,3.307185173034668,0.0,4105.192814826965
2024-07-13 07:00:00,3523.5,5,7,4108.5,3744.0,45.973148345947266,45.973148345947266,0.0,3477.5268516540527
2024-07-13 08:00:00,1845.0,5,7,3523.5,4108.5,155.24123668670654,155.24123668670654,0.0,1689.7587633132935
2024-07-13 09:00:00,2332.5,5,7,1845.0,3523.5,183.2704496383667,183.2704496383667,0.0,2149.2295503616333
2024-07-13 10:00:00,1764.0,5,7,2332.5,1845.0,316.1800003051758,316.1800003051758,0.0,1447.8199996948242
2024-07-13 11:00:00,2506.5,5,7,1764.0,2332.5,332.4539709091187,332.4539709091187,0.0,2174.0460290908813
2024-07-13 12:00:00,2491.5,5,7,2506.5,1764.0,318.70131969451904,318.70131969451904,0.0,2172.798680305481
2024-07-13 13:00:00,2811.0,5,7,2491.5,2506.5,279.04784202575684,279.04784202575684,0.0,2531.952157974243
2024-07-13 14:00:00,2347.5,5,7,2811.0,2491.5,278.2292318344116,278.2292318344116,0.0,2069.2707681655884
2024-07-13 15:00:00,3301.5,5,7,2347.5,2811.0,243.74937057495117,243.74937057495117,0.0,3057.750629425049
2024-07-13 16:00:00,3777.0,5,7,3301.5,2347.5,144.56655979156494,144.56655979156494,0.0,3632.433440208435
2024-07-13 17:00:00,4287.0,5,7,3777.0,3301.5,44.85983848571778,44.85983848571778,0.0,4242.140161514282
2024-07-13 18:00:00,4455.0,5,7,4287.0,3777.0,5.566549301147462,5.566549301147462,0.0,4449.4334506988525
2024-07-13 19:00:00,4770.0,5,7,4455.0,4287.0,0.0,0.0,0.0,4770.0
2024-07-13 20:00:00,4780.5,5,7,4770.0,4455.0,0.0,0.0,0.0,4780.5
2024-07-13 21:00:00,4344.0,5,7,4780.5,4770.0,0.0,0.0,0.0,4344.0
2024-07-13 22:00:00,4696.5,5,7,4344.0,4780.5,0.0,0.0,0.0,4696.5
2024-07-13 23:00:00,4314.0,5,7,4696.5,4344.0,0.0,0.0,0.0,4314.0
2024-07-14 00:00:00,4881.0,6,7,4314.0,4696.5,0.0,0.0,0.0,4881.0
2024-07-14 01:00:00,4413.0,6,7,4881.0,4314.0,0.0,0.0,0.0,4413.0
2024-07-14 02:00:00,4546.5,6,7,4413.0,4881.0,0.0,0.0,0.0,4546.5
2024-07-14 03:00:00,4323.0,6,7,4546.5,4413.0,0.0,0.0,0.0,4323.0
2024-07-14 04:00:00,4476.0,6,7,4323.0,4546.5,0.0,0.0,0.0,4476.0
2024-07-14 05:00:00,4684.5,6,7,4476.0,4323.0,0.0,0.0,0.0,4684.5
2024-07-14 06:00:00,4611.0,6,7,4684.5,4476.0,8.84099006652832,8.84099006652832,0.0,4602.159009933472
2024-07-14 07:00:00,3940.5,6,7,4611.0,4684.5,75.90153694152832,75.90153694152832,0.0,3864.5984630584717
2024-07-14 08:00:00,3748.5,6,7,3940.5,4611.0,168.4699773788452,168.4699773788452,0.0,3580.030022621155
2024-07-14 09:00:00,3313.5,6,7,3748.5,3940.5,243.4219264984131,243.4219264984131,0.0,3070.078073501587
2024-07-14 10:00:00,2973.0,6,7,3313.5,3748.5,308.09213161468506,308.09213161468506,0.0,2664.907868385315
2024-07-14 11:00:00,2064.0,6,7,2973.0,3313.5,357.43795394897455,357.43795394897455,0.0,1706.5620460510254
2024-07-14 12:00:00,1828.5,6,7,2064.0,2973.0,335.1062679290772,335.1062679290772,0.0,1493.3937320709229
2024-07-14 13:00:00,2388.0,6,7,1828.5,2064.0,345.1588010787964,345.1588010787964,0.0,2042.8411989212036
2024-07-14 14:00:00,2785.5,6,7,2388.0,1828.5,295.7474899291992,295.7474899291992,0.0,2489.752510070801
2024-07-14 15:00:00,3180.0,6,7,2785.5,2388.0,232.64901638031006,232.64901638031006,0.0,2947.35098361969
2024-07-14 16:00:00,3118.5,6,7,3180.0,2785.5,157.92627811431885,157.92627811431885,0.0,2960.573721885681
2024-07-14 17:00:00,4368.0,6,7,3118.5,3180.0,56.84429168701172,56.84429168701172,0.0,4311.155708312988
2024-07-14 18:00:00,4279.5,6,7,4368.0,3118.5,3.241696357727051,3.241696357727051,0.0,4276.258303642273
2024-07-14 19:00:00,4149.0,6,7,4279.5,4368.0,0.0,0.0,0.0,4149.0
2024-07-14 20:00:00,4000.5,6,7,4149.0,4279.5,0.0,0.0,0.0,4000.5
2024-07-14 21:00:00,4776.0,6,7,4000.5,4149.0,0.0,0.0,0.0,4776.0
2024-07-14 22:00:00,4363.5,6,7,4776.0,4000.5,0.0,0.0,0.0,4363.5
2024-07-14 23:00:00,4288.5,6,7,4363.5,4776.0,0.0,0.0,0.0,4288.5
2024-07-15 00:00:00,4857.0,0,7,4288.5,4363.5,0.0,0.0,0.0,4857.0
2024-07-15 01:00:00,4959.0,0,7,4857.0,4288.5,0.0,0.0,0.0,4959.0
2024-07-15 02:00:00,4659.0,0,7,4959.0,4857.0,0.0,0.0,0.0,4659.0
2024-07-15 03:00:00,3579.0,0,7,4659.0,4959.0,0.0,0.0,0.0,3579.0
2024-07-15 04:00:00,4479.0,0,7,3579.0,4659.0,0.0,0.0,0.0,4479.0
2024-07-15 05:00:00,4914.0,0,7,4479.0,3579.0,0.0,0.0,0.0,4914.0
2024-07-15 06:00:00,4552.5,0,7,4914.0,4479.0,8.382568359375,8.382568359375,0.0,4544.117431640625
2024-07-15 07:00:00,4324.5,0,7,4552.5,4914.0,78.39011192321777,78.39011192321777,0.0,4246.109888076782
2024-07-15 08:00:00,3736.5,0,7,4324.5,4552.5,170.50013065338138,170.50013065338138,0.0,3565.9998693466187
2024-07-15 09:00:00,3891.0,0,7,3736.5,4324.5,275.9698677062988,275.9698677062988,0.0,3615.030132293701
2024-07-15 10:00:00,4284.0,0,7,3891.0,3736.5,329.2450189590454,329.2450189590454,0.0,3954.7549810409546
2024-07-15 11:00:00,3652.5,0,7,4284.0,3891.0,381.66881561279297,381.66881561279297,0.0,3270.831184387207
2024-07-15 12:00:00,3573.0,0,7,3652.5,4284.0,387.00615406036377,387.00615406036377,0.0,3185.9938459396362
2024-07-15 13:00:00,3663.0,0,7,3573.0,3652.5,323.5802364349365,323.5802364349365,0.0,3339.4197635650635
2024-07-15 14:00:00,3489.0,0,7,3663.0,3573.0,237.56067752838135,237.56067752838135,0.0,3251.4393224716187
2024-07-15 15:00:00,3888.0,0,7,3489.0,3663.0,177.67115592956543,177.67115592956543,0.0,3710.3288440704346
2024-07-15 16:00:00,4143.0,0,7,3888.0,3489.0,138.6398220062256,138.6398220062256,0.0,4004.3601779937744
2024-07-15 17:00:00,4003.5,0,7,4143.0,3888.0,65.88174819946289,65.88174819946289,0.0,3937.618251800537
2024-07-15 18:00:00,4605.0,0,7,4003.5,4143.0,7.072792053222656,7.072792053222656,0.0,4597.927207946777
2024-07-15 19:00:00,4053.0,0,7,4605.0,4003.5,0.0,0.0,0.0,4053.0
2024-07-15 20:00:00,4134.0,0,7,4053.0,4605.0,0.0,0.0,0.0,4134.0
2024-07-15 21:00:00,4513.5,0,7,4134.0,4053.0,0.0,0.0,0.0,4513.5
2024-07-15 22:00:00,3928.5,0,7,4513.5,4134.0,0.0,0.0,0.0,3928.5
2024-07-15 23:00:00,4455.0,0,7,3928.5,4513.5,0.0,0.0,0.0,4455.0
2024-07-16 00:00:00,3688.5,1,7,4455.0,3928.5,0.0,0.0,0.0,3688.5
2024-07-16 01:00:00,3843.0,1,7,3688.5,4455.0,0.0,0.0,0.0,3843.0
2024-07-16 02:00:00,4261.5,1,7,3843.0,3688.5,0.0,0.0,0.0,4261.5
2024-07-16 03:00:00,4570.5,1,7,4261.5,3843.0,0.0,0.0,0.0,4570.5
2024-07-16 04:00:00,4131.0,1,7,4570.5,4261.5,0.0,0.0,0.0,4131.0
2024-07-16 05:00:00,4606.5,1,7,4131.0,4570.5,0.0,0.0,0.0,4606.5
2024-07-16 06:00:00,4018.5,1,7,4606.5,4131.0,9.56136703491211,9.56136703491211,0.0,4008.938632965088
2024-07-16 07:00:00,3816.0,1,7,4018.5,4606.5,79.53616619110107,79.53616619110107,0.0,3736.463833808899
2024-07-16 08:00:00,2724.0,1,7,3816.0,4018.5,183.89259338378906,183.89259338378906,0.0,2540.107406616211
2024-07-16 09:00:00,2853.0,1,7,2724.0,3816.0,285.59672355651855,285.59672355651855,0.0,2567.4032764434814
2024-07-16 10:00:00,2745.0,1,7,2853.0,2724.0,345.9774112701416,345.9774112701416,0.0,2399.0225887298584
2024-07-16 11:00:00,3355.5,1,7,2745.0,2853.0,383.4042692184448,383.4042692184448,0.0,2972.095730781555
2024-07-16 12:00:00,3298.5,1,7,3355.5,2745.0,392.21251487731934,392.21251487731934,0.0,2906.2874851226807
2024-07-16 13:00:00,3075.0,1,7,3298.5,3355.5,377.05185413360596,377.05185413360596,0.0,2697.948145866394
2024-07-16 14:00:00,3397.5,1,7,3075.0,3298.5,334.2221689224243,334.2221689224243,0.0,3063.2778310775757
2024-07-16 15:00:00,3840.0,1,7,3397.5,3075.0,251.5097951889038,251.5097951889038,0.0,3588.490204811096
2024-07-16 16:00:00,3537.0,1,7,3840.0,3397.5,164.27869319915774,164.27869319915774,0.0,3372.7213068008423
2024-07-16 17:00:00,3835.5,1,7,3537.0,3840.0,62.4763298034668,62.4763298034668,0.0,3773.023670196533
2024-07-16 18:00:00,4213.5,1,7,3835.5,3537.0,5.402827262878418,5.402827262878418,0.0,4208.097172737122
2024-07-16 19:00:00,4114.5,1,7,4213.5,3835.5,0.0,0.0,0.0,4114.5
2024-07-16 20:00:00,4044.0,1,7,4114.5,4213.5,0.0,0.0,0.0,4044.0
2024-07-16 21:00:00,4449.0,1,7,4044.0,4114.5,0.0,0.0,0.0,4449.0
2024-07-16 22:00:00,4222.5,1,7,4449.0,4044.0,0.0,0.0,0.0,4222.5
2024-07-16 23:00:00,4309.5,1,7,4222.5,4449.0,0.0,0.0,0.0,4309.5
2024-07-17 00:00:00,4360.5,2,7,4309.5,4222.5,0.0,0.0,0.0,4360.5
2024-07-17 01:00:00,4095.0,2,7,4360.5,4309.5,0.0,0.0,0.0,4095.0
2024-07-17 02:00:00,4459.5,2,7,4095.0,4360.5,0.0,0.0,0.0,4459.5
2024-07-17 03:00:00,4320.0,2,7,4459.5,4095.0,0.0,0.0,0.0,4320.0
2024-07-17 04:00:00,4185.0,2,7,4320.0,4459.5,0.0,0.0,0.0,4185.0
2024-07-17 05:00:00,4314.0,2,7,4185.0,4320.0,0.0,0.0,0.0,4314.0
2024-07-17 06:00:00,3945.0,2,7,4314.0,4185.0,9.07020092010498,9.07020092010498,0.0,3935.929799079895
2024-07-17 07:00:00,3934.5,2,7,3945.0,4314.0,76.32721424102783,76.32721424102783,0.0,3858.172785758972
2024-07-17 08:00:00,3586.5,2,7,3934.5,3945.0,174.29848194122314,174.29848194122314,0.0,3412.201518058777
2024-07-17 09:00:00,3165.0,2,7,3586.5,3934.5,258.97552013397217,258.97552013397217,0.0,2906.024479866028
2024-07-17 10:00:00,2724.0,2,7,3165.0,3586.5,324.10414695739746,324.10414695739746,0.0,2399.8958530426025
2024-07-17 11:00:00,2326.5,2,7,2724.0,3165.0,354.49095726013184,354.49095726013184,0.0,1972.0090427398682
2024-07-17 12:00:00,1912.5,2,7,2326.5,2724.0,368.4400749206543,368.4400749206543,0.0,1544.0599250793457
2024-07-17 13:00:00,2308.5,2,7,1912.5,2326.5,346.6322994232178,346.6322994232178,0.0,1961.8677005767822
2024-07-17 14:00:00,2878.5,2,7,2308.5,1912.5,293.65184783935547,293.65184783935547,0.0,2584.8481521606445
2024-07-17 15:00:00,3631.5,2,7,2878.5,2308.5,216.66974544525146,216.66974544525146,0.0,3414.8302545547485
2024-07-17 16:00:00,3724.5,2,7,3631.5,2878.5,129.27492141723633,129.27492141723633,0.0,3595.2250785827637
2024-07-17 17:00:00,3718.5,2,7,3724.5,3631.5,32.711663246154785,32.711663246154785,0.0,3685.788336753845
2024-07-17 18:00:00,4290.0,2,7,3718.5,3724.5,4.747939109802246,4.747939109802246,0.0,4285.252060890198
2024-07-17 19:00:00,4330.5,2,7,4290.0,3718.5,0.0,0.0,0.0,4330.5
2024-07-17 20:00:00,4345.5,2,7,4330.5,4290.0,0.0,0.0,0.0,4345.5
2024-07-17 21:00:00,4288.5,2,7,4345.5,4330.5,0.0,0.0,0.0,4288.5
2024-07-17 22:00:00,4126.5,2,7,4288.5,4345.5,0.0,0.0,0.0,4126.5
2024-07-17 23:00:00,4560.0,2,7,4126.5,4288.5,0.0,0.0,0.0,4560.0
2024-07-18 00:00:00,4326.0,3,7,4560.0,4126.5,0.0,0.0,0.0,4326.0
2024-07-18 01:00:00,3174.0,3,7,4326.0,4560.0,0.0,0.0,0.0,3174.0
2024-07-18 02:00:00,2860.5,3,7,3174.0,4326.0,0.0,0.0,0.0,2860.5
2024-07-18 03:00:00,2659.5,3,7,2860.5,3174.0,0.0,0.0,0.0,2659.5
2024-07-18 04:00:00,2752.5,3,7,2659.5,2860.5,0.0,0.0,0.0,2752.5
2024-07-18 05:00:00,2961.0,3,7,2752.5,2659.5,0.0,0.0,0.0,2961.0
2024-07-18 06:00:00,2977.5,3,7,2961.0,2752.5,10.47821044921875,10.47821044921875,0.0,2967.0217895507812
2024-07-18 07:00:00,2157.0,3,7,2977.5,2961.0,73.67491722106934,73.67491722106934,0.0,2083.3250827789307
2024-07-18 08:00:00,1441.5,3,7,2157.0,2977.5,172.33381748199463,172.33381748199463,0.0,1269.1661825180054
2024-07-18 09:00:00,1527.0,3,7,1441.5,2157.0,215.06526947021484,215.06526947021484,0.0,1311.9347305297852
2024-07-18 10:00:00,1311.0,3,7,1527.0,1441.5,312.97104835510254,312.97104835510254,0.0,998.0289516448975
2024-07-18 11:00:00,1108.5,3,7,1311.0,1527.0,348.76068592071533,348.76068592071533,0.0,759.7393140792847
2024-07-18 12:00:00,1072.5,3,7,1108.5,1311.0,368.07988643646246,368.07988643646246,0.0,704.4201135635376
2024-07-18 13:00:00,1011.0,3,7,1072.5,1108.5,376.7898988723755,376.7898988723755,0.0,634.2101011276245
2024-07-18 14:00:00,1245.0,3,7,1011.0,1072.5,312.64360427856445,312.64360427856445,0.0,932.3563957214355
2024-07-18 15:00:00,1494.0,3,7,1245.0,1011.0,248.0061435699463,248.0061435699463,0.0,1245.9938564300537
2024-07-18 16:00:00,1692.0,3,7,1494.0,1245.0,131.66526317596436,131.66526317596436,0.0,1560.3347368240356
2024-07-18 17:00:00,1828.5,3,7,1692.0,1494.0,3.634629249572754,3.634629249572754,0.0,1824.8653707504272
2024-07-18 18:00:00,1992.0,3,7,1828.5,1692.0,0.0,0.0,0.0,1992.0
2024-07-18 19:00:00,1834.5,3,7,1992.0,1828.5,0.0,0.0,0.0,1834.5
2024-07-18 20:00:00,1834.5,3,7,1834.5,1992.0,0.0,0.0,0.0,1834.5
2024-07-18 21:00:00,2047.5,3,7,1834.5,1834.5,0.0,0.0,0.0,2047.5
2024-07-18 22:00:00,1270.5,3,7,2047.5,1834.5,0.0,0.0,0.0,1270.5
2024-07-18 23:00:00,1173.0,3,7,1270.5,2047.5,0.0,0.0,0.0,1173.0
2024-07-19 00:00:00,1146.0,4,7,1173.0,1270.5,0.0,0.0,0.0,1146.0
2024-07-19 01:00:00,1135.5,4,7,1146.0,1173.0,0.0,0.0,0.0,1135.5
2024-07-19 02:00:00,1084.5,4,7,1135.5,1146.0,0.0,0.0,0.0,1084.5
2024-07-19 03:00:00,1074.0,4,7,1084.5,1135.5,0.0,0.0,0.0,1074.0
2024-07-19 04:00:00,1006.5,4,7,1074.0,1084.5,0.0,0.0,0.0,1006.5
2024-07-19 05:00:00,969.0,4,7,1006.5,1074.0,0.0,0.0,0.0,969.0
2024-07-19 06:00:00,870.0,4,7,969.0,1006.5,5.239105224609375,5.239105224609375,0.0,864.7608947753906
2024-07-19 07:00:00,465.0,4,7,870.0,969.0,63.229451179504395,63.229451179504395,0.0,401.7705488204956
2024-07-19 08:00:00,30.0,4,7,465.0,870.0,152.13051795959473,30.0,122.13051795959473,0.0
2024-07-19 09:00:00,42.0,4,7,30.0,465.0,218.6998987197876,42.0,176.6998987197876,0.0
2024-07-19 10:00:00,18.0,4,7,42.0,30.0,284.31969165802,18.0,266.31969165802,0.0
2024-07-19 11:00:00,66.0,4,7,18.0,42.0,307.7974319458008,66.0,241.79743194580078,0.0
2024-07-19 12:00:00,10.5,4,7,66.0,18.0,295.5837678909302,10.5,285.0837678909302,0.0
2024-07-19 13:00:00,18.0,4,7,10.5,66.0,272.1060276031494,18.0,254.1060276031494,0.0
2024-07-19 14:00:00,90.0,4,7,18.0,10.5,315.1976680755615,90.0,225.19766807556152,0.0
2024-07-19 15:00:00,115.5,4,7,90.0,18.0,88.50813388824463,88.50813388824463,0.0,26.99186611175537
2024-07-19 16:00:00,79.5,4,7,115.5,90.0,92.17550754547118,79.5,12.675507545471177,0.0
2024-07-19 17:00:00,91.5,4,7,79.5,115.5,51.47420883178711,51.47420883178711,0.0,40.02579116821289
2024-07-19 18:00:00,135.0,4,7,91.5,79.5,5.173616409301759,5.173616409301759,0.0,129.82638359069824
2024-07-19 19:00:00,150.0,4,7,135.0,91.5,0.0,0.0,0.0,150.0
2024-07-19 20:00:00,202.5,4,7,150.0,135.0,0.0,0.0,0.0,202.5
2024-07-19 21:00:00,171.0,4,7,202.5,150.0,0.0,0.0,0.0,171.0
2024-07-19 22:00:00,204.0,4,7,171.0,202.5,0.0,0.0,0.0,204.0
2024-07-19 23:00:00,181.5,4,7,204.0,171.0,0.0,0.0,0.0,181.5
2024-07-20 00:00:00,181.5,5,7,181.5,204.0,0.0,0.0,0.0,181.5
2024-07-20 01:00:00,202.5,5,7,181.5,181.5,0.0,0.0,0.0,202.5
2024-07-20 02:00:00,187.5,5,7,202.5,181.5,0.0,0.0,0.0,187.5
2024-07-20 03:00:00,207.0,5,7,187.5,202.5,0.0,0.0,0.0,207.0
2024-07-20 04:00:00,192.0,5,7,207.0,187.5,0.0,0.0,0.0,192.0
2024-07-20 05:00:00,154.5,5,7,192.0,207.0,0.0,0.0,0.0,154.5
2024-07-20 06:00:00,126.0,5,7,154.5,192.0,5.632038116455078,5.632038116455078,0.0,120.36796188354492
2024-07-20 07:00:00,22.5,5,7,126.0,154.5,40.897765159606934,22.5,18.397765159606934,0.0
2024-07-20 08:00:00,130.5,5,7,22.5,126.0,123.0862283706665,123.0862283706665,0.0,7.413771629333496
2024-07-20 09:00:00,178.5,5,7,130.5,22.5,169.15760993957517,169.15760993957517,0.0,9.342390060424833
2024-07-20 10:00:00,57.0,5,7,178.5,130.5,286.77552223205566,57.0,229.77552223205566,0.0
2024-07-20 11:00:00,96.0,5,7,57.0,178.5,346.239366531372,96.0,250.239366531372,0.0
2024-07-20 12:00:00,1.5,5,7,96.0,57.0,327.14937686920166,1.5,325.64937686920166,0.0
2024-07-20 13:00:00,279.0,5,7,1.5,96.0,306.8150997161865,279.0,27.815099716186523,0.0
2024-07-20 14:00:00,232.5,5,7,279.0,1.5,167.6513671875,167.6513671875,0.0,64.8486328125
2024-07-20 15:00:00,276.0,5,7,232.5,279.0,169.02663230895996,169.02663230895996,0.0,106.97336769104004
2024-07-20 16:00:00,306.0,5,7,276.0,232.5,165.4902362823486,165.4902362823486,0.0,140.5097637176514
2024-07-20 17:00:00,265.5,5,7,306.0,276.0,50.95029830932617,50.95029830932617,0.0,214.54970169067383
2024-07-20 18:00:00,459.0,5,7,265.5,306.0,4.780683517456055,4.780683517456055,0.0,454.21931648254395
2024-07-20 19:00:00,222.0,5,7,459.0,265.5,0.0,0.0,0.0,222.0
2024-07-20 20:00:00,462.0,5,7,222.0,459.0,0.0,0.0,0.0,462.0
2024-07-20 21:00:00,463.5,5,7,462.0,222.0,0.0,0.0,0.0,463.5
2024-07-20 22:00:00,481.5,5,7,463.5,462.0,0.0,0.0,0.0,481.5
2024-07-20 23:00:00,312.0,5,7,481.5,463.5,0.0,0.0,0.0,312.0
2024-07-21 00:00:00,387.0,6,7,312.0,481.5,0.0,0.0,0.0,387.0
2024-07-21 01:00:00,586.5,6,7,387.0,312.0,0.0,0.0,0.0,586.5
2024-07-21 02:00:00,547.5,6,7,586.5,387.0,0.0,0.0,0.0,547.5
2024-07-21 03:00:00,474.0,6,7,547.5,586.5,0.0,0.0,0.0,474.0
2024-07-21 04:00:00,378.0,6,7,474.0,547.5,0.0,0.0,0.0,378.0
2024-07-21 05:00:00,546.0,6,7,378.0,474.0,0.0,0.0,0.0,546.0
2024-07-21 06:00:00,462.0,6,7,546.0,378.0,8.317079544067383,8.317079544067383,0.0,453.6829204559326
2024-07-21 07:00:00,139.5,6,7,462.0,546.0,57.82662391662598,57.82662391662598,0.0,81.67337608337402
2024-07-21 08:00:00,360.0,6,7,139.5,462.0,115.16208171844482,115.16208171844482,0.0,244.83791828155518
2024-07-21 09:00:00,384.0,6,7,360.0,139.5,229.53829765319824,229.53829765319824,0.0,154.46170234680176
2024-07-21 10:00:00,279.0,6,7,384.0,360.0,242.7342939376831,242.7342939376831,0.0,36.265706062316895
2024-07-21 11:00:00,78.0,6,7,279.0,384.0,267.98023223876953,78.0,189.98023223876953,0.0
2024-07-21 12:00:00,37.5,6,7,78.0,279.0,302.72204875946045,37.5,265.22204875946045,0.0
2024-07-21 13:00:00,240.0,6,7,37.5,78.0,272.95738220214844,240.0,32.95738220214844,0.0
2024-07-21 14:00:00,127.5,6,7,240.0,37.5,346.1411333084106,127.5,218.6411333084106,0.0
2024-07-21 15:00:00,238.5,6,7,127.5,240.0,265.32793521881104,238.5,26.827935218811035,0.0
2024-07-21 16:00:00,144.0,6,7,238.5,127.5,174.62592601776123,144.0,30.62592601776123,0.0
2024-07-21 17:00:00,178.5,6,7,144.0,238.5,29.76466655731201,29.76466655731201,0.0,148.735333442688
2024-07-21 18:00:00,400.5,6,7,178.5,144.0,1.3425207138061526,1.3425207138061526,0.0,399.15747928619385
2024-07-21 19:00:00,138.0,6,7,400.5,178.5,0.0,0.0,0.0,138.0
2024-07-21 20:00:00,462.0,6,7,138.0,400.5,0.0,0.0,0.0,462.0
2024-07-21 21:00:00,522.0,6,7,462.0,138.0,0.0,0.0,0.0,522.0
2024-07-21 22:00:00,574.5,6,7,522.0,462.0,0.0,0.0,0.0,574.5
2024-07-21 23:00:00,390.0,6,7,574.5,522.0,0.0,0.0,0.0,390.0
2024-07-22 00:00:00,327.0,0,7,390.0,574.5,0.0,0.0,0.0,327.0
2024-07-22 01:00:00,570.0,0,7,327.0,390.0,0.0,0.0,0.0,570.0
2024-07-22 02:00:00,498.0,0,7,570.0,327.0,0.0,0.0,0.0,498.0
2024-07-22 03:00:00,468.0,0,7,498.0,570.0,0.0,0.0,0.0,468.0
2024-07-22 04:00:00,315.0,0,7,468.0,498.0,0.0,0.0,0.0,315.0
2024-07-22 05:00:00,528.0,0,7,315.0,468.0,0.0,0.0,0.0,528.0
2024-07-22 06:00:00,490.5,0,7,528.0,315.0,9.135689735412598,9.135689735412598,0.0,481.3643102645874
2024-07-22 07:00:00,180.0,0,7,490.5,528.0,68.46855640411377,68.46855640411377,0.0,111.53144359588623
2024-07-22 08:00:00,34.5,0,7,180.0,490.5,138.2796335220337,34.5,103.77963352203369,0.0
2024-07-22 09:00:00,22.5,0,7,34.5,180.0,221.25396251678467,22.5,198.75396251678467,0.0
2024-07-22 10:00:00,9.0,0,7,22.5,34.5,247.08930015563965,9.0,238.08930015563965,0.0
2024-07-22 11:00:00,12.0,0,7,9.0,22.5,282.09307193756104,12.0,270.09307193756104,0.0
2024-07-22 12:00:00,0.0,0,7,12.0,9.0,298.59625339508057,0.0,298.59625339508057,0.0
2024-07-22 13:00:00,69.0,0,7,0.0,12.0,331.209683418274,69.0,262.209683418274,0.0
2024-07-22 14:00:00,67.5,0,7,69.0,0.0,304.0973138809204,67.5,236.5973138809204,0.0
2024-07-22 15:00:00,42.0,0,7,67.5,69.0,246.5653896331787,42.0,204.5653896331787,0.0
2024-07-22 16:00:00,27.0,0,7,42.0,67.5,167.74960041046143,27.0,140.74960041046143,0.0
2024-07-22 17:00:00,33.0,0,7,27.0,42.0,64.50648307800293,33.0,31.50648307800293,0.0
2024-07-22 18:00:00,96.0,0,7,33.0,27.0,5.108127593994141,5.108127593994141,0.0,90.89187240600586
2024-07-22 19:00:00,109.5,0,7,96.0,33.0,0.0,0.0,0.0,109.5
2024-07-22 20:00:00,126.0,0,7,109.5,96.0,0.0,0.0,0.0,126.0
2024-07-22 21:00:00,129.0,0,7,126.0,109.5,0.0,0.0,0.0,129.0
2024-07-22 22:00:00,256.5,0,7,129.0,126.0,0.0,0.0,0.0,256.5
2024-07-22 23:00:00,439.5,0,7,256.5,129.0,0.0,0.0,0.0,439.5
2024-07-23 00:00:00,376.5,1,7,439.5,256.5,0.0,0.0,0.0,376.5
2024-07-23 01:00:00,369.0,1,7,376.5,439.5,0.0,0.0,0.0,369.0
2024-07-23 02:00:00,372.0,1,7,369.0,376.5,0.0,0.0,0.0,372.0
2024-07-23 03:00:00,471.0,1,7,372.0,369.0,0.0,0.0,0.0,471.0
2024-07-23 04:00:00,619.5,1,7,471.0,372.0,0.0,0.0,0.0,619.5
2024-07-23 05:00:00,651.0,1,7,619.5,471.0,0.0,0.0,0.0,651.0
2024-07-23 06:00:00,462.0,1,7,651.0,619.5,9.463133811950684,9.463133811950684,0.0,452.5368661880493
2024-07-23 07:00:00,165.0,1,7,462.0,651.0,71.90671920776367,71.90671920776367,0.0,93.09328079223633
2024-07-23 08:00:00,16.5,1,7,165.0,462.0,123.93758296966553,16.5,107.43758296966553,0.0
2024-07-23 09:00:00,9.0,1,7,16.5,165.0,221.28670692443848,9.0,212.28670692443848,0.0
2024-07-23 10:00:00,6.0,1,7,9.0,16.5,329.47422981262207,6.0,323.47422981262207,0.0
2024-07-23 11:00:00,16.5,1,7,6.0,9.0,133.7936496734619,16.5,117.29364967346191,0.0
2024-07-23 12:00:00,13.5,1,7,16.5,6.0,82.90884017944335,13.5,69.40884017944335,0.0
2024-07-23 13:00:00,69.0,1,7,13.5,16.5,166.57080173492434,69.0,97.57080173492434,0.0
2024-07-23 14:00:00,117.0,1,7,69.0,13.5,335.7611560821534,117.0,218.76115608215338,0.0
2024-07-23 15:00:00,175.5,1,7,117.0,69.0,250.92039585113525,175.5,75.42039585113525,0.0
2024-07-23 16:00:00,189.0,1,7,175.5,117.0,172.66126155853271,172.66126155853271,0.0,16.338738441467285
2024-07-23 17:00:00,207.0,1,7,189.0,175.5,63.687872886657715,63.687872886657715,0.0,143.31212711334229
2024-07-23 18:00:00,253.5,1,7,207.0,189.0,5.042638778686523,5.042638778686523,0.0,248.45736122131348
2024-07-23 19:00:00,292.5,1,7,253.5,207.0,0.0,0.0,0.0,292.5
2024-07-23 20:00:00,349.5,1,7,292.5,253.5,0.0,0.0,0.0,349.5
2024-07-23 21:00:00,412.5,1,7,349.5,292.5,0.0,0.0,0.0,412.5
2024-07-23 22:00:00,988.5,1,7,412.5,349.5,0.0,0.0,0.0,988.5
2024-07-23 23:00:00,2047.5,1,7,988.5,412.5,0.0,0.0,0.0,2047.5
2024-07-24 00:00:00,2370.0,2,7,2047.5,988.5,0.0,0.0,0.0,2370.0
2024-07-24 01:00:00,2157.0,2,7,2370.0,2047.5,0.0,0.0,0.0,2157.0
2024-07-24 02:00:00,2020.5,2,7,2157.0,2370.0,0.0,0.0,0.0,2020.5
2024-07-24 03:00:00,2052.0,2,7,2020.5,2157.0,0.0,0.0,0.0,2052.0
2024-07-24 04:00:00,2281.5,2,7,2052.0,2020.5,0.0,0.0,0.0,2281.5
2024-07-24 05:00:00,1930.5,2,7,2281.5,2052.0,0.0,0.0,0.0,1930.5
2024-07-24 06:00:00,2278.5,2,7,1930.5,2281.5,6.450648307800293,6.450648307800293,0.0,2272.0493516921997
2024-07-24 07:00:00,1101.0,2,7,2278.5,1930.5,70.17126560211182,70.17126560211182,0.0,1030.8287343978882
2024-07-24 08:00:00,1084.5,2,7,1101.0,2278.5,161.23346328735352,161.23346328735352,0.0,923.2665367126465
2024-07-24 09:00:00,1107.0,2,7,1084.5,1101.0,279.08058643341064,279.08058643341064,0.0,827.9194135665894
2024-07-24 10:00:00,1468.5,2,7,1107.0,1084.5,334.61510181427,334.61510181427,0.0,1133.88489818573
2024-07-24 11:00:00,1087.5,2,7,1468.5,1107.0,355.145845413208,355.145845413208,0.0,732.354154586792
2024-07-24 12:00:00,1225.5,2,7,1087.5,1468.5,322.2704601287842,322.2704601287842,0.0,903.2295398712158
2024-07-24 13:00:00,1347.0,2,7,1225.5,1087.5,314.4118022918701,314.4118022918701,0.0,1032.5881977081299
2024-07-24 14:00:00,1048.5,2,7,1347.0,1225.5,326.36351108551025,326.36351108551025,0.0,722.1364889144897
2024-07-24 15:00:00,1377.0,2,7,1048.5,1347.0,254.68600273132324,254.68600273132324,0.0,1122.3139972686768
2024-07-24 16:00:00,1683.0,2,7,1377.0,1048.5,175.18258094787598,175.18258094787598,0.0,1507.817419052124
2024-07-24 17:00:00,1720.5,2,7,1683.0,1377.0,60.60989856719971,60.60989856719971,0.0,1659.8901014328003
2024-07-24 18:00:00,2073.0,2,7,1720.5,1683.0,4.977149963378906,4.977149963378906,0.0,2068.022850036621
2024-07-24 19:00:00,1872.0,2,7,2073.0,1720.5,0.0,0.0,0.0,1872.0
2024-07-24 20:00:00,1861.5,2,7,1872.0,2073.0,0.0,0.0,0.0,1861.5
2024-07-24 21:00:00,1923.0,2,7,1861.5,1872.0,0.0,0.0,0.0,1923.0
2024-07-24 22:00:00,2545.5,2,7,1923.0,1861.5,0.0,0.0,0.0,2545.5
2024-07-24 23:00:00,2127.0,2,7,2545.5,1923.0,0.0,0.0,0.0,2127.0
2024-07-25 00:00:00,2560.5,3,7,2127.0,2545.5,0.0,0.0,0.0,2560.5
2024-07-25 01:00:00,2305.5,3,7,2560.5,2127.0,0.0,0.0,0.0,2305.5
2024-07-25 02:00:00,2250.0,3,7,2305.5,2560.5,0.0,0.0,0.0,2250.0
2024-07-25 03:00:00,2343.0,3,7,2250.0,2305.5,0.0,0.0,0.0,2343.0
2024-07-25 04:00:00,2116.5,3,7,2343.0,2250.0,0.0,0.0,0.0,2116.5
2024-07-25 05:00:00,1815.0,3,7,2116.5,2343.0,0.0,0.0,0.0,1815.0
2024-07-25 06:00:00,1900.5,3,7,1815.0,2116.5,7.956891059875488,7.956891059875488,0.0,1892.5431089401245
2024-07-25 07:00:00,1294.5,3,7,1900.5,1815.0,74.59176063537598,74.59176063537598,0.0,1219.908239364624
2024-07-25 08:00:00,1173.0,3,7,1294.5,1900.5,173.54536056518555,173.54536056518555,0.0,999.4546394348145
2024-07-25 09:00:00,1291.5,3,7,1173.0,1294.5,260.41627407073975,260.41627407073975,0.0,1031.0837259292603
2024-07-25 10:00:00,922.5,3,7,1291.5,1173.0,323.25279235839844,323.25279235839844,0.0,599.2472076416016
2024-07-25 11:00:00,1024.5,3,7,922.5,1291.5,345.84643363952637,345.84643363952637,0.0,678.6535663604736
2024-07-25 12:00:00,693.0,3,7,1024.5,922.5,363.8886022567749,363.8886022567749,0.0,329.1113977432251
2024-07-25 13:00:00,1033.5,3,7,693.0,1024.5,359.4681072235108,359.4681072235108,0.0,674.0318927764893
2024-07-25 14:00:00,979.5,3,7,1033.5,693.0,316.6056776046753,316.6056776046753,0.0,662.8943223953247
2024-07-25 15:00:00,493.5,3,7,979.5,1033.5,247.44948863983154,247.44948863983154,0.0,246.05051136016846
2024-07-25 16:00:00,498.0,3,7,493.5,979.5,161.1679744720459,161.1679744720459,0.0,336.8320255279541
2024-07-25 17:00:00,456.0,3,7,498.0,493.5,23.47774028778076,23.47774028778076,0.0,432.52225971221924
2024-07-25 18:00:00,402.0,3,7,456.0,498.0,1.3425207138061526,1.3425207138061526,0.0,400.65747928619385
2024-07-25 19:00:00,453.0,3,7,402.0,456.0,0.0,0.0,0.0,453.0
2024-07-25 20:00:00,1155.0,3,7,453.0,402.0,0.0,0.0,0.0,1155.0
2024-07-25 21:00:00,2227.5,3,7,1155.0,453.0,0.0,0.0,0.0,2227.5
2024-07-25 22:00:00,2607.0,3,7,2227.5,1155.0,0.0,0.0,0.0,2607.0
2024-07-25 23:00:00,2628.0,3,7,2607.0,2227.5,0.0,0.0,0.0,2628.0
2024-07-26 00:00:00,2214.0,4,7,2628.0,2607.0,0.0,0.0,0.0,2214.0
2024-07-26 01:00:00,2196.0,4,7,2214.0,2628.0,0.0,0.0,0.0,2196.0
2024-07-26 02:00:00,2193.0,4,7,2196.0,2214.0,0.0,0.0,0.0,2193.0
2024-07-26 03:00:00,2362.5,4,7,2193.0,2196.0,0.0,0.0,0.0,2362.5
2024-07-26 04:00:00,1911.0,4,7,2362.5,2193.0,0.0,0.0,0.0,1911.0
2024-07-26 05:00:00,852.0,4,7,1911.0,2362.5,0.0,0.0,0.0,852.0
2024-07-26 06:00:00,841.5,4,7,852.0,1911.0,7.629446983337402,7.629446983337402,0.0,833.8705530166626
2024-07-26 07:00:00,723.0,4,7,841.5,852.0,80.32203197479248,80.32203197479248,0.0,642.6779680252075
2024-07-26 08:00:00,2214.0,4,7,723.0,841.5,170.63110828399658,170.63110828399658,0.0,2043.3688917160034
2024-07-26 09:00:00,3048.0,4,7,2214.0,723.0,207.59954452514648,207.59954452514648,0.0,2840.4004554748535
2024-07-26 10:00:00,2928.0,4,7,3048.0,2214.0,288.772931098938,288.772931098938,0.0,2639.227068901062
2024-07-26 11:00:00,2929.5,4,7,2928.0,3048.0,334.77882385253906,334.77882385253906,0.0,2594.721176147461
2024-07-26 12:00:00,2578.5,4,7,2929.5,2928.0,351.11828327178955,351.11828327178955,0.0,2227.3817167282104
2024-07-26 13:00:00,2451.0,4,7,2578.5,2929.5,348.04030895233154,348.04030895233154,0.0,2102.9596910476685
2024-07-26 14:00:00,2643.0,4,7,2451.0,2578.5,285.1055574417114,285.1055574417114,0.0,2357.8944425582886
2024-07-26 15:00:00,3477.0,4,7,2643.0,2451.0,239.72180843353271,239.72180843353271,0.0,3237.2781915664673
2024-07-26 16:00:00,3667.5,4,7,3477.0,2643.0,150.36231994628906,150.36231994628906,0.0,3517.137680053711
2024-07-26 17:00:00,3327.0,4,7,3667.5,3477.0,35.92061519622803,35.92061519622803,0.0,3291.079384803772
2024-07-26 18:00:00,3540.0,4,7,3327.0,3667.5,2.816019058227539,2.816019058227539,0.0,3537.1839809417725
2024-07-26 19:00:00,3337.5,4,7,3540.0,3327.0,0.0,0.0,0.0,3337.5
2024-07-26 20:00:00,3151.5,4,7,3337.5,3540.0,0.0,0.0,0.0,3151.5
2024-07-26 21:00:00,4108.5,4,7,3151.5,3337.5,0.0,0.0,0.0,4108.5
2024-07-26 22:00:00,4539.0,4,7,4108.5,3151.5,0.0,0.0,0.0,4539.0
2024-07-26 23:00:00,4378.5,4,7,4539.0,4108.5,0.0,0.0,0.0,4378.5
2024-07-27 00:00:00,4084.5,5,7,4378.5,4539.0,0.0,0.0,0.0,4084.5
2024-07-27 01:00:00,3997.5,5,7,4084.5,4378.5,0.0,0.0,0.0,3997.5
2024-07-27 02:00:00,3775.5,5,7,3997.5,4084.5,0.0,0.0,0.0,3775.5
2024-07-27 03:00:00,3645.0,5,7,3775.5,3997.5,0.0,0.0,0.0,3645.0
2024-07-27 04:00:00,4510.5,5,7,3645.0,3775.5,0.0,0.0,0.0,4510.5
2024-07-27 05:00:00,4035.0,5,7,4510.5,3645.0,0.0,0.0,0.0,4035.0
2024-07-27 06:00:00,3925.5,5,7,4035.0,4510.5,7.956891059875488,7.956891059875488,0.0,3917.5431089401245
2024-07-27 07:00:00,3313.5,5,7,3925.5,4035.0,80.58398723602295,80.58398723602295,0.0,3232.916012763977
2024-07-27 08:00:00,3447.0,5,7,3313.5,3925.5,193.2247495651245,193.2247495651245,0.0,3253.7752504348755
2024-07-27 09:00:00,3235.5,5,7,3447.0,3313.5,264.8695135116577,264.8695135116577,0.0,2970.6304864883423
2024-07-27 10:00:00,3196.5,5,7,3235.5,3447.0,323.8749361038208,323.8749361038208,0.0,2872.625063896179
2024-07-27 11:00:00,2356.5,5,7,3196.5,3235.5,353.9670467376709,353.9670467376709,0.0,2002.532953262329
2024-07-27 12:00:00,1956.0,5,7,2356.5,3196.5,346.9924879074097,346.9924879074097,0.0,1609.0075120925903
2024-07-27 13:00:00,2139.0,5,7,1956.0,2356.5,346.9597434997559,346.9597434997559,0.0,1792.0402565002441
2024-07-27 14:00:00,2494.5,5,7,2139.0,1956.0,294.8633909225464,294.8633909225464,0.0,2199.6366090774536
2024-07-27 15:00:00,3427.5,5,7,2494.5,2139.0,252.52487182617188,252.52487182617188,0.0,3174.975128173828
2024-07-27 16:00:00,4384.5,5,7,3427.5,2494.5,155.27398109436035,155.27398109436035,0.0,4229.22601890564
2024-07-27 17:00:00,4473.0,5,7,4384.5,3427.5,52.947707176208496,52.947707176208496,0.0,4420.0522928237915
2024-07-27 18:00:00,4108.5,5,7,4473.0,4384.5,4.977149963378906,4.977149963378906,0.0,4103.522850036621
2024-07-27 19:00:00,4441.5,5,7,4108.5,4473.0,0.0,0.0,0.0,4441.5
2024-07-27 20:00:00,4509.0,5,7,4441.5,4108.5,0.0,0.0,0.0,4509.0
2024-07-27 21:00:00,4096.5,5,7,4509.0,4441.5,0.0,0.0,0.0,4096.5
2024-07-27 22:00:00,3781.5,5,7,4096.5,4509.0,0.0,0.0,0.0,3781.5
2024-07-27 23:00:00,3456.0,5,7,3781.5,4096.5,0.0,0.0,0.0,3456.0
2024-07-28 00:00:00,3001.5,6,7,3456.0,3781.5,0.0,0.0,0.0,3001.5
2024-07-28 01:00:00,3469.5,6,7,3001.5,3456.0,0.0,0.0,0.0,3469.5
2024-07-28 02:00:00,3279.0,6,7,3469.5,3001.5,0.0,0.0,0.0,3279.0
2024-07-28 03:00:00,3273.0,6,7,3279.0,3469.5,0.0,0.0,0.0,3273.0
2024-07-28 04:00:00,3472.5,6,7,3273.0,3279.0,0.0,0.0,0.0,3472.5
2024-07-28 05:00:00,3465.0,6,7,3472.5,3273.0,0.0,0.0,0.0,3465.0
2024-07-28 06:00:00,3411.0,6,7,3465.0,3472.5,7.92414665222168,7.92414665222168,0.0,3403.0758533477783
2024-07-28 07:00:00,2829.0,6,7,3411.0,3465.0,70.04028797149658,70.04028797149658,0.0,2758.9597120285034
2024-07-28 08:00:00,2389.5,6,7,2829.0,3411.0,113.5576057434082,113.5576057434082,0.0,2275.942394256592
2024-07-28 09:00:00,1924.5,6,7,2389.5,2829.0,191.55478477478027,191.55478477478027,0.0,1732.9452152252197
2024-07-28 10:00:00,1297.5,6,7,1924.5,2389.5,285.56397914886475,285.56397914886475,0.0,1011.9360208511353
2024-07-28 11:00:00,1350.0,6,7,1297.5,1924.5,338.60991954803467,338.60991954803467,0.0,1011.3900804519653
2024-07-28 12:00:00,1615.5,6,7,1350.0,1297.5,343.7835359573364,343.7835359573364,0.0,1271.7164640426636
2024-07-28 13:00:00,1561.5,6,7,1615.5,1350.0,354.9493789672852,354.9493789672852,0.0,1206.5506210327148
2024-07-28 14:00:00,1657.5,6,7,1561.5,1615.5,324.03865814208984,324.03865814208984,0.0,1333.4613418579102
2024-07-28 15:00:00,1386.0,6,7,1657.5,1561.5,245.97599029541016,245.97599029541016,0.0,1140.0240097045898
2024-07-28 16:00:00,1575.0,6,7,1386.0,1657.5,129.9298095703125,129.9298095703125,0.0,1445.0701904296875
2024-07-28 17:00:00,1873.5,6,7,1575.0,1386.0,27.47255802154541,27.47255802154541,0.0,1846.0274419784546
2024-07-28 18:00:00,2203.5,6,7,1873.5,1575.0,2.0628976821899414,2.0628976821899414,0.0,2201.43710231781
2024-07-28 19:00:00,2632.5,6,7,2203.5,1873.5,0.0,0.0,0.0,2632.5
2024-07-28 20:00:00,2715.0,6,7,2632.5,2203.5,0.0,0.0,0.0,2715.0
2024-07-28 21:00:00,2682.0,6,7,2715.0,2632.5,0.0,0.0,0.0,2682.0
2024-07-28 22:00:00,2601.0,6,7,2682.0,2715.0,0.0,0.0,0.0,2601.0
2024-07-28 23:00:00,2632.5,6,7,2601.0,2682.0,0.0,0.0,0.0,2632.5
2024-07-29 00:00:00,2614.5,0,7,2632.5,2601.0,0.0,0.0,0.0,2614.5
2024-07-29 01:00:00,2628.0,0,7,2614.5,2632.5,0.0,0.0,0.0,2628.0
2024-07-29 02:00:00,2571.0,0,7,2628.0,2614.5,0.0,0.0,0.0,2571.0
2024-07-29 03:00:00,2599.5,0,7,2571.0,2628.0,0.0,0.0,0.0,2599.5
2024-07-29 04:00:00,2419.5,0,7,2599.5,2571.0,0.0,0.0,0.0,2419.5
2024-07-29 05:00:00,2634.0,0,7,2419.5,2599.5,0.0,0.0,0.0,2634.0
2024-07-29 06:00:00,2557.5,0,7,2634.0,2419.5,8.218846321105957,8.218846321105957,0.0,2549.281153678894
2024-07-29 07:00:00,2437.5,0,7,2557.5,2634.0,66.96231365203857,66.96231365203857,0.0,2370.5376863479614
2024-07-29 08:00:00,2385.0,0,7,2437.5,2557.5,180.81461906433105,180.81461906433105,0.0,2204.185380935669
2024-07-29 09:00:00,2127.0,0,7,2385.0,2437.5,223.74253749847412,223.74253749847412,0.0,1903.2574625015259
2024-07-29 10:00:00,2064.0,0,7,2127.0,2385.0,267.7837657928467,267.7837657928467,0.0,1796.2162342071533
2024-07-29 11:00:00,1341.0,0,7,2064.0,2127.0,185.00590324401853,185.00590324401853,0.0,1155.9940967559814
2024-07-29 12:00:00,1143.0,0,7,1341.0,2064.0,312.545371055603,312.545371055603,0.0,830.454628944397
2024-07-29 13:00:00,1236.0,0,7,1143.0,1341.0,283.66480350494385,283.66480350494385,0.0,952.3351964950562
2024-07-29 14:00:00,1545.0,0,7,1236.0,1143.0,248.69377613067627,248.69377613067627,0.0,1296.3062238693237
2024-07-29 15:00:00,1588.5,0,7,1545.0,1236.0,224.23370361328125,224.23370361328125,0.0,1364.2662963867188
2024-07-29 16:00:00,2370.0,0,7,1588.5,1545.0,162.64147281646729,162.64147281646729,0.0,2207.3585271835327
2024-07-29 17:00:00,2481.0,0,7,2370.0,1588.5,28.225679397583008,28.225679397583008,0.0,2452.774320602417
2024-07-29 18:00:00,2664.0,0,7,2481.0,2370.0,0.9495878219604492,0.9495878219604492,0.0,2663.0504121780396
2024-07-29 19:00:00,2688.0,0,7,2664.0,2481.0,0.0,0.0,0.0,2688.0
2024-07-29 20:00:00,2332.5,0,7,2688.0,2664.0,0.0,0.0,0.0,2332.5
2024-07-29 21:00:00,2634.0,0,7,2332.5,2688.0,0.0,0.0,0.0,2634.0
2024-07-29 22:00:00,2656.5,0,7,2634.0,2332.5,0.0,0.0,0.0,2656.5
2024-07-29 23:00:00,2691.0,0,7,2656.5,2634.0,0.0,0.0,0.0,2691.0
2024-07-30 00:00:00,2626.5,1,7,2691.0,2656.5,0.0,0.0,0.0,2626.5
2024-07-30 01:00:00,2538.0,1,7,2626.5,2691.0,0.0,0.0,0.0,2538.0
2024-07-30 02:00:00,2544.0,1,7,2538.0,2626.5,0.0,0.0,0.0,2544.0
2024-07-30 03:00:00,2437.5,1,7,2544.0,2538.0,0.0,0.0,0.0,2437.5
2024-07-30 04:00:00,2382.0,1,7,2437.5,2544.0,0.0,0.0,0.0,2382.0
2024-07-30 05:00:00,2487.0,1,7,2382.0,2437.5,0.0,0.0,0.0,2487.0
2024-07-30 06:00:00,1312.5,1,7,2487.0,2382.0,8.906478881835938,8.906478881835938,0.0,1303.593521118164
2024-07-30 07:00:00,627.0,1,7,1312.5,2487.0,66.14370346069336,66.14370346069336,0.0,560.8562965393066
2024-07-30 08:00:00,99.0,1,7,627.0,1312.5,161.8883514404297,99.0,62.88835144042969,0.0
2024-07-30 09:00:00,27.0,1,7,99.0,627.0,246.5653896331787,27.0,219.5653896331787,0.0
2024-07-30 10:00:00,15.0,1,7,27.0,99.0,282.2567939758301,15.0,267.2567939758301,0.0
2024-07-30 11:00:00,18.0,1,7,15.0,27.0,313.6586809158325,18.0,295.6586809158325,0.0
2024-07-30 12:00:00,3.0,1,7,18.0,15.0,257.5020217895508,3.0,254.50202178955078,0.0
2024-07-30 13:00:00,7.5,1,7,3.0,18.0,267.75102138519287,7.5,260.25102138519287,0.0
2024-07-30 14:00:00,18.0,1,7,7.5,3.0,312.61085987091064,18.0,294.61085987091064,0.0
2024-07-30 15:00:00,19.5,1,7,18.0,7.5,272.1060276031494,19.5,252.6060276031494,0.0
2024-07-30 16:00:00,51.0,1,7,19.5,18.0,182.58281707763672,51.0,131.58281707763672,0.0
2024-07-30 17:00:00,183.0,1,7,51.0,19.5,62.541818618774414,62.541818618774414,0.0,120.45818138122559
2024-07-30 18:00:00,258.0,1,7,183.0,51.0,4.289517402648926,4.289517402648926,0.0,253.71048259735107
2024-07-30 19:00:00,255.0,1,7,258.0,183.0,0.0,0.0,0.0,255.0
2024-07-30 20:00:00,261.0,1,7,255.0,258.0,0.0,0.0,0.0,261.0
2024-07-30 21:00:00,270.0,1,7,261.0,255.0,0.0,0.0,0.0,270.0
2024-07-30 22:00:00,1393.5,1,7,270.0,261.0,0.0,0.0,0.0,1393.5
2024-07-30 23:00:00,1927.5,1,7,1393.5,270.0,0.0,0.0,0.0,1927.5
2024-07-31 00:00:00,1887.0,2,7,1927.5,1393.5,0.0,0.0,0.0,1887.0
2024-07-31 01:00:00,1419.0,2,7,1887.0,1927.5,0.0,0.0,0.0,1419.0
2024-07-31 02:00:00,1506.0,2,7,1419.0,1887.0,0.0,0.0,0.0,1506.0
2024-07-31 03:00:00,1944.0,2,7,1506.0,1419.0,0.0,0.0,0.0,1944.0
2024-07-31 04:00:00,1828.5,2,7,1944.0,1506.0,0.0,0.0,0.0,1828.5
2024-07-31 05:00:00,1615.5,2,7,1828.5,1944.0,0.0,0.0,0.0,1615.5
2024-07-31 06:00:00,2071.5,2,7,1615.5,1828.5,8.415312767028809,8.415312767028809,0.0,2063.084687232971
2024-07-31 07:00:00,2112.0,2,7,2071.5,1615.5,34.74181652069092,34.74181652069092,0.0,2077.258183479309
2024-07-31 08:00:00,2503.5,2,7,2112.0,2071.5,59.20188903808594,59.20188903808594,0.0,2444.298110961914
2024-07-31 09:00:00,2902.5,2,7,2503.5,2112.0,140.86644172668457,140.86644172668457,0.0,2761.6335582733154
2024-07-31 10:00:00,2278.5,2,7,2902.5,2503.5,218.60166549682617,218.60166549682617,0.0,2059.898334503174
2024-07-31 11:00:00,1915.5,2,7,2278.5,2902.5,294.01203632354736,294.01203632354736,0.0,1621.4879636764526
2024-07-31 12:00:00,2460.0,2,7,1915.5,2278.5,283.1408929824829,283.1408929824829,0.0,2176.859107017517
2024-07-31 13:00:00,2650.5,2,7,2460.0,1915.5,309.6966075897217,309.6966075897217,0.0,2340.8033924102783
2024-07-31 14:00:00,3210.0,2,7,2650.5,2460.0,293.4553813934326,293.4553813934326,0.0,2916.5446186065674
2024-07-31 15:00:00,3208.5,2,7,3210.0,2650.5,155.27398109436035,155.27398109436035,0.0,3053.2260189056396
2024-07-31 16:00:00,3525.0,2,7,3208.5,3210.0,74.78822708129883,74.78822708129883,0.0,3450.211772918701
2024-07-31 17:00:00,3877.5,2,7,3525.0,3208.5,0.6876325607299804,0.6876325607299804,0.0,3876.81236743927
2024-07-31 18:00:00,4474.5,2,7,3877.5,3525.0,0.0,0.0,0.0,4474.5
2024-07-31 19:00:00,4090.5,2,7,4474.5,3877.5,0.0,0.0,0.0,4090.5
2024-07-31 20:00:00,4039.5,2,7,4090.5,4474.5,0.0,0.0,0.0,4039.5
2024-07-31 21:00:00,4405.5,2,7,4039.5,4090.5,0.0,0.0,0.0,4405.5
2024-07-31 22:00:00,3639.0,2,7,4405.5,4039.5,0.0,0.0,0.0,3639.0
2024-07-31 23:00:00,3730.5,2,7,3639.0,4405.5,0.0,0.0,0.0,3730.5
2024-08-01 00:00:00,4008.0,3,8,3730.5,3639.0,0.0,0.0,0.0,4008.0
2024-08-01 01:00:00,4170.0,3,8,4008.0,3730.5,0.0,0.0,0.0,4170.0
2024-08-01 02:00:00,4284.0,3,8,4170.0,4008.0,0.0,0.0,0.0,4284.0
2024-08-01 03:00:00,4051.5,3,8,4284.0,4170.0,0.0,0.0,0.0,4051.5
2024-08-01 04:00:00,4260.0,3,8,4051.5,4284.0,0.0,0.0,0.0,4260.0
2024-08-01 05:00:00,4185.0,3,8,4260.0,4051.5,0.0,0.0,0.0,4185.0
2024-08-01 06:00:00,3987.0,3,8,4185.0,4260.0,8.349823951721191,8.349823951721191,0.0,3978.650176048279
2024-08-01 07:00:00,3166.5,3,8,3987.0,4185.0,16.699647903442383,16.699647903442383,0.0,3149.8003520965576
2024-08-01 08:00:00,3003.0,3,8,3166.5,3987.0,128.48905563354492,128.48905563354492,0.0,2874.510944366455
2024-08-01 09:00:00,2917.5,3,8,3003.0,3166.5,233.5331153869629,233.5331153869629,0.0,2683.966884613037
2024-08-01 10:00:00,2329.5,3,8,2917.5,3003.0,288.5109758377075,288.5109758377075,0.0,2040.9890241622925
2024-08-01 11:00:00,2440.5,3,8,2329.5,2917.5,410.18919467926025,410.18919467926025,0.0,2030.3108053207397
2024-08-01 12:00:00,2821.5,3,8,2440.5,2329.5,324.693546295166,324.693546295166,0.0,2496.806453704834
2024-08-01 13:00:00,3111.0,3,8,2821.5,2440.5,332.5194597244263,332.5194597244263,0.0,2778.4805402755737
2024-08-01 14:00:00,3901.5,3,8,3111.0,2821.5,143.51873874664307,143.51873874664307,0.0,3757.981261253357
2024-08-01 15:00:00,3564.0,3,8,3901.5,3111.0,115.52227020263672,115.52227020263672,0.0,3448.4777297973633
2024-08-01 16:00:00,3456.0,3,8,3564.0,3901.5,7.007303237915039,7.007303237915039,0.0,3448.992696762085
2024-08-01 17:00:00,3732.0,3,8,3456.0,3564.0,1.538987159729004,1.538987159729004,0.0,3730.461012840271
2024-08-01 18:00:00,4182.0,3,8,3732.0,3456.0,0.0,0.0,0.0,4182.0
2024-08-01 19:00:00,4243.5,3,8,4182.0,3732.0,0.0,0.0,0.0,4243.5
2024-08-01 20:00:00,4357.5,3,8,4243.5,4182.0,0.0,0.0,0.0,4357.5
2024-08-01 21:00:00,4485.0,3,8,4357.5,4243.5,0.0,0.0,0.0,4485.0
2024-08-01 22:00:00,3658.5,3,8,4485.0,4357.5,0.0,0.0,0.0,3658.5
2024-08-01 23:00:00,4074.0,3,8,3658.5,4485.0,0.0,0.0,0.0,4074.0
2024-08-02 00:00:00,4083.0,4,8,4074.0,3658.5,0.0,0.0,0.0,4083.0
2024-08-02 01:00:00,3469.5,4,8,4083.0,4074.0,0.0,0.0,0.0,3469.5
2024-08-02 02:00:00,3550.5,4,8,3469.5,4083.0,0.0,0.0,0.0,3550.5
2024-08-02 03:00:00,3516.0,4,8,3550.5,3469.5,0.0,0.0,0.0,3516.0
2024-08-02 04:00:00,3735.0,4,8,3516.0,3550.5,0.0,0.0,0.0,3735.0
2024-08-02 05:00:00,4008.0,4,8,3735.0,3516.0,0.0,0.0,0.0,4008.0
2024-08-02 06:00:00,3918.0,4,8,4008.0,3735.0,7.956891059875488,7.956891059875488,0.0,3910.0431089401245
2024-08-02 07:00:00,3696.0,4,8,3918.0,4008.0,64.67020511627197,64.67020511627197,0.0,3631.329794883728
2024-08-02 08:00:00,3399.0,4,8,3696.0,3918.0,90.70200920104982,90.70200920104982,0.0,3308.29799079895
2024-08-02 09:00:00,2434.5,4,8,3399.0,3696.0,230.65160751342773,230.65160751342773,0.0,2203.8483924865723
2024-08-02 10:00:00,2511.0,4,8,2434.5,3399.0,263.7234592437744,263.7234592437744,0.0,2247.2765407562256
2024-08-02 11:00:00,2178.0,4,8,2511.0,2434.5,303.50791454315186,303.50791454315186,0.0,1874.4920854568481
2024-08-02 12:00:00,2505.0,4,8,2178.0,2511.0,302.78753757476807,302.78753757476807,0.0,2202.212462425232
2024-08-02 13:00:00,2785.5,4,8,2505.0,2178.0,302.29637145996094,302.29637145996094,0.0,2483.203628540039
2024-08-02 14:00:00,2206.5,4,8,2785.5,2505.0,242.14489459991455,242.14489459991455,0.0,1964.3551054000854
2024-08-02 15:00:00,2854.5,4,8,2206.5,2785.5,159.6289873123169,159.6289873123169,0.0,2694.871012687683
2024-08-02 16:00:00,4392.0,4,8,2854.5,2206.5,157.729811668396,157.729811668396,0.0,4234.270188331604
2024-08-02 17:00:00,3655.5,4,8,4392.0,2854.5,64.4082498550415,64.4082498550415,0.0,3591.0917501449585
2024-08-02 18:00:00,4563.0,4,8,3655.5,4392.0,3.4381628036499023,3.4381628036499023,0.0,4559.56183719635
2024-08-02 19:00:00,4075.5,4,8,4563.0,3655.5,0.0,0.0,0.0,4075.5
2024-08-02 20:00:00,3961.5,4,8,4075.5,4563.0,0.0,0.0,0.0,3961.5
2024-08-02 21:00:00,4575.0,4,8,3961.5,4075.5,0.0,0.0,0.0,4575.0
2024-08-02 22:00:00,4074.0,4,8,4575.0,3961.5,0.0,0.0,0.0,4074.0
2024-08-02 23:00:00,3630.0,4,8,4074.0,4575.0,0.0,0.0,0.0,3630.0
2024-08-03 00:00:00,4278.0,5,8,3630.0,4074.0,0.0,0.0,0.0,4278.0
2024-08-03 01:00:00,4365.0,5,8,4278.0,3630.0,0.0,0.0,0.0,4365.0
2024-08-03 02:00:00,4003.5,5,8,4365.0,4278.0,0.0,0.0,0.0,4003.5
2024-08-03 03:00:00,4128.0,5,8,4003.5,4365.0,0.0,0.0,0.0,4128.0
2024-08-03 04:00:00,3718.5,5,8,4128.0,4003.5,0.0,0.0,0.0,3718.5
2024-08-03 05:00:00,4314.0,5,8,3718.5,4128.0,0.0,0.0,0.0,4314.0
2024-08-03 06:00:00,4228.5,5,8,4314.0,3718.5,3.1762075424194336,3.1762075424194336,0.0,4225.323792457581
2024-08-03 07:00:00,3256.5,5,8,4228.5,4314.0,36.11708164215088,36.11708164215088,0.0,3220.382918357849
2024-08-03 08:00:00,3339.0,5,8,3256.5,4228.5,124.91991519927979,124.91991519927979,0.0,3214.08008480072
2024-08-03 09:00:00,3492.0,5,8,3339.0,3256.5,160.54583072662354,160.54583072662354,0.0,3331.4541692733765
2024-08-03 10:00:00,2941.5,5,8,3492.0,3339.0,172.00637340545654,172.00637340545654,0.0,2769.4936265945435
2024-08-03 11:00:00,2553.0,5,8,2941.5,3492.0,264.24736976623535,264.24736976623535,0.0,2288.7526302337646
2024-08-03 12:00:00,1765.5,5,8,2553.0,2941.5,321.45184993743896,321.45184993743896,0.0,1444.048150062561
2024-08-03 13:00:00,2358.0,5,8,1765.5,2553.0,327.08388805389404,327.08388805389404,0.0,2030.916111946106
2024-08-03 14:00:00,3471.0,5,8,2358.0,1765.5,299.70956325531006,299.70956325531006,0.0,3171.29043674469
2024-08-03 15:00:00,2952.0,5,8,3471.0,2358.0,186.38116836547854,186.38116836547854,0.0,2765.6188316345215
2024-08-03 16:00:00,3777.0,5,8,2952.0,3471.0,182.61556148529053,182.61556148529053,0.0,3594.3844385147095
2024-08-03 17:00:00,3402.0,5,8,3777.0,2952.0,65.88174819946289,65.88174819946289,0.0,3336.118251800537
2024-08-03 18:00:00,4053.0,5,8,3402.0,3777.0,3.0124855041503906,3.0124855041503906,0.0,4049.9875144958496
2024-08-03 19:00:00,4158.0,5,8,4053.0,3402.0,0.0,0.0,0.0,4158.0
2024-08-03 20:00:00,3942.0,5,8,4158.0,4053.0,0.0,0.0,0.0,3942.0
2024-08-03 21:00:00,4528.5,5,8,3942.0,4158.0,0.0,0.0,0.0,4528.5
2024-08-03 22:00:00,3637.5,5,8,4528.5,3942.0,0.0,0.0,0.0,3637.5
2024-08-03 23:00:00,3687.0,5,8,3637.5,4528.5,0.0,0.0,0.0,3687.0
2024-08-04 00:00:00,3861.0,6,8,3687.0,3637.5,0.0,0.0,0.0,3861.0
2024-08-04 01:00:00,4123.5,6,8,3861.0,3687.0,0.0,0.0,0.0,4123.5
2024-08-04 02:00:00,4413.0,6,8,4123.5,3861.0,0.0,0.0,0.0,4413.0
2024-08-04 03:00:00,4447.5,6,8,4413.0,4123.5,0.0,0.0,0.0,4447.5
2024-08-04 04:00:00,4119.0,6,8,4447.5,4413.0,0.0,0.0,0.0,4119.0
2024-08-04 05:00:00,3822.0,6,8,4119.0,4447.5,0.0,0.0,0.0,3822.0
2024-08-04 06:00:00,4033.5,6,8,3822.0,4119.0,8.186101913452148,8.186101913452148,0.0,4025.313898086548
2024-08-04 07:00:00,3100.5,6,8,4033.5,3822.0,59.955010414123535,59.955010414123535,0.0,3040.5449895858765
2024-08-04 08:00:00,2500.5,6,8,3100.5,4033.5,66.79859161376953,66.79859161376953,0.0,2433.7014083862305
2024-08-04 09:00:00,1065.0,6,8,2500.5,3100.5,245.15738010406494,245.15738010406494,0.0,819.8426198959351
2024-08-04 10:00:00,1270.5,6,8,1065.0,2500.5,372.1729373931885,372.1729373931885,0.0,898.3270626068115
2024-08-04 11:00:00,1606.5,6,8,1270.5,1065.0,413.6928462982178,413.6928462982178,0.0,1192.8071537017822
2024-08-04 12:00:00,1813.5,6,8,1606.5,1270.5,315.72157859802246,315.72157859802246,0.0,1497.7784214019775
2024-08-04 13:00:00,1686.0,6,8,1813.5,1606.5,326.068811416626,326.068811416626,0.0,1359.931188583374
2024-08-04 14:00:00,1948.5,6,8,1686.0,1813.5,306.389422416687,306.389422416687,0.0,1642.110577583313
2024-08-04 15:00:00,2562.0,6,8,1948.5,1686.0,191.6857624053955,191.6857624053955,0.0,2370.3142375946045
2024-08-04 16:00:00,3123.0,6,8,2562.0,1948.5,121.21979713439941,121.21979713439941,0.0,3001.7802028656006
2024-08-04 17:00:00,3679.5,6,8,3123.0,2562.0,59.16914463043213,59.16914463043213,0.0,3620.330855369568
2024-08-04 18:00:00,4291.5,6,8,3679.5,3123.0,4.158539772033691,4.158539772033691,0.0,4287.341460227966
2024-08-04 19:00:00,4053.0,6,8,4291.5,3679.5,0.0,0.0,0.0,4053.0
2024-08-04 20:00:00,3970.5,6,8,4053.0,4291.5,0.0,0.0,0.0,3970.5
2024-08-04 21:00:00,3972.0,6,8,3970.5,4053.0,0.0,0.0,0.0,3972.0
2024-08-04 22:00:00,3690.0,6,8,3972.0,3970.5,0.0,0.0,0.0,3690.0
2024-08-04 23:00:00,3859.5,6,8,3690.0,3972.0,0.0,0.0,0.0,3859.5
2024-08-05 00:00:00,4134.0,0,8,3859.5,3690.0,0.0,0.0,0.0,4134.0
2024-08-05 01:00:00,4498.5,0,8,4134.0,3859.5,0.0,0.0,0.0,4498.5
2024-08-05 02:00:00,4056.0,0,8,4498.5,4134.0,0.0,0.0,0.0,4056.0
2024-08-05 03:00:00,4281.0,0,8,4056.0,4498.5,0.0,0.0,0.0,4281.0
2024-08-05 04:00:00,4228.5,0,8,4281.0,4056.0,0.0,0.0,0.0,4228.5
2024-08-05 05:00:00,3360.0,0,8,4228.5,4281.0,0.0,0.0,0.0,3360.0
2024-08-05 06:00:00,2605.5,0,8,3360.0,4228.5,7.793169021606445,7.793169021606445,0.0,2597.7068309783936
2024-08-05 07:00:00,2259.0,0,8,2605.5,3360.0,57.95760154724121,57.95760154724121,0.0,2201.042398452759
2024-08-05 08:00:00,1665.0,0,8,2259.0,2605.5,136.21673583984375,136.21673583984375,0.0,1528.7832641601562
2024-08-05 09:00:00,1203.0,0,8,1665.0,2259.0,212.34748363494873,212.34748363494873,0.0,990.6525163650513
2024-08-05 10:00:00,1213.5,0,8,1203.0,1665.0,201.83652877807617,201.83652877807617,0.0,1011.6634712219238
2024-08-05 11:00:00,1194.0,0,8,1213.5,1203.0,227.67186641693115,227.67186641693115,0.0,966.3281335830688
2024-08-05 12:00:00,1149.0,0,8,1194.0,1213.5,259.5649194717407,259.5649194717407,0.0,889.4350805282593
2024-08-05 13:00:00,1620.0,0,8,1149.0,1194.0,230.1931858062744,230.1931858062744,0.0,1389.8068141937256
2024-08-05 14:00:00,1615.5,0,8,1620.0,1149.0,230.094952583313,230.094952583313,0.0,1385.405047416687
2024-08-05 15:00:00,2272.5,0,8,1615.5,1620.0,288.60920906066895,288.60920906066895,0.0,1983.890790939331
2024-08-05 16:00:00,1794.0,0,8,2272.5,1615.5,139.0982437133789,139.0982437133789,0.0,1654.901756286621
2024-08-05 17:00:00,2238.0,0,8,1794.0,2272.5,1.047821044921875,1.047821044921875,0.0,2236.952178955078
2024-08-05 18:00:00,2295.0,0,8,2238.0,1794.0,2.4558305740356445,2.4558305740356445,0.0,2292.5441694259644
2024-08-05 19:00:00,2629.5,0,8,2295.0,2238.0,0.0,0.0,0.0,2629.5
2024-08-05 20:00:00,2739.0,0,8,2629.5,2295.0,0.0,0.0,0.0,2739.0
2024-08-05 21:00:00,2761.5,0,8,2739.0,2629.5,0.0,0.0,0.0,2761.5
2024-08-05 22:00:00,1914.0,0,8,2761.5,2739.0,0.0,0.0,0.0,1914.0
2024-08-05 23:00:00,2652.0,0,8,1914.0,2761.5,0.0,0.0,0.0,2652.0
2024-08-06 00:00:00,2680.5,1,8,2652.0,1914.0,0.0,0.0,0.0,2680.5
2024-08-06 01:00:00,2607.0,1,8,2680.5,2652.0,0.0,0.0,0.0,2607.0
2024-08-06 02:00:00,2595.0,1,8,2607.0,2680.5,0.0,0.0,0.0,2595.0
2024-08-06 03:00:00,2589.0,1,8,2595.0,2607.0,0.0,0.0,0.0,2589.0
2024-08-06 04:00:00,2322.0,1,8,2589.0,2595.0,0.0,0.0,0.0,2322.0
2024-08-06 05:00:00,2196.0,1,8,2322.0,2589.0,0.0,0.0,0.0,2196.0
2024-08-06 06:00:00,2566.5,1,8,2196.0,2322.0,3.8965845108032227,3.8965845108032227,0.0,2562.603415489197
2024-08-06 07:00:00,2253.0,1,8,2566.5,2196.0,53.176918029785156,53.176918029785156,0.0,2199.823081970215
2024-08-06 08:00:00,1590.0,1,8,2253.0,2566.5,110.05395412445068,110.05395412445068,0.0,1479.9460458755493
2024-08-06 09:00:00,1456.5,1,8,1590.0,2253.0,182.35360622406003,182.35360622406003,0.0,1274.14639377594
2024-08-06 10:00:00,915.0,1,8,1456.5,1590.0,254.1948366165161,254.1948366165161,0.0,660.8051633834839
2024-08-06 11:00:00,1291.5,1,8,915.0,1456.5,291.5889501571655,291.5889501571655,0.0,999.9110498428345
2024-08-06 12:00:00,754.5,1,8,1291.5,915.0,261.26762866973877,261.26762866973877,0.0,493.23237133026123
2024-08-06 13:00:00,868.5,1,8,754.5,1291.5,245.97599029541016,245.97599029541016,0.0,622.5240097045898
2024-08-06 14:00:00,1080.0,1,8,868.5,754.5,295.15809059143066,295.15809059143066,0.0,784.8419094085693
2024-08-06 15:00:00,1057.5,1,8,1080.0,868.5,282.12581634521484,282.12581634521484,0.0,775.3741836547852
2024-08-06 16:00:00,1924.5,1,8,1057.5,1080.0,123.64288330078125,123.64288330078125,0.0,1800.8571166992188
2024-08-06 17:00:00,2604.0,1,8,1924.5,1057.5,30.681509971618652,30.681509971618652,0.0,2573.3184900283813
2024-08-06 18:00:00,2796.0,1,8,2604.0,1924.5,1.1787986755371094,1.1787986755371094,0.0,2794.821201324463
2024-08-06 19:00:00,2818.5,1,8,2796.0,2604.0,0.0,0.0,0.0,2818.5
2024-08-06 20:00:00,2827.5,1,8,2818.5,2796.0,0.0,0.0,0.0,2827.5
2024-08-06 21:00:00,2326.5,1,8,2827.5,2818.5,0.0,0.0,0.0,2326.5
2024-08-06 22:00:00,2500.5,1,8,2326.5,2827.5,0.0,0.0,0.0,2500.5
2024-08-06 23:00:00,1474.5,1,8,2500.5,2326.5,0.0,0.0,0.0,1474.5
2024-08-07 00:00:00,1377.0,2,8,1474.5,2500.5,0.0,0.0,0.0,1377.0
2024-08-07 01:00:00,1273.5,2,8,1377.0,1474.5,0.0,0.0,0.0,1273.5
2024-08-07 02:00:00,1354.5,2,8,1273.5,1377.0,0.0,0.0,0.0,1354.5
2024-08-07 03:00:00,1339.5,2,8,1354.5,1273.5,0.0,0.0,0.0,1339.5
2024-08-07 04:00:00,1243.5,2,8,1339.5,1354.5,0.0,0.0,0.0,1243.5
2024-08-07 05:00:00,1270.5,2,8,1243.5,1339.5,0.0,0.0,0.0,1270.5
2024-08-07 06:00:00,1164.0,2,8,1270.5,1243.5,5.795760154724121,5.795760154724121,0.0,1158.2042398452759
2024-08-07 07:00:00,130.5,2,8,1164.0,1270.5,3.700118064880371,3.700118064880371,0.0,126.79988193511963
2024-08-07 08:00:00,982.5,2,8,130.5,1164.0,12.704830169677734,12.704830169677734,0.0,969.7951698303223
2024-08-07 09:00:00,1036.5,2,8,982.5,130.5,26.09729290008545,26.09729290008545,0.0,1010.4027070999146
2024-08-07 10:00:00,871.5,2,8,1036.5,982.5,38.998589515686035,38.998589515686035,0.0,832.501410484314
2024-08-07 11:00:00,993.0,2,8,871.5,1036.5,44.89258289337158,44.89258289337158,0.0,948.1074171066284
2024-08-07 12:00:00,597.0,2,8,993.0,871.5,42.993407249450684,42.993407249450684,0.0,554.0065927505493
2024-08-07 13:00:00,1245.0,2,8,597.0,993.0,36.411781311035156,36.411781311035156,0.0,1208.5882186889648
2024-08-07 14:00:00,1495.5,2,8,1245.0,597.0,27.832746505737305,27.832746505737305,0.0,1467.6672534942627
2024-08-07 15:00:00,1543.5,2,8,1495.5,1245.0,17.125325202941895,17.125325202941895,0.0,1526.374674797058
2024-08-07 16:00:00,1513.5,2,8,1543.5,1495.5,7.793169021606445,7.793169021606445,0.0,1505.7068309783936
2024-08-07 17:00:00,1519.5,2,8,1513.5,1543.5,2.32485294342041,2.32485294342041,0.0,1517.1751470565796
2024-08-07 18:00:00,2076.0,2,8,1519.5,1513.5,0.0,0.0,0.0,2076.0
2024-08-07 19:00:00,2071.5,2,8,2076.0,1519.5,0.0,0.0,0.0,2071.5
2024-08-07 20:00:00,2076.0,2,8,2071.5,2076.0,0.0,0.0,0.0,2076.0
2024-08-07 21:00:00,1848.0,2,8,2076.0,2071.5,0.0,0.0,0.0,1848.0
2024-08-07 22:00:00,1885.5,2,8,1848.0,2076.0,0.0,0.0,0.0,1885.5
2024-08-07 23:00:00,2001.0,2,8,1885.5,1848.0,0.0,0.0,0.0,2001.0
2024-08-08 00:00:00,1989.0,3,8,2001.0,1885.5,0.0,0.0,0.0,1989.0
2024-08-08 01:00:00,1927.5,3,8,1989.0,2001.0,0.0,0.0,0.0,1927.5
2024-08-08 02:00:00,2118.0,3,8,1927.5,1989.0,0.0,0.0,0.0,2118.0
2024-08-08 03:00:00,1770.0,3,8,2118.0,1927.5,0.0,0.0,0.0,1770.0
2024-08-08 04:00:00,1864.5,3,8,1770.0,2118.0,0.0,0.0,0.0,1864.5
2024-08-08 05:00:00,1905.0,3,8,1864.5,1770.0,0.0,0.0,0.0,1905.0
2024-08-08 06:00:00,2023.5,3,8,1905.0,1864.5,0.0,0.0,0.0,2023.5
2024-08-08 07:00:00,1338.0,3,8,2023.5,1905.0,26.195526123046875,26.195526123046875,0.0,1311.8044738769531
2024-08-08 08:00:00,1317.0,3,8,1338.0,2023.5,62.37809658050537,62.37809658050537,0.0,1254.6219034194946
2024-08-08 09:00:00,942.0,3,8,1317.0,1338.0,98.52792263031006,98.52792263031006,0.0,843.4720773696899
2024-08-08 10:00:00,780.0,3,8,942.0,1317.0,127.04830169677734,127.04830169677734,0.0,652.9516983032227
2024-08-08 11:00:00,540.0,3,8,780.0,942.0,143.94441604614258,143.94441604614258,0.0,396.0555839538574
2024-08-08 12:00:00,657.0,3,8,540.0,780.0,148.79058837890625,148.79058837890625,0.0,508.20941162109375
2024-08-08 13:00:00,993.0,3,8,657.0,540.0,141.61956310272217,141.61956310272217,0.0,851.3804368972778
2024-08-08 14:00:00,1320.0,3,8,993.0,657.0,122.72603988647461,122.72603988647461,0.0,1197.2739601135254
2024-08-08 15:00:00,1152.0,3,8,1320.0,993.0,92.43746280670166,92.43746280670166,0.0,1059.5625371932983
2024-08-08 16:00:00,1582.5,3,8,1152.0,1320.0,55.992937088012695,55.992937088012695,0.0,1526.5070629119873
2024-08-08 17:00:00,2002.5,3,8,1582.5,1152.0,21.316609382629398,21.316609382629398,0.0,1981.1833906173706
2024-08-08 18:00:00,1927.5,3,8,2002.5,1582.5,0.0,0.0,0.0,1927.5
2024-08-08 19:00:00,1917.0,3,8,1927.5,2002.5,0.0,0.0,0.0,1917.0
2024-08-08 20:00:00,1990.5,3,8,1917.0,1927.5,0.0,0.0,0.0,1990.5
2024-08-08 21:00:00,1842.0,3,8,1990.5,1917.0,0.0,0.0,0.0,1842.0
2024-08-08 22:00:00,1741.5,3,8,1842.0,1990.5,0.0,0.0,0.0,1741.5
2024-08-08 23:00:00,1978.5,3,8,1741.5,1842.0,0.0,0.0,0.0,1978.5
2024-08-09 00:00:00,1800.0,4,8,1978.5,1741.5,0.0,0.0,0.0,1800.0
2024-08-09 01:00:00,1824.0,4,8,1800.0,1978.5,0.0,0.0,0.0,1824.0
2024-08-09 02:00:00,1993.5,4,8,1824.0,1800.0,0.0,0.0,0.0,1993.5
2024-08-09 03:00:00,2193.0,4,8,1993.5,1824.0,0.0,0.0,0.0,2193.0
2024-08-09 04:00:00,1953.0,4,8,2193.0,1993.5,0.0,0.0,0.0,1953.0
2024-08-09 05:00:00,2031.0,4,8,1953.0,2193.0,0.0,0.0,0.0,2031.0
2024-08-09 06:00:00,1678.5,4,8,2031.0,1953.0,7.302002906799316,7.302002906799316,0.0,1671.1979970932007
2024-08-09 07:00:00,1398.0,4,8,1678.5,2031.0,76.09800338745117,76.09800338745117,0.0,1321.9019966125488
2024-08-09 08:00:00,942.0,4,8,1398.0,1678.5,150.26408672332764,150.26408672332764,0.0,791.7359132766724
2024-08-09 09:00:00,1080.0,4,8,942.0,1398.0,231.92863941192627,231.92863941192627,0.0,848.0713605880737
2024-08-09 10:00:00,592.5,4,8,1080.0,942.0,366.63913249969477,366.63913249969477,0.0,225.86086750030523
2024-08-09 11:00:00,570.0,4,8,592.5,1080.0,337.0381879806519,337.0381879806519,0.0,232.9618120193481
2024-08-09 12:00:00,555.0,4,8,570.0,592.5,334.8443126678467,334.8443126678467,0.0,220.15568733215332
2024-08-09 13:00:00,834.0,4,8,555.0,570.0,322.92534828186035,322.92534828186035,0.0,511.07465171813965
2024-08-09 14:00:00,1341.0,4,8,834.0,555.0,286.546311378479,286.546311378479,0.0,1054.453688621521
2024-08-09 15:00:00,1453.5,4,8,1341.0,834.0,204.81626987457275,204.81626987457275,0.0,1248.6837301254272
2024-08-09 16:00:00,1878.0,4,8,1453.5,1341.0,151.86856269836426,151.86856269836426,0.0,1726.1314373016357
2024-08-09 17:00:00,1878.0,4,8,1878.0,1453.5,56.254892349243164,56.254892349243164,0.0,1821.7451076507568
2024-08-09 18:00:00,1962.0,4,8,1878.0,1878.0,2.979741096496582,2.979741096496582,0.0,1959.0202589035034
2024-08-09 19:00:00,1768.5,4,8,1962.0,1878.0,0.0,0.0,0.0,1768.5
2024-08-09 20:00:00,1950.0,4,8,1768.5,1962.0,0.0,0.0,0.0,1950.0
2024-08-09 21:00:00,1947.0,4,8,1950.0,1768.5,0.0,0.0,0.0,1947.0
2024-08-09 22:00:00,1737.0,4,8,1947.0,1950.0,0.0,0.0,0.0,1737.0
2024-08-09 23:00:00,1779.0,4,8,1737.0,1947.0,0.0,0.0,0.0,1779.0
2024-08-10 00:00:00,2040.0,5,8,1779.0,1737.0,0.0,0.0,0.0,2040.0
2024-08-10 01:00:00,1870.5,5,8,2040.0,1779.0,0.0,0.0,0.0,1870.5
2024-08-10 02:00:00,1695.0,5,8,1870.5,2040.0,0.0,0.0,0.0,1695.0
2024-08-10 03:00:00,1683.0,5,8,1695.0,1870.5,0.0,0.0,0.0,1683.0
2024-08-10 04:00:00,1936.5,5,8,1683.0,1695.0,0.0,0.0,0.0,1936.5
2024-08-10 05:00:00,2113.5,5,8,1936.5,1683.0,0.0,0.0,0.0,2113.5
2024-08-10 06:00:00,1987.5,5,8,2113.5,1936.5,7.171025276184082,7.171025276184082,0.0,1980.328974723816
2024-08-10 07:00:00,1539.0,5,8,1987.5,2113.5,55.40353775024414,55.40353775024414,0.0,1483.5964622497559
2024-08-10 08:00:00,859.5,5,8,1539.0,1987.5,207.17386722564697,207.17386722564697,0.0,652.326132774353
2024-08-10 09:00:00,952.5,5,8,859.5,1539.0,235.79247951507568,235.79247951507568,0.0,716.7075204849243
2024-08-10 10:00:00,1068.0,5,8,952.5,859.5,317.91545391082764,317.91545391082764,0.0,750.0845460891724
2024-08-10 11:00:00,634.5,5,8,1068.0,952.5,359.04242992401123,359.04242992401123,0.0,275.45757007598877
2024-08-10 12:00:00,660.0,5,8,634.5,1068.0,336.90721035003656,336.90721035003656,0.0,323.09278964996344
2024-08-10 13:00:00,1383.0,5,8,660.0,634.5,318.9960193634033,318.9960193634033,0.0,1064.0039806365967
2024-08-10 14:00:00,1558.5,5,8,1383.0,660.0,271.84407234191895,271.84407234191895,0.0,1286.655927658081
2024-08-10 15:00:00,1228.5,5,8,1558.5,1383.0,195.77881336212158,195.77881336212158,0.0,1032.7211866378784
2024-08-10 16:00:00,1344.0,5,8,1228.5,1558.5,79.30695533752441,79.30695533752441,0.0,1264.6930446624756
2024-08-10 17:00:00,1846.5,5,8,1344.0,1228.5,51.310486793518066,51.310486793518066,0.0,1795.189513206482
2024-08-10 18:00:00,2052.0,5,8,1846.5,1344.0,2.1283864974975586,2.1283864974975586,0.0,2049.8716135025024
2024-08-10 19:00:00,1629.0,5,8,2052.0,1846.5,0.0,0.0,0.0,1629.0
2024-08-10 20:00:00,2083.5,5,8,1629.0,2052.0,0.0,0.0,0.0,2083.5
2024-08-10 21:00:00,1830.0,5,8,2083.5,1629.0,0.0,0.0,0.0,1830.0
2024-08-10 22:00:00,1807.5,5,8,1830.0,2083.5,0.0,0.0,0.0,1807.5
2024-08-10 23:00:00,1698.0,5,8,1807.5,1830.0,0.0,0.0,0.0,1698.0
2024-08-11 00:00:00,1869.0,6,8,1698.0,1807.5,0.0,0.0,0.0,1869.0
2024-08-11 01:00:00,2215.5,6,8,1869.0,1698.0,0.0,0.0,0.0,2215.5
2024-08-11 02:00:00,2139.0,6,8,2215.5,1869.0,0.0,0.0,0.0,2139.0
2024-08-11 03:00:00,1804.5,6,8,2139.0,2215.5,0.0,0.0,0.0,1804.5
2024-08-11 04:00:00,1717.5,6,8,1804.5,2139.0,0.0,0.0,0.0,1717.5
2024-08-11 05:00:00,2074.5,6,8,1717.5,1804.5,0.0,0.0,0.0,2074.5
2024-08-11 06:00:00,1182.0,6,8,2074.5,1717.5,3.1107187271118164,3.1107187271118164,0.0,1178.8892812728882
2024-08-11 07:00:00,631.5,6,8,1182.0,2074.5,30.583276748657227,30.583276748657227,0.0,600.9167232513428
2024-08-11 08:00:00,81.0,6,8,631.5,1182.0,65.58704853057861,65.58704853057861,0.0,15.412951469421387
2024-08-11 09:00:00,16.5,6,8,81.0,631.5,193.1920051574707,16.5,176.6920051574707,0.0
2024-08-11 10:00:00,7.5,6,8,16.5,81.0,193.9451265335083,7.5,186.4451265335083,0.0
2024-08-11 11:00:00,91.5,6,8,7.5,16.5,310.8099174499512,91.5,219.30991744995117,0.0
2024-08-11 12:00:00,124.5,6,8,91.5,7.5,343.94725799560547,124.5,219.44725799560547,0.0
2024-08-11 13:00:00,72.0,6,8,124.5,91.5,320.69872856140137,72.0,248.69872856140137,0.0
2024-08-11 14:00:00,81.0,6,8,72.0,124.5,346.79602146148676,81.0,265.79602146148676,0.0
2024-08-11 15:00:00,102.0,6,8,81.0,72.0,235.75973510742188,102.0,133.75973510742188,0.0
2024-08-11 16:00:00,79.5,6,8,102.0,81.0,146.95690155029297,79.5,67.45690155029297,0.0
2024-08-11 17:00:00,105.0,6,8,79.5,102.0,67.22426891326904,67.22426891326904,0.0,37.77573108673096
2024-08-11 18:00:00,195.0,6,8,105.0,79.5,2.161130905151367,2.161130905151367,0.0,192.83886909484863
2024-08-11 19:00:00,289.5,6,8,195.0,105.0,0.0,0.0,0.0,289.5
2024-08-11 20:00:00,1006.5,6,8,289.5,195.0,0.0,0.0,0.0,1006.5
2024-08-11 21:00:00,1993.5,6,8,1006.5,289.5,0.0,0.0,0.0,1993.5
2024-08-11 22:00:00,2328.0,6,8,1993.5,1006.5,0.0,0.0,0.0,2328.0
2024-08-11 23:00:00,2397.0,6,8,2328.0,1993.5,0.0,0.0,0.0,2397.0
2024-08-12 00:00:00,2412.0,0,8,2397.0,2328.0,0.0,0.0,0.0,2412.0
2024-08-12 01:00:00,2289.0,0,8,2412.0,2397.0,0.0,0.0,0.0,2289.0
2024-08-12 02:00:00,2058.0,0,8,2289.0,2412.0,0.0,0.0,0.0,2058.0
2024-08-12 03:00:00,2425.5,0,8,2058.0,2289.0,0.0,0.0,0.0,2425.5
2024-08-12 04:00:00,1887.0,0,8,2425.5,2058.0,0.0,0.0,0.0,1887.0
2024-08-12 05:00:00,856.5,0,8,1887.0,2425.5,0.0,0.0,0.0,856.5
2024-08-12 06:00:00,645.0,0,8,856.5,1887.0,7.138280868530273,7.138280868530273,0.0,637.8617191314697
2024-08-12 07:00:00,450.0,0,8,645.0,856.5,74.85371589660645,74.85371589660645,0.0,375.14628410339355
2024-08-12 08:00:00,1879.5,0,8,450.0,645.0,140.83369731903076,140.83369731903076,0.0,1738.6663026809692
2024-08-12 09:00:00,2847.0,0,8,1879.5,450.0,191.12910747528076,191.12910747528076,0.0,2655.8708925247192
2024-08-12 10:00:00,2631.0,0,8,2847.0,1879.5,186.70861244201663,186.70861244201663,0.0,2444.2913875579834
2024-08-12 11:00:00,2286.0,0,8,2631.0,2847.0,341.68789386749273,341.68789386749273,0.0,1944.3121061325073
2024-08-12 12:00:00,2520.0,0,8,2286.0,2631.0,327.0183992385864,327.0183992385864,0.0,2192.9816007614136
2024-08-12 13:00:00,3193.5,0,8,2520.0,2286.0,271.2874174118042,271.2874174118042,0.0,2922.212582588196
2024-08-12 14:00:00,2806.5,0,8,3193.5,2520.0,122.88976192474365,122.88976192474365,0.0,2683.6102380752563
2024-08-12 15:00:00,3321.0,0,8,2806.5,3193.5,61.00283145904541,61.00283145904541,0.0,3259.9971685409546
2024-08-12 16:00:00,3193.5,0,8,3321.0,2806.5,10.379977226257324,10.379977226257324,0.0,3183.1200227737427
2024-08-12 17:00:00,3468.0,0,8,3193.5,3321.0,2.7505302429199214,2.7505302429199214,0.0,3465.24946975708
2024-08-12 18:00:00,4068.0,0,8,3468.0,3193.5,0.0,0.0,0.0,4068.0
2024-08-12 19:00:00,3858.0,0,8,4068.0,3468.0,0.0,0.0,0.0,3858.0
2024-08-12 20:00:00,4000.5,0,8,3858.0,4068.0,0.0,0.0,0.0,4000.5
2024-08-12 21:00:00,4465.5,0,8,4000.5,3858.0,0.0,0.0,0.0,4465.5
2024-08-12 22:00:00,3826.5,0,8,4465.5,4000.5,0.0,0.0,0.0,3826.5
2024-08-12 23:00:00,3706.5,0,8,3826.5,4465.5,0.0,0.0,0.0,3706.5
2024-08-13 00:00:00,4105.5,1,8,3706.5,3826.5,0.0,0.0,0.0,4105.5
2024-08-13 01:00:00,4216.5,1,8,4105.5,3706.5,0.0,0.0,0.0,4216.5
2024-08-13 02:00:00,3777.0,1,8,4216.5,4105.5,0.0,0.0,0.0,3777.0
2024-08-13 03:00:00,3789.0,1,8,3777.0,4216.5,0.0,0.0,0.0,3789.0
2024-08-13 04:00:00,4228.5,1,8,3789.0,3777.0,0.0,0.0,0.0,4228.5
2024-08-13 05:00:00,3735.0,1,8,4228.5,3789.0,0.0,0.0,0.0,3735.0
2024-08-13 06:00:00,3790.5,1,8,3735.0,4228.5,7.6949357986450195,7.6949357986450195,0.0,3782.805064201355
2024-08-13 07:00:00,3606.0,1,8,3790.5,3735.0,72.98728466033936,72.98728466033936,0.0,3533.0127153396606
2024-08-13 08:00:00,2572.5,1,8,3606.0,3790.5,159.268798828125,159.268798828125,0.0,2413.231201171875
2024-08-13 09:00:00,2178.0,1,8,2572.5,3606.0,306.7823553085327,306.7823553085327,0.0,1871.2176446914673
2024-08-13 10:00:00,1809.0,1,8,2178.0,2572.5,369.52064037323,369.52064037323,0.0,1439.47935962677
2024-08-13 11:00:00,1476.0,1,8,1809.0,2178.0,405.8341884613037,405.8341884613037,0.0,1070.1658115386963
2024-08-13 12:00:00,1516.5,1,8,1476.0,1809.0,341.03300571441656,341.03300571441656,0.0,1175.4669942855835
2024-08-13 13:00:00,1084.5,1,8,1516.5,1476.0,327.54230976104736,327.54230976104736,0.0,756.9576902389526
2024-08-13 14:00:00,3073.5,1,8,1084.5,1516.5,354.06527996063227,354.06527996063227,0.0,2719.4347200393677
2024-08-13 15:00:00,4005.0,1,8,3073.5,1084.5,240.18023014068604,240.18023014068604,0.0,3764.819769859314
2024-08-13 16:00:00,4318.5,1,8,4005.0,3073.5,182.9757499694824,182.9757499694824,0.0,4135.524250030518
2024-08-13 17:00:00,4134.0,1,8,4318.5,4005.0,66.17644786834717,66.17644786834717,0.0,4067.823552131653
2024-08-13 18:00:00,4509.0,1,8,4134.0,4318.5,1.5717315673828125,1.5717315673828125,0.0,4507.428268432617
2024-08-13 19:00:00,3640.5,1,8,4509.0,4134.0,0.0,0.0,0.0,3640.5
2024-08-13 20:00:00,4011.0,1,8,3640.5,4509.0,0.0,0.0,0.0,4011.0
2024-08-13 21:00:00,4282.5,1,8,4011.0,3640.5,0.0,0.0,0.0,4282.5
2024-08-13 22:00:00,3805.5,1,8,4282.5,4011.0,0.0,0.0,0.0,3805.5
2024-08-13 23:00:00,3511.5,1,8,3805.5,4282.5,0.0,0.0,0.0,3511.5
2024-08-14 00:00:00,4233.0,2,8,3511.5,3805.5,0.0,0.0,0.0,4233.0
2024-08-14 01:00:00,3285.0,2,8,4233.0,3511.5,0.0,0.0,0.0,3285.0
2024-08-14 02:00:00,2658.0,2,8,3285.0,4233.0,0.0,0.0,0.0,2658.0
2024-08-14 03:00:00,2619.0,2,8,2658.0,3285.0,0.0,0.0,0.0,2619.0
2024-08-14 04:00:00,2838.0,2,8,2619.0,2658.0,0.0,0.0,0.0,2838.0
2024-08-14 05:00:00,2821.5,2,8,2838.0,2619.0,0.0,0.0,0.0,2821.5
2024-08-14 06:00:00,2544.0,2,8,2821.5,2838.0,7.171025276184082,7.171025276184082,0.0,2536.828974723816
2024-08-14 07:00:00,2011.5,2,8,2544.0,2821.5,74.36254978179932,74.36254978179932,0.0,1937.1374502182007
2024-08-14 08:00:00,967.5,2,8,2011.5,2544.0,169.32133197784424,169.32133197784424,0.0,798.1786680221558
2024-08-14 09:00:00,987.0,2,8,967.5,2011.5,237.29872226715088,237.29872226715088,0.0,749.7012777328491
2024-08-14 10:00:00,733.5,2,8,987.0,967.5,308.5832977294922,308.5832977294922,0.0,424.9167022705078
2024-08-14 11:00:00,703.5,2,8,733.5,987.0,331.6681051254272,331.6681051254272,0.0,371.8318948745728
2024-08-14 12:00:00,684.0,2,8,703.5,733.5,327.41133213043213,327.41133213043213,0.0,356.58866786956787
2024-08-14 13:00:00,775.5,2,8,684.0,703.5,313.8878917694092,313.8878917694092,0.0,461.6121082305908
2024-08-14 14:00:00,787.5,2,8,775.5,684.0,258.45160961151123,258.45160961151123,0.0,529.0483903884888
2024-08-14 15:00:00,1524.0,2,8,787.5,775.5,131.4033079147339,131.4033079147339,0.0,1392.596692085266
2024-08-14 16:00:00,1654.5,2,8,1524.0,787.5,22.95382976531982,22.95382976531982,0.0,1631.5461702346802
2024-08-14 17:00:00,1389.0,2,8,1654.5,1524.0,30.419554710388184,30.419554710388184,0.0,1358.5804452896118
2024-08-14 18:00:00,1888.5,2,8,1389.0,1654.5,0.0,0.0,0.0,1888.5
2024-08-14 19:00:00,1878.0,2,8,1888.5,1389.0,0.0,0.0,0.0,1878.0
2024-08-14 20:00:00,1851.0,2,8,1878.0,1888.5,0.0,0.0,0.0,1851.0
2024-08-14 21:00:00,1977.0,2,8,1851.0,1878.0,0.0,0.0,0.0,1977.0
2024-08-14 22:00:00,2092.5,2,8,1977.0,1851.0,0.0,0.0,0.0,2092.5
2024-08-14 23:00:00,1765.5,2,8,2092.5,1977.0,0.0,0.0,0.0,1765.5
2024-08-15 00:00:00,1588.5,3,8,1765.5,2092.5,0.0,0.0,0.0,1588.5
2024-08-15 01:00:00,1912.5,3,8,1588.5,1765.5,0.0,0.0,0.0,1912.5
2024-08-15 02:00:00,1815.0,3,8,1912.5,1588.5,0.0,0.0,0.0,1815.0
2024-08-15 03:00:00,1876.5,3,8,1815.0,1912.5,0.0,0.0,0.0,1876.5
2024-08-15 04:00:00,1687.5,3,8,1876.5,1815.0,0.0,0.0,0.0,1687.5
2024-08-15 05:00:00,1615.5,3,8,1687.5,1876.5,0.0,0.0,0.0,1615.5
2024-08-15 06:00:00,1555.5,3,8,1615.5,1687.5,7.171025276184082,7.171025276184082,0.0,1548.328974723816
2024-08-15 07:00:00,1530.0,3,8,1555.5,1615.5,69.51637744903564,69.51637744903564,0.0,1460.4836225509644
2024-08-15 08:00:00,1275.0,3,8,1530.0,1555.5,152.26149559020996,152.26149559020996,0.0,1122.73850440979
2024-08-15 09:00:00,669.0,3,8,1275.0,1530.0,242.3413610458374,242.3413610458374,0.0,426.6586389541626
2024-08-15 10:00:00,639.0,3,8,669.0,1275.0,296.99177742004395,296.99177742004395,0.0,342.00822257995605
2024-08-15 11:00:00,744.0,3,8,639.0,669.0,331.83182716369635,331.83182716369635,0.0,412.16817283630365
2024-08-15 12:00:00,775.5,3,8,744.0,639.0,326.1670446395874,326.1670446395874,0.0,449.3329553604126
2024-08-15 13:00:00,1284.0,3,8,775.5,744.0,334.0911912918091,334.0911912918091,0.0,949.9088087081909
2024-08-15 14:00:00,1855.5,3,8,1284.0,775.5,280.0301742553711,280.0301742553711,0.0,1575.469825744629
2024-08-15 15:00:00,1471.5,3,8,1855.5,1284.0,229.44006443023682,229.44006443023682,0.0,1242.0599355697632
2024-08-15 16:00:00,1686.0,3,8,1471.5,1855.5,136.15124702453613,136.15124702453613,0.0,1549.8487529754639
2024-08-15 17:00:00,1909.5,3,8,1686.0,1471.5,50.98304271697998,50.98304271697998,0.0,1858.51695728302
2024-08-15 18:00:00,1986.0,3,8,1909.5,1686.0,0.7531213760375977,0.7531213760375977,0.0,1985.2468786239624
2024-08-15 19:00:00,1837.5,3,8,1986.0,1909.5,0.0,0.0,0.0,1837.5
2024-08-15 20:00:00,1954.5,3,8,1837.5,1986.0,0.0,0.0,0.0,1954.5
2024-08-15 21:00:00,1834.5,3,8,1954.5,1837.5,0.0,0.0,0.0,1834.5
2024-08-15 22:00:00,1836.0,3,8,1834.5,1954.5,0.0,0.0,0.0,1836.0
2024-08-15 23:00:00,2061.0,3,8,1836.0,1834.5,0.0,0.0,0.0,2061.0
2024-08-16 00:00:00,1660.5,4,8,2061.0,1836.0,0.0,0.0,0.0,1660.5
2024-08-16 01:00:00,1948.5,4,8,1660.5,2061.0,0.0,0.0,0.0,1948.5
2024-08-16 02:00:00,1711.5,4,8,1948.5,1660.5,0.0,0.0,0.0,1711.5
2024-08-16 03:00:00,1741.5,4,8,1711.5,1948.5,0.0,0.0,0.0,1741.5
2024-08-16 04:00:00,2032.5,4,8,1741.5,1711.5,0.0,0.0,0.0,2032.5
2024-08-16 05:00:00,1821.0,4,8,2032.5,1741.5,0.0,0.0,0.0,1821.0
2024-08-16 06:00:00,1818.0,4,8,1821.0,2032.5,7.302002906799316,7.302002906799316,0.0,1810.6979970932007
2024-08-16 07:00:00,1519.5,4,8,1818.0,1821.0,68.69776725769043,68.69776725769043,0.0,1450.8022327423096
2024-08-16 08:00:00,951.0,4,8,1519.5,1818.0,152.71991729736328,152.71991729736328,0.0,798.2800827026367
2024-08-16 09:00:00,717.0,4,8,951.0,1519.5,309.20544147491455,309.20544147491455,0.0,407.79455852508545
2024-08-16 10:00:00,637.5,4,8,717.0,951.0,377.5430202484131,377.5430202484131,0.0,259.9569797515869
2024-08-16 11:00:00,1062.0,4,8,637.5,717.0,345.35526752471924,345.35526752471924,0.0,716.6447324752808
2024-08-16 12:00:00,894.0,4,8,1062.0,637.5,342.04808235168457,342.04808235168457,0.0,551.9519176483154
2024-08-16 13:00:00,673.5,4,8,894.0,1062.0,325.97057819366455,325.97057819366455,0.0,347.52942180633545
2024-08-16 14:00:00,1015.5,4,8,673.5,894.0,299.61133003234863,299.61133003234863,0.0,715.8886699676514
2024-08-16 15:00:00,1000.5,4,8,1015.5,673.5,250.3637409210205,250.3637409210205,0.0,750.1362590789795
2024-08-16 16:00:00,1104.0,4,8,1000.5,1015.5,180.4544305801392,180.4544305801392,0.0,923.5455694198608
2024-08-16 17:00:00,1507.5,4,8,1104.0,1000.5,60.5771541595459,60.5771541595459,0.0,1446.922845840454
2024-08-16 18:00:00,1639.5,4,8,1507.5,1104.0,0.5893993377685547,0.5893993377685547,0.0,1638.9106006622314
2024-08-16 19:00:00,1692.0,4,8,1639.5,1507.5,0.0,0.0,0.0,1692.0
2024-08-16 20:00:00,2047.5,4,8,1692.0,1639.5,0.0,0.0,0.0,2047.5
2024-08-16 21:00:00,2052.0,4,8,2047.5,1692.0,0.0,0.0,0.0,2052.0
2024-08-16 22:00:00,1963.5,4,8,2052.0,2047.5,0.0,0.0,0.0,1963.5
2024-08-16 23:00:00,2100.0,4,8,1963.5,2052.0,0.0,0.0,0.0,2100.0
2024-08-17 00:00:00,1713.0,5,8,2100.0,1963.5,0.0,0.0,0.0,1713.0
2024-08-17 01:00:00,1732.5,5,8,1713.0,2100.0,0.0,0.0,0.0,1732.5
2024-08-17 02:00:00,1591.5,5,8,1732.5,1713.0,0.0,0.0,0.0,1591.5
2024-08-17 03:00:00,1557.0,5,8,1591.5,1732.5,0.0,0.0,0.0,1557.0
2024-08-17 04:00:00,1567.5,5,8,1557.0,1591.5,0.0,0.0,0.0,1567.5
2024-08-17 05:00:00,1570.5,5,8,1567.5,1557.0,0.0,0.0,0.0,1570.5
2024-08-17 06:00:00,1761.0,5,8,1570.5,1567.5,7.334747314453125,7.334747314453125,0.0,1753.6652526855469
2024-08-17 07:00:00,1765.5,5,8,1761.0,1570.5,72.56160736083984,72.56160736083984,0.0,1692.9383926391602
2024-08-17 08:00:00,1498.5,5,8,1765.5,1761.0,157.63157844543457,157.63157844543457,0.0,1340.8684215545654
2024-08-17 09:00:00,1518.0,5,8,1498.5,1765.5,313.8878917694092,313.8878917694092,0.0,1204.1121082305908
2024-08-17 10:00:00,1453.5,5,8,1518.0,1498.5,313.2657480239868,313.2657480239868,0.0,1140.2342519760132
2024-08-17 11:00:00,1071.0,5,8,1453.5,1518.0,347.9748201370239,347.9748201370239,0.0,723.0251798629761
2024-08-17 12:00:00,514.5,5,8,1071.0,1453.5,281.8638610839844,281.8638610839844,0.0,232.63613891601562
2024-08-17 13:00:00,831.0,5,8,514.5,1071.0,302.46009349823,302.46009349823,0.0,528.53990650177
2024-08-17 14:00:00,741.0,5,8,831.0,514.5,362.1858930587769,362.1858930587769,0.0,378.8141069412231
2024-08-17 15:00:00,960.0,5,8,741.0,831.0,287.92157649993896,287.92157649993896,0.0,672.078423500061
2024-08-17 16:00:00,2029.5,5,8,960.0,741.0,184.48199272155762,184.48199272155762,0.0,1845.0180072784424
2024-08-17 17:00:00,1593.0,5,8,2029.5,960.0,65.22686004638672,65.22686004638672,0.0,1527.7731399536133
2024-08-17 18:00:00,1555.5,5,8,1593.0,2029.5,0.0,0.0,0.0,1555.5
2024-08-17 19:00:00,2019.0,5,8,1555.5,1593.0,0.0,0.0,0.0,2019.0
2024-08-17 20:00:00,2076.0,5,8,2019.0,1555.5,0.0,0.0,0.0,2076.0
2024-08-17 21:00:00,1962.0,5,8,2076.0,2019.0,0.0,0.0,0.0,1962.0
2024-08-17 22:00:00,1947.0,5,8,1962.0,2076.0,0.0,0.0,0.0,1947.0
2024-08-17 23:00:00,1971.0,5,8,1947.0,1962.0,0.0,0.0,0.0,1971.0
2024-08-18 00:00:00,1693.5,6,8,1971.0,1947.0,0.0,0.0,0.0,1693.5
2024-08-18 01:00:00,1774.5,6,8,1693.5,1971.0,0.0,0.0,0.0,1774.5
2024-08-18 02:00:00,1663.5,6,8,1774.5,1693.5,0.0,0.0,0.0,1663.5
2024-08-18 03:00:00,1978.5,6,8,1663.5,1774.5,0.0,0.0,0.0,1978.5
2024-08-18 04:00:00,1611.0,6,8,1978.5,1663.5,0.0,0.0,0.0,1611.0
2024-08-18 05:00:00,1771.5,6,8,1611.0,1978.5,0.0,0.0,0.0,1771.5
2024-08-18 06:00:00,1641.0,6,8,1771.5,1611.0,5.435571670532227,5.435571670532227,0.0,1635.5644283294678
2024-08-18 07:00:00,1473.0,6,8,1641.0,1771.5,91.71708583831787,91.71708583831787,0.0,1381.2829141616821
2024-08-18 08:00:00,798.0,6,8,1473.0,1641.0,218.47068786621094,218.47068786621094,0.0,579.5293121337891
2024-08-18 09:00:00,813.0,6,8,798.0,1473.0,314.7392463684082,314.7392463684082,0.0,498.2607536315918
2024-08-18 10:00:00,843.0,6,8,813.0,798.0,382.71663665771484,382.71663665771484,0.0,460.28336334228516
2024-08-18 11:00:00,588.0,6,8,843.0,813.0,421.94443702697754,421.94443702697754,0.0,166.05556297302246
2024-08-18 12:00:00,567.0,6,8,588.0,843.0,432.0624589920044,432.0624589920044,0.0,134.9375410079956
2024-08-18 13:00:00,595.5,6,8,567.0,588.0,409.206862449646,409.206862449646,0.0,186.293137550354
2024-08-18 14:00:00,712.5,6,8,595.5,567.0,169.28858757019043,169.28858757019043,0.0,543.2114124298096
2024-08-18 15:00:00,1255.5,6,8,712.5,595.5,126.39341354370117,126.39341354370117,0.0,1129.1065864562988
2024-08-18 16:00:00,1506.0,6,8,1255.5,712.5,109.59553241729736,109.59553241729736,0.0,1396.4044675827026
2024-08-18 17:00:00,1944.0,6,8,1506.0,1255.5,50.13168811798096,50.13168811798096,0.0,1893.868311882019
2024-08-18 18:00:00,2041.5,6,8,1944.0,1506.0,0.5893993377685547,0.5893993377685547,0.0,2040.9106006622314
2024-08-18 19:00:00,2104.5,6,8,2041.5,1944.0,0.0,0.0,0.0,2104.5
2024-08-18 20:00:00,1936.5,6,8,2104.5,2041.5,0.0,0.0,0.0,1936.5
2024-08-18 21:00:00,2002.5,6,8,1936.5,2104.5,0.0,0.0,0.0,2002.5
2024-08-18 22:00:00,1821.0,6,8,2002.5,1936.5,0.0,0.0,0.0,1821.0
2024-08-18 23:00:00,2245.5,6,8,1821.0,2002.5,0.0,0.0,0.0,2245.5
2024-08-19 00:00:00,1995.0,0,8,2245.5,1821.0,0.0,0.0,0.0,1995.0
2024-08-19 01:00:00,1794.0,0,8,1995.0,2245.5,0.0,0.0,0.0,1794.0
2024-08-19 02:00:00,1765.5,0,8,1794.0,1995.0,0.0,0.0,0.0,1765.5
2024-08-19 03:00:00,1974.0,0,8,1765.5,1794.0,0.0,0.0,0.0,1974.0
2024-08-19 04:00:00,2041.5,0,8,1974.0,1765.5,0.0,0.0,0.0,2041.5
2024-08-19 05:00:00,1996.5,0,8,2041.5,1974.0,0.0,0.0,0.0,1996.5
2024-08-19 06:00:00,1803.0,0,8,1996.5,2041.5,7.302002906799316,7.302002906799316,0.0,1795.6979970932007
2024-08-19 07:00:00,1551.0,0,8,1803.0,1996.5,92.37197399139406,92.37197399139406,0.0,1458.628026008606
2024-08-19 08:00:00,1177.5,0,8,1551.0,1803.0,218.2742214202881,218.2742214202881,0.0,959.2257785797119
2024-08-19 09:00:00,828.0,0,8,1177.5,1551.0,314.21533584594727,314.21533584594727,0.0,513.7846641540527
2024-08-19 10:00:00,538.5,0,8,828.0,1177.5,308.5505533218384,308.5505533218384,0.0,229.94944667816162
2024-08-19 11:00:00,555.0,0,8,538.5,828.0,414.80615615844727,414.80615615844727,0.0,140.19384384155273
2024-08-19 12:00:00,631.5,0,8,555.0,538.5,422.82853603363037,422.82853603363037,0.0,208.67146396636963
2024-08-19 13:00:00,891.0,0,8,631.5,555.0,403.0181694030762,403.0181694030762,0.0,487.9818305969238
2024-08-19 14:00:00,1089.0,0,8,891.0,631.5,355.6370115280152,355.6370115280152,0.0,733.3629884719849
2024-08-19 15:00:00,1261.5,0,8,1089.0,891.0,239.39436435699463,239.39436435699463,0.0,1022.1056356430054
2024-08-19 16:00:00,1536.0,0,8,1261.5,1089.0,148.9543104171753,148.9543104171753,0.0,1387.0456895828247
2024-08-19 17:00:00,1833.0,0,8,1536.0,1261.5,54.159250259399414,54.159250259399414,0.0,1778.8407497406006
2024-08-19 18:00:00,2007.0,0,8,1833.0,1536.0,0.16372203826904297,0.16372203826904297,0.0,2006.836277961731
2024-08-19 19:00:00,1744.5,0,8,2007.0,1833.0,0.0,0.0,0.0,1744.5
2024-08-19 20:00:00,1726.5,0,8,1744.5,2007.0,0.0,0.0,0.0,1726.5
2024-08-19 21:00:00,1860.0,0,8,1726.5,1744.5,0.0,0.0,0.0,1860.0
2024-08-19 22:00:00,2094.0,0,8,1860.0,1726.5,0.0,0.0,0.0,2094.0
2024-08-19 23:00:00,1630.5,0,8,2094.0,1860.0,0.0,0.0,0.0,1630.5
2024-08-20 00:00:00,1291.5,1,8,1630.5,2094.0,0.0,0.0,0.0,1291.5
2024-08-20 01:00:00,1282.5,1,8,1291.5,1630.5,0.0,0.0,0.0,1282.5
2024-08-20 02:00:00,1150.5,1,8,1282.5,1291.5,0.0,0.0,0.0,1150.5
2024-08-20 03:00:00,1167.0,1,8,1150.5,1282.5,0.0,0.0,0.0,1167.0
2024-08-20 04:00:00,1105.5,1,8,1167.0,1150.5,0.0,0.0,0.0,1105.5
2024-08-20 05:00:00,945.0,1,8,1105.5,1167.0,0.0,0.0,0.0,945.0
2024-08-20 06:00:00,688.5,1,8,945.0,1105.5,7.596702575683594,7.596702575683594,0.0,680.9032974243164
2024-08-20 07:00:00,768.0,1,8,688.5,945.0,91.78257465362549,91.78257465362549,0.0,676.2174253463745
2024-08-20 08:00:00,274.5,1,8,768.0,688.5,178.19506645202637,178.19506645202637,0.0,96.30493354797363
2024-08-20 09:00:00,49.5,1,8,274.5,768.0,260.2525520324707,49.5,210.7525520324707,0.0
2024-08-20 10:00:00,54.0,1,8,49.5,274.5,313.6586809158325,54.0,259.6586809158325,0.0
2024-08-20 11:00:00,138.0,1,8,54.0,49.5,294.01203632354736,138.0,156.01203632354736,0.0
2024-08-20 12:00:00,46.5,1,8,138.0,54.0,294.33948040008545,46.5,247.83948040008545,0.0
2024-08-20 13:00:00,9.0,1,8,46.5,138.0,273.02287101745605,9.0,264.02287101745605,0.0
2024-08-20 14:00:00,7.5,1,8,9.0,46.5,157.66432285308838,7.5,150.16432285308838,0.0
2024-08-20 15:00:00,21.0,1,8,7.5,9.0,181.76420688629153,21.0,160.76420688629153,0.0
2024-08-20 16:00:00,138.0,1,8,21.0,7.5,61.88693046569824,61.88693046569824,0.0,76.11306953430176
2024-08-20 17:00:00,190.5,1,8,138.0,21.0,53.96278381347656,53.96278381347656,0.0,136.53721618652344
2024-08-20 18:00:00,252.0,1,8,190.5,138.0,0.0,0.0,0.0,252.0
2024-08-20 19:00:00,267.0,1,8,252.0,190.5,0.0,0.0,0.0,267.0
2024-08-20 20:00:00,262.5,1,8,267.0,252.0,0.0,0.0,0.0,262.5
2024-08-20 21:00:00,265.5,1,8,262.5,267.0,0.0,0.0,0.0,265.5
2024-08-20 22:00:00,328.5,1,8,265.5,262.5,0.0,0.0,0.0,328.5
2024-08-20 23:00:00,352.5,1,8,328.5,265.5,0.0,0.0,0.0,352.5
2024-08-21 00:00:00,333.0,2,8,352.5,328.5,0.0,0.0,0.0,333.0
2024-08-21 01:00:00,316.5,2,8,333.0,352.5,0.0,0.0,0.0,316.5
2024-08-21 02:00:00,295.5,2,8,316.5,333.0,0.0,0.0,0.0,295.5
2024-08-21 03:00:00,280.5,2,8,295.5,316.5,0.0,0.0,0.0,280.5
2024-08-21 04:00:00,276.0,2,8,280.5,295.5,0.0,0.0,0.0,276.0
2024-08-21 05:00:00,235.5,2,8,276.0,280.5,0.0,0.0,0.0,235.5
2024-08-21 06:00:00,100.5,2,8,235.5,276.0,6.941814422607422,6.941814422607422,0.0,93.55818557739258
2024-08-21 07:00:00,10.5,2,8,100.5,235.5,62.1161413192749,10.5,51.6161413192749,0.0
2024-08-21 08:00:00,10.5,2,8,10.5,100.5,139.425687789917,10.5,128.925687789917,0.0
2024-08-21 09:00:00,6.0,2,8,10.5,10.5,231.14277362823486,6.0,225.14277362823486,0.0
2024-08-21 10:00:00,52.5,2,8,6.0,10.5,302.623815536499,52.5,250.12381553649902,0.0
2024-08-21 11:00:00,63.0,2,8,52.5,6.0,338.34796428680426,63.0,275.34796428680426,0.0
2024-08-21 12:00:00,24.0,2,8,63.0,52.5,241.5882396697998,24.0,217.5882396697998,0.0
2024-08-21 13:00:00,16.5,2,8,24.0,63.0,226.06739044189453,16.5,209.56739044189453,0.0
2024-08-21 14:00:00,40.5,2,8,16.5,24.0,296.3696336746216,40.5,255.86963367462158,0.0
2024-08-21 15:00:00,91.5,2,8,40.5,16.5,247.90791034698486,91.5,156.40791034698486,0.0
2024-08-21 16:00:00,169.5,2,8,91.5,40.5,125.14912605285645,125.14912605285645,0.0,44.350873947143555
2024-08-21 17:00:00,99.0,2,8,169.5,91.5,64.73569393157959,64.73569393157959,0.0,34.26430606842041
2024-08-21 18:00:00,228.0,2,8,99.0,169.5,0.19646644592285156,0.19646644592285156,0.0,227.80353355407715
2024-08-21 19:00:00,231.0,2,8,228.0,99.0,0.0,0.0,0.0,231.0
2024-08-21 20:00:00,498.0,2,8,231.0,228.0,0.0,0.0,0.0,498.0
2024-08-21 21:00:00,1260.0,2,8,498.0,231.0,0.0,0.0,0.0,1260.0
2024-08-21 22:00:00,1744.5,2,8,1260.0,498.0,0.0,0.0,0.0,1744.5
2024-08-21 23:00:00,1881.0,2,8,1744.5,1260.0,0.0,0.0,0.0,1881.0
2024-08-22 00:00:00,1918.5,3,8,1881.0,1744.5,0.0,0.0,0.0,1918.5
2024-08-22 01:00:00,1941.0,3,8,1918.5,1881.0,0.0,0.0,0.0,1941.0
2024-08-22 02:00:00,1876.5,3,8,1941.0,1918.5,0.0,0.0,0.0,1876.5
2024-08-22 03:00:00,1537.5,3,8,1876.5,1941.0,0.0,0.0,0.0,1537.5
2024-08-22 04:00:00,1536.0,3,8,1537.5,1876.5,0.0,0.0,0.0,1536.0
2024-08-22 05:00:00,1636.5,3,8,1536.0,1537.5,0.0,0.0,0.0,1636.5
2024-08-22 06:00:00,1189.5,3,8,1636.5,1536.0,4.584217071533203,4.584217071533203,0.0,1184.9157829284668
2024-08-22 07:00:00,820.5,3,8,1189.5,1636.5,54.617671966552734,54.617671966552734,0.0,765.8823280334473
2024-08-22 08:00:00,447.0,3,8,820.5,1189.5,117.42144584655762,117.42144584655762,0.0,329.5785541534424
2024-08-22 09:00:00,391.5,3,8,447.0,820.5,161.9538402557373,161.9538402557373,0.0,229.5461597442627
2024-08-22 10:00:00,663.0,3,8,391.5,447.0,213.7882375717163,213.7882375717163,0.0,449.2117624282837
2024-08-22 11:00:00,505.5,3,8,663.0,391.5,231.47021770477295,231.47021770477295,0.0,274.02978229522705
2024-08-22 12:00:00,711.0,3,8,505.5,663.0,319.5854187011719,319.5854187011719,0.0,391.4145812988281
2024-08-22 13:00:00,510.0,3,8,711.0,505.5,246.30343437194824,246.30343437194824,0.0,263.69656562805176
2024-08-22 14:00:00,904.5,3,8,510.0,711.0,170.86031913757327,170.86031913757327,0.0,733.6396808624268
2024-08-22 15:00:00,1056.0,3,8,904.5,510.0,245.7467794418335,245.7467794418335,0.0,810.2532205581665
2024-08-22 16:00:00,1318.5,3,8,1056.0,904.5,105.82992553710938,105.82992553710938,0.0,1212.6700744628906
2024-08-22 17:00:00,1260.0,3,8,1318.5,1056.0,50.75383186340332,50.75383186340332,0.0,1209.2461681365967
2024-08-22 18:00:00,1443.0,3,8,1260.0,1318.5,0.0,0.0,0.0,1443.0
2024-08-22 19:00:00,2023.5,3,8,1443.0,1260.0,0.0,0.0,0.0,2023.5
2024-08-22 20:00:00,1912.5,3,8,2023.5,1443.0,0.0,0.0,0.0,1912.5
2024-08-22 21:00:00,1534.5,3,8,1912.5,2023.5,0.0,0.0,0.0,1534.5
2024-08-22 22:00:00,1872.0,3,8,1534.5,1912.5,0.0,0.0,0.0,1872.0
2024-08-22 23:00:00,1924.5,3,8,1872.0,1534.5,0.0,0.0,0.0,1924.5
2024-08-23 00:00:00,1695.0,4,8,1924.5,1872.0,0.0,0.0,0.0,1695.0
2024-08-23 01:00:00,1953.0,4,8,1695.0,1924.5,0.0,0.0,0.0,1953.0
2024-08-23 02:00:00,1678.5,4,8,1953.0,1695.0,0.0,0.0,0.0,1678.5
2024-08-23 03:00:00,1728.0,4,8,1678.5,1953.0,0.0,0.0,0.0,1728.0
2024-08-23 04:00:00,1494.0,4,8,1728.0,1678.5,0.0,0.0,0.0,1494.0
2024-08-23 05:00:00,1531.5,4,8,1494.0,1728.0,0.0,0.0,0.0,1531.5
2024-08-23 06:00:00,1657.5,4,8,1531.5,1494.0,0.0,0.0,0.0,1657.5
2024-08-23 07:00:00,1392.0,4,8,1657.5,1531.5,29.83015537261963,29.83015537261963,0.0,1362.1698446273804
2024-08-23 08:00:00,798.0,4,8,1392.0,1657.5,124.9526596069336,124.9526596069336,0.0,673.0473403930664
2024-08-23 09:00:00,1086.0,4,8,798.0,1392.0,110.28316497802734,110.28316497802734,0.0,975.7168350219727
2024-08-23 10:00:00,693.0,4,8,1086.0,798.0,160.7750415802002,160.7750415802002,0.0,532.2249584197998
2024-08-23 11:00:00,1002.0,4,8,693.0,1086.0,289.5587968826294,289.5587968826294,0.0,712.4412031173706
2024-08-23 12:00:00,630.0,4,8,1002.0,693.0,196.43370151519775,196.43370151519775,0.0,433.56629848480225
2024-08-23 13:00:00,538.5,4,8,630.0,1002.0,265.36067962646484,265.36067962646484,0.0,273.13932037353516
2024-08-23 14:00:00,928.5,4,8,538.5,630.0,213.10060501098633,213.10060501098633,0.0,715.3993949890137
2024-08-23 15:00:00,1618.5,4,8,928.5,538.5,204.5870590209961,204.5870590209961,0.0,1413.912940979004
2024-08-23 16:00:00,1815.0,4,8,1618.5,928.5,188.83699893951416,188.83699893951416,0.0,1626.1630010604858
2024-08-23 17:00:00,1840.5,4,8,1815.0,1618.5,64.27727222442627,64.27727222442627,0.0,1776.2227277755737
2024-08-23 18:00:00,1795.5,4,8,1840.5,1815.0,0.0,0.0,0.0,1795.5
2024-08-23 19:00:00,1677.0,4,8,1795.5,1840.5,0.0,0.0,0.0,1677.0
2024-08-23 20:00:00,1923.0,4,8,1677.0,1795.5,0.0,0.0,0.0,1923.0
2024-08-23 21:00:00,1737.0,4,8,1923.0,1677.0,0.0,0.0,0.0,1737.0
2024-08-23 22:00:00,1738.5,4,8,1737.0,1923.0,0.0,0.0,0.0,1738.5
2024-08-23 23:00:00,1641.0,4,8,1738.5,1737.0,0.0,0.0,0.0,1641.0
2024-08-24 00:00:00,1644.0,5,8,1641.0,1738.5,0.0,0.0,0.0,1644.0
2024-08-24 01:00:00,1590.0,5,8,1644.0,1641.0,0.0,0.0,0.0,1590.0
2024-08-24 02:00:00,1597.5,5,8,1590.0,1644.0,0.0,0.0,0.0,1597.5
2024-08-24 03:00:00,1593.0,5,8,1597.5,1590.0,0.0,0.0,0.0,1593.0
2024-08-24 04:00:00,1855.5,5,8,1593.0,1597.5,0.0,0.0,0.0,1855.5
2024-08-24 05:00:00,1870.5,5,8,1855.5,1593.0,0.0,0.0,0.0,1870.5
2024-08-24 06:00:00,1591.5,5,8,1870.5,1855.5,7.171025276184082,7.171025276184082,0.0,1584.328974723816
2024-08-24 07:00:00,1261.5,5,8,1591.5,1870.5,74.39529418945312,74.39529418945312,0.0,1187.1047058105469
2024-08-24 08:00:00,1111.5,5,8,1261.5,1591.5,175.90295791625977,175.90295791625977,0.0,935.5970420837402
2024-08-24 09:00:00,801.0,5,8,1111.5,1261.5,234.48270320892334,234.48270320892334,0.0,566.5172967910767
2024-08-24 10:00:00,697.5,5,8,801.0,1111.5,115.75148105621338,115.75148105621338,0.0,581.7485189437866
2024-08-24 11:00:00,594.0,5,8,697.5,801.0,56.18940353393555,56.18940353393555,0.0,537.8105964660645
2024-08-24 12:00:00,717.0,5,8,594.0,697.5,257.37104415893555,257.37104415893555,0.0,459.62895584106445
2024-08-24 13:00:00,564.0,5,8,717.0,594.0,285.56397914886475,285.56397914886475,0.0,278.43602085113525
2024-08-24 14:00:00,916.5,5,8,564.0,717.0,295.6492567062378,295.6492567062378,0.0,620.8507432937622
2024-08-24 15:00:00,1212.0,5,8,916.5,564.0,157.14041233062744,157.14041233062744,0.0,1054.8595876693726
2024-08-24 16:00:00,1416.0,5,8,1212.0,916.5,108.25301170349121,108.25301170349121,0.0,1307.7469882965088
2024-08-24 17:00:00,1450.5,5,8,1416.0,1212.0,16.73239231109619,16.73239231109619,0.0,1433.7676076889038
2024-08-24 18:00:00,1564.5,5,8,1450.5,1416.0,0.0,0.0,0.0,1564.5
2024-08-24 19:00:00,1566.0,5,8,1564.5,1450.5,0.0,0.0,0.0,1566.0
2024-08-24 20:00:00,1593.0,5,8,1566.0,1564.5,0.0,0.0,0.0,1593.0
2024-08-24 21:00:00,1621.5,5,8,1593.0,1566.0,0.0,0.0,0.0,1621.5
2024-08-24 22:00:00,1933.5,5,8,1621.5,1593.0,0.0,0.0,0.0,1933.5
2024-08-24 23:00:00,1993.5,5,8,1933.5,1621.5,0.0,0.0,0.0,1993.5
2024-08-25 00:00:00,1600.5,6,8,1993.5,1933.5,0.0,0.0,0.0,1600.5
2024-08-25 01:00:00,1581.0,6,8,1600.5,1993.5,0.0,0.0,0.0,1581.0
2024-08-25 02:00:00,1986.0,6,8,1581.0,1600.5,0.0,0.0,0.0,1986.0
2024-08-25 03:00:00,1975.5,6,8,1986.0,1581.0,0.0,0.0,0.0,1975.5
2024-08-25 04:00:00,1897.5,6,8,1975.5,1986.0,0.0,0.0,0.0,1897.5
2024-08-25 05:00:00,1788.0,6,8,1897.5,1975.5,0.0,0.0,0.0,1788.0
2024-08-25 06:00:00,1711.5,6,8,1788.0,1897.5,2.2266197204589844,2.2266197204589844,0.0,1709.273380279541
2024-08-25 07:00:00,1401.0,6,8,1711.5,1788.0,25.278682708740234,25.278682708740234,0.0,1375.7213172912598
2024-08-25 08:00:00,1002.0,6,8,1401.0,1711.5,148.2666778564453,148.2666778564453,0.0,853.7333221435547
2024-08-25 09:00:00,957.0,6,8,1002.0,1401.0,208.61462116241455,208.61462116241455,0.0,748.3853788375854
2024-08-25 10:00:00,913.5,6,8,957.0,1002.0,265.45891284942627,265.45891284942627,0.0,648.0410871505737
2024-08-25 11:00:00,648.0,6,8,913.5,957.0,256.4869451522827,256.4869451522827,0.0,391.5130548477173
2024-08-25 12:00:00,730.5,6,8,648.0,913.5,300.39719581604004,300.39719581604004,0.0,430.10280418395996
2024-08-25 13:00:00,991.5,6,8,730.5,648.0,261.0711622238159,261.0711622238159,0.0,730.4288377761841
2024-08-25 14:00:00,897.0,6,8,991.5,730.5,218.14324378967285,218.14324378967285,0.0,678.8567562103271
2024-08-25 15:00:00,1332.0,6,8,897.0,991.5,214.4758701324463,214.4758701324463,0.0,1117.5241298675537
2024-08-25 16:00:00,1206.0,6,8,1332.0,897.0,57.72839069366455,57.72839069366455,0.0,1148.2716093063354
2024-08-25 17:00:00,1386.0,6,8,1206.0,1332.0,35.953359603881836,35.953359603881836,0.0,1350.0466403961182
2024-08-25 18:00:00,1753.5,6,8,1386.0,1206.0,0.0,0.0,0.0,1753.5
2024-08-25 19:00:00,1576.5,6,8,1753.5,1386.0,0.0,0.0,0.0,1576.5
2024-08-25 20:00:00,1680.0,6,8,1576.5,1753.5,0.0,0.0,0.0,1680.0
2024-08-25 21:00:00,1716.0,6,8,1680.0,1576.5,0.0,0.0,0.0,1716.0
2024-08-25 22:00:00,1902.0,6,8,1716.0,1680.0,0.0,0.0,0.0,1902.0
2024-08-25 23:00:00,1600.5,6,8,1902.0,1716.0,0.0,0.0,0.0,1600.5
2024-08-26 00:00:00,1660.5,0,8,1600.5,1902.0,0.0,0.0,0.0,1660.5
2024-08-26 01:00:00,1615.5,0,8,1660.5,1600.5,0.0,0.0,0.0,1615.5
2024-08-26 02:00:00,1600.5,0,8,1615.5,1660.5,0.0,0.0,0.0,1600.5
2024-08-26 03:00:00,1539.0,0,8,1600.5,1615.5,0.0,0.0,0.0,1539.0
2024-08-26 04:00:00,1761.0,0,8,1539.0,1600.5,0.0,0.0,0.0,1761.0
2024-08-26 05:00:00,1617.0,0,8,1761.0,1539.0,0.0,0.0,0.0,1617.0
2024-08-26 06:00:00,1740.0,0,8,1617.0,1761.0,6.909070014953613,6.909070014953613,0.0,1733.0909299850464
2024-08-26 07:00:00,1467.0,0,8,1740.0,1617.0,71.84123039245605,71.84123039245605,0.0,1395.158769607544
2024-08-26 08:00:00,1132.5,0,8,1467.0,1740.0,163.0671501159668,163.0671501159668,0.0,969.4328498840332
2024-08-26 09:00:00,856.5,0,8,1132.5,1467.0,230.74984073638916,230.74984073638916,0.0,625.7501592636108
2024-08-26 10:00:00,940.5,0,8,856.5,1132.5,211.39789581298828,211.39789581298828,0.0,729.1021041870117
2024-08-26 11:00:00,1161.0,0,8,940.5,856.5,261.26762866973877,261.26762866973877,0.0,899.7323713302612
2024-08-26 12:00:00,856.5,0,8,1161.0,940.5,261.398606300354,261.398606300354,0.0,595.101393699646
2024-08-26 13:00:00,792.0,0,8,856.5,1161.0,313.78965854644775,313.78965854644775,0.0,478.21034145355225
2024-08-26 14:00:00,927.0,0,8,792.0,856.5,233.9915370941162,233.9915370941162,0.0,693.0084629058838
2024-08-26 15:00:00,1359.0,0,8,927.0,792.0,159.95643138885498,159.95643138885498,0.0,1199.043568611145
2024-08-26 16:00:00,1459.5,0,8,1359.0,927.0,69.7128438949585,69.7128438949585,0.0,1389.7871561050415
2024-08-26 17:00:00,1837.5,0,8,1459.5,1359.0,0.6548881530761719,0.6548881530761719,0.0,1836.8451118469238
2024-08-26 18:00:00,1702.5,0,8,1837.5,1459.5,0.0,0.0,0.0,1702.5
2024-08-26 19:00:00,1873.5,0,8,1702.5,1837.5,0.0,0.0,0.0,1873.5
2024-08-26 20:00:00,1969.5,0,8,1873.5,1702.5,0.0,0.0,0.0,1969.5
2024-08-26 21:00:00,1902.0,0,8,1969.5,1873.5,0.0,0.0,0.0,1902.0
2024-08-26 22:00:00,1800.0,0,8,1902.0,1969.5,0.0,0.0,0.0,1800.0
2024-08-26 23:00:00,1686.0,0,8,1800.0,1902.0,0.0,0.0,0.0,1686.0
2024-08-27 00:00:00,1734.0,1,8,1686.0,1800.0,0.0,0.0,0.0,1734.0
2024-08-27 01:00:00,1650.0,1,8,1734.0,1686.0,0.0,0.0,0.0,1650.0
2024-08-27 02:00:00,1656.0,1,8,1650.0,1734.0,0.0,0.0,0.0,1656.0
2024-08-27 03:00:00,1917.0,1,8,1656.0,1650.0,0.0,0.0,0.0,1917.0
2024-08-27 04:00:00,1945.5,1,8,1917.0,1656.0,0.0,0.0,0.0,1945.5
2024-08-27 05:00:00,1518.0,1,8,1945.5,1917.0,0.0,0.0,0.0,1518.0
2024-08-27 06:00:00,1627.5,1,8,1518.0,1945.5,0.3601884841918946,0.3601884841918946,0.0,1627.139811515808
2024-08-27 07:00:00,1647.0,1,8,1627.5,1518.0,9.888811111450195,9.888811111450195,0.0,1637.1111888885498
2024-08-27 08:00:00,981.0,1,8,1647.0,1627.5,90.86573123931886,90.86573123931886,0.0,890.1342687606812
2024-08-27 09:00:00,1062.0,1,8,981.0,1647.0,254.22758102416992,254.22758102416992,0.0,807.7724189758301
2024-08-27 10:00:00,661.5,1,8,1062.0,981.0,86.01955890655518,86.01955890655518,0.0,575.4804410934448
2024-08-27 11:00:00,1041.0,1,8,661.5,1062.0,260.3180408477783,260.3180408477783,0.0,780.6819591522217
2024-08-27 12:00:00,987.0,1,8,1041.0,661.5,173.18517208099368,173.18517208099368,0.0,813.8148279190063
2024-08-27 13:00:00,1041.0,1,8,987.0,1041.0,189.721097946167,189.721097946167,0.0,851.278902053833
2024-08-27 14:00:00,1392.0,1,8,1041.0,987.0,210.15360832214355,210.15360832214355,0.0,1181.8463916778564
2024-08-27 15:00:00,1597.5,1,8,1392.0,1041.0,181.40401840209964,181.40401840209964,0.0,1416.0959815979004
2024-08-27 16:00:00,1320.0,1,8,1597.5,1392.0,84.38233852386475,84.38233852386475,0.0,1235.6176614761353
2024-08-27 17:00:00,1462.5,1,8,1320.0,1597.5,18.566079139709473,18.566079139709473,0.0,1443.9339208602905
2024-08-27 18:00:00,1869.0,1,8,1462.5,1320.0,0.0,0.0,0.0,1869.0
2024-08-27 19:00:00,1972.5,1,8,1869.0,1462.5,0.0,0.0,0.0,1972.5
2024-08-27 20:00:00,2052.0,1,8,1972.5,1869.0,0.0,0.0,0.0,2052.0
2024-08-27 21:00:00,1836.0,1,8,2052.0,1972.5,0.0,0.0,0.0,1836.0
2024-08-27 22:00:00,1858.5,1,8,1836.0,2052.0,0.0,0.0,0.0,1858.5
2024-08-27 23:00:00,1819.5,1,8,1858.5,1836.0,0.0,0.0,0.0,1819.5
2024-08-28 00:00:00,1698.0,2,8,1819.5,1858.5,0.0,0.0,0.0,1698.0
2024-08-28 01:00:00,1687.5,2,8,1698.0,1819.5,0.0,0.0,0.0,1687.5
2024-08-28 02:00:00,2001.0,2,8,1687.5,1698.0,0.0,0.0,0.0,2001.0
2024-08-28 03:00:00,1788.0,2,8,2001.0,1687.5,0.0,0.0,0.0,1788.0
2024-08-28 04:00:00,1797.0,2,8,1788.0,2001.0,0.0,0.0,0.0,1797.0
2024-08-28 05:00:00,1795.5,2,8,1797.0,1788.0,0.0,0.0,0.0,1795.5
2024-08-28 06:00:00,961.5,2,8,1795.5,1797.0,3.8965845108032227,3.8965845108032227,0.0,957.6034154891968
2024-08-28 07:00:00,379.5,2,8,961.5,1795.5,40.27562141418457,40.27562141418457,0.0,339.22437858581543
2024-08-28 08:00:00,22.5,2,8,379.5,961.5,151.41014099121094,22.5,128.91014099121094,0.0
2024-08-28 09:00:00,19.5,2,8,22.5,379.5,221.84336185455322,19.5,202.34336185455322,0.0
2024-08-28 10:00:00,60.0,2,8,19.5,22.5,312.70909309387207,60.0,252.70909309387207,0.0
2024-08-28 11:00:00,145.5,2,8,60.0,19.5,349.48106288909906,145.5,203.98106288909906,0.0
2024-08-28 12:00:00,127.5,2,8,145.5,60.0,323.0890703201294,127.5,195.5890703201294,0.0
2024-08-28 13:00:00,36.0,2,8,127.5,145.5,312.97104835510254,36.0,276.97104835510254,0.0
2024-08-28 14:00:00,55.5,2,8,36.0,127.5,292.1783494949341,55.5,236.67834949493408,0.0
2024-08-28 15:00:00,126.0,2,8,55.5,36.0,214.77056980133057,126.0,88.77056980133057,0.0
2024-08-28 16:00:00,42.0,2,8,126.0,55.5,103.47232818603516,42.0,61.472328186035156,0.0
2024-08-28 17:00:00,105.0,2,8,42.0,126.0,33.399295806884766,33.399295806884766,0.0,71.60070419311523
2024-08-28 18:00:00,154.5,2,8,105.0,42.0,0.0,0.0,0.0,154.5
2024-08-28 19:00:00,136.5,2,8,154.5,105.0,0.0,0.0,0.0,136.5
2024-08-28 20:00:00,210.0,2,8,136.5,154.5,0.0,0.0,0.0,210.0
2024-08-28 21:00:00,240.0,2,8,210.0,136.5,0.0,0.0,0.0,240.0
2024-08-28 22:00:00,276.0,2,8,240.0,210.0,0.0,0.0,0.0,276.0
2024-08-28 23:00:00,288.0,2,8,276.0,240.0,0.0,0.0,0.0,288.0
2024-08-29 00:00:00,294.0,3,8,288.0,276.0,0.0,0.0,0.0,294.0
2024-08-29 01:00:00,334.5,3,8,294.0,288.0,0.0,0.0,0.0,334.5
2024-08-29 02:00:00,343.5,3,8,334.5,294.0,0.0,0.0,0.0,343.5
2024-08-29 03:00:00,334.5,3,8,343.5,334.5,0.0,0.0,0.0,334.5
2024-08-29 04:00:00,328.5,3,8,334.5,343.5,0.0,0.0,0.0,328.5
2024-08-29 05:00:00,280.5,3,8,328.5,334.5,0.0,0.0,0.0,280.5
2024-08-29 06:00:00,273.0,3,8,280.5,328.5,7.465724945068359,7.465724945068359,0.0,265.53427505493164
2024-08-29 07:00:00,133.5,3,8,273.0,280.5,56.87703609466553,56.87703609466553,0.0,76.62296390533447
2024-08-29 08:00:00,697.5,3,8,133.5,273.0,175.18258094787598,175.18258094787598,0.0,522.317419052124
2024-08-29 09:00:00,1219.5,3,8,697.5,133.5,244.10955905914307,244.10955905914307,0.0,975.3904409408569
2024-08-29 10:00:00,714.0,3,8,1219.5,697.5,323.67846965789795,323.67846965789795,0.0,390.32153034210205
2024-08-29 11:00:00,568.5,3,8,714.0,1219.5,329.8999071121216,329.8999071121216,0.0,238.60009288787842
2024-08-29 12:00:00,688.5,3,8,568.5,714.0,313.75691413879395,313.75691413879395,0.0,374.74308586120605
2024-08-29 13:00:00,1389.0,3,8,688.5,568.5,325.90508937835693,325.90508937835693,0.0,1063.094910621643
2024-08-29 14:00:00,1491.0,3,8,1389.0,688.5,287.9870653152466,287.9870653152466,0.0,1203.0129346847534
2024-08-29 15:00:00,2040.0,3,8,1491.0,1389.0,140.6044864654541,140.6044864654541,0.0,1899.395513534546
2024-08-29 16:00:00,1662.0,3,8,2040.0,1491.0,34.05418395996094,34.05418395996094,0.0,1627.945816040039
2024-08-29 17:00:00,1954.5,3,8,1662.0,2040.0,9.5286226272583,9.5286226272583,0.0,1944.9713773727417
2024-08-29 18:00:00,1707.0,3,8,1954.5,1662.0,0.0,0.0,0.0,1707.0
2024-08-29 19:00:00,1683.0,3,8,1707.0,1954.5,0.0,0.0,0.0,1683.0
2024-08-29 20:00:00,1870.5,3,8,1683.0,1707.0,0.0,0.0,0.0,1870.5
2024-08-29 21:00:00,2065.5,3,8,1870.5,1683.0,0.0,0.0,0.0,2065.5
2024-08-29 22:00:00,1800.0,3,8,2065.5,1870.5,0.0,0.0,0.0,1800.0
2024-08-29 23:00:00,1657.5,3,8,1800.0,2065.5,0.0,0.0,0.0,1657.5
2024-08-30 00:00:00,1708.5,4,8,1657.5,1800.0,0.0,0.0,0.0,1708.5
2024-08-30 01:00:00,1657.5,4,8,1708.5,1657.5,0.0,0.0,0.0,1657.5
2024-08-30 02:00:00,1632.0,4,8,1657.5,1708.5,0.0,0.0,0.0,1632.0
2024-08-30 03:00:00,1660.5,4,8,1632.0,1657.5,0.0,0.0,0.0,1660.5
2024-08-30 04:00:00,1783.5,4,8,1660.5,1632.0,0.0,0.0,0.0,1783.5
2024-08-30 05:00:00,1882.5,4,8,1783.5,1660.5,0.0,0.0,0.0,1882.5
2024-08-30 06:00:00,1764.0,4,8,1882.5,1783.5,3.863840103149414,3.863840103149414,0.0,1760.1361598968506
2024-08-30 07:00:00,1435.5,4,8,1764.0,1882.5,37.03392505645752,37.03392505645752,0.0,1398.4660749435425
2024-08-30 08:00:00,1033.5,4,8,1435.5,1764.0,157.66432285308838,157.66432285308838,0.0,875.8356771469116
2024-08-30 09:00:00,783.0,4,8,1033.5,1435.5,122.75878429412842,122.75878429412842,0.0,660.2412157058716
2024-08-30 10:00:00,897.0,4,8,783.0,1033.5,230.9135627746582,230.9135627746582,0.0,666.0864372253418
2024-08-30 11:00:00,699.0,4,8,897.0,783.0,196.40095710754395,196.40095710754395,0.0,502.59904289245605
2024-08-30 12:00:00,834.0,4,8,699.0,897.0,317.22782135009766,317.22782135009766,0.0,516.7721786499023
2024-08-30 13:00:00,657.0,4,8,834.0,699.0,325.381178855896,325.381178855896,0.0,331.618821144104
2024-08-30 14:00:00,1249.5,4,8,657.0,834.0,307.8956651687622,307.8956651687622,0.0,941.6043348312378
2024-08-30 15:00:00,1252.5,4,8,1249.5,657.0,156.5837574005127,156.5837574005127,0.0,1095.9162425994873
2024-08-30 16:00:00,1675.5,4,8,1252.5,1249.5,52.39105224609375,52.39105224609375,0.0,1623.1089477539062
2024-08-30 17:00:00,1573.5,4,8,1675.5,1252.5,1.047821044921875,1.047821044921875,0.0,1572.4521789550781
2024-08-30 18:00:00,1714.5,4,8,1573.5,1675.5,0.0,0.0,0.0,1714.5
2024-08-30 19:00:00,1504.5,4,8,1714.5,1573.5,0.0,0.0,0.0,1504.5
2024-08-30 20:00:00,1782.0,4,8,1504.5,1714.5,0.0,0.0,0.0,1782.0
2024-08-30 21:00:00,2020.5,4,8,1782.0,1504.5,0.0,0.0,0.0,2020.5
2024-08-30 22:00:00,1621.5,4,8,2020.5,1782.0,0.0,0.0,0.0,1621.5
2024-08-30 23:00:00,1581.0,4,8,1621.5,2020.5,0.0,0.0,0.0,1581.0
2024-08-31 00:00:00,2041.5,5,8,1581.0,1621.5,0.0,0.0,0.0,2041.5
2024-08-31 01:00:00,1749.0,5,8,2041.5,1581.0,0.0,0.0,0.0,1749.0
2024-08-31 02:00:00,1651.5,5,8,1749.0,2041.5,0.0,0.0,0.0,1651.5
2024-08-31 03:00:00,1576.5,5,8,1651.5,1749.0,0.0,0.0,0.0,1576.5
2024-08-31 04:00:00,1962.0,5,8,1576.5,1651.5,0.0,0.0,0.0,1962.0
2024-08-31 05:00:00,1887.0,5,8,1962.0,1576.5,0.0,0.0,0.0,1887.0
2024-08-31 06:00:00,1735.5,5,8,1887.0,1962.0,3.1107187271118164,3.1107187271118164,0.0,1732.3892812728882
2024-08-31 07:00:00,1354.5,5,8,1735.5,1887.0,43.32085132598877,43.32085132598877,0.0,1311.1791486740112
2024-08-31 08:00:00,1087.5,5,8,1354.5,1735.5,79.73263263702393,79.73263263702393,0.0,1007.7673673629761
2024-08-31 09:00:00,1030.5,5,8,1087.5,1354.5,184.87492561340332,184.87492561340332,0.0,845.6250743865967
2024-08-31 10:00:00,793.5,5,8,1030.5,1087.5,284.05773639678955,284.05773639678955,0.0,509.44226360321045
2024-08-31 11:00:00,661.5,5,8,793.5,1030.5,298.85820865631104,298.85820865631104,0.0,362.64179134368896
2024-08-31 12:00:00,921.0,5,8,661.5,793.5,348.8916635513305,348.8916635513305,0.0,572.1083364486694
2024-08-31 13:00:00,1351.5,5,8,921.0,661.5,249.70885276794434,249.70885276794434,0.0,1101.7911472320557
2024-08-31 14:00:00,1116.0,5,8,1351.5,921.0,223.57881546020508,223.57881546020508,0.0,892.4211845397949
2024-08-31 15:00:00,1101.0,5,8,1116.0,1351.5,70.33498764038086,70.33498764038086,0.0,1030.6650123596191
2024-08-31 16:00:00,1105.5,5,8,1101.0,1116.0,14.44028377532959,14.44028377532959,0.0,1091.0597162246704
2024-08-31 17:00:00,1888.5,5,8,1105.5,1101.0,14.604005813598633,14.604005813598633,0.0,1873.8959941864014
2024-08-31 18:00:00,2085.0,5,8,1888.5,1105.5,0.0,0.0,0.0,2085.0
2024-08-31 19:00:00,1845.0,5,8,2085.0,1888.5,0.0,0.0,0.0,1845.0
2024-08-31 20:00:00,1596.0,5,8,1845.0,2085.0,0.0,0.0,0.0,1596.0
2024-08-31 21:00:00,2080.5,5,8,1596.0,1845.0,0.0,0.0,0.0,2080.5
2024-08-31 22:00:00,1711.5,5,8,2080.5,1596.0,0.0,0.0,0.0,1711.5
2024-08-31 23:00:00,1998.0,5,8,1711.5,2080.5,0.0,0.0,0.0,1998.0
2024-09-01 00:00:00,1719.0,6,9,1998.0,1711.5,0.0,0.0,0.0,1719.0
2024-09-01 01:00:00,1956.0,6,9,1719.0,1998.0,0.0,0.0,0.0,1956.0
2024-09-01 02:00:00,1719.0,6,9,1956.0,1719.0,0.0,0.0,0.0,1719.0
2024-09-01 03:00:00,1983.0,6,9,1719.0,1956.0,0.0,0.0,0.0,1983.0
2024-09-01 04:00:00,1588.5,6,9,1983.0,1719.0,0.0,0.0,0.0,1588.5
2024-09-01 05:00:00,1950.0,6,9,1588.5,1983.0,0.0,0.0,0.0,1950.0
2024-09-01 06:00:00,1632.0,6,9,1950.0,1588.5,7.92414665222168,7.92414665222168,0.0,1624.0758533477783
2024-09-01 07:00:00,1206.0,6,9,1632.0,1950.0,73.38021755218506,73.38021755218506,0.0,1132.619782447815
2024-09-01 08:00:00,828.0,6,9,1206.0,1632.0,183.56514930725098,183.56514930725098,0.0,644.434850692749
2024-09-01 09:00:00,1030.5,6,9,828.0,1206.0,255.2754020690918,255.2754020690918,0.0,775.2245979309082
2024-09-01 10:00:00,748.5,6,9,1030.5,828.0,311.49755001068115,311.49755001068115,0.0,437.00244998931885
2024-09-01 11:00:00,502.5,6,9,748.5,1030.5,349.6447849273682,349.6447849273682,0.0,152.85521507263178
2024-09-01 12:00:00,585.0,6,9,502.5,748.5,309.6966075897217,309.6966075897217,0.0,275.3033924102783
2024-09-01 13:00:00,834.0,6,9,585.0,502.5,331.34066104888916,331.34066104888916,0.0,502.65933895111084
2024-09-01 14:00:00,1164.0,6,9,834.0,585.0,255.01344680786133,255.01344680786133,0.0,908.9865531921387
2024-09-01 15:00:00,1341.0,6,9,1164.0,834.0,290.86857318878174,290.86857318878174,0.0,1050.1314268112183
2024-09-01 16:00:00,1600.5,6,9,1341.0,1164.0,151.11544132232666,151.11544132232666,0.0,1449.3845586776733
2024-09-01 17:00:00,1728.0,6,9,1600.5,1341.0,37.819790840148926,37.819790840148926,0.0,1690.180209159851
2024-09-01 18:00:00,1918.5,6,9,1728.0,1600.5,0.0,0.0,0.0,1918.5
2024-09-01 19:00:00,1756.5,6,9,1918.5,1728.0,0.0,0.0,0.0,1756.5
2024-09-01 20:00:00,1813.5,6,9,1756.5,1918.5,0.0,0.0,0.0,1813.5
2024-09-01 21:00:00,1713.0,6,9,1813.5,1756.5,0.0,0.0,0.0,1713.0
2024-09-01 22:00:00,1888.5,6,9,1713.0,1813.5,0.0,0.0,0.0,1888.5
2024-09-01 23:00:00,1732.5,6,9,1888.5,1713.0,0.0,0.0,0.0,1732.5
2024-09-02 00:00:00,1662.0,0,9,1732.5,1888.5,0.0,0.0,0.0,1662.0
2024-09-02 01:00:00,1875.0,0,9,1662.0,1732.5,0.0,0.0,0.0,1875.0
2024-09-02 02:00:00,1876.5,0,9,1875.0,1662.0,0.0,0.0,0.0,1876.5
2024-09-02 03:00:00,1747.5,0,9,1876.5,1875.0,0.0,0.0,0.0,1747.5
2024-09-02 04:00:00,1813.5,0,9,1747.5,1876.5,0.0,0.0,0.0,1813.5
2024-09-02 05:00:00,1675.5,0,9,1813.5,1747.5,0.0,0.0,0.0,1675.5
2024-09-02 06:00:00,1734.0,0,9,1675.5,1813.5,3.8965845108032227,3.8965845108032227,0.0,1730.1034154891968
2024-09-02 07:00:00,1539.0,0,9,1734.0,1675.5,40.373854637145996,40.373854637145996,0.0,1498.626145362854
2024-09-02 08:00:00,1105.5,0,9,1539.0,1734.0,146.10554695129395,146.10554695129395,0.0,959.394453048706
2024-09-02 09:00:00,1312.5,0,9,1105.5,1539.0,231.01179599761963,231.01179599761963,0.0,1081.4882040023804
2024-09-02 10:00:00,1674.0,0,9,1312.5,1105.5,316.04902267456055,316.04902267456055,0.0,1357.9509773254395
2024-09-02 11:00:00,1413.0,0,9,1674.0,1312.5,311.3010835647583,311.3010835647583,0.0,1101.6989164352417
2024-09-02 12:00:00,652.5,0,9,1413.0,1674.0,349.3173408508301,349.3173408508301,0.0,303.1826591491699
2024-09-02 13:00:00,634.5,0,9,652.5,1413.0,352.4280595779419,352.4280595779419,0.0,282.0719404220581
2024-09-02 14:00:00,1597.5,0,9,634.5,652.5,359.6645736694336,359.6645736694336,0.0,1237.8354263305664
2024-09-02 15:00:00,2001.0,0,9,1597.5,634.5,261.0056734085083,261.0056734085083,0.0,1739.9943265914917
2024-09-02 16:00:00,1656.0,0,9,2001.0,1597.5,159.82545375823975,159.82545375823975,0.0,1496.1745462417603
2024-09-02 17:00:00,1759.5,0,9,1656.0,2001.0,39.260544776916504,39.260544776916504,0.0,1720.2394552230835
2024-09-02 18:00:00,1975.5,0,9,1759.5,1656.0,0.0,0.0,0.0,1975.5
2024-09-02 19:00:00,1626.0,0,9,1975.5,1759.5,0.0,0.0,0.0,1626.0
2024-09-02 20:00:00,1746.0,0,9,1626.0,1975.5,0.0,0.0,0.0,1746.0
2024-09-02 21:00:00,2089.5,0,9,1746.0,1626.0,0.0,0.0,0.0,2089.5
2024-09-02 22:00:00,1690.5,0,9,2089.5,1746.0,0.0,0.0,0.0,1690.5
2024-09-02 23:00:00,1693.5,0,9,1690.5,2089.5,0.0,0.0,0.0,1693.5
2024-09-03 00:00:00,1959.0,1,9,1693.5,1690.5,0.0,0.0,0.0,1959.0
2024-09-03 01:00:00,2010.0,1,9,1959.0,1693.5,0.0,0.0,0.0,2010.0
2024-09-03 02:00:00,1722.0,1,9,2010.0,1959.0,0.0,0.0,0.0,1722.0
2024-09-03 03:00:00,1699.5,1,9,1722.0,2010.0,0.0,0.0,0.0,1699.5
2024-09-03 04:00:00,2041.5,1,9,1699.5,1722.0,0.0,0.0,0.0,2041.5
2024-09-03 05:00:00,1797.0,1,9,2041.5,1699.5,0.0,0.0,0.0,1797.0
2024-09-03 06:00:00,1189.5,1,9,1797.0,2041.5,7.498469352722168,7.498469352722168,0.0,1182.0015306472778
2024-09-03 07:00:00,600.0,1,9,1189.5,1797.0,70.92438697814941,70.92438697814941,0.0,529.0756130218506
2024-09-03 08:00:00,57.0,1,9,600.0,1189.5,231.86315059661865,57.0,174.86315059661865,0.0
2024-09-03 09:00:00,124.5,1,9,57.0,600.0,324.13689136505127,124.5,199.63689136505127,0.0
2024-09-03 10:00:00,177.0,1,9,124.5,57.0,309.8603296279907,177.0,132.86032962799072,0.0
2024-09-03 11:00:00,168.0,1,9,177.0,124.5,419.4558620452881,168.0,251.4558620452881,0.0
2024-09-03 12:00:00,0.0,1,9,168.0,177.0,426.3321876525879,0.0,426.3321876525879,0.0
2024-09-03 13:00:00,103.5,1,9,0.0,168.0,400.26763916015625,103.5,296.76763916015625,0.0
2024-09-03 14:00:00,148.5,1,9,103.5,0.0,304.55573558807373,148.5,156.05573558807373,0.0
2024-09-03 15:00:00,54.0,1,9,148.5,103.5,223.77528190612793,54.0,169.77528190612793,0.0
2024-09-03 16:00:00,106.5,1,9,54.0,148.5,49.509544372558594,49.509544372558594,0.0,56.990455627441406
2024-09-03 17:00:00,184.5,1,9,106.5,54.0,5.304594039916992,5.304594039916992,0.0,179.195405960083
2024-09-03 18:00:00,240.0,1,9,184.5,106.5,0.0,0.0,0.0,240.0
2024-09-03 19:00:00,244.5,1,9,240.0,184.5,0.0,0.0,0.0,244.5
2024-09-03 20:00:00,796.5,1,9,244.5,240.0,0.0,0.0,0.0,796.5
2024-09-03 21:00:00,1494.0,1,9,796.5,244.5,0.0,0.0,0.0,1494.0
2024-09-03 22:00:00,1668.0,1,9,1494.0,796.5,0.0,0.0,0.0,1668.0
2024-09-03 23:00:00,1734.0,1,9,1668.0,1494.0,0.0,0.0,0.0,1734.0
2024-09-04 00:00:00,2151.0,2,9,1734.0,1668.0,0.0,0.0,0.0,2151.0
2024-09-04 01:00:00,2152.5,2,9,2151.0,1734.0,0.0,0.0,0.0,2152.5
2024-09-04 02:00:00,2094.0,2,9,2152.5,2151.0,0.0,0.0,0.0,2094.0
2024-09-04 03:00:00,2340.0,2,9,2094.0,2152.5,0.0,0.0,0.0,2340.0
2024-09-04 04:00:00,2272.5,2,9,2340.0,2094.0,0.0,0.0,0.0,2272.5
2024-09-04 05:00:00,2389.5,2,9,2272.5,2340.0,0.0,0.0,0.0,2389.5
2024-09-04 06:00:00,2197.5,2,9,2389.5,2272.5,6.6471147537231445,6.6471147537231445,0.0,2190.852885246277
2024-09-04 07:00:00,1426.5,2,9,2197.5,2389.5,72.82356262207031,72.82356262207031,0.0,1353.6764373779297
2024-09-04 08:00:00,826.5,2,9,1426.5,2197.5,166.47256851196286,166.47256851196286,0.0,660.0274314880371
2024-09-04 09:00:00,1221.0,2,9,826.5,1426.5,249.5778751373291,249.5778751373291,0.0,971.4221248626709
2024-09-04 10:00:00,2896.5,2,9,1221.0,826.5,309.92581844329834,309.92581844329834,0.0,2586.5741815567017
2024-09-04 11:00:00,2392.5,2,9,2896.5,1221.0,429.4756507873535,429.4756507873535,0.0,1963.0243492126465
2024-09-04 12:00:00,2389.5,2,9,2392.5,2896.5,338.4461975097657,338.4461975097657,0.0,2051.0538024902344
2024-09-04 13:00:00,2659.5,2,9,2389.5,2392.5,325.7413673400879,325.7413673400879,0.0,2333.758632659912
2024-09-04 14:00:00,1842.0,2,9,2659.5,2389.5,365.3293561935424,365.3293561935424,0.0,1476.6706438064575
2024-09-04 15:00:00,3222.0,2,9,1842.0,2659.5,157.53334522247314,157.53334522247314,0.0,3064.466654777527
2024-09-04 16:00:00,3427.5,2,9,3222.0,1842.0,156.71473503112793,156.71473503112793,0.0,3270.785264968872
2024-09-04 17:00:00,3751.5,2,9,3427.5,3222.0,54.02827262878418,54.02827262878418,0.0,3697.471727371216
2024-09-04 18:00:00,3855.0,2,9,3751.5,3427.5,0.0,0.0,0.0,3855.0
2024-09-04 19:00:00,3193.5,2,9,3855.0,3751.5,0.0,0.0,0.0,3193.5
2024-09-04 20:00:00,3684.0,2,9,3193.5,3855.0,0.0,0.0,0.0,3684.0
2024-09-04 21:00:00,4002.0,2,9,3684.0,3193.5,0.0,0.0,0.0,4002.0
2024-09-04 22:00:00,3460.5,2,9,4002.0,3684.0,0.0,0.0,0.0,3460.5
2024-09-04 23:00:00,3601.5,2,9,3460.5,4002.0,0.0,0.0,0.0,3601.5
2024-09-05 00:00:00,3700.5,3,9,3601.5,3460.5,0.0,0.0,0.0,3700.5
2024-09-05 01:00:00,4194.0,3,9,3700.5,3601.5,0.0,0.0,0.0,4194.0
2024-09-05 02:00:00,3735.0,3,9,4194.0,3700.5,0.0,0.0,0.0,3735.0
2024-09-05 03:00:00,3595.5,3,9,3735.0,4194.0,0.0,0.0,0.0,3595.5
2024-09-05 04:00:00,3786.0,3,9,3595.5,3735.0,0.0,0.0,0.0,3786.0
2024-09-05 05:00:00,4111.5,3,9,3786.0,3595.5,0.0,0.0,0.0,4111.5
2024-09-05 06:00:00,3778.5,3,9,4111.5,3786.0,5.861248970031738,5.861248970031738,0.0,3772.6387510299683
2024-09-05 07:00:00,2280.0,3,9,3778.5,4111.5,106.35383605957031,106.35383605957031,0.0,2173.6461639404297
2024-09-05 08:00:00,2007.0,3,9,2280.0,3778.5,233.66409301757812,233.66409301757812,0.0,1773.3359069824219
2024-09-05 09:00:00,1654.5,3,9,2007.0,2280.0,329.8999071121216,329.8999071121216,0.0,1324.6000928878784
2024-09-05 10:00:00,1966.5,3,9,1654.5,2007.0,395.74891090393066,395.74891090393066,0.0,1570.7510890960693
2024-09-05 11:00:00,1891.5,3,9,1966.5,1654.5,433.01204681396484,433.01204681396484,0.0,1458.4879531860352
2024-09-05 12:00:00,2347.5,3,9,1891.5,1966.5,439.3317174911499,439.3317174911499,0.0,1908.16828250885
2024-09-05 13:00:00,1539.0,3,9,2347.5,1891.5,414.9371337890625,414.9371337890625,0.0,1124.0628662109375
2024-09-05 14:00:00,2464.5,3,9,1539.0,2347.5,365.3293561935424,365.3293561935424,0.0,2099.1706438064575
2024-09-05 15:00:00,2616.0,3,9,2464.5,1539.0,286.5135669708252,286.5135669708252,0.0,2329.486433029175
2024-09-05 16:00:00,2902.5,3,9,2616.0,2464.5,126.42615795135498,126.42615795135498,0.0,2776.073842048645
2024-09-05 17:00:00,3580.5,3,9,2902.5,2616.0,25.049471855163574,25.049471855163574,0.0,3555.4505281448364
2024-09-05 18:00:00,4593.0,3,9,3580.5,2902.5,0.0,0.0,0.0,4593.0
2024-09-05 19:00:00,3553.5,3,9,4593.0,3580.5,0.0,0.0,0.0,3553.5
2024-09-05 20:00:00,3741.0,3,9,3553.5,4593.0,0.0,0.0,0.0,3741.0
2024-09-05 21:00:00,4240.5,3,9,3741.0,3553.5,0.0,0.0,0.0,4240.5
2024-09-05 22:00:00,3685.5,3,9,4240.5,3741.0,0.0,0.0,0.0,3685.5
2024-09-05 23:00:00,3667.5,3,9,3685.5,4240.5,0.0,0.0,0.0,3667.5
2024-09-06 00:00:00,3607.5,4,9,3667.5,3685.5,0.0,0.0,0.0,3607.5
2024-09-06 01:00:00,3886.5,4,9,3607.5,3667.5,0.0,0.0,0.0,3886.5
2024-09-06 02:00:00,3082.5,4,9,3886.5,3607.5,0.0,0.0,0.0,3082.5
2024-09-06 03:00:00,3913.5,4,9,3082.5,3886.5,0.0,0.0,0.0,3913.5
2024-09-06 04:00:00,4242.0,4,9,3913.5,3082.5,0.0,0.0,0.0,4242.0
2024-09-06 05:00:00,3972.0,4,9,4242.0,3913.5,0.0,0.0,0.0,3972.0
2024-09-06 06:00:00,3660.0,4,9,3972.0,4242.0,8.775501251220703,8.775501251220703,0.0,3651.2244987487793
2024-09-06 07:00:00,2298.0,4,9,3660.0,3972.0,79.2742109298706,79.2742109298706,0.0,2218.7257890701294
2024-09-06 08:00:00,2079.0,4,9,2298.0,3660.0,237.20048904418945,237.20048904418945,0.0,1841.7995109558105
2024-09-06 09:00:00,2580.0,4,9,2079.0,2298.0,332.02829360961914,332.02829360961914,0.0,2247.971706390381
2024-09-06 10:00:00,1161.0,4,9,2580.0,2079.0,312.61085987091064,312.61085987091064,0.0,848.3891401290894
2024-09-06 11:00:00,1801.5,4,9,1161.0,2580.0,434.97671127319336,434.97671127319336,0.0,1366.5232887268066
2024-09-06 12:00:00,2055.0,4,9,1801.5,1161.0,442.57341384887695,442.57341384887695,0.0,1612.426586151123
2024-09-06 13:00:00,1939.5,4,9,2055.0,1801.5,419.32488441467285,419.32488441467285,0.0,1520.1751155853271
2024-09-06 14:00:00,2542.5,4,9,1939.5,2055.0,368.7020301818847,368.7020301818847,0.0,2173.7979698181152
2024-09-06 15:00:00,2520.0,4,9,2542.5,1939.5,288.24902057647705,288.24902057647705,0.0,2231.750979423523
2024-09-06 16:00:00,2685.0,4,9,2520.0,2542.5,160.90601921081543,160.90601921081543,0.0,2524.0939807891846
2024-09-06 17:00:00,3949.5,4,9,2685.0,2520.0,53.99552822113037,53.99552822113037,0.0,3895.5044717788696
2024-09-06 18:00:00,4423.5,4,9,3949.5,2685.0,0.0,0.0,0.0,4423.5
2024-09-06 19:00:00,4021.5,4,9,4423.5,3949.5,0.0,0.0,0.0,4021.5
2024-09-06 20:00:00,4216.5,4,9,4021.5,4423.5,0.0,0.0,0.0,4216.5
2024-09-06 21:00:00,4459.5,4,9,4216.5,4021.5,0.0,0.0,0.0,4459.5
2024-09-06 22:00:00,4003.5,4,9,4459.5,4216.5,0.0,0.0,0.0,4003.5
2024-09-06 23:00:00,3886.5,4,9,4003.5,4459.5,0.0,0.0,0.0,3886.5
2024-09-07 00:00:00,3943.5,5,9,3886.5,4003.5,0.0,0.0,0.0,3943.5
2024-09-07 01:00:00,3991.5,5,9,3943.5,3886.5,0.0,0.0,0.0,3991.5
2024-09-07 02:00:00,3772.5,5,9,3991.5,3943.5,0.0,0.0,0.0,3772.5
2024-09-07 03:00:00,3933.0,5,9,3772.5,3991.5,0.0,0.0,0.0,3933.0
2024-09-07 04:00:00,4348.5,5,9,3933.0,3772.5,0.0,0.0,0.0,4348.5
2024-09-07 05:00:00,4315.5,5,9,4348.5,3933.0,0.0,0.0,0.0,4315.5
2024-09-07 06:00:00,3969.0,5,9,4315.5,4348.5,6.6471147537231445,6.6471147537231445,0.0,3962.352885246277
2024-09-07 07:00:00,3268.5,5,9,3969.0,4315.5,72.49611854553223,72.49611854553223,0.0,3196.003881454468
2024-09-07 08:00:00,3067.5,5,9,3268.5,3969.0,163.65654945373535,163.65654945373535,0.0,2903.8434505462646
2024-09-07 09:00:00,3427.5,5,9,3067.5,3268.5,259.33570861816406,259.33570861816406,0.0,3168.164291381836
2024-09-07 10:00:00,2815.5,5,9,3427.5,3067.5,238.477520942688,238.477520942688,0.0,2577.022479057312
2024-09-07 11:00:00,2359.5,5,9,2815.5,3427.5,314.6410131454468,314.6410131454468,0.0,2044.8589868545532
2024-09-07 12:00:00,2718.0,5,9,2359.5,2815.5,376.49519920349115,376.49519920349115,0.0,2341.504800796509
2024-09-07 13:00:00,2731.5,5,9,2718.0,2359.5,340.27988433837885,340.27988433837885,0.0,2391.220115661621
2024-09-07 14:00:00,2604.0,5,9,2731.5,2718.0,325.7086229324341,325.7086229324341,0.0,2278.291377067566
2024-09-07 15:00:00,2577.0,5,9,2604.0,2731.5,241.68647289276123,241.68647289276123,0.0,2335.3135271072388
2024-09-07 16:00:00,3024.0,5,9,2577.0,2604.0,150.1331090927124,150.1331090927124,0.0,2873.8668909072876
2024-09-07 17:00:00,4051.5,5,9,3024.0,2577.0,52.42379665374756,52.42379665374756,0.0,3999.0762033462524
2024-09-07 18:00:00,3936.0,5,9,4051.5,3024.0,0.0,0.0,0.0,3936.0
2024-09-07 19:00:00,3648.0,5,9,3936.0,4051.5,0.0,0.0,0.0,3648.0
2024-09-07 20:00:00,3978.0,5,9,3648.0,3936.0,0.0,0.0,0.0,3978.0
2024-09-07 21:00:00,4870.5,5,9,3978.0,3648.0,0.0,0.0,0.0,4870.5
2024-09-07 22:00:00,4560.0,5,9,4870.5,3978.0,0.0,0.0,0.0,4560.0
2024-09-07 23:00:00,4122.0,5,9,4560.0,4870.5,0.0,0.0,0.0,4122.0
2024-09-08 00:00:00,4233.0,6,9,4122.0,4560.0,0.0,0.0,0.0,4233.0
2024-09-08 01:00:00,4282.5,6,9,4233.0,4122.0,0.0,0.0,0.0,4282.5
2024-09-08 02:00:00,3867.0,6,9,4282.5,4233.0,0.0,0.0,0.0,3867.0
2024-09-08 03:00:00,3612.0,6,9,3867.0,4282.5,0.0,0.0,0.0,3612.0
2024-09-08 04:00:00,3951.0,6,9,3612.0,3867.0,0.0,0.0,0.0,3951.0
2024-09-08 05:00:00,4254.0,6,9,3951.0,3612.0,0.0,0.0,0.0,4254.0
2024-09-08 06:00:00,3969.0,6,9,4254.0,3951.0,6.614370346069336,6.614370346069336,0.0,3962.3856296539307
2024-09-08 07:00:00,3582.0,6,9,3969.0,4254.0,62.80377388000488,62.80377388000488,0.0,3519.196226119995
2024-09-08 08:00:00,2515.5,6,9,3582.0,3969.0,146.07280254364014,146.07280254364014,0.0,2369.42719745636
2024-09-08 09:00:00,2631.0,6,9,2515.5,3582.0,254.81698036193848,254.81698036193848,0.0,2376.1830196380615
2024-09-08 10:00:00,2476.5,6,9,2631.0,2515.5,333.79649162292486,333.79649162292486,0.0,2142.703508377075
2024-09-08 11:00:00,2353.5,6,9,2476.5,2631.0,347.5818872451783,347.5818872451783,0.0,2005.9181127548218
2024-09-08 12:00:00,2040.0,6,9,2353.5,2476.5,434.6820116043091,434.6820116043091,0.0,1605.317988395691
2024-09-08 13:00:00,2782.5,6,9,2040.0,2353.5,326.9529104232788,326.9529104232788,0.0,2455.547089576721
2024-09-08 14:00:00,1821.0,6,9,2782.5,2040.0,283.5010814666748,283.5010814666748,0.0,1537.4989185333252
2024-09-08 15:00:00,2320.5,6,9,1821.0,2782.5,275.4787015914917,275.4787015914917,0.0,2045.0212984085083
2024-09-08 16:00:00,2899.5,6,9,2320.5,1821.0,171.0567855834961,171.0567855834961,0.0,2728.443214416504
2024-09-08 17:00:00,4009.5,6,9,2899.5,2320.5,46.56254768371582,46.56254768371582,0.0,3962.937452316284
2024-09-08 18:00:00,4576.5,6,9,4009.5,2899.5,0.0,0.0,0.0,4576.5
2024-09-08 19:00:00,4318.5,6,9,4576.5,4009.5,0.0,0.0,0.0,4318.5
2024-09-08 20:00:00,4429.5,6,9,4318.5,4576.5,0.0,0.0,0.0,4429.5
2024-09-08 21:00:00,4320.0,6,9,4429.5,4318.5,0.0,0.0,0.0,4320.0
2024-09-08 22:00:00,4141.5,6,9,4320.0,4429.5,0.0,0.0,0.0,4141.5
2024-09-08 23:00:00,4365.0,6,9,4141.5,4320.0,0.0,0.0,0.0,4365.0
2024-09-09 00:00:00,3757.5,0,9,4365.0,4141.5,0.0,0.0,0.0,3757.5
2024-09-09 01:00:00,4123.5,0,9,3757.5,4365.0,0.0,0.0,0.0,4123.5
2024-09-09 02:00:00,4579.5,0,9,4123.5,3757.5,0.0,0.0,0.0,4579.5
2024-09-09 03:00:00,4507.5,0,9,4579.5,4123.5,0.0,0.0,0.0,4507.5
2024-09-09 04:00:00,4027.5,0,9,4507.5,4579.5,0.0,0.0,0.0,4027.5
2024-09-09 05:00:00,3550.5,0,9,4027.5,4507.5,0.0,0.0,0.0,3550.5
2024-09-09 06:00:00,3381.0,0,9,3550.5,4027.5,2.685041427612305,2.685041427612305,0.0,3378.3149585723877
2024-09-09 07:00:00,2935.5,0,9,3381.0,3550.5,30.779743194580078,30.779743194580078,0.0,2904.72025680542
2024-09-09 08:00:00,2020.5,0,9,2935.5,3381.0,152.94912815093994,152.94912815093994,0.0,1867.55087184906
2024-09-09 09:00:00,1684.5,0,9,2020.5,2935.5,17.158069610595703,17.158069610595703,0.0,1667.3419303894043
2024-09-09 10:00:00,1914.0,0,9,1684.5,2020.5,26.031804084777832,26.031804084777832,0.0,1887.9681959152222
2024-09-09 11:00:00,1075.5,0,9,1914.0,1684.5,42.927918434143066,42.927918434143066,0.0,1032.572081565857
2024-09-09 12:00:00,1050.0,0,9,1075.5,1914.0,119.81178760528564,119.81178760528564,0.0,930.1882123947144
2024-09-09 13:00:00,1830.0,0,9,1050.0,1075.5,265.32793521881104,265.32793521881104,0.0,1564.672064781189
2024-09-09 14:00:00,1393.5,0,9,1830.0,1050.0,273.546781539917,273.546781539917,0.0,1119.953218460083
2024-09-09 15:00:00,1620.0,0,9,1393.5,1830.0,219.68223094940186,219.68223094940186,0.0,1400.3177690505981
2024-09-09 16:00:00,2281.5,0,9,1620.0,1393.5,87.6567792892456,87.6567792892456,0.0,2193.8432207107544
2024-09-09 17:00:00,2661.0,0,9,2281.5,1620.0,14.047350883483887,14.047350883483887,0.0,2646.952649116516
2024-09-09 18:00:00,2848.5,0,9,2661.0,2281.5,0.0,0.0,0.0,2848.5
2024-09-09 19:00:00,2074.5,0,9,2848.5,2661.0,0.0,0.0,0.0,2074.5
2024-09-09 20:00:00,2482.5,0,9,2074.5,2848.5,0.0,0.0,0.0,2482.5
2024-09-09 21:00:00,2625.0,0,9,2482.5,2074.5,0.0,0.0,0.0,2625.0
2024-09-09 22:00:00,2569.5,0,9,2625.0,2482.5,0.0,0.0,0.0,2569.5
2024-09-09 23:00:00,2337.0,0,9,2569.5,2625.0,0.0,0.0,0.0,2337.0
2024-09-10 00:00:00,2232.0,1,9,2337.0,2569.5,0.0,0.0,0.0,2232.0
2024-09-10 01:00:00,2910.0,1,9,2232.0,2337.0,0.0,0.0,0.0,2910.0
2024-09-10 02:00:00,2886.0,1,9,2910.0,2232.0,0.0,0.0,0.0,2886.0
2024-09-10 03:00:00,2931.0,1,9,2886.0,2910.0,0.0,0.0,0.0,2931.0
2024-09-10 04:00:00,2515.5,1,9,2931.0,2886.0,0.0,0.0,0.0,2515.5
2024-09-10 05:00:00,2830.5,1,9,2515.5,2931.0,0.0,0.0,0.0,2830.5
2024-09-10 06:00:00,2547.0,1,9,2830.5,2515.5,6.221437454223633,6.221437454223633,0.0,2540.7785625457764
2024-09-10 07:00:00,2460.0,1,9,2547.0,2830.5,111.69117450714111,111.69117450714111,0.0,2348.308825492859
2024-09-10 08:00:00,2619.0,1,9,2460.0,2547.0,185.82451343536377,185.82451343536377,0.0,2433.1754865646362
2024-09-10 09:00:00,2979.0,1,9,2619.0,2460.0,239.06692028045654,239.06692028045654,0.0,2739.9330797195435
2024-09-10 10:00:00,3001.5,1,9,2979.0,2619.0,304.19554710388184,304.19554710388184,0.0,2697.304452896118
2024-09-10 11:00:00,2085.0,1,9,3001.5,2979.0,246.00873470306396,246.00873470306396,0.0,1838.991265296936
2024-09-10 12:00:00,1969.5,1,9,2085.0,3001.5,193.2247495651245,193.2247495651245,0.0,1776.2752504348755
2024-09-10 13:00:00,2146.5,1,9,1969.5,2085.0,260.9729290008545,260.9729290008545,0.0,1885.5270709991455
2024-09-10 14:00:00,2470.5,1,9,2146.5,1969.5,117.84712314605713,117.84712314605713,0.0,2352.652876853943
2024-09-10 15:00:00,3192.0,1,9,2470.5,2146.5,181.33852958679196,181.33852958679196,0.0,3010.661470413208
2024-09-10 16:00:00,3333.0,1,9,3192.0,2470.5,98.03675651550293,98.03675651550293,0.0,3234.963243484497
2024-09-10 17:00:00,4248.0,1,9,3333.0,3192.0,51.86714172363281,51.86714172363281,0.0,4196.132858276367
2024-09-10 18:00:00,4077.0,1,9,4248.0,3333.0,0.0,0.0,0.0,4077.0
2024-09-10 19:00:00,3522.0,1,9,4077.0,4248.0,0.0,0.0,0.0,3522.0
2024-09-10 20:00:00,3897.0,1,9,3522.0,4077.0,0.0,0.0,0.0,3897.0
2024-09-10 21:00:00,4744.5,1,9,3897.0,3522.0,0.0,0.0,0.0,4744.5
2024-09-10 22:00:00,3670.5,1,9,4744.5,3897.0,0.0,0.0,0.0,3670.5
2024-09-10 23:00:00,3480.0,1,9,3670.5,4744.5,0.0,0.0,0.0,3480.0
2024-09-11 00:00:00,4416.0,2,9,3480.0,3670.5,0.0,0.0,0.0,4416.0
2024-09-11 01:00:00,4140.0,2,9,4416.0,3480.0,0.0,0.0,0.0,4140.0
2024-09-11 02:00:00,4321.5,2,9,4140.0,4416.0,0.0,0.0,0.0,4321.5
2024-09-11 03:00:00,3543.0,2,9,4321.5,4140.0,0.0,0.0,0.0,3543.0
2024-09-11 04:00:00,4095.0,2,9,3543.0,4321.5,0.0,0.0,0.0,4095.0
2024-09-11 05:00:00,4348.5,2,9,4095.0,3543.0,0.0,0.0,0.0,4348.5
2024-09-11 06:00:00,3939.0,2,9,4348.5,4095.0,1.8991756439208984,1.8991756439208984,0.0,3937.100824356079
2024-09-11 07:00:00,3328.5,2,9,3939.0,4348.5,33.03910732269287,33.03910732269287,0.0,3295.460892677307
2024-09-11 08:00:00,2679.0,2,9,3328.5,3939.0,148.9870548248291,148.9870548248291,0.0,2530.012945175171
2024-09-11 09:00:00,2665.5,2,9,2679.0,3328.5,153.1783390045166,153.1783390045166,0.0,2512.3216609954834
2024-09-11 10:00:00,2509.5,2,9,2665.5,2679.0,286.1861228942871,286.1861228942871,0.0,2223.313877105713
2024-09-11 11:00:00,2170.5,2,9,2509.5,2665.5,315.5251121520996,315.5251121520996,0.0,1854.9748878479004
2024-09-11 12:00:00,1807.5,2,9,2170.5,2509.5,366.63913249969477,366.63913249969477,0.0,1440.8608675003052
2024-09-11 13:00:00,2718.0,2,9,1807.5,2170.5,262.02075004577637,262.02075004577637,0.0,2455.9792499542236
2024-09-11 14:00:00,4344.0,2,9,2718.0,1807.5,297.05726623535156,297.05726623535156,0.0,4046.9427337646484
2024-09-11 15:00:00,4090.5,2,9,4344.0,2718.0,240.4421854019165,240.4421854019165,0.0,3850.0578145980835
2024-09-11 16:00:00,3615.0,2,9,4090.5,4344.0,128.19435596466064,128.19435596466064,0.0,3486.8056440353394
2024-09-11 17:00:00,3529.5,2,9,3615.0,4090.5,46.202359199523926,46.202359199523926,0.0,3483.297640800476
2024-09-11 18:00:00,4663.5,2,9,3529.5,3615.0,0.0,0.0,0.0,4663.5
2024-09-11 19:00:00,3982.5,2,9,4663.5,3529.5,0.0,0.0,0.0,3982.5
2024-09-11 20:00:00,3913.5,2,9,3982.5,4663.5,0.0,0.0,0.0,3913.5
2024-09-11 21:00:00,4512.0,2,9,3913.5,3982.5,0.0,0.0,0.0,4512.0
2024-09-11 22:00:00,4090.5,2,9,4512.0,3913.5,0.0,0.0,0.0,4090.5
2024-09-11 23:00:00,3808.5,2,9,4090.5,4512.0,0.0,0.0,0.0,3808.5
2024-09-12 00:00:00,3081.0,3,9,3808.5,4090.5,0.0,0.0,0.0,3081.0
2024-09-12 01:00:00,4407.0,3,9,3081.0,3808.5,0.0,0.0,0.0,4407.0
2024-09-12 02:00:00,4183.5,3,9,4407.0,3081.0,0.0,0.0,0.0,4183.5
2024-09-12 03:00:00,3873.0,3,9,4183.5,4407.0,0.0,0.0,0.0,3873.0
2024-09-12 04:00:00,3783.0,3,9,3873.0,4183.5,0.0,0.0,0.0,3783.0
2024-09-12 05:00:00,3960.0,3,9,3783.0,3873.0,0.0,0.0,0.0,3960.0
2024-09-12 06:00:00,3555.0,3,9,3960.0,3783.0,8.055124282836914,8.055124282836914,0.0,3546.944875717163
2024-09-12 07:00:00,4141.5,3,9,3555.0,3960.0,88.86832237243651,88.86832237243651,0.0,4052.6316776275635
2024-09-12 08:00:00,3255.0,3,9,4141.5,3555.0,244.01132583618164,244.01132583618164,0.0,3010.9886741638184
2024-09-12 09:00:00,3061.5,3,9,3255.0,4141.5,116.01343631744385,116.01343631744385,0.0,2945.486563682556
2024-09-12 10:00:00,2095.5,3,9,3061.5,3255.0,242.96350479125977,242.96350479125977,0.0,1852.5364952087402
2024-09-12 11:00:00,2094.0,3,9,2095.5,3061.5,355.1131010055542,355.1131010055542,0.0,1738.8868989944458
2024-09-12 12:00:00,2092.5,3,9,2094.0,2095.5,350.20143985748285,350.20143985748285,0.0,1742.298560142517
2024-09-12 13:00:00,2401.5,3,9,2092.5,2094.0,300.00426292419434,300.00426292419434,0.0,2101.4957370758057
2024-09-12 14:00:00,3027.0,3,9,2401.5,2092.5,134.93970394134521,134.93970394134521,0.0,2892.060296058655
2024-09-12 15:00:00,2976.0,3,9,3027.0,2401.5,235.26856899261475,235.26856899261475,0.0,2740.7314310073853
2024-09-12 16:00:00,2983.5,3,9,2976.0,3027.0,144.3700933456421,144.3700933456421,0.0,2839.129906654358
2024-09-12 17:00:00,4194.0,3,9,2983.5,2976.0,44.85983848571778,44.85983848571778,0.0,4149.140161514282
2024-09-12 18:00:00,4737.0,3,9,4194.0,2983.5,0.0,0.0,0.0,4737.0
2024-09-12 19:00:00,3859.5,3,9,4737.0,4194.0,0.0,0.0,0.0,3859.5
2024-09-12 20:00:00,3835.5,3,9,3859.5,4737.0,0.0,0.0,0.0,3835.5
2024-09-12 21:00:00,4555.5,3,9,3835.5,3859.5,0.0,0.0,0.0,4555.5
2024-09-12 22:00:00,4233.0,3,9,4555.5,3835.5,0.0,0.0,0.0,4233.0
2024-09-12 23:00:00,4270.5,3,9,4233.0,4555.5,0.0,0.0,0.0,4270.5
2024-09-13 00:00:00,3946.5,4,9,4270.5,4233.0,0.0,0.0,0.0,3946.5
2024-09-13 01:00:00,3726.0,4,9,3946.5,4270.5,0.0,0.0,0.0,3726.0
2024-09-13 02:00:00,3724.5,4,9,3726.0,3946.5,0.0,0.0,0.0,3724.5
2024-09-13 03:00:00,4176.0,4,9,3724.5,3726.0,0.0,0.0,0.0,4176.0
2024-09-13 04:00:00,3775.5,4,9,4176.0,3724.5,0.0,0.0,0.0,3775.5
2024-09-13 05:00:00,2857.5,4,9,3775.5,4176.0,0.0,0.0,0.0,2857.5
2024-09-13 06:00:00,2716.5,4,9,2857.5,3775.5,7.92414665222168,7.92414665222168,0.0,2708.5758533477783
2024-09-13 07:00:00,1326.0,4,9,2716.5,2857.5,79.50342178344727,79.50342178344727,0.0,1246.4965782165527
2024-09-13 08:00:00,966.0,4,9,1326.0,2716.5,164.37692642211914,164.37692642211914,0.0,801.6230735778809
2024-09-13 09:00:00,1149.0,4,9,966.0,1326.0,231.40472888946533,231.40472888946533,0.0,917.5952711105347
2024-09-13 10:00:00,1209.0,4,9,1149.0,966.0,218.96185398101807,218.96185398101807,0.0,990.0381460189819
2024-09-13 11:00:00,819.0,4,9,1209.0,1149.0,282.2895383834839,282.2895383834839,0.0,536.7104616165161
2024-09-13 12:00:00,787.5,4,9,819.0,1209.0,370.76492786407476,370.76492786407476,0.0,416.73507213592524
2024-09-13 13:00:00,1168.5,4,9,787.5,819.0,303.6061477661133,303.6061477661133,0.0,864.8938522338867
2024-09-13 14:00:00,1086.0,4,9,1168.5,787.5,246.79460048675537,246.79460048675537,0.0,839.2053995132446
2024-09-13 15:00:00,1324.5,4,9,1086.0,1168.5,105.86266994476318,105.86266994476318,0.0,1218.6373300552368
2024-09-13 16:00:00,1576.5,4,9,1324.5,1086.0,60.184221267700195,60.184221267700195,0.0,1516.3157787322998
2024-09-13 17:00:00,1650.0,4,9,1576.5,1324.5,29.240756034851074,29.240756034851074,0.0,1620.759243965149
2024-09-13 18:00:00,1740.0,4,9,1650.0,1576.5,0.0,0.0,0.0,1740.0
2024-09-13 19:00:00,1980.0,4,9,1740.0,1650.0,0.0,0.0,0.0,1980.0
2024-09-13 20:00:00,1971.0,4,9,1980.0,1740.0,0.0,0.0,0.0,1971.0
2024-09-13 21:00:00,1833.0,4,9,1971.0,1980.0,0.0,0.0,0.0,1833.0
2024-09-13 22:00:00,1653.0,4,9,1833.0,1971.0,0.0,0.0,0.0,1653.0
2024-09-13 23:00:00,1704.0,4,9,1653.0,1833.0,0.0,0.0,0.0,1704.0
2024-09-14 00:00:00,1630.5,5,9,1704.0,1653.0,0.0,0.0,0.0,1630.5
2024-09-14 01:00:00,1669.5,5,9,1630.5,1704.0,0.0,0.0,0.0,1669.5
2024-09-14 02:00:00,1644.0,5,9,1669.5,1630.5,0.0,0.0,0.0,1644.0
2024-09-14 03:00:00,2116.5,5,9,1644.0,1669.5,0.0,0.0,0.0,2116.5
2024-09-14 04:00:00,1834.5,5,9,2116.5,1644.0,0.0,0.0,0.0,1834.5
2024-09-14 05:00:00,1804.5,5,9,1834.5,2116.5,0.0,0.0,0.0,1804.5
2024-09-14 06:00:00,1653.0,5,9,1804.5,1834.5,0.0,0.0,0.0,1653.0
2024-09-14 07:00:00,1138.5,5,9,1653.0,1804.5,1.604475975036621,1.604475975036621,0.0,1136.8955240249634
2024-09-14 08:00:00,1254.0,5,9,1138.5,1653.0,57.662901878356934,57.662901878356934,0.0,1196.337098121643
2024-09-14 09:00:00,1129.5,5,9,1254.0,1138.5,107.63086795806885,107.63086795806885,0.0,1021.8691320419312
2024-09-14 10:00:00,1108.5,5,9,1129.5,1254.0,98.36420059204102,98.36420059204102,0.0,1010.135799407959
2024-09-14 11:00:00,1179.0,5,9,1108.5,1129.5,172.4975395202637,172.4975395202637,0.0,1006.5024604797363
2024-09-14 12:00:00,1393.5,5,9,1179.0,1108.5,224.92133617401123,224.92133617401123,0.0,1168.5786638259888
2024-09-14 13:00:00,1782.0,5,9,1393.5,1179.0,113.88504981994629,113.88504981994629,0.0,1668.1149501800537
2024-09-14 14:00:00,1570.5,5,9,1782.0,1393.5,214.181170463562,214.181170463562,0.0,1356.318829536438
2024-09-14 15:00:00,1855.5,5,9,1570.5,1782.0,48.13427925109863,48.13427925109863,0.0,1807.3657207489014
2024-09-14 16:00:00,2452.5,5,9,1855.5,1570.5,17.059836387634277,17.059836387634277,0.0,2435.4401636123657
2024-09-14 17:00:00,2646.0,5,9,2452.5,1855.5,5.435571670532227,5.435571670532227,0.0,2640.564428329468
2024-09-14 18:00:00,2599.5,5,9,2646.0,2452.5,0.0,0.0,0.0,2599.5
2024-09-14 19:00:00,2638.5,5,9,2599.5,2646.0,0.0,0.0,0.0,2638.5
2024-09-14 20:00:00,2824.5,5,9,2638.5,2599.5,0.0,0.0,0.0,2824.5
2024-09-14 21:00:00,2731.5,5,9,2824.5,2638.5,0.0,0.0,0.0,2731.5
2024-09-14 22:00:00,2404.5,5,9,2731.5,2824.5,0.0,0.0,0.0,2404.5
2024-09-14 23:00:00,2233.5,5,9,2404.5,2731.5,0.0,0.0,0.0,2233.5
2024-09-15 00:00:00,2481.0,6,9,2233.5,2404.5,0.0,0.0,0.0,2481.0
2024-09-15 01:00:00,2817.0,6,9,2481.0,2233.5,0.0,0.0,0.0,2817.0
2024-09-15 02:00:00,2799.0,6,9,2817.0,2481.0,0.0,0.0,0.0,2799.0
2024-09-15 03:00:00,2731.5,6,9,2799.0,2817.0,0.0,0.0,0.0,2731.5
2024-09-15 04:00:00,2679.0,6,9,2731.5,2799.0,0.0,0.0,0.0,2679.0
2024-09-15 05:00:00,2691.0,6,9,2679.0,2731.5,0.0,0.0,0.0,2691.0
2024-09-15 06:00:00,2713.5,6,9,2691.0,2679.0,0.0,0.0,0.0,2713.5
2024-09-15 07:00:00,2395.5,6,9,2713.5,2691.0,2.4558305740356445,2.4558305740356445,0.0,2393.0441694259644
2024-09-15 08:00:00,2055.0,6,9,2395.5,2713.5,15.553593635559082,15.553593635559082,0.0,2039.446406364441
2024-09-15 09:00:00,1774.5,6,9,2055.0,2395.5,15.684571266174316,15.684571266174316,0.0,1758.8154287338257
2024-09-15 10:00:00,1221.0,6,9,1774.5,2055.0,83.98940563201904,83.98940563201904,0.0,1137.010594367981
2024-09-15 11:00:00,1282.5,6,9,1221.0,1774.5,299.8077964782715,299.8077964782715,0.0,982.6922035217285
2024-09-15 12:00:00,1758.0,6,9,1282.5,1221.0,202.94983863830566,202.94983863830566,0.0,1555.0501613616943
2024-09-15 13:00:00,1435.5,6,9,1758.0,1282.5,302.46009349823,302.46009349823,0.0,1133.03990650177
2024-09-15 14:00:00,1761.0,6,9,1435.5,1758.0,283.99224758148193,283.99224758148193,0.0,1477.007752418518
2024-09-15 15:00:00,2059.5,6,9,1761.0,1435.5,12.639341354370117,12.639341354370117,0.0,2046.8606586456299
2024-09-15 16:00:00,1908.0,6,9,2059.5,1761.0,9.33215618133545,9.33215618133545,0.0,1898.6678438186646
2024-09-15 17:00:00,2782.5,6,9,1908.0,2059.5,49.706010818481445,49.706010818481445,0.0,2732.7939891815186
2024-09-15 18:00:00,2410.5,6,9,2782.5,1908.0,0.0,0.0,0.0,2410.5
2024-09-15 19:00:00,2830.5,6,9,2410.5,2782.5,0.0,0.0,0.0,2830.5
2024-09-15 20:00:00,3088.5,6,9,2830.5,2410.5,0.0,0.0,0.0,3088.5
2024-09-15 21:00:00,3234.0,6,9,3088.5,2830.5,0.0,0.0,0.0,3234.0
2024-09-15 22:00:00,3339.0,6,9,3234.0,3088.5,0.0,0.0,0.0,3339.0
2024-09-15 23:00:00,3181.5,6,9,3339.0,3234.0,0.0,0.0,0.0,3181.5
2024-09-16 00:00:00,3022.5,0,9,3181.5,3339.0,0.0,0.0,0.0,3022.5
2024-09-16 01:00:00,3142.5,0,9,3022.5,3181.5,0.0,0.0,0.0,3142.5
2024-09-16 02:00:00,3235.5,0,9,3142.5,3022.5,0.0,0.0,0.0,3235.5
2024-09-16 03:00:00,2598.0,0,9,3235.5,3142.5,0.0,0.0,0.0,2598.0
2024-09-16 04:00:00,3135.0,0,9,2598.0,3235.5,0.0,0.0,0.0,3135.0
2024-09-16 05:00:00,3112.5,0,9,3135.0,2598.0,0.0,0.0,0.0,3112.5
2024-09-16 06:00:00,2578.5,0,9,3112.5,3135.0,3.863840103149414,3.863840103149414,0.0,2574.6361598968506
2024-09-16 07:00:00,1905.0,0,9,2578.5,3112.5,40.603065490722656,40.603065490722656,0.0,1864.3969345092773
2024-09-16 08:00:00,1609.5,0,9,1905.0,2578.5,54.32297229766846,54.32297229766846,0.0,1555.1770277023315
2024-09-16 09:00:00,981.0,0,9,1609.5,1905.0,120.59765338897705,120.59765338897705,0.0,860.402346611023
2024-09-16 10:00:00,1336.5,0,9,981.0,1609.5,241.32628440856934,241.32628440856934,0.0,1095.1737155914307
2024-09-16 11:00:00,2056.5,0,9,1336.5,981.0,212.05278396606445,212.05278396606445,0.0,1844.4472160339355
2024-09-16 12:00:00,1656.0,0,9,2056.5,1336.5,247.90791034698486,247.90791034698486,0.0,1408.0920896530151
2024-09-16 13:00:00,2385.0,0,9,1656.0,2056.5,124.85442638397217,124.85442638397217,0.0,2260.145573616028
2024-09-16 14:00:00,2665.5,0,9,2385.0,1656.0,37.361369132995605,37.361369132995605,0.0,2628.1386308670044
2024-09-16 15:00:00,2998.5,0,9,2665.5,2385.0,11.755242347717285,11.755242347717285,0.0,2986.7447576522827
2024-09-16 16:00:00,3217.5,0,9,2998.5,2665.5,56.09117031097412,56.09117031097412,0.0,3161.408829689026
2024-09-16 17:00:00,3219.0,0,9,3217.5,2998.5,10.609188079833984,10.609188079833984,0.0,3208.390811920166
2024-09-16 18:00:00,3364.5,0,9,3219.0,3217.5,0.0,0.0,0.0,3364.5
2024-09-16 19:00:00,3346.5,0,9,3364.5,3219.0,0.0,0.0,0.0,3346.5
2024-09-16 20:00:00,3276.0,0,9,3346.5,3364.5,0.0,0.0,0.0,3276.0
2024-09-16 21:00:00,3285.0,0,9,3276.0,3346.5,0.0,0.0,0.0,3285.0
2024-09-16 22:00:00,3271.5,0,9,3285.0,3276.0,0.0,0.0,0.0,3271.5
2024-09-16 23:00:00,2694.0,0,9,3271.5,3285.0,0.0,0.0,0.0,2694.0
2024-09-17 00:00:00,2812.5,1,9,2694.0,3271.5,0.0,0.0,0.0,2812.5
2024-09-17 01:00:00,2824.5,1,9,2812.5,2694.0,0.0,0.0,0.0,2824.5
2024-09-17 02:00:00,3495.0,1,9,2824.5,2812.5,0.0,0.0,0.0,3495.0
2024-09-17 03:00:00,3378.0,1,9,3495.0,2824.5,0.0,0.0,0.0,3378.0
2024-09-17 04:00:00,3208.5,1,9,3378.0,3495.0,0.0,0.0,0.0,3208.5
2024-09-17 05:00:00,3415.5,1,9,3208.5,3378.0,0.0,0.0,0.0,3415.5
2024-09-17 06:00:00,3271.5,1,9,3415.5,3208.5,5.042638778686523,5.042638778686523,0.0,3266.4573612213135
2024-09-17 07:00:00,2427.0,1,9,3271.5,3415.5,51.86714172363281,51.86714172363281,0.0,2375.132858276367
2024-09-17 08:00:00,1681.5,1,9,2427.0,3271.5,73.87138366699219,73.87138366699219,0.0,1607.6286163330078
2024-09-17 09:00:00,2661.0,1,9,1681.5,2427.0,166.70177936553955,166.70177936553955,0.0,2494.2982206344604
2024-09-17 10:00:00,2407.5,1,9,2661.0,1681.5,233.04194927215576,233.04194927215576,0.0,2174.4580507278442
2024-09-17 11:00:00,1482.0,1,9,2407.5,2661.0,337.39837646484375,337.39837646484375,0.0,1144.6016235351562
2024-09-17 12:00:00,1414.5,1,9,1482.0,2407.5,339.4940185546875,339.4940185546875,0.0,1075.0059814453125
2024-09-17 13:00:00,1834.5,1,9,1414.5,1482.0,321.71380519866943,321.71380519866943,0.0,1512.7861948013306
2024-09-17 14:00:00,2338.5,1,9,1834.5,1414.5,310.38424015045166,310.38424015045166,0.0,2028.1157598495483
2024-09-17 15:00:00,1941.0,1,9,2338.5,1834.5,221.87610626220703,221.87610626220703,0.0,1719.123893737793
2024-09-17 16:00:00,2695.5,1,9,1941.0,2338.5,145.87633609771729,145.87633609771729,0.0,2549.6236639022827
2024-09-17 17:00:00,3186.0,1,9,2695.5,1941.0,41.74911975860596,41.74911975860596,0.0,3144.250880241394
2024-09-17 18:00:00,3402.0,1,9,3186.0,2695.5,0.0,0.0,0.0,3402.0
2024-09-17 19:00:00,3439.5,1,9,3402.0,3186.0,0.0,0.0,0.0,3439.5
2024-09-17 20:00:00,3259.5,1,9,3439.5,3402.0,0.0,0.0,0.0,3259.5
2024-09-17 21:00:00,3346.5,1,9,3259.5,3439.5,0.0,0.0,0.0,3346.5
2024-09-17 22:00:00,2736.0,1,9,3346.5,3259.5,0.0,0.0,0.0,2736.0
2024-09-17 23:00:00,2875.5,1,9,2736.0,3346.5,0.0,0.0,0.0,2875.5
2024-09-18 00:00:00,3432.0,2,9,2875.5,2736.0,0.0,0.0,0.0,3432.0
2024-09-18 01:00:00,3124.5,2,9,3432.0,2875.5,0.0,0.0,0.0,3124.5
2024-09-18 02:00:00,3072.0,2,9,3124.5,3432.0,0.0,0.0,0.0,3072.0
2024-09-18 03:00:00,3301.5,2,9,3072.0,3124.5,0.0,0.0,0.0,3301.5
2024-09-18 04:00:00,2863.5,2,9,3301.5,3072.0,0.0,0.0,0.0,2863.5
2024-09-18 05:00:00,3243.0,2,9,2863.5,3301.5,0.0,0.0,0.0,3243.0
2024-09-18 06:00:00,3142.5,2,9,3243.0,2863.5,9.56136703491211,9.56136703491211,0.0,3132.938632965088
2024-09-18 07:00:00,2763.0,2,9,3142.5,3243.0,4.977149963378906,4.977149963378906,0.0,2758.022850036621
2024-09-18 08:00:00,2064.0,2,9,2763.0,3142.5,97.80754566192627,97.80754566192627,0.0,1966.1924543380737
2024-09-18 09:00:00,2148.0,2,9,2064.0,2763.0,211.36515140533447,211.36515140533447,0.0,1936.6348485946655
2024-09-18 10:00:00,1879.5,2,9,2148.0,2064.0,392.1470260620117,392.1470260620117,0.0,1487.3529739379883
2024-09-18 11:00:00,1428.0,2,9,1879.5,2148.0,424.62947845458984,424.62947845458984,0.0,1003.3705215454102
2024-09-18 12:00:00,2029.5,2,9,1428.0,1879.5,302.8530263900757,302.8530263900757,0.0,1726.6469736099243
2024-09-18 13:00:00,2304.0,2,9,2029.5,1428.0,393.6205244064331,393.6205244064331,0.0,1910.379475593567
2024-09-18 14:00:00,2259.0,2,9,2304.0,2029.5,343.42334747314453,343.42334747314453,0.0,1915.5766525268555
2024-09-18 15:00:00,2572.5,2,9,2259.0,2304.0,265.851845741272,265.851845741272,0.0,2306.648154258728
2024-09-18 16:00:00,3244.5,2,9,2572.5,2259.0,161.06974124908447,161.06974124908447,0.0,3083.4302587509155
2024-09-18 17:00:00,2685.0,2,9,3244.5,2572.5,45.15453815460205,45.15453815460205,0.0,2639.845461845398
2024-09-18 18:00:00,3397.5,2,9,2685.0,3244.5,0.0,0.0,0.0,3397.5
2024-09-18 19:00:00,3477.0,2,9,3397.5,2685.0,0.0,0.0,0.0,3477.0
2024-09-18 20:00:00,3072.0,2,9,3477.0,3397.5,0.0,0.0,0.0,3072.0
2024-09-18 21:00:00,3403.5,2,9,3072.0,3477.0,0.0,0.0,0.0,3403.5
2024-09-18 22:00:00,3436.5,2,9,3403.5,3072.0,0.0,0.0,0.0,3436.5
2024-09-18 23:00:00,2718.0,2,9,3436.5,3403.5,0.0,0.0,0.0,2718.0
2024-09-19 00:00:00,2808.0,3,9,2718.0,3436.5,0.0,0.0,0.0,2808.0
2024-09-19 01:00:00,3498.0,3,9,2808.0,2718.0,0.0,0.0,0.0,3498.0
2024-09-19 02:00:00,3382.5,3,9,3498.0,2808.0,0.0,0.0,0.0,3382.5
2024-09-19 03:00:00,3159.0,3,9,3382.5,3498.0,0.0,0.0,0.0,3159.0
2024-09-19 04:00:00,2877.0,3,9,3159.0,3382.5,0.0,0.0,0.0,2877.0
2024-09-19 05:00:00,2731.5,3,9,2877.0,3159.0,0.0,0.0,0.0,2731.5
2024-09-19 06:00:00,3046.5,3,9,2731.5,2877.0,9.364900588989258,9.364900588989258,0.0,3037.1350994110107
2024-09-19 07:00:00,2725.5,3,9,3046.5,2731.5,110.74158668518066,110.74158668518066,0.0,2614.7584133148193
2024-09-19 08:00:00,2019.0,3,9,2725.5,3046.5,232.19059467315674,232.19059467315674,0.0,1786.8094053268433
2024-09-19 09:00:00,1773.0,3,9,2019.0,2725.5,321.1571502685547,321.1571502685547,0.0,1451.8428497314453
2024-09-19 10:00:00,1461.0,3,9,1773.0,2019.0,369.06221866607666,369.06221866607666,0.0,1091.9377813339233
2024-09-19 11:00:00,1737.0,3,9,1461.0,1773.0,403.77129077911377,403.77129077911377,0.0,1333.2287092208862
2024-09-19 12:00:00,2061.0,3,9,1737.0,1461.0,413.4636354446411,413.4636354446411,0.0,1647.536364555359
2024-09-19 13:00:00,1851.0,3,9,2061.0,1737.0,387.36634254455566,387.36634254455566,0.0,1463.6336574554443
2024-09-19 14:00:00,2172.0,3,9,1851.0,2061.0,336.67799949645996,336.67799949645996,0.0,1835.32200050354
2024-09-19 15:00:00,2022.0,3,9,2172.0,1851.0,257.40378856658936,257.40378856658936,0.0,1764.5962114334106
2024-09-19 16:00:00,2403.0,3,9,2022.0,2172.0,152.55619525909424,152.55619525909424,0.0,2250.4438047409058
2024-09-19 17:00:00,2343.0,3,9,2403.0,2022.0,40.21013259887695,40.21013259887695,0.0,2302.789867401123
2024-09-19 18:00:00,2718.0,3,9,2343.0,2403.0,0.0,0.0,0.0,2718.0
2024-09-19 19:00:00,2530.5,3,9,2718.0,2343.0,0.0,0.0,0.0,2530.5
2024-09-19 20:00:00,2793.0,3,9,2530.5,2718.0,0.0,0.0,0.0,2793.0
2024-09-19 21:00:00,2842.5,3,9,2793.0,2530.5,0.0,0.0,0.0,2842.5
2024-09-19 22:00:00,2592.0,3,9,2842.5,2793.0,0.0,0.0,0.0,2592.0
2024-09-19 23:00:00,2110.5,3,9,2592.0,2842.5,0.0,0.0,0.0,2110.5
2024-09-20 00:00:00,2785.5,4,9,2110.5,2592.0,0.0,0.0,0.0,2785.5
2024-09-20 01:00:00,2713.5,4,9,2785.5,2110.5,0.0,0.0,0.0,2713.5
2024-09-20 02:00:00,2757.0,4,9,2713.5,2785.5,0.0,0.0,0.0,2757.0
2024-09-20 03:00:00,2895.0,4,9,2757.0,2713.5,0.0,0.0,0.0,2895.0
2024-09-20 04:00:00,2842.5,4,9,2895.0,2757.0,0.0,0.0,0.0,2842.5
2024-09-20 05:00:00,2853.0,4,9,2842.5,2895.0,0.0,0.0,0.0,2853.0
2024-09-20 06:00:00,1696.5,4,9,2853.0,2842.5,8.513545989990234,8.513545989990234,0.0,1687.9864540100098
2024-09-20 07:00:00,1420.5,4,9,1696.5,2853.0,108.54771137237549,108.54771137237549,0.0,1311.9522886276245
2024-09-20 08:00:00,978.0,4,9,1420.5,1696.5,228.2612657546997,228.2612657546997,0.0,749.7387342453003
2024-09-20 09:00:00,1597.5,4,9,978.0,1420.5,252.72133827209473,252.72133827209473,0.0,1344.7786617279053
2024-09-20 10:00:00,1186.5,4,9,1597.5,978.0,393.39131355285645,393.39131355285645,0.0,793.1086864471436
2024-09-20 11:00:00,1174.5,4,9,1186.5,1597.5,431.7022705078125,431.7022705078125,0.0,742.7977294921875
2024-09-20 12:00:00,805.5,4,9,1174.5,1186.5,439.7246503829956,439.7246503829956,0.0,365.7753496170044
2024-09-20 13:00:00,1552.5,4,9,805.5,1174.5,407.11122035980225,407.11122035980225,0.0,1145.3887796401978
2024-09-20 14:00:00,1164.0,4,9,1552.5,805.5,291.65443897247314,291.65443897247314,0.0,872.3455610275269
2024-09-20 15:00:00,1257.0,4,9,1164.0,1552.5,185.79176902770996,185.79176902770996,0.0,1071.20823097229
2024-09-20 16:00:00,1537.5,4,9,1257.0,1164.0,107.53263473510742,107.53263473510742,0.0,1429.9673652648926
2024-09-20 17:00:00,1653.0,4,9,1537.5,1257.0,43.615550994873054,43.615550994873054,0.0,1609.384449005127
2024-09-20 18:00:00,2217.0,4,9,1653.0,1537.5,0.0,0.0,0.0,2217.0
2024-09-20 19:00:00,1842.0,4,9,2217.0,1653.0,0.0,0.0,0.0,1842.0
2024-09-20 20:00:00,1674.0,4,9,1842.0,2217.0,0.0,0.0,0.0,1674.0
2024-09-20 21:00:00,2236.5,4,9,1674.0,1842.0,0.0,0.0,0.0,2236.5
2024-09-20 22:00:00,1675.5,4,9,2236.5,1674.0,0.0,0.0,0.0,1675.5
2024-09-20 23:00:00,1825.5,4,9,1675.5,2236.5,0.0,0.0,0.0,1825.5
2024-09-21 00:00:00,1738.5,5,9,1825.5,1675.5,0.0,0.0,0.0,1738.5
2024-09-21 01:00:00,2112.0,5,9,1738.5,1825.5,0.0,0.0,0.0,2112.0
2024-09-21 02:00:00,2233.5,5,9,2112.0,1738.5,0.0,0.0,0.0,2233.5
2024-09-21 03:00:00,1782.0,5,9,2233.5,2112.0,0.0,0.0,0.0,1782.0
2024-09-21 04:00:00,1714.5,5,9,1782.0,2233.5,0.0,0.0,0.0,1714.5
2024-09-21 05:00:00,1792.5,5,9,1714.5,1782.0,0.0,0.0,0.0,1792.5
2024-09-21 06:00:00,1671.0,5,9,1792.5,1714.5,10.347232818603517,10.347232818603517,0.0,1660.6527671813965
2024-09-21 07:00:00,1533.0,5,9,1671.0,1792.5,101.14747524261475,101.14747524261475,0.0,1431.8525247573853
2024-09-21 08:00:00,1635.0,5,9,1533.0,1671.0,155.27398109436035,155.27398109436035,0.0,1479.7260189056396
2024-09-21 09:00:00,1786.5,5,9,1635.0,1533.0,235.4322910308838,235.4322910308838,0.0,1551.0677089691162
2024-09-21 10:00:00,1413.0,5,9,1786.5,1635.0,265.9828233718872,265.9828233718872,0.0,1147.0171766281128
2024-09-21 11:00:00,1150.5,5,9,1413.0,1786.5,232.8454828262329,232.8454828262329,0.0,917.6545171737671
2024-09-21 12:00:00,711.0,5,9,1150.5,1413.0,345.0278234481812,345.0278234481812,0.0,365.9721765518188
2024-09-21 13:00:00,2200.5,5,9,711.0,1150.5,138.77079963684082,138.77079963684082,0.0,2061.729200363159
2024-09-21 14:00:00,2319.0,5,9,2200.5,711.0,118.1090784072876,118.1090784072876,0.0,2200.8909215927124
2024-09-21 15:00:00,2773.5,5,9,2319.0,2200.5,245.3538465499878,245.3538465499878,0.0,2528.146153450012
2024-09-21 16:00:00,2982.0,5,9,2773.5,2319.0,122.85701751708984,122.85701751708984,0.0,2859.14298248291
2024-09-21 17:00:00,3133.5,5,9,2982.0,2773.5,0.22921085357666016,0.22921085357666016,0.0,3133.2707891464233
2024-09-21 18:00:00,3592.5,5,9,3133.5,2982.0,0.0,0.0,0.0,3592.5
2024-09-21 19:00:00,3493.5,5,9,3592.5,3133.5,0.0,0.0,0.0,3493.5
2024-09-21 20:00:00,3832.5,5,9,3493.5,3592.5,0.0,0.0,0.0,3832.5
2024-09-21 21:00:00,4341.0,5,9,3832.5,3493.5,0.0,0.0,0.0,4341.0
2024-09-21 22:00:00,4110.0,5,9,4341.0,3832.5,0.0,0.0,0.0,4110.0
2024-09-21 23:00:00,2817.0,5,9,4110.0,4341.0,0.0,0.0,0.0,2817.0
2024-09-22 00:00:00,4149.0,6,9,2817.0,4110.0,0.0,0.0,0.0,4149.0
2024-09-22 01:00:00,4464.0,6,9,4149.0,2817.0,0.0,0.0,0.0,4464.0
2024-09-22 02:00:00,4507.5,6,9,4464.0,4149.0,0.0,0.0,0.0,4507.5
2024-09-22 03:00:00,4224.0,6,9,4507.5,4464.0,0.0,0.0,0.0,4224.0
2024-09-22 04:00:00,4161.0,6,9,4224.0,4507.5,0.0,0.0,0.0,4161.0
2024-09-22 05:00:00,4678.5,6,9,4161.0,4224.0,0.0,0.0,0.0,4678.5
2024-09-22 06:00:00,4423.5,6,9,4678.5,4161.0,0.0,0.0,0.0,4423.5
2024-09-22 07:00:00,3204.0,6,9,4423.5,4678.5,16.241226196289062,16.241226196289062,0.0,3187.758773803711
2024-09-22 08:00:00,2791.5,6,9,3204.0,4423.5,58.547000885009766,58.547000885009766,0.0,2732.9529991149902
2024-09-22 09:00:00,2407.5,6,9,2791.5,3204.0,53.76631736755371,53.76631736755371,0.0,2353.7336826324463
2024-09-22 10:00:00,3411.0,6,9,2407.5,2791.5,118.04358959197998,118.04358959197998,0.0,3292.95641040802
2024-09-22 11:00:00,2841.0,6,9,3411.0,2407.5,242.21038341522217,242.21038341522217,0.0,2598.789616584778
2024-09-22 12:00:00,3180.0,6,9,2841.0,3411.0,359.762806892395,359.762806892395,0.0,2820.237193107605
2024-09-22 13:00:00,3046.5,6,9,3180.0,2841.0,379.3767070770264,379.3767070770264,0.0,2667.1232929229736
2024-09-22 14:00:00,3351.0,6,9,3046.5,3180.0,336.841721534729,336.841721534729,0.0,3014.158278465271
2024-09-22 15:00:00,2604.0,6,9,3351.0,3046.5,295.05985736846924,295.05985736846924,0.0,2308.9401426315308
2024-09-22 16:00:00,4116.0,6,9,2604.0,3351.0,179.11190986633304,179.11190986633304,0.0,3936.888090133667
2024-09-22 17:00:00,4204.5,6,9,4116.0,2604.0,43.97573947906494,43.97573947906494,0.0,4160.524260520935
2024-09-22 18:00:00,4420.5,6,9,4204.5,4116.0,0.0,0.0,0.0,4420.5
2024-09-22 19:00:00,4278.0,6,9,4420.5,4204.5,0.0,0.0,0.0,4278.0
2024-09-22 20:00:00,4473.0,6,9,4278.0,4420.5,0.0,0.0,0.0,4473.0
2024-09-22 21:00:00,4441.5,6,9,4473.0,4278.0,0.0,0.0,0.0,4441.5
2024-09-22 22:00:00,3943.5,6,9,4441.5,4473.0,0.0,0.0,0.0,3943.5
2024-09-22 23:00:00,3787.5,6,9,3943.5,4441.5,0.0,0.0,0.0,3787.5
2024-09-23 00:00:00,3091.5,0,9,3787.5,3943.5,0.0,0.0,0.0,3091.5
2024-09-23 01:00:00,3709.5,0,9,3091.5,3787.5,0.0,0.0,0.0,3709.5
2024-09-23 02:00:00,3331.5,0,9,3709.5,3091.5,0.0,0.0,0.0,3331.5
2024-09-23 03:00:00,3133.5,0,9,3331.5,3709.5,0.0,0.0,0.0,3133.5
2024-09-23 04:00:00,3594.0,0,9,3133.5,3331.5,0.0,0.0,0.0,3594.0
2024-09-23 05:00:00,3769.5,0,9,3594.0,3133.5,0.0,0.0,0.0,3769.5
2024-09-23 06:00:00,3747.0,0,9,3769.5,3594.0,0.0,0.0,0.0,3747.0
2024-09-23 07:00:00,2766.0,0,9,3747.0,3769.5,5.468316078186035,5.468316078186035,0.0,2760.531683921814
2024-09-23 08:00:00,1815.0,0,9,2766.0,3747.0,84.80801582336426,84.80801582336426,0.0,1730.1919841766357
2024-09-23 09:00:00,2157.0,0,9,1815.0,2766.0,185.5953025817871,185.5953025817871,0.0,1971.404697418213
2024-09-23 10:00:00,1659.0,0,9,2157.0,1815.0,418.0478525161743,418.0478525161743,0.0,1240.9521474838257
2024-09-23 11:00:00,1348.5,0,9,1659.0,2157.0,150.59153079986572,150.59153079986572,0.0,1197.9084692001343
2024-09-23 12:00:00,1543.5,0,9,1348.5,1659.0,359.89378452301025,359.89378452301025,0.0,1183.6062154769897
2024-09-23 13:00:00,1215.0,0,9,1543.5,1348.5,349.8739957809448,349.8739957809448,0.0,865.1260042190552
2024-09-23 14:00:00,1557.0,0,9,1215.0,1543.5,314.771990776062,314.771990776062,0.0,1242.228009223938
2024-09-23 15:00:00,2179.5,0,9,1557.0,1215.0,286.2188673019409,286.2188673019409,0.0,1893.281132698059
2024-09-23 16:00:00,2655.0,0,9,2179.5,1557.0,143.81343841552734,143.81343841552734,0.0,2511.1865615844727
2024-09-23 17:00:00,2793.0,0,9,2655.0,2179.5,44.07397270202637,44.07397270202637,0.0,2748.9260272979736
2024-09-23 18:00:00,2472.0,0,9,2793.0,2655.0,0.0,0.0,0.0,2472.0
2024-09-23 19:00:00,2419.5,0,9,2472.0,2793.0,0.0,0.0,0.0,2419.5
2024-09-23 20:00:00,2473.5,0,9,2419.5,2472.0,0.0,0.0,0.0,2473.5
2024-09-23 21:00:00,2893.5,0,9,2473.5,2419.5,0.0,0.0,0.0,2893.5
2024-09-23 22:00:00,2455.5,0,9,2893.5,2473.5,0.0,0.0,0.0,2455.5
2024-09-23 23:00:00,2886.0,0,9,2455.5,2893.5,0.0,0.0,0.0,2886.0
2024-09-24 00:00:00,2734.5,1,9,2886.0,2455.5,0.0,0.0,0.0,2734.5
2024-09-24 01:00:00,2187.0,1,9,2734.5,2886.0,0.0,0.0,0.0,2187.0
2024-09-24 02:00:00,2839.5,1,9,2187.0,2734.5,0.0,0.0,0.0,2839.5
2024-09-24 03:00:00,2214.0,1,9,2839.5,2187.0,0.0,0.0,0.0,2214.0
2024-09-24 04:00:00,2607.0,1,9,2214.0,2839.5,0.0,0.0,0.0,2607.0
2024-09-24 05:00:00,2839.5,1,9,2607.0,2214.0,0.0,0.0,0.0,2839.5
2024-09-24 06:00:00,2518.5,1,9,2839.5,2607.0,6.188693046569824,6.188693046569824,0.0,2512.31130695343
2024-09-24 07:00:00,1696.5,1,9,2518.5,2839.5,77.96443462371826,77.96443462371826,0.0,1618.5355653762817
2024-09-24 08:00:00,2124.0,1,9,1696.5,2518.5,53.79906177520752,53.79906177520752,0.0,2070.2009382247925
2024-09-24 09:00:00,2106.0,1,9,2124.0,1696.5,193.81414890289307,193.81414890289307,0.0,1912.185851097107
2024-09-24 10:00:00,1693.5,1,9,2106.0,2124.0,250.23276329040527,250.23276329040527,0.0,1443.2672367095947
2024-09-24 11:00:00,1792.5,1,9,1693.5,2106.0,278.2292318344116,278.2292318344116,0.0,1514.2707681655884
2024-09-24 12:00:00,1284.0,1,9,1792.5,1693.5,358.0273532867431,358.0273532867431,0.0,925.9726467132568
2024-09-24 13:00:00,2059.5,1,9,1284.0,1792.5,427.8384304046631,427.8384304046631,0.0,1631.661569595337
2024-09-24 14:00:00,2236.5,1,9,2059.5,1284.0,372.9260587692261,372.9260587692261,0.0,1863.573941230774
2024-09-24 15:00:00,2148.0,1,9,2236.5,2059.5,201.67280673980713,201.67280673980713,0.0,1946.3271932601929
2024-09-24 16:00:00,2709.0,1,9,2148.0,2236.5,131.73075199127197,131.73075199127197,0.0,2577.269248008728
2024-09-24 17:00:00,1752.0,1,9,2709.0,2148.0,44.40141677856445,44.40141677856445,0.0,1707.5985832214355
2024-09-24 18:00:00,2748.0,1,9,1752.0,2709.0,0.0,0.0,0.0,2748.0
2024-09-24 19:00:00,2614.5,1,9,2748.0,1752.0,0.0,0.0,0.0,2614.5
2024-09-24 20:00:00,2367.0,1,9,2614.5,2748.0,0.0,0.0,0.0,2367.0
2024-09-24 21:00:00,2761.5,1,9,2367.0,2614.5,0.0,0.0,0.0,2761.5
2024-09-24 22:00:00,2823.0,1,9,2761.5,2367.0,0.0,0.0,0.0,2823.0
2024-09-24 23:00:00,2742.0,1,9,2823.0,2761.5,0.0,0.0,0.0,2742.0
2024-09-25 00:00:00,2472.0,2,9,2742.0,2823.0,0.0,0.0,0.0,2472.0
2024-09-25 01:00:00,2238.0,2,9,2472.0,2742.0,0.0,0.0,0.0,2238.0
2024-09-25 02:00:00,2707.5,2,9,2238.0,2472.0,0.0,0.0,0.0,2707.5
2024-09-25 03:00:00,2562.0,2,9,2707.5,2238.0,0.0,0.0,0.0,2562.0
2024-09-25 04:00:00,2127.0,2,9,2562.0,2707.5,0.0,0.0,0.0,2127.0
2024-09-25 05:00:00,2662.5,2,9,2127.0,2562.0,0.0,0.0,0.0,2662.5
2024-09-25 06:00:00,2505.0,2,9,2662.5,2127.0,12.34464168548584,12.34464168548584,0.0,2492.655358314514
2024-09-25 07:00:00,2080.5,2,9,2505.0,2662.5,125.05089282989502,125.05089282989502,0.0,1955.449107170105
2024-09-25 08:00:00,2268.0,2,9,2080.5,2505.0,254.42404747009277,254.42404747009277,0.0,2013.5759525299072
2024-09-25 09:00:00,1935.0,2,9,2268.0,2080.5,350.2341842651368,350.2341842651368,0.0,1584.7658157348633
2024-09-25 10:00:00,1542.0,2,9,1935.0,2268.0,412.972469329834,412.972469329834,0.0,1129.027530670166
2024-09-25 11:00:00,1003.5,2,9,1542.0,1935.0,445.25845527648926,445.25845527648926,0.0,558.2415447235107
2024-09-25 12:00:00,1093.5,2,9,1003.5,1542.0,449.35150623321533,449.35150623321533,0.0,644.1484937667847
2024-09-25 13:00:00,1932.0,2,9,1093.5,1003.5,423.81086826324463,423.81086826324463,0.0,1508.1891317367554
2024-09-25 14:00:00,1504.5,2,9,1932.0,1093.5,369.6188735961914,369.6188735961914,0.0,1134.8811264038086
2024-09-25 15:00:00,1149.0,2,9,1504.5,1932.0,285.92416763305664,285.92416763305664,0.0,863.0758323669434
2024-09-25 16:00:00,2029.5,2,9,1149.0,1504.5,172.268328666687,172.268328666687,0.0,1857.231671333313
2024-09-25 17:00:00,2593.5,2,9,2029.5,1149.0,44.63062763214111,44.63062763214111,0.0,2548.869372367859
2024-09-25 18:00:00,2059.5,2,9,2593.5,2029.5,0.0,0.0,0.0,2059.5
2024-09-25 19:00:00,2404.5,2,9,2059.5,2593.5,0.0,0.0,0.0,2404.5
2024-09-25 20:00:00,1638.0,2,9,2404.5,2059.5,0.0,0.0,0.0,1638.0
2024-09-25 21:00:00,2524.5,2,9,1638.0,2404.5,0.0,0.0,0.0,2524.5
2024-09-25 22:00:00,2646.0,2,9,2524.5,1638.0,0.0,0.0,0.0,2646.0
2024-09-25 23:00:00,2094.0,2,9,2646.0,2524.5,0.0,0.0,0.0,2094.0
2024-09-26 00:00:00,2154.0,3,9,2094.0,2646.0,0.0,0.0,0.0,2154.0
2024-09-26 01:00:00,2260.5,3,9,2154.0,2094.0,0.0,0.0,0.0,2260.5
2024-09-26 02:00:00,2916.0,3,9,2260.5,2154.0,0.0,0.0,0.0,2916.0
2024-09-26 03:00:00,2781.0,3,9,2916.0,2260.5,0.0,0.0,0.0,2781.0
2024-09-26 04:00:00,2718.0,3,9,2781.0,2916.0,0.0,0.0,0.0,2718.0
2024-09-26 05:00:00,2731.5,3,9,2718.0,2781.0,0.0,0.0,0.0,2731.5
2024-09-26 06:00:00,2355.0,3,9,2731.5,2718.0,5.37008285522461,5.37008285522461,0.0,2349.6299171447754
2024-09-26 07:00:00,1734.0,3,9,2355.0,2731.5,125.21461486816406,125.21461486816406,0.0,1608.785385131836
2024-09-26 08:00:00,1537.5,3,9,1734.0,2355.0,251.73900604248047,251.73900604248047,0.0,1285.7609939575195
2024-09-26 09:00:00,1513.5,3,9,1537.5,1734.0,343.3578586578369,343.3578586578369,0.0,1170.142141342163
2024-09-26 10:00:00,841.5,3,9,1513.5,1537.5,403.9677572250366,403.9677572250366,0.0,437.5322427749634
2024-09-26 11:00:00,1158.0,3,9,841.5,1513.5,434.6492671966553,434.6492671966553,0.0,723.3507328033447
2024-09-26 12:00:00,1326.0,3,9,1158.0,841.5,440.8052158355713,440.8052158355713,0.0,885.1947841644287
2024-09-26 13:00:00,1092.0,3,9,1326.0,1158.0,412.90698051452637,412.90698051452637,0.0,679.0930194854736
2024-09-26 14:00:00,1495.5,3,9,1092.0,1326.0,361.4655160903931,361.4655160903931,0.0,1134.034483909607
2024-09-26 15:00:00,2074.5,3,9,1495.5,1092.0,246.66362285614014,246.66362285614014,0.0,1827.8363771438599
2024-09-26 16:00:00,1881.0,3,9,2074.5,1495.5,81.8937635421753,81.8937635421753,0.0,1799.1062364578247
2024-09-26 17:00:00,2452.5,3,9,1881.0,2074.5,19.974088668823242,19.974088668823242,0.0,2432.5259113311768
2024-09-26 18:00:00,2536.5,3,9,2452.5,1881.0,0.0,0.0,0.0,2536.5
2024-09-26 19:00:00,2046.0,3,9,2536.5,2452.5,0.0,0.0,0.0,2046.0
2024-09-26 20:00:00,2283.0,3,9,2046.0,2536.5,0.0,0.0,0.0,2283.0
2024-09-26 21:00:00,2760.0,3,9,2283.0,2046.0,0.0,0.0,0.0,2760.0
2024-09-26 22:00:00,2353.5,3,9,2760.0,2283.0,0.0,0.0,0.0,2353.5
2024-09-26 23:00:00,2761.5,3,9,2353.5,2760.0,0.0,0.0,0.0,2761.5
2024-09-27 00:00:00,2697.0,4,9,2761.5,2353.5,0.0,0.0,0.0,2697.0
2024-09-27 01:00:00,2740.5,4,9,2697.0,2761.5,0.0,0.0,0.0,2740.5
2024-09-27 02:00:00,2059.5,4,9,2740.5,2697.0,0.0,0.0,0.0,2059.5
2024-09-27 03:00:00,2919.0,4,9,2059.5,2740.5,0.0,0.0,0.0,2919.0
2024-09-27 04:00:00,2415.0,4,9,2919.0,2059.5,0.0,0.0,0.0,2415.0
2024-09-27 05:00:00,1206.0,4,9,2415.0,2919.0,0.0,0.0,0.0,1206.0
2024-09-27 06:00:00,1023.0,4,9,1206.0,2415.0,0.0,0.0,0.0,1023.0
2024-09-27 07:00:00,573.0,4,9,1023.0,1206.0,1.538987159729004,1.538987159729004,0.0,571.461012840271
2024-09-27 08:00:00,0.0,4,9,573.0,1023.0,244.04407024383545,0.0,244.04407024383545,0.0
2024-09-27 09:00:00,22.5,4,9,0.0,573.0,263.2977819442749,22.5,240.7977819442749,0.0
2024-09-27 10:00:00,6.0,4,9,22.5,0.0,138.54158878326416,6.0,132.54158878326416,0.0
2024-09-27 11:00:00,12.0,4,9,6.0,22.5,49.280333518981934,12.0,37.280333518981934,0.0
2024-09-27 12:00:00,4.5,4,9,12.0,6.0,392.441725730896,4.5,387.941725730896,0.0
2024-09-27 13:00:00,150.0,4,9,4.5,12.0,400.30038356781006,150.0,250.30038356781006,0.0
2024-09-27 14:00:00,9.0,4,9,150.0,4.5,319.45444107055664,9.0,310.45444107055664,0.0
2024-09-27 15:00:00,73.5,4,9,9.0,150.0,125.57480335235596,73.5,52.07480335235596,0.0
2024-09-27 16:00:00,213.0,4,9,73.5,9.0,33.72673988342285,33.72673988342285,0.0,179.27326011657715
2024-09-27 17:00:00,210.0,4,9,213.0,73.5,13.326973915100098,13.326973915100098,0.0,196.6730260848999
2024-09-27 18:00:00,192.0,4,9,210.0,213.0,0.0,0.0,0.0,192.0
2024-09-27 19:00:00,189.0,4,9,192.0,210.0,0.0,0.0,0.0,189.0
2024-09-27 20:00:00,198.0,4,9,189.0,192.0,0.0,0.0,0.0,198.0
2024-09-27 21:00:00,190.5,4,9,198.0,189.0,0.0,0.0,0.0,190.5
2024-09-27 22:00:00,210.0,4,9,190.5,198.0,0.0,0.0,0.0,210.0
2024-09-27 23:00:00,255.0,4,9,210.0,190.5,0.0,0.0,0.0,255.0
2024-09-28 00:00:00,304.5,5,9,255.0,210.0,0.0,0.0,0.0,304.5
2024-09-28 01:00:00,316.5,5,9,304.5,255.0,0.0,0.0,0.0,316.5
2024-09-28 02:00:00,315.0,5,9,316.5,304.5,0.0,0.0,0.0,315.0
2024-09-28 03:00:00,285.0,5,9,315.0,316.5,0.0,0.0,0.0,285.0
2024-09-28 04:00:00,247.5,5,9,285.0,315.0,0.0,0.0,0.0,247.5
2024-09-28 05:00:00,190.5,5,9,247.5,285.0,0.0,0.0,0.0,190.5
2024-09-28 06:00:00,108.0,5,9,190.5,247.5,12.770318984985352,12.770318984985352,0.0,95.22968101501465
2024-09-28 07:00:00,13.5,5,9,108.0,190.5,126.26243591308594,13.5,112.76243591308594,0.0
2024-09-28 08:00:00,345.0,5,9,13.5,108.0,252.9505491256714,252.9505491256714,0.0,92.04945087432861
2024-09-28 09:00:00,1218.0,5,9,345.0,13.5,345.35526752471924,345.35526752471924,0.0,872.6447324752808
2024-09-28 10:00:00,930.0,5,9,1218.0,345.0,403.4438467025757,403.4438467025757,0.0,526.5561532974243
2024-09-28 11:00:00,1591.5,5,9,930.0,1218.0,429.54113960266113,429.54113960266113,0.0,1161.9588603973389
2024-09-28 12:00:00,1759.5,5,9,1591.5,930.0,431.0473823547363,431.0473823547363,0.0,1328.4526176452637
2024-09-28 13:00:00,1885.5,5,9,1759.5,1591.5,403.24738025665283,403.24738025665283,0.0,1482.2526197433472
2024-09-28 14:00:00,1681.5,5,9,1885.5,1759.5,271.2874174118042,271.2874174118042,0.0,1410.2125825881958
2024-09-28 15:00:00,1755.0,5,9,1681.5,1885.5,24.165372848510742,24.165372848510742,0.0,1730.8346271514893
2024-09-28 16:00:00,1632.0,5,9,1755.0,1681.5,41.84735298156738,41.84735298156738,0.0,1590.1526470184326
2024-09-28 17:00:00,2316.0,5,9,1632.0,1755.0,9.79057788848877,9.79057788848877,0.0,2306.2094221115112
2024-09-28 18:00:00,2802.0,5,9,2316.0,1632.0,0.0,0.0,0.0,2802.0
2024-09-28 19:00:00,2382.0,5,9,2802.0,2316.0,0.0,0.0,0.0,2382.0
2024-09-28 20:00:00,2599.5,5,9,2382.0,2802.0,0.0,0.0,0.0,2599.5
2024-09-28 21:00:00,2631.0,5,9,2599.5,2382.0,0.0,0.0,0.0,2631.0
2024-09-28 22:00:00,2640.0,5,9,2631.0,2599.5,0.0,0.0,0.0,2640.0
2024-09-28 23:00:00,1983.0,5,9,2640.0,2631.0,0.0,0.0,0.0,1983.0
2024-09-29 00:00:00,2200.5,6,9,1983.0,2640.0,0.0,0.0,0.0,2200.5
2024-09-29 01:00:00,2194.5,6,9,2200.5,1983.0,0.0,0.0,0.0,2194.5
2024-09-29 02:00:00,2583.0,6,9,2194.5,2200.5,0.0,0.0,0.0,2583.0
2024-09-29 03:00:00,2958.0,6,9,2583.0,2194.5,0.0,0.0,0.0,2958.0
2024-09-29 04:00:00,2827.5,6,9,2958.0,2583.0,0.0,0.0,0.0,2827.5
2024-09-29 05:00:00,2721.0,6,9,2827.5,2958.0,0.0,0.0,0.0,2721.0
2024-09-29 06:00:00,2622.0,6,9,2721.0,2827.5,10.314488410949707,10.314488410949707,0.0,2611.6855115890503
2024-09-29 07:00:00,2103.0,6,9,2622.0,2721.0,105.89541435241699,105.89541435241699,0.0,1997.104585647583
2024-09-29 08:00:00,1512.0,6,9,2103.0,2622.0,156.91120147705078,156.91120147705078,0.0,1355.0887985229492
2024-09-29 09:00:00,1062.0,6,9,1512.0,2103.0,232.22333908081055,232.22333908081055,0.0,829.7766609191895
2024-09-29 10:00:00,1521.0,6,9,1062.0,1512.0,261.92251682281494,261.92251682281494,0.0,1259.077483177185
2024-09-29 11:00:00,2082.0,6,9,1521.0,1062.0,292.6367712020874,292.6367712020874,0.0,1789.3632287979126
2024-09-29 12:00:00,1728.0,6,9,2082.0,1521.0,298.07234287261963,298.07234287261963,0.0,1429.9276571273804
2024-09-29 13:00:00,1549.5,6,9,1728.0,2082.0,350.39790630340576,350.39790630340576,0.0,1199.1020936965942
2024-09-29 14:00:00,1684.5,6,9,1549.5,1728.0,299.9060297012329,299.9060297012329,0.0,1384.593970298767
2024-09-29 15:00:00,2167.5,6,9,1684.5,1549.5,21.251120567321777,21.251120567321777,0.0,2146.248879432678
2024-09-29 16:00:00,2334.0,6,9,2167.5,1684.5,3.6018848419189453,3.6018848419189453,0.0,2330.398115158081
2024-09-29 17:00:00,2472.0,6,9,2334.0,2167.5,2.652297019958496,2.652297019958496,0.0,2469.3477029800415
2024-09-29 18:00:00,2001.0,6,9,2472.0,2334.0,0.0,0.0,0.0,2001.0
2024-09-29 19:00:00,2061.0,6,9,2001.0,2472.0,0.0,0.0,0.0,2061.0
2024-09-29 20:00:00,2563.5,6,9,2061.0,2001.0,0.0,0.0,0.0,2563.5
2024-09-29 21:00:00,1636.5,6,9,2563.5,2061.0,0.0,0.0,0.0,1636.5
2024-09-29 22:00:00,2335.5,6,9,1636.5,2563.5,0.0,0.0,0.0,2335.5
2024-09-29 23:00:00,2730.0,6,9,2335.5,1636.5,0.0,0.0,0.0,2730.0
2024-09-30 00:00:00,2805.0,0,9,2730.0,2335.5,0.0,0.0,0.0,2805.0
2024-09-30 01:00:00,2089.5,0,9,2805.0,2730.0,0.0,0.0,0.0,2089.5
2024-09-30 02:00:00,2362.5,0,9,2089.5,2805.0,0.0,0.0,0.0,2362.5
2024-09-30 03:00:00,2671.5,0,9,2362.5,2089.5,0.0,0.0,0.0,2671.5
2024-09-30 04:00:00,2542.5,0,9,2671.5,2362.5,0.0,0.0,0.0,2542.5
2024-09-30 05:00:00,1645.5,0,9,2542.5,2671.5,0.0,0.0,0.0,1645.5
2024-09-30 06:00:00,2559.0,0,9,1645.5,2542.5,0.0,0.0,0.0,2559.0
2024-09-30 07:00:00,1728.0,0,9,2559.0,1645.5,69.09070014953613,69.09070014953613,0.0,1658.9092998504639
2024-09-30 08:00:00,1101.0,0,9,1728.0,2559.0,180.2252197265625,180.2252197265625,0.0,920.7747802734375
2024-09-30 09:00:00,1443.0,0,9,1101.0,1728.0,257.69848823547363,257.69848823547363,0.0,1185.3015117645264
2024-09-30 10:00:00,1222.5,0,9,1443.0,1101.0,309.0089750289917,309.0089750289917,0.0,913.4910249710083
2024-09-30 11:00:00,1267.5,0,9,1222.5,1443.0,269.7156858444214,269.7156858444214,0.0,997.7843141555786
2024-09-30 12:00:00,1095.0,0,9,1267.5,1222.5,337.7913093566895,337.7913093566895,0.0,757.2086906433105
2024-09-30 13:00:00,1594.5,0,9,1095.0,1267.5,321.84478282928467,321.84478282928467,0.0,1272.6552171707153
2024-09-30 14:00:00,2236.5,0,9,1594.5,1095.0,299.1529083251953,299.1529083251953,0.0,1937.3470916748047
2024-09-30 15:00:00,1792.5,0,9,2236.5,1594.5,180.15973091125488,180.15973091125488,0.0,1612.3402690887451
2024-09-30 16:00:00,1458.0,0,9,1792.5,2236.5,126.62262439727783,126.62262439727783,0.0,1331.3773756027222
2024-09-30 17:00:00,2523.0,0,9,1458.0,1792.5,26.75218105316162,26.75218105316162,0.0,2496.2478189468384
2024-09-30 18:00:00,2076.0,0,9,2523.0,1458.0,0.0,0.0,0.0,2076.0
2024-09-30 19:00:00,2178.0,0,9,2076.0,2523.0,0.0,0.0,0.0,2178.0
2024-09-30 20:00:00,2451.0,0,9,2178.0,2076.0,0.0,0.0,0.0,2451.0
2024-09-30 21:00:00,2655.0,0,9,2451.0,2178.0,0.0,0.0,0.0,2655.0
2024-09-30 22:00:00,2373.0,0,9,2655.0,2451.0,0.0,0.0,0.0,2373.0
2024-09-30 23:00:00,2325.0,0,9,2373.0,2655.0,0.0,0.0,0.0,2325.0
2024-10-01 00:00:00,2352.0,1,10,2325.0,2373.0,0.0,0.0,0.0,2352.0
2024-10-01 01:00:00,2613.0,1,10,2352.0,2325.0,0.0,0.0,0.0,2613.0
2024-10-01 02:00:00,2502.0,1,10,2613.0,2352.0,0.0,0.0,0.0,2502.0
2024-10-01 03:00:00,1975.5,1,10,2502.0,2613.0,0.0,0.0,0.0,1975.5
2024-10-01 04:00:00,2394.0,1,10,1975.5,2502.0,0.0,0.0,0.0,2394.0
2024-10-01 05:00:00,2218.5,1,10,2394.0,1975.5,0.0,0.0,0.0,2218.5
2024-10-01 06:00:00,2631.0,1,10,2218.5,2394.0,5.3373384475708,5.3373384475708,0.0,2625.662661552429
2024-10-01 07:00:00,2085.0,1,10,2631.0,2218.5,71.97220802307129,71.97220802307129,0.0,2013.0277919769287
2024-10-01 08:00:00,1254.0,1,10,2085.0,2631.0,154.45537090301514,154.45537090301514,0.0,1099.5446290969849
2024-10-01 09:00:00,1401.0,1,10,1254.0,2085.0,190.21226406097412,190.21226406097412,0.0,1210.7877359390259
2024-10-01 10:00:00,1623.0,1,10,1401.0,1254.0,396.79673194885254,396.79673194885254,0.0,1226.2032680511475
2024-10-01 11:00:00,1432.5,1,10,1623.0,1401.0,429.1154623031616,429.1154623031616,0.0,1003.3845376968384
2024-10-01 12:00:00,1372.5,1,10,1432.5,1623.0,321.9102716445923,321.9102716445923,0.0,1050.5897283554077
2024-10-01 13:00:00,1500.0,1,10,1372.5,1432.5,283.8285255432129,283.8285255432129,0.0,1216.171474456787
2024-10-01 14:00:00,855.0,1,10,1500.0,1372.5,100.00142097473145,100.00142097473145,0.0,754.9985790252686
2024-10-01 15:00:00,1944.0,1,10,855.0,1500.0,81.1733865737915,81.1733865737915,0.0,1862.8266134262085
2024-10-01 16:00:00,2362.5,1,10,1944.0,855.0,69.51637744903564,69.51637744903564,0.0,2292.9836225509644
2024-10-01 17:00:00,2235.0,1,10,2362.5,1944.0,11.100354194641113,11.100354194641113,0.0,2223.899645805359
2024-10-01 18:00:00,2229.0,1,10,2235.0,2362.5,0.0,0.0,0.0,2229.0
2024-10-01 19:00:00,2430.0,1,10,2229.0,2235.0,0.0,0.0,0.0,2430.0
2024-10-01 20:00:00,2467.5,1,10,2430.0,2229.0,0.0,0.0,0.0,2467.5
2024-10-01 21:00:00,2341.5,1,10,2467.5,2430.0,0.0,0.0,0.0,2341.5
2024-10-01 22:00:00,2017.5,1,10,2341.5,2467.5,0.0,0.0,0.0,2017.5
2024-10-01 23:00:00,2079.0,1,10,2017.5,2341.5,0.0,0.0,0.0,2079.0
2024-10-02 00:00:00,2103.0,2,10,2079.0,2017.5,0.0,0.0,0.0,2103.0
2024-10-02 01:00:00,2151.0,2,10,2103.0,2079.0,0.0,0.0,0.0,2151.0
2024-10-02 02:00:00,2766.0,2,10,2151.0,2103.0,0.0,0.0,0.0,2766.0
2024-10-02 03:00:00,2557.5,2,10,2766.0,2151.0,0.0,0.0,0.0,2557.5
2024-10-02 04:00:00,2592.0,2,10,2557.5,2766.0,0.0,0.0,0.0,2592.0
2024-10-02 05:00:00,2569.5,2,10,2592.0,2557.5,0.0,0.0,0.0,2569.5
2024-10-02 06:00:00,2454.0,2,10,2569.5,2592.0,10.01978874206543,10.01978874206543,0.0,2443.9802112579346
2024-10-02 07:00:00,1716.0,2,10,2454.0,2569.5,116.76655769348145,116.76655769348145,0.0,1599.2334423065186
2024-10-02 08:00:00,1365.0,2,10,1716.0,2454.0,235.62875747680664,235.62875747680664,0.0,1129.3712425231934
2024-10-02 09:00:00,1732.5,2,10,1365.0,1716.0,327.67328739166254,327.67328739166254,0.0,1404.8267126083374
2024-10-02 10:00:00,2103.0,2,10,1732.5,1365.0,394.7993230819702,394.7993230819702,0.0,1708.2006769180298
2024-10-02 11:00:00,1899.0,2,10,2103.0,1732.5,421.64973735809326,421.64973735809326,0.0,1477.3502626419067
2024-10-02 12:00:00,1825.5,2,10,1899.0,2103.0,424.1055679321289,424.1055679321289,0.0,1401.394432067871
2024-10-02 13:00:00,2064.0,2,10,1825.5,1899.0,397.64808654785156,397.64808654785156,0.0,1666.3519134521484
2024-10-02 14:00:00,1494.0,2,10,2064.0,1825.5,190.1140308380127,190.1140308380127,0.0,1303.8859691619873
2024-10-02 15:00:00,1806.0,2,10,1494.0,2064.0,236.41462326049805,236.41462326049805,0.0,1569.585376739502
2024-10-02 16:00:00,2148.0,2,10,1806.0,1494.0,106.35383605957031,106.35383605957031,0.0,2041.6461639404297
2024-10-02 17:00:00,2643.0,2,10,2148.0,1806.0,18.36961269378662,18.36961269378662,0.0,2624.6303873062134
2024-10-02 18:00:00,2746.5,2,10,2643.0,2148.0,0.0,0.0,0.0,2746.5
2024-10-02 19:00:00,2500.5,2,10,2746.5,2643.0,0.0,0.0,0.0,2500.5
2024-10-02 20:00:00,2200.5,2,10,2500.5,2746.5,0.0,0.0,0.0,2200.5
2024-10-02 21:00:00,2428.5,2,10,2200.5,2500.5,0.0,0.0,0.0,2428.5
2024-10-02 22:00:00,2449.5,2,10,2428.5,2200.5,0.0,0.0,0.0,2449.5
2024-10-02 23:00:00,1597.5,2,10,2449.5,2428.5,0.0,0.0,0.0,1597.5
2024-10-03 00:00:00,2464.5,3,10,1597.5,2449.5,0.0,0.0,0.0,2464.5
2024-10-03 01:00:00,2653.5,3,10,2464.5,1597.5,0.0,0.0,0.0,2653.5
2024-10-03 02:00:00,2158.5,3,10,2653.5,2464.5,0.0,0.0,0.0,2158.5
2024-10-03 03:00:00,2149.5,3,10,2158.5,2653.5,0.0,0.0,0.0,2149.5
2024-10-03 04:00:00,2133.0,3,10,2149.5,2158.5,0.0,0.0,0.0,2133.0
2024-10-03 05:00:00,2176.5,3,10,2133.0,2149.5,0.0,0.0,0.0,2176.5
2024-10-03 06:00:00,1975.5,3,10,2176.5,2133.0,9.659600257873535,9.659600257873535,0.0,1965.8403997421265
2024-10-03 07:00:00,1632.0,3,10,1975.5,2176.5,115.48952579498291,115.48952579498291,0.0,1516.510474205017
2024-10-03 08:00:00,1425.0,3,10,1632.0,1975.5,232.91097164154053,232.91097164154053,0.0,1192.0890283584595
2024-10-03 09:00:00,1251.0,3,10,1425.0,1632.0,320.99342823028564,320.99342823028564,0.0,930.0065717697144
2024-10-03 10:00:00,1582.5,3,10,1251.0,1425.0,392.34349250793457,392.34349250793457,0.0,1190.1565074920654
2024-10-03 11:00:00,1437.0,3,10,1582.5,1251.0,425.2516222000122,425.2516222000122,0.0,1011.7483777999878
2024-10-03 12:00:00,1299.0,3,10,1437.0,1582.5,431.47305965423584,431.47305965423584,0.0,867.5269403457642
2024-10-03 13:00:00,2427.0,3,10,1299.0,1437.0,329.9653959274292,329.9653959274292,0.0,2097.034604072571
2024-10-03 14:00:00,3646.5,3,10,2427.0,1299.0,57.69564628601074,57.69564628601074,0.0,3588.8043537139893
2024-10-03 15:00:00,3931.5,3,10,3646.5,2427.0,88.01696777343749,88.01696777343749,0.0,3843.4830322265625
2024-10-03 16:00:00,3784.5,3,10,3931.5,3646.5,36.24805927276611,36.24805927276611,0.0,3748.251940727234
2024-10-03 17:00:00,3253.5,3,10,3784.5,3931.5,6.8108367919921875,6.8108367919921875,0.0,3246.689163208008
2024-10-03 18:00:00,4288.5,3,10,3253.5,3784.5,0.0,0.0,0.0,4288.5
2024-10-03 19:00:00,4150.5,3,10,4288.5,3253.5,0.0,0.0,0.0,4150.5
2024-10-03 20:00:00,3846.0,3,10,4150.5,4288.5,0.0,0.0,0.0,3846.0
2024-10-03 21:00:00,3906.0,3,10,3846.0,4150.5,0.0,0.0,0.0,3906.0
2024-10-03 22:00:00,4071.0,3,10,3906.0,3846.0,0.0,0.0,0.0,4071.0
2024-10-03 23:00:00,4126.5,3,10,4071.0,3906.0,0.0,0.0,0.0,4126.5
2024-10-04 00:00:00,4077.0,4,10,4126.5,4071.0,0.0,0.0,0.0,4077.0
2024-10-04 01:00:00,4101.0,4,10,4077.0,4126.5,0.0,0.0,0.0,4101.0
2024-10-04 02:00:00,4119.0,4,10,4101.0,4077.0,0.0,0.0,0.0,4119.0
2024-10-04 03:00:00,4416.0,4,10,4119.0,4101.0,0.0,0.0,0.0,4416.0
2024-10-04 04:00:00,4048.5,4,10,4416.0,4119.0,0.0,0.0,0.0,4048.5
2024-10-04 05:00:00,3708.0,4,10,4048.5,4416.0,0.0,0.0,0.0,3708.0
2024-10-04 06:00:00,3327.0,4,10,3708.0,4048.5,4.485983848571777,4.485983848571777,0.0,3322.514016151428
2024-10-04 07:00:00,2151.0,4,10,3327.0,3708.0,120.63039779663086,120.63039779663086,0.0,2030.3696022033691
2024-10-04 08:00:00,1035.0,4,10,2151.0,3327.0,242.3741054534912,242.3741054534912,0.0,792.6258945465088
2024-10-04 09:00:00,1008.0,4,10,1035.0,2151.0,334.8770570755005,334.8770570755005,0.0,673.1229429244995
2024-10-04 10:00:00,1012.5,4,10,1008.0,1035.0,399.54726219177246,399.54726219177246,0.0,612.9527378082275
2024-10-04 11:00:00,1059.0,4,10,1012.5,1008.0,432.97930240631104,432.97930240631104,0.0,626.020697593689
2024-10-04 12:00:00,1141.5,4,10,1059.0,1012.5,271.2219285964966,271.2219285964966,0.0,870.2780714035034
2024-10-04 13:00:00,1198.5,4,10,1141.5,1059.0,85.56113719940184,85.56113719940184,0.0,1112.9388628005981
2024-10-04 14:00:00,1218.0,4,10,1198.5,1141.5,39.6207332611084,39.6207332611084,0.0,1178.3792667388916
2024-10-04 15:00:00,1020.0,4,10,1218.0,1198.5,69.90931034088135,69.90931034088135,0.0,950.0906896591187
2024-10-04 16:00:00,1161.0,4,10,1020.0,1218.0,3.5691404342651367,3.5691404342651367,0.0,1157.4308595657349
2024-10-04 17:00:00,1773.0,4,10,1161.0,1020.0,0.16372203826904297,0.16372203826904297,0.0,1772.836277961731
2024-10-04 18:00:00,2076.0,4,10,1773.0,1161.0,0.0,0.0,0.0,2076.0
2024-10-04 19:00:00,1809.0,4,10,2076.0,1773.0,0.0,0.0,0.0,1809.0
2024-10-04 20:00:00,1996.5,4,10,1809.0,2076.0,0.0,0.0,0.0,1996.5
2024-10-04 21:00:00,1719.0,4,10,1996.5,1809.0,0.0,0.0,0.0,1719.0
2024-10-04 22:00:00,1809.0,4,10,1719.0,1996.5,0.0,0.0,0.0,1809.0
2024-10-04 23:00:00,1807.5,4,10,1809.0,1719.0,0.0,0.0,0.0,1807.5
2024-10-05 00:00:00,1930.5,5,10,1807.5,1809.0,0.0,0.0,0.0,1930.5
2024-10-05 01:00:00,1948.5,5,10,1930.5,1807.5,0.0,0.0,0.0,1948.5
2024-10-05 02:00:00,1680.0,5,10,1948.5,1930.5,0.0,0.0,0.0,1680.0
2024-10-05 03:00:00,1711.5,5,10,1680.0,1948.5,0.0,0.0,0.0,1711.5
2024-10-05 04:00:00,2137.5,5,10,1711.5,1680.0,0.0,0.0,0.0,2137.5
2024-10-05 05:00:00,2023.5,5,10,2137.5,1711.5,0.0,0.0,0.0,2023.5
2024-10-05 06:00:00,1620.0,5,10,2023.5,2137.5,6.8108367919921875,6.8108367919921875,0.0,1613.1891632080078
2024-10-05 07:00:00,1182.0,5,10,1620.0,2023.5,73.34747314453125,73.34747314453125,0.0,1108.6525268554688
2024-10-05 08:00:00,868.5,5,10,1182.0,1620.0,155.1102590560913,155.1102590560913,0.0,713.3897409439087
2024-10-05 09:00:00,1036.5,5,10,868.5,1182.0,233.89330387115479,233.89330387115479,0.0,802.6066961288452
2024-10-05 10:00:00,1414.5,5,10,1036.5,868.5,405.93242168426514,405.93242168426514,0.0,1008.5675783157349
2024-10-05 11:00:00,1843.5,5,10,1414.5,1036.5,447.05939769744873,447.05939769744873,0.0,1396.4406023025513
2024-10-05 12:00:00,1828.5,5,10,1843.5,1414.5,50.852065086364746,50.852065086364746,0.0,1777.6479349136353
2024-10-05 13:00:00,2160.0,5,10,1828.5,1843.5,326.78918838500977,326.78918838500977,0.0,1833.2108116149902
2024-10-05 14:00:00,2119.5,5,10,2160.0,1828.5,85.56113719940184,85.56113719940184,0.0,2033.9388628005981
2024-10-05 15:00:00,2794.5,5,10,2119.5,2160.0,83.85842800140381,83.85842800140381,0.0,2710.641571998596
2024-10-05 16:00:00,3676.5,5,10,2794.5,2119.5,2.783274650573731,2.783274650573731,0.0,3673.7167253494263
2024-10-05 17:00:00,4069.5,5,10,3676.5,2794.5,10.74016571044922,10.74016571044922,0.0,4058.759834289551
2024-10-05 18:00:00,4167.0,5,10,4069.5,3676.5,0.0,0.0,0.0,4167.0
2024-10-05 19:00:00,4183.5,5,10,4167.0,4069.5,0.0,0.0,0.0,4183.5
2024-10-05 20:00:00,4242.0,5,10,4183.5,4167.0,0.0,0.0,0.0,4242.0
2024-10-05 21:00:00,4152.0,5,10,4242.0,4183.5,0.0,0.0,0.0,4152.0
2024-10-05 22:00:00,4215.0,5,10,4152.0,4242.0,0.0,0.0,0.0,4215.0
2024-10-05 23:00:00,4290.0,5,10,4215.0,4152.0,0.0,0.0,0.0,4290.0
2024-10-06 00:00:00,4336.5,6,10,4290.0,4215.0,0.0,0.0,0.0,4336.5
2024-10-06 01:00:00,4363.5,6,10,4336.5,4290.0,0.0,0.0,0.0,4363.5
2024-10-06 02:00:00,3619.5,6,10,4363.5,4336.5,0.0,0.0,0.0,3619.5
2024-10-06 03:00:00,4387.5,6,10,3619.5,4363.5,0.0,0.0,0.0,4387.5
2024-10-06 04:00:00,4335.0,6,10,4387.5,3619.5,0.0,0.0,0.0,4335.0
2024-10-06 05:00:00,3834.0,6,10,4335.0,4387.5,0.0,0.0,0.0,3834.0
2024-10-06 06:00:00,3625.5,6,10,3834.0,4335.0,2.193875312805176,2.193875312805176,0.0,3623.306124687195
2024-10-06 07:00:00,3312.0,6,10,3625.5,3834.0,39.42426681518555,39.42426681518555,0.0,3272.5757331848145
2024-10-06 08:00:00,2988.0,6,10,3312.0,3625.5,15.258893966674805,15.258893966674805,0.0,2972.741106033325
2024-10-06 09:00:00,3114.0,6,10,2988.0,3312.0,116.30813598632812,116.30813598632812,0.0,2997.691864013672
2024-10-06 10:00:00,3387.0,6,10,3114.0,2988.0,116.79930210113525,116.79930210113525,0.0,3270.2006978988647
2024-10-06 11:00:00,3042.0,6,10,3387.0,3114.0,163.29636096954346,163.29636096954346,0.0,2878.7036390304565
2024-10-06 12:00:00,2757.0,6,10,3042.0,3387.0,87.19835758209227,87.19835758209227,0.0,2669.8016424179077
2024-10-06 13:00:00,3342.0,6,10,2757.0,3042.0,97.61107921600342,97.61107921600342,0.0,3244.3889207839966
2024-10-06 14:00:00,3054.0,6,10,3342.0,2757.0,102.4899959564209,102.4899959564209,0.0,2951.510004043579
2024-10-06 15:00:00,3016.5,6,10,3054.0,3342.0,203.21179389953613,203.21179389953613,0.0,2813.288206100464
2024-10-06 16:00:00,3490.5,6,10,3016.5,3054.0,82.3194408416748,82.3194408416748,0.0,3408.180559158325
2024-10-06 17:00:00,4158.0,6,10,3490.5,3016.5,14.865961074829102,14.865961074829102,0.0,4143.134038925171
2024-10-06 18:00:00,4411.5,6,10,4158.0,3490.5,0.0,0.0,0.0,4411.5
2024-10-06 19:00:00,4062.0,6,10,4411.5,4158.0,0.0,0.0,0.0,4062.0
2024-10-06 20:00:00,3840.0,6,10,4062.0,4411.5,0.0,0.0,0.0,3840.0
2024-10-06 21:00:00,4584.0,6,10,3840.0,4062.0,0.0,0.0,0.0,4584.0
2024-10-06 22:00:00,4045.5,6,10,4584.0,3840.0,0.0,0.0,0.0,4045.5
2024-10-06 23:00:00,4233.0,6,10,4045.5,4584.0,0.0,0.0,0.0,4233.0
2024-10-07 00:00:00,4675.5,0,10,4233.0,4045.5,0.0,0.0,0.0,4675.5
2024-10-07 01:00:00,4468.5,0,10,4675.5,4233.0,0.0,0.0,0.0,4468.5
2024-10-07 02:00:00,4219.5,0,10,4468.5,4675.5,0.0,0.0,0.0,4219.5
2024-10-07 03:00:00,4210.5,0,10,4219.5,4468.5,0.0,0.0,0.0,4210.5
2024-10-07 04:00:00,4525.5,0,10,4210.5,4219.5,0.0,0.0,0.0,4525.5
2024-10-07 05:00:00,4579.5,0,10,4525.5,4210.5,0.0,0.0,0.0,4579.5
2024-10-07 06:00:00,4245.0,0,10,4579.5,4525.5,0.0,0.0,0.0,4245.0
2024-10-07 07:00:00,3492.0,0,10,4245.0,4579.5,2.8815078735351567,2.8815078735351567,0.0,3489.118492126465
2024-10-07 08:00:00,2917.5,0,10,3492.0,4245.0,6.679859161376953,6.679859161376953,0.0,2910.820140838623
2024-10-07 09:00:00,2256.0,0,10,2917.5,3492.0,184.51473712921143,184.51473712921143,0.0,2071.4852628707886
2024-10-07 10:00:00,2082.0,0,10,2256.0,2917.5,77.80071258544922,77.80071258544922,0.0,2004.1992874145508
2024-10-07 11:00:00,2407.5,0,10,2082.0,2256.0,115.816969871521,115.816969871521,0.0,2291.683030128479
2024-10-07 12:00:00,2262.0,0,10,2407.5,2082.0,68.5667896270752,68.5667896270752,0.0,2193.433210372925
2024-10-07 13:00:00,2547.0,0,10,2262.0,2407.5,72.0049524307251,72.0049524307251,0.0,2474.995047569275
2024-10-07 14:00:00,2661.0,0,10,2547.0,2262.0,194.92745876312256,194.92745876312256,0.0,2466.0725412368774
2024-10-07 15:00:00,2881.5,0,10,2661.0,2547.0,157.17315673828125,157.17315673828125,0.0,2724.3268432617188
2024-10-07 16:00:00,3642.0,0,10,2881.5,2661.0,76.52368068695068,76.52368068695068,0.0,3565.4763193130493
2024-10-07 17:00:00,4081.5,0,10,3642.0,2881.5,15.226149559020996,15.226149559020996,0.0,4066.273850440979
2024-10-07 18:00:00,4542.0,0,10,4081.5,3642.0,0.0,0.0,0.0,4542.0
2024-10-07 19:00:00,4350.0,0,10,4542.0,4081.5,0.0,0.0,0.0,4350.0
2024-10-07 20:00:00,4384.5,0,10,4350.0,4542.0,0.0,0.0,0.0,4384.5
2024-10-07 21:00:00,4647.0,0,10,4384.5,4350.0,0.0,0.0,0.0,4647.0
2024-10-07 22:00:00,4470.0,0,10,4647.0,4384.5,0.0,0.0,0.0,4470.0
2024-10-07 23:00:00,4351.5,0,10,4470.0,4647.0,0.0,0.0,0.0,4351.5
2024-10-08 00:00:00,4432.5,1,10,4351.5,4470.0,0.0,0.0,0.0,4432.5
2024-10-08 01:00:00,4360.5,1,10,4432.5,4351.5,0.0,0.0,0.0,4360.5
2024-10-08 02:00:00,3916.5,1,10,4360.5,4432.5,0.0,0.0,0.0,3916.5
2024-10-08 03:00:00,3886.5,1,10,3916.5,4360.5,0.0,0.0,0.0,3886.5
2024-10-08 04:00:00,4359.0,1,10,3886.5,3916.5,0.0,0.0,0.0,4359.0
2024-10-08 05:00:00,4612.5,1,10,4359.0,3886.5,0.0,0.0,0.0,4612.5
2024-10-08 06:00:00,4086.0,1,10,4612.5,4359.0,4.977149963378906,4.977149963378906,0.0,4081.022850036621
2024-10-08 07:00:00,3453.0,1,10,4086.0,4612.5,72.07044124603271,72.07044124603271,0.0,3380.9295587539673
2024-10-08 08:00:00,3331.5,1,10,3453.0,4086.0,257.2400665283203,257.2400665283203,0.0,3074.2599334716797
2024-10-08 09:00:00,2623.5,1,10,3331.5,3453.0,218.47068786621094,218.47068786621094,0.0,2405.029312133789
2024-10-08 10:00:00,2550.0,1,10,2623.5,3331.5,402.49425888061523,402.49425888061523,0.0,2147.5057411193848
2024-10-08 11:00:00,1815.0,1,10,2550.0,2623.5,266.89966678619385,266.89966678619385,0.0,1548.1003332138062
2024-10-08 12:00:00,1849.5,1,10,1815.0,2550.0,313.6586809158325,313.6586809158325,0.0,1535.8413190841675
2024-10-08 13:00:00,2349.0,1,10,1849.5,1815.0,248.399076461792,248.399076461792,0.0,2100.600923538208
2024-10-08 14:00:00,3154.5,1,10,2349.0,1849.5,130.02804279327393,130.02804279327393,0.0,3024.471957206726
2024-10-08 15:00:00,3484.5,1,10,3154.5,2349.0,98.46243381500244,98.46243381500244,0.0,3386.0375661849976
2024-10-08 16:00:00,3787.5,1,10,3484.5,3154.5,135.46361446380615,135.46361446380615,0.0,3652.036385536194
2024-10-08 17:00:00,4081.5,1,10,3787.5,3484.5,31.041698455810547,31.041698455810547,0.0,4050.4583015441895
2024-10-08 18:00:00,4002.0,1,10,4081.5,3787.5,0.0,0.0,0.0,4002.0
2024-10-08 19:00:00,4347.0,1,10,4002.0,4081.5,0.0,0.0,0.0,4347.0
2024-10-08 20:00:00,4431.0,1,10,4347.0,4002.0,0.0,0.0,0.0,4431.0
2024-10-08 21:00:00,4431.0,1,10,4431.0,4347.0,0.0,0.0,0.0,4431.0
2024-10-08 22:00:00,4404.0,1,10,4431.0,4431.0,0.0,0.0,0.0,4404.0
2024-10-08 23:00:00,4284.0,1,10,4404.0,4431.0,0.0,0.0,0.0,4284.0
2024-10-09 00:00:00,4564.5,2,10,4284.0,4404.0,0.0,0.0,0.0,4564.5
2024-10-09 01:00:00,4108.5,2,10,4564.5,4284.0,0.0,0.0,0.0,4108.5
2024-10-09 02:00:00,4176.0,2,10,4108.5,4564.5,0.0,0.0,0.0,4176.0
2024-10-09 03:00:00,4561.5,2,10,4176.0,4108.5,0.0,0.0,0.0,4561.5
2024-10-09 04:00:00,4548.0,2,10,4561.5,4176.0,0.0,0.0,0.0,4548.0
2024-10-09 05:00:00,3900.0,2,10,4548.0,4561.5,0.0,0.0,0.0,3900.0
2024-10-09 06:00:00,3525.0,2,10,3900.0,4548.0,8.284335136413574,8.284335136413574,0.0,3516.7156648635864
2024-10-09 07:00:00,2871.0,2,10,3525.0,3900.0,84.54606056213379,84.54606056213379,0.0,2786.453939437866
2024-10-09 08:00:00,1758.0,2,10,2871.0,3525.0,172.79223918914792,172.79223918914792,0.0,1585.207760810852
2024-10-09 09:00:00,2044.5,2,10,1758.0,2871.0,352.82099246978754,352.82099246978754,0.0,1691.6790075302124
2024-10-09 10:00:00,1380.0,2,10,2044.5,1758.0,416.1159324645996,416.1159324645996,0.0,963.8840675354004
2024-10-09 11:00:00,1335.0,2,10,1380.0,2044.5,448.3691740036011,448.3691740036011,0.0,886.6308259963989
2024-10-09 12:00:00,1234.5,2,10,1335.0,1380.0,451.9055700302124,451.9055700302124,0.0,782.5944299697876
2024-10-09 13:00:00,1293.0,2,10,1234.5,1335.0,418.63725185394287,418.63725185394287,0.0,874.3627481460571
2024-10-09 14:00:00,1726.5,2,10,1293.0,1234.5,361.85844898223877,361.85844898223877,0.0,1364.6415510177612
2024-10-09 15:00:00,2026.5,2,10,1726.5,1293.0,275.5114459991455,275.5114459991455,0.0,1750.9885540008545
2024-10-09 16:00:00,2379.0,2,10,2026.5,1726.5,159.6289873123169,159.6289873123169,0.0,2219.371012687683
2024-10-09 17:00:00,2736.0,2,10,2379.0,2026.5,19.8103666305542,19.8103666305542,0.0,2716.189633369446
2024-10-09 18:00:00,2808.0,2,10,2736.0,2379.0,0.0,0.0,0.0,2808.0
2024-10-09 19:00:00,2706.0,2,10,2808.0,2736.0,0.0,0.0,0.0,2706.0
2024-10-09 20:00:00,2652.0,2,10,2706.0,2808.0,0.0,0.0,0.0,2652.0
2024-10-09 21:00:00,2667.0,2,10,2652.0,2706.0,0.0,0.0,0.0,2667.0
2024-10-09 22:00:00,2878.5,2,10,2667.0,2652.0,0.0,0.0,0.0,2878.5
2024-10-09 23:00:00,2536.5,2,10,2878.5,2667.0,0.0,0.0,0.0,2536.5
2024-10-10 00:00:00,2815.5,3,10,2536.5,2878.5,0.0,0.0,0.0,2815.5
2024-10-10 01:00:00,2839.5,3,10,2815.5,2536.5,0.0,0.0,0.0,2839.5
2024-10-10 02:00:00,2814.0,3,10,2839.5,2815.5,0.0,0.0,0.0,2814.0
2024-10-10 03:00:00,2743.5,3,10,2814.0,2839.5,0.0,0.0,0.0,2743.5
2024-10-10 04:00:00,2782.5,3,10,2743.5,2814.0,0.0,0.0,0.0,2782.5
2024-10-10 05:00:00,2034.0,3,10,2782.5,2743.5,0.0,0.0,0.0,2034.0
2024-10-10 06:00:00,1428.0,3,10,2034.0,2782.5,1.4734983444213865,1.4734983444213865,0.0,1426.5265016555786
2024-10-10 07:00:00,822.0,3,10,1428.0,2034.0,32.449707984924316,32.449707984924316,0.0,789.5502920150757
2024-10-10 08:00:00,253.5,3,10,822.0,1428.0,8.84099006652832,8.84099006652832,0.0,244.65900993347168
2024-10-10 09:00:00,928.5,3,10,253.5,822.0,132.48387336730957,132.48387336730957,0.0,796.0161266326904
2024-10-10 10:00:00,1243.5,3,10,928.5,253.5,267.0306444168091,267.0306444168091,0.0,976.4693555831909
2024-10-10 11:00:00,831.0,3,10,1243.5,928.5,247.2530221939087,247.2530221939087,0.0,583.7469778060913
2024-10-10 12:00:00,996.0,3,10,831.0,1243.5,223.80802631378174,223.80802631378174,0.0,772.1919736862183
2024-10-10 13:00:00,1008.0,3,10,996.0,831.0,424.23654556274414,424.23654556274414,0.0,583.7634544372559
2024-10-10 14:00:00,1833.0,3,10,1008.0,996.0,232.4525499343872,232.4525499343872,0.0,1600.5474500656128
2024-10-10 15:00:00,1608.0,3,10,1833.0,1008.0,277.476110458374,277.476110458374,0.0,1330.523889541626
2024-10-10 16:00:00,1780.5,3,10,1608.0,1833.0,159.33428764343262,159.33428764343262,0.0,1621.1657123565674
2024-10-10 17:00:00,1660.5,3,10,1780.5,1608.0,8.317079544067383,8.317079544067383,0.0,1652.1829204559326
2024-10-10 18:00:00,1819.5,3,10,1660.5,1780.5,0.0,0.0,0.0,1819.5
2024-10-10 19:00:00,2047.5,3,10,1819.5,1660.5,0.0,0.0,0.0,2047.5
2024-10-10 20:00:00,1971.0,3,10,2047.5,1819.5,0.0,0.0,0.0,1971.0
2024-10-10 21:00:00,2119.5,3,10,1971.0,2047.5,0.0,0.0,0.0,2119.5
2024-10-10 22:00:00,2053.5,3,10,2119.5,1971.0,0.0,0.0,0.0,2053.5
2024-10-10 23:00:00,1828.5,3,10,2053.5,2119.5,0.0,0.0,0.0,1828.5
2024-10-11 00:00:00,2047.5,4,10,1828.5,2053.5,0.0,0.0,0.0,2047.5
2024-10-11 01:00:00,1989.0,4,10,2047.5,1828.5,0.0,0.0,0.0,1989.0
2024-10-11 02:00:00,1728.0,4,10,1989.0,2047.5,0.0,0.0,0.0,1728.0
2024-10-11 03:00:00,1893.0,4,10,1728.0,1989.0,0.0,0.0,0.0,1893.0
2024-10-11 04:00:00,1963.5,4,10,1893.0,1728.0,0.0,0.0,0.0,1963.5
2024-10-11 05:00:00,1713.0,4,10,1963.5,1893.0,0.0,0.0,0.0,1713.0
2024-10-11 06:00:00,1762.5,4,10,1713.0,1963.5,8.808245658874512,8.808245658874512,0.0,1753.6917543411255
2024-10-11 07:00:00,1453.5,4,10,1762.5,1713.0,70.53145408630371,70.53145408630371,0.0,1382.9685459136963
2024-10-11 08:00:00,1285.5,4,10,1453.5,1762.5,108.12203407287598,108.12203407287598,0.0,1177.377965927124
2024-10-11 09:00:00,1093.5,4,10,1285.5,1453.5,245.15738010406494,245.15738010406494,0.0,848.3426198959351
2024-10-11 10:00:00,988.5,4,10,1093.5,1285.5,392.0487928390503,392.0487928390503,0.0,596.4512071609497
2024-10-11 11:00:00,736.5,4,10,988.5,1093.5,289.75526332855225,289.75526332855225,0.0,446.74473667144775
2024-10-11 12:00:00,484.5,4,10,736.5,988.5,256.8798780441284,256.8798780441284,0.0,227.62012195587158
2024-10-11 13:00:00,649.5,4,10,484.5,736.5,387.8902530670166,387.8902530670166,0.0,261.6097469329834
2024-10-11 14:00:00,886.5,4,10,649.5,484.5,205.7331132888794,205.7331132888794,0.0,680.7668867111206
2024-10-11 15:00:00,1480.5,4,10,886.5,649.5,175.6737470626831,175.6737470626831,0.0,1304.826252937317
2024-10-11 16:00:00,1705.5,4,10,1480.5,886.5,42.731451988220215,42.731451988220215,0.0,1662.7685480117798
2024-10-11 17:00:00,1930.5,4,10,1705.5,1480.5,20.334277153015137,20.334277153015137,0.0,1910.1657228469849
2024-10-11 18:00:00,2103.0,4,10,1930.5,1705.5,0.0,0.0,0.0,2103.0
2024-10-11 19:00:00,1965.0,4,10,2103.0,1930.5,0.0,0.0,0.0,1965.0
2024-10-11 20:00:00,1945.5,4,10,1965.0,2103.0,0.0,0.0,0.0,1945.5
2024-10-11 21:00:00,2037.0,4,10,1945.5,1965.0,0.0,0.0,0.0,2037.0
2024-10-11 22:00:00,1726.5,4,10,2037.0,1945.5,0.0,0.0,0.0,1726.5
2024-10-11 23:00:00,1704.0,4,10,1726.5,2037.0,0.0,0.0,0.0,1704.0
2024-10-12 00:00:00,1707.0,5,10,1704.0,1726.5,0.0,0.0,0.0,1707.0
2024-10-12 01:00:00,2017.5,5,10,1707.0,1704.0,0.0,0.0,0.0,2017.5
2024-10-12 02:00:00,1813.5,5,10,2017.5,1707.0,0.0,0.0,0.0,1813.5
2024-10-12 03:00:00,1683.0,5,10,1813.5,2017.5,0.0,0.0,0.0,1683.0
2024-10-12 04:00:00,2224.5,5,10,1683.0,1813.5,0.0,0.0,0.0,2224.5
2024-10-12 05:00:00,2041.5,5,10,2224.5,1683.0,0.0,0.0,0.0,2041.5
2024-10-12 06:00:00,2385.0,5,10,2041.5,2224.5,6.614370346069336,6.614370346069336,0.0,2378.3856296539307
2024-10-12 07:00:00,2487.0,5,10,2385.0,2041.5,112.67350673675537,112.67350673675537,0.0,2374.3264932632446
2024-10-12 08:00:00,2578.5,5,10,2487.0,2385.0,232.3870611190796,232.3870611190796,0.0,2346.1129388809204
2024-10-12 09:00:00,2212.5,5,10,2578.5,2487.0,332.35573768615717,332.35573768615717,0.0,1880.1442623138428
2024-10-12 10:00:00,2703.0,5,10,2212.5,2578.5,400.0711727142334,400.0711727142334,0.0,2302.9288272857666
2024-10-12 11:00:00,2917.5,5,10,2703.0,2212.5,435.7953214645386,435.7953214645386,0.0,2481.7046785354614
2024-10-12 12:00:00,2724.0,5,10,2917.5,2703.0,438.5131072998047,438.5131072998047,0.0,2285.4868927001953
2024-10-12 13:00:00,3414.0,5,10,2724.0,2917.5,402.0358371734619,402.0358371734619,0.0,3011.964162826538
2024-10-12 14:00:00,3747.0,5,10,3414.0,2724.0,239.19789791107178,239.19789791107178,0.0,3507.802102088928
2024-10-12 15:00:00,3952.5,5,10,3747.0,3414.0,185.98823547363278,185.98823547363278,0.0,3766.511764526367
2024-10-12 16:00:00,3415.5,5,10,3952.5,3747.0,121.1870527267456,121.1870527267456,0.0,3294.3129472732544
2024-10-12 17:00:00,3775.5,5,10,3415.5,3952.5,18.304123878479004,18.304123878479004,0.0,3757.195876121521
2024-10-12 18:00:00,4494.0,5,10,3775.5,3415.5,0.0,0.0,0.0,4494.0
2024-10-12 19:00:00,3948.0,5,10,4494.0,3775.5,0.0,0.0,0.0,3948.0
2024-10-12 20:00:00,3613.5,5,10,3948.0,4494.0,0.0,0.0,0.0,3613.5
2024-10-12 21:00:00,3906.0,5,10,3613.5,3948.0,0.0,0.0,0.0,3906.0
2024-10-12 22:00:00,4009.5,5,10,3906.0,3613.5,0.0,0.0,0.0,4009.5
2024-10-12 23:00:00,3993.0,5,10,4009.5,3906.0,0.0,0.0,0.0,3993.0
2024-10-13 00:00:00,4110.0,6,10,3993.0,4009.5,0.0,0.0,0.0,4110.0
2024-10-13 01:00:00,3723.0,6,10,4110.0,3993.0,0.0,0.0,0.0,3723.0
2024-10-13 02:00:00,3571.5,6,10,3723.0,4110.0,0.0,0.0,0.0,3571.5
2024-10-13 03:00:00,3985.5,6,10,3571.5,3723.0,0.0,0.0,0.0,3985.5
2024-10-13 04:00:00,4006.5,6,10,3985.5,3571.5,0.0,0.0,0.0,4006.5
2024-10-13 05:00:00,4084.5,6,10,4006.5,3985.5,0.0,0.0,0.0,4084.5
2024-10-13 06:00:00,3436.5,6,10,4084.5,4006.5,0.0,0.0,0.0,3436.5
2024-10-13 07:00:00,3394.5,6,10,3436.5,4084.5,5.042638778686523,5.042638778686523,0.0,3389.4573612213135
2024-10-13 08:00:00,2479.5,6,10,3394.5,3436.5,250.82216262817383,250.82216262817383,0.0,2228.677837371826
2024-10-13 09:00:00,3037.5,6,10,2479.5,3394.5,353.54136943817144,353.54136943817144,0.0,2683.9586305618286
2024-10-13 10:00:00,2122.5,6,10,3037.5,2479.5,160.807785987854,160.807785987854,0.0,1961.692214012146
2024-10-13 11:00:00,1804.5,6,10,2122.5,3037.5,456.1295986175537,456.1295986175537,0.0,1348.3704013824463
2024-10-13 12:00:00,2200.5,6,10,1804.5,2122.5,456.424298286438,456.424298286438,0.0,1744.075701713562
2024-10-13 13:00:00,1978.5,6,10,2200.5,1804.5,244.43700313568115,244.43700313568115,0.0,1734.0629968643188
2024-10-13 14:00:00,2164.5,6,10,1978.5,2200.5,290.3774070739746,290.3774070739746,0.0,1874.1225929260254
2024-10-13 15:00:00,2856.0,6,10,2164.5,1978.5,195.8115577697754,195.8115577697754,0.0,2660.1884422302246
2024-10-13 16:00:00,3612.0,6,10,2856.0,2164.5,109.53004360198975,109.53004360198975,0.0,3502.4699563980103
2024-10-13 17:00:00,3814.5,6,10,3612.0,2856.0,17.878446578979492,17.878446578979492,0.0,3796.6215534210205
2024-10-13 18:00:00,3901.5,6,10,3814.5,3612.0,0.0,0.0,0.0,3901.5
2024-10-13 19:00:00,4264.5,6,10,3901.5,3814.5,0.0,0.0,0.0,4264.5
2024-10-13 20:00:00,4053.0,6,10,4264.5,3901.5,0.0,0.0,0.0,4053.0
2024-10-13 21:00:00,4033.5,6,10,4053.0,4264.5,0.0,0.0,0.0,4033.5
2024-10-13 22:00:00,3342.0,6,10,4033.5,4053.0,0.0,0.0,0.0,3342.0
2024-10-13 23:00:00,3384.0,6,10,3342.0,4033.5,0.0,0.0,0.0,3384.0
2024-10-14 00:00:00,3945.0,0,10,3384.0,3342.0,0.0,0.0,0.0,3945.0
2024-10-14 01:00:00,3799.5,0,10,3945.0,3384.0,0.0,0.0,0.0,3799.5
2024-10-14 02:00:00,3510.0,0,10,3799.5,3945.0,0.0,0.0,0.0,3510.0
2024-10-14 03:00:00,3537.0,0,10,3510.0,3799.5,0.0,0.0,0.0,3537.0
2024-10-14 04:00:00,3862.5,0,10,3537.0,3510.0,0.0,0.0,0.0,3862.5
2024-10-14 05:00:00,4105.5,0,10,3862.5,3537.0,0.0,0.0,0.0,4105.5
2024-10-14 06:00:00,4012.5,0,10,4105.5,3862.5,5.5338048934936515,5.5338048934936515,0.0,4006.9661951065063
2024-10-14 07:00:00,2835.0,0,10,4012.5,4105.5,112.67350673675537,112.67350673675537,0.0,2722.3264932632446
2024-10-14 08:00:00,2248.5,0,10,2835.0,4012.5,233.33664894104004,233.33664894104004,0.0,2015.16335105896
2024-10-14 09:00:00,1825.5,0,10,2248.5,2835.0,334.74607944488525,334.74607944488525,0.0,1490.7539205551147
2024-10-14 10:00:00,1330.5,0,10,1825.5,2248.5,403.34561347961426,403.34561347961426,0.0,927.1543865203857
2024-10-14 11:00:00,1680.0,0,10,1330.5,1825.5,437.8909635543823,437.8909635543823,0.0,1242.1090364456177
2024-10-14 12:00:00,2304.0,0,10,1680.0,1330.5,438.67682933807373,438.67682933807373,0.0,1865.3231706619263
2024-10-14 13:00:00,2907.0,0,10,2304.0,1680.0,403.24738025665283,403.24738025665283,0.0,2503.752619743347
2024-10-14 14:00:00,2656.5,0,10,2907.0,2304.0,341.00026130676275,341.00026130676275,0.0,2315.4997386932373
2024-10-14 15:00:00,2896.5,0,10,2656.5,2907.0,250.62569618225098,250.62569618225098,0.0,2645.874303817749
2024-10-14 16:00:00,3259.5,0,10,2896.5,2656.5,134.93970394134521,134.93970394134521,0.0,3124.560296058655
2024-10-14 17:00:00,4314.0,0,10,3259.5,2896.5,20.530743598937992,20.530743598937992,0.0,4293.469256401062
2024-10-14 18:00:00,3642.0,0,10,4314.0,3259.5,0.0,0.0,0.0,3642.0
2024-10-14 19:00:00,3594.0,0,10,3642.0,4314.0,0.0,0.0,0.0,3594.0
2024-10-14 20:00:00,3910.5,0,10,3594.0,3642.0,0.0,0.0,0.0,3910.5
2024-10-14 21:00:00,3706.5,0,10,3910.5,3594.0,0.0,0.0,0.0,3706.5
2024-10-14 22:00:00,4314.0,0,10,3706.5,3910.5,0.0,0.0,0.0,4314.0
2024-10-14 23:00:00,4120.5,0,10,4314.0,3706.5,0.0,0.0,0.0,4120.5
2024-10-15 00:00:00,3774.0,1,10,4120.5,4314.0,0.0,0.0,0.0,3774.0
2024-10-15 01:00:00,3930.0,1,10,3774.0,4120.5,0.0,0.0,0.0,3930.0
2024-10-15 02:00:00,3538.5,1,10,3930.0,3774.0,0.0,0.0,0.0,3538.5
2024-10-15 03:00:00,3484.5,1,10,3538.5,3930.0,0.0,0.0,0.0,3484.5
2024-10-15 04:00:00,4293.0,1,10,3484.5,3538.5,0.0,0.0,0.0,4293.0
2024-10-15 05:00:00,3882.0,1,10,4293.0,3484.5,0.0,0.0,0.0,3882.0
2024-10-15 06:00:00,3658.5,1,10,3882.0,4293.0,6.28692626953125,6.28692626953125,0.0,3652.2130737304688
2024-10-15 07:00:00,2884.5,1,10,3658.5,3882.0,113.1646728515625,113.1646728515625,0.0,2771.3353271484375
2024-10-15 08:00:00,1813.5,1,10,2884.5,3658.5,233.43488216400146,233.43488216400146,0.0,1580.0651178359985
2024-10-15 09:00:00,1942.5,1,10,1813.5,2884.5,330.9477281570434,330.9477281570434,0.0,1611.5522718429565
2024-10-15 10:00:00,2241.0,1,10,1942.5,1813.5,321.1571502685547,321.1571502685547,0.0,1919.8428497314453
2024-10-15 11:00:00,2403.0,1,10,2241.0,1942.5,355.4405450820922,355.4405450820922,0.0,2047.5594549179077
2024-10-15 12:00:00,1236.0,1,10,2403.0,2241.0,361.53100490570074,361.53100490570074,0.0,874.4689950942993
2024-10-15 13:00:00,2164.5,1,10,1236.0,2403.0,340.24713993072504,340.24713993072504,0.0,1824.252860069275
2024-10-15 14:00:00,2388.0,1,10,2164.5,1236.0,266.53947830200195,266.53947830200195,0.0,2121.460521697998
2024-10-15 15:00:00,2035.5,1,10,2388.0,2164.5,244.07681465148926,244.07681465148926,0.0,1791.4231853485107
2024-10-15 16:00:00,3358.5,1,10,2035.5,2388.0,132.35289573669434,132.35289573669434,0.0,3226.1471042633057
2024-10-15 17:00:00,3549.0,1,10,3358.5,2035.5,18.40235710144043,18.40235710144043,0.0,3530.5976428985596
2024-10-15 18:00:00,3921.0,1,10,3549.0,3358.5,0.0,0.0,0.0,3921.0
2024-10-15 19:00:00,3676.5,1,10,3921.0,3549.0,0.0,0.0,0.0,3676.5
2024-10-15 20:00:00,3733.5,1,10,3676.5,3921.0,0.0,0.0,0.0,3733.5
2024-10-15 21:00:00,3415.5,1,10,3733.5,3676.5,0.0,0.0,0.0,3415.5
2024-10-15 22:00:00,3546.0,1,10,3415.5,3733.5,0.0,0.0,0.0,3546.0
2024-10-15 23:00:00,3634.5,1,10,3546.0,3415.5,0.0,0.0,0.0,3634.5
2024-10-16 00:00:00,3735.0,2,10,3634.5,3546.0,0.0,0.0,0.0,3735.0
2024-10-16 01:00:00,4153.5,2,10,3735.0,3634.5,0.0,0.0,0.0,4153.5
2024-10-16 02:00:00,4024.5,2,10,4153.5,3735.0,0.0,0.0,0.0,4024.5
2024-10-16 03:00:00,4188.0,2,10,4024.5,4153.5,0.0,0.0,0.0,4188.0
2024-10-16 04:00:00,3397.5,2,10,4188.0,4024.5,0.0,0.0,0.0,3397.5
2024-10-16 05:00:00,4195.5,2,10,3397.5,4188.0,0.0,0.0,0.0,4195.5
2024-10-16 06:00:00,3346.5,2,10,4195.5,3397.5,8.971967697143555,8.971967697143555,0.0,3337.5280323028564
2024-10-16 07:00:00,2349.0,2,10,3346.5,4195.5,120.92509746551514,120.92509746551514,0.0,2228.074902534485
2024-10-16 08:00:00,1756.5,2,10,2349.0,3346.5,246.8928337097168,246.8928337097168,0.0,1509.6071662902832
2024-10-16 09:00:00,1818.0,2,10,1756.5,2349.0,344.37293529510504,344.37293529510504,0.0,1473.627064704895
2024-10-16 10:00:00,1816.5,2,10,1818.0,1756.5,397.97553062438965,397.97553062438965,0.0,1418.5244693756104
2024-10-16 11:00:00,1590.0,2,10,1816.5,1818.0,434.354567527771,434.354567527771,0.0,1155.645432472229
2024-10-16 12:00:00,1393.5,2,10,1590.0,1816.5,291.32699489593506,291.32699489593506,0.0,1102.173005104065
2024-10-16 13:00:00,759.0,2,10,1393.5,1590.0,315.1649236679077,315.1649236679077,0.0,443.8350763320923
2024-10-16 14:00:00,1092.0,2,10,759.0,1393.5,337.56209850311274,337.56209850311274,0.0,754.4379014968872
2024-10-16 15:00:00,927.0,2,10,1092.0,759.0,201.181640625,201.181640625,0.0,725.818359375
2024-10-16 16:00:00,1930.5,2,10,927.0,1092.0,73.41296195983887,73.41296195983887,0.0,1857.0870380401611
2024-10-16 17:00:00,2512.5,2,10,1930.5,927.0,17.289047241210938,17.289047241210938,0.0,2495.210952758789
2024-10-16 18:00:00,2469.0,2,10,2512.5,1930.5,0.0,0.0,0.0,2469.0
2024-10-16 19:00:00,2341.5,2,10,2469.0,2512.5,0.0,0.0,0.0,2341.5
2024-10-16 20:00:00,2050.5,2,10,2341.5,2469.0,0.0,0.0,0.0,2050.5
2024-10-16 21:00:00,2751.0,2,10,2050.5,2341.5,0.0,0.0,0.0,2751.0
2024-10-16 22:00:00,2241.0,2,10,2751.0,2050.5,0.0,0.0,0.0,2241.0
2024-10-16 23:00:00,1845.0,2,10,2241.0,2751.0,0.0,0.0,0.0,1845.0
2024-10-17 00:00:00,2025.0,3,10,1845.0,2241.0,0.0,0.0,0.0,2025.0
2024-10-17 01:00:00,1983.0,3,10,2025.0,1845.0,0.0,0.0,0.0,1983.0
2024-10-17 02:00:00,2616.0,3,10,1983.0,2025.0,0.0,0.0,0.0,2616.0
2024-10-17 03:00:00,2595.0,3,10,2616.0,1983.0,0.0,0.0,0.0,2595.0
2024-10-17 04:00:00,2676.0,3,10,2595.0,2616.0,0.0,0.0,0.0,2676.0
2024-10-17 05:00:00,2671.5,3,10,2676.0,2595.0,0.0,0.0,0.0,2671.5
2024-10-17 06:00:00,2625.0,3,10,2671.5,2676.0,4.355006217956543,4.355006217956543,0.0,2620.6449937820435
2024-10-17 07:00:00,2536.5,3,10,2625.0,2671.5,95.35171508789062,95.35171508789062,0.0,2441.1482849121094
2024-10-17 08:00:00,2635.5,3,10,2536.5,2625.0,165.4902362823486,165.4902362823486,0.0,2470.0097637176514
2024-10-17 09:00:00,3019.5,3,10,2635.5,2536.5,351.5439605712891,351.5439605712891,0.0,2667.956039428711
2024-10-17 10:00:00,3004.5,3,10,3019.5,2635.5,419.0629291534424,419.0629291534424,0.0,2585.4370708465576
2024-10-17 11:00:00,2970.0,3,10,3004.5,3019.5,452.2657585144043,452.2657585144043,0.0,2517.7342414855957
2024-10-17 12:00:00,2283.0,3,10,2970.0,3004.5,340.11616230010986,340.11616230010986,0.0,1942.8838376998901
2024-10-17 13:00:00,2290.5,3,10,2283.0,2970.0,413.95480155944824,413.95480155944824,0.0,1876.5451984405518
2024-10-17 14:00:00,3100.5,3,10,2290.5,2283.0,352.4608039855957,352.4608039855957,0.0,2748.0391960144043
2024-10-17 15:00:00,3384.0,3,10,3100.5,2290.5,260.84195137023926,260.84195137023926,0.0,3123.1580486297607
2024-10-17 16:00:00,4296.0,3,10,3384.0,3100.5,145.35242557525635,145.35242557525635,0.0,4150.647574424744
2024-10-17 17:00:00,4281.0,3,10,4296.0,3384.0,24.067139625549316,24.067139625549316,0.0,4256.932860374451
2024-10-17 18:00:00,4588.5,3,10,4281.0,4296.0,0.0,0.0,0.0,4588.5
2024-10-17 19:00:00,3933.0,3,10,4588.5,4281.0,0.0,0.0,0.0,3933.0
2024-10-17 20:00:00,4288.5,3,10,3933.0,4588.5,0.0,0.0,0.0,4288.5
2024-10-17 21:00:00,4279.5,3,10,4288.5,3933.0,0.0,0.0,0.0,4279.5
2024-10-17 22:00:00,4203.0,3,10,4279.5,4288.5,0.0,0.0,0.0,4203.0
2024-10-17 23:00:00,4207.5,3,10,4203.0,4279.5,0.0,0.0,0.0,4207.5
2024-10-18 00:00:00,4267.5,4,10,4207.5,4203.0,0.0,0.0,0.0,4267.5
2024-10-18 01:00:00,4422.0,4,10,4267.5,4207.5,0.0,0.0,0.0,4422.0
2024-10-18 02:00:00,3970.5,4,10,4422.0,4267.5,0.0,0.0,0.0,3970.5
2024-10-18 03:00:00,4039.5,4,10,3970.5,4422.0,0.0,0.0,0.0,4039.5
2024-10-18 04:00:00,3924.0,4,10,4039.5,3970.5,0.0,0.0,0.0,3924.0
2024-10-18 05:00:00,3736.5,4,10,3924.0,4039.5,0.0,0.0,0.0,3736.5
2024-10-18 06:00:00,4284.0,4,10,3736.5,3924.0,13.326973915100098,13.326973915100098,0.0,4270.6730260849
2024-10-18 07:00:00,3613.5,4,10,4284.0,3736.5,21.84051990509033,21.84051990509033,0.0,3591.6594800949097
2024-10-18 08:00:00,2776.5,4,10,3613.5,4284.0,167.42215633392334,167.42215633392334,0.0,2609.0778436660767
2024-10-18 09:00:00,3378.0,4,10,2776.5,3613.5,226.03464603424072,226.03464603424072,0.0,3151.9653539657593
2024-10-18 10:00:00,2233.5,4,10,3378.0,2776.5,288.28176498413086,288.28176498413086,0.0,1945.2182350158691
2024-10-18 11:00:00,2889.0,4,10,2233.5,3378.0,441.00168228149414,441.00168228149414,0.0,2447.998317718506
2024-10-18 12:00:00,3549.0,4,10,2889.0,2233.5,278.78588676452637,278.78588676452637,0.0,3270.2141132354736
2024-10-18 13:00:00,3628.5,4,10,3549.0,2889.0,284.2869472503662,284.2869472503662,0.0,3344.213052749634
2024-10-18 14:00:00,4020.0,4,10,3628.5,3549.0,44.827094078063965,44.827094078063965,0.0,3975.172905921936
2024-10-18 15:00:00,4189.5,4,10,4020.0,3628.5,8.218846321105957,8.218846321105957,0.0,4181.281153678894
2024-10-18 16:00:00,4183.5,4,10,4189.5,4020.0,3.208951950073242,3.208951950073242,0.0,4180.291048049927
2024-10-18 17:00:00,4525.5,4,10,4183.5,4189.5,0.0,0.0,0.0,4525.5
2024-10-18 18:00:00,4536.0,4,10,4525.5,4183.5,0.0,0.0,0.0,4536.0
2024-10-18 19:00:00,4119.0,4,10,4536.0,4525.5,0.0,0.0,0.0,4119.0
2024-10-18 20:00:00,4038.0,4,10,4119.0,4536.0,0.0,0.0,0.0,4038.0
2024-10-18 21:00:00,4420.5,4,10,4038.0,4119.0,0.0,0.0,0.0,4420.5
2024-10-18 22:00:00,4326.0,4,10,4420.5,4038.0,0.0,0.0,0.0,4326.0
2024-10-18 23:00:00,4468.5,4,10,4326.0,4420.5,0.0,0.0,0.0,4468.5
2024-10-19 00:00:00,4344.0,5,10,4468.5,4326.0,0.0,0.0,0.0,4344.0
2024-10-19 01:00:00,3738.0,5,10,4344.0,4468.5,0.0,0.0,0.0,3738.0
2024-10-19 02:00:00,4455.0,5,10,3738.0,4344.0,0.0,0.0,0.0,4455.0
2024-10-19 03:00:00,4267.5,5,10,4455.0,3738.0,0.0,0.0,0.0,4267.5
2024-10-19 04:00:00,4156.5,5,10,4267.5,4455.0,0.0,0.0,0.0,4156.5
2024-10-19 05:00:00,4126.5,5,10,4156.5,4267.5,0.0,0.0,0.0,4126.5
2024-10-19 06:00:00,4509.0,5,10,4126.5,4156.5,8.251590728759766,8.251590728759766,0.0,4500.74840927124
2024-10-19 07:00:00,4122.0,5,10,4509.0,4126.5,90.04712104797365,90.04712104797365,0.0,4031.9528789520264
2024-10-19 08:00:00,3883.5,5,10,4122.0,4509.0,149.7729206085205,149.7729206085205,0.0,3733.7270793914795
2024-10-19 09:00:00,3444.0,5,10,3883.5,4122.0,138.11591148376465,138.11591148376465,0.0,3305.8840885162354
2024-10-19 10:00:00,2379.0,5,10,3444.0,3883.5,418.4080410003662,418.4080410003662,0.0,1960.5919589996338
2024-10-19 11:00:00,2386.5,5,10,2379.0,3444.0,448.72936248779297,448.72936248779297,0.0,1937.770637512207
2024-10-19 12:00:00,2877.0,5,10,2386.5,2379.0,292.9314708709717,292.9314708709717,0.0,2584.0685291290283
2024-10-19 13:00:00,2925.0,5,10,2877.0,2386.5,304.7849464416504,304.7849464416504,0.0,2620.2150535583496
2024-10-19 14:00:00,2592.0,5,10,2925.0,2877.0,222.1053171157837,222.1053171157837,0.0,2369.8946828842163
2024-10-19 15:00:00,3096.0,5,10,2592.0,2925.0,30.51778793334961,30.51778793334961,0.0,3065.4822120666504
2024-10-19 16:00:00,4188.0,5,10,3096.0,2592.0,47.086458206176765,47.086458206176765,0.0,4140.913541793823
2024-10-19 17:00:00,4381.5,5,10,4188.0,3096.0,6.909070014953613,6.909070014953613,0.0,4374.590929985046
2024-10-19 18:00:00,4558.5,5,10,4381.5,4188.0,0.0,0.0,0.0,4558.5
2024-10-19 19:00:00,4387.5,5,10,4558.5,4381.5,0.0,0.0,0.0,4387.5
2024-10-19 20:00:00,4233.0,5,10,4387.5,4558.5,0.0,0.0,0.0,4233.0
2024-10-19 21:00:00,4410.0,5,10,4233.0,4387.5,0.0,0.0,0.0,4410.0
2024-10-19 22:00:00,4033.5,5,10,4410.0,4233.0,0.0,0.0,0.0,4033.5
2024-10-19 23:00:00,4396.5,5,10,4033.5,4410.0,0.0,0.0,0.0,4396.5
2024-10-20 00:00:00,4161.0,6,10,4396.5,4033.5,0.0,0.0,0.0,4161.0
2024-10-20 01:00:00,3975.0,6,10,4161.0,4396.5,0.0,0.0,0.0,3975.0
2024-10-20 02:00:00,4465.5,6,10,3975.0,4161.0,0.0,0.0,0.0,4465.5
2024-10-20 03:00:00,4356.0,6,10,4465.5,3975.0,0.0,0.0,0.0,4356.0
2024-10-20 04:00:00,4366.5,6,10,4356.0,4465.5,0.0,0.0,0.0,4366.5
2024-10-20 05:00:00,4383.0,6,10,4366.5,4356.0,0.0,0.0,0.0,4383.0
2024-10-20 06:00:00,4294.5,6,10,4383.0,4366.5,7.596702575683594,7.596702575683594,0.0,4286.903297424316
2024-10-20 07:00:00,3801.0,6,10,4294.5,4383.0,5.042638778686523,5.042638778686523,0.0,3795.9573612213135
2024-10-20 08:00:00,3583.5,6,10,3801.0,4294.5,256.8143892288208,256.8143892288208,0.0,3326.685610771179
2024-10-20 09:00:00,3168.0,6,10,3583.5,3801.0,222.00708389282227,222.00708389282227,0.0,2945.9929161071777
2024-10-20 10:00:00,2782.5,6,10,3168.0,3583.5,207.14112281799316,207.14112281799316,0.0,2575.358877182007
2024-10-20 11:00:00,2922.0,6,10,2782.5,3168.0,298.8254642486572,298.8254642486572,0.0,2623.174535751343
2024-10-20 12:00:00,3100.5,6,10,2922.0,2782.5,301.7397165298462,301.7397165298462,0.0,2798.760283470154
2024-10-20 13:00:00,2718.0,6,10,3100.5,2922.0,412.284836769104,412.284836769104,0.0,2305.715163230896
2024-10-20 14:00:00,2244.0,6,10,2718.0,3100.5,295.94395637512207,295.94395637512207,0.0,1948.056043624878
2024-10-20 15:00:00,2532.0,6,10,2244.0,2718.0,186.61037921905515,186.61037921905515,0.0,2345.389620780945
2024-10-20 16:00:00,3174.0,6,10,2532.0,2244.0,116.50460243225098,116.50460243225098,0.0,3057.495397567749
2024-10-20 17:00:00,3961.5,6,10,3174.0,2532.0,10.838398933410643,10.838398933410643,0.0,3950.6616010665894
2024-10-20 18:00:00,4087.5,6,10,3961.5,3174.0,0.0,0.0,0.0,4087.5
2024-10-20 19:00:00,3648.0,6,10,4087.5,3961.5,0.0,0.0,0.0,3648.0
2024-10-20 20:00:00,4144.5,6,10,3648.0,4087.5,0.0,0.0,0.0,4144.5
2024-10-20 21:00:00,4353.0,6,10,4144.5,3648.0,0.0,0.0,0.0,4353.0
2024-10-20 22:00:00,4182.0,6,10,4353.0,4144.5,0.0,0.0,0.0,4182.0
2024-10-20 23:00:00,3669.0,6,10,4182.0,4353.0,0.0,0.0,0.0,3669.0
2024-10-21 00:00:00,4086.0,0,10,3669.0,4182.0,0.0,0.0,0.0,4086.0
2024-10-21 01:00:00,4744.5,0,10,4086.0,3669.0,0.0,0.0,0.0,4744.5
2024-10-21 02:00:00,4186.5,0,10,4744.5,4086.0,0.0,0.0,0.0,4186.5
2024-10-21 03:00:00,3940.5,0,10,4186.5,4744.5,0.0,0.0,0.0,3940.5
2024-10-21 04:00:00,4014.0,0,10,3940.5,4186.5,0.0,0.0,0.0,4014.0
2024-10-21 05:00:00,4350.0,0,10,4014.0,3940.5,0.0,0.0,0.0,4350.0
2024-10-21 06:00:00,4362.0,0,10,4350.0,4014.0,9.987044334411621,9.987044334411621,0.0,4352.012955665588
2024-10-21 07:00:00,3760.5,0,10,4362.0,4350.0,124.5924711227417,124.5924711227417,0.0,3635.9075288772583
2024-10-21 08:00:00,3439.5,0,10,3760.5,4362.0,249.9708080291748,249.9708080291748,0.0,3189.529191970825
2024-10-21 09:00:00,2658.0,0,10,3439.5,3760.5,255.17716884613037,255.17716884613037,0.0,2402.8228311538696
2024-10-21 10:00:00,2323.5,0,10,2658.0,3439.5,325.25020122528076,325.25020122528076,0.0,1998.2497987747192
2024-10-21 11:00:00,2737.5,0,10,2323.5,2658.0,318.76680850982666,318.76680850982666,0.0,2418.7331914901733
2024-10-21 12:00:00,3222.0,0,10,2737.5,2323.5,316.83488845825195,316.83488845825195,0.0,2905.165111541748
2024-10-21 13:00:00,2883.0,0,10,3222.0,2737.5,327.64054298400873,327.64054298400873,0.0,2555.359457015991
2024-10-21 14:00:00,3018.0,0,10,2883.0,3222.0,251.1168622970581,251.1168622970581,0.0,2766.883137702942
2024-10-21 15:00:00,3186.0,0,10,3018.0,2883.0,163.23087215423584,163.23087215423584,0.0,3022.769127845764
2024-10-21 16:00:00,4087.5,0,10,3186.0,3018.0,68.23934555053711,68.23934555053711,0.0,4019.260654449463
2024-10-21 17:00:00,4368.0,0,10,4087.5,3186.0,9.463133811950684,9.463133811950684,0.0,4358.536866188049
2024-10-21 18:00:00,4567.5,0,10,4368.0,4087.5,0.0,0.0,0.0,4567.5
2024-10-21 19:00:00,4207.5,0,10,4567.5,4368.0,0.0,0.0,0.0,4207.5
2024-10-21 20:00:00,4105.5,0,10,4207.5,4567.5,0.0,0.0,0.0,4105.5
2024-10-21 21:00:00,4401.0,0,10,4105.5,4207.5,0.0,0.0,0.0,4401.0
2024-10-21 22:00:00,4638.0,0,10,4401.0,4105.5,0.0,0.0,0.0,4638.0
2024-10-21 23:00:00,4278.0,0,10,4638.0,4401.0,0.0,0.0,0.0,4278.0
2024-10-22 00:00:00,4150.5,1,10,4278.0,4638.0,0.0,0.0,0.0,4150.5
2024-10-22 01:00:00,4225.5,1,10,4150.5,4278.0,0.0,0.0,0.0,4225.5
2024-10-22 02:00:00,3628.5,1,10,4225.5,4150.5,0.0,0.0,0.0,3628.5
2024-10-22 03:00:00,4585.5,1,10,3628.5,4225.5,0.0,0.0,0.0,4585.5
2024-10-22 04:00:00,3613.5,1,10,4585.5,3628.5,0.0,0.0,0.0,3613.5
2024-10-22 05:00:00,4252.5,1,10,3613.5,4585.5,0.0,0.0,0.0,4252.5
2024-10-22 06:00:00,4344.0,1,10,4252.5,3613.5,0.0,0.0,0.0,4344.0
2024-10-22 07:00:00,3127.5,1,10,4344.0,4252.5,1.9974088668823242,1.9974088668823242,0.0,3125.5025911331177
2024-10-22 08:00:00,2425.5,1,10,3127.5,4344.0,71.97220802307129,71.97220802307129,0.0,2353.5277919769287
2024-10-22 09:00:00,2455.5,1,10,2425.5,3127.5,222.76020526885986,222.76020526885986,0.0,2232.73979473114
2024-10-22 10:00:00,3075.0,1,10,2455.5,2425.5,208.4508991241455,208.4508991241455,0.0,2866.5491008758545
2024-10-22 11:00:00,2379.0,1,10,3075.0,2455.5,287.6923656463623,287.6923656463623,0.0,2091.3076343536377
2024-10-22 12:00:00,1317.0,1,10,2379.0,3075.0,298.6289978027344,298.6289978027344,0.0,1018.3710021972656
2024-10-22 13:00:00,1863.0,1,10,1317.0,2379.0,278.5894203186035,278.5894203186035,0.0,1584.4105796813965
2024-10-22 14:00:00,2115.0,1,10,1863.0,1317.0,219.97693061828613,219.97693061828613,0.0,1895.0230693817139
2024-10-22 15:00:00,2487.0,1,10,2115.0,1863.0,198.8895320892334,198.8895320892334,0.0,2288.1104679107666
2024-10-22 16:00:00,2685.0,1,10,2487.0,2115.0,45.12179374694824,45.12179374694824,0.0,2639.8782062530518
2024-10-22 17:00:00,4381.5,1,10,2685.0,2487.0,6.024971008300781,6.024971008300781,0.0,4375.475028991699
2024-10-22 18:00:00,4426.5,1,10,4381.5,2685.0,0.0,0.0,0.0,4426.5
2024-10-22 19:00:00,4186.5,1,10,4426.5,4381.5,0.0,0.0,0.0,4186.5
2024-10-22 20:00:00,3954.0,1,10,4186.5,4426.5,0.0,0.0,0.0,3954.0
2024-10-22 21:00:00,4165.5,1,10,3954.0,4186.5,0.0,0.0,0.0,4165.5
2024-10-22 22:00:00,4278.0,1,10,4165.5,3954.0,0.0,0.0,0.0,4278.0
2024-10-22 23:00:00,4357.5,1,10,4278.0,4165.5,0.0,0.0,0.0,4357.5
2024-10-23 00:00:00,4342.5,2,10,4357.5,4278.0,0.0,0.0,0.0,4342.5
2024-10-23 01:00:00,3997.5,2,10,4342.5,4357.5,0.0,0.0,0.0,3997.5
2024-10-23 02:00:00,4332.0,2,10,3997.5,4342.5,0.0,0.0,0.0,4332.0
2024-10-23 03:00:00,4210.5,2,10,4332.0,3997.5,0.0,0.0,0.0,4210.5
2024-10-23 04:00:00,4360.5,2,10,4210.5,4332.0,0.0,0.0,0.0,4360.5
2024-10-23 05:00:00,3993.0,2,10,4360.5,4210.5,0.0,0.0,0.0,3993.0
2024-10-23 06:00:00,2433.0,2,10,3993.0,4360.5,0.0,0.0,0.0,2433.0
2024-10-23 07:00:00,1110.0,2,10,2433.0,3993.0,2.4558305740356445,2.4558305740356445,0.0,1107.5441694259644
2024-10-23 08:00:00,256.5,2,10,1110.0,2433.0,6.679859161376953,6.679859161376953,0.0,249.82014083862305
2024-10-23 09:00:00,34.5,2,10,256.5,1110.0,14.407539367675781,14.407539367675781,0.0,20.09246063232422
2024-10-23 10:00:00,12.0,2,10,34.5,256.5,76.06525897979736,12.0,64.06525897979736,0.0
2024-10-23 11:00:00,31.5,2,10,12.0,34.5,261.4640951156616,31.5,229.96409511566162,0.0
2024-10-23 12:00:00,7.5,2,10,31.5,12.0,331.99554920196533,7.5,324.49554920196533,0.0
2024-10-23 13:00:00,19.5,2,10,7.5,31.5,242.43959426879883,19.5,222.93959426879883,0.0
2024-10-23 14:00:00,33.0,2,10,19.5,7.5,208.31992149353027,33.0,175.31992149353027,0.0
2024-10-23 15:00:00,87.0,2,10,33.0,19.5,115.91520309448242,87.0,28.915203094482422,0.0
2024-10-23 16:00:00,139.5,2,10,87.0,33.0,99.64123249053955,99.64123249053955,0.0,39.85876750946045
2024-10-23 17:00:00,241.5,2,10,139.5,87.0,16.175737380981445,16.175737380981445,0.0,225.32426261901855
2024-10-23 18:00:00,303.0,2,10,241.5,139.5,0.0,0.0,0.0,303.0
2024-10-23 19:00:00,340.5,2,10,303.0,241.5,0.0,0.0,0.0,340.5
2024-10-23 20:00:00,387.0,2,10,340.5,303.0,0.0,0.0,0.0,387.0
2024-10-23 21:00:00,366.0,2,10,387.0,340.5,0.0,0.0,0.0,366.0
2024-10-23 22:00:00,222.0,2,10,366.0,387.0,0.0,0.0,0.0,222.0
2024-10-23 23:00:00,316.5,2,10,222.0,366.0,0.0,0.0,0.0,316.5
2024-10-24 00:00:00,261.0,3,10,316.5,222.0,0.0,0.0,0.0,261.0
2024-10-24 01:00:00,229.5,3,10,261.0,316.5,0.0,0.0,0.0,229.5
2024-10-24 02:00:00,298.5,3,10,229.5,261.0,0.0,0.0,0.0,298.5
2024-10-24 03:00:00,495.0,3,10,298.5,229.5,0.0,0.0,0.0,495.0
2024-10-24 04:00:00,649.5,3,10,495.0,298.5,0.0,0.0,0.0,649.5
2024-10-24 05:00:00,555.0,3,10,649.5,495.0,0.0,0.0,0.0,555.0
2024-10-24 06:00:00,1774.5,3,10,555.0,649.5,0.0,0.0,0.0,1774.5
2024-10-24 07:00:00,1533.0,3,10,1774.5,555.0,5.959482192993164,5.959482192993164,0.0,1527.0405178070068
2024-10-24 08:00:00,2878.5,3,10,1533.0,1774.5,140.34253120422363,140.34253120422363,0.0,2738.1574687957764
2024-10-24 09:00:00,2524.5,3,10,2878.5,1533.0,140.964674949646,140.964674949646,0.0,2383.535325050354
2024-10-24 10:00:00,1884.0,3,10,2524.5,2878.5,278.0982542037964,278.0982542037964,0.0,1605.9017457962036
2024-10-24 11:00:00,1680.0,3,10,1884.0,2524.5,317.4242877960205,317.4242877960205,0.0,1362.5757122039795
2024-10-24 12:00:00,1857.0,3,10,1680.0,1884.0,309.5001411437988,309.5001411437988,0.0,1547.4998588562012
2024-10-24 13:00:00,2442.0,3,10,1857.0,1680.0,288.4782314300537,288.4782314300537,0.0,2153.5217685699463
2024-10-24 14:00:00,2250.0,3,10,2442.0,1857.0,69.05795574188232,69.05795574188232,0.0,2180.9420442581177
2024-10-24 15:00:00,2704.5,3,10,2250.0,2442.0,31.69658660888672,31.69658660888672,0.0,2672.8034133911133
2024-10-24 16:00:00,3273.0,3,10,2704.5,2250.0,25.540637969970703,25.540637969970703,0.0,3247.4593620300293
2024-10-24 17:00:00,3751.5,3,10,3273.0,2704.5,3.241696357727051,3.241696357727051,0.0,3748.258303642273
2024-10-24 18:00:00,4267.5,3,10,3751.5,3273.0,0.0,0.0,0.0,4267.5
2024-10-24 19:00:00,3594.0,3,10,4267.5,3751.5,0.0,0.0,0.0,3594.0
2024-10-24 20:00:00,4026.0,3,10,3594.0,4267.5,0.0,0.0,0.0,4026.0
2024-10-24 21:00:00,3358.5,3,10,4026.0,3594.0,0.0,0.0,0.0,3358.5
2024-10-24 22:00:00,3958.5,3,10,3358.5,4026.0,0.0,0.0,0.0,3958.5
2024-10-24 23:00:00,4138.5,3,10,3958.5,3358.5,0.0,0.0,0.0,4138.5
2024-10-25 00:00:00,4128.0,4,10,4138.5,3958.5,0.0,0.0,0.0,4128.0
2024-10-25 01:00:00,3720.0,4,10,4128.0,4138.5,0.0,0.0,0.0,3720.0
2024-10-25 02:00:00,4174.5,4,10,3720.0,4128.0,0.0,0.0,0.0,4174.5
2024-10-25 03:00:00,3192.0,4,10,4174.5,3720.0,0.0,0.0,0.0,3192.0
2024-10-25 04:00:00,2868.0,4,10,3192.0,4174.5,0.0,0.0,0.0,2868.0
2024-10-25 05:00:00,3135.0,4,10,2868.0,3192.0,0.0,0.0,0.0,3135.0
2024-10-25 06:00:00,4071.0,4,10,3135.0,2868.0,5.893993377685546,5.893993377685546,0.0,4065.1060066223145
2024-10-25 07:00:00,3142.5,4,10,4071.0,3135.0,84.44782733917238,84.44782733917238,0.0,3058.0521726608276
2024-10-25 08:00:00,2304.0,4,10,3142.5,4071.0,164.01673793792725,164.01673793792725,0.0,2139.9832620620728
2024-10-25 09:00:00,2163.0,4,10,2304.0,3142.5,242.17763900756836,242.17763900756836,0.0,1920.8223609924316
2024-10-25 10:00:00,1456.5,4,10,2163.0,2304.0,235.59601306915283,235.59601306915283,0.0,1220.9039869308472
2024-10-25 11:00:00,1834.5,4,10,1456.5,2163.0,222.4982500076294,222.4982500076294,0.0,1612.0017499923706
2024-10-25 12:00:00,1867.5,4,10,1834.5,1456.5,172.955961227417,172.955961227417,0.0,1694.544038772583
2024-10-25 13:00:00,2373.0,4,10,1867.5,1834.5,215.19624710083008,215.19624710083008,0.0,2157.80375289917
2024-10-25 14:00:00,3147.0,4,10,2373.0,1867.5,76.16349220275879,76.16349220275879,0.0,3070.836507797241
2024-10-25 15:00:00,2767.5,4,10,3147.0,2373.0,100.16514301300049,100.16514301300049,0.0,2667.3348569869995
2024-10-25 16:00:00,3301.5,4,10,2767.5,3147.0,2.3575973510742188,2.3575973510742188,0.0,3299.142402648926
2024-10-25 17:00:00,3820.5,4,10,3301.5,2767.5,0.0,0.0,0.0,3820.5
2024-10-25 18:00:00,4210.5,4,10,3820.5,3301.5,0.0,0.0,0.0,4210.5
2024-10-25 19:00:00,4224.0,4,10,4210.5,3820.5,0.0,0.0,0.0,4224.0
2024-10-25 20:00:00,4081.5,4,10,4224.0,4210.5,0.0,0.0,0.0,4081.5
2024-10-25 21:00:00,4326.0,4,10,4081.5,4224.0,0.0,0.0,0.0,4326.0
2024-10-25 22:00:00,3982.5,4,10,4326.0,4081.5,0.0,0.0,0.0,3982.5
2024-10-25 23:00:00,3904.5,4,10,3982.5,4326.0,0.0,0.0,0.0,3904.5
2024-10-26 00:00:00,3823.5,5,10,3904.5,3982.5,0.0,0.0,0.0,3823.5
2024-10-26 01:00:00,3514.5,5,10,3823.5,3904.5,0.0,0.0,0.0,3514.5
2024-10-26 02:00:00,3586.5,5,10,3514.5,3823.5,0.0,0.0,0.0,3586.5
2024-10-26 03:00:00,4366.5,5,10,3586.5,3514.5,0.0,0.0,0.0,4366.5
2024-10-26 04:00:00,3787.5,5,10,4366.5,3586.5,0.0,0.0,0.0,3787.5
2024-10-26 05:00:00,4261.5,5,10,3787.5,4366.5,0.0,0.0,0.0,4261.5
2024-10-26 06:00:00,4086.0,5,10,4261.5,3787.5,2.259364128112793,2.259364128112793,0.0,4083.740635871887
2024-10-26 07:00:00,3490.5,5,10,4086.0,4261.5,96.53051376342773,96.53051376342773,0.0,3393.9694862365723
2024-10-26 08:00:00,2862.0,5,10,3490.5,4086.0,251.01862907409668,251.01862907409668,0.0,2610.9813709259033
2024-10-26 09:00:00,3009.0,5,10,2862.0,3490.5,345.35526752471924,345.35526752471924,0.0,2663.6447324752808
2024-10-26 10:00:00,2277.0,5,10,3009.0,2862.0,406.03065490722656,406.03065490722656,0.0,1870.9693450927734
2024-10-26 11:00:00,1948.5,5,10,2277.0,3009.0,436.9413757324219,436.9413757324219,0.0,1511.5586242675781
2024-10-26 12:00:00,2169.0,5,10,1948.5,2277.0,436.15550994873047,436.15550994873047,0.0,1732.8444900512695
2024-10-26 13:00:00,2745.0,5,10,2169.0,1948.5,308.3540868759155,308.3540868759155,0.0,2436.6459131240845
2024-10-26 14:00:00,3888.0,5,10,2745.0,2169.0,285.3675127029419,285.3675127029419,0.0,3602.632487297058
2024-10-26 15:00:00,3114.0,5,10,3888.0,2745.0,204.45608139038086,204.45608139038086,0.0,2909.543918609619
2024-10-26 16:00:00,3832.5,5,10,3114.0,3888.0,118.24005603790283,118.24005603790283,0.0,3714.259943962097
2024-10-26 17:00:00,4221.0,5,10,3832.5,3114.0,6.28692626953125,6.28692626953125,0.0,4214.713073730469
2024-10-26 18:00:00,4345.5,5,10,4221.0,3832.5,0.0,0.0,0.0,4345.5
2024-10-26 19:00:00,3891.0,5,10,4345.5,4221.0,0.0,0.0,0.0,3891.0
2024-10-26 20:00:00,4185.0,5,10,3891.0,4345.5,0.0,0.0,0.0,4185.0
2024-10-26 21:00:00,4485.0,5,10,4185.0,3891.0,0.0,0.0,0.0,4485.0
2024-10-26 22:00:00,4585.5,5,10,4485.0,4185.0,0.0,0.0,0.0,4585.5
2024-10-26 23:00:00,4255.5,5,10,4585.5,4485.0,0.0,0.0,0.0,4255.5
2024-10-27 00:00:00,4435.5,6,10,4255.5,4585.5,0.0,0.0,0.0,4435.5
2024-10-27 01:00:00,4219.5,6,10,4435.5,4255.5,0.0,0.0,0.0,4219.5
2024-10-27 02:00:00,3895.5,6,10,4219.5,4435.5,0.0,0.0,0.0,3895.5
2024-10-27 03:00:00,4675.5,6,10,3895.5,4219.5,0.0,0.0,0.0,4675.5
2024-10-27 04:00:00,3946.5,6,10,4675.5,3895.5,0.0,0.0,0.0,3946.5
2024-10-27 05:00:00,3568.5,6,10,3946.5,4675.5,0.0,0.0,0.0,3568.5
2024-10-27 06:00:00,3859.5,6,10,3568.5,3946.5,6.712603569030762,6.712603569030762,0.0,3852.7873964309692
2024-10-27 07:00:00,4021.5,6,10,3859.5,3568.5,84.15312767028809,84.15312767028809,0.0,3937.346872329712
2024-10-27 08:00:00,3505.5,6,10,4021.5,3859.5,145.9418249130249,145.9418249130249,0.0,3359.558175086975
2024-10-27 09:00:00,4414.5,6,10,3505.5,4021.5,334.5496129989624,334.5496129989624,0.0,4079.9503870010376
2024-10-27 10:00:00,3939.0,6,10,4414.5,3505.5,397.58259773254395,397.58259773254395,0.0,3541.417402267456
2024-10-27 11:00:00,3570.0,6,10,3939.0,4414.5,430.2615165710449,430.2615165710449,0.0,3139.738483428955
2024-10-27 12:00:00,3624.0,6,10,3570.0,3939.0,433.6014461517334,433.6014461517334,0.0,3190.3985538482666
2024-10-27 13:00:00,3691.5,6,10,3624.0,3570.0,406.03065490722656,406.03065490722656,0.0,3285.4693450927734
2024-10-27 14:00:00,4078.5,6,10,3691.5,3624.0,344.70037937164307,344.70037937164307,0.0,3733.799620628357
2024-10-27 15:00:00,3859.5,6,10,4078.5,3691.5,254.78423595428467,254.78423595428467,0.0,3604.7157640457153
2024-10-27 16:00:00,4000.5,6,10,3859.5,4078.5,136.21673583984375,136.21673583984375,0.0,3864.2832641601562
2024-10-27 17:00:00,4005.0,6,10,4000.5,3859.5,17.583746910095215,17.583746910095215,0.0,3987.416253089905
2024-10-27 18:00:00,4428.0,6,10,4005.0,4000.5,0.0,0.0,0.0,4428.0
2024-10-27 19:00:00,4113.0,6,10,4428.0,4005.0,0.0,0.0,0.0,4113.0
2024-10-27 20:00:00,3799.5,6,10,4113.0,4428.0,0.0,0.0,0.0,3799.5
2024-10-27 21:00:00,4429.5,6,10,3799.5,4113.0,0.0,0.0,0.0,4429.5
2024-10-27 22:00:00,3793.5,6,10,4429.5,3799.5,0.0,0.0,0.0,3793.5
2024-10-27 23:00:00,3606.0,6,10,3793.5,4429.5,0.0,0.0,0.0,3606.0
2024-10-28 00:00:00,3699.0,0,10,3606.0,3793.5,0.0,0.0,0.0,3699.0
2024-10-28 01:00:00,3723.0,0,10,3699.0,3606.0,0.0,0.0,0.0,3723.0
2024-10-28 02:00:00,4132.5,0,10,3723.0,3699.0,0.0,0.0,0.0,4132.5
2024-10-28 03:00:00,4218.0,0,10,4132.5,3723.0,0.0,0.0,0.0,4218.0
2024-10-28 04:00:00,4078.5,0,10,4218.0,4132.5,0.0,0.0,0.0,4078.5
2024-10-28 05:00:00,4248.0,0,10,4078.5,4218.0,0.0,0.0,0.0,4248.0
2024-10-28 06:00:00,4405.5,0,10,4248.0,4078.5,0.06548881530761719,0.06548881530761719,0.0,4405.434511184692
2024-10-28 07:00:00,3709.5,0,10,4405.5,4248.0,26.391992568969727,26.391992568969727,0.0,3683.1080074310303
2024-10-28 08:00:00,3157.5,0,10,3709.5,4405.5,68.82874488830566,68.82874488830566,0.0,3088.6712551116943
2024-10-28 09:00:00,3496.5,0,10,3157.5,3709.5,29.07703399658203,29.07703399658203,0.0,3467.422966003418
2024-10-28 10:00:00,2856.0,0,10,3496.5,3157.5,20.661721229553223,20.661721229553223,0.0,2835.338278770447
2024-10-28 11:00:00,3111.0,0,10,2856.0,3496.5,205.3729248046875,205.3729248046875,0.0,2905.6270751953125
2024-10-28 12:00:00,3093.0,0,10,3111.0,2856.0,238.8704538345337,238.8704538345337,0.0,2854.1295461654663
2024-10-28 13:00:00,3768.0,0,10,3093.0,3111.0,123.77386093139648,123.77386093139648,0.0,3644.2261390686035
2024-10-28 14:00:00,3292.5,0,10,3768.0,3093.0,164.08222675323486,164.08222675323486,0.0,3128.417773246765
2024-10-28 15:00:00,3768.0,0,10,3292.5,3768.0,148.82333278656006,148.82333278656006,0.0,3619.17666721344
2024-10-28 16:00:00,3756.0,0,10,3768.0,3292.5,104.58563804626465,104.58563804626465,0.0,3651.4143619537354
2024-10-28 17:00:00,4230.0,0,10,3756.0,3768.0,15.717315673828125,15.717315673828125,0.0,4214.282684326172
2024-10-28 18:00:00,4063.5,0,10,4230.0,3756.0,0.0,0.0,0.0,4063.5
2024-10-28 19:00:00,4404.0,0,10,4063.5,4230.0,0.0,0.0,0.0,4404.0
2024-10-28 20:00:00,4437.0,0,10,4404.0,4063.5,0.0,0.0,0.0,4437.0
2024-10-28 21:00:00,4486.5,0,10,4437.0,4404.0,0.0,0.0,0.0,4486.5
2024-10-28 22:00:00,4093.5,0,10,4486.5,4437.0,0.0,0.0,0.0,4093.5
2024-10-28 23:00:00,4434.0,0,10,4093.5,4486.5,0.0,0.0,0.0,4434.0
2024-10-29 00:00:00,4645.5,1,10,4434.0,4093.5,0.0,0.0,0.0,4645.5
2024-10-29 01:00:00,4294.5,1,10,4645.5,4434.0,0.0,0.0,0.0,4294.5
2024-10-29 02:00:00,4321.5,1,10,4294.5,4645.5,0.0,0.0,0.0,4321.5
2024-10-29 03:00:00,4173.0,1,10,4321.5,4294.5,0.0,0.0,0.0,4173.0
2024-10-29 04:00:00,4129.5,1,10,4173.0,4321.5,0.0,0.0,0.0,4129.5
2024-10-29 05:00:00,3949.5,1,10,4129.5,4173.0,0.0,0.0,0.0,3949.5
2024-10-29 06:00:00,4296.0,1,10,3949.5,4129.5,9.07020092010498,9.07020092010498,0.0,4286.929799079895
2024-10-29 07:00:00,3138.0,1,10,4296.0,3949.5,126.29518032073975,126.29518032073975,0.0,3011.7048196792603
2024-10-29 08:00:00,2572.5,1,10,3138.0,4296.0,251.18235111236572,251.18235111236572,0.0,2321.3176488876343
2024-10-29 09:00:00,3297.0,1,10,2572.5,3138.0,339.1993188858032,339.1993188858032,0.0,2957.800681114197
2024-10-29 10:00:00,2646.0,1,10,3297.0,2572.5,394.7338342666626,394.7338342666626,0.0,2251.2661657333374
2024-10-29 11:00:00,2026.5,1,10,2646.0,3297.0,423.18872451782227,423.18872451782227,0.0,1603.3112754821777
2024-10-29 12:00:00,2296.5,1,10,2026.5,2646.0,309.56562995910645,309.56562995910645,0.0,1986.9343700408936
2024-10-29 13:00:00,2808.0,1,10,2296.5,2026.5,213.69000434875488,213.69000434875488,0.0,2594.309995651245
2024-10-29 14:00:00,2419.5,1,10,2808.0,2296.5,337.2346544265747,337.2346544265747,0.0,2082.2653455734253
2024-10-29 15:00:00,3481.5,1,10,2419.5,2808.0,249.64336395263672,249.64336395263672,0.0,3231.8566360473633
2024-10-29 16:00:00,3808.5,1,10,3481.5,2419.5,97.11991310119629,97.11991310119629,0.0,3711.3800868988037
2024-10-29 17:00:00,3936.0,1,10,3808.5,3481.5,17.125325202941895,17.125325202941895,0.0,3918.874674797058
2024-10-29 18:00:00,4399.5,1,10,3936.0,3808.5,0.0,0.0,0.0,4399.5
2024-10-29 19:00:00,4260.0,1,10,4399.5,3936.0,0.0,0.0,0.0,4260.0
2024-10-29 20:00:00,4159.5,1,10,4260.0,4399.5,0.0,0.0,0.0,4159.5
2024-10-29 21:00:00,4440.0,1,10,4159.5,4260.0,0.0,0.0,0.0,4440.0
2024-10-29 22:00:00,4417.5,1,10,4440.0,4159.5,0.0,0.0,0.0,4417.5
2024-10-29 23:00:00,4416.0,1,10,4417.5,4440.0,0.0,0.0,0.0,4416.0
2024-10-30 00:00:00,4492.5,2,10,4416.0,4417.5,0.0,0.0,0.0,4492.5
2024-10-30 01:00:00,4380.0,2,10,4492.5,4416.0,0.0,0.0,0.0,4380.0
2024-10-30 02:00:00,3861.0,2,10,4380.0,4492.5,0.0,0.0,0.0,3861.0
2024-10-30 03:00:00,3840.0,2,10,3861.0,4380.0,0.0,0.0,0.0,3840.0
2024-10-30 04:00:00,4431.0,2,10,3840.0,3861.0,0.0,0.0,0.0,4431.0
2024-10-30 05:00:00,2950.5,2,10,4431.0,3840.0,0.0,0.0,0.0,2950.5
2024-10-30 06:00:00,2167.5,2,10,2950.5,4431.0,8.317079544067383,8.317079544067383,0.0,2159.1829204559326
2024-10-30 07:00:00,1098.0,2,10,2167.5,2950.5,125.67303657531738,125.67303657531738,0.0,972.3269634246826
2024-10-30 08:00:00,351.0,2,10,1098.0,2167.5,251.18235111236572,251.18235111236572,0.0,99.81764888763428
2024-10-30 09:00:00,16.5,2,10,351.0,1098.0,344.3074464797974,16.5,327.8074464797974,0.0
2024-10-30 10:00:00,30.0,2,10,16.5,351.0,411.7936706542969,30.0,381.7936706542969,0.0
2024-10-30 11:00:00,7.5,2,10,30.0,16.5,222.8584384918213,7.5,215.3584384918213,0.0
2024-10-30 12:00:00,1.5,2,10,7.5,30.0,443.71946811676025,1.5,442.21946811676025,0.0
2024-10-30 13:00:00,24.0,2,10,1.5,7.5,408.68295192718506,24.0,384.68295192718506,0.0
2024-10-30 14:00:00,45.0,2,10,24.0,1.5,347.51639842987055,45.0,302.51639842987055,0.0
2024-10-30 15:00:00,214.5,2,10,45.0,24.0,215.52369117736816,214.5,1.023691177368164,0.0
2024-10-30 16:00:00,531.0,2,10,214.5,45.0,83.26902866363527,83.26902866363527,0.0,447.73097133636475
2024-10-30 17:00:00,352.5,2,10,531.0,214.5,9.757833480834961,9.757833480834961,0.0,342.74216651916504
2024-10-30 18:00:00,331.5,2,10,352.5,531.0,0.0,0.0,0.0,331.5
2024-10-30 19:00:00,378.0,2,10,331.5,352.5,0.0,0.0,0.0,378.0
2024-10-30 20:00:00,405.0,2,10,378.0,331.5,0.0,0.0,0.0,405.0
2024-10-30 21:00:00,420.0,2,10,405.0,378.0,0.0,0.0,0.0,420.0
2024-10-30 22:00:00,453.0,2,10,420.0,405.0,0.0,0.0,0.0,453.0
2024-10-30 23:00:00,490.5,2,10,453.0,420.0,0.0,0.0,0.0,490.5
2024-10-31 00:00:00,439.5,3,10,490.5,453.0,0.0,0.0,0.0,439.5
2024-10-31 01:00:00,421.5,3,10,439.5,490.5,0.0,0.0,0.0,421.5
2024-10-31 02:00:00,403.5,3,10,421.5,439.5,0.0,0.0,0.0,403.5
2024-10-31 03:00:00,502.5,3,10,403.5,421.5,0.0,0.0,0.0,502.5
2024-10-31 04:00:00,591.0,3,10,502.5,403.5,0.0,0.0,0.0,591.0
2024-10-31 05:00:00,580.5,3,10,591.0,502.5,0.0,0.0,0.0,580.5
2024-10-31 06:00:00,990.0,3,10,580.5,591.0,9.856066703796387,9.856066703796387,0.0,980.1439332962036
2024-10-31 07:00:00,1096.5,3,10,990.0,580.5,46.95548057556152,46.95548057556152,0.0,1049.5445194244385
2024-10-31 08:00:00,1914.0,3,10,1096.5,990.0,158.18823337554932,158.18823337554932,0.0,1755.8117666244507
2024-10-31 09:00:00,2631.0,3,10,1914.0,1096.5,217.68482208251953,217.68482208251953,0.0,2413.3151779174805
2024-10-31 10:00:00,2623.5,3,10,2631.0,1914.0,246.30343437194824,246.30343437194824,0.0,2377.1965656280518
2024-10-31 11:00:00,2088.0,3,10,2623.5,2631.0,344.70037937164307,344.70037937164307,0.0,1743.299620628357
2024-10-31 12:00:00,3226.5,3,10,2088.0,2623.5,311.10461711883545,311.10461711883545,0.0,2915.3953828811646
2024-10-31 13:00:00,2899.5,3,10,3226.5,2088.0,179.43935394287112,179.43935394287112,0.0,2720.060646057129
2024-10-31 14:00:00,2802.0,3,10,2899.5,3226.5,284.41792488098145,284.41792488098145,0.0,2517.5820751190186
2024-10-31 15:00:00,2967.0,3,10,2802.0,2899.5,175.1498365402222,175.1498365402222,0.0,2791.850163459778
2024-10-31 16:00:00,3804.0,3,10,2967.0,2802.0,148.6268663406372,148.6268663406372,0.0,3655.373133659363
2024-10-31 17:00:00,4062.0,3,10,3804.0,2967.0,23.41225147247314,23.41225147247314,0.0,4038.587748527527
2024-10-31 18:00:00,4201.5,3,10,4062.0,3804.0,0.0,0.0,0.0,4201.5
2024-10-31 19:00:00,4216.5,3,10,4201.5,4062.0,0.0,0.0,0.0,4216.5
2024-10-31 20:00:00,4401.0,3,10,4216.5,4201.5,0.0,0.0,0.0,4401.0
2024-10-31 21:00:00,4381.5,3,10,4401.0,4216.5,0.0,0.0,0.0,4381.5
2024-10-31 22:00:00,4128.0,3,10,4381.5,4401.0,0.0,0.0,0.0,4128.0
2024-10-31 23:00:00,4224.0,3,10,4128.0,4381.5,0.0,0.0,0.0,4224.0
2024-11-01 00:00:00,3736.5,4,11,4224.0,4128.0,0.0,0.0,0.0,3736.5
2024-11-01 01:00:00,3867.0,4,11,3736.5,4224.0,0.0,0.0,0.0,3867.0
2024-11-01 02:00:00,4071.0,4,11,3867.0,3736.5,0.0,0.0,0.0,4071.0
2024-11-01 03:00:00,4243.5,4,11,4071.0,3867.0,0.0,0.0,0.0,4243.5
2024-11-01 04:00:00,3984.0,4,11,4243.5,4071.0,0.0,0.0,0.0,3984.0
2024-11-01 05:00:00,4191.0,4,11,3984.0,4243.5,0.0,0.0,0.0,4191.0
2024-11-01 06:00:00,4153.5,4,11,4191.0,3984.0,7.956891059875488,7.956891059875488,0.0,4145.5431089401245
2024-11-01 07:00:00,3136.5,4,11,4153.5,4191.0,105.1422929763794,105.1422929763794,0.0,3031.3577070236206
2024-11-01 08:00:00,2721.0,4,11,3136.5,4153.5,126.62262439727783,126.62262439727783,0.0,2594.377375602722
2024-11-01 09:00:00,2662.5,4,11,2721.0,3136.5,229.50555324554443,229.50555324554443,0.0,2432.9944467544556
2024-11-01 10:00:00,2850.0,4,11,2662.5,2721.0,296.0749340057373,296.0749340057373,0.0,2553.9250659942627
2024-11-01 11:00:00,2826.0,4,11,2850.0,2662.5,303.5734033584595,303.5734033584595,0.0,2522.4265966415405
2024-11-01 12:00:00,2425.5,4,11,2826.0,2850.0,158.4829330444336,158.4829330444336,0.0,2267.0170669555664
2024-11-01 13:00:00,1611.0,4,11,2425.5,2826.0,235.4977798461914,235.4977798461914,0.0,1375.5022201538086
2024-11-01 14:00:00,2658.0,4,11,1611.0,2425.5,217.42286682128906,217.42286682128906,0.0,2440.577133178711
2024-11-01 15:00:00,3535.5,4,11,2658.0,1611.0,116.5700912475586,116.5700912475586,0.0,3418.9299087524414
2024-11-01 16:00:00,4227.0,4,11,3535.5,2658.0,123.0534839630127,123.0534839630127,0.0,4103.946516036987
2024-11-01 17:00:00,4119.0,4,11,4227.0,3535.5,17.780213356018066,17.780213356018066,0.0,4101.219786643982
2024-11-01 18:00:00,4078.5,4,11,4119.0,4227.0,0.0,0.0,0.0,4078.5
2024-11-01 19:00:00,3802.5,4,11,4078.5,4119.0,0.0,0.0,0.0,3802.5
2024-11-01 20:00:00,4282.5,4,11,3802.5,4078.5,0.0,0.0,0.0,4282.5
2024-11-01 21:00:00,4597.5,4,11,4282.5,3802.5,0.0,0.0,0.0,4597.5
2024-11-01 22:00:00,4402.5,4,11,4597.5,4282.5,0.0,0.0,0.0,4402.5
2024-11-01 23:00:00,4051.5,4,11,4402.5,4597.5,0.0,0.0,0.0,4051.5
2024-11-02 00:00:00,4324.5,5,11,4051.5,4402.5,0.0,0.0,0.0,4324.5
2024-11-02 01:00:00,4285.5,5,11,4324.5,4051.5,0.0,0.0,0.0,4285.5
2024-11-02 02:00:00,4197.0,5,11,4285.5,4324.5,0.0,0.0,0.0,4197.0
2024-11-02 03:00:00,4171.5,5,11,4197.0,4285.5,0.0,0.0,0.0,4171.5
2024-11-02 04:00:00,4350.0,5,11,4171.5,4197.0,0.0,0.0,0.0,4350.0
2024-11-02 05:00:00,3805.5,5,11,4350.0,4171.5,0.0,0.0,0.0,3805.5
2024-11-02 06:00:00,3759.0,5,11,3805.5,4350.0,0.0,0.0,0.0,3759.0
2024-11-02 07:00:00,3331.5,5,11,3759.0,3805.5,10.576443672180178,10.576443672180178,0.0,3320.92355632782
2024-11-02 08:00:00,2830.5,5,11,3331.5,3759.0,48.756422996520996,48.756422996520996,0.0,2781.743577003479
2024-11-02 09:00:00,2163.0,5,11,2830.5,3331.5,154.84830379486084,154.84830379486084,0.0,2008.1516962051392
2024-11-02 10:00:00,1905.0,5,11,2163.0,2830.5,177.7039003372192,177.7039003372192,0.0,1727.2960996627808
2024-11-02 11:00:00,1825.5,5,11,1905.0,2163.0,407.7988529205322,407.7988529205322,0.0,1417.7011470794678
2024-11-02 12:00:00,1987.5,5,11,1825.5,1905.0,355.1131010055542,355.1131010055542,0.0,1632.3868989944458
2024-11-02 13:00:00,2406.0,5,11,1987.5,1825.5,286.1533784866333,286.1533784866333,0.0,2119.8466215133667
2024-11-02 14:00:00,2811.0,5,11,2406.0,1987.5,273.546781539917,273.546781539917,0.0,2537.453218460083
2024-11-02 15:00:00,3354.0,5,11,2811.0,2406.0,184.05631542205813,184.05631542205813,0.0,3169.943684577942
2024-11-02 16:00:00,3927.0,5,11,3354.0,2811.0,129.07845497131348,129.07845497131348,0.0,3797.9215450286865
2024-11-02 17:00:00,4212.0,5,11,3927.0,3354.0,21.3493537902832,21.3493537902832,0.0,4190.650646209717
2024-11-02 18:00:00,4300.5,5,11,4212.0,3927.0,0.0,0.0,0.0,4300.5
2024-11-02 19:00:00,4254.0,5,11,4300.5,4212.0,0.0,0.0,0.0,4254.0
2024-11-02 20:00:00,4284.0,5,11,4254.0,4300.5,0.0,0.0,0.0,4284.0
2024-11-02 21:00:00,4305.0,5,11,4284.0,4254.0,0.0,0.0,0.0,4305.0
2024-11-02 22:00:00,4219.5,5,11,4305.0,4284.0,0.0,0.0,0.0,4219.5
2024-11-02 23:00:00,4281.0,5,11,4219.5,4305.0,0.0,0.0,0.0,4281.0
2024-11-03 00:00:00,4168.5,6,11,4281.0,4219.5,0.0,0.0,0.0,4168.5
2024-11-03 01:00:00,4455.0,6,11,4168.5,4281.0,0.0,0.0,0.0,4455.0
2024-11-03 02:00:00,4095.0,6,11,4455.0,4168.5,0.0,0.0,0.0,4095.0
2024-11-03 03:00:00,3718.5,6,11,4095.0,4455.0,0.0,0.0,0.0,3718.5
2024-11-03 04:00:00,4401.0,6,11,3718.5,4095.0,0.0,0.0,0.0,4401.0
2024-11-03 05:00:00,4110.0,6,11,4401.0,3718.5,0.0,0.0,0.0,4110.0
2024-11-03 06:00:00,4278.0,6,11,4110.0,4401.0,2.2921085357666016,2.2921085357666016,0.0,4275.707891464233
2024-11-03 07:00:00,3592.5,6,11,4278.0,4110.0,47.54487991333008,47.54487991333008,0.0,3544.95512008667
2024-11-03 08:00:00,3075.0,6,11,3592.5,4278.0,158.0900001525879,158.0900001525879,0.0,2916.909999847412
2024-11-03 09:00:00,2887.5,6,11,3075.0,3592.5,205.20920276641846,205.20920276641846,0.0,2682.2907972335815
2024-11-03 10:00:00,2532.0,6,11,2887.5,3075.0,211.1359405517578,211.1359405517578,0.0,2320.864059448242
2024-11-03 11:00:00,2194.5,6,11,2532.0,2887.5,190.5397081375122,190.5397081375122,0.0,2003.9602918624878
2024-11-03 12:00:00,2085.0,6,11,2194.5,2532.0,162.6742172241211,162.6742172241211,0.0,1922.325782775879
2024-11-03 13:00:00,2256.0,6,11,2085.0,2194.5,341.5569162368774,341.5569162368774,0.0,1914.4430837631226
2024-11-03 14:00:00,2991.0,6,11,2256.0,2085.0,303.50791454315186,303.50791454315186,0.0,2687.492085456848
2024-11-03 15:00:00,3384.0,6,11,2991.0,2256.0,207.6650333404541,207.6650333404541,0.0,3176.334966659546
2024-11-03 16:00:00,3259.5,6,11,3384.0,2991.0,129.8970651626587,129.8970651626587,0.0,3129.6029348373413
2024-11-03 17:00:00,3762.0,6,11,3259.5,3384.0,15.750060081481934,15.750060081481934,0.0,3746.249939918518
2024-11-03 18:00:00,4146.0,6,11,3762.0,3259.5,0.0,0.0,0.0,4146.0
2024-11-03 19:00:00,4456.5,6,11,4146.0,3762.0,0.0,0.0,0.0,4456.5
2024-11-03 20:00:00,4348.5,6,11,4456.5,4146.0,0.0,0.0,0.0,4348.5
2024-11-03 21:00:00,4612.5,6,11,4348.5,4456.5,0.0,0.0,0.0,4612.5
2024-11-03 22:00:00,4225.5,6,11,4612.5,4348.5,0.0,0.0,0.0,4225.5
2024-11-03 23:00:00,4135.5,6,11,4225.5,4612.5,0.0,0.0,0.0,4135.5
2024-11-04 00:00:00,4473.0,0,11,4135.5,4225.5,0.0,0.0,0.0,4473.0
2024-11-04 01:00:00,4567.5,0,11,4473.0,4135.5,0.0,0.0,0.0,4567.5
2024-11-04 02:00:00,3993.0,0,11,4567.5,4473.0,0.0,0.0,0.0,3993.0
2024-11-04 03:00:00,4029.0,0,11,3993.0,4567.5,0.0,0.0,0.0,4029.0
2024-11-04 04:00:00,4297.5,0,11,4029.0,3993.0,0.0,0.0,0.0,4297.5
2024-11-04 05:00:00,4495.5,0,11,4297.5,4029.0,0.0,0.0,0.0,4495.5
2024-11-04 06:00:00,3612.0,0,11,4495.5,4297.5,0.0,0.0,0.0,3612.0
2024-11-04 07:00:00,3447.0,0,11,3612.0,4495.5,12.737574577331543,12.737574577331543,0.0,3434.2624254226685
2024-11-04 08:00:00,2514.0,0,11,3447.0,3612.0,188.50955486297607,188.50955486297607,0.0,2325.490445137024
2024-11-04 09:00:00,1813.5,0,11,2514.0,3447.0,330.12911796569824,330.12911796569824,0.0,1483.3708820343018
2024-11-04 10:00:00,1779.0,0,11,1813.5,2514.0,210.80849647521973,210.80849647521973,0.0,1568.1915035247803
2024-11-04 11:00:00,2380.5,0,11,1779.0,1813.5,165.68670272827148,165.68670272827148,0.0,2214.8132972717285
2024-11-04 12:00:00,2368.5,0,11,2380.5,1779.0,416.1814212799072,416.1814212799072,0.0,1952.3185787200928
2024-11-04 13:00:00,2964.0,0,11,2368.5,2380.5,376.56068801879877,376.56068801879877,0.0,2587.439311981201
2024-11-04 14:00:00,3019.5,0,11,2964.0,2368.5,328.65561962127686,328.65561962127686,0.0,2690.844380378723
2024-11-04 15:00:00,2988.0,0,11,3019.5,2964.0,234.2862367630005,234.2862367630005,0.0,2753.7137632369995
2024-11-04 16:00:00,3943.5,0,11,2988.0,3019.5,120.7941198348999,120.7941198348999,0.0,3822.7058801651
2024-11-04 17:00:00,4102.5,0,11,3943.5,2988.0,15.291638374328613,15.291638374328613,0.0,4087.2083616256714
2024-11-04 18:00:00,4300.5,0,11,4102.5,3943.5,0.0,0.0,0.0,4300.5
2024-11-04 19:00:00,4402.5,0,11,4300.5,4102.5,0.0,0.0,0.0,4402.5
2024-11-04 20:00:00,4294.5,0,11,4402.5,4300.5,0.0,0.0,0.0,4294.5
2024-11-04 21:00:00,4138.5,0,11,4294.5,4402.5,0.0,0.0,0.0,4138.5
2024-11-04 22:00:00,3915.0,0,11,4138.5,4294.5,0.0,0.0,0.0,3915.0
2024-11-04 23:00:00,3777.0,0,11,3915.0,4138.5,0.0,0.0,0.0,3777.0
2024-11-05 00:00:00,4140.0,1,11,3777.0,3915.0,0.0,0.0,0.0,4140.0
2024-11-05 01:00:00,4314.0,1,11,4140.0,3777.0,0.0,0.0,0.0,4314.0
2024-11-05 02:00:00,4183.5,1,11,4314.0,4140.0,0.0,0.0,0.0,4183.5
2024-11-05 03:00:00,3840.0,1,11,4183.5,4314.0,0.0,0.0,0.0,3840.0
2024-11-05 04:00:00,3811.5,1,11,3840.0,4183.5,0.0,0.0,0.0,3811.5
2024-11-05 05:00:00,3904.5,1,11,3811.5,3840.0,0.0,0.0,0.0,3904.5
2024-11-05 06:00:00,4483.5,1,11,3904.5,3811.5,0.0,0.0,0.0,4483.5
2024-11-05 07:00:00,3949.5,1,11,4483.5,3904.5,23.084807395935055,23.084807395935055,0.0,3926.415192604065
2024-11-05 08:00:00,3384.0,1,11,3949.5,4483.5,125.24735927581787,125.24735927581787,0.0,3258.752640724182
2024-11-05 09:00:00,2917.5,1,11,3384.0,3949.5,258.6480760574341,258.6480760574341,0.0,2658.851923942566
2024-11-05 10:00:00,2964.0,1,11,2917.5,3384.0,341.19672775268555,341.19672775268555,0.0,2622.8032722473145
2024-11-05 11:00:00,2722.5,1,11,2964.0,2917.5,334.94254589080805,334.94254589080805,0.0,2387.557454109192
2024-11-05 12:00:00,2668.5,1,11,2722.5,2964.0,324.49707984924316,324.49707984924316,0.0,2344.002920150757
2024-11-05 13:00:00,2767.5,1,11,2668.5,2722.5,273.38305950164795,273.38305950164795,0.0,2494.116940498352
2024-11-05 14:00:00,2955.0,1,11,2767.5,2668.5,268.01297664642334,268.01297664642334,0.0,2686.9870233535767
2024-11-05 15:00:00,4330.5,1,11,2955.0,2767.5,188.73876571655273,188.73876571655273,0.0,4141.761234283447
2024-11-05 16:00:00,4261.5,1,11,4330.5,2955.0,108.84241104125977,108.84241104125977,0.0,4152.65758895874
2024-11-05 17:00:00,4101.0,1,11,4261.5,4330.5,14.833216667175293,14.833216667175293,0.0,4086.1667833328247
2024-11-05 18:00:00,4120.5,1,11,4101.0,4261.5,0.0,0.0,0.0,4120.5
2024-11-05 19:00:00,4086.0,1,11,4120.5,4101.0,0.0,0.0,0.0,4086.0
2024-11-05 20:00:00,4255.5,1,11,4086.0,4120.5,0.0,0.0,0.0,4255.5
2024-11-05 21:00:00,3621.0,1,11,4255.5,4086.0,0.0,0.0,0.0,3621.0
2024-11-05 22:00:00,4108.5,1,11,3621.0,4255.5,0.0,0.0,0.0,4108.5
2024-11-05 23:00:00,4233.0,1,11,4108.5,3621.0,0.0,0.0,0.0,4233.0
2024-11-06 00:00:00,4240.5,2,11,4233.0,4108.5,0.0,0.0,0.0,4240.5
2024-11-06 01:00:00,4452.0,2,11,4240.5,4233.0,0.0,0.0,0.0,4452.0
2024-11-06 02:00:00,4204.5,2,11,4452.0,4240.5,0.0,0.0,0.0,4204.5
2024-11-06 03:00:00,4185.0,2,11,4204.5,4452.0,0.0,0.0,0.0,4185.0
2024-11-06 04:00:00,4381.5,2,11,4185.0,4204.5,0.0,0.0,0.0,4381.5
2024-11-06 05:00:00,4378.5,2,11,4381.5,4185.0,0.0,0.0,0.0,4378.5
2024-11-06 06:00:00,4161.0,2,11,4378.5,4381.5,2.783274650573731,2.783274650573731,0.0,4158.216725349426
2024-11-06 07:00:00,3612.0,2,11,4161.0,4378.5,93.64900588989256,93.64900588989256,0.0,3518.3509941101074
2024-11-06 08:00:00,3118.5,2,11,3612.0,4161.0,192.53711700439453,192.53711700439453,0.0,2925.9628829956055
2024-11-06 09:00:00,2917.5,2,11,3118.5,3612.0,285.89142322540283,285.89142322540283,0.0,2631.608576774597
2024-11-06 10:00:00,2620.5,2,11,2917.5,3118.5,311.2355947494507,311.2355947494507,0.0,2309.2644052505493
2024-11-06 11:00:00,2314.5,2,11,2620.5,2917.5,339.919695854187,339.919695854187,0.0,1974.580304145813
2024-11-06 12:00:00,2400.0,2,11,2314.5,2620.5,280.3576183319092,280.3576183319092,0.0,2119.642381668091
2024-11-06 13:00:00,2961.0,2,11,2400.0,2314.5,263.49424839019775,263.49424839019775,0.0,2697.5057516098022
2024-11-06 14:00:00,2998.5,2,11,2961.0,2400.0,97.74205684661865,97.74205684661865,0.0,2900.7579431533813
2024-11-06 15:00:00,2730.0,2,11,2998.5,2961.0,79.86361026763916,79.86361026763916,0.0,2650.136389732361
2024-11-06 16:00:00,3916.5,2,11,2730.0,2998.5,77.53875732421875,77.53875732421875,0.0,3838.9612426757812
2024-11-06 17:00:00,3766.5,2,11,3916.5,2730.0,7.596702575683594,7.596702575683594,0.0,3758.9032974243164
2024-11-06 18:00:00,4548.0,2,11,3766.5,3916.5,0.0,0.0,0.0,4548.0
2024-11-06 19:00:00,4420.5,2,11,4548.0,3766.5,0.0,0.0,0.0,4420.5
2024-11-06 20:00:00,4155.0,2,11,4420.5,4548.0,0.0,0.0,0.0,4155.0
2024-11-06 21:00:00,4633.5,2,11,4155.0,4420.5,0.0,0.0,0.0,4633.5
2024-11-06 22:00:00,4447.5,2,11,4633.5,4155.0,0.0,0.0,0.0,4447.5
2024-11-06 23:00:00,4402.5,2,11,4447.5,4633.5,0.0,0.0,0.0,4402.5
2024-11-07 00:00:00,4107.0,3,11,4402.5,4447.5,0.0,0.0,0.0,4107.0
2024-11-07 01:00:00,4516.5,3,11,4107.0,4402.5,0.0,0.0,0.0,4516.5
2024-11-07 02:00:00,3973.5,3,11,4516.5,4107.0,0.0,0.0,0.0,3973.5
2024-11-07 03:00:00,4399.5,3,11,3973.5,4516.5,0.0,0.0,0.0,4399.5
2024-11-07 04:00:00,4126.5,3,11,4399.5,3973.5,0.0,0.0,0.0,4126.5
2024-11-07 05:00:00,4204.5,3,11,4126.5,4399.5,0.0,0.0,0.0,4204.5
2024-11-07 06:00:00,4342.5,3,11,4204.5,4126.5,3.1107187271118164,3.1107187271118164,0.0,4339.389281272888
2024-11-07 07:00:00,3859.5,3,11,4342.5,4204.5,91.12768650054932,91.12768650054932,0.0,3768.3723134994507
2024-11-07 08:00:00,2616.0,3,11,3859.5,4342.5,107.99105644226074,107.99105644226074,0.0,2508.0089435577393
2024-11-07 09:00:00,2179.5,3,11,2616.0,3859.5,94.95878219604491,94.95878219604491,0.0,2084.541217803955
2024-11-07 10:00:00,2010.0,3,11,2179.5,2616.0,203.31002712249756,203.31002712249756,0.0,1806.6899728775024
2024-11-07 11:00:00,1735.5,3,11,2010.0,2179.5,240.31120777130127,240.31120777130127,0.0,1495.1887922286987
2024-11-07 12:00:00,1837.5,3,11,1735.5,2010.0,220.2388858795166,220.2388858795166,0.0,1617.2611141204834
2024-11-07 13:00:00,2109.0,3,11,1837.5,1735.5,254.1948366165161,254.1948366165161,0.0,1854.805163383484
2024-11-07 14:00:00,2319.0,3,11,2109.0,1837.5,259.8268747329712,259.8268747329712,0.0,2059.173125267029
2024-11-07 15:00:00,2965.5,3,11,2319.0,2109.0,193.1920051574707,193.1920051574707,0.0,2772.3079948425293
2024-11-07 16:00:00,3762.0,3,11,2965.5,2319.0,46.75901412963868,46.75901412963868,0.0,3715.2409858703613
2024-11-07 17:00:00,4108.5,3,11,3762.0,2965.5,1.768198013305664,1.768198013305664,0.0,4106.731801986694
2024-11-07 18:00:00,3664.5,3,11,4108.5,3762.0,0.0,0.0,0.0,3664.5
2024-11-07 19:00:00,3592.5,3,11,3664.5,4108.5,0.0,0.0,0.0,3592.5
2024-11-07 20:00:00,3663.0,3,11,3592.5,3664.5,0.0,0.0,0.0,3663.0
2024-11-07 21:00:00,4126.5,3,11,3663.0,3592.5,0.0,0.0,0.0,4126.5
2024-11-07 22:00:00,4311.0,3,11,4126.5,3663.0,0.0,0.0,0.0,4311.0
2024-11-07 23:00:00,4296.0,3,11,4311.0,4126.5,0.0,0.0,0.0,4296.0
2024-11-08 00:00:00,4000.5,4,11,4296.0,4311.0,0.0,0.0,0.0,4000.5
2024-11-08 01:00:00,4320.0,4,11,4000.5,4296.0,0.0,0.0,0.0,4320.0
2024-11-08 02:00:00,4600.5,4,11,4320.0,4000.5,0.0,0.0,0.0,4600.5
2024-11-08 03:00:00,4204.5,4,11,4600.5,4320.0,0.0,0.0,0.0,4204.5
2024-11-08 04:00:00,4134.0,4,11,4204.5,4600.5,0.0,0.0,0.0,4134.0
2024-11-08 05:00:00,3855.0,4,11,4134.0,4204.5,0.0,0.0,0.0,3855.0
2024-11-08 06:00:00,3111.0,4,11,3855.0,4134.0,0.0,0.0,0.0,3111.0
2024-11-08 07:00:00,1386.0,4,11,3111.0,3855.0,20.399765968322754,20.399765968322754,0.0,1365.6002340316772
2024-11-08 08:00:00,288.0,4,11,1386.0,3111.0,8.415312767028809,8.415312767028809,0.0,279.5846872329712
2024-11-08 09:00:00,10.5,4,11,288.0,1386.0,256.0612678527832,10.5,245.5612678527832,0.0
2024-11-08 10:00:00,9.0,4,11,10.5,288.0,306.0619783401489,9.0,297.0619783401489,0.0
2024-11-08 11:00:00,13.5,4,11,9.0,10.5,307.99389839172363,13.5,294.49389839172363,0.0
2024-11-08 12:00:00,10.5,4,11,13.5,9.0,214.9342918395996,10.5,204.4342918395996,0.0
2024-11-08 13:00:00,19.5,4,11,10.5,13.5,22.986574172973633,19.5,3.486574172973633,0.0
2024-11-08 14:00:00,37.5,4,11,19.5,10.5,34.316139221191406,34.316139221191406,0.0,3.1838607788085938
2024-11-08 15:00:00,61.5,4,11,37.5,19.5,203.14630508422852,61.5,141.64630508422852,0.0
2024-11-08 16:00:00,511.5,4,11,61.5,37.5,52.22733020782471,52.22733020782471,0.0,459.2726697921753
2024-11-08 17:00:00,382.5,4,11,511.5,61.5,7.629446983337402,7.629446983337402,0.0,374.8705530166626
2024-11-08 18:00:00,958.5,4,11,382.5,511.5,0.0,0.0,0.0,958.5
2024-11-08 19:00:00,1635.0,4,11,958.5,382.5,0.0,0.0,0.0,1635.0
2024-11-08 20:00:00,3582.0,4,11,1635.0,958.5,0.0,0.0,0.0,3582.0
2024-11-08 21:00:00,4137.0,4,11,3582.0,1635.0,0.0,0.0,0.0,4137.0
2024-11-08 22:00:00,4156.5,4,11,4137.0,3582.0,0.0,0.0,0.0,4156.5
2024-11-08 23:00:00,4327.5,4,11,4156.5,4137.0,0.0,0.0,0.0,4327.5
2024-11-09 00:00:00,4519.5,5,11,4327.5,4156.5,0.0,0.0,0.0,4519.5
2024-11-09 01:00:00,3912.0,5,11,4519.5,4327.5,0.0,0.0,0.0,3912.0
2024-11-09 02:00:00,3925.5,5,11,3912.0,4519.5,0.0,0.0,0.0,3925.5
2024-11-09 03:00:00,3864.0,5,11,3925.5,3912.0,0.0,0.0,0.0,3864.0
2024-11-09 04:00:00,4305.0,5,11,3864.0,3925.5,0.0,0.0,0.0,4305.0
2024-11-09 05:00:00,4471.5,5,11,4305.0,3864.0,0.0,0.0,0.0,4471.5
2024-11-09 06:00:00,4566.0,5,11,4471.5,4305.0,1.8664312362670898,1.8664312362670898,0.0,4564.133568763733
2024-11-09 07:00:00,3783.0,5,11,4566.0,4471.5,79.20872211456299,79.20872211456299,0.0,3703.791277885437
2024-11-09 08:00:00,3046.5,5,11,3783.0,4566.0,148.43039989471436,148.43039989471436,0.0,2898.0696001052856
2024-11-09 09:00:00,2560.5,5,11,3046.5,3783.0,208.97480964660645,208.97480964660645,0.0,2351.5251903533936
2024-11-09 10:00:00,1977.0,5,11,2560.5,3046.5,138.50884437561035,138.50884437561035,0.0,1838.4911556243896
2024-11-09 11:00:00,2073.0,5,11,1977.0,2560.5,237.88812160491943,237.88812160491943,0.0,1835.1118783950806
2024-11-09 12:00:00,1924.5,5,11,2073.0,1977.0,171.0567855834961,171.0567855834961,0.0,1753.443214416504
2024-11-09 13:00:00,2328.0,5,11,1924.5,2073.0,325.0864791870117,325.0864791870117,0.0,2002.9135208129883
2024-11-09 14:00:00,2763.0,5,11,2328.0,1924.5,266.7359447479248,266.7359447479248,0.0,2496.264055252075
2024-11-09 15:00:00,2940.0,5,11,2763.0,2328.0,215.72015762329102,215.72015762329102,0.0,2724.279842376709
2024-11-09 16:00:00,3988.5,5,11,2940.0,2763.0,123.21720600128174,123.21720600128174,0.0,3865.2827939987183
2024-11-09 17:00:00,4489.5,5,11,3988.5,2940.0,11.951708793640137,11.951708793640137,0.0,4477.54829120636
2024-11-09 18:00:00,4324.5,5,11,4489.5,3988.5,0.0,0.0,0.0,4324.5
2024-11-09 19:00:00,4246.5,5,11,4324.5,4489.5,0.0,0.0,0.0,4246.5
2024-11-09 20:00:00,4467.0,5,11,4246.5,4324.5,0.0,0.0,0.0,4467.0
2024-11-09 21:00:00,4584.0,5,11,4467.0,4246.5,0.0,0.0,0.0,4584.0
2024-11-09 22:00:00,4315.5,5,11,4584.0,4467.0,0.0,0.0,0.0,4315.5
2024-11-09 23:00:00,4186.5,5,11,4315.5,4584.0,0.0,0.0,0.0,4186.5
2024-11-10 00:00:00,4371.0,6,11,4186.5,4315.5,0.0,0.0,0.0,4371.0
2024-11-10 01:00:00,4180.5,6,11,4371.0,4186.5,0.0,0.0,0.0,4180.5
2024-11-10 02:00:00,4230.0,6,11,4180.5,4371.0,0.0,0.0,0.0,4230.0
2024-11-10 03:00:00,4416.0,6,11,4230.0,4180.5,0.0,0.0,0.0,4416.0
2024-11-10 04:00:00,4393.5,6,11,4416.0,4230.0,0.0,0.0,0.0,4393.5
2024-11-10 05:00:00,4275.0,6,11,4393.5,4416.0,0.0,0.0,0.0,4275.0
2024-11-10 06:00:00,4402.5,6,11,4275.0,4393.5,2.161130905151367,2.161130905151367,0.0,4400.338869094849
2024-11-10 07:00:00,3486.0,6,11,4402.5,4275.0,56.680569648742676,56.680569648742676,0.0,3429.3194303512573
2024-11-10 08:00:00,2997.0,6,11,3486.0,4402.5,189.3936538696289,189.3936538696289,0.0,2807.606346130371
2024-11-10 09:00:00,2607.0,6,11,2997.0,3486.0,281.73288345336914,281.73288345336914,0.0,2325.267116546631
2024-11-10 10:00:00,1918.5,6,11,2607.0,2997.0,411.9573926925659,411.9573926925659,0.0,1506.542607307434
2024-11-10 11:00:00,1971.0,6,11,1918.5,2607.0,390.9682273864746,390.9682273864746,0.0,1580.0317726135254
2024-11-10 12:00:00,2109.0,6,11,1971.0,1918.5,407.50415325164795,407.50415325164795,0.0,1701.495846748352
2024-11-10 13:00:00,2395.5,6,11,2109.0,1971.0,409.04314041137695,409.04314041137695,0.0,1986.456859588623
2024-11-10 14:00:00,2242.5,6,11,2395.5,2109.0,349.15361881256104,349.15361881256104,0.0,1893.346381187439
2024-11-10 15:00:00,2551.5,6,11,2242.5,2395.5,258.6153316497803,258.6153316497803,0.0,2292.8846683502197
2024-11-10 16:00:00,3375.0,6,11,2551.5,2242.5,131.66526317596436,131.66526317596436,0.0,3243.3347368240356
2024-11-10 17:00:00,3535.5,6,11,3375.0,2551.5,15.35712718963623,15.35712718963623,0.0,3520.1428728103638
2024-11-10 18:00:00,4054.5,6,11,3535.5,3375.0,0.0,0.0,0.0,4054.5
2024-11-10 19:00:00,3927.0,6,11,4054.5,3535.5,0.0,0.0,0.0,3927.0
2024-11-10 20:00:00,3793.5,6,11,3927.0,4054.5,0.0,0.0,0.0,3793.5
2024-11-10 21:00:00,4558.5,6,11,3793.5,3927.0,0.0,0.0,0.0,4558.5
2024-11-10 22:00:00,3985.5,6,11,4558.5,3793.5,0.0,0.0,0.0,3985.5
2024-11-10 23:00:00,4240.5,6,11,3985.5,4558.5,0.0,0.0,0.0,4240.5
2024-11-11 00:00:00,4482.0,0,11,4240.5,3985.5,0.0,0.0,0.0,4482.0
2024-11-11 01:00:00,4500.0,0,11,4482.0,4240.5,0.0,0.0,0.0,4500.0
2024-11-11 02:00:00,4174.5,0,11,4500.0,4482.0,0.0,0.0,0.0,4174.5
2024-11-11 03:00:00,4321.5,0,11,4174.5,4500.0,0.0,0.0,0.0,4321.5
2024-11-11 04:00:00,4134.0,0,11,4321.5,4174.5,0.0,0.0,0.0,4134.0
2024-11-11 05:00:00,4368.0,0,11,4134.0,4321.5,0.0,0.0,0.0,4368.0
2024-11-11 06:00:00,4440.0,0,11,4368.0,4134.0,6.450648307800293,6.450648307800293,0.0,4433.5493516922
2024-11-11 07:00:00,3400.5,0,11,4440.0,4368.0,131.4687967300415,131.4687967300415,0.0,3269.0312032699585
2024-11-11 08:00:00,2541.0,0,11,3400.5,4440.0,262.937593460083,262.937593460083,0.0,2278.062406539917
2024-11-11 09:00:00,2808.0,0,11,2541.0,3400.5,357.8308868408203,357.8308868408203,0.0,2450.1691131591797
2024-11-11 10:00:00,2248.5,0,11,2808.0,2541.0,417.49119758605957,417.49119758605957,0.0,1831.0088024139404
2024-11-11 11:00:00,2131.5,0,11,2248.5,2808.0,445.22571086883545,445.22571086883545,0.0,1686.2742891311646
2024-11-11 12:00:00,2416.5,0,11,2131.5,2248.5,443.5557460784912,443.5557460784912,0.0,1972.9442539215088
2024-11-11 13:00:00,2428.5,0,11,2416.5,2131.5,407.11122035980225,407.11122035980225,0.0,2021.3887796401978
2024-11-11 14:00:00,2574.0,0,11,2428.5,2416.5,345.45350074768066,345.45350074768066,0.0,2228.5464992523193
2024-11-11 15:00:00,3829.5,0,11,2574.0,2428.5,255.07893562316895,255.07893562316895,0.0,3574.421064376831
2024-11-11 16:00:00,4255.5,0,11,3829.5,2574.0,132.87680625915527,132.87680625915527,0.0,4122.623193740845
2024-11-11 17:00:00,4438.5,0,11,4255.5,3829.5,14.21107292175293,14.21107292175293,0.0,4424.288927078247
2024-11-11 18:00:00,4462.5,0,11,4438.5,4255.5,0.0,0.0,0.0,4462.5
2024-11-11 19:00:00,4614.0,0,11,4462.5,4438.5,0.0,0.0,0.0,4614.0
2024-11-11 20:00:00,4212.0,0,11,4614.0,4462.5,0.0,0.0,0.0,4212.0
2024-11-11 21:00:00,4743.0,0,11,4212.0,4614.0,0.0,0.0,0.0,4743.0
2024-11-11 22:00:00,4311.0,0,11,4743.0,4212.0,0.0,0.0,0.0,4311.0
2024-11-11 23:00:00,4434.0,0,11,4311.0,4743.0,0.0,0.0,0.0,4434.0
2024-11-12 00:00:00,4270.5,1,11,4434.0,4311.0,0.0,0.0,0.0,4270.5
2024-11-12 01:00:00,3966.0,1,11,4270.5,4434.0,0.0,0.0,0.0,3966.0
2024-11-12 02:00:00,4224.0,1,11,3966.0,4270.5,0.0,0.0,0.0,4224.0
2024-11-12 03:00:00,4521.0,1,11,4224.0,3966.0,0.0,0.0,0.0,4521.0
2024-11-12 04:00:00,3712.5,1,11,4521.0,4224.0,0.0,0.0,0.0,3712.5
2024-11-12 05:00:00,4185.0,1,11,3712.5,4521.0,0.0,0.0,0.0,4185.0
2024-11-12 06:00:00,4291.5,1,11,4185.0,3712.5,4.289517402648926,4.289517402648926,0.0,4287.210482597351
2024-11-12 07:00:00,3427.5,1,11,4291.5,4185.0,134.41579341888428,134.41579341888428,0.0,3293.0842065811157
2024-11-12 08:00:00,2463.0,1,11,3427.5,4291.5,263.625226020813,263.625226020813,0.0,2199.374773979187
2024-11-12 09:00:00,2574.0,1,11,2463.0,3427.5,340.24713993072504,340.24713993072504,0.0,2233.752860069275
2024-11-12 10:00:00,2049.0,1,11,2574.0,2463.0,415.9849548339844,415.9849548339844,0.0,1633.0150451660156
2024-11-12 11:00:00,1981.5,1,11,2049.0,2574.0,445.3894329071045,445.3894329071045,0.0,1536.1105670928955
2024-11-12 12:00:00,2191.5,1,11,1981.5,2049.0,177.4419450759888,177.4419450759888,0.0,2014.0580549240112
2024-11-12 13:00:00,2262.0,1,11,2191.5,1981.5,111.49470806121826,111.49470806121826,0.0,2150.5052919387817
2024-11-12 14:00:00,3163.5,1,11,2262.0,2191.5,217.06267833709717,217.06267833709717,0.0,2946.437321662903
2024-11-12 15:00:00,3010.5,1,11,3163.5,2262.0,180.7163858413696,180.7163858413696,0.0,2829.7836141586304
2024-11-12 16:00:00,3753.0,1,11,3010.5,3163.5,97.11991310119629,97.11991310119629,0.0,3655.8800868988037
2024-11-12 17:00:00,4038.0,1,11,3753.0,3010.5,10.24899959564209,10.24899959564209,0.0,4027.751000404358
2024-11-12 18:00:00,3883.5,1,11,4038.0,3753.0,0.0,0.0,0.0,3883.5
2024-11-12 19:00:00,4402.5,1,11,3883.5,4038.0,0.0,0.0,0.0,4402.5
2024-11-12 20:00:00,4248.0,1,11,4402.5,3883.5,0.0,0.0,0.0,4248.0
2024-11-12 21:00:00,4165.5,1,11,4248.0,4402.5,0.0,0.0,0.0,4165.5
2024-11-12 22:00:00,4348.5,1,11,4165.5,4248.0,0.0,0.0,0.0,4348.5
2024-11-12 23:00:00,4348.5,1,11,4348.5,4165.5,0.0,0.0,0.0,4348.5
2024-11-13 00:00:00,4501.5,2,11,4348.5,4348.5,0.0,0.0,0.0,4501.5
2024-11-13 01:00:00,4323.0,2,11,4501.5,4348.5,0.0,0.0,0.0,4323.0
2024-11-13 02:00:00,4285.5,2,11,4323.0,4501.5,0.0,0.0,0.0,4285.5
2024-11-13 03:00:00,4249.5,2,11,4285.5,4323.0,0.0,0.0,0.0,4249.5
2024-11-13 04:00:00,4396.5,2,11,4249.5,4285.5,0.0,0.0,0.0,4396.5
2024-11-13 05:00:00,4381.5,2,11,4396.5,4249.5,0.0,0.0,0.0,4381.5
2024-11-13 06:00:00,4182.0,2,11,4381.5,4396.5,3.241696357727051,3.241696357727051,0.0,4178.758303642273
2024-11-13 07:00:00,3826.5,2,11,4182.0,4381.5,123.93758296966553,123.93758296966553,0.0,3702.5624170303345
2024-11-13 08:00:00,3367.5,2,11,3826.5,4182.0,256.7489004135132,256.7489004135132,0.0,3110.751099586487
2024-11-13 09:00:00,2794.5,2,11,3367.5,3826.5,354.6546792984009,354.6546792984009,0.0,2439.845320701599
2024-11-13 10:00:00,2215.5,2,11,2794.5,3367.5,419.979772567749,419.979772567749,0.0,1795.520227432251
2024-11-13 11:00:00,2421.0,2,11,2215.5,2794.5,451.0542154312134,451.0542154312134,0.0,1969.9457845687866
2024-11-13 12:00:00,1971.0,2,11,2421.0,2215.5,447.58330821990967,447.58330821990967,0.0,1523.4166917800903
2024-11-13 13:00:00,2779.5,2,11,1971.0,2421.0,414.70792293548584,414.70792293548584,0.0,2364.792077064514
2024-11-13 14:00:00,3156.0,2,11,2779.5,1971.0,242.60331630706787,242.60331630706787,0.0,2913.396683692932
2024-11-13 15:00:00,3340.5,2,11,3156.0,2779.5,242.11215019226074,242.11215019226074,0.0,3098.3878498077393
2024-11-13 16:00:00,2989.5,2,11,3340.5,3156.0,73.80589485168457,73.80589485168457,0.0,2915.6941051483154
2024-11-13 17:00:00,3985.5,2,11,2989.5,3340.5,10.347232818603517,10.347232818603517,0.0,3975.1527671813965
2024-11-13 18:00:00,4593.0,2,11,3985.5,2989.5,0.0,0.0,0.0,4593.0
2024-11-13 19:00:00,4225.5,2,11,4593.0,3985.5,0.0,0.0,0.0,4225.5
2024-11-13 20:00:00,4471.5,2,11,4225.5,4593.0,0.0,0.0,0.0,4471.5
2024-11-13 21:00:00,4366.5,2,11,4471.5,4225.5,0.0,0.0,0.0,4366.5
2024-11-13 22:00:00,4494.0,2,11,4366.5,4471.5,0.0,0.0,0.0,4494.0
2024-11-13 23:00:00,4218.0,2,11,4494.0,4366.5,0.0,0.0,0.0,4218.0
2024-11-14 00:00:00,3723.0,3,11,4218.0,4494.0,0.0,0.0,0.0,3723.0
2024-11-14 01:00:00,4062.0,3,11,3723.0,4218.0,0.0,0.0,0.0,4062.0
2024-11-14 02:00:00,3648.0,3,11,4062.0,3723.0,0.0,0.0,0.0,3648.0
2024-11-14 03:00:00,4123.5,3,11,3648.0,4062.0,0.0,0.0,0.0,4123.5
2024-11-14 04:00:00,4030.5,3,11,4123.5,3648.0,0.0,0.0,0.0,4030.5
2024-11-14 05:00:00,4195.5,3,11,4030.5,4123.5,0.0,0.0,0.0,4195.5
2024-11-14 06:00:00,4404.0,3,11,4195.5,4030.5,4.256772994995117,4.256772994995117,0.0,4399.743227005005
2024-11-14 07:00:00,4270.5,3,11,4404.0,4195.5,72.7908182144165,72.7908182144165,0.0,4197.7091817855835
2024-11-14 08:00:00,3096.0,3,11,4270.5,4404.0,169.81249809265134,169.81249809265134,0.0,2926.1875019073486
2024-11-14 09:00:00,2967.0,3,11,3096.0,4270.5,356.160922050476,356.160922050476,0.0,2610.839077949524
2024-11-14 10:00:00,2464.5,3,11,2967.0,3096.0,276.5920114517212,276.5920114517212,0.0,2187.907988548279
2024-11-14 11:00:00,3184.5,3,11,2464.5,2967.0,341.00026130676275,341.00026130676275,0.0,2843.4997386932373
2024-11-14 12:00:00,3511.5,3,11,3184.5,2464.5,241.9484281539917,241.9484281539917,0.0,3269.5515718460083
2024-11-14 13:00:00,3619.5,3,11,3511.5,3184.5,299.0546751022339,299.0546751022339,0.0,3320.445324897766
2024-11-14 14:00:00,2061.0,3,11,3619.5,3511.5,182.9430055618286,182.9430055618286,0.0,1878.0569944381714
2024-11-14 15:00:00,2950.5,3,11,2061.0,3619.5,161.5936517715454,161.5936517715454,0.0,2788.9063482284546
2024-11-14 16:00:00,3648.0,3,11,2950.5,2061.0,100.85277557373047,100.85277557373047,0.0,3547.1472244262695
2024-11-14 17:00:00,4450.5,3,11,3648.0,2950.5,13.26148509979248,13.26148509979248,0.0,4437.2385149002075
2024-11-14 18:00:00,4555.5,3,11,4450.5,3648.0,0.0,0.0,0.0,4555.5
2024-11-14 19:00:00,4570.5,3,11,4555.5,4450.5,0.0,0.0,0.0,4570.5
2024-11-14 20:00:00,3769.5,3,11,4570.5,4555.5,0.0,0.0,0.0,3769.5
2024-11-14 21:00:00,4203.0,3,11,3769.5,4570.5,0.0,0.0,0.0,4203.0
2024-11-14 22:00:00,4188.0,3,11,4203.0,3769.5,0.0,0.0,0.0,4188.0
2024-11-14 23:00:00,4128.0,3,11,4188.0,4203.0,0.0,0.0,0.0,4128.0
2024-11-15 00:00:00,4440.0,4,11,4128.0,4188.0,0.0,0.0,0.0,4440.0
2024-11-15 01:00:00,4438.5,4,11,4440.0,4128.0,0.0,0.0,0.0,4438.5
2024-11-15 02:00:00,4059.0,4,11,4438.5,4440.0,0.0,0.0,0.0,4059.0
2024-11-15 03:00:00,3948.0,4,11,4059.0,4438.5,0.0,0.0,0.0,3948.0
2024-11-15 04:00:00,4248.0,4,11,3948.0,4059.0,0.0,0.0,0.0,4248.0
2024-11-15 05:00:00,4299.0,4,11,4248.0,3948.0,0.0,0.0,0.0,4299.0
2024-11-15 06:00:00,2775.0,4,11,4299.0,4248.0,5.959482192993164,5.959482192993164,0.0,2769.040517807007
2024-11-15 07:00:00,1335.0,4,11,2775.0,4299.0,134.57951545715332,134.57951545715332,0.0,1200.4204845428467
2024-11-15 08:00:00,181.5,4,11,1335.0,2775.0,268.07846546173096,181.5,86.57846546173096,0.0
2024-11-15 09:00:00,10.5,4,11,181.5,1335.0,364.1505575180054,10.5,353.6505575180054,0.0
2024-11-15 10:00:00,10.5,4,11,10.5,181.5,424.23654556274414,10.5,413.73654556274414,0.0
2024-11-15 11:00:00,9.0,4,11,10.5,10.5,456.5225315093994,9.0,447.5225315093994,0.0
2024-11-15 12:00:00,9.0,4,11,9.0,10.5,455.6711769104004,9.0,446.6711769104004,0.0
2024-11-15 13:00:00,10.5,4,11,9.0,9.0,424.9241781234741,10.5,414.4241781234741,0.0
2024-11-15 14:00:00,10.5,4,11,10.5,9.0,359.2388963699341,10.5,348.7388963699341,0.0
2024-11-15 15:00:00,61.5,4,11,10.5,10.5,270.79625129699707,61.5,209.29625129699707,0.0
2024-11-15 16:00:00,403.5,4,11,61.5,10.5,145.25419235229492,145.25419235229492,0.0,258.2458076477051
2024-11-15 17:00:00,309.0,4,11,403.5,61.5,16.27397060394287,16.27397060394287,0.0,292.72602939605713
2024-11-15 18:00:00,300.0,4,11,309.0,403.5,0.0,0.0,0.0,300.0
2024-11-15 19:00:00,250.5,4,11,300.0,309.0,0.0,0.0,0.0,250.5
2024-11-15 20:00:00,250.5,4,11,250.5,300.0,0.0,0.0,0.0,250.5
2024-11-15 21:00:00,273.0,4,11,250.5,250.5,0.0,0.0,0.0,273.0
2024-11-15 22:00:00,411.0,4,11,273.0,250.5,0.0,0.0,0.0,411.0
2024-11-15 23:00:00,469.5,4,11,411.0,273.0,0.0,0.0,0.0,469.5
2024-11-16 00:00:00,456.0,5,11,469.5,411.0,0.0,0.0,0.0,456.0
2024-11-16 01:00:00,430.5,5,11,456.0,469.5,0.0,0.0,0.0,430.5
2024-11-16 02:00:00,451.5,5,11,430.5,456.0,0.0,0.0,0.0,451.5
2024-11-16 03:00:00,511.5,5,11,451.5,430.5,0.0,0.0,0.0,511.5
2024-11-16 04:00:00,568.5,5,11,511.5,451.5,0.0,0.0,0.0,568.5
2024-11-16 05:00:00,553.5,5,11,568.5,511.5,0.0,0.0,0.0,553.5
2024-11-16 06:00:00,988.5,5,11,553.5,568.5,7.040047645568848,7.040047645568848,0.0,981.4599523544312
2024-11-16 07:00:00,1522.5,5,11,988.5,553.5,141.97975158691406,141.97975158691406,0.0,1380.520248413086
2024-11-16 08:00:00,2067.0,5,11,1522.5,988.5,276.6575002670288,276.6575002670288,0.0,1790.3424997329712
2024-11-16 09:00:00,2626.5,5,11,2067.0,1522.5,372.0092153549195,372.0092153549195,0.0,2254.4907846450806
2024-11-16 10:00:00,2206.5,5,11,2626.5,2067.0,381.4068603515625,381.4068603515625,0.0,1825.0931396484375
2024-11-16 11:00:00,2115.0,5,11,2206.5,2626.5,402.0358371734619,402.0358371734619,0.0,1712.964162826538
2024-11-16 12:00:00,1993.5,5,11,2115.0,2206.5,385.07423400878906,385.07423400878906,0.0,1608.425765991211
2024-11-16 13:00:00,2041.5,5,11,1993.5,2115.0,406.42358779907227,406.42358779907227,0.0,1635.0764122009277
2024-11-16 14:00:00,1917.0,5,11,2041.5,1993.5,335.2372455596924,335.2372455596924,0.0,1581.7627544403076
2024-11-16 15:00:00,2841.0,5,11,1917.0,2041.5,284.5816469192505,284.5816469192505,0.0,2556.4183530807495
2024-11-16 16:00:00,3243.0,5,11,2841.0,1917.0,160.93876361846924,160.93876361846924,0.0,3082.0612363815308
2024-11-16 17:00:00,3909.0,5,11,3243.0,2841.0,25.37691593170166,25.37691593170166,0.0,3883.6230840682983
2024-11-16 18:00:00,4432.5,5,11,3909.0,3243.0,0.0,0.0,0.0,4432.5
2024-11-16 19:00:00,4098.0,5,11,4432.5,3909.0,0.0,0.0,0.0,4098.0
2024-11-16 20:00:00,3922.5,5,11,4098.0,4432.5,0.0,0.0,0.0,3922.5
2024-11-16 21:00:00,4603.5,5,11,3922.5,4098.0,0.0,0.0,0.0,4603.5
2024-11-16 22:00:00,3820.5,5,11,4603.5,3922.5,0.0,0.0,0.0,3820.5
2024-11-16 23:00:00,3969.0,5,11,3820.5,4603.5,0.0,0.0,0.0,3969.0
2024-11-17 00:00:00,4204.5,6,11,3969.0,3820.5,0.0,0.0,0.0,4204.5
2024-11-17 01:00:00,4011.0,6,11,4204.5,3969.0,0.0,0.0,0.0,4011.0
2024-11-17 02:00:00,3949.5,6,11,4011.0,4204.5,0.0,0.0,0.0,3949.5
2024-11-17 03:00:00,3861.0,6,11,3949.5,4011.0,0.0,0.0,0.0,3861.0
2024-11-17 04:00:00,4218.0,6,11,3861.0,3949.5,0.0,0.0,0.0,4218.0
2024-11-17 05:00:00,4341.0,6,11,4218.0,3861.0,0.0,0.0,0.0,4341.0
2024-11-17 06:00:00,4107.0,6,11,4341.0,4218.0,5.468316078186035,5.468316078186035,0.0,4101.531683921814
2024-11-17 07:00:00,3841.5,6,11,4107.0,4341.0,116.83204650878906,116.83204650878906,0.0,3724.667953491211
2024-11-17 08:00:00,2689.5,6,11,3841.5,4107.0,259.2047309875488,259.2047309875488,0.0,2430.295269012451
2024-11-17 09:00:00,2487.0,6,11,2689.5,3841.5,328.9830636978149,328.9830636978149,0.0,2158.016936302185
2024-11-17 10:00:00,1902.0,6,11,2487.0,2689.5,384.4848346710205,384.4848346710205,0.0,1517.5151653289795
2024-11-17 11:00:00,1926.0,6,11,1902.0,2487.0,391.590371131897,391.590371131897,0.0,1534.409628868103
2024-11-17 12:00:00,1924.5,6,11,1926.0,1902.0,415.42829990386963,415.42829990386963,0.0,1509.0717000961304
2024-11-17 13:00:00,2902.5,6,11,1924.5,1926.0,415.6575107574463,415.6575107574463,0.0,2486.8424892425537
2024-11-17 14:00:00,2812.5,6,11,2902.5,1924.5,354.75291252136225,354.75291252136225,0.0,2457.7470874786377
2024-11-17 15:00:00,3426.0,6,11,2812.5,2902.5,254.65325832366943,254.65325832366943,0.0,3171.3467416763306
2024-11-17 16:00:00,3186.0,6,11,3426.0,2812.5,139.32745456695557,139.32745456695557,0.0,3046.6725454330444
2024-11-17 17:00:00,4041.0,6,11,3186.0,3426.0,15.553593635559082,15.553593635559082,0.0,4025.446406364441
2024-11-17 18:00:00,4224.0,6,11,4041.0,3186.0,0.0,0.0,0.0,4224.0
2024-11-17 19:00:00,4309.5,6,11,4224.0,4041.0,0.0,0.0,0.0,4309.5
2024-11-17 20:00:00,3828.0,6,11,4309.5,4224.0,0.0,0.0,0.0,3828.0
2024-11-17 21:00:00,4215.0,6,11,3828.0,4309.5,0.0,0.0,0.0,4215.0
2024-11-17 22:00:00,4401.0,6,11,4215.0,3828.0,0.0,0.0,0.0,4401.0
2024-11-17 23:00:00,4222.5,6,11,4401.0,4215.0,0.0,0.0,0.0,4222.5
2024-11-18 00:00:00,4021.5,0,11,4222.5,4401.0,0.0,0.0,0.0,4021.5
2024-11-18 01:00:00,4405.5,0,11,4021.5,4222.5,0.0,0.0,0.0,4405.5
2024-11-18 02:00:00,3654.0,0,11,4405.5,4021.5,0.0,0.0,0.0,3654.0
2024-11-18 03:00:00,3876.0,0,11,3654.0,4405.5,0.0,0.0,0.0,3876.0
2024-11-18 04:00:00,3315.0,0,11,3876.0,3654.0,0.0,0.0,0.0,3315.0
2024-11-18 05:00:00,3202.5,0,11,3315.0,3876.0,0.0,0.0,0.0,3202.5
2024-11-18 06:00:00,4155.0,0,11,3202.5,3315.0,4.944405555725098,4.944405555725098,0.0,4150.055594444275
2024-11-18 07:00:00,3283.5,0,11,4155.0,3202.5,132.38564014434814,132.38564014434814,0.0,3151.114359855652
2024-11-18 08:00:00,2287.5,0,11,3283.5,4155.0,255.2754020690918,255.2754020690918,0.0,2032.2245979309082
2024-11-18 09:00:00,2566.5,0,11,2287.5,3283.5,356.22641086578375,356.22641086578375,0.0,2210.2735891342163
2024-11-18 10:00:00,1918.5,0,11,2566.5,2287.5,415.2318334579468,415.2318334579468,0.0,1503.2681665420532
2024-11-18 11:00:00,2097.0,0,11,1918.5,2566.5,446.1752986907959,446.1752986907959,0.0,1650.824701309204
2024-11-18 12:00:00,1918.5,0,11,2097.0,1918.5,417.1310091018677,417.1310091018677,0.0,1501.3689908981323
2024-11-18 13:00:00,2485.5,0,11,1918.5,2097.0,348.5314750671387,348.5314750671387,0.0,2136.9685249328613
2024-11-18 14:00:00,3010.5,0,11,2485.5,1918.5,316.6711664199829,316.6711664199829,0.0,2693.828833580017
2024-11-18 15:00:00,2865.0,0,11,3010.5,2485.5,236.67657852172852,236.67657852172852,0.0,2628.3234214782715
2024-11-18 16:00:00,3796.5,0,11,2865.0,3010.5,78.35736751556396,78.35736751556396,0.0,3718.142632484436
2024-11-18 17:00:00,4522.5,0,11,3796.5,2865.0,5.959482192993164,5.959482192993164,0.0,4516.540517807007
2024-11-18 18:00:00,4633.5,0,11,4522.5,3796.5,0.0,0.0,0.0,4633.5
2024-11-18 19:00:00,4095.0,0,11,4633.5,4522.5,0.0,0.0,0.0,4095.0
2024-11-18 20:00:00,4165.5,0,11,4095.0,4633.5,0.0,0.0,0.0,4165.5
2024-11-18 21:00:00,4693.5,0,11,4165.5,4095.0,0.0,0.0,0.0,4693.5
2024-11-18 22:00:00,4231.5,0,11,4693.5,4165.5,0.0,0.0,0.0,4231.5
2024-11-18 23:00:00,4068.0,0,11,4231.5,4693.5,0.0,0.0,0.0,4068.0
2024-11-19 00:00:00,4239.0,1,11,4068.0,4231.5,0.0,0.0,0.0,4239.0
2024-11-19 01:00:00,4359.0,1,11,4239.0,4068.0,0.0,0.0,0.0,4359.0
2024-11-19 02:00:00,4212.0,1,11,4359.0,4239.0,0.0,0.0,0.0,4212.0
2024-11-19 03:00:00,4452.0,1,11,4212.0,4359.0,0.0,0.0,0.0,4452.0
2024-11-19 04:00:00,4203.0,1,11,4452.0,4212.0,0.0,0.0,0.0,4203.0
2024-11-19 05:00:00,4407.0,1,11,4203.0,4452.0,0.0,0.0,0.0,4407.0
2024-11-19 06:00:00,3984.0,1,11,4407.0,4203.0,1.4734983444213865,1.4734983444213865,0.0,3982.5265016555786
2024-11-19 07:00:00,3489.0,1,11,3984.0,4407.0,91.91355228424072,91.91355228424072,0.0,3397.0864477157593
2024-11-19 08:00:00,2919.0,1,11,3489.0,3984.0,174.95337009429932,174.95337009429932,0.0,2744.0466299057007
2024-11-19 09:00:00,2472.0,1,11,2919.0,3489.0,336.0558557510376,336.0558557510376,0.0,2135.9441442489624
2024-11-19 10:00:00,2235.0,1,11,2472.0,2919.0,327.08388805389404,327.08388805389404,0.0,1907.916111946106
2024-11-19 11:00:00,1756.5,1,11,2235.0,2472.0,353.1156921386719,353.1156921386719,0.0,1403.3843078613281
2024-11-19 12:00:00,1923.0,1,11,1756.5,2235.0,375.05444526672363,375.05444526672363,0.0,1547.9455547332764
2024-11-19 13:00:00,2427.0,1,11,1923.0,1756.5,343.61981391906744,343.61981391906744,0.0,2083.3801860809326
2024-11-19 14:00:00,2664.0,1,11,2427.0,1923.0,298.46527576446533,298.46527576446533,0.0,2365.5347242355347
2024-11-19 15:00:00,3285.0,1,11,2664.0,2427.0,233.66409301757812,233.66409301757812,0.0,3051.335906982422
2024-11-19 16:00:00,4105.5,1,11,3285.0,2664.0,117.97810077667236,117.97810077667236,0.0,3987.5218992233276
2024-11-19 17:00:00,4621.5,1,11,4105.5,3285.0,8.971967697143555,8.971967697143555,0.0,4612.528032302856
2024-11-19 18:00:00,4510.5,1,11,4621.5,4105.5,0.0,0.0,0.0,4510.5
2024-11-19 19:00:00,4387.5,1,11,4510.5,4621.5,0.0,0.0,0.0,4387.5
2024-11-19 20:00:00,4099.5,1,11,4387.5,4510.5,0.0,0.0,0.0,4099.5
2024-11-19 21:00:00,4038.0,1,11,4099.5,4387.5,0.0,0.0,0.0,4038.0
2024-11-19 22:00:00,3982.5,1,11,4038.0,4099.5,0.0,0.0,0.0,3982.5
2024-11-19 23:00:00,3859.5,1,11,3982.5,4038.0,0.0,0.0,0.0,3859.5
2024-11-20 00:00:00,4446.0,2,11,3859.5,3982.5,0.0,0.0,0.0,4446.0
2024-11-20 01:00:00,4228.5,2,11,4446.0,3859.5,0.0,0.0,0.0,4228.5
2024-11-20 02:00:00,4233.0,2,11,4228.5,4446.0,0.0,0.0,0.0,4233.0
2024-11-20 03:00:00,4146.0,2,11,4233.0,4228.5,0.0,0.0,0.0,4146.0
2024-11-20 04:00:00,4210.5,2,11,4146.0,4233.0,0.0,0.0,0.0,4210.5
2024-11-20 05:00:00,4413.0,2,11,4210.5,4146.0,0.0,0.0,0.0,4413.0
2024-11-20 06:00:00,3609.0,2,11,4413.0,4210.5,1.0150766372680664,1.0150766372680664,0.0,3607.984923362732
2024-11-20 07:00:00,2656.5,2,11,3609.0,4413.0,106.3210916519165,106.3210916519165,0.0,2550.1789083480835
2024-11-20 08:00:00,1746.0,2,11,2656.5,3609.0,222.4655055999756,222.4655055999756,0.0,1523.5344944000244
2024-11-20 09:00:00,1588.5,2,11,1746.0,2656.5,260.6782293319702,260.6782293319702,0.0,1327.8217706680298
2024-11-20 10:00:00,1206.0,2,11,1588.5,1746.0,310.8754062652588,310.8754062652588,0.0,895.1245937347412
2024-11-20 11:00:00,1318.5,2,11,1206.0,1588.5,311.5957832336426,311.5957832336426,0.0,1006.9042167663574
2024-11-20 12:00:00,1231.5,2,11,1318.5,1206.0,315.1976680755615,315.1976680755615,0.0,916.3023319244385
2024-11-20 13:00:00,1356.0,2,11,1231.5,1318.5,333.3708143234253,333.3708143234253,0.0,1022.6291856765747
2024-11-20 14:00:00,1846.5,2,11,1356.0,1231.5,320.30579566955566,320.30579566955566,0.0,1526.1942043304443
2024-11-20 15:00:00,1699.5,2,11,1846.5,1356.0,236.9712781906128,236.9712781906128,0.0,1462.5287218093872
2024-11-20 16:00:00,1930.5,2,11,1699.5,1846.5,118.82945537567139,118.82945537567139,0.0,1811.6705446243286
2024-11-20 17:00:00,2052.0,2,11,1930.5,1699.5,9.856066703796387,9.856066703796387,0.0,2042.1439332962036
2024-11-20 18:00:00,2271.0,2,11,2052.0,1930.5,0.0,0.0,0.0,2271.0
2024-11-20 19:00:00,2196.0,2,11,2271.0,2052.0,0.0,0.0,0.0,2196.0
2024-11-20 20:00:00,2289.0,2,11,2196.0,2271.0,0.0,0.0,0.0,2289.0
2024-11-20 21:00:00,2725.5,2,11,2289.0,2196.0,0.0,0.0,0.0,2725.5
2024-11-20 22:00:00,2769.0,2,11,2725.5,2289.0,0.0,0.0,0.0,2769.0
2024-11-20 23:00:00,2247.0,2,11,2769.0,2725.5,0.0,0.0,0.0,2247.0
2024-11-21 00:00:00,2739.0,3,11,2247.0,2769.0,0.0,0.0,0.0,2739.0
2024-11-21 01:00:00,2686.5,3,11,2739.0,2247.0,0.0,0.0,0.0,2686.5
2024-11-21 02:00:00,2667.0,3,11,2686.5,2739.0,0.0,0.0,0.0,2667.0
2024-11-21 03:00:00,2787.0,3,11,2667.0,2686.5,0.0,0.0,0.0,2787.0
2024-11-21 04:00:00,2529.0,3,11,2787.0,2667.0,0.0,0.0,0.0,2529.0
2024-11-21 05:00:00,2785.5,3,11,2529.0,2787.0,0.0,0.0,0.0,2785.5
2024-11-21 06:00:00,2787.0,3,11,2785.5,2529.0,0.9495878219604492,0.9495878219604492,0.0,2786.0504121780396
2024-11-21 07:00:00,2398.5,3,11,2787.0,2785.5,108.44947814941406,108.44947814941406,0.0,2290.050521850586
2024-11-21 08:00:00,2655.0,3,11,2398.5,2787.0,217.94677734375,217.94677734375,0.0,2437.05322265625
2024-11-21 09:00:00,2490.0,3,11,2655.0,2398.5,277.7708101272583,277.7708101272583,0.0,2212.2291898727417
2024-11-21 10:00:00,1986.0,3,11,2490.0,2655.0,403.4111022949219,403.4111022949219,0.0,1582.5888977050781
2024-11-21 11:00:00,1860.0,3,11,1986.0,2490.0,416.050443649292,416.050443649292,0.0,1443.949556350708
2024-11-21 12:00:00,1918.5,3,11,1860.0,1986.0,397.58259773254395,397.58259773254395,0.0,1520.917402267456
2024-11-21 13:00:00,2713.5,3,11,1918.5,1860.0,364.8381900787354,364.8381900787354,0.0,2348.6618099212646
2024-11-21 14:00:00,3009.0,3,11,2713.5,1918.5,325.93783378601074,325.93783378601074,0.0,2683.0621662139893
2024-11-21 15:00:00,3378.0,3,11,3009.0,2713.5,256.8143892288208,256.8143892288208,0.0,3121.185610771179
2024-11-21 16:00:00,4257.0,3,11,3378.0,3009.0,98.23322296142578,98.23322296142578,0.0,4158.766777038574
2024-11-21 17:00:00,4179.0,3,11,4257.0,3378.0,13.457951545715332,13.457951545715332,0.0,4165.542048454285
2024-11-21 18:00:00,4582.5,3,11,4179.0,4257.0,0.0,0.0,0.0,4582.5
2024-11-21 19:00:00,4330.5,3,11,4582.5,4179.0,0.0,0.0,0.0,4330.5
2024-11-21 20:00:00,4182.0,3,11,4330.5,4582.5,0.0,0.0,0.0,4182.0
2024-11-21 21:00:00,4342.5,3,11,4182.0,4330.5,0.0,0.0,0.0,4342.5
2024-11-21 22:00:00,4584.0,3,11,4342.5,4182.0,0.0,0.0,0.0,4584.0
2024-11-21 23:00:00,4342.5,3,11,4584.0,4342.5,0.0,0.0,0.0,4342.5
2024-11-22 00:00:00,4353.0,4,11,4342.5,4584.0,0.0,0.0,0.0,4353.0
2024-11-22 01:00:00,4408.5,4,11,4353.0,4342.5,0.0,0.0,0.0,4408.5
2024-11-22 02:00:00,4405.5,4,11,4408.5,4353.0,0.0,0.0,0.0,4405.5
2024-11-22 03:00:00,4108.5,4,11,4405.5,4408.5,0.0,0.0,0.0,4108.5
2024-11-22 04:00:00,4132.5,4,11,4108.5,4405.5,0.0,0.0,0.0,4132.5
2024-11-22 05:00:00,4165.5,4,11,4132.5,4108.5,0.0,0.0,0.0,4165.5
2024-11-22 06:00:00,2805.0,4,11,4165.5,4132.5,0.5893993377685547,0.5893993377685547,0.0,2804.4106006622314
2024-11-22 07:00:00,1807.5,4,11,2805.0,4165.5,107.36891269683838,107.36891269683838,0.0,1700.1310873031616
2024-11-22 08:00:00,972.0,4,11,1807.5,2805.0,231.6994285583496,231.6994285583496,0.0,740.3005714416504
2024-11-22 09:00:00,1006.5,4,11,972.0,1807.5,334.8770570755005,334.8770570755005,0.0,671.6229429244995
2024-11-22 10:00:00,1096.5,4,11,1006.5,972.0,377.18283176422113,377.18283176422113,0.0,719.3171682357788
2024-11-22 11:00:00,955.5,4,11,1096.5,1006.5,434.87847805023193,434.87847805023193,0.0,520.6215219497681
2024-11-22 12:00:00,715.5,4,11,955.5,1096.5,413.56186866760254,413.56186866760254,0.0,301.93813133239746
2024-11-22 13:00:00,1161.0,4,11,715.5,955.5,361.8911933898926,361.8911933898926,0.0,799.1088066101074
2024-11-22 14:00:00,1098.0,4,11,1161.0,715.5,338.6426639556885,338.6426639556885,0.0,759.3573360443115
2024-11-22 15:00:00,1407.0,4,11,1098.0,1161.0,213.91921520233154,213.91921520233154,0.0,1193.0807847976685
2024-11-22 16:00:00,1728.0,4,11,1407.0,1098.0,131.20684146881104,131.20684146881104,0.0,1596.793158531189
2024-11-22 17:00:00,1747.5,4,11,1728.0,1407.0,13.294229507446289,13.294229507446289,0.0,1734.2057704925537
2024-11-22 18:00:00,2049.0,4,11,1747.5,1728.0,0.0,0.0,0.0,2049.0
2024-11-22 19:00:00,2131.5,4,11,2049.0,1747.5,0.0,0.0,0.0,2131.5
2024-11-22 20:00:00,2244.0,4,11,2131.5,2049.0,0.0,0.0,0.0,2244.0
2024-11-22 21:00:00,2175.0,4,11,2244.0,2131.5,0.0,0.0,0.0,2175.0
2024-11-22 22:00:00,2071.5,4,11,2175.0,2244.0,0.0,0.0,0.0,2071.5
2024-11-22 23:00:00,1977.0,4,11,2071.5,2175.0,0.0,0.0,0.0,1977.0
2024-11-23 00:00:00,2136.0,5,11,1977.0,2071.5,0.0,0.0,0.0,2136.0
2024-11-23 01:00:00,2044.5,5,11,2136.0,1977.0,0.0,0.0,0.0,2044.5
2024-11-23 02:00:00,2068.5,5,11,2044.5,2136.0,0.0,0.0,0.0,2068.5
2024-11-23 03:00:00,1921.5,5,11,2068.5,2044.5,0.0,0.0,0.0,1921.5
2024-11-23 04:00:00,1959.0,5,11,1921.5,2068.5,0.0,0.0,0.0,1959.0
2024-11-23 05:00:00,2118.0,5,11,1959.0,1921.5,0.0,0.0,0.0,2118.0
2024-11-23 06:00:00,2664.0,5,11,2118.0,1959.0,0.0,0.0,0.0,2664.0
2024-11-23 07:00:00,2527.5,5,11,2664.0,2118.0,82.05748558044434,82.05748558044434,0.0,2445.4425144195557
2024-11-23 08:00:00,2068.5,5,11,2527.5,2664.0,189.88481998443604,189.88481998443604,0.0,1878.615180015564
2024-11-23 09:00:00,2532.0,5,11,2068.5,2527.5,142.5364065170288,142.5364065170288,0.0,2389.463593482971
2024-11-23 10:00:00,2122.5,5,11,2532.0,2068.5,210.90672969818115,210.90672969818115,0.0,1911.5932703018188
2024-11-23 11:00:00,2269.5,5,11,2122.5,2532.0,256.0285234451294,256.0285234451294,0.0,2013.4714765548706
2024-11-23 12:00:00,2053.5,5,11,2269.5,2122.5,281.79837226867676,281.79837226867676,0.0,1771.7016277313232
2024-11-23 13:00:00,3115.5,5,11,2053.5,2269.5,252.85231590270996,252.85231590270996,0.0,2862.64768409729
2024-11-23 14:00:00,2931.0,5,11,3115.5,2053.5,266.3430118560791,266.3430118560791,0.0,2664.656988143921
2024-11-23 15:00:00,3204.0,5,11,2931.0,3115.5,82.94158458709718,82.94158458709718,0.0,3121.058415412903
2024-11-23 16:00:00,4291.5,5,11,3204.0,2931.0,43.877506256103516,43.877506256103516,0.0,4247.6224937438965
2024-11-23 17:00:00,4168.5,5,11,4291.5,3204.0,3.863840103149414,3.863840103149414,0.0,4164.636159896851
2024-11-23 18:00:00,4581.0,5,11,4168.5,4291.5,0.0,0.0,0.0,4581.0
2024-11-23 19:00:00,4155.0,5,11,4581.0,4168.5,0.0,0.0,0.0,4155.0
2024-11-23 20:00:00,3922.5,5,11,4155.0,4581.0,0.0,0.0,0.0,3922.5
2024-11-23 21:00:00,4531.5,5,11,3922.5,4155.0,0.0,0.0,0.0,4531.5
2024-11-23 22:00:00,3970.5,5,11,4531.5,3922.5,0.0,0.0,0.0,3970.5
2024-11-23 23:00:00,4186.5,5,11,3970.5,4531.5,0.0,0.0,0.0,4186.5
2024-11-24 00:00:00,4608.0,6,11,4186.5,3970.5,0.0,0.0,0.0,4608.0
2024-11-24 01:00:00,4288.5,6,11,4608.0,4186.5,0.0,0.0,0.0,4288.5
2024-11-24 02:00:00,4339.5,6,11,4288.5,4608.0,0.0,0.0,0.0,4339.5
2024-11-24 03:00:00,4179.0,6,11,4339.5,4288.5,0.0,0.0,0.0,4179.0
2024-11-24 04:00:00,4279.5,6,11,4179.0,4339.5,0.0,0.0,0.0,4279.5
2024-11-24 05:00:00,4375.5,6,11,4279.5,4179.0,0.0,0.0,0.0,4375.5
2024-11-24 06:00:00,4293.0,6,11,4375.5,4279.5,0.0,0.0,0.0,4293.0
2024-11-24 07:00:00,3486.0,6,11,4293.0,4375.5,59.56207752227783,59.56207752227783,0.0,3426.437922477722
2024-11-24 08:00:00,2745.0,6,11,3486.0,4293.0,184.97315883636472,184.97315883636472,0.0,2560.0268411636353
2024-11-24 09:00:00,2883.0,6,11,2745.0,3486.0,321.9430160522461,321.9430160522461,0.0,2561.056983947754
2024-11-24 10:00:00,2824.5,6,11,2883.0,2745.0,258.84454250335693,258.84454250335693,0.0,2565.655457496643
2024-11-24 11:00:00,2529.0,6,11,2824.5,2883.0,410.0909614562988,410.0909614562988,0.0,2118.909038543701
2024-11-24 12:00:00,1870.5,6,11,2529.0,2824.5,440.4122829437256,440.4122829437256,0.0,1430.0877170562744
2024-11-24 13:00:00,2796.0,6,11,1870.5,2529.0,406.5873098373413,406.5873098373413,0.0,2389.4126901626587
2024-11-24 14:00:00,2824.5,6,11,2796.0,1870.5,347.74560928344727,347.74560928344727,0.0,2476.7543907165527
2024-11-24 15:00:00,3573.0,6,11,2824.5,2796.0,252.36114978790283,252.36114978790283,0.0,3320.638850212097
2024-11-24 16:00:00,4359.0,6,11,3573.0,2824.5,70.4987096786499,70.4987096786499,0.0,4288.50129032135
2024-11-24 17:00:00,4135.5,6,11,4359.0,3573.0,5.632038116455078,5.632038116455078,0.0,4129.867961883545
2024-11-24 18:00:00,4569.0,6,11,4135.5,4359.0,0.0,0.0,0.0,4569.0
2024-11-24 19:00:00,4179.0,6,11,4569.0,4135.5,0.0,0.0,0.0,4179.0
2024-11-24 20:00:00,4285.5,6,11,4179.0,4569.0,0.0,0.0,0.0,4285.5
2024-11-24 21:00:00,4338.0,6,11,4285.5,4179.0,0.0,0.0,0.0,4338.0
2024-11-24 22:00:00,3928.5,6,11,4338.0,4285.5,0.0,0.0,0.0,3928.5
2024-11-24 23:00:00,4318.5,6,11,3928.5,4338.0,0.0,0.0,0.0,4318.5
2024-11-25 00:00:00,4105.5,0,11,4318.5,3928.5,0.0,0.0,0.0,4105.5
2024-11-25 01:00:00,4168.5,0,11,4105.5,4318.5,0.0,0.0,0.0,4168.5
2024-11-25 02:00:00,4197.0,0,11,4168.5,4105.5,0.0,0.0,0.0,4197.0
2024-11-25 03:00:00,4405.5,0,11,4197.0,4168.5,0.0,0.0,0.0,4405.5
2024-11-25 04:00:00,4342.5,0,11,4405.5,4197.0,0.0,0.0,0.0,4342.5
2024-11-25 05:00:00,3936.0,0,11,4342.5,4405.5,0.0,0.0,0.0,3936.0
2024-11-25 06:00:00,4036.5,0,11,3936.0,4342.5,0.9823322296142578,0.9823322296142578,0.0,4035.5176677703857
2024-11-25 07:00:00,4032.0,0,11,4036.5,3936.0,116.47185802459717,116.47185802459717,0.0,3915.528141975403
2024-11-25 08:00:00,3754.5,0,11,4032.0,4036.5,247.22027778625488,247.22027778625488,0.0,3507.279722213745
2024-11-25 09:00:00,2862.0,0,11,3754.5,4032.0,338.18424224853516,338.18424224853516,0.0,2523.815757751465
2024-11-25 10:00:00,1998.0,0,11,2862.0,3754.5,306.6513776779175,306.6513776779175,0.0,1691.3486223220825
2024-11-25 11:00:00,2112.0,0,11,1998.0,2862.0,310.2205181121826,310.2205181121826,0.0,1801.7794818878174
2024-11-25 12:00:00,2679.0,0,11,2112.0,1998.0,348.98989677429205,348.98989677429205,0.0,2330.010103225708
2024-11-25 13:00:00,3063.0,0,11,2679.0,2112.0,305.34160137176514,305.34160137176514,0.0,2757.658398628235
2024-11-25 14:00:00,2989.5,0,11,3063.0,2679.0,283.23912620544434,283.23912620544434,0.0,2706.2608737945557
2024-11-25 15:00:00,3687.0,0,11,2989.5,3063.0,263.91992568969727,263.91992568969727,0.0,3423.0800743103027
2024-11-25 16:00:00,4335.0,0,11,3687.0,2989.5,141.29211902618408,141.29211902618408,0.0,4193.707880973816
2024-11-25 17:00:00,4383.0,0,11,4335.0,3687.0,16.928858757019043,16.928858757019043,0.0,4366.071141242981
2024-11-25 18:00:00,4555.5,0,11,4383.0,4335.0,0.0,0.0,0.0,4555.5
2024-11-25 19:00:00,4345.5,0,11,4555.5,4383.0,0.0,0.0,0.0,4345.5
2024-11-25 20:00:00,4132.5,0,11,4345.5,4555.5,0.0,0.0,0.0,4132.5
2024-11-25 21:00:00,3994.5,0,11,4132.5,4345.5,0.0,0.0,0.0,3994.5
2024-11-25 22:00:00,3705.0,0,11,3994.5,4132.5,0.0,0.0,0.0,3705.0
2024-11-25 23:00:00,3688.5,0,11,3705.0,3994.5,0.0,0.0,0.0,3688.5
2024-11-26 00:00:00,4465.5,1,11,3688.5,3705.0,0.0,0.0,0.0,4465.5
2024-11-26 01:00:00,4389.0,1,11,4465.5,3688.5,0.0,0.0,0.0,4389.0
2024-11-26 02:00:00,4080.0,1,11,4389.0,4465.5,0.0,0.0,0.0,4080.0
2024-11-26 03:00:00,3379.5,1,11,4080.0,4389.0,0.0,0.0,0.0,3379.5
2024-11-26 04:00:00,3589.5,1,11,3379.5,4080.0,0.0,0.0,0.0,3589.5
2024-11-26 05:00:00,4065.0,1,11,3589.5,3379.5,0.0,0.0,0.0,4065.0
2024-11-26 06:00:00,4155.0,1,11,4065.0,3589.5,0.4911661148071289,0.4911661148071289,0.0,4154.508833885193
2024-11-26 07:00:00,3235.5,1,11,4155.0,4065.0,110.70884227752686,110.70884227752686,0.0,3124.791157722473
2024-11-26 08:00:00,2646.0,1,11,3235.5,4155.0,250.6911849975586,250.6911849975586,0.0,2395.3088150024414
2024-11-26 09:00:00,2703.0,1,11,2646.0,3235.5,325.64313411712646,325.64313411712646,0.0,2377.3568658828735
2024-11-26 10:00:00,2355.0,1,11,2703.0,2646.0,350.65986156463623,350.65986156463623,0.0,2004.3401384353638
2024-11-26 11:00:00,2266.5,1,11,2355.0,2703.0,425.34985542297363,425.34985542297363,0.0,1841.1501445770264
2024-11-26 12:00:00,2562.0,1,11,2266.5,2355.0,442.86811351776123,442.86811351776123,0.0,2119.1318864822388
2024-11-26 13:00:00,2745.0,1,11,2562.0,2266.5,415.91946601867676,415.91946601867676,0.0,2329.0805339813232
2024-11-26 14:00:00,2385.0,1,11,2745.0,2562.0,359.33712959289545,359.33712959289545,0.0,2025.6628704071045
2024-11-26 15:00:00,3144.0,1,11,2385.0,2745.0,271.6476058959961,271.6476058959961,0.0,2872.352394104004
2024-11-26 16:00:00,4147.5,1,11,3144.0,2385.0,149.80566501617432,149.80566501617432,0.0,3997.6943349838257
2024-11-26 17:00:00,4459.5,1,11,4147.5,3144.0,22.233452796936035,22.233452796936035,0.0,4437.266547203064
2024-11-26 18:00:00,4237.5,1,11,4459.5,4147.5,0.0,0.0,0.0,4237.5
2024-11-26 19:00:00,4479.0,1,11,4237.5,4459.5,0.0,0.0,0.0,4479.0
2024-11-26 20:00:00,4030.5,1,11,4479.0,4237.5,0.0,0.0,0.0,4030.5
2024-11-26 21:00:00,4471.5,1,11,4030.5,4479.0,0.0,0.0,0.0,4471.5
2024-11-26 22:00:00,4120.5,1,11,4471.5,4030.5,0.0,0.0,0.0,4120.5
2024-11-26 23:00:00,4363.5,1,11,4120.5,4471.5,0.0,0.0,0.0,4363.5
2024-11-27 00:00:00,4051.5,2,11,4363.5,4120.5,0.0,0.0,0.0,4051.5
2024-11-27 01:00:00,4141.5,2,11,4051.5,4363.5,0.0,0.0,0.0,4141.5
2024-11-27 02:00:00,3915.0,2,11,4141.5,4051.5,0.0,0.0,0.0,3915.0
2024-11-27 03:00:00,4012.5,2,11,3915.0,4141.5,0.0,0.0,0.0,4012.5
2024-11-27 04:00:00,4324.5,2,11,4012.5,3915.0,0.0,0.0,0.0,4324.5
2024-11-27 05:00:00,4090.5,2,11,4324.5,4012.5,0.0,0.0,0.0,4090.5
2024-11-27 06:00:00,3786.0,2,11,4090.5,4324.5,0.5566549301147461,0.5566549301147461,0.0,3785.4433450698853
2024-11-27 07:00:00,2418.0,2,11,3786.0,4090.5,114.73640441894531,114.73640441894531,0.0,2303.2635955810547
2024-11-27 08:00:00,1876.5,2,11,2418.0,3786.0,248.56279850006104,248.56279850006104,0.0,1627.937201499939
2024-11-27 09:00:00,1695.0,2,11,1876.5,2418.0,347.7128648757935,347.7128648757935,0.0,1347.2871351242065
2024-11-27 10:00:00,1893.0,2,11,1695.0,1876.5,313.46221446990967,313.46221446990967,0.0,1579.5377855300903
2024-11-27 11:00:00,1626.0,2,11,1893.0,1695.0,400.62782764434814,400.62782764434814,0.0,1225.3721723556519
2024-11-27 12:00:00,1398.0,2,11,1626.0,1893.0,298.49802017211914,298.49802017211914,0.0,1099.5019798278809
2024-11-27 13:00:00,1525.5,2,11,1398.0,1626.0,293.7500810623169,293.7500810623169,0.0,1231.749918937683
2024-11-27 14:00:00,1470.0,2,11,1525.5,1398.0,179.53758716583252,179.53758716583252,0.0,1290.4624128341675
2024-11-27 15:00:00,1810.5,2,11,1470.0,1525.5,265.0987243652344,265.0987243652344,0.0,1545.4012756347656
2024-11-27 16:00:00,2419.5,2,11,1810.5,1470.0,141.45584106445312,141.45584106445312,0.0,2278.044158935547
2024-11-27 17:00:00,2470.5,2,11,2419.5,1810.5,16.699647903442383,16.699647903442383,0.0,2453.8003520965576
2024-11-27 18:00:00,2262.0,2,11,2470.5,2419.5,0.0,0.0,0.0,2262.0
2024-11-27 19:00:00,2745.0,2,11,2262.0,2470.5,0.0,0.0,0.0,2745.0
2024-11-27 20:00:00,2811.0,2,11,2745.0,2262.0,0.0,0.0,0.0,2811.0
2024-11-27 21:00:00,2784.0,2,11,2811.0,2745.0,0.0,0.0,0.0,2784.0
2024-11-27 22:00:00,2842.5,2,11,2784.0,2811.0,0.0,0.0,0.0,2842.5
2024-11-27 23:00:00,2827.5,2,11,2842.5,2784.0,0.0,0.0,0.0,2827.5
2024-11-28 00:00:00,2886.0,3,11,2827.5,2842.5,0.0,0.0,0.0,2886.0
2024-11-28 01:00:00,2910.0,3,11,2886.0,2827.5,0.0,0.0,0.0,2910.0
2024-11-28 02:00:00,2604.0,3,11,2910.0,2886.0,0.0,0.0,0.0,2604.0
2024-11-28 03:00:00,2314.5,3,11,2604.0,2910.0,0.0,0.0,0.0,2314.5
2024-11-28 04:00:00,2370.0,3,11,2314.5,2604.0,0.0,0.0,0.0,2370.0
2024-11-28 05:00:00,2580.0,3,11,2370.0,2314.5,0.0,0.0,0.0,2580.0
2024-11-28 06:00:00,2793.0,3,11,2580.0,2370.0,0.0,0.0,0.0,2793.0
2024-11-28 07:00:00,1480.5,3,11,2793.0,2580.0,112.14959621429443,112.14959621429443,0.0,1368.3504037857056
2024-11-28 08:00:00,1204.5,3,11,1480.5,2793.0,248.36633205413818,248.36633205413818,0.0,956.1336679458618
2024-11-28 09:00:00,1089.0,3,11,1204.5,1480.5,347.4181652069092,347.4181652069092,0.0,741.5818347930908
2024-11-28 10:00:00,910.5,3,11,1089.0,1204.5,410.3201723098755,410.3201723098755,0.0,500.1798276901245
2024-11-28 11:00:00,978.0,3,11,910.5,1089.0,444.2106342315674,444.2106342315674,0.0,533.7893657684326
2024-11-28 12:00:00,945.0,3,11,978.0,910.5,446.73195362091064,446.73195362091064,0.0,498.26804637908936
2024-11-28 13:00:00,1017.0,3,11,945.0,978.0,416.7708206176758,416.7708206176758,0.0,600.2291793823242
2024-11-28 14:00:00,1087.5,3,11,1017.0,945.0,358.7149858474731,358.7149858474731,0.0,728.7850141525269
2024-11-28 15:00:00,1531.5,3,11,1087.5,1017.0,268.83158683776855,268.83158683776855,0.0,1262.6684131622314
2024-11-28 16:00:00,1644.0,3,11,1531.5,1087.5,145.5161476135254,145.5161476135254,0.0,1498.4838523864746
2024-11-28 17:00:00,1963.5,3,11,1644.0,1531.5,20.00683307647705,20.00683307647705,0.0,1943.493166923523
2024-11-28 18:00:00,2154.0,3,11,1963.5,1644.0,0.0,0.0,0.0,2154.0
2024-11-28 19:00:00,2164.5,3,11,2154.0,1963.5,0.0,0.0,0.0,2164.5
2024-11-28 20:00:00,1855.5,3,11,2164.5,2154.0,0.0,0.0,0.0,1855.5
2024-11-28 21:00:00,2293.5,3,11,1855.5,2164.5,0.0,0.0,0.0,2293.5
2024-11-28 22:00:00,1840.5,3,11,2293.5,1855.5,0.0,0.0,0.0,1840.5
2024-11-28 23:00:00,1909.5,3,11,1840.5,2293.5,0.0,0.0,0.0,1909.5
2024-11-29 00:00:00,2044.5,4,11,1909.5,1840.5,0.0,0.0,0.0,2044.5
2024-11-29 01:00:00,2134.5,4,11,2044.5,1909.5,0.0,0.0,0.0,2134.5
2024-11-29 02:00:00,2202.0,4,11,2134.5,2044.5,0.0,0.0,0.0,2202.0
2024-11-29 03:00:00,2100.0,4,11,2202.0,2134.5,0.0,0.0,0.0,2100.0
2024-11-29 04:00:00,1900.5,4,11,2100.0,2202.0,0.0,0.0,0.0,1900.5
2024-11-29 05:00:00,1873.5,4,11,1900.5,2100.0,0.0,0.0,0.0,1873.5
2024-11-29 06:00:00,2028.0,4,11,1873.5,1900.5,0.5893993377685547,0.5893993377685547,0.0,2027.4106006622314
2024-11-29 07:00:00,1578.0,4,11,2028.0,1873.5,120.20472049713135,120.20472049713135,0.0,1457.7952795028687
2024-11-29 08:00:00,1633.5,4,11,1578.0,2028.0,258.2551431655884,258.2551431655884,0.0,1375.2448568344116
2024-11-29 09:00:00,1347.0,4,11,1633.5,1578.0,358.38754177093506,358.38754177093506,0.0,988.6124582290649
2024-11-29 10:00:00,852.0,4,11,1347.0,1633.5,426.23395442962646,426.23395442962646,0.0,425.76604557037354
2024-11-29 11:00:00,1066.5,4,11,852.0,1347.0,458.814640045166,458.814640045166,0.0,607.685359954834
2024-11-29 12:00:00,681.0,4,11,1066.5,852.0,460.77930450439453,460.77930450439453,0.0,220.22069549560547
2024-11-29 13:00:00,1033.5,4,11,681.0,1066.5,430.2287721633911,430.2287721633911,0.0,603.2712278366089
2024-11-29 14:00:00,934.5,4,11,1033.5,681.0,368.7020301818847,368.7020301818847,0.0,565.7979698181152
2024-11-29 15:00:00,1338.0,4,11,934.5,1033.5,277.312388420105,277.312388420105,0.0,1060.687611579895
2024-11-29 16:00:00,1932.0,4,11,1338.0,934.5,153.2110834121704,153.2110834121704,0.0,1778.7889165878296
2024-11-29 17:00:00,2028.0,4,11,1932.0,1338.0,23.084807395935055,23.084807395935055,0.0,2004.915192604065
2024-11-29 18:00:00,2259.0,4,11,2028.0,1932.0,0.0,0.0,0.0,2259.0
2024-11-29 19:00:00,2145.0,4,11,2259.0,2028.0,0.0,0.0,0.0,2145.0
2024-11-29 20:00:00,2125.5,4,11,2145.0,2259.0,0.0,0.0,0.0,2125.5
2024-11-29 21:00:00,2175.0,4,11,2125.5,2145.0,0.0,0.0,0.0,2175.0
2024-11-29 22:00:00,1803.0,4,11,2175.0,2125.5,0.0,0.0,0.0,1803.0
2024-11-29 23:00:00,1966.5,4,11,1803.0,2175.0,0.0,0.0,0.0,1966.5
2024-11-30 00:00:00,2184.0,5,11,1966.5,1803.0,0.0,0.0,0.0,2184.0
2024-11-30 01:00:00,2233.5,5,11,2184.0,1966.5,0.0,0.0,0.0,2233.5
2024-11-30 02:00:00,2182.5,5,11,2233.5,2184.0,0.0,0.0,0.0,2182.5
2024-11-30 03:00:00,1807.5,5,11,2182.5,2233.5,0.0,0.0,0.0,1807.5
2024-11-30 04:00:00,2281.5,5,11,1807.5,2182.5,0.0,0.0,0.0,2281.5
2024-11-30 05:00:00,2050.5,5,11,2281.5,1807.5,0.0,0.0,0.0,2050.5
2024-11-30 06:00:00,2736.0,5,11,2050.5,2281.5,0.0,0.0,0.0,2736.0
2024-11-30 07:00:00,3112.5,5,11,2736.0,2050.5,95.71190357208252,95.71190357208252,0.0,3016.7880964279175
2024-11-30 08:00:00,2514.0,5,11,3112.5,2736.0,204.03040409088135,204.03040409088135,0.0,2309.9695959091187
2024-11-30 09:00:00,2143.5,5,11,2514.0,3112.5,307.928409576416,307.928409576416,0.0,1835.571590423584
2024-11-30 10:00:00,2091.0,5,11,2143.5,2514.0,355.5715227127076,355.5715227127076,0.0,1735.4284772872925
2024-11-30 11:00:00,2047.5,5,11,2091.0,2143.5,353.9670467376709,353.9670467376709,0.0,1693.532953262329
2024-11-30 12:00:00,2032.5,5,11,2047.5,2091.0,398.8596296310425,398.8596296310425,0.0,1633.6403703689575
2024-11-30 13:00:00,2550.0,5,11,2032.5,2047.5,364.44525718688965,364.44525718688965,0.0,2185.5547428131104
2024-11-30 14:00:00,2970.0,5,11,2550.0,2032.5,316.1800003051758,316.1800003051758,0.0,2653.819999694824
2024-11-30 15:00:00,3256.5,5,11,2970.0,2550.0,233.00920486450195,233.00920486450195,0.0,3023.490795135498
2024-11-30 16:00:00,4033.5,5,11,3256.5,2970.0,135.2671480178833,135.2671480178833,0.0,3898.2328519821167
2024-11-30 17:00:00,4698.0,5,11,4033.5,3256.5,18.009424209594727,18.009424209594727,0.0,4679.990575790405
2024-11-30 18:00:00,4342.5,5,11,4698.0,4033.5,0.0,0.0,0.0,4342.5
2024-11-30 19:00:00,4347.0,5,11,4342.5,4698.0,0.0,0.0,0.0,4347.0
2024-11-30 20:00:00,4482.0,5,11,4347.0,4342.5,0.0,0.0,0.0,4482.0
2024-11-30 21:00:00,3685.5,5,11,4482.0,4347.0,0.0,0.0,0.0,3685.5
2024-11-30 22:00:00,4008.0,5,11,3685.5,4482.0,0.0,0.0,0.0,4008.0
2024-11-30 23:00:00,4582.5,5,11,4008.0,3685.5,0.0,0.0,0.0,4582.5
2024-12-01 00:00:00,4579.5,6,12,4582.5,4008.0,0.0,0.0,0.0,4579.5
2024-12-01 01:00:00,3816.0,6,12,4579.5,4582.5,0.0,0.0,0.0,3816.0
2024-12-01 02:00:00,4179.0,6,12,3816.0,4579.5,0.0,0.0,0.0,4179.0
2024-12-01 03:00:00,4230.0,6,12,4179.0,3816.0,0.0,0.0,0.0,4230.0
2024-12-01 04:00:00,4537.5,6,12,4230.0,4179.0,0.0,0.0,0.0,4537.5
2024-12-01 05:00:00,4644.0,6,12,4537.5,4230.0,0.0,0.0,0.0,4644.0
2024-12-01 06:00:00,4318.5,6,12,4644.0,4537.5,0.0,0.0,0.0,4318.5
2024-12-01 07:00:00,3843.0,6,12,4318.5,4644.0,96.95619106292725,96.95619106292725,0.0,3746.0438089370728
2024-12-01 08:00:00,2772.0,6,12,3843.0,4318.5,212.2165060043335,212.2165060043335,0.0,2559.7834939956665
2024-12-01 09:00:00,2709.0,6,12,2772.0,3843.0,327.70603179931635,327.70603179931635,0.0,2381.2939682006836
2024-12-01 10:00:00,2307.0,6,12,2709.0,2772.0,375.7420778274536,375.7420778274536,0.0,1931.2579221725464
2024-12-01 11:00:00,1996.5,6,12,2307.0,2709.0,405.3430223464966,405.3430223464966,0.0,1591.1569776535034
2024-12-01 12:00:00,1984.5,6,12,1996.5,2307.0,401.34820461273193,401.34820461273193,0.0,1583.151795387268
2024-12-01 13:00:00,2538.0,6,12,1984.5,1996.5,365.8860111236572,365.8860111236572,0.0,2172.113988876343
2024-12-01 14:00:00,2845.5,6,12,2538.0,1984.5,335.139012336731,335.139012336731,0.0,2510.360987663269
2024-12-01 15:00:00,3213.0,6,12,2845.5,2538.0,265.1314687728882,265.1314687728882,0.0,2947.868531227112
2024-12-01 16:00:00,3928.5,6,12,3213.0,2845.5,141.97975158691406,141.97975158691406,0.0,3786.520248413086
2024-12-01 17:00:00,3945.0,6,12,3928.5,3213.0,17.9111909866333,17.9111909866333,0.0,3927.0888090133667
2024-12-01 18:00:00,4227.0,6,12,3945.0,3928.5,0.0,0.0,0.0,4227.0
2024-12-01 19:00:00,4416.0,6,12,4227.0,3945.0,0.0,0.0,0.0,4416.0
2024-12-01 20:00:00,4395.0,6,12,4416.0,4227.0,0.0,0.0,0.0,4395.0
2024-12-01 21:00:00,4287.0,6,12,4395.0,4416.0,0.0,0.0,0.0,4287.0
2024-12-01 22:00:00,4809.0,6,12,4287.0,4395.0,0.0,0.0,0.0,4809.0
2024-12-01 23:00:00,4059.0,6,12,4809.0,4287.0,0.0,0.0,0.0,4059.0
2024-12-02 00:00:00,4353.0,0,12,4059.0,4809.0,0.0,0.0,0.0,4353.0
2024-12-02 01:00:00,4743.0,0,12,4353.0,4059.0,0.0,0.0,0.0,4743.0
2024-12-02 02:00:00,3987.0,0,12,4743.0,4353.0,0.0,0.0,0.0,3987.0
2024-12-02 03:00:00,4132.5,0,12,3987.0,4743.0,0.0,0.0,0.0,4132.5
2024-12-02 04:00:00,4401.0,0,12,4132.5,3987.0,0.0,0.0,0.0,4401.0
2024-12-02 05:00:00,4509.0,0,12,4401.0,4132.5,0.0,0.0,0.0,4509.0
2024-12-02 06:00:00,3966.0,0,12,4509.0,4401.0,0.0,0.0,0.0,3966.0
2024-12-02 07:00:00,3475.5,0,12,3966.0,4509.0,108.38398933410645,108.38398933410645,0.0,3367.1160106658936
2024-12-02 08:00:00,2920.5,0,12,3475.5,3966.0,243.1272268295288,243.1272268295288,0.0,2677.372773170471
2024-12-02 09:00:00,2850.0,0,12,2920.5,3475.5,347.51639842987055,347.51639842987055,0.0,2502.4836015701294
2024-12-02 10:00:00,2490.0,0,12,2850.0,2920.5,413.8893127441406,413.8893127441406,0.0,2076.1106872558594
2024-12-02 11:00:00,1953.0,0,12,2490.0,2850.0,447.51781940460205,447.51781940460205,0.0,1505.482180595398
2024-12-02 12:00:00,2409.0,0,12,1953.0,2490.0,449.05680656433105,449.05680656433105,0.0,1959.943193435669
2024-12-02 13:00:00,2659.5,0,12,2409.0,1953.0,418.14608573913574,418.14608573913574,0.0,2241.3539142608643
2024-12-02 14:00:00,2820.0,0,12,2659.5,2409.0,360.4831838607788,360.4831838607788,0.0,2459.516816139221
2024-12-02 15:00:00,3226.5,0,12,2820.0,2659.5,217.29188919067383,217.29188919067383,0.0,3009.208110809326
2024-12-02 16:00:00,4008.0,0,12,3226.5,2820.0,107.40165710449219,107.40165710449219,0.0,3900.598342895508
2024-12-02 17:00:00,4083.0,0,12,4008.0,3226.5,6.679859161376953,6.679859161376953,0.0,4076.320140838623
2024-12-02 18:00:00,4767.0,0,12,4083.0,4008.0,0.0,0.0,0.0,4767.0
2024-12-02 19:00:00,4449.0,0,12,4767.0,4083.0,0.0,0.0,0.0,4449.0
2024-12-02 20:00:00,3939.0,0,12,4449.0,4767.0,0.0,0.0,0.0,3939.0
2024-12-02 21:00:00,4474.5,0,12,3939.0,4449.0,0.0,0.0,0.0,4474.5
2024-12-02 22:00:00,3769.5,0,12,4474.5,3939.0,0.0,0.0,0.0,3769.5
2024-12-02 23:00:00,4326.0,0,12,3769.5,4474.5,0.0,0.0,0.0,4326.0
2024-12-03 00:00:00,4497.0,1,12,4326.0,3769.5,0.0,0.0,0.0,4497.0
2024-12-03 01:00:00,4675.5,1,12,4497.0,4326.0,0.0,0.0,0.0,4675.5
2024-12-03 02:00:00,4233.0,1,12,4675.5,4497.0,0.0,0.0,0.0,4233.0
2024-12-03 03:00:00,4174.5,1,12,4233.0,4675.5,0.0,0.0,0.0,4174.5
2024-12-03 04:00:00,4587.0,1,12,4174.5,4233.0,0.0,0.0,0.0,4587.0
2024-12-03 05:00:00,4272.0,1,12,4587.0,4174.5,0.0,0.0,0.0,4272.0
2024-12-03 06:00:00,4242.0,1,12,4272.0,4587.0,0.0,0.0,0.0,4242.0
2024-12-03 07:00:00,3178.5,1,12,4242.0,4272.0,105.43699264526367,105.43699264526367,0.0,3073.0630073547363
2024-12-03 08:00:00,3048.0,1,12,3178.5,4242.0,246.23794555664062,246.23794555664062,0.0,2801.7620544433594
2024-12-03 09:00:00,2808.0,1,12,3048.0,3178.5,293.52087020874023,293.52087020874023,0.0,2514.4791297912598
2024-12-03 10:00:00,2275.5,1,12,2808.0,3048.0,368.4400749206543,368.4400749206543,0.0,1907.0599250793457
2024-12-03 11:00:00,2155.5,1,12,2275.5,2808.0,399.54726219177246,399.54726219177246,0.0,1755.9527378082275
2024-12-03 12:00:00,2400.0,1,12,2155.5,2275.5,397.58259773254395,397.58259773254395,0.0,2002.417402267456
2024-12-03 13:00:00,1806.0,1,12,2400.0,2155.5,336.38329982757574,336.38329982757574,0.0,1469.6167001724243
2024-12-03 14:00:00,2650.5,1,12,1806.0,2400.0,323.9404249191284,323.9404249191284,0.0,2326.5595750808716
2024-12-03 15:00:00,3027.0,1,12,2650.5,1806.0,247.74418830871582,247.74418830871582,0.0,2779.255811691284
2024-12-03 16:00:00,3682.5,1,12,3027.0,2650.5,138.14865589141846,138.14865589141846,0.0,3544.3513441085815
2024-12-03 17:00:00,3753.0,1,12,3682.5,3027.0,8.317079544067383,8.317079544067383,0.0,3744.6829204559326
2024-12-03 18:00:00,3898.5,1,12,3753.0,3682.5,0.0,0.0,0.0,3898.5
2024-12-03 19:00:00,4363.5,1,12,3898.5,3753.0,0.0,0.0,0.0,4363.5
2024-12-03 20:00:00,4363.5,1,12,4363.5,3898.5,0.0,0.0,0.0,4363.5
2024-12-03 21:00:00,4723.5,1,12,4363.5,4363.5,0.0,0.0,0.0,4723.5
2024-12-03 22:00:00,4231.5,1,12,4723.5,4363.5,0.0,0.0,0.0,4231.5
2024-12-03 23:00:00,4086.0,1,12,4231.5,4723.5,0.0,0.0,0.0,4086.0
2024-12-04 00:00:00,4111.5,2,12,4086.0,4231.5,0.0,0.0,0.0,4111.5
2024-12-04 01:00:00,4315.5,2,12,4111.5,4086.0,0.0,0.0,0.0,4315.5
2024-12-04 02:00:00,4555.5,2,12,4315.5,4111.5,0.0,0.0,0.0,4555.5
2024-12-04 03:00:00,4219.5,2,12,4555.5,4315.5,0.0,0.0,0.0,4219.5
2024-12-04 04:00:00,4215.0,2,12,4219.5,4555.5,0.0,0.0,0.0,4215.0
2024-12-04 05:00:00,3975.0,2,12,4215.0,4219.5,0.0,0.0,0.0,3975.0
2024-12-04 06:00:00,4006.5,2,12,3975.0,4215.0,0.0,0.0,0.0,4006.5
2024-12-04 07:00:00,3402.0,2,12,4006.5,3975.0,23.37950706481934,23.37950706481934,0.0,3378.6204929351807
2024-12-04 08:00:00,2515.5,2,12,3402.0,4006.5,10.44546604156494,10.44546604156494,0.0,2505.054533958435
2024-12-04 09:00:00,2373.0,2,12,2515.5,3402.0,149.87115383148193,149.87115383148193,0.0,2223.128846168518
2024-12-04 10:00:00,2016.0,2,12,2373.0,2515.5,85.3319263458252,85.3319263458252,0.0,1930.6680736541748
2024-12-04 11:00:00,2455.5,2,12,2016.0,2373.0,99.31378841400146,99.31378841400146,0.0,2356.1862115859985
2024-12-04 12:00:00,2071.5,2,12,2455.5,2016.0,159.92368698120117,159.92368698120117,0.0,1911.5763130187988
2024-12-04 13:00:00,2766.0,2,12,2071.5,2455.5,141.09565258026123,141.09565258026123,0.0,2624.9043474197388
2024-12-04 14:00:00,2634.0,2,12,2766.0,2071.5,27.538046836853027,27.538046836853027,0.0,2606.461953163147
2024-12-04 15:00:00,2421.0,2,12,2634.0,2766.0,13.359718322753906,13.359718322753906,0.0,2407.640281677246
2024-12-04 16:00:00,2854.5,2,12,2421.0,2634.0,6.352415084838867,6.352415084838867,0.0,2848.147584915161
2024-12-04 17:00:00,3255.0,2,12,2854.5,2421.0,0.0,0.0,0.0,3255.0
2024-12-04 18:00:00,3475.5,2,12,3255.0,2854.5,0.0,0.0,0.0,3475.5
2024-12-04 19:00:00,3343.5,2,12,3475.5,3255.0,0.0,0.0,0.0,3343.5
2024-12-04 20:00:00,3409.5,2,12,3343.5,3475.5,0.0,0.0,0.0,3409.5
2024-12-04 21:00:00,3805.5,2,12,3409.5,3343.5,0.0,0.0,0.0,3805.5
2024-12-04 22:00:00,4042.5,2,12,3805.5,3409.5,0.0,0.0,0.0,4042.5
2024-12-04 23:00:00,4080.0,2,12,4042.5,3805.5,0.0,0.0,0.0,4080.0
2024-12-05 00:00:00,3879.0,3,12,4080.0,4042.5,0.0,0.0,0.0,3879.0
2024-12-05 01:00:00,3570.0,3,12,3879.0,4080.0,0.0,0.0,0.0,3570.0
2024-12-05 02:00:00,3955.5,3,12,3570.0,3879.0,0.0,0.0,0.0,3955.5
2024-12-05 03:00:00,3805.5,3,12,3955.5,3570.0,0.0,0.0,0.0,3805.5
2024-12-05 04:00:00,3655.5,3,12,3805.5,3955.5,0.0,0.0,0.0,3655.5
2024-12-05 05:00:00,3444.0,3,12,3655.5,3805.5,0.0,0.0,0.0,3444.0
2024-12-05 06:00:00,2745.0,3,12,3444.0,3655.5,0.0,0.0,0.0,2745.0
2024-12-05 07:00:00,1074.0,3,12,2745.0,3444.0,102.94841766357422,102.94841766357422,0.0,971.0515823364258
2024-12-05 08:00:00,67.5,3,12,1074.0,2745.0,237.85537719726562,67.5,170.35537719726562,0.0
2024-12-05 09:00:00,19.5,3,12,67.5,1074.0,336.5470218658447,19.5,317.0470218658447,0.0
2024-12-05 10:00:00,15.0,3,12,19.5,67.5,402.8217029571533,15.0,387.8217029571533,0.0
2024-12-05 11:00:00,15.0,3,12,15.0,19.5,434.7802448272705,15.0,419.7802448272705,0.0
2024-12-05 12:00:00,3.0,3,12,15.0,15.0,435.8935546875,3.0,432.8935546875,0.0
2024-12-05 13:00:00,12.0,3,12,3.0,15.0,278.75314235687256,12.0,266.75314235687256,0.0
2024-12-05 14:00:00,9.0,3,12,12.0,3.0,340.7383060455322,9.0,331.7383060455322,0.0
2024-12-05 15:00:00,16.5,3,12,9.0,12.0,250.78941822052002,16.5,234.28941822052002,0.0
2024-12-05 16:00:00,66.0,3,12,16.5,9.0,131.1086082458496,66.0,65.10860824584961,0.0
2024-12-05 17:00:00,306.0,3,12,66.0,16.5,13.359718322753906,13.359718322753906,0.0,292.6402816772461
2024-12-05 18:00:00,340.5,3,12,306.0,66.0,0.0,0.0,0.0,340.5
2024-12-05 19:00:00,339.0,3,12,340.5,306.0,0.0,0.0,0.0,339.0
2024-12-05 20:00:00,442.5,3,12,339.0,340.5,0.0,0.0,0.0,442.5
2024-12-05 21:00:00,429.0,3,12,442.5,339.0,0.0,0.0,0.0,429.0
2024-12-05 22:00:00,525.0,3,12,429.0,442.5,0.0,0.0,0.0,525.0
2024-12-05 23:00:00,598.5,3,12,525.0,429.0,0.0,0.0,0.0,598.5
2024-12-06 00:00:00,444.0,4,12,598.5,525.0,0.0,0.0,0.0,444.0
2024-12-06 01:00:00,355.5,4,12,444.0,598.5,0.0,0.0,0.0,355.5
2024-12-06 02:00:00,424.5,4,12,355.5,444.0,0.0,0.0,0.0,424.5
2024-12-06 03:00:00,514.5,4,12,424.5,355.5,0.0,0.0,0.0,514.5
2024-12-06 04:00:00,633.0,4,12,514.5,424.5,0.0,0.0,0.0,633.0
2024-12-06 05:00:00,516.0,4,12,633.0,514.5,0.0,0.0,0.0,516.0
2024-12-06 06:00:00,1129.5,4,12,516.0,633.0,0.0,0.0,0.0,1129.5
2024-12-06 07:00:00,1552.5,4,12,1129.5,516.0,106.87774658203125,106.87774658203125,0.0,1445.6222534179688
2024-12-06 08:00:00,2269.5,4,12,1552.5,1129.5,241.6209840774536,241.6209840774536,0.0,2027.8790159225464
2024-12-06 09:00:00,2175.0,4,12,2269.5,1552.5,336.841721534729,336.841721534729,0.0,1838.158278465271
2024-12-06 10:00:00,2209.5,4,12,2175.0,2269.5,397.7135753631592,397.7135753631592,0.0,1811.7864246368408
2024-12-06 11:00:00,2263.5,4,12,2209.5,2175.0,430.8509159088135,430.8509159088135,0.0,1832.6490840911865
2024-12-06 12:00:00,1833.0,4,12,2263.5,2209.5,429.901328086853,429.901328086853,0.0,1403.098671913147
2024-12-06 13:00:00,2712.0,4,12,1833.0,2263.5,357.6016759872437,357.6016759872437,0.0,2354.3983240127563
2024-12-06 14:00:00,2799.0,4,12,2712.0,1833.0,213.7554931640625,213.7554931640625,0.0,2585.2445068359375
2024-12-06 15:00:00,2848.5,4,12,2799.0,2712.0,251.34607315063477,251.34607315063477,0.0,2597.1539268493652
2024-12-06 16:00:00,3669.0,4,12,2848.5,2799.0,91.4223861694336,91.4223861694336,0.0,3577.5776138305664
2024-12-06 17:00:00,4335.0,4,12,3669.0,2848.5,17.125325202941895,17.125325202941895,0.0,4317.874674797058
2024-12-06 18:00:00,4090.5,4,12,4335.0,3669.0,0.0,0.0,0.0,4090.5
2024-12-06 19:00:00,3988.5,4,12,4090.5,4335.0,0.0,0.0,0.0,3988.5
2024-12-06 20:00:00,4092.0,4,12,3988.5,4090.5,0.0,0.0,0.0,4092.0
2024-12-06 21:00:00,4150.5,4,12,4092.0,3988.5,0.0,0.0,0.0,4150.5
2024-12-06 22:00:00,3687.0,4,12,4150.5,4092.0,0.0,0.0,0.0,3687.0
2024-12-06 23:00:00,3982.5,4,12,3687.0,4150.5,0.0,0.0,0.0,3982.5
2024-12-07 00:00:00,3747.0,5,12,3982.5,3687.0,0.0,0.0,0.0,3747.0
2024-12-07 01:00:00,4143.0,5,12,3747.0,3982.5,0.0,0.0,0.0,4143.0
2024-12-07 02:00:00,3768.0,5,12,4143.0,3747.0,0.0,0.0,0.0,3768.0
2024-12-07 03:00:00,3774.0,5,12,3768.0,4143.0,0.0,0.0,0.0,3774.0
2024-12-07 04:00:00,4372.5,5,12,3774.0,3768.0,0.0,0.0,0.0,4372.5
2024-12-07 05:00:00,4440.0,5,12,4372.5,3774.0,0.0,0.0,0.0,4440.0
2024-12-07 06:00:00,4387.5,5,12,4440.0,4372.5,0.0,0.0,0.0,4387.5
2024-12-07 07:00:00,3669.0,5,12,4387.5,4440.0,101.27845287322998,101.27845287322998,0.0,3567.72154712677
2024-12-07 08:00:00,2148.0,5,12,3669.0,4387.5,235.00661373138428,235.00661373138428,0.0,1912.9933862686157
2024-12-07 09:00:00,913.5,5,12,2148.0,3669.0,328.95031929016113,328.95031929016113,0.0,584.5496807098389
2024-12-07 10:00:00,2217.0,5,12,913.5,2148.0,386.7114543914795,386.7114543914795,0.0,1830.2885456085205
2024-12-07 11:00:00,2722.5,5,12,2217.0,913.5,421.68248176574707,421.68248176574707,0.0,2300.817518234253
2024-12-07 12:00:00,2439.0,5,12,2722.5,2217.0,414.1512680053711,414.1512680053711,0.0,2024.848731994629
2024-12-07 13:00:00,2842.5,5,12,2439.0,2722.5,375.9057998657226,375.9057998657226,0.0,2466.5942001342773
2024-12-07 14:00:00,2308.5,5,12,2842.5,2439.0,296.4351224899292,296.4351224899292,0.0,2012.0648775100708
2024-12-07 15:00:00,3652.5,5,12,2308.5,2842.5,205.0454807281494,205.0454807281494,0.0,3447.4545192718506
2024-12-07 16:00:00,4342.5,5,12,3652.5,2308.5,93.747239112854,93.747239112854,0.0,4248.752760887146
2024-12-07 17:00:00,4521.0,5,12,4342.5,3652.5,12.606596946716309,12.606596946716309,0.0,4508.393403053284
2024-12-07 18:00:00,4131.0,5,12,4521.0,4342.5,0.0,0.0,0.0,4131.0
2024-12-07 19:00:00,4387.5,5,12,4131.0,4521.0,0.0,0.0,0.0,4387.5
2024-12-07 20:00:00,4254.0,5,12,4387.5,4131.0,0.0,0.0,0.0,4254.0
2024-12-07 21:00:00,4522.5,5,12,4254.0,4387.5,0.0,0.0,0.0,4522.5
2024-12-07 22:00:00,4024.5,5,12,4522.5,4254.0,0.0,0.0,0.0,4024.5
2024-12-07 23:00:00,3694.5,5,12,4024.5,4522.5,0.0,0.0,0.0,3694.5
2024-12-08 00:00:00,4449.0,6,12,3694.5,4024.5,0.0,0.0,0.0,4449.0
2024-12-08 01:00:00,4135.5,6,12,4449.0,3694.5,0.0,0.0,0.0,4135.5
2024-12-08 02:00:00,3652.5,6,12,4135.5,4449.0,0.0,0.0,0.0,3652.5
2024-12-08 03:00:00,4204.5,6,12,3652.5,4135.5,0.0,0.0,0.0,4204.5
2024-12-08 04:00:00,4333.5,6,12,4204.5,3652.5,0.0,0.0,0.0,4333.5
2024-12-08 05:00:00,4027.5,6,12,4333.5,4204.5,0.0,0.0,0.0,4027.5
2024-12-08 06:00:00,3834.0,6,12,4027.5,4333.5,0.0,0.0,0.0,3834.0
2024-12-08 07:00:00,2833.5,6,12,3834.0,4027.5,93.87821674346924,93.87821674346924,0.0,2739.6217832565308
2024-12-08 08:00:00,1857.0,6,12,2833.5,3834.0,223.44783782958984,223.44783782958984,0.0,1633.5521621704102
2024-12-08 09:00:00,1917.0,6,12,1857.0,2833.5,322.95809268951416,322.95809268951416,0.0,1594.0419073104858
2024-12-08 10:00:00,1689.0,6,12,1917.0,1857.0,358.9769411087036,358.9769411087036,0.0,1330.0230588912964
2024-12-08 11:00:00,1351.5,6,12,1689.0,1917.0,205.20920276641846,205.20920276641846,0.0,1146.2907972335815
2024-12-08 12:00:00,1209.0,6,12,1351.5,1689.0,299.9715185165405,299.9715185165405,0.0,909.0284814834595
2024-12-08 13:00:00,1380.0,6,12,1209.0,1351.5,396.04361057281494,396.04361057281494,0.0,983.9563894271851
2024-12-08 14:00:00,1750.5,6,12,1380.0,1209.0,305.1451349258423,305.1451349258423,0.0,1445.3548650741577
2024-12-08 15:00:00,1794.0,6,12,1750.5,1380.0,254.75149154663086,254.75149154663086,0.0,1539.2485084533691
2024-12-08 16:00:00,2446.5,6,12,1794.0,1750.5,133.53169441223145,133.53169441223145,0.0,2312.9683055877686
2024-12-08 17:00:00,2805.0,6,12,2446.5,1794.0,14.66949462890625,14.66949462890625,0.0,2790.3305053710938
2024-12-08 18:00:00,2896.5,6,12,2805.0,2446.5,0.0,0.0,0.0,2896.5
2024-12-08 19:00:00,2920.5,6,12,2896.5,2805.0,0.0,0.0,0.0,2920.5
2024-12-08 20:00:00,3226.5,6,12,2920.5,2896.5,0.0,0.0,0.0,3226.5
2024-12-08 21:00:00,4284.0,6,12,3226.5,2920.5,0.0,0.0,0.0,4284.0
2024-12-08 22:00:00,3849.0,6,12,4284.0,3226.5,0.0,0.0,0.0,3849.0
2024-12-08 23:00:00,4305.0,6,12,3849.0,4284.0,0.0,0.0,0.0,4305.0
2024-12-09 00:00:00,4408.5,0,12,4305.0,3849.0,0.0,0.0,0.0,4408.5
2024-12-09 01:00:00,4510.5,0,12,4408.5,4305.0,0.0,0.0,0.0,4510.5
2024-12-09 02:00:00,4251.0,0,12,4510.5,4408.5,0.0,0.0,0.0,4251.0
2024-12-09 03:00:00,4266.0,0,12,4251.0,4510.5,0.0,0.0,0.0,4266.0
2024-12-09 04:00:00,4098.0,0,12,4266.0,4251.0,0.0,0.0,0.0,4098.0
2024-12-09 05:00:00,4065.0,0,12,4098.0,4266.0,0.0,0.0,0.0,4065.0
2024-12-09 06:00:00,4291.5,0,12,4065.0,4098.0,0.0,0.0,0.0,4291.5
2024-12-09 07:00:00,4017.0,0,12,4291.5,4065.0,94.46761608123778,94.46761608123778,0.0,3922.532383918762
2024-12-09 08:00:00,2601.0,0,12,4017.0,4291.5,225.80543518066406,225.80543518066406,0.0,2375.194564819336
2024-12-09 09:00:00,2508.0,0,12,2601.0,4017.0,325.0537347793579,325.0537347793579,0.0,2182.946265220642
2024-12-09 10:00:00,2115.0,0,12,2508.0,2601.0,383.7317132949829,383.7317132949829,0.0,1731.268286705017
2024-12-09 11:00:00,2217.0,0,12,2115.0,2508.0,420.83112716674805,420.83112716674805,0.0,1796.168872833252
2024-12-09 12:00:00,2644.5,0,12,2217.0,2115.0,425.87376594543457,425.87376594543457,0.0,2218.6262340545654
2024-12-09 13:00:00,2395.5,0,12,2644.5,2217.0,399.7109842300415,399.7109842300415,0.0,1995.7890157699585
2024-12-09 14:00:00,2778.0,0,12,2395.5,2644.5,344.1109800338745,344.1109800338745,0.0,2433.8890199661255
2024-12-09 15:00:00,3133.5,0,12,2778.0,2395.5,256.5196895599365,256.5196895599365,0.0,2876.9803104400635
2024-12-09 16:00:00,3703.5,0,12,3133.5,2778.0,141.12839698791504,141.12839698791504,0.0,3562.371603012085
2024-12-09 17:00:00,4126.5,0,12,3703.5,3133.5,18.697056770324707,18.697056770324707,0.0,4107.802943229675
2024-12-09 18:00:00,4399.5,0,12,4126.5,3703.5,0.0,0.0,0.0,4399.5
2024-12-09 19:00:00,4663.5,0,12,4399.5,4126.5,0.0,0.0,0.0,4663.5
2024-12-09 20:00:00,4174.5,0,12,4663.5,4399.5,0.0,0.0,0.0,4174.5
2024-12-09 21:00:00,4210.5,0,12,4174.5,4663.5,0.0,0.0,0.0,4210.5
2024-12-09 22:00:00,4255.5,0,12,4210.5,4174.5,0.0,0.0,0.0,4255.5
2024-12-09 23:00:00,3678.0,0,12,4255.5,4210.5,0.0,0.0,0.0,3678.0
2024-12-10 00:00:00,4407.0,1,12,3678.0,4255.5,0.0,0.0,0.0,4407.0
2024-12-10 01:00:00,3772.5,1,12,4407.0,3678.0,0.0,0.0,0.0,3772.5
2024-12-10 02:00:00,4198.5,1,12,3772.5,4407.0,0.0,0.0,0.0,4198.5
2024-12-10 03:00:00,4165.5,1,12,4198.5,3772.5,0.0,0.0,0.0,4165.5
2024-12-10 04:00:00,3982.5,1,12,4165.5,4198.5,0.0,0.0,0.0,3982.5
2024-12-10 05:00:00,4078.5,1,12,3982.5,4165.5,0.0,0.0,0.0,4078.5
2024-12-10 06:00:00,3987.0,1,12,4078.5,3982.5,0.0,0.0,0.0,3987.0
2024-12-10 07:00:00,3433.5,1,12,3987.0,4078.5,88.08245658874513,88.08245658874513,0.0,3345.417543411255
2024-12-10 08:00:00,3082.5,1,12,3433.5,3987.0,214.9342918395996,214.9342918395996,0.0,2867.5657081604004
2024-12-10 09:00:00,2962.5,1,12,3082.5,3433.5,314.90296840667725,314.90296840667725,0.0,2647.5970315933228
2024-12-10 10:00:00,1936.5,1,12,2962.5,3082.5,382.9785919189453,382.9785919189453,0.0,1553.5214080810547
2024-12-10 11:00:00,1545.0,1,12,1936.5,2962.5,416.0831880569458,416.0831880569458,0.0,1128.9168119430542
2024-12-10 12:00:00,1942.5,1,12,1545.0,1936.5,372.40214824676514,372.40214824676514,0.0,1570.0978517532349
2024-12-10 13:00:00,2806.5,1,12,1942.5,1545.0,288.70744228363037,288.70744228363037,0.0,2517.7925577163696
2024-12-10 14:00:00,3141.0,1,12,2806.5,1942.5,311.3993167877197,311.3993167877197,0.0,2829.6006832122803
2024-12-10 15:00:00,3771.0,1,12,3141.0,2806.5,235.92345714569092,235.92345714569092,0.0,3535.076542854309
2024-12-10 16:00:00,3910.5,1,12,3771.0,3141.0,105.73169231414795,105.73169231414795,0.0,3804.768307685852
2024-12-10 17:00:00,4504.5,1,12,3910.5,3771.0,14.702239036560059,14.702239036560059,0.0,4489.79776096344
2024-12-10 18:00:00,4515.0,1,12,4504.5,3910.5,0.0,0.0,0.0,4515.0
2024-12-10 19:00:00,4275.0,1,12,4515.0,4504.5,0.0,0.0,0.0,4275.0
2024-12-10 20:00:00,4386.0,1,12,4275.0,4515.0,0.0,0.0,0.0,4386.0
2024-12-10 21:00:00,4245.0,1,12,4386.0,4275.0,0.0,0.0,0.0,4245.0
2024-12-10 22:00:00,4471.5,1,12,4245.0,4386.0,0.0,0.0,0.0,4471.5
2024-12-10 23:00:00,4375.5,1,12,4471.5,4245.0,0.0,0.0,0.0,4375.5
2024-12-11 00:00:00,4533.0,2,12,4375.5,4471.5,0.0,0.0,0.0,4533.0
2024-12-11 01:00:00,3930.0,2,12,4533.0,4375.5,0.0,0.0,0.0,3930.0
2024-12-11 02:00:00,4374.0,2,12,3930.0,4533.0,0.0,0.0,0.0,4374.0
2024-12-11 03:00:00,4390.5,2,12,4374.0,3930.0,0.0,0.0,0.0,4390.5
2024-12-11 04:00:00,4122.0,2,12,4390.5,4374.0,0.0,0.0,0.0,4122.0
2024-12-11 05:00:00,4522.5,2,12,4122.0,4390.5,0.0,0.0,0.0,4522.5
2024-12-11 06:00:00,4447.5,2,12,4522.5,4122.0,0.0,0.0,0.0,4447.5
2024-12-11 07:00:00,3945.0,2,12,4447.5,4522.5,77.63699054718018,77.63699054718018,0.0,3867.36300945282
2024-12-11 08:00:00,2998.5,2,12,3945.0,4447.5,199.54442024230957,199.54442024230957,0.0,2798.9555797576904
2024-12-11 09:00:00,2982.0,2,12,2998.5,3945.0,291.3924837112427,291.3924837112427,0.0,2690.6075162887573
2024-12-11 10:00:00,2341.5,2,12,2982.0,2998.5,362.3496150970459,362.3496150970459,0.0,1979.150384902954
2024-12-11 11:00:00,1656.0,2,12,2341.5,2982.0,397.8445529937744,397.8445529937744,0.0,1258.1554470062256
2024-12-11 12:00:00,2170.5,2,12,1656.0,2341.5,404.3606901168823,404.3606901168823,0.0,1766.1393098831177
2024-12-11 13:00:00,2640.0,2,12,2170.5,1656.0,382.9131031036377,382.9131031036377,0.0,2257.0868968963623
2024-12-11 14:00:00,3076.5,2,12,2640.0,2170.5,329.5397186279297,329.5397186279297,0.0,2746.9602813720703
2024-12-11 15:00:00,4015.5,2,12,3076.5,2640.0,246.172456741333,246.172456741333,0.0,3769.327543258667
2024-12-11 16:00:00,4155.0,2,12,4015.5,3076.5,132.45112895965576,132.45112895965576,0.0,4022.5488710403442
2024-12-11 17:00:00,4623.0,2,12,4155.0,4015.5,15.6190824508667,15.6190824508667,0.0,4607.380917549133
2024-12-11 18:00:00,4212.0,2,12,4623.0,4155.0,0.0,0.0,0.0,4212.0
2024-12-11 19:00:00,4068.0,2,12,4212.0,4623.0,0.0,0.0,0.0,4068.0
2024-12-11 20:00:00,4278.0,2,12,4068.0,4212.0,0.0,0.0,0.0,4278.0
2024-12-11 21:00:00,4548.0,2,12,4278.0,4068.0,0.0,0.0,0.0,4548.0
2024-12-11 22:00:00,4194.0,2,12,4548.0,4278.0,0.0,0.0,0.0,4194.0
2024-12-11 23:00:00,4335.0,2,12,4194.0,4548.0,0.0,0.0,0.0,4335.0
2024-12-12 00:00:00,4696.5,3,12,4335.0,4194.0,0.0,0.0,0.0,4696.5
2024-12-12 01:00:00,4140.0,3,12,4696.5,4335.0,0.0,0.0,0.0,4140.0
2024-12-12 02:00:00,3807.0,3,12,4140.0,4696.5,0.0,0.0,0.0,3807.0
2024-12-12 03:00:00,3834.0,3,12,3807.0,4140.0,0.0,0.0,0.0,3834.0
2024-12-12 04:00:00,4549.5,3,12,3834.0,3807.0,0.0,0.0,0.0,4549.5
2024-12-12 05:00:00,4545.0,3,12,4549.5,3834.0,0.0,0.0,0.0,4545.0
2024-12-12 06:00:00,4413.0,3,12,4545.0,4549.5,0.0,0.0,0.0,4413.0
2024-12-12 07:00:00,4228.5,3,12,4413.0,4545.0,81.76278591156006,81.76278591156006,0.0,4146.73721408844
2024-12-12 08:00:00,3036.0,3,12,4228.5,4413.0,211.33240699768066,211.33240699768066,0.0,2824.6675930023193
2024-12-12 09:00:00,3082.5,3,12,3036.0,4228.5,310.28600692749023,310.28600692749023,0.0,2772.2139930725098
2024-12-12 10:00:00,2469.0,3,12,3082.5,3036.0,374.4650459289551,374.4650459289551,0.0,2094.534954071045
2024-12-12 11:00:00,2761.5,3,12,2469.0,3082.5,407.96257495880127,407.96257495880127,0.0,2353.5374250411987
2024-12-12 12:00:00,3519.0,3,12,2761.5,2469.0,415.2318334579468,415.2318334579468,0.0,3103.768166542053
2024-12-12 13:00:00,3013.5,3,12,3519.0,2761.5,398.9906072616577,398.9906072616577,0.0,2614.5093927383423
2024-12-12 14:00:00,3117.0,3,12,3013.5,3519.0,350.528883934021,350.528883934021,0.0,2766.471116065979
2024-12-12 15:00:00,4033.5,3,12,3117.0,3013.5,272.92463779449463,272.92463779449463,0.0,3760.5753622055054
2024-12-12 16:00:00,4308.0,3,12,4033.5,3117.0,152.65442848205566,152.65442848205566,0.0,4155.345571517944
2024-12-12 17:00:00,4674.0,3,12,4308.0,4033.5,30.02662181854248,30.02662181854248,0.0,4643.9733781814575
2024-12-12 18:00:00,4944.0,3,12,4674.0,4308.0,0.0,0.0,0.0,4944.0
2024-12-12 19:00:00,4539.0,3,12,4944.0,4674.0,0.0,0.0,0.0,4539.0
2024-12-12 20:00:00,3993.0,3,12,4539.0,4944.0,0.0,0.0,0.0,3993.0
2024-12-12 21:00:00,4648.5,3,12,3993.0,4539.0,0.0,0.0,0.0,4648.5
2024-12-12 22:00:00,4476.0,3,12,4648.5,3993.0,0.0,0.0,0.0,4476.0
2024-12-12 23:00:00,4248.0,3,12,4476.0,4648.5,0.0,0.0,0.0,4248.0
2024-12-13 00:00:00,4446.0,4,12,4248.0,4476.0,0.0,0.0,0.0,4446.0
2024-12-13 01:00:00,4063.5,4,12,4446.0,4248.0,0.0,0.0,0.0,4063.5
2024-12-13 02:00:00,3789.0,4,12,4063.5,4446.0,0.0,0.0,0.0,3789.0
2024-12-13 03:00:00,4042.5,4,12,3789.0,4063.5,0.0,0.0,0.0,4042.5
2024-12-13 04:00:00,3864.0,4,12,4042.5,3789.0,0.0,0.0,0.0,3864.0
2024-12-13 05:00:00,4563.0,4,12,3864.0,4042.5,0.0,0.0,0.0,4563.0
2024-12-13 06:00:00,3285.0,4,12,4563.0,3864.0,0.0,0.0,0.0,3285.0
2024-12-13 07:00:00,2515.5,4,12,3285.0,4563.0,102.75195121765137,102.75195121765137,0.0,2412.7480487823486
2024-12-13 08:00:00,1245.0,4,12,2515.5,3285.0,239.00143146514893,239.00143146514893,0.0,1005.9985685348511
2024-12-13 09:00:00,1350.0,4,12,1245.0,2515.5,332.2575044631958,332.2575044631958,0.0,1017.7424955368042
2024-12-13 10:00:00,1357.5,4,12,1350.0,1245.0,392.34349250793457,392.34349250793457,0.0,965.1565074920654
2024-12-13 11:00:00,1273.5,4,12,1357.5,1350.0,426.0374879837036,426.0374879837036,0.0,847.4625120162964
2024-12-13 12:00:00,1311.0,4,12,1273.5,1357.5,430.588960647583,430.588960647583,0.0,880.411039352417
2024-12-13 13:00:00,1366.5,4,12,1311.0,1273.5,395.74891090393066,395.74891090393066,0.0,970.7510890960693
2024-12-13 14:00:00,1368.0,4,12,1366.5,1311.0,353.08294773101807,353.08294773101807,0.0,1014.9170522689819
2024-12-13 15:00:00,1620.0,4,12,1368.0,1366.5,265.00049114227295,265.00049114227295,0.0,1354.999508857727
2024-12-13 16:00:00,1795.5,4,12,1620.0,1368.0,136.7406463623047,136.7406463623047,0.0,1658.7593536376953
2024-12-13 17:00:00,1851.0,4,12,1795.5,1620.0,23.543229103088382,23.543229103088382,0.0,1827.4567708969116
2024-12-13 18:00:00,1888.5,4,12,1851.0,1795.5,0.0,0.0,0.0,1888.5
2024-12-13 19:00:00,2082.0,4,12,1888.5,1851.0,0.0,0.0,0.0,2082.0
2024-12-13 20:00:00,2128.5,4,12,2082.0,1888.5,0.0,0.0,0.0,2128.5
2024-12-13 21:00:00,2248.5,4,12,2128.5,2082.0,0.0,0.0,0.0,2248.5
2024-12-13 22:00:00,2100.0,4,12,2248.5,2128.5,0.0,0.0,0.0,2100.0
2024-12-13 23:00:00,1905.0,4,12,2100.0,2248.5,0.0,0.0,0.0,1905.0
2024-12-14 00:00:00,2134.5,5,12,1905.0,2100.0,0.0,0.0,0.0,2134.5
2024-12-14 01:00:00,1974.0,5,12,2134.5,1905.0,0.0,0.0,0.0,1974.0
2024-12-14 02:00:00,1963.5,5,12,1974.0,2134.5,0.0,0.0,0.0,1963.5
2024-12-14 03:00:00,1804.5,5,12,1963.5,1974.0,0.0,0.0,0.0,1804.5
2024-12-14 04:00:00,2062.5,5,12,1804.5,1963.5,0.0,0.0,0.0,2062.5
2024-12-14 05:00:00,2442.0,5,12,2062.5,1804.5,0.0,0.0,0.0,2442.0
2024-12-14 06:00:00,2685.0,5,12,2442.0,2062.5,0.0,0.0,0.0,2685.0
2024-12-14 07:00:00,2343.0,5,12,2685.0,2442.0,92.86314010620119,92.86314010620119,0.0,2250.136859893799
2024-12-14 08:00:00,3226.5,5,12,2343.0,2685.0,229.11262035369873,229.11262035369873,0.0,2997.3873796463013
2024-12-14 09:00:00,3535.5,5,12,3226.5,2343.0,325.15196800231934,325.15196800231934,0.0,3210.3480319976807
2024-12-14 10:00:00,3282.0,5,12,3535.5,3226.5,383.7317132949829,383.7317132949829,0.0,2898.268286705017
2024-12-14 11:00:00,3781.5,5,12,3282.0,3535.5,422.6320695877075,422.6320695877075,0.0,3358.8679304122925
2024-12-14 12:00:00,3076.5,5,12,3781.5,3282.0,411.4007377624512,411.4007377624512,0.0,2665.099262237549
2024-12-14 13:00:00,2434.5,5,12,3076.5,3781.5,403.1164026260376,403.1164026260376,0.0,2031.3835973739624
2024-12-14 14:00:00,3184.5,5,12,2434.5,3076.5,344.7331237792969,344.7331237792969,0.0,2839.766876220703
2024-12-14 15:00:00,3636.0,5,12,3184.5,2434.5,253.8019037246704,253.8019037246704,0.0,3382.1980962753296
2024-12-14 16:00:00,4305.0,5,12,3636.0,3184.5,134.0883493423462,134.0883493423462,0.0,4170.911650657654
2024-12-14 17:00:00,4459.5,5,12,4305.0,3636.0,15.12791633605957,15.12791633605957,0.0,4444.37208366394
2024-12-14 18:00:00,4546.5,5,12,4459.5,4305.0,0.0,0.0,0.0,4546.5
2024-12-14 19:00:00,4459.5,5,12,4546.5,4459.5,0.0,0.0,0.0,4459.5
2024-12-14 20:00:00,4038.0,5,12,4459.5,4546.5,0.0,0.0,0.0,4038.0
2024-12-14 21:00:00,4305.0,5,12,4038.0,4459.5,0.0,0.0,0.0,4305.0
2024-12-14 22:00:00,4329.0,5,12,4305.0,4038.0,0.0,0.0,0.0,4329.0
2024-12-14 23:00:00,4501.5,5,12,4329.0,4305.0,0.0,0.0,0.0,4501.5
2024-12-15 00:00:00,4291.5,6,12,4501.5,4329.0,0.0,0.0,0.0,4291.5
2024-12-15 01:00:00,4525.5,6,12,4291.5,4501.5,0.0,0.0,0.0,4525.5
2024-12-15 02:00:00,4497.0,6,12,4525.5,4291.5,0.0,0.0,0.0,4497.0
2024-12-15 03:00:00,4416.0,6,12,4497.0,4525.5,0.0,0.0,0.0,4416.0
2024-12-15 04:00:00,4249.5,6,12,4416.0,4497.0,0.0,0.0,0.0,4249.5
2024-12-15 05:00:00,4491.0,6,12,4249.5,4416.0,0.0,0.0,0.0,4491.0
2024-12-15 06:00:00,4651.5,6,12,4491.0,4249.5,0.0,0.0,0.0,4651.5
2024-12-15 07:00:00,4183.5,6,12,4651.5,4491.0,93.61626148223877,93.61626148223877,0.0,4089.8837385177612
2024-12-15 08:00:00,3064.5,6,12,4183.5,4651.5,211.8563175201416,211.8563175201416,0.0,2852.6436824798584
2024-12-15 09:00:00,3193.5,6,12,3064.5,4183.5,330.88223934173584,330.88223934173584,0.0,2862.617760658264
2024-12-15 10:00:00,2410.5,6,12,3193.5,3064.5,312.93830394744873,312.93830394744873,0.0,2097.5616960525513
2024-12-15 11:00:00,2709.0,6,12,2410.5,3193.5,431.93148136138916,431.93148136138916,0.0,2277.068518638611
2024-12-15 12:00:00,2583.0,6,12,2709.0,2410.5,440.24856090545654,440.24856090545654,0.0,2142.7514390945435
2024-12-15 13:00:00,2167.5,6,12,2583.0,2709.0,415.7229995727539,415.7229995727539,0.0,1751.777000427246
2024-12-15 14:00:00,2224.5,6,12,2167.5,2583.0,363.3646917343139,363.3646917343139,0.0,1861.135308265686
2024-12-15 15:00:00,3604.5,6,12,2224.5,2167.5,279.702730178833,279.702730178833,0.0,3324.797269821167
2024-12-15 16:00:00,3936.0,6,12,3604.5,2224.5,107.0742130279541,107.0742130279541,0.0,3828.925786972046
2024-12-15 17:00:00,4248.0,6,12,3936.0,3604.5,31.991286277770996,31.991286277770996,0.0,4216.008713722229
2024-12-15 18:00:00,4419.0,6,12,4248.0,3936.0,0.0,0.0,0.0,4419.0
2024-12-15 19:00:00,4429.5,6,12,4419.0,4248.0,0.0,0.0,0.0,4429.5
2024-12-15 20:00:00,4143.0,6,12,4429.5,4419.0,0.0,0.0,0.0,4143.0
2024-12-15 21:00:00,3985.5,6,12,4143.0,4429.5,0.0,0.0,0.0,3985.5
2024-12-15 22:00:00,3538.5,6,12,3985.5,4143.0,0.0,0.0,0.0,3538.5
2024-12-15 23:00:00,2689.5,6,12,3538.5,3985.5,0.0,0.0,0.0,2689.5
2024-12-16 00:00:00,2377.5,0,12,2689.5,3538.5,0.0,0.0,0.0,2377.5
2024-12-16 01:00:00,2772.0,0,12,2377.5,2689.5,0.0,0.0,0.0,2772.0
2024-12-16 02:00:00,3324.0,0,12,2772.0,2377.5,0.0,0.0,0.0,3324.0
2024-12-16 03:00:00,3847.5,0,12,3324.0,2772.0,0.0,0.0,0.0,3847.5
2024-12-16 04:00:00,3621.0,0,12,3847.5,3324.0,0.0,0.0,0.0,3621.0
2024-12-16 05:00:00,3763.5,0,12,3621.0,3847.5,0.0,0.0,0.0,3763.5
2024-12-16 06:00:00,3825.0,0,12,3763.5,3621.0,0.0,0.0,0.0,3825.0
2024-12-16 07:00:00,2986.5,0,12,3825.0,3763.5,93.55077266693115,93.55077266693115,0.0,2892.949227333069
2024-12-16 08:00:00,1755.0,0,12,2986.5,3825.0,234.08977031707764,234.08977031707764,0.0,1520.9102296829224
2024-12-16 09:00:00,1800.0,0,12,1755.0,2986.5,181.37127399444577,181.37127399444577,0.0,1618.6287260055542
2024-12-16 10:00:00,1890.0,0,12,1800.0,1755.0,416.63984298706055,416.63984298706055,0.0,1473.3601570129395
2024-12-16 11:00:00,1431.0,0,12,1890.0,1800.0,454.9180555343628,454.9180555343628,0.0,976.0819444656372
2024-12-16 12:00:00,1647.0,0,12,1431.0,1890.0,460.55009365081787,460.55009365081787,0.0,1186.4499063491821
2024-12-16 13:00:00,1656.0,0,12,1647.0,1431.0,355.24407863616943,355.24407863616943,0.0,1300.7559213638306
2024-12-16 14:00:00,2169.0,0,12,1656.0,1647.0,328.62287521362305,328.62287521362305,0.0,1840.377124786377
2024-12-16 15:00:00,2479.5,0,12,2169.0,1656.0,284.77811336517334,284.77811336517334,0.0,2194.7218866348267
2024-12-16 16:00:00,2773.5,0,12,2479.5,2169.0,164.27869319915774,164.27869319915774,0.0,2609.2213068008423
2024-12-16 17:00:00,2769.0,0,12,2773.5,2479.5,32.482452392578125,32.482452392578125,0.0,2736.517547607422
2024-12-16 18:00:00,3016.5,0,12,2769.0,2773.5,0.0,0.0,0.0,3016.5
2024-12-16 19:00:00,2862.0,0,12,3016.5,2769.0,0.0,0.0,0.0,2862.0
2024-12-16 20:00:00,2916.0,0,12,2862.0,3016.5,0.0,0.0,0.0,2916.0
2024-12-16 21:00:00,2841.0,0,12,2916.0,2862.0,0.0,0.0,0.0,2841.0
2024-12-16 22:00:00,2752.5,0,12,2841.0,2916.0,0.0,0.0,0.0,2752.5
2024-12-16 23:00:00,3123.0,0,12,2752.5,2841.0,0.0,0.0,0.0,3123.0
2024-12-17 00:00:00,2962.5,1,12,3123.0,2752.5,0.0,0.0,0.0,2962.5
2024-12-17 01:00:00,2730.0,1,12,2962.5,3123.0,0.0,0.0,0.0,2730.0
2024-12-17 02:00:00,2965.5,1,12,2730.0,2962.5,0.0,0.0,0.0,2965.5
2024-12-17 03:00:00,2490.0,1,12,2965.5,2730.0,0.0,0.0,0.0,2490.0
2024-12-17 04:00:00,2985.0,1,12,2490.0,2965.5,0.0,0.0,0.0,2985.0
2024-12-17 05:00:00,2827.5,1,12,2985.0,2490.0,0.0,0.0,0.0,2827.5
2024-12-17 06:00:00,2697.0,1,12,2827.5,2985.0,0.0,0.0,0.0,2697.0
2024-12-17 07:00:00,2125.5,1,12,2697.0,2827.5,95.08975982666016,95.08975982666016,0.0,2030.4102401733398
2024-12-17 08:00:00,1548.0,1,12,2125.5,2697.0,240.0819969177246,240.0819969177246,0.0,1307.9180030822754
2024-12-17 09:00:00,1806.0,1,12,1548.0,2125.5,349.7430181503296,349.7430181503296,0.0,1456.2569818496704
2024-12-17 10:00:00,1890.0,1,12,1806.0,1548.0,425.2516222000122,425.2516222000122,0.0,1464.7483777999878
2024-12-17 11:00:00,1476.0,1,12,1890.0,1806.0,466.54232025146484,466.54232025146484,0.0,1009.4576797485352
2024-12-17 12:00:00,1455.0,1,12,1476.0,1890.0,452.9861354827881,452.9861354827881,0.0,1002.0138645172119
2024-12-17 13:00:00,1867.5,1,12,1455.0,1476.0,447.0266532897949,447.0266532897949,0.0,1420.473346710205
2024-12-17 14:00:00,2146.5,1,12,1867.5,1455.0,386.449499130249,386.449499130249,0.0,1760.050500869751
2024-12-17 15:00:00,2436.0,1,12,2146.5,1867.5,293.65184783935547,293.65184783935547,0.0,2142.3481521606445
2024-12-17 16:00:00,2661.0,1,12,2436.0,2146.5,168.79742145538327,168.79742145538327,0.0,2492.2025785446167
2024-12-17 17:00:00,2962.5,1,12,2661.0,2436.0,33.00636291503906,33.00636291503906,0.0,2929.493637084961
2024-12-17 18:00:00,3001.5,1,12,2962.5,2661.0,0.0,0.0,0.0,3001.5
2024-12-17 19:00:00,2715.0,1,12,3001.5,2962.5,0.0,0.0,0.0,2715.0
2024-12-17 20:00:00,2980.5,1,12,2715.0,3001.5,0.0,0.0,0.0,2980.5
2024-12-17 21:00:00,3018.0,1,12,2980.5,2715.0,0.0,0.0,0.0,3018.0
2024-12-17 22:00:00,3070.5,1,12,3018.0,2980.5,0.0,0.0,0.0,3070.5
2024-12-17 23:00:00,2766.0,1,12,3070.5,3018.0,0.0,0.0,0.0,2766.0
2024-12-18 00:00:00,2700.0,2,12,2766.0,3070.5,0.0,0.0,0.0,2700.0
2024-12-18 01:00:00,2913.0,2,12,2700.0,2766.0,0.0,0.0,0.0,2913.0
2024-12-18 02:00:00,2980.5,2,12,2913.0,2700.0,0.0,0.0,0.0,2980.5
2024-12-18 03:00:00,2983.5,2,12,2980.5,2913.0,0.0,0.0,0.0,2983.5
2024-12-18 04:00:00,2784.0,2,12,2983.5,2980.5,0.0,0.0,0.0,2784.0
2024-12-18 05:00:00,2283.0,2,12,2784.0,2983.5,0.0,0.0,0.0,2283.0
2024-12-18 06:00:00,2512.5,2,12,2283.0,2784.0,0.0,0.0,0.0,2512.5
2024-12-18 07:00:00,2061.0,2,12,2512.5,2283.0,98.78987789154053,98.78987789154053,0.0,1962.2101221084595
2024-12-18 08:00:00,2055.0,2,12,2061.0,2512.5,248.8247537612915,248.8247537612915,0.0,1806.1752462387085
2024-12-18 09:00:00,1590.0,2,12,2055.0,2061.0,363.46292495727545,363.46292495727545,0.0,1226.5370750427246
2024-12-18 10:00:00,1458.0,2,12,1590.0,2055.0,440.8379602432251,440.8379602432251,0.0,1017.1620397567749
2024-12-18 11:00:00,1548.0,2,12,1458.0,1590.0,484.3225336074829,484.3225336074829,0.0,1063.677466392517
2024-12-18 12:00:00,1536.0,2,12,1548.0,1458.0,491.9847249984741,491.9847249984741,0.0,1044.0152750015259
2024-12-18 13:00:00,1716.0,2,12,1536.0,1548.0,463.52983474731445,463.52983474731445,0.0,1252.4701652526855
2024-12-18 14:00:00,1819.5,2,12,1716.0,1536.0,403.5748243331909,403.5748243331909,0.0,1415.925175666809
2024-12-18 15:00:00,2193.0,2,12,1819.5,1716.0,307.8956651687622,307.8956651687622,0.0,1885.1043348312378
2024-12-18 16:00:00,2538.0,2,12,2193.0,1819.5,178.91544342041016,178.91544342041016,0.0,2359.08455657959
2024-12-18 17:00:00,2944.5,2,12,2538.0,2193.0,35.20023822784424,35.20023822784424,0.0,2909.2997617721558
2024-12-18 18:00:00,3060.0,2,12,2944.5,2538.0,0.0,0.0,0.0,3060.0
2024-12-18 19:00:00,2871.0,2,12,3060.0,2944.5,0.0,0.0,0.0,2871.0
2024-12-18 20:00:00,3015.0,2,12,2871.0,3060.0,0.0,0.0,0.0,3015.0
2024-12-18 21:00:00,2941.5,2,12,3015.0,2871.0,0.0,0.0,0.0,2941.5
2024-12-18 22:00:00,2779.5,2,12,2941.5,3015.0,0.0,0.0,0.0,2779.5
2024-12-18 23:00:00,2965.5,2,12,2779.5,2941.5,0.0,0.0,0.0,2965.5
2024-12-19 00:00:00,2509.5,3,12,2965.5,2779.5,0.0,0.0,0.0,2509.5
2024-12-19 01:00:00,3000.0,3,12,2509.5,2965.5,0.0,0.0,0.0,3000.0
2024-12-19 02:00:00,2394.0,3,12,3000.0,2509.5,0.0,0.0,0.0,2394.0
2024-12-19 03:00:00,2725.5,3,12,2394.0,3000.0,0.0,0.0,0.0,2725.5
2024-12-19 04:00:00,2874.0,3,12,2725.5,2394.0,0.0,0.0,0.0,2874.0
2024-12-19 05:00:00,2893.5,3,12,2874.0,2725.5,0.0,0.0,0.0,2893.5
2024-12-19 06:00:00,2869.5,3,12,2893.5,2874.0,0.0,0.0,0.0,2869.5
2024-12-19 07:00:00,2397.0,3,12,2869.5,2893.5,98.20047855377197,98.20047855377197,0.0,2298.799521446228
2024-12-19 08:00:00,1905.0,3,12,2397.0,2869.5,248.89024257659912,248.89024257659912,0.0,1656.1097574234009
2024-12-19 09:00:00,1893.0,3,12,1905.0,2397.0,362.77529239654547,362.77529239654547,0.0,1530.2247076034546
2024-12-19 10:00:00,1689.0,3,12,1893.0,1905.0,440.0193500518799,440.0193500518799,0.0,1248.9806499481201
2024-12-19 11:00:00,1542.0,3,12,1689.0,1893.0,482.7835464477539,482.7835464477539,0.0,1059.216453552246
2024-12-19 12:00:00,1578.0,3,12,1542.0,1689.0,489.2996835708618,489.2996835708618,0.0,1088.7003164291382
2024-12-19 13:00:00,1504.5,3,12,1578.0,1542.0,461.4014482498169,461.4014482498169,0.0,1043.098551750183
2024-12-19 14:00:00,1990.5,3,12,1504.5,1578.0,401.77388191223145,401.77388191223145,0.0,1588.7261180877686
2024-12-19 15:00:00,2142.0,3,12,1990.5,1504.5,307.4372434616089,307.4372434616089,0.0,1834.562756538391
2024-12-19 16:00:00,2461.5,3,12,2142.0,1990.5,179.14465427398682,179.14465427398682,0.0,2282.355345726013
2024-12-19 17:00:00,2718.0,3,12,2461.5,2142.0,35.92061519622803,35.92061519622803,0.0,2682.079384803772
2024-12-19 18:00:00,2974.5,3,12,2718.0,2461.5,0.0,0.0,0.0,2974.5
2024-12-19 19:00:00,2568.0,3,12,2974.5,2718.0,0.0,0.0,0.0,2568.0
2024-12-19 20:00:00,2941.5,3,12,2568.0,2974.5,0.0,0.0,0.0,2941.5
2024-12-19 21:00:00,2536.5,3,12,2941.5,2568.0,0.0,0.0,0.0,2536.5
2024-12-19 22:00:00,2928.0,3,12,2536.5,2941.5,0.0,0.0,0.0,2928.0
2024-12-19 23:00:00,2971.5,3,12,2928.0,2536.5,0.0,0.0,0.0,2971.5
2024-12-20 00:00:00,2740.5,4,12,2971.5,2928.0,0.0,0.0,0.0,2740.5
2024-12-20 01:00:00,3015.0,4,12,2740.5,2971.5,0.0,0.0,0.0,3015.0
2024-12-20 02:00:00,2785.5,4,12,3015.0,2740.5,0.0,0.0,0.0,2785.5
2024-12-20 03:00:00,3064.5,4,12,2785.5,3015.0,0.0,0.0,0.0,3064.5
2024-12-20 04:00:00,2938.5,4,12,3064.5,2785.5,0.0,0.0,0.0,2938.5
2024-12-20 05:00:00,1731.0,4,12,2938.5,3064.5,0.0,0.0,0.0,1731.0
2024-12-20 06:00:00,1318.5,4,12,1731.0,2938.5,0.0,0.0,0.0,1318.5
2024-12-20 07:00:00,924.0,4,12,1318.5,1731.0,95.44994831085205,95.44994831085205,0.0,828.550051689148
2024-12-20 08:00:00,453.0,4,12,924.0,1318.5,244.17504787445068,244.17504787445068,0.0,208.82495212554932
2024-12-20 09:00:00,3.0,4,12,453.0,924.0,355.76798915863037,3.0,352.76798915863037,0.0
2024-12-20 10:00:00,0.0,4,12,3.0,453.0,430.32700538635254,0.0,430.32700538635254,0.0
2024-12-20 11:00:00,16.5,4,12,0.0,3.0,471.2902593612671,16.5,454.7902593612671,0.0
2024-12-20 12:00:00,1.5,4,12,16.5,0.0,476.88955307006836,1.5,475.38955307006836,0.0
2024-12-20 13:00:00,15.0,4,12,1.5,16.5,448.23819637298584,15.0,433.23819637298584,0.0
2024-12-20 14:00:00,52.5,4,12,15.0,1.5,389.7566843032837,52.5,337.2566843032837,0.0
2024-12-20 15:00:00,84.0,4,12,52.5,15.0,297.5156879425049,84.0,213.51568794250488,0.0
2024-12-20 16:00:00,247.5,4,12,84.0,52.5,172.92321681976318,172.92321681976318,0.0,74.57678318023682
2024-12-20 17:00:00,388.5,4,12,247.5,84.0,35.10200500488281,35.10200500488281,0.0,353.3979949951172
2024-12-20 18:00:00,459.0,4,12,388.5,247.5,0.0,0.0,0.0,459.0
2024-12-20 19:00:00,460.5,4,12,459.0,388.5,0.0,0.0,0.0,460.5
2024-12-20 20:00:00,510.0,4,12,460.5,459.0,0.0,0.0,0.0,510.0
2024-12-20 21:00:00,468.0,4,12,510.0,460.5,0.0,0.0,0.0,468.0
2024-12-20 22:00:00,447.0,4,12,468.0,510.0,0.0,0.0,0.0,447.0
2024-12-20 23:00:00,489.0,4,12,447.0,468.0,0.0,0.0,0.0,489.0
2024-12-21 00:00:00,471.0,5,12,489.0,447.0,0.0,0.0,0.0,471.0
2024-12-21 01:00:00,481.5,5,12,471.0,489.0,0.0,0.0,0.0,481.5
2024-12-21 02:00:00,498.0,5,12,481.5,471.0,0.0,0.0,0.0,498.0
2024-12-21 03:00:00,486.0,5,12,498.0,481.5,0.0,0.0,0.0,486.0
2024-12-21 04:00:00,657.0,5,12,486.0,498.0,0.0,0.0,0.0,657.0
2024-12-21 05:00:00,612.0,5,12,657.0,486.0,0.0,0.0,0.0,612.0
2024-12-21 06:00:00,1300.5,5,12,612.0,657.0,0.0,0.0,0.0,1300.5
2024-12-21 07:00:00,1384.5,5,12,1300.5,612.0,89.45772171020508,89.45772171020508,0.0,1295.042278289795
2024-12-21 08:00:00,1662.0,5,12,1384.5,1300.5,232.91097164154053,232.91097164154053,0.0,1429.0890283584595
2024-12-21 09:00:00,1248.0,5,12,1662.0,1384.5,341.68789386749273,341.68789386749273,0.0,906.3121061325073
2024-12-21 10:00:00,1227.0,5,12,1248.0,1662.0,415.0026226043701,415.0026226043701,0.0,811.9973773956299
2024-12-21 11:00:00,1608.0,5,12,1227.0,1248.0,456.58802032470703,456.58802032470703,0.0,1151.411979675293
2024-12-21 12:00:00,1647.0,5,12,1608.0,1227.0,464.4794225692749,464.4794225692749,0.0,1182.520577430725
2024-12-21 13:00:00,1818.0,5,12,1647.0,1608.0,439.2989730834961,439.2989730834961,0.0,1378.701026916504
2024-12-21 14:00:00,1659.0,5,12,1818.0,1647.0,382.35644817352295,382.35644817352295,0.0,1276.643551826477
2024-12-21 15:00:00,2199.0,5,12,1659.0,1818.0,295.48553466796875,295.48553466796875,0.0,1903.5144653320312
2024-12-21 16:00:00,2442.0,5,12,2199.0,1659.0,174.59318161010742,174.59318161010742,0.0,2267.4068183898926
2024-12-21 17:00:00,2905.5,5,12,2442.0,2199.0,38.049001693725586,38.049001693725586,0.0,2867.4509983062744
2024-12-21 18:00:00,2971.5,5,12,2905.5,2442.0,0.0,0.0,0.0,2971.5
2024-12-21 19:00:00,2385.0,5,12,2971.5,2905.5,0.0,0.0,0.0,2385.0
2024-12-21 20:00:00,2512.5,5,12,2385.0,2971.5,0.0,0.0,0.0,2512.5
2024-12-21 21:00:00,2970.0,5,12,2512.5,2385.0,0.0,0.0,0.0,2970.0
2024-12-21 22:00:00,2850.0,5,12,2970.0,2512.5,0.0,0.0,0.0,2850.0
2024-12-21 23:00:00,2131.5,5,12,2850.0,2970.0,0.0,0.0,0.0,2131.5
2024-12-22 00:00:00,3109.5,6,12,2131.5,2850.0,0.0,0.0,0.0,3109.5
2024-12-22 01:00:00,2692.5,6,12,3109.5,2131.5,0.0,0.0,0.0,2692.5
2024-12-22 02:00:00,2479.5,6,12,2692.5,3109.5,0.0,0.0,0.0,2479.5
2024-12-22 03:00:00,2670.0,6,12,2479.5,2692.5,0.0,0.0,0.0,2670.0
2024-12-22 04:00:00,3142.5,6,12,2670.0,2479.5,0.0,0.0,0.0,3142.5
2024-12-22 05:00:00,1908.0,6,12,3142.5,2670.0,0.0,0.0,0.0,1908.0
2024-12-22 06:00:00,2994.0,6,12,1908.0,3142.5,0.0,0.0,0.0,2994.0
2024-12-22 07:00:00,2583.0,6,12,2994.0,1908.0,91.25866413116455,91.25866413116455,0.0,2491.7413358688354
2024-12-22 08:00:00,1983.0,6,12,2583.0,2994.0,232.87822723388672,232.87822723388672,0.0,1750.1217727661133
2024-12-22 09:00:00,2076.0,6,12,1983.0,2583.0,334.61510181427,334.61510181427,0.0,1741.38489818573
2024-12-22 10:00:00,1548.0,6,12,2076.0,1983.0,402.91993618011475,402.91993618011475,0.0,1145.0800638198853
2024-12-22 11:00:00,1687.5,6,12,1548.0,2076.0,442.57341384887695,442.57341384887695,0.0,1244.926586151123
2024-12-22 12:00:00,1386.0,6,12,1687.5,1548.0,449.5479726791382,449.5479726791382,0.0,936.4520273208618
2024-12-22 13:00:00,1662.0,6,12,1386.0,1687.5,422.69755840301514,422.69755840301514,0.0,1239.3024415969849
2024-12-22 14:00:00,1405.5,6,12,1662.0,1386.0,369.2259407043457,369.2259407043457,0.0,1036.2740592956543
2024-12-22 15:00:00,2337.0,6,12,1405.5,1662.0,284.12322521209717,284.12322521209717,0.0,2052.876774787903
2024-12-22 16:00:00,2445.0,6,12,2337.0,1405.5,169.45230960845944,169.45230960845944,0.0,2275.5476903915405
2024-12-22 17:00:00,2811.0,6,12,2445.0,2337.0,36.14982604980469,36.14982604980469,0.0,2774.8501739501953
2024-12-22 18:00:00,2602.5,6,12,2811.0,2445.0,0.0,0.0,0.0,2602.5
2024-12-22 19:00:00,2548.5,6,12,2602.5,2811.0,0.0,0.0,0.0,2548.5
2024-12-22 20:00:00,2683.5,6,12,2548.5,2602.5,0.0,0.0,0.0,2683.5
2024-12-22 21:00:00,2809.5,6,12,2683.5,2548.5,0.0,0.0,0.0,2809.5
2024-12-22 22:00:00,2700.0,6,12,2809.5,2683.5,0.0,0.0,0.0,2700.0
2024-12-22 23:00:00,2815.5,6,12,2700.0,2809.5,0.0,0.0,0.0,2815.5
2024-12-23 00:00:00,2884.5,0,12,2815.5,2700.0,0.0,0.0,0.0,2884.5
2024-12-23 01:00:00,2206.5,0,12,2884.5,2815.5,0.0,0.0,0.0,2206.5
2024-12-23 02:00:00,2782.5,0,12,2206.5,2884.5,0.0,0.0,0.0,2782.5
2024-12-23 03:00:00,2535.0,0,12,2782.5,2206.5,0.0,0.0,0.0,2535.0
2024-12-23 04:00:00,2349.0,0,12,2535.0,2782.5,0.0,0.0,0.0,2349.0
2024-12-23 05:00:00,2526.0,0,12,2349.0,2535.0,0.0,0.0,0.0,2526.0
2024-12-23 06:00:00,2539.5,0,12,2526.0,2349.0,0.0,0.0,0.0,2539.5
2024-12-23 07:00:00,1833.0,0,12,2539.5,2526.0,91.35689735412599,91.35689735412599,0.0,1741.643102645874
2024-12-23 08:00:00,1395.0,0,12,1833.0,2539.5,233.1401824951172,233.1401824951172,0.0,1161.8598175048828
2024-12-23 09:00:00,1761.0,0,12,1395.0,1833.0,334.97529029846186,334.97529029846186,0.0,1426.024709701538
2024-12-23 10:00:00,1347.0,0,12,1761.0,1395.0,403.34561347961426,403.34561347961426,0.0,943.6543865203857
2024-12-23 11:00:00,1009.5,0,12,1347.0,1761.0,443.9486789703369,443.9486789703369,0.0,565.5513210296631
2024-12-23 12:00:00,1179.0,0,12,1009.5,1347.0,452.5604581832886,452.5604581832886,0.0,726.4395418167114
2024-12-23 13:00:00,1581.0,0,12,1179.0,1009.5,427.4782419204712,427.4782419204712,0.0,1153.5217580795288
2024-12-23 14:00:00,1483.5,0,12,1581.0,1179.0,374.8579788208008,374.8579788208008,0.0,1108.6420211791992
2024-12-23 15:00:00,1933.5,0,12,1483.5,1581.0,289.8534965515137,289.8534965515137,0.0,1643.6465034484863
2024-12-23 16:00:00,2361.0,0,12,1933.5,1483.5,174.62592601776123,174.62592601776123,0.0,2186.3740739822388
2024-12-23 17:00:00,2578.5,0,12,2361.0,1933.5,39.457011222839355,39.457011222839355,0.0,2539.0429887771606
2024-12-23 18:00:00,2310.0,0,12,2578.5,2361.0,0.0,0.0,0.0,2310.0
2024-12-23 19:00:00,2208.0,0,12,2310.0,2578.5,0.0,0.0,0.0,2208.0
2024-12-23 20:00:00,2524.5,0,12,2208.0,2310.0,0.0,0.0,0.0,2524.5
2024-12-23 21:00:00,2631.0,0,12,2524.5,2208.0,0.0,0.0,0.0,2631.0
2024-12-23 22:00:00,3967.5,0,12,2631.0,2524.5,0.0,0.0,0.0,3967.5
2024-12-23 23:00:00,4555.5,0,12,3967.5,2631.0,0.0,0.0,0.0,4555.5
2024-12-24 00:00:00,4662.0,1,12,4555.5,3967.5,0.0,0.0,0.0,4662.0
2024-12-24 01:00:00,4335.0,1,12,4662.0,4555.5,0.0,0.0,0.0,4335.0
2024-12-24 02:00:00,3666.0,1,12,4335.0,4662.0,0.0,0.0,0.0,3666.0
2024-12-24 03:00:00,2740.5,1,12,3666.0,4335.0,0.0,0.0,0.0,2740.5
2024-12-24 04:00:00,2662.5,1,12,2740.5,3666.0,0.0,0.0,0.0,2662.5
2024-12-24 05:00:00,2449.5,1,12,2662.5,2740.5,0.0,0.0,0.0,2449.5
2024-12-24 06:00:00,2080.5,1,12,2449.5,2662.5,0.0,0.0,0.0,2080.5
2024-12-24 07:00:00,1525.5,1,12,2080.5,2449.5,26.915903091430664,26.915903091430664,0.0,1498.5840969085693
2024-12-24 08:00:00,1237.5,1,12,1525.5,2080.5,140.30978679656982,140.30978679656982,0.0,1097.1902132034302
2024-12-24 09:00:00,1182.0,1,12,1237.5,1525.5,188.60778808593747,188.60778808593747,0.0,993.3922119140625
2024-12-24 10:00:00,967.5,1,12,1182.0,1237.5,342.17905998229975,342.17905998229975,0.0,625.3209400177002
2024-12-24 11:00:00,823.5,1,12,967.5,1182.0,365.5258226394654,365.5258226394654,0.0,457.9741773605346
2024-12-24 12:00:00,934.5,1,12,823.5,967.5,344.60214614868164,344.60214614868164,0.0,589.8978538513184
2024-12-24 13:00:00,1015.5,1,12,934.5,823.5,325.28294563293457,325.28294563293457,0.0,690.2170543670654
2024-12-24 14:00:00,870.0,1,12,1015.5,934.5,320.1093292236328,320.1093292236328,0.0,549.8906707763672
2024-12-24 15:00:00,1080.0,1,12,870.0,1015.5,258.12416553497314,258.12416553497314,0.0,821.8758344650269
2024-12-24 16:00:00,1291.5,1,12,1080.0,870.0,169.55054283142093,169.55054283142093,0.0,1121.949457168579
2024-12-24 17:00:00,1905.0,1,12,1291.5,1080.0,36.28080368041992,36.28080368041992,0.0,1868.71919631958
2024-12-24 18:00:00,1999.5,1,12,1905.0,1291.5,0.0,0.0,0.0,1999.5
2024-12-24 19:00:00,1891.5,1,12,1999.5,1905.0,0.0,0.0,0.0,1891.5
2024-12-24 20:00:00,1951.5,1,12,1891.5,1999.5,0.0,0.0,0.0,1951.5
2024-12-24 21:00:00,1909.5,1,12,1951.5,1891.5,0.0,0.0,0.0,1909.5
2024-12-24 22:00:00,2167.5,1,12,1909.5,1951.5,0.0,0.0,0.0,2167.5
2024-12-24 23:00:00,1812.0,1,12,2167.5,1909.5,0.0,0.0,0.0,1812.0
2024-12-25 00:00:00,2077.5,2,12,1812.0,2167.5,0.0,0.0,0.0,2077.5
2024-12-25 01:00:00,2001.0,2,12,2077.5,1812.0,0.0,0.0,0.0,2001.0
2024-12-25 02:00:00,1792.5,2,12,2001.0,2077.5,0.0,0.0,0.0,1792.5
2024-12-25 03:00:00,1815.0,2,12,1792.5,2001.0,0.0,0.0,0.0,1815.0
2024-12-25 04:00:00,1806.0,2,12,1815.0,1792.5,0.0,0.0,0.0,1806.0
2024-12-25 05:00:00,1836.0,2,12,1806.0,1815.0,0.0,0.0,0.0,1836.0
2024-12-25 06:00:00,1807.5,2,12,1836.0,1806.0,0.0,0.0,0.0,1807.5
2024-12-25 07:00:00,1416.0,2,12,1807.5,1836.0,2.0628976821899414,2.0628976821899414,0.0,1413.93710231781
2024-12-25 08:00:00,1149.0,2,12,1416.0,1807.5,73.47845077514648,73.47845077514648,0.0,1075.5215492248535
2024-12-25 09:00:00,856.5,2,12,1149.0,1416.0,67.64994621276855,67.64994621276855,0.0,788.8500537872314
2024-12-25 10:00:00,907.5,2,12,856.5,1149.0,64.21178340911865,64.21178340911865,0.0,843.2882165908813
2024-12-25 11:00:00,1086.0,2,12,907.5,856.5,102.75195121765137,102.75195121765137,0.0,983.2480487823486
2024-12-25 12:00:00,622.5,2,12,1086.0,907.5,268.40590953826904,268.40590953826904,0.0,354.09409046173096
2024-12-25 13:00:00,1146.0,2,12,622.5,1086.0,235.4322910308838,235.4322910308838,0.0,910.5677089691162
2024-12-25 14:00:00,916.5,2,12,1146.0,622.5,171.71167373657227,171.71167373657227,0.0,744.7883262634277
2024-12-25 15:00:00,1191.0,2,12,916.5,1146.0,94.92603778839111,94.92603778839111,0.0,1096.073962211609
2024-12-25 16:00:00,1533.0,2,12,1191.0,916.5,135.46361446380615,135.46361446380615,0.0,1397.5363855361938
2024-12-25 17:00:00,1989.0,2,12,1533.0,1191.0,28.38940143585205,28.38940143585205,0.0,1960.610598564148
2024-12-25 18:00:00,1975.5,2,12,1989.0,1533.0,0.0,0.0,0.0,1975.5
2024-12-25 19:00:00,1804.5,2,12,1975.5,1989.0,0.0,0.0,0.0,1804.5
2024-12-25 20:00:00,1753.5,2,12,1804.5,1975.5,0.0,0.0,0.0,1753.5
2024-12-25 21:00:00,2032.5,2,12,1753.5,1804.5,0.0,0.0,0.0,2032.5
2024-12-25 22:00:00,1743.0,2,12,2032.5,1753.5,0.0,0.0,0.0,1743.0
2024-12-25 23:00:00,1789.5,2,12,1743.0,2032.5,0.0,0.0,0.0,1789.5
2024-12-26 00:00:00,1804.5,3,12,1789.5,1743.0,0.0,0.0,0.0,1804.5
2024-12-26 01:00:00,1716.0,3,12,1804.5,1789.5,0.0,0.0,0.0,1716.0
2024-12-26 02:00:00,1734.0,3,12,1716.0,1804.5,0.0,0.0,0.0,1734.0
2024-12-26 03:00:00,1795.5,3,12,1734.0,1716.0,0.0,0.0,0.0,1795.5
2024-12-26 04:00:00,1758.0,3,12,1795.5,1734.0,0.0,0.0,0.0,1758.0
2024-12-26 05:00:00,2236.5,3,12,1758.0,1795.5,0.0,0.0,0.0,2236.5
2024-12-26 06:00:00,1773.0,3,12,2236.5,1758.0,0.0,0.0,0.0,1773.0
2024-12-26 07:00:00,1063.5,3,12,1773.0,2236.5,10.609188079833984,10.609188079833984,0.0,1052.890811920166
2024-12-26 08:00:00,745.5,3,12,1063.5,1773.0,13.49069595336914,13.49069595336914,0.0,732.0093040466309
2024-12-26 09:00:00,540.0,3,12,745.5,1063.5,21.48033142089844,21.48033142089844,0.0,518.5196685791016
2024-12-26 10:00:00,456.0,3,12,540.0,745.5,25.737104415893555,25.737104415893555,0.0,430.26289558410645
2024-12-26 11:00:00,457.5,3,12,456.0,540.0,27.767257690429688,27.767257690429688,0.0,429.7327423095703
2024-12-26 12:00:00,267.0,3,12,457.5,456.0,29.011545181274414,29.011545181274414,0.0,237.9884548187256
2024-12-26 13:00:00,391.5,3,12,267.0,457.5,170.13994216918942,170.13994216918942,0.0,221.36005783081058
2024-12-26 14:00:00,603.0,3,12,391.5,267.0,55.17432689666748,55.17432689666748,0.0,547.8256731033325
2024-12-26 15:00:00,304.5,3,12,603.0,391.5,14.342050552368164,14.342050552368164,0.0,290.15794944763184
2024-12-26 16:00:00,130.5,3,12,304.5,603.0,7.760424613952637,7.760424613952637,0.0,122.73957538604736
2024-12-26 17:00:00,204.0,3,12,130.5,304.5,0.9168434143066406,0.9168434143066406,0.0,203.08315658569336
2024-12-26 18:00:00,160.5,3,12,204.0,130.5,0.0,0.0,0.0,160.5
2024-12-26 19:00:00,159.0,3,12,160.5,204.0,0.0,0.0,0.0,159.0
2024-12-26 20:00:00,106.5,3,12,159.0,160.5,0.0,0.0,0.0,106.5
2024-12-26 21:00:00,81.0,3,12,106.5,159.0,0.0,0.0,0.0,81.0
2024-12-26 22:00:00,133.5,3,12,81.0,106.5,0.0,0.0,0.0,133.5
2024-12-26 23:00:00,204.0,3,12,133.5,81.0,0.0,0.0,0.0,204.0
2024-12-27 00:00:00,219.0,4,12,204.0,133.5,0.0,0.0,0.0,219.0
2024-12-27 01:00:00,213.0,4,12,219.0,204.0,0.0,0.0,0.0,213.0
2024-12-27 02:00:00,219.0,4,12,213.0,219.0,0.0,0.0,0.0,219.0
2024-12-27 03:00:00,210.0,4,12,219.0,213.0,0.0,0.0,0.0,210.0
2024-12-27 04:00:00,205.5,4,12,210.0,219.0,0.0,0.0,0.0,205.5
2024-12-27 05:00:00,75.0,4,12,205.5,210.0,0.0,0.0,0.0,75.0
2024-12-27 06:00:00,61.5,4,12,75.0,205.5,0.0,0.0,0.0,61.5
2024-12-27 07:00:00,10.5,4,12,61.5,75.0,4.224028587341309,4.224028587341309,0.0,6.275971412658691
2024-12-27 08:00:00,0.0,4,12,10.5,61.5,19.941344261169434,0.0,19.941344261169434,0.0
2024-12-27 09:00:00,0.0,4,12,0.0,10.5,56.58233642578125,0.0,56.58233642578125,0.0
2024-12-27 10:00:00,0.0,4,12,0.0,0.0,63.36042881011963,0.0,63.36042881011963,0.0
2024-12-27 11:00:00,0.0,4,12,0.0,0.0,77.53875732421875,0.0,77.53875732421875,0.0
2024-12-27 12:00:00,0.0,4,12,0.0,0.0,156.32180213928223,0.0,156.32180213928223,0.0
2024-12-27 13:00:00,0.0,4,12,0.0,0.0,121.84194087982178,0.0,121.84194087982178,0.0
2024-12-27 14:00:00,0.0,4,12,0.0,0.0,141.94700717926025,0.0,141.94700717926025,0.0
2024-12-27 15:00:00,0.0,4,12,0.0,0.0,154.22616004943848,0.0,154.22616004943848,0.0
2024-12-27 16:00:00,3.0,4,12,0.0,0.0,47.54487991333008,3.0,44.54487991333008,0.0
2024-12-27 17:00:00,43.5,4,12,3.0,0.0,11.067609786987303,11.067609786987303,0.0,32.432390213012695
2024-12-27 18:00:00,63.0,4,12,43.5,3.0,0.0,0.0,0.0,63.0
2024-12-27 19:00:00,61.5,4,12,63.0,43.5,0.0,0.0,0.0,61.5
2024-12-27 20:00:00,66.0,4,12,61.5,63.0,0.0,0.0,0.0,66.0
2024-12-27 21:00:00,70.5,4,12,66.0,61.5,0.0,0.0,0.0,70.5
2024-12-27 22:00:00,63.0,4,12,70.5,66.0,0.0,0.0,0.0,63.0
2024-12-27 23:00:00,63.0,4,12,63.0,70.5,0.0,0.0,0.0,63.0
2024-12-28 00:00:00,67.5,5,12,63.0,63.0,0.0,0.0,0.0,67.5
2024-12-28 01:00:00,69.0,5,12,67.5,63.0,0.0,0.0,0.0,69.0
2024-12-28 02:00:00,60.0,5,12,69.0,67.5,0.0,0.0,0.0,60.0
2024-12-28 03:00:00,69.0,5,12,60.0,69.0,0.0,0.0,0.0,69.0
2024-12-28 04:00:00,69.0,5,12,69.0,60.0,0.0,0.0,0.0,69.0
2024-12-28 05:00:00,63.0,5,12,69.0,69.0,0.0,0.0,0.0,63.0
2024-12-28 06:00:00,54.0,5,12,63.0,69.0,0.0,0.0,0.0,54.0
2024-12-28 07:00:00,12.0,5,12,54.0,63.0,44.69611644744874,12.0,32.69611644744874,0.0
2024-12-28 08:00:00,0.0,5,12,12.0,54.0,134.93970394134521,0.0,134.93970394134521,0.0
2024-12-28 09:00:00,0.0,5,12,0.0,12.0,228.13028812408447,0.0,228.13028812408447,0.0
2024-12-28 10:00:00,0.0,5,12,0.0,0.0,333.53453636169434,0.0,333.53453636169434,0.0
2024-12-28 11:00:00,0.0,5,12,0.0,0.0,279.04784202575684,0.0,279.04784202575684,0.0
2024-12-28 12:00:00,0.0,5,12,0.0,0.0,419.5868396759033,0.0,419.5868396759033,0.0
2024-12-28 13:00:00,0.0,5,12,0.0,0.0,244.86268043518066,0.0,244.86268043518066,0.0
2024-12-28 14:00:00,0.0,5,12,0.0,0.0,326.9856548309326,0.0,326.9856548309326,0.0
2024-12-28 15:00:00,0.0,5,12,0.0,0.0,256.5196895599365,0.0,256.5196895599365,0.0
2024-12-28 16:00:00,0.0,5,12,0.0,0.0,167.94606685638428,0.0,167.94606685638428,0.0
2024-12-28 17:00:00,36.0,5,12,0.0,0.0,40.66855430603027,36.0,4.668554306030273,0.0
2024-12-28 18:00:00,70.5,5,12,36.0,0.0,0.0,0.0,0.0,70.5
2024-12-28 19:00:00,64.5,5,12,70.5,36.0,0.0,0.0,0.0,64.5
2024-12-28 20:00:00,61.5,5,12,64.5,70.5,0.0,0.0,0.0,61.5
2024-12-28 21:00:00,69.0,5,12,61.5,64.5,0.0,0.0,0.0,69.0
2024-12-28 22:00:00,63.0,5,12,69.0,61.5,0.0,0.0,0.0,63.0
2024-12-28 23:00:00,63.0,5,12,63.0,69.0,0.0,0.0,0.0,63.0
2024-12-29 00:00:00,61.5,6,12,63.0,63.0,0.0,0.0,0.0,61.5
2024-12-29 01:00:00,63.0,6,12,61.5,63.0,0.0,0.0,0.0,63.0
2024-12-29 02:00:00,63.0,6,12,63.0,61.5,0.0,0.0,0.0,63.0
2024-12-29 03:00:00,60.0,6,12,63.0,63.0,0.0,0.0,0.0,60.0
2024-12-29 04:00:00,63.0,6,12,60.0,63.0,0.0,0.0,0.0,63.0
2024-12-29 05:00:00,64.5,6,12,63.0,60.0,0.0,0.0,0.0,64.5
2024-12-29 06:00:00,52.5,6,12,64.5,63.0,0.0,0.0,0.0,52.5
2024-12-29 07:00:00,15.0,6,12,52.5,64.5,85.49564838409424,15.0,70.49564838409424,0.0
2024-12-29 08:00:00,0.0,6,12,15.0,52.5,228.52322101593018,0.0,228.52322101593018,0.0
2024-12-29 09:00:00,0.0,6,12,0.0,15.0,330.0308847427368,0.0,330.0308847427368,0.0
2024-12-29 10:00:00,0.0,6,12,0.0,0.0,398.5321855545044,0.0,398.5321855545044,0.0
2024-12-29 11:00:00,0.0,6,12,0.0,0.0,416.0176992416382,0.0,416.0176992416382,0.0
2024-12-29 12:00:00,0.0,6,12,0.0,0.0,426.3649320602417,0.0,426.3649320602417,0.0
2024-12-29 13:00:00,0.0,6,12,0.0,0.0,401.1844825744629,0.0,401.1844825744629,0.0
2024-12-29 14:00:00,0.0,6,12,0.0,0.0,361.2690496444702,0.0,361.2690496444702,0.0
2024-12-29 15:00:00,0.0,6,12,0.0,0.0,282.87893772125244,0.0,282.87893772125244,0.0
2024-12-29 16:00:00,0.0,6,12,0.0,0.0,168.0770444869995,0.0,168.0770444869995,0.0
2024-12-29 17:00:00,40.5,6,12,0.0,0.0,37.394113540649414,37.394113540649414,0.0,3.105886459350586
2024-12-29 18:00:00,76.5,6,12,40.5,0.0,0.0,0.0,0.0,76.5
2024-12-29 19:00:00,76.5,6,12,76.5,40.5,0.0,0.0,0.0,76.5
2024-12-29 20:00:00,69.0,6,12,76.5,76.5,0.0,0.0,0.0,69.0
2024-12-29 21:00:00,76.5,6,12,69.0,76.5,0.0,0.0,0.0,76.5
2024-12-29 22:00:00,76.5,6,12,76.5,69.0,0.0,0.0,0.0,76.5
2024-12-29 23:00:00,124.5,6,12,76.5,76.5,0.0,0.0,0.0,124.5
2024-12-30 00:00:00,141.0,0,12,124.5,76.5,0.0,0.0,0.0,141.0
2024-12-30 01:00:00,145.5,0,12,141.0,124.5,0.0,0.0,0.0,145.5
2024-12-30 02:00:00,138.0,0,12,145.5,141.0,0.0,0.0,0.0,138.0
2024-12-30 03:00:00,135.0,0,12,138.0,145.5,0.0,0.0,0.0,135.0
2024-12-30 04:00:00,147.0,0,12,135.0,138.0,0.0,0.0,0.0,147.0
2024-12-30 05:00:00,165.0,0,12,147.0,135.0,0.0,0.0,0.0,165.0
2024-12-30 06:00:00,145.5,0,12,165.0,147.0,0.0,0.0,0.0,145.5
2024-12-30 07:00:00,9.0,0,12,145.5,165.0,5.435571670532227,5.435571670532227,0.0,3.5644283294677734
2024-12-30 08:00:00,0.0,0,12,9.0,145.5,6.843581199645996,0.0,6.843581199645996,0.0
2024-12-30 09:00:00,0.0,0,12,0.0,9.0,27.800002098083496,0.0,27.800002098083496,0.0
2024-12-30 10:00:00,0.0,0,12,0.0,0.0,239.91827487945557,0.0,239.91827487945557,0.0
2024-12-30 11:00:00,0.0,0,12,0.0,0.0,336.2850666046142,0.0,336.2850666046142,0.0
2024-12-30 12:00:00,0.0,0,12,0.0,0.0,347.7783536911011,0.0,347.7783536911011,0.0
2024-12-30 13:00:00,0.0,0,12,0.0,0.0,337.0381879806519,0.0,337.0381879806519,0.0
2024-12-30 14:00:00,0.0,0,12,0.0,0.0,330.7185173034668,0.0,330.7185173034668,0.0
2024-12-30 15:00:00,0.0,0,12,0.0,0.0,287.16845512390137,0.0,287.16845512390137,0.0
2024-12-30 16:00:00,0.0,0,12,0.0,0.0,171.48246288299563,0.0,171.48246288299563,0.0
2024-12-30 17:00:00,33.0,0,12,0.0,0.0,38.67114543914795,33.0,5.671145439147949,0.0
2024-12-30 18:00:00,76.5,0,12,33.0,0.0,0.0,0.0,0.0,76.5
2024-12-30 19:00:00,75.0,0,12,76.5,33.0,0.0,0.0,0.0,75.0
2024-12-30 20:00:00,78.0,0,12,75.0,76.5,0.0,0.0,0.0,78.0
2024-12-30 21:00:00,78.0,0,12,78.0,75.0,0.0,0.0,0.0,78.0
2024-12-30 22:00:00,69.0,0,12,78.0,78.0,0.0,0.0,0.0,69.0
2024-12-30 23:00:00,159.0,0,12,69.0,78.0,0.0,0.0,0.0,159.0
2024-12-31 00:00:00,169.5,1,12,159.0,69.0,0.0,0.0,0.0,169.5
2024-12-31 01:00:00,168.0,1,12,169.5,159.0,0.0,0.0,0.0,168.0
2024-12-31 02:00:00,168.0,1,12,168.0,169.5,0.0,0.0,0.0,168.0
2024-12-31 03:00:00,174.0,1,12,168.0,168.0,0.0,0.0,0.0,174.0
2024-12-31 04:00:00,163.5,1,12,174.0,168.0,0.0,0.0,0.0,163.5
2024-12-31 05:00:00,136.5,1,12,163.5,174.0,0.0,0.0,0.0,136.5
2024-12-31 06:00:00,117.0,1,12,136.5,163.5,0.0,0.0,0.0,117.0
2024-12-31 07:00:00,9.0,1,12,117.0,136.5,5.435571670532227,5.435571670532227,0.0,3.5644283294677734
2024-12-31 08:00:00,0.0,1,12,9.0,117.0,6.843581199645996,0.0,6.843581199645996,0.0
2024-12-31 09:00:00,1.5,1,12,0.0,9.0,27.800002098083496,1.5,26.300002098083496,0.0
2024-12-31 10:00:00,0.0,1,12,1.5,0.0,239.91827487945557,0.0,239.91827487945557,0.0
2024-12-31 11:00:00,0.0,1,12,0.0,1.5,336.2850666046142,0.0,336.2850666046142,0.0
2024-12-31 12:00:00,0.0,1,12,0.0,0.0,347.7783536911011,0.0,347.7783536911011,0.0
2024-12-31 13:00:00,1.5,1,12,0.0,0.0,337.0381879806519,1.5,335.5381879806519,0.0
2024-12-31 14:00:00,0.0,1,12,1.5,0.0,330.7185173034668,0.0,330.7185173034668,0.0
2024-12-31 15:00:00,0.0,1,12,0.0,1.5,287.16845512390137,0.0,287.16845512390137,0.0
2024-12-31 16:00:00,0.0,1,12,0.0,0.0,171.48246288299563,0.0,171.48246288299563,0.0
2024-12-31 17:00:00,42.0,1,12,0.0,0.0,38.67114543914795,38.67114543914795,0.0,3.328854560852051
2024-12-31 18:00:00,66.0,1,12,42.0,0.0,0.0,0.0,0.0,66.0
2024-12-31 19:00:00,69.0,1,12,66.0,42.0,0.0,0.0,0.0,69.0
2024-12-31 20:00:00,69.0,1,12,69.0,66.0,0.0,0.0,0.0,69.0
2024-12-31 21:00:00,66.0,1,12,69.0,69.0,0.0,0.0,0.0,66.0
2024-12-31 22:00:00,69.0,1,12,66.0,69.0,0.0,0.0,0.0,69.0
2024-12-31 23:00:00,121.5,1,12,69.0,66.0,0.0,0.0,0.0,121.5
