timestamp,load,day_of_week,month,load_lag1,load_lag2,load_wo_pv
2024-01-01 00:00:00,130.5,0,1,0.0,0.0,130.5
2024-01-01 01:00:00,132.0,0,1,130.5,0.0,132.0
2024-01-01 02:00:00,166.5,0,1,132.0,130.5,166.5
2024-01-01 03:00:00,168.0,0,1,166.5,132.0,168.0
2024-01-01 04:00:00,177.0,0,1,168.0,166.5,177.0
2024-01-01 05:00:00,174.0,0,1,177.0,168.0,174.0
2024-01-01 06:00:00,108.0,0,1,174.0,177.0,174.0
2024-01-01 07:00:00,1.5,0,1,108.0,174.0,174.0
2024-01-01 08:00:00,0.0,0,1,1.5,108.0,174.0
2024-01-01 09:00:00,0.0,0,1,0.0,1.5,174.0
2024-01-01 10:00:00,0.0,0,1,0.0,0.0,174.0
2024-01-01 11:00:00,0.0,0,1,0.0,0.0,174.0
2024-01-01 12:00:00,0.0,0,1,0.0,0.0,174.0
2024-01-01 13:00:00,0.0,0,1,0.0,0.0,174.0
2024-01-01 14:00:00,0.0,0,1,0.0,0.0,174.0
2024-01-01 15:00:00,6.0,0,1,0.0,0.0,174.0
2024-01-01 16:00:00,3.0,0,1,6.0,0.0,174.0
2024-01-01 17:00:00,103.5,0,1,3.0,6.0,174.0
2024-01-01 18:00:00,132.0,0,1,103.5,3.0,174.0
2024-01-01 19:00:00,126.0,0,1,132.0,103.5,126.0
2024-01-01 20:00:00,163.5,0,1,126.0,132.0,163.5
2024-01-01 21:00:00,166.5,0,1,163.5,126.0,166.5
2024-01-01 22:00:00,168.0,0,1,166.5,163.5,168.0
2024-01-01 23:00:00,169.5,0,1,168.0,166.5,169.5
2024-01-02 00:00:00,129.0,1,1,169.5,168.0,129.0
2024-01-02 01:00:00,117.0,1,1,129.0,169.5,117.0
2024-01-02 02:00:00,156.0,1,1,117.0,129.0,156.0
2024-01-02 03:00:00,157.5,1,1,156.0,117.0,157.5
2024-01-02 04:00:00,169.5,1,1,157.5,156.0,169.5
2024-01-02 05:00:00,177.0,1,1,169.5,157.5,177.0
2024-01-02 06:00:00,103.5,1,1,177.0,169.5,177.0
2024-01-02 07:00:00,9.0,1,1,103.5,177.0,177.0
2024-01-02 08:00:00,1.5,1,1,9.0,103.5,177.0
2024-01-02 09:00:00,3.0,1,1,1.5,9.0,177.0
2024-01-02 10:00:00,0.0,1,1,3.0,1.5,177.0
2024-01-02 11:00:00,0.0,1,1,0.0,3.0,177.0
2024-01-02 12:00:00,1.5,1,1,0.0,0.0,177.0
2024-01-02 13:00:00,4.5,1,1,1.5,0.0,177.0
2024-01-02 14:00:00,6.0,1,1,4.5,1.5,177.0
2024-01-02 15:00:00,13.5,1,1,6.0,4.5,177.0
2024-01-02 16:00:00,169.5,1,1,13.5,6.0,177.0
2024-01-02 17:00:00,208.5,1,1,169.5,13.5,177.0
2024-01-02 18:00:00,252.0,1,1,208.5,169.5,177.0
2024-01-02 19:00:00,346.5,1,1,252.0,208.5,346.5
2024-01-02 20:00:00,744.0,1,1,346.5,252.0,744.0
2024-01-02 21:00:00,2823.0,1,1,744.0,346.5,2823.0
2024-01-02 22:00:00,3405.0,1,1,2823.0,744.0,3405.0
2024-01-02 23:00:00,3486.0,1,1,3405.0,2823.0,3486.0
2024-01-03 00:00:00,2412.0,2,1,3486.0,3405.0,2412.0
2024-01-03 01:00:00,2317.5,2,1,2412.0,3486.0,2317.5
2024-01-03 02:00:00,2365.5,2,1,2317.5,2412.0,2365.5
2024-01-03 03:00:00,2098.5,2,1,2365.5,2317.5,2098.5
2024-01-03 04:00:00,2280.0,2,1,2098.5,2365.5,2280.0
2024-01-03 05:00:00,2467.5,2,1,2280.0,2098.5,2467.5
2024-01-03 06:00:00,2905.5,2,1,2467.5,2280.0,2467.5
2024-01-03 07:00:00,1588.5,2,1,2905.5,2467.5,2467.5
2024-01-03 08:00:00,1431.0,2,1,1588.5,2905.5,2467.5
2024-01-03 09:00:00,1059.0,2,1,1431.0,1588.5,2467.5
2024-01-03 10:00:00,1021.5,2,1,1059.0,1431.0,2467.5
2024-01-03 11:00:00,1039.5,2,1,1021.5,1059.0,2467.5
2024-01-03 12:00:00,912.0,2,1,1039.5,1021.5,2467.5
2024-01-03 13:00:00,1242.0,2,1,912.0,1039.5,2467.5
2024-01-03 14:00:00,1263.0,2,1,1242.0,912.0,2467.5
2024-01-03 15:00:00,1705.5,2,1,1263.0,1242.0,2467.5
2024-01-03 16:00:00,2601.0,2,1,1705.5,1263.0,2467.5
2024-01-03 17:00:00,3792.0,2,1,2601.0,1705.5,2467.5
2024-01-03 18:00:00,3775.5,2,1,3792.0,2601.0,2467.5
2024-01-03 19:00:00,2364.0,2,1,3775.5,3792.0,2364.0
2024-01-03 20:00:00,2710.5,2,1,2364.0,3775.5,2710.5
2024-01-03 21:00:00,3832.5,2,1,2710.5,2364.0,3832.5
2024-01-03 22:00:00,4069.5,2,1,3832.5,2710.5,4069.5
2024-01-03 23:00:00,3549.0,2,1,4069.5,3832.5,3549.0
2024-01-04 00:00:00,3340.5,3,1,3549.0,4069.5,3340.5
2024-01-04 01:00:00,3865.5,3,1,3340.5,3549.0,3865.5
2024-01-04 02:00:00,3489.0,3,1,3865.5,3340.5,3489.0
2024-01-04 03:00:00,3658.5,3,1,3489.0,3865.5,3658.5
2024-01-04 04:00:00,3597.0,3,1,3658.5,3489.0,3597.0
2024-01-04 05:00:00,3009.0,3,1,3597.0,3658.5,3009.0
2024-01-04 06:00:00,3222.0,3,1,3009.0,3597.0,3009.0
2024-01-04 07:00:00,2100.0,3,1,3222.0,3009.0,3009.0
2024-01-04 08:00:00,2058.0,3,1,2100.0,3222.0,3009.0
2024-01-04 09:00:00,2121.0,3,1,2058.0,2100.0,3009.0
2024-01-04 10:00:00,1269.0,3,1,2121.0,2058.0,3009.0
2024-01-04 11:00:00,1276.5,3,1,1269.0,2121.0,3009.0
2024-01-04 12:00:00,1152.0,3,1,1276.5,1269.0,3009.0
2024-01-04 13:00:00,1192.5,3,1,1152.0,1276.5,3009.0
2024-01-04 14:00:00,2070.0,3,1,1192.5,1152.0,3009.0
2024-01-04 15:00:00,1398.0,3,1,2070.0,1192.5,3009.0
2024-01-04 16:00:00,1396.5,3,1,1398.0,2070.0,3009.0
2024-01-04 17:00:00,2217.0,3,1,1396.5,1398.0,3009.0
2024-01-04 18:00:00,2251.5,3,1,2217.0,1396.5,3009.0
2024-01-04 19:00:00,2115.0,3,1,2251.5,2217.0,2115.0
2024-01-04 20:00:00,2940.0,3,1,2115.0,2251.5,2940.0
2024-01-04 21:00:00,3559.5,3,1,2940.0,2115.0,3559.5
2024-01-04 22:00:00,3256.5,3,1,3559.5,2940.0,3256.5
2024-01-04 23:00:00,3472.5,3,1,3256.5,3559.5,3472.5
2024-01-05 00:00:00,3486.0,4,1,3472.5,3256.5,3486.0
2024-01-05 01:00:00,3528.0,4,1,3486.0,3472.5,3528.0
2024-01-05 02:00:00,4189.5,4,1,3528.0,3486.0,4189.5
2024-01-05 03:00:00,4288.5,4,1,4189.5,3528.0,4288.5
2024-01-05 04:00:00,3742.5,4,1,4288.5,4189.5,3742.5
2024-01-05 05:00:00,3694.5,4,1,3742.5,4288.5,3694.5
2024-01-05 06:00:00,2917.5,4,1,3694.5,3742.5,3694.5
2024-01-05 07:00:00,2815.5,4,1,2917.5,3694.5,3694.5
2024-01-05 08:00:00,2467.5,4,1,2815.5,2917.5,3694.5
2024-01-05 09:00:00,1998.0,4,1,2467.5,2815.5,3694.5
2024-01-05 10:00:00,1588.5,4,1,1998.0,2467.5,3694.5
2024-01-05 11:00:00,972.0,4,1,1588.5,1998.0,3694.5
2024-01-05 12:00:00,1405.5,4,1,972.0,1588.5,3694.5
2024-01-05 13:00:00,1644.0,4,1,1405.5,972.0,3694.5
2024-01-05 14:00:00,1987.5,4,1,1644.0,1405.5,3694.5
2024-01-05 15:00:00,2116.5,4,1,1987.5,1644.0,3694.5
2024-01-05 16:00:00,2682.0,4,1,2116.5,1987.5,3694.5
2024-01-05 17:00:00,3442.5,4,1,2682.0,2116.5,3694.5
2024-01-05 18:00:00,3867.0,4,1,3442.5,2682.0,3694.5
2024-01-05 19:00:00,3714.0,4,1,3867.0,3442.5,3714.0
2024-01-05 20:00:00,3454.5,4,1,3714.0,3867.0,3454.5
2024-01-05 21:00:00,3471.0,4,1,3454.5,3714.0,3471.0
2024-01-05 22:00:00,3357.0,4,1,3471.0,3454.5,3357.0
2024-01-05 23:00:00,3342.0,4,1,3357.0,3471.0,3342.0
2024-01-06 00:00:00,3409.5,5,1,3342.0,3357.0,3409.5
2024-01-06 01:00:00,3426.0,5,1,3409.5,3342.0,3426.0
2024-01-06 02:00:00,3375.0,5,1,3426.0,3409.5,3375.0
2024-01-06 03:00:00,3154.5,5,1,3375.0,3426.0,3154.5
2024-01-06 04:00:00,3324.0,5,1,3154.5,3375.0,3324.0
2024-01-06 05:00:00,3246.0,5,1,3324.0,3154.5,3246.0
2024-01-06 06:00:00,3240.0,5,1,3246.0,3324.0,3246.0
2024-01-06 07:00:00,2875.5,5,1,3240.0,3246.0,3246.0
2024-01-06 08:00:00,2241.0,5,1,2875.5,3240.0,3246.0
2024-01-06 09:00:00,1633.5,5,1,2241.0,2875.5,3246.0
2024-01-06 10:00:00,1395.0,5,1,1633.5,2241.0,3246.0
2024-01-06 11:00:00,1249.5,5,1,1395.0,1633.5,3246.0
2024-01-06 12:00:00,1507.5,5,1,1249.5,1395.0,3246.0
2024-01-06 13:00:00,1651.5,5,1,1507.5,1249.5,3246.0
2024-01-06 14:00:00,1615.5,5,1,1651.5,1507.5,3246.0
2024-01-06 15:00:00,2437.5,5,1,1615.5,1651.5,3246.0
2024-01-06 16:00:00,2776.5,5,1,2437.5,1615.5,3246.0
2024-01-06 17:00:00,4168.5,5,1,2776.5,2437.5,3246.0
2024-01-06 18:00:00,3955.5,5,1,4168.5,2776.5,3246.0
2024-01-06 19:00:00,4285.5,5,1,3955.5,4168.5,4285.5
2024-01-06 20:00:00,3808.5,5,1,4285.5,3955.5,3808.5
2024-01-06 21:00:00,4492.5,5,1,3808.5,4285.5,4492.5
2024-01-06 22:00:00,4422.0,5,1,4492.5,3808.5,4422.0
2024-01-06 23:00:00,4315.5,5,1,4422.0,4492.5,4315.5
2024-01-07 00:00:00,4393.5,6,1,4315.5,4422.0,4393.5
2024-01-07 01:00:00,3907.5,6,1,4393.5,4315.5,3907.5
2024-01-07 02:00:00,3829.5,6,1,3907.5,4393.5,3829.5
2024-01-07 03:00:00,4338.0,6,1,3829.5,3907.5,4338.0
2024-01-07 04:00:00,3721.5,6,1,4338.0,3829.5,3721.5
2024-01-07 05:00:00,3784.5,6,1,3721.5,4338.0,3784.5
2024-01-07 06:00:00,4414.5,6,1,3784.5,3721.5,3784.5
2024-01-07 07:00:00,3592.5,6,1,4414.5,3784.5,3784.5
2024-01-07 08:00:00,3253.5,6,1,3592.5,4414.5,3784.5
2024-01-07 09:00:00,2586.0,6,1,3253.5,3592.5,3784.5
2024-01-07 10:00:00,1782.0,6,1,2586.0,3253.5,3784.5
2024-01-07 11:00:00,1422.0,6,1,1782.0,2586.0,3784.5
2024-01-07 12:00:00,1638.0,6,1,1422.0,1782.0,3784.5
2024-01-07 13:00:00,2403.0,6,1,1638.0,1422.0,3784.5
2024-01-07 14:00:00,3126.0,6,1,2403.0,1638.0,3784.5
2024-01-07 15:00:00,3147.0,6,1,3126.0,2403.0,3784.5
2024-01-07 16:00:00,3486.0,6,1,3147.0,3126.0,3784.5
2024-01-07 17:00:00,4344.0,6,1,3486.0,3147.0,3784.5
2024-01-07 18:00:00,4440.0,6,1,4344.0,3486.0,3784.5
2024-01-07 19:00:00,4317.0,6,1,4440.0,4344.0,4317.0
2024-01-07 20:00:00,4141.5,6,1,4317.0,4440.0,4141.5
2024-01-07 21:00:00,4192.5,6,1,4141.5,4317.0,4192.5
2024-01-07 22:00:00,4011.0,6,1,4192.5,4141.5,4011.0
2024-01-07 23:00:00,3982.5,6,1,4011.0,4192.5,3982.5
2024-01-08 00:00:00,3955.5,0,1,3982.5,4011.0,3955.5
2024-01-08 01:00:00,4098.0,0,1,3955.5,3982.5,4098.0
2024-01-08 02:00:00,4017.0,0,1,4098.0,3955.5,4017.0
2024-01-08 03:00:00,4024.5,0,1,4017.0,4098.0,4024.5
2024-01-08 04:00:00,3981.0,0,1,4024.5,4017.0,3981.0
2024-01-08 05:00:00,3732.0,0,1,3981.0,4024.5,3732.0
2024-01-08 06:00:00,3609.0,0,1,3732.0,3981.0,3732.0
2024-01-08 07:00:00,2970.0,0,1,3609.0,3732.0,3732.0
2024-01-08 08:00:00,1588.5,0,1,2970.0,3609.0,3732.0
2024-01-08 09:00:00,1108.5,0,1,1588.5,2970.0,3732.0
2024-01-08 10:00:00,879.0,0,1,1108.5,1588.5,3732.0
2024-01-08 11:00:00,1518.0,0,1,879.0,1108.5,3732.0
2024-01-08 12:00:00,1527.0,0,1,1518.0,879.0,3732.0
2024-01-08 13:00:00,1585.5,0,1,1527.0,1518.0,3732.0
2024-01-08 14:00:00,1416.0,0,1,1585.5,1527.0,3732.0
2024-01-08 15:00:00,883.5,0,1,1416.0,1585.5,3732.0
2024-01-08 16:00:00,2014.5,0,1,883.5,1416.0,3732.0
2024-01-08 17:00:00,2586.0,0,1,2014.5,883.5,3732.0
2024-01-08 18:00:00,2833.5,0,1,2586.0,2014.5,3732.0
2024-01-08 19:00:00,2794.5,0,1,2833.5,2586.0,2794.5
2024-01-08 20:00:00,2865.0,0,1,2794.5,2833.5,2865.0
2024-01-08 21:00:00,2830.5,0,1,2865.0,2794.5,2830.5
2024-01-08 22:00:00,2721.0,0,1,2830.5,2865.0,2721.0
2024-01-08 23:00:00,2662.5,0,1,2721.0,2830.5,2662.5
2024-01-09 00:00:00,2746.5,1,1,2662.5,2721.0,2746.5
2024-01-09 01:00:00,2776.5,1,1,2746.5,2662.5,2776.5
2024-01-09 02:00:00,2698.5,1,1,2776.5,2746.5,2698.5
2024-01-09 03:00:00,2764.5,1,1,2698.5,2776.5,2764.5
2024-01-09 04:00:00,2698.5,1,1,2764.5,2698.5,2698.5
2024-01-09 05:00:00,2551.5,1,1,2698.5,2764.5,2551.5
2024-01-09 06:00:00,2194.5,1,1,2551.5,2698.5,2551.5
2024-01-09 07:00:00,2698.5,1,1,2194.5,2551.5,2551.5
2024-01-09 08:00:00,3298.5,1,1,2698.5,2194.5,2551.5
2024-01-09 09:00:00,3124.5,1,1,3298.5,2698.5,2551.5
2024-01-09 10:00:00,2773.5,1,1,3124.5,3298.5,2551.5
2024-01-09 11:00:00,2569.5,1,1,2773.5,3124.5,2551.5
2024-01-09 12:00:00,1699.5,1,1,2569.5,2773.5,2551.5
2024-01-09 13:00:00,2115.0,1,1,1699.5,2569.5,2551.5
2024-01-09 14:00:00,2151.0,1,1,2115.0,1699.5,2551.5
2024-01-09 15:00:00,2457.0,1,1,2151.0,2115.0,2551.5
2024-01-09 16:00:00,3670.5,1,1,2457.0,2151.0,2551.5
2024-01-09 17:00:00,4177.5,1,1,3670.5,2457.0,2551.5
2024-01-09 18:00:00,4048.5,1,1,4177.5,3670.5,2551.5
2024-01-09 19:00:00,4219.5,1,1,4048.5,4177.5,4219.5
2024-01-09 20:00:00,4267.5,1,1,4219.5,4048.5,4267.5
2024-01-09 21:00:00,4593.0,1,1,4267.5,4219.5,4593.0
2024-01-09 22:00:00,4659.0,1,1,4593.0,4267.5,4659.0
2024-01-09 23:00:00,4417.5,1,1,4659.0,4593.0,4417.5
2024-01-10 00:00:00,4473.0,2,1,4417.5,4659.0,4473.0
2024-01-10 01:00:00,4194.0,2,1,4473.0,4417.5,4194.0
2024-01-10 02:00:00,4434.0,2,1,4194.0,4473.0,4434.0
2024-01-10 03:00:00,4098.0,2,1,4434.0,4194.0,4098.0
2024-01-10 04:00:00,4068.0,2,1,4098.0,4434.0,4068.0
2024-01-10 05:00:00,4146.0,2,1,4068.0,4098.0,4146.0
2024-01-10 06:00:00,4084.5,2,1,4146.0,4068.0,4146.0
2024-01-10 07:00:00,4041.0,2,1,4084.5,4146.0,4146.0
2024-01-10 08:00:00,3130.5,2,1,4041.0,4084.5,4146.0
2024-01-10 09:00:00,2611.5,2,1,3130.5,4041.0,4146.0
2024-01-10 10:00:00,2313.0,2,1,2611.5,3130.5,4146.0
2024-01-10 11:00:00,1893.0,2,1,2313.0,2611.5,4146.0
2024-01-10 12:00:00,1932.0,2,1,1893.0,2313.0,4146.0
2024-01-10 13:00:00,2307.0,2,1,1932.0,1893.0,4146.0
2024-01-10 14:00:00,2350.5,2,1,2307.0,1932.0,4146.0
2024-01-10 15:00:00,3147.0,2,1,2350.5,2307.0,4146.0
2024-01-10 16:00:00,3936.0,2,1,3147.0,2350.5,4146.0
2024-01-10 17:00:00,4306.5,2,1,3936.0,3147.0,4146.0
2024-01-10 18:00:00,4285.5,2,1,4306.5,3936.0,4146.0
2024-01-10 19:00:00,4273.5,2,1,4285.5,4306.5,4273.5
2024-01-10 20:00:00,4308.0,2,1,4273.5,4285.5,4308.0
2024-01-10 21:00:00,4320.0,2,1,4308.0,4273.5,4320.0
2024-01-10 22:00:00,4422.0,2,1,4320.0,4308.0,4422.0
2024-01-10 23:00:00,4437.0,2,1,4422.0,4320.0,4437.0
2024-01-11 00:00:00,4515.0,3,1,4437.0,4422.0,4515.0
2024-01-11 01:00:00,4567.5,3,1,4515.0,4437.0,4567.5
2024-01-11 02:00:00,4446.0,3,1,4567.5,4515.0,4446.0
2024-01-11 03:00:00,4314.0,3,1,4446.0,4567.5,4314.0
2024-01-11 04:00:00,3924.0,3,1,4314.0,4446.0,3924.0
2024-01-11 05:00:00,4182.0,3,1,3924.0,4314.0,4182.0
2024-01-11 06:00:00,4228.5,3,1,4182.0,3924.0,4182.0
2024-01-11 07:00:00,4183.5,3,1,4228.5,4182.0,4182.0
2024-01-11 08:00:00,3177.0,3,1,4183.5,4228.5,4182.0
2024-01-11 09:00:00,3162.0,3,1,3177.0,4183.5,4182.0
2024-01-11 10:00:00,2833.5,3,1,3162.0,3177.0,4182.0
2024-01-11 11:00:00,2596.5,3,1,2833.5,3162.0,4182.0
2024-01-11 12:00:00,2500.5,3,1,2596.5,2833.5,4182.0
2024-01-11 13:00:00,2922.0,3,1,2500.5,2596.5,4182.0
2024-01-11 14:00:00,2907.0,3,1,2922.0,2500.5,4182.0
2024-01-11 15:00:00,3058.5,3,1,2907.0,2922.0,4182.0
2024-01-11 16:00:00,4074.0,3,1,3058.5,2907.0,4182.0
2024-01-11 17:00:00,4189.5,3,1,4074.0,3058.5,4182.0
2024-01-11 18:00:00,4320.0,3,1,4189.5,4074.0,4182.0
2024-01-11 19:00:00,4357.5,3,1,4320.0,4189.5,4357.5
2024-01-11 20:00:00,4302.0,3,1,4357.5,4320.0,4302.0
2024-01-11 21:00:00,4561.5,3,1,4302.0,4357.5,4561.5
2024-01-11 22:00:00,4542.0,3,1,4561.5,4302.0,4542.0
2024-01-11 23:00:00,4462.5,3,1,4542.0,4561.5,4462.5
2024-01-12 00:00:00,4396.5,4,1,4462.5,4542.0,4396.5
2024-01-12 01:00:00,4240.5,4,1,4396.5,4462.5,4240.5
2024-01-12 02:00:00,3973.5,4,1,4240.5,4396.5,3973.5
2024-01-12 03:00:00,3132.0,4,1,3973.5,4240.5,3132.0
2024-01-12 04:00:00,3873.0,4,1,3132.0,3973.5,3873.0
2024-01-12 05:00:00,3940.5,4,1,3873.0,3132.0,3940.5
2024-01-12 06:00:00,3822.0,4,1,3940.5,3873.0,3940.5
2024-01-12 07:00:00,2302.5,4,1,3822.0,3940.5,3940.5
2024-01-12 08:00:00,1348.5,4,1,2302.5,3822.0,3940.5
2024-01-12 09:00:00,964.5,4,1,1348.5,2302.5,3940.5
2024-01-12 10:00:00,825.0,4,1,964.5,1348.5,3940.5
2024-01-12 11:00:00,1086.0,4,1,825.0,964.5,3940.5
2024-01-12 12:00:00,1074.0,4,1,1086.0,825.0,3940.5
2024-01-12 13:00:00,1108.5,4,1,1074.0,1086.0,3940.5
2024-01-12 14:00:00,1222.5,4,1,1108.5,1074.0,3940.5
2024-01-12 15:00:00,1431.0,4,1,1222.5,1108.5,3940.5
2024-01-12 16:00:00,1713.0,4,1,1431.0,1222.5,3940.5
2024-01-12 17:00:00,1930.5,4,1,1713.0,1431.0,3940.5
2024-01-12 18:00:00,1986.0,4,1,1930.5,1713.0,3940.5
2024-01-12 19:00:00,1920.0,4,1,1986.0,1930.5,1920.0
2024-01-12 20:00:00,2088.0,4,1,1920.0,1986.0,2088.0
2024-01-12 21:00:00,2230.5,4,1,2088.0,1920.0,2230.5
2024-01-12 22:00:00,1857.0,4,1,2230.5,2088.0,1857.0
2024-01-12 23:00:00,1899.0,4,1,1857.0,2230.5,1899.0
2024-01-13 00:00:00,1900.5,5,1,1899.0,1857.0,1900.5
2024-01-13 01:00:00,1926.0,5,1,1900.5,1899.0,1926.0
2024-01-13 02:00:00,1923.0,5,1,1926.0,1900.5,1923.0
2024-01-13 03:00:00,1986.0,5,1,1923.0,1926.0,1986.0
2024-01-13 04:00:00,1920.0,5,1,1986.0,1923.0,1920.0
2024-01-13 05:00:00,1918.5,5,1,1920.0,1986.0,1918.5
2024-01-13 06:00:00,2110.5,5,1,1918.5,1920.0,1918.5
2024-01-13 07:00:00,2254.5,5,1,2110.5,1918.5,1918.5
2024-01-13 08:00:00,2229.0,5,1,2254.5,2110.5,1918.5
2024-01-13 09:00:00,2149.5,5,1,2229.0,2254.5,1918.5
2024-01-13 10:00:00,2187.0,5,1,2149.5,2229.0,1918.5
2024-01-13 11:00:00,1722.0,5,1,2187.0,2149.5,1918.5
2024-01-13 12:00:00,2068.5,5,1,1722.0,2187.0,1918.5
2024-01-13 13:00:00,2518.5,5,1,2068.5,1722.0,1918.5
2024-01-13 14:00:00,2641.5,5,1,2518.5,2068.5,1918.5
2024-01-13 15:00:00,2995.5,5,1,2641.5,2518.5,1918.5
2024-01-13 16:00:00,3846.0,5,1,2995.5,2641.5,1918.5
2024-01-13 17:00:00,4401.0,5,1,3846.0,2995.5,1918.5
2024-01-13 18:00:00,3969.0,5,1,4401.0,3846.0,1918.5
2024-01-13 19:00:00,3955.5,5,1,3969.0,4401.0,3955.5
2024-01-13 20:00:00,4485.0,5,1,3955.5,3969.0,4485.0
2024-01-13 21:00:00,4486.5,5,1,4485.0,3955.5,4486.5
2024-01-13 22:00:00,4366.5,5,1,4486.5,4485.0,4366.5
2024-01-13 23:00:00,4204.5,5,1,4366.5,4486.5,4204.5
2024-01-14 00:00:00,4555.5,6,1,4204.5,4366.5,4555.5
2024-01-14 01:00:00,4410.0,6,1,4555.5,4204.5,4410.0
2024-01-14 02:00:00,4470.0,6,1,4410.0,4555.5,4470.0
2024-01-14 03:00:00,4105.5,6,1,4470.0,4410.0,4105.5
2024-01-14 04:00:00,4018.5,6,1,4105.5,4470.0,4018.5
2024-01-14 05:00:00,4546.5,6,1,4018.5,4105.5,4546.5
2024-01-14 06:00:00,4338.0,6,1,4546.5,4018.5,4546.5
2024-01-14 07:00:00,3915.0,6,1,4338.0,4546.5,4546.5
2024-01-14 08:00:00,2935.5,6,1,3915.0,4338.0,4546.5
2024-01-14 09:00:00,3189.0,6,1,2935.5,3915.0,4546.5
2024-01-14 10:00:00,2799.0,6,1,3189.0,2935.5,4546.5
2024-01-14 11:00:00,2626.5,6,1,2799.0,3189.0,4546.5
2024-01-14 12:00:00,2634.0,6,1,2626.5,2799.0,4546.5
2024-01-14 13:00:00,2772.0,6,1,2634.0,2626.5,4546.5
2024-01-14 14:00:00,2713.5,6,1,2772.0,2634.0,4546.5
2024-01-14 15:00:00,3180.0,6,1,2713.5,2772.0,4546.5
2024-01-14 16:00:00,3777.0,6,1,3180.0,2713.5,4546.5
2024-01-14 17:00:00,4080.0,6,1,3777.0,3180.0,4546.5
2024-01-14 18:00:00,4527.0,6,1,4080.0,3777.0,4546.5
2024-01-14 19:00:00,4456.5,6,1,4527.0,4080.0,4456.5
2024-01-14 20:00:00,4360.5,6,1,4456.5,4527.0,4360.5
2024-01-14 21:00:00,4285.5,6,1,4360.5,4456.5,4285.5
2024-01-14 22:00:00,4126.5,6,1,4285.5,4360.5,4126.5
2024-01-14 23:00:00,4617.0,6,1,4126.5,4285.5,4617.0
2024-01-15 00:00:00,4572.0,0,1,4617.0,4126.5,4572.0
2024-01-15 01:00:00,4557.0,0,1,4572.0,4617.0,4557.0
2024-01-15 02:00:00,4434.0,0,1,4557.0,4572.0,4434.0
2024-01-15 03:00:00,4411.5,0,1,4434.0,4557.0,4411.5
2024-01-15 04:00:00,4128.0,0,1,4411.5,4434.0,4128.0
2024-01-15 05:00:00,4302.0,0,1,4128.0,4411.5,4302.0
2024-01-15 06:00:00,3838.5,0,1,4302.0,4128.0,4302.0
2024-01-15 07:00:00,2890.5,0,1,3838.5,4302.0,4302.0
2024-01-15 08:00:00,1966.5,0,1,2890.5,3838.5,4302.0
2024-01-15 09:00:00,1218.0,0,1,1966.5,2890.5,4302.0
2024-01-15 10:00:00,1732.5,0,1,1218.0,1966.5,4302.0
2024-01-15 11:00:00,1525.5,0,1,1732.5,1218.0,4302.0
2024-01-15 12:00:00,1347.0,0,1,1525.5,1732.5,4302.0
2024-01-15 13:00:00,1549.5,0,1,1347.0,1525.5,4302.0
2024-01-15 14:00:00,1377.0,0,1,1549.5,1347.0,4302.0
2024-01-15 15:00:00,1974.0,0,1,1377.0,1549.5,4302.0
2024-01-15 16:00:00,2223.0,0,1,1974.0,1377.0,4302.0
2024-01-15 17:00:00,2679.0,0,1,2223.0,1974.0,4302.0
2024-01-15 18:00:00,2877.0,0,1,2679.0,2223.0,4302.0
2024-01-15 19:00:00,2418.0,0,1,2877.0,2679.0,2418.0
2024-01-15 20:00:00,2935.5,0,1,2418.0,2877.0,2935.5
2024-01-15 21:00:00,2922.0,0,1,2935.5,2418.0,2922.0
2024-01-15 22:00:00,2521.5,0,1,2922.0,2935.5,2521.5
2024-01-15 23:00:00,2850.0,0,1,2521.5,2922.0,2850.0
2024-01-16 00:00:00,2679.0,1,1,2850.0,2521.5,2679.0
2024-01-16 01:00:00,2731.5,1,1,2679.0,2850.0,2731.5
2024-01-16 02:00:00,2767.5,1,1,2731.5,2679.0,2767.5
2024-01-16 03:00:00,2647.5,1,1,2767.5,2731.5,2647.5
2024-01-16 04:00:00,2634.0,1,1,2647.5,2767.5,2634.0
2024-01-16 05:00:00,2661.0,1,1,2634.0,2647.5,2661.0
2024-01-16 06:00:00,2815.5,1,1,2661.0,2634.0,2661.0
2024-01-16 07:00:00,3075.0,1,1,2815.5,2661.0,2661.0
2024-01-16 08:00:00,3120.0,1,1,3075.0,2815.5,2661.0
2024-01-16 09:00:00,2463.0,1,1,3120.0,3075.0,2661.0
2024-01-16 10:00:00,2674.5,1,1,2463.0,3120.0,2661.0
2024-01-16 11:00:00,2347.5,1,1,2674.5,2463.0,2661.0
2024-01-16 12:00:00,2334.0,1,1,2347.5,2674.5,2661.0
2024-01-16 13:00:00,2452.5,1,1,2334.0,2347.5,2661.0
2024-01-16 14:00:00,2865.0,1,1,2452.5,2334.0,2661.0
2024-01-16 15:00:00,3337.5,1,1,2865.0,2452.5,2661.0
2024-01-16 16:00:00,3781.5,1,1,3337.5,2865.0,2661.0
2024-01-16 17:00:00,4153.5,1,1,3781.5,3337.5,2661.0
2024-01-16 18:00:00,4489.5,1,1,4153.5,3781.5,2661.0
2024-01-16 19:00:00,4327.5,1,1,4489.5,4153.5,4327.5
2024-01-16 20:00:00,4401.0,1,1,4327.5,4489.5,4401.0
2024-01-16 21:00:00,4470.0,1,1,4401.0,4327.5,4470.0
2024-01-16 22:00:00,4596.0,1,1,4470.0,4401.0,4596.0
2024-01-16 23:00:00,4420.5,1,1,4596.0,4470.0,4420.5
2024-01-17 00:00:00,4314.0,2,1,4420.5,4596.0,4314.0
2024-01-17 01:00:00,3877.5,2,1,4314.0,4420.5,3877.5
2024-01-17 02:00:00,4537.5,2,1,3877.5,4314.0,4537.5
2024-01-17 03:00:00,4261.5,2,1,4537.5,3877.5,4261.5
2024-01-17 04:00:00,4026.0,2,1,4261.5,4537.5,4026.0
2024-01-17 05:00:00,3913.5,2,1,4026.0,4261.5,3913.5
2024-01-17 06:00:00,4575.0,2,1,3913.5,4026.0,3913.5
2024-01-17 07:00:00,4026.0,2,1,4575.0,3913.5,3913.5
2024-01-17 08:00:00,3405.0,2,1,4026.0,4575.0,3913.5
2024-01-17 09:00:00,3153.0,2,1,3405.0,4026.0,3913.5
2024-01-17 10:00:00,2689.5,2,1,3153.0,3405.0,3913.5
2024-01-17 11:00:00,2473.5,2,1,2689.5,3153.0,3913.5
2024-01-17 12:00:00,2556.0,2,1,2473.5,2689.5,3913.5
2024-01-17 13:00:00,2619.0,2,1,2556.0,2473.5,3913.5
2024-01-17 14:00:00,2691.0,2,1,2619.0,2556.0,3913.5
2024-01-17 15:00:00,3091.5,2,1,2691.0,2619.0,3913.5
2024-01-17 16:00:00,3642.0,2,1,3091.5,2691.0,3913.5
2024-01-17 17:00:00,3958.5,2,1,3642.0,3091.5,3913.5
2024-01-17 18:00:00,4465.5,2,1,3958.5,3642.0,3913.5
2024-01-17 19:00:00,4386.0,2,1,4465.5,3958.5,4386.0
2024-01-17 20:00:00,4420.5,2,1,4386.0,4465.5,4420.5
2024-01-17 21:00:00,4551.0,2,1,4420.5,4386.0,4551.0
2024-01-17 22:00:00,4500.0,2,1,4551.0,4420.5,4500.0
2024-01-17 23:00:00,4393.5,2,1,4500.0,4551.0,4393.5
2024-01-18 00:00:00,4546.5,3,1,4393.5,4500.0,4546.5
2024-01-18 01:00:00,4540.5,3,1,4546.5,4393.5,4540.5
2024-01-18 02:00:00,4344.0,3,1,4540.5,4546.5,4344.0
2024-01-18 03:00:00,4471.5,3,1,4344.0,4540.5,4471.5
2024-01-18 04:00:00,4473.0,3,1,4471.5,4344.0,4473.0
2024-01-18 05:00:00,4416.0,3,1,4473.0,4471.5,4416.0
2024-01-18 06:00:00,3735.0,3,1,4416.0,4473.0,4416.0
2024-01-18 07:00:00,2442.0,3,1,3735.0,4416.0,4416.0
2024-01-18 08:00:00,1201.5,3,1,2442.0,3735.0,4416.0
2024-01-18 09:00:00,1066.5,3,1,1201.5,2442.0,4416.0
2024-01-18 10:00:00,987.0,3,1,1066.5,1201.5,4416.0
2024-01-18 11:00:00,658.5,3,1,987.0,1066.5,4416.0
2024-01-18 12:00:00,382.5,3,1,658.5,987.0,4416.0
2024-01-18 13:00:00,1033.5,3,1,382.5,658.5,4416.0
2024-01-18 14:00:00,993.0,3,1,1033.5,382.5,4416.0
2024-01-18 15:00:00,1108.5,3,1,993.0,1033.5,4416.0
2024-01-18 16:00:00,1177.5,3,1,1108.5,993.0,4416.0
2024-01-18 17:00:00,1290.0,3,1,1177.5,1108.5,4416.0
2024-01-18 18:00:00,1989.0,3,1,1290.0,1177.5,4416.0
2024-01-18 19:00:00,2001.0,3,1,1989.0,1290.0,2001.0
2024-01-18 20:00:00,1984.5,3,1,2001.0,1989.0,1984.5
2024-01-18 21:00:00,2062.5,3,1,1984.5,2001.0,2062.5
2024-01-18 22:00:00,2010.0,3,1,2062.5,1984.5,2010.0
2024-01-18 23:00:00,2101.5,3,1,2010.0,2062.5,2101.5
2024-01-19 00:00:00,2073.0,4,1,2101.5,2010.0,2073.0
2024-01-19 01:00:00,2053.5,4,1,2073.0,2101.5,2053.5
2024-01-19 02:00:00,1929.0,4,1,2053.5,2073.0,1929.0
2024-01-19 03:00:00,2040.0,4,1,1929.0,2053.5,2040.0
2024-01-19 04:00:00,1987.5,4,1,2040.0,1929.0,1987.5
2024-01-19 05:00:00,1821.0,4,1,1987.5,2040.0,1821.0
2024-01-19 06:00:00,1339.5,4,1,1821.0,1987.5,1821.0
2024-01-19 07:00:00,576.0,4,1,1339.5,1821.0,1821.0
2024-01-19 08:00:00,10.5,4,1,576.0,1339.5,1821.0
2024-01-19 09:00:00,9.0,4,1,10.5,576.0,1821.0
2024-01-19 10:00:00,1.5,4,1,9.0,10.5,1821.0
2024-01-19 11:00:00,13.5,4,1,1.5,9.0,1821.0
2024-01-19 12:00:00,7.5,4,1,13.5,1.5,1821.0
2024-01-19 13:00:00,13.5,4,1,7.5,13.5,1821.0
2024-01-19 14:00:00,4.5,4,1,13.5,7.5,1821.0
2024-01-19 15:00:00,24.0,4,1,4.5,13.5,1821.0
2024-01-19 16:00:00,63.0,4,1,24.0,4.5,1821.0
2024-01-19 17:00:00,204.0,4,1,63.0,24.0,1821.0
2024-01-19 18:00:00,288.0,4,1,204.0,63.0,1821.0
2024-01-19 19:00:00,294.0,4,1,288.0,204.0,294.0
2024-01-19 20:00:00,324.0,4,1,294.0,288.0,324.0
2024-01-19 21:00:00,322.5,4,1,324.0,294.0,322.5
2024-01-19 22:00:00,304.5,4,1,322.5,324.0,304.5
2024-01-19 23:00:00,298.5,4,1,304.5,322.5,298.5
2024-01-20 00:00:00,304.5,5,1,298.5,304.5,304.5
2024-01-20 01:00:00,289.5,5,1,304.5,298.5,289.5
2024-01-20 02:00:00,303.0,5,1,289.5,304.5,303.0
2024-01-20 03:00:00,298.5,5,1,303.0,289.5,298.5
2024-01-20 04:00:00,297.0,5,1,298.5,303.0,297.0
2024-01-20 05:00:00,307.5,5,1,297.0,298.5,307.5
2024-01-20 06:00:00,1176.0,5,1,307.5,297.0,307.5
2024-01-20 07:00:00,2388.0,5,1,1176.0,307.5,307.5
2024-01-20 08:00:00,2632.5,5,1,2388.0,1176.0,307.5
2024-01-20 09:00:00,2424.0,5,1,2632.5,2388.0,307.5
2024-01-20 10:00:00,1959.0,5,1,2424.0,2632.5,307.5
2024-01-20 11:00:00,1147.5,5,1,1959.0,2424.0,307.5
2024-01-20 12:00:00,1711.5,5,1,1147.5,1959.0,307.5
2024-01-20 13:00:00,2422.5,5,1,1711.5,1147.5,307.5
2024-01-20 14:00:00,2176.5,5,1,2422.5,1711.5,307.5
2024-01-20 15:00:00,2374.5,5,1,2176.5,2422.5,307.5
2024-01-20 16:00:00,3348.0,5,1,2374.5,2176.5,307.5
2024-01-20 17:00:00,3898.5,5,1,3348.0,2374.5,307.5
2024-01-20 18:00:00,3964.5,5,1,3898.5,3348.0,307.5
2024-01-20 19:00:00,3795.0,5,1,3964.5,3898.5,3795.0
2024-01-20 20:00:00,2928.0,5,1,3795.0,3964.5,2928.0
2024-01-20 21:00:00,3691.5,5,1,2928.0,3795.0,3691.5
2024-01-20 22:00:00,3256.5,5,1,3691.5,2928.0,3256.5
2024-01-20 23:00:00,3670.5,5,1,3256.5,3691.5,3670.5
2024-01-21 00:00:00,3903.0,6,1,3670.5,3256.5,3903.0
2024-01-21 01:00:00,4168.5,6,1,3903.0,3670.5,4168.5
2024-01-21 02:00:00,4108.5,6,1,4168.5,3903.0,4108.5
2024-01-21 03:00:00,4042.5,6,1,4108.5,4168.5,4042.5
2024-01-21 04:00:00,4102.5,6,1,4042.5,4108.5,4102.5
2024-01-21 05:00:00,3840.0,6,1,4102.5,4042.5,3840.0
2024-01-21 06:00:00,3649.5,6,1,3840.0,4102.5,3840.0
2024-01-21 07:00:00,3483.0,6,1,3649.5,3840.0,3840.0
2024-01-21 08:00:00,2365.5,6,1,3483.0,3649.5,3840.0
2024-01-21 09:00:00,1390.5,6,1,2365.5,3483.0,3840.0
2024-01-21 10:00:00,1732.5,6,1,1390.5,2365.5,3840.0
2024-01-21 11:00:00,1887.0,6,1,1732.5,1390.5,3840.0
2024-01-21 12:00:00,2049.0,6,1,1887.0,1732.5,3840.0
2024-01-21 13:00:00,1990.5,6,1,2049.0,1887.0,3840.0
2024-01-21 14:00:00,1657.5,6,1,1990.5,2049.0,3840.0
2024-01-21 15:00:00,2583.0,6,1,1657.5,1990.5,3840.0
2024-01-21 16:00:00,3783.0,6,1,2583.0,1657.5,3840.0
2024-01-21 17:00:00,4158.0,6,1,3783.0,2583.0,3840.0
2024-01-21 18:00:00,3970.5,6,1,4158.0,3783.0,3840.0
2024-01-21 19:00:00,4011.0,6,1,3970.5,4158.0,4011.0
2024-01-21 20:00:00,4146.0,6,1,4011.0,3970.5,4146.0
2024-01-21 21:00:00,4171.5,6,1,4146.0,4011.0,4171.5
2024-01-21 22:00:00,4173.0,6,1,4171.5,4146.0,4173.0
2024-01-21 23:00:00,3540.0,6,1,4173.0,4171.5,3540.0
2024-01-22 00:00:00,3451.5,0,1,3540.0,4173.0,3451.5
2024-01-22 01:00:00,3393.0,0,1,3451.5,3540.0,3393.0
2024-01-22 02:00:00,3438.0,0,1,3393.0,3451.5,3438.0
2024-01-22 03:00:00,2559.0,0,1,3438.0,3393.0,2559.0
2024-01-22 04:00:00,1741.5,0,1,2559.0,3438.0,1741.5
2024-01-22 05:00:00,1707.0,0,1,1741.5,2559.0,1707.0
2024-01-22 06:00:00,1657.5,0,1,1707.0,1741.5,1707.0
2024-01-22 07:00:00,1060.5,0,1,1657.5,1707.0,1707.0
2024-01-22 08:00:00,622.5,0,1,1060.5,1657.5,1707.0
2024-01-22 09:00:00,46.5,0,1,622.5,1060.5,1707.0
2024-01-22 10:00:00,22.5,0,1,46.5,622.5,1707.0
2024-01-22 11:00:00,6.0,0,1,22.5,46.5,1707.0
2024-01-22 12:00:00,15.0,0,1,6.0,22.5,1707.0
2024-01-22 13:00:00,15.0,0,1,15.0,6.0,1707.0
2024-01-22 14:00:00,12.0,0,1,15.0,15.0,1707.0
2024-01-22 15:00:00,24.0,0,1,12.0,15.0,1707.0
2024-01-22 16:00:00,88.5,0,1,24.0,12.0,1707.0
2024-01-22 17:00:00,255.0,0,1,88.5,24.0,1707.0
2024-01-22 18:00:00,324.0,0,1,255.0,88.5,1707.0
2024-01-22 19:00:00,328.5,0,1,324.0,255.0,328.5
2024-01-22 20:00:00,334.5,0,1,328.5,324.0,334.5
2024-01-22 21:00:00,360.0,0,1,334.5,328.5,360.0
2024-01-22 22:00:00,321.0,0,1,360.0,334.5,321.0
2024-01-22 23:00:00,318.0,0,1,321.0,360.0,318.0
2024-01-23 00:00:00,324.0,1,1,318.0,321.0,324.0
2024-01-23 01:00:00,316.5,1,1,324.0,318.0,316.5
2024-01-23 02:00:00,313.5,1,1,316.5,324.0,313.5
2024-01-23 03:00:00,313.5,1,1,313.5,316.5,313.5
2024-01-23 04:00:00,318.0,1,1,313.5,313.5,318.0
2024-01-23 05:00:00,312.0,1,1,318.0,313.5,312.0
2024-01-23 06:00:00,306.0,1,1,312.0,318.0,312.0
2024-01-23 07:00:00,285.0,1,1,306.0,312.0,312.0
2024-01-23 08:00:00,204.0,1,1,285.0,306.0,312.0
2024-01-23 09:00:00,76.5,1,1,204.0,285.0,312.0
2024-01-23 10:00:00,37.5,1,1,76.5,204.0,312.0
2024-01-23 11:00:00,39.0,1,1,37.5,76.5,312.0
2024-01-23 12:00:00,12.0,1,1,39.0,37.5,312.0
2024-01-23 13:00:00,18.0,1,1,12.0,39.0,312.0
2024-01-23 14:00:00,37.5,1,1,18.0,12.0,312.0
2024-01-23 15:00:00,112.5,1,1,37.5,18.0,312.0
2024-01-23 16:00:00,163.5,1,1,112.5,37.5,312.0
2024-01-23 17:00:00,237.0,1,1,163.5,112.5,312.0
2024-01-23 18:00:00,328.5,1,1,237.0,163.5,312.0
2024-01-23 19:00:00,322.5,1,1,328.5,237.0,322.5
2024-01-23 20:00:00,334.5,1,1,322.5,328.5,334.5
2024-01-23 21:00:00,351.0,1,1,334.5,322.5,351.0
2024-01-23 22:00:00,339.0,1,1,351.0,334.5,339.0
2024-01-23 23:00:00,345.0,1,1,339.0,351.0,345.0
2024-01-24 00:00:00,336.0,2,1,345.0,339.0,336.0
2024-01-24 01:00:00,340.5,2,1,336.0,345.0,340.5
2024-01-24 02:00:00,336.0,2,1,340.5,336.0,336.0
2024-01-24 03:00:00,328.5,2,1,336.0,340.5,328.5
2024-01-24 04:00:00,336.0,2,1,328.5,336.0,336.0
2024-01-24 05:00:00,331.5,2,1,336.0,328.5,331.5
2024-01-24 06:00:00,318.0,2,1,331.5,336.0,331.5
2024-01-24 07:00:00,204.0,2,1,318.0,331.5,331.5
2024-01-24 08:00:00,45.0,2,1,204.0,318.0,331.5
2024-01-24 09:00:00,28.5,2,1,45.0,204.0,331.5
2024-01-24 10:00:00,0.0,2,1,28.5,45.0,331.5
2024-01-24 11:00:00,9.0,2,1,0.0,28.5,331.5
2024-01-24 12:00:00,21.0,2,1,9.0,0.0,331.5
2024-01-24 13:00:00,15.0,2,1,21.0,9.0,331.5
2024-01-24 14:00:00,18.0,2,1,15.0,21.0,331.5
2024-01-24 15:00:00,42.0,2,1,18.0,15.0,331.5
2024-01-24 16:00:00,99.0,2,1,42.0,18.0,331.5
2024-01-24 17:00:00,247.5,2,1,99.0,42.0,331.5
2024-01-24 18:00:00,315.0,2,1,247.5,99.0,331.5
2024-01-24 19:00:00,315.0,2,1,315.0,247.5,315.0
2024-01-24 20:00:00,342.0,2,1,315.0,315.0,342.0
2024-01-24 21:00:00,354.0,2,1,342.0,315.0,354.0
2024-01-24 22:00:00,340.5,2,1,354.0,342.0,340.5
2024-01-24 23:00:00,340.5,2,1,340.5,354.0,340.5
2024-01-25 00:00:00,334.5,3,1,340.5,340.5,334.5
2024-01-25 01:00:00,351.0,3,1,334.5,340.5,351.0
2024-01-25 02:00:00,349.5,3,1,351.0,334.5,349.5
2024-01-25 03:00:00,345.0,3,1,349.5,351.0,345.0
2024-01-25 04:00:00,333.0,3,1,345.0,349.5,333.0
2024-01-25 05:00:00,321.0,3,1,333.0,345.0,321.0
2024-01-25 06:00:00,318.0,3,1,321.0,333.0,321.0
2024-01-25 07:00:00,300.0,3,1,318.0,321.0,321.0
2024-01-25 08:00:00,310.5,3,1,300.0,318.0,321.0
2024-01-25 09:00:00,151.5,3,1,310.5,300.0,321.0
2024-01-25 10:00:00,30.0,3,1,151.5,310.5,321.0
2024-01-25 11:00:00,19.5,3,1,30.0,151.5,321.0
2024-01-25 12:00:00,1.5,3,1,19.5,30.0,321.0
2024-01-25 13:00:00,7.5,3,1,1.5,19.5,321.0
2024-01-25 14:00:00,12.0,3,1,7.5,1.5,321.0
2024-01-25 15:00:00,52.5,3,1,12.0,7.5,321.0
2024-01-25 16:00:00,117.0,3,1,52.5,12.0,321.0
2024-01-25 17:00:00,249.0,3,1,117.0,52.5,321.0
2024-01-25 18:00:00,324.0,3,1,249.0,117.0,321.0
2024-01-25 19:00:00,327.0,3,1,324.0,249.0,327.0
2024-01-25 20:00:00,331.5,3,1,327.0,324.0,331.5
2024-01-25 21:00:00,337.5,3,1,331.5,327.0,337.5
2024-01-25 22:00:00,340.5,3,1,337.5,331.5,340.5
2024-01-25 23:00:00,325.5,3,1,340.5,337.5,325.5
2024-01-26 00:00:00,318.0,4,1,325.5,340.5,318.0
2024-01-26 01:00:00,340.5,4,1,318.0,325.5,340.5
2024-01-26 02:00:00,340.5,4,1,340.5,318.0,340.5
2024-01-26 03:00:00,336.0,4,1,340.5,340.5,336.0
2024-01-26 04:00:00,336.0,4,1,336.0,340.5,336.0
2024-01-26 05:00:00,429.0,4,1,336.0,336.0,429.0
2024-01-26 06:00:00,469.5,4,1,429.0,336.0,429.0
2024-01-26 07:00:00,376.5,4,1,469.5,429.0,429.0
2024-01-26 08:00:00,282.0,4,1,376.5,469.5,429.0
2024-01-26 09:00:00,180.0,4,1,282.0,376.5,429.0
2024-01-26 10:00:00,22.5,4,1,180.0,282.0,429.0
2024-01-26 11:00:00,69.0,4,1,22.5,180.0,429.0
2024-01-26 12:00:00,15.0,4,1,69.0,22.5,429.0
2024-01-26 13:00:00,30.0,4,1,15.0,69.0,429.0
2024-01-26 14:00:00,51.0,4,1,30.0,15.0,429.0
2024-01-26 15:00:00,105.0,4,1,51.0,30.0,429.0
2024-01-26 16:00:00,238.5,4,1,105.0,51.0,429.0
2024-01-26 17:00:00,565.5,4,1,238.5,105.0,429.0
2024-01-26 18:00:00,639.0,4,1,565.5,238.5,429.0
2024-01-26 19:00:00,574.5,4,1,639.0,565.5,574.5
2024-01-26 20:00:00,1041.0,4,1,574.5,639.0,1041.0
2024-01-26 21:00:00,2394.0,4,1,1041.0,574.5,2394.0
2024-01-26 22:00:00,2401.5,4,1,2394.0,1041.0,2401.5
2024-01-26 23:00:00,2494.5,4,1,2401.5,2394.0,2494.5
2024-01-27 00:00:00,2710.5,5,1,2494.5,2401.5,2710.5
2024-01-27 01:00:00,2799.0,5,1,2710.5,2494.5,2799.0
2024-01-27 02:00:00,2784.0,5,1,2799.0,2710.5,2784.0
2024-01-27 03:00:00,1335.0,5,1,2784.0,2799.0,1335.0
2024-01-27 04:00:00,585.0,5,1,1335.0,2784.0,585.0
2024-01-27 05:00:00,600.0,5,1,585.0,1335.0,600.0
2024-01-27 06:00:00,985.5,5,1,600.0,585.0,600.0
2024-01-27 07:00:00,906.0,5,1,985.5,600.0,600.0
2024-01-27 08:00:00,1668.0,5,1,906.0,985.5,600.0
2024-01-27 09:00:00,1272.0,5,1,1668.0,906.0,600.0
2024-01-27 10:00:00,1255.5,5,1,1272.0,1668.0,600.0
2024-01-27 11:00:00,1573.5,5,1,1255.5,1272.0,600.0
2024-01-27 12:00:00,846.0,5,1,1573.5,1255.5,600.0
2024-01-27 13:00:00,468.0,5,1,846.0,1573.5,600.0
2024-01-27 14:00:00,780.0,5,1,468.0,846.0,600.0
2024-01-27 15:00:00,1255.5,5,1,780.0,468.0,600.0
2024-01-27 16:00:00,1350.0,5,1,1255.5,780.0,600.0
2024-01-27 17:00:00,1060.5,5,1,1350.0,1255.5,600.0
2024-01-27 18:00:00,954.0,5,1,1060.5,1350.0,600.0
2024-01-27 19:00:00,919.5,5,1,954.0,1060.5,919.5
2024-01-27 20:00:00,894.0,5,1,919.5,954.0,894.0
2024-01-27 21:00:00,1296.0,5,1,894.0,919.5,1296.0
2024-01-27 22:00:00,885.0,5,1,1296.0,894.0,885.0
2024-01-27 23:00:00,1872.0,5,1,885.0,1296.0,1872.0
2024-01-28 00:00:00,1551.0,6,1,1872.0,885.0,1551.0
2024-01-28 01:00:00,2088.0,6,1,1551.0,1872.0,2088.0
2024-01-28 02:00:00,1486.5,6,1,2088.0,1551.0,1486.5
2024-01-28 03:00:00,1771.5,6,1,1486.5,2088.0,1771.5
2024-01-28 04:00:00,2289.0,6,1,1771.5,1486.5,2289.0
2024-01-28 05:00:00,1170.0,6,1,2289.0,1771.5,1170.0
2024-01-28 06:00:00,1134.0,6,1,1170.0,2289.0,1170.0
2024-01-28 07:00:00,1612.5,6,1,1134.0,1170.0,1170.0
2024-01-28 08:00:00,1458.0,6,1,1612.5,1134.0,1170.0
2024-01-28 09:00:00,2058.0,6,1,1458.0,1612.5,1170.0
2024-01-28 10:00:00,1836.0,6,1,2058.0,1458.0,1170.0
2024-01-28 11:00:00,1605.0,6,1,1836.0,2058.0,1170.0
2024-01-28 12:00:00,1134.0,6,1,1605.0,1836.0,1170.0
2024-01-28 13:00:00,1035.0,6,1,1134.0,1605.0,1170.0
2024-01-28 14:00:00,1293.0,6,1,1035.0,1134.0,1170.0
2024-01-28 15:00:00,1365.0,6,1,1293.0,1035.0,1170.0
2024-01-28 16:00:00,1834.5,6,1,1365.0,1293.0,1170.0
2024-01-28 17:00:00,2229.0,6,1,1834.5,1365.0,1170.0
2024-01-28 18:00:00,2442.0,6,1,2229.0,1834.5,1170.0
2024-01-28 19:00:00,2439.0,6,1,2442.0,2229.0,2439.0
2024-01-28 20:00:00,2394.0,6,1,2439.0,2442.0,2394.0
2024-01-28 21:00:00,2421.0,6,1,2394.0,2439.0,2421.0
2024-01-28 22:00:00,3087.0,6,1,2421.0,2394.0,3087.0
2024-01-28 23:00:00,2931.0,6,1,3087.0,2421.0,2931.0
2024-01-29 00:00:00,2448.0,0,1,2931.0,3087.0,2448.0
2024-01-29 01:00:00,2529.0,0,1,2448.0,2931.0,2529.0
2024-01-29 02:00:00,2626.5,0,1,2529.0,2448.0,2626.5
2024-01-29 03:00:00,2728.5,0,1,2626.5,2529.0,2728.5
2024-01-29 04:00:00,2862.0,0,1,2728.5,2626.5,2862.0
2024-01-29 05:00:00,2952.0,0,1,2862.0,2728.5,2952.0
2024-01-29 06:00:00,2824.5,0,1,2952.0,2862.0,2952.0
2024-01-29 07:00:00,2674.5,0,1,2824.5,2952.0,2952.0
2024-01-29 08:00:00,2503.5,0,1,2674.5,2824.5,2952.0
2024-01-29 09:00:00,2304.0,0,1,2503.5,2674.5,2952.0
2024-01-29 10:00:00,2055.0,0,1,2304.0,2503.5,2952.0
2024-01-29 11:00:00,1755.0,0,1,2055.0,2304.0,2952.0
2024-01-29 12:00:00,1518.0,0,1,1755.0,2055.0,2952.0
2024-01-29 13:00:00,1704.0,0,1,1518.0,1755.0,2952.0
2024-01-29 14:00:00,1932.0,0,1,1704.0,1518.0,2952.0
2024-01-29 15:00:00,2296.5,0,1,1932.0,1704.0,2952.0
2024-01-29 16:00:00,2535.0,0,1,2296.5,1932.0,2952.0
2024-01-29 17:00:00,2766.0,0,1,2535.0,2296.5,2952.0
2024-01-29 18:00:00,2689.5,0,1,2766.0,2535.0,2952.0
2024-01-29 19:00:00,3015.0,0,1,2689.5,2766.0,3015.0
2024-01-29 20:00:00,2967.0,0,1,3015.0,2689.5,2967.0
2024-01-29 21:00:00,3024.0,0,1,2967.0,3015.0,3024.0
2024-01-29 22:00:00,3046.5,0,1,3024.0,2967.0,3046.5
2024-01-29 23:00:00,2989.5,0,1,3046.5,3024.0,2989.5
2024-01-30 00:00:00,3052.5,1,1,2989.5,3046.5,3052.5
2024-01-30 01:00:00,2925.0,1,1,3052.5,2989.5,2925.0
2024-01-30 02:00:00,2983.5,1,1,2925.0,3052.5,2983.5
2024-01-30 03:00:00,2926.5,1,1,2983.5,2925.0,2926.5
2024-01-30 04:00:00,2908.5,1,1,2926.5,2983.5,2908.5
2024-01-30 05:00:00,2692.5,1,1,2908.5,2926.5,2692.5
2024-01-30 06:00:00,2937.0,1,1,2692.5,2908.5,2692.5
2024-01-30 07:00:00,2550.0,1,1,2937.0,2692.5,2692.5
2024-01-30 08:00:00,1990.5,1,1,2550.0,2937.0,2692.5
2024-01-30 09:00:00,1956.0,1,1,1990.5,2550.0,2692.5
2024-01-30 10:00:00,1744.5,1,1,1956.0,1990.5,2692.5
2024-01-30 11:00:00,1638.0,1,1,1744.5,1956.0,2692.5
2024-01-30 12:00:00,1452.0,1,1,1638.0,1744.5,2692.5
2024-01-30 13:00:00,1620.0,1,1,1452.0,1638.0,2692.5
2024-01-30 14:00:00,1821.0,1,1,1620.0,1452.0,2692.5
2024-01-30 15:00:00,2281.5,1,1,1821.0,1620.0,2692.5
2024-01-30 16:00:00,2646.0,1,1,2281.5,1821.0,2692.5
2024-01-30 17:00:00,2827.5,1,1,2646.0,2281.5,2692.5
2024-01-30 18:00:00,2788.5,1,1,2827.5,2646.0,2692.5
2024-01-30 19:00:00,2779.5,1,1,2788.5,2827.5,2779.5
2024-01-30 20:00:00,2430.0,1,1,2779.5,2788.5,2430.0
2024-01-30 21:00:00,2887.5,1,1,2430.0,2779.5,2887.5
2024-01-30 22:00:00,2907.0,1,1,2887.5,2430.0,2907.0
2024-01-30 23:00:00,1963.5,1,1,2907.0,2887.5,1963.5
2024-01-31 00:00:00,2247.0,2,1,1963.5,2907.0,2247.0
2024-01-31 01:00:00,1542.0,2,1,2247.0,1963.5,1542.0
2024-01-31 02:00:00,2730.0,2,1,1542.0,2247.0,2730.0
2024-01-31 03:00:00,2500.5,2,1,2730.0,1542.0,2500.5
2024-01-31 04:00:00,1548.0,2,1,2500.5,2730.0,1548.0
2024-01-31 05:00:00,2727.0,2,1,1548.0,2500.5,2727.0
2024-01-31 06:00:00,2073.0,2,1,2727.0,1548.0,2727.0
2024-01-31 07:00:00,2025.0,2,1,2073.0,2727.0,2727.0
2024-01-31 08:00:00,2223.0,2,1,2025.0,2073.0,2727.0
2024-01-31 09:00:00,474.0,2,1,2223.0,2025.0,2727.0
2024-01-31 10:00:00,1419.0,2,1,474.0,2223.0,2727.0
2024-01-31 11:00:00,1197.0,2,1,1419.0,474.0,2727.0
2024-01-31 12:00:00,1587.0,2,1,1197.0,1419.0,2727.0
2024-01-31 13:00:00,1722.0,2,1,1587.0,1197.0,2727.0
2024-01-31 14:00:00,1944.0,2,1,1722.0,1587.0,2727.0
2024-01-31 15:00:00,1671.0,2,1,1944.0,1722.0,2727.0
2024-01-31 16:00:00,2067.0,2,1,1671.0,1944.0,2727.0
2024-01-31 17:00:00,2785.5,2,1,2067.0,1671.0,2727.0
2024-01-31 18:00:00,2964.0,2,1,2785.5,2067.0,2727.0
2024-01-31 19:00:00,2703.0,2,1,2964.0,2785.5,2703.0
2024-01-31 20:00:00,2254.5,2,1,2703.0,2964.0,2254.5
2024-01-31 21:00:00,2908.5,2,1,2254.5,2703.0,2908.5
2024-01-31 22:00:00,2895.0,2,1,2908.5,2254.5,2895.0
2024-01-31 23:00:00,2391.0,2,1,2895.0,2908.5,2391.0
2024-02-01 00:00:00,2856.0,3,2,2391.0,2895.0,2856.0
2024-02-01 01:00:00,2679.0,3,2,2856.0,2391.0,2679.0
2024-02-01 02:00:00,1684.5,3,2,2679.0,2856.0,1684.5
2024-02-01 03:00:00,1189.5,3,2,1684.5,2679.0,1189.5
2024-02-01 04:00:00,1468.5,3,2,1189.5,1684.5,1468.5
2024-02-01 05:00:00,2548.5,3,2,1468.5,1189.5,2548.5
2024-02-01 06:00:00,1750.5,3,2,2548.5,1468.5,2548.5
2024-02-01 07:00:00,870.0,3,2,1750.5,2548.5,2548.5
2024-02-01 08:00:00,75.0,3,2,870.0,1750.5,2548.5
2024-02-01 09:00:00,18.0,3,2,75.0,870.0,2548.5
2024-02-01 10:00:00,18.0,3,2,18.0,75.0,2548.5
2024-02-01 11:00:00,16.5,3,2,18.0,18.0,2548.5
2024-02-01 12:00:00,12.0,3,2,16.5,18.0,2548.5
2024-02-01 13:00:00,10.5,3,2,12.0,16.5,2548.5
2024-02-01 14:00:00,7.5,3,2,10.5,12.0,2548.5
2024-02-01 15:00:00,0.0,3,2,7.5,10.5,2548.5
2024-02-01 16:00:00,30.0,3,2,0.0,7.5,2548.5
2024-02-01 17:00:00,237.0,3,2,30.0,0.0,2548.5
2024-02-01 18:00:00,355.5,3,2,237.0,30.0,2548.5
2024-02-01 19:00:00,385.5,3,2,355.5,237.0,385.5
2024-02-01 20:00:00,417.0,3,2,385.5,355.5,417.0
2024-02-01 21:00:00,520.5,3,2,417.0,385.5,520.5
2024-02-01 22:00:00,1159.5,3,2,520.5,417.0,1159.5
2024-02-01 23:00:00,1891.5,3,2,1159.5,520.5,1891.5
2024-02-02 00:00:00,1656.0,4,2,1891.5,1159.5,1656.0
2024-02-02 01:00:00,1530.0,4,2,1656.0,1891.5,1530.0
2024-02-02 02:00:00,1699.5,4,2,1530.0,1656.0,1699.5
2024-02-02 03:00:00,1858.5,4,2,1699.5,1530.0,1858.5
2024-02-02 04:00:00,1872.0,4,2,1858.5,1699.5,1872.0
2024-02-02 05:00:00,1612.5,4,2,1872.0,1858.5,1612.5
2024-02-02 06:00:00,1836.0,4,2,1612.5,1872.0,1612.5
2024-02-02 07:00:00,1540.5,4,2,1836.0,1612.5,1612.5
2024-02-02 08:00:00,1299.0,4,2,1540.5,1836.0,1612.5
2024-02-02 09:00:00,1074.0,4,2,1299.0,1540.5,1612.5
2024-02-02 10:00:00,912.0,4,2,1074.0,1299.0,1612.5
2024-02-02 11:00:00,817.5,4,2,912.0,1074.0,1612.5
2024-02-02 12:00:00,858.0,4,2,817.5,912.0,1612.5
2024-02-02 13:00:00,693.0,4,2,858.0,817.5,1612.5
2024-02-02 14:00:00,453.0,4,2,693.0,858.0,1612.5
2024-02-02 15:00:00,685.5,4,2,453.0,693.0,1612.5
2024-02-02 16:00:00,850.5,4,2,685.5,453.0,1612.5
2024-02-02 17:00:00,1189.5,4,2,850.5,685.5,1612.5
2024-02-02 18:00:00,1260.0,4,2,1189.5,850.5,1612.5
2024-02-02 19:00:00,1120.5,4,2,1260.0,1189.5,1120.5
2024-02-02 20:00:00,1849.5,4,2,1120.5,1260.0,1849.5
2024-02-02 21:00:00,2025.0,4,2,1849.5,1120.5,2025.0
2024-02-02 22:00:00,1980.0,4,2,2025.0,1849.5,1980.0
2024-02-02 23:00:00,2041.5,4,2,1980.0,2025.0,2041.5
2024-02-03 00:00:00,1930.5,5,2,2041.5,1980.0,1930.5
2024-02-03 01:00:00,1969.5,5,2,1930.5,2041.5,1969.5
2024-02-03 02:00:00,1939.5,5,2,1969.5,1930.5,1939.5
2024-02-03 03:00:00,2007.0,5,2,1939.5,1969.5,2007.0
2024-02-03 04:00:00,1872.0,5,2,2007.0,1939.5,1872.0
2024-02-03 05:00:00,1927.5,5,2,1872.0,2007.0,1927.5
2024-02-03 06:00:00,2131.5,5,2,1927.5,1872.0,1927.5
2024-02-03 07:00:00,2193.0,5,2,2131.5,1927.5,1927.5
2024-02-03 08:00:00,2121.0,5,2,2193.0,2131.5,1927.5
2024-02-03 09:00:00,1794.0,5,2,2121.0,2193.0,1927.5
2024-02-03 10:00:00,2046.0,5,2,1794.0,2121.0,1927.5
2024-02-03 11:00:00,1957.5,5,2,2046.0,1794.0,1927.5
2024-02-03 12:00:00,2224.5,5,2,1957.5,2046.0,1927.5
2024-02-03 13:00:00,2037.0,5,2,2224.5,1957.5,1927.5
2024-02-03 14:00:00,2601.0,5,2,2037.0,2224.5,1927.5
2024-02-03 15:00:00,3397.5,5,2,2601.0,2037.0,1927.5
2024-02-03 16:00:00,3747.0,5,2,3397.5,2601.0,1927.5
2024-02-03 17:00:00,3717.0,5,2,3747.0,3397.5,1927.5
2024-02-03 18:00:00,3576.0,5,2,3717.0,3747.0,1927.5
2024-02-03 19:00:00,3912.0,5,2,3576.0,3717.0,3912.0
2024-02-03 20:00:00,3288.0,5,2,3912.0,3576.0,3288.0
2024-02-03 21:00:00,3294.0,5,2,3288.0,3912.0,3294.0
2024-02-03 22:00:00,3823.5,5,2,3294.0,3288.0,3823.5
2024-02-03 23:00:00,3567.0,5,2,3823.5,3294.0,3567.0
2024-02-04 00:00:00,3909.0,6,2,3567.0,3823.5,3909.0
2024-02-04 01:00:00,3954.0,6,2,3909.0,3567.0,3954.0
2024-02-04 02:00:00,3673.5,6,2,3954.0,3909.0,3673.5
2024-02-04 03:00:00,4000.5,6,2,3673.5,3954.0,4000.5
2024-02-04 04:00:00,4008.0,6,2,4000.5,3673.5,4008.0
2024-02-04 05:00:00,3829.5,6,2,4008.0,4000.5,3829.5
2024-02-04 06:00:00,4167.0,6,2,3829.5,4008.0,3829.5
2024-02-04 07:00:00,3702.0,6,2,4167.0,3829.5,3829.5
2024-02-04 08:00:00,2733.0,6,2,3702.0,4167.0,3829.5
2024-02-04 09:00:00,2107.5,6,2,2733.0,3702.0,3829.5
2024-02-04 10:00:00,2262.0,6,2,2107.5,2733.0,3829.5
2024-02-04 11:00:00,2064.0,6,2,2262.0,2107.5,3829.5
2024-02-04 12:00:00,2137.5,6,2,2064.0,2262.0,3829.5
2024-02-04 13:00:00,2352.0,6,2,2137.5,2064.0,3829.5
2024-02-04 14:00:00,2445.0,6,2,2352.0,2137.5,3829.5
2024-02-04 15:00:00,2542.5,6,2,2445.0,2352.0,3829.5
2024-02-04 16:00:00,3667.5,6,2,2542.5,2445.0,3829.5
2024-02-04 17:00:00,3720.0,6,2,3667.5,2542.5,3829.5
2024-02-04 18:00:00,4068.0,6,2,3720.0,3667.5,3829.5
2024-02-04 19:00:00,4168.5,6,2,4068.0,3720.0,4168.5
2024-02-04 20:00:00,4440.0,6,2,4168.5,4068.0,4440.0
2024-02-04 21:00:00,4371.0,6,2,4440.0,4168.5,4371.0
2024-02-04 22:00:00,4224.0,6,2,4371.0,4440.0,4224.0
2024-02-04 23:00:00,3796.5,6,2,4224.0,4371.0,3796.5
2024-02-05 00:00:00,4242.0,0,2,3796.5,4224.0,4242.0
2024-02-05 01:00:00,3873.0,0,2,4242.0,3796.5,3873.0
2024-02-05 02:00:00,2868.0,0,2,3873.0,4242.0,2868.0
2024-02-05 03:00:00,2821.5,0,2,2868.0,3873.0,2821.5
2024-02-05 04:00:00,2821.5,0,2,2821.5,2868.0,2821.5
2024-02-05 05:00:00,2550.0,0,2,2821.5,2821.5,2550.0
2024-02-05 06:00:00,2334.0,0,2,2550.0,2821.5,2550.0
2024-02-05 07:00:00,928.5,0,2,2334.0,2550.0,2550.0
2024-02-05 08:00:00,28.5,0,2,928.5,2334.0,2550.0
2024-02-05 09:00:00,10.5,0,2,28.5,928.5,2550.0
2024-02-05 10:00:00,12.0,0,2,10.5,28.5,2550.0
2024-02-05 11:00:00,12.0,0,2,12.0,10.5,2550.0
2024-02-05 12:00:00,0.0,0,2,12.0,12.0,2550.0
2024-02-05 13:00:00,76.5,0,2,0.0,12.0,2550.0
2024-02-05 14:00:00,18.0,0,2,76.5,0.0,2550.0
2024-02-05 15:00:00,52.5,0,2,18.0,76.5,2550.0
2024-02-05 16:00:00,73.5,0,2,52.5,18.0,2550.0
2024-02-05 17:00:00,204.0,0,2,73.5,52.5,2550.0
2024-02-05 18:00:00,316.5,0,2,204.0,73.5,2550.0
2024-02-05 19:00:00,318.0,0,2,316.5,204.0,318.0
2024-02-05 20:00:00,340.5,0,2,318.0,316.5,340.5
2024-02-05 21:00:00,348.0,0,2,340.5,318.0,348.0
2024-02-05 22:00:00,363.0,0,2,348.0,340.5,363.0
2024-02-05 23:00:00,357.0,0,2,363.0,348.0,357.0
2024-02-06 00:00:00,324.0,1,2,357.0,363.0,324.0
2024-02-06 01:00:00,343.5,1,2,324.0,357.0,343.5
2024-02-06 02:00:00,327.0,1,2,343.5,324.0,327.0
2024-02-06 03:00:00,322.5,1,2,327.0,343.5,322.5
2024-02-06 04:00:00,310.5,1,2,322.5,327.0,310.5
2024-02-06 05:00:00,411.0,1,2,310.5,322.5,411.0
2024-02-06 06:00:00,409.5,1,2,411.0,310.5,411.0
2024-02-06 07:00:00,298.5,1,2,409.5,411.0,411.0
2024-02-06 08:00:00,115.5,1,2,298.5,409.5,411.0
2024-02-06 09:00:00,27.0,1,2,115.5,298.5,411.0
2024-02-06 10:00:00,18.0,1,2,27.0,115.5,411.0
2024-02-06 11:00:00,9.0,1,2,18.0,27.0,411.0
2024-02-06 12:00:00,0.0,1,2,9.0,18.0,411.0
2024-02-06 13:00:00,19.5,1,2,0.0,9.0,411.0
2024-02-06 14:00:00,13.5,1,2,19.5,0.0,411.0
2024-02-06 15:00:00,10.5,1,2,13.5,19.5,411.0
2024-02-06 16:00:00,96.0,1,2,10.5,13.5,411.0
2024-02-06 17:00:00,193.5,1,2,96.0,10.5,411.0
2024-02-06 18:00:00,253.5,1,2,193.5,96.0,411.0
2024-02-06 19:00:00,259.5,1,2,253.5,193.5,259.5
2024-02-06 20:00:00,324.0,1,2,259.5,253.5,324.0
2024-02-06 21:00:00,325.5,1,2,324.0,259.5,325.5
2024-02-06 22:00:00,330.0,1,2,325.5,324.0,330.0
2024-02-06 23:00:00,336.0,1,2,330.0,325.5,336.0
2024-02-07 00:00:00,295.5,2,2,336.0,330.0,295.5
2024-02-07 01:00:00,319.5,2,2,295.5,336.0,319.5
2024-02-07 02:00:00,304.5,2,2,319.5,295.5,304.5
2024-02-07 03:00:00,286.5,2,2,304.5,319.5,286.5
2024-02-07 04:00:00,283.5,2,2,286.5,304.5,283.5
2024-02-07 05:00:00,307.5,2,2,283.5,286.5,307.5
2024-02-07 06:00:00,685.5,2,2,307.5,283.5,307.5
2024-02-07 07:00:00,879.0,2,2,685.5,307.5,307.5
2024-02-07 08:00:00,982.5,2,2,879.0,685.5,307.5
2024-02-07 09:00:00,822.0,2,2,982.5,879.0,307.5
2024-02-07 10:00:00,601.5,2,2,822.0,982.5,307.5
2024-02-07 11:00:00,213.0,2,2,601.5,822.0,307.5
2024-02-07 12:00:00,222.0,2,2,213.0,601.5,307.5
2024-02-07 13:00:00,276.0,2,2,222.0,213.0,307.5
2024-02-07 14:00:00,555.0,2,2,276.0,222.0,307.5
2024-02-07 15:00:00,810.0,2,2,555.0,276.0,307.5
2024-02-07 16:00:00,1327.5,2,2,810.0,555.0,307.5
2024-02-07 17:00:00,1909.5,2,2,1327.5,810.0,307.5
2024-02-07 18:00:00,2032.5,2,2,1909.5,1327.5,307.5
2024-02-07 19:00:00,1950.0,2,2,2032.5,1909.5,1950.0
2024-02-07 20:00:00,1927.5,2,2,1950.0,2032.5,1927.5
2024-02-07 21:00:00,2095.5,2,2,1927.5,1950.0,2095.5
2024-02-07 22:00:00,1971.0,2,2,2095.5,1927.5,1971.0
2024-02-07 23:00:00,1960.5,2,2,1971.0,2095.5,1960.5
2024-02-08 00:00:00,1981.5,3,2,1960.5,1971.0,1981.5
2024-02-08 01:00:00,2029.5,3,2,1981.5,1960.5,2029.5
2024-02-08 02:00:00,1966.5,3,2,2029.5,1981.5,1966.5
2024-02-08 03:00:00,1992.0,3,2,1966.5,2029.5,1992.0
2024-02-08 04:00:00,1920.0,3,2,1992.0,1966.5,1920.0
2024-02-08 05:00:00,2005.5,3,2,1920.0,1992.0,2005.5
2024-02-08 06:00:00,1825.5,3,2,2005.5,1920.0,2005.5
2024-02-08 07:00:00,1896.0,3,2,1825.5,2005.5,2005.5
2024-02-08 08:00:00,1473.0,3,2,1896.0,1825.5,2005.5
2024-02-08 09:00:00,1176.0,3,2,1473.0,1896.0,2005.5
2024-02-08 10:00:00,729.0,3,2,1176.0,1473.0,2005.5
2024-02-08 11:00:00,597.0,3,2,729.0,1176.0,2005.5
2024-02-08 12:00:00,832.5,3,2,597.0,729.0,2005.5
2024-02-08 13:00:00,702.0,3,2,832.5,597.0,2005.5
2024-02-08 14:00:00,510.0,3,2,702.0,832.5,2005.5
2024-02-08 15:00:00,648.0,3,2,510.0,702.0,2005.5
2024-02-08 16:00:00,1666.5,3,2,648.0,510.0,2005.5
2024-02-08 17:00:00,1918.5,3,2,1666.5,648.0,2005.5
2024-02-08 18:00:00,2037.0,3,2,1918.5,1666.5,2005.5
2024-02-08 19:00:00,2191.5,3,2,2037.0,1918.5,2191.5
2024-02-08 20:00:00,2179.5,3,2,2191.5,2037.0,2179.5
2024-02-08 21:00:00,2166.0,3,2,2179.5,2191.5,2166.0
2024-02-08 22:00:00,2044.5,3,2,2166.0,2179.5,2044.5
2024-02-08 23:00:00,2037.0,3,2,2044.5,2166.0,2037.0
2024-02-09 00:00:00,2007.0,4,2,2037.0,2044.5,2007.0
2024-02-09 01:00:00,2056.5,4,2,2007.0,2037.0,2056.5
2024-02-09 02:00:00,1990.5,4,2,2056.5,2007.0,1990.5
2024-02-09 03:00:00,2031.0,4,2,1990.5,2056.5,2031.0
2024-02-09 04:00:00,2017.5,4,2,2031.0,1990.5,2017.5
2024-02-09 05:00:00,1950.0,4,2,2017.5,2031.0,1950.0
2024-02-09 06:00:00,1881.0,4,2,1950.0,2017.5,1950.0
2024-02-09 07:00:00,1810.5,4,2,1881.0,1950.0,1950.0
2024-02-09 08:00:00,1236.0,4,2,1810.5,1881.0,1950.0
2024-02-09 09:00:00,1251.0,4,2,1236.0,1810.5,1950.0
2024-02-09 10:00:00,981.0,4,2,1251.0,1236.0,1950.0
2024-02-09 11:00:00,858.0,4,2,981.0,1251.0,1950.0
2024-02-09 12:00:00,1000.5,4,2,858.0,981.0,1950.0
2024-02-09 13:00:00,1012.5,4,2,1000.5,858.0,1950.0
2024-02-09 14:00:00,1009.5,4,2,1012.5,1000.5,1950.0
2024-02-09 15:00:00,1164.0,4,2,1009.5,1012.5,1950.0
2024-02-09 16:00:00,1495.5,4,2,1164.0,1009.5,1950.0
2024-02-09 17:00:00,1807.5,4,2,1495.5,1164.0,1950.0
2024-02-09 18:00:00,1893.0,4,2,1807.5,1495.5,1950.0
2024-02-09 19:00:00,1986.0,4,2,1893.0,1807.5,1986.0
2024-02-09 20:00:00,2035.5,4,2,1986.0,1893.0,2035.5
2024-02-09 21:00:00,1935.0,4,2,2035.5,1986.0,1935.0
2024-02-09 22:00:00,1549.5,4,2,1935.0,2035.5,1549.5
2024-02-09 23:00:00,1825.5,4,2,1549.5,1935.0,1825.5
2024-02-10 00:00:00,1752.0,5,2,1825.5,1549.5,1752.0
2024-02-10 01:00:00,1878.0,5,2,1752.0,1825.5,1878.0
2024-02-10 02:00:00,1902.0,5,2,1878.0,1752.0,1902.0
2024-02-10 03:00:00,1887.0,5,2,1902.0,1878.0,1887.0
2024-02-10 04:00:00,1881.0,5,2,1887.0,1902.0,1881.0
2024-02-10 05:00:00,2029.5,5,2,1881.0,1887.0,2029.5
2024-02-10 06:00:00,1935.0,5,2,2029.5,1881.0,2029.5
2024-02-10 07:00:00,1878.0,5,2,1935.0,2029.5,2029.5
2024-02-10 08:00:00,1630.5,5,2,1878.0,1935.0,2029.5
2024-02-10 09:00:00,1365.0,5,2,1630.5,1878.0,2029.5
2024-02-10 10:00:00,1035.0,5,2,1365.0,1630.5,2029.5
2024-02-10 11:00:00,742.5,5,2,1035.0,1365.0,2029.5
2024-02-10 12:00:00,895.5,5,2,742.5,1035.0,2029.5
2024-02-10 13:00:00,790.5,5,2,895.5,742.5,2029.5
2024-02-10 14:00:00,1080.0,5,2,790.5,895.5,2029.5
2024-02-10 15:00:00,1446.0,5,2,1080.0,790.5,2029.5
2024-02-10 16:00:00,1801.5,5,2,1446.0,1080.0,2029.5
2024-02-10 17:00:00,2110.5,5,2,1801.5,1446.0,2029.5
2024-02-10 18:00:00,2169.0,5,2,2110.5,1801.5,2029.5
2024-02-10 19:00:00,2127.0,5,2,2169.0,2110.5,2127.0
2024-02-10 20:00:00,2263.5,5,2,2127.0,2169.0,2263.5
2024-02-10 21:00:00,2182.5,5,2,2263.5,2127.0,2182.5
2024-02-10 22:00:00,2100.0,5,2,2182.5,2263.5,2100.0
2024-02-10 23:00:00,2355.0,5,2,2100.0,2182.5,2355.0
2024-02-11 00:00:00,2154.0,6,2,2355.0,2100.0,2154.0
2024-02-11 01:00:00,2526.0,6,2,2154.0,2355.0,2526.0
2024-02-11 02:00:00,2476.5,6,2,2526.0,2154.0,2476.5
2024-02-11 03:00:00,2172.0,6,2,2476.5,2526.0,2172.0
2024-02-11 04:00:00,2406.0,6,2,2172.0,2476.5,2406.0
2024-02-11 05:00:00,2299.5,6,2,2406.0,2172.0,2299.5
2024-02-11 06:00:00,2133.0,6,2,2299.5,2406.0,2299.5
2024-02-11 07:00:00,1882.5,6,2,2133.0,2299.5,2299.5
2024-02-11 08:00:00,1237.5,6,2,1882.5,2133.0,2299.5
2024-02-11 09:00:00,1093.5,6,2,1237.5,1882.5,2299.5
2024-02-11 10:00:00,957.0,6,2,1093.5,1237.5,2299.5
2024-02-11 11:00:00,883.5,6,2,957.0,1093.5,2299.5
2024-02-11 12:00:00,894.0,6,2,883.5,957.0,2299.5
2024-02-11 13:00:00,894.0,6,2,894.0,883.5,2299.5
2024-02-11 14:00:00,976.5,6,2,894.0,894.0,2299.5
2024-02-11 15:00:00,1194.0,6,2,976.5,894.0,2299.5
2024-02-11 16:00:00,1426.5,6,2,1194.0,976.5,2299.5
2024-02-11 17:00:00,1858.5,6,2,1426.5,1194.0,2299.5
2024-02-11 18:00:00,2001.0,6,2,1858.5,1426.5,2299.5
2024-02-11 19:00:00,1971.0,6,2,2001.0,1858.5,1971.0
2024-02-11 20:00:00,1953.0,6,2,1971.0,2001.0,1953.0
2024-02-11 21:00:00,1918.5,6,2,1953.0,1971.0,1918.5
2024-02-11 22:00:00,1825.5,6,2,1918.5,1953.0,1825.5
2024-02-11 23:00:00,2017.5,6,2,1825.5,1918.5,2017.5
2024-02-12 00:00:00,1974.0,0,2,2017.5,1825.5,1974.0
2024-02-12 01:00:00,1960.5,0,2,1974.0,2017.5,1960.5
2024-02-12 02:00:00,1962.0,0,2,1960.5,1974.0,1962.0
2024-02-12 03:00:00,1459.5,0,2,1962.0,1960.5,1459.5
2024-02-12 04:00:00,757.5,0,2,1459.5,1962.0,757.5
2024-02-12 05:00:00,375.0,0,2,757.5,1459.5,375.0
2024-02-12 06:00:00,348.0,0,2,375.0,757.5,375.0
2024-02-12 07:00:00,192.0,0,2,348.0,375.0,375.0
2024-02-12 08:00:00,18.0,0,2,192.0,348.0,375.0
2024-02-12 09:00:00,6.0,0,2,18.0,192.0,375.0
2024-02-12 10:00:00,6.0,0,2,6.0,18.0,375.0
2024-02-12 11:00:00,0.0,0,2,6.0,6.0,375.0
2024-02-12 12:00:00,0.0,0,2,0.0,6.0,375.0
2024-02-12 13:00:00,0.0,0,2,0.0,0.0,375.0
2024-02-12 14:00:00,0.0,0,2,0.0,0.0,375.0
2024-02-12 15:00:00,3.0,0,2,0.0,0.0,375.0
2024-02-12 16:00:00,114.0,0,2,3.0,0.0,375.0
2024-02-12 17:00:00,289.5,0,2,114.0,3.0,375.0
2024-02-12 18:00:00,402.0,0,2,289.5,114.0,375.0
2024-02-12 19:00:00,369.0,0,2,402.0,289.5,369.0
2024-02-12 20:00:00,375.0,0,2,369.0,402.0,375.0
2024-02-12 21:00:00,367.5,0,2,375.0,369.0,367.5
2024-02-12 22:00:00,363.0,0,2,367.5,375.0,363.0
2024-02-12 23:00:00,351.0,0,2,363.0,367.5,351.0
2024-02-13 00:00:00,352.5,1,2,351.0,363.0,352.5
2024-02-13 01:00:00,354.0,1,2,352.5,351.0,354.0
2024-02-13 02:00:00,319.5,1,2,354.0,352.5,319.5
2024-02-13 03:00:00,330.0,1,2,319.5,354.0,330.0
2024-02-13 04:00:00,345.0,1,2,330.0,319.5,345.0
2024-02-13 05:00:00,360.0,1,2,345.0,330.0,360.0
2024-02-13 06:00:00,619.5,1,2,360.0,345.0,360.0
2024-02-13 07:00:00,1683.0,1,2,619.5,360.0,360.0
2024-02-13 08:00:00,2260.5,1,2,1683.0,619.5,360.0
2024-02-13 09:00:00,2164.5,1,2,2260.5,1683.0,360.0
2024-02-13 10:00:00,2148.0,1,2,2164.5,2260.5,360.0
2024-02-13 11:00:00,1533.0,1,2,2148.0,2164.5,360.0
2024-02-13 12:00:00,1434.0,1,2,1533.0,2148.0,360.0
2024-02-13 13:00:00,2055.0,1,2,1434.0,1533.0,360.0
2024-02-13 14:00:00,1860.0,1,2,2055.0,1434.0,360.0
2024-02-13 15:00:00,1419.0,1,2,1860.0,2055.0,360.0
2024-02-13 16:00:00,2325.0,1,2,1419.0,1860.0,360.0
2024-02-13 17:00:00,2673.0,1,2,2325.0,1419.0,360.0
2024-02-13 18:00:00,2416.5,1,2,2673.0,2325.0,360.0
2024-02-13 19:00:00,2826.0,1,2,2416.5,2673.0,2826.0
2024-02-13 20:00:00,2653.5,1,2,2826.0,2416.5,2653.5
2024-02-13 21:00:00,2446.5,1,2,2653.5,2826.0,2446.5
2024-02-13 22:00:00,2517.0,1,2,2446.5,2653.5,2517.0
2024-02-13 23:00:00,2751.0,1,2,2517.0,2446.5,2751.0
2024-02-14 00:00:00,2748.0,2,2,2751.0,2517.0,2748.0
2024-02-14 01:00:00,2641.5,2,2,2748.0,2751.0,2641.5
2024-02-14 02:00:00,2562.0,2,2,2641.5,2748.0,2562.0
2024-02-14 03:00:00,2668.5,2,2,2562.0,2641.5,2668.5
2024-02-14 04:00:00,2062.5,2,2,2668.5,2562.0,2062.5
2024-02-14 05:00:00,2674.5,2,2,2062.5,2668.5,2674.5
2024-02-14 06:00:00,2928.0,2,2,2674.5,2062.5,2674.5
2024-02-14 07:00:00,3418.5,2,2,2928.0,2674.5,2674.5
2024-02-14 08:00:00,2899.5,2,2,3418.5,2928.0,2674.5
2024-02-14 09:00:00,2769.0,2,2,2899.5,3418.5,2674.5
2024-02-14 10:00:00,2556.0,2,2,2769.0,2899.5,2674.5
2024-02-14 11:00:00,2262.0,2,2,2556.0,2769.0,2674.5
2024-02-14 12:00:00,2181.0,2,2,2262.0,2556.0,2674.5
2024-02-14 13:00:00,2295.0,2,2,2181.0,2262.0,2674.5
2024-02-14 14:00:00,2116.5,2,2,2295.0,2181.0,2674.5
2024-02-14 15:00:00,1743.0,2,2,2116.5,2295.0,2674.5
2024-02-14 16:00:00,2637.0,2,2,1743.0,2116.5,2674.5
2024-02-14 17:00:00,3262.5,2,2,2637.0,1743.0,2674.5
2024-02-14 18:00:00,3460.5,2,2,3262.5,2637.0,2674.5
2024-02-14 19:00:00,3487.5,2,2,3460.5,3262.5,3487.5
2024-02-14 20:00:00,3577.5,2,2,3487.5,3460.5,3577.5
2024-02-14 21:00:00,3669.0,2,2,3577.5,3487.5,3669.0
2024-02-14 22:00:00,3660.0,2,2,3669.0,3577.5,3660.0
2024-02-14 23:00:00,3387.0,2,2,3660.0,3669.0,3387.0
2024-02-15 00:00:00,3132.0,3,2,3387.0,3660.0,3132.0
2024-02-15 01:00:00,3241.5,3,2,3132.0,3387.0,3241.5
2024-02-15 02:00:00,3357.0,3,2,3241.5,3132.0,3357.0
2024-02-15 03:00:00,3475.5,3,2,3357.0,3241.5,3475.5
2024-02-15 04:00:00,2877.0,3,2,3475.5,3357.0,2877.0
2024-02-15 05:00:00,2824.5,3,2,2877.0,3475.5,2824.5
2024-02-15 06:00:00,3159.0,3,2,2824.5,2877.0,2824.5
2024-02-15 07:00:00,2985.0,3,2,3159.0,2824.5,2824.5
2024-02-15 08:00:00,2236.5,3,2,2985.0,3159.0,2824.5
2024-02-15 09:00:00,2125.5,3,2,2236.5,2985.0,2824.5
2024-02-15 10:00:00,1405.5,3,2,2125.5,2236.5,2824.5
2024-02-15 11:00:00,1993.5,3,2,1405.5,2125.5,2824.5
2024-02-15 12:00:00,2202.0,3,2,1993.5,1405.5,2824.5
2024-02-15 13:00:00,1587.0,3,2,2202.0,1993.5,2824.5
2024-02-15 14:00:00,1849.5,3,2,1587.0,2202.0,2824.5
2024-02-15 15:00:00,2845.5,3,2,1849.5,1587.0,2824.5
2024-02-15 16:00:00,3370.5,3,2,2845.5,1849.5,2824.5
2024-02-15 17:00:00,3678.0,3,2,3370.5,2845.5,2824.5
2024-02-15 18:00:00,3769.5,3,2,3678.0,3370.5,2824.5
2024-02-15 19:00:00,3555.0,3,2,3769.5,3678.0,3555.0
2024-02-15 20:00:00,3318.0,3,2,3555.0,3769.5,3318.0
2024-02-15 21:00:00,2815.5,3,2,3318.0,3555.0,2815.5
2024-02-15 22:00:00,3817.5,3,2,2815.5,3318.0,3817.5
2024-02-15 23:00:00,4531.5,3,2,3817.5,2815.5,4531.5
2024-02-16 00:00:00,4465.5,4,2,4531.5,3817.5,4465.5
2024-02-16 01:00:00,4413.0,4,2,4465.5,4531.5,4413.0
2024-02-16 02:00:00,4246.5,4,2,4413.0,4465.5,4246.5
2024-02-16 03:00:00,4426.5,4,2,4246.5,4413.0,4426.5
2024-02-16 04:00:00,4098.0,4,2,4426.5,4246.5,4098.0
2024-02-16 05:00:00,4266.0,4,2,4098.0,4426.5,4266.0
2024-02-16 06:00:00,4288.5,4,2,4266.0,4098.0,4266.0
2024-02-16 07:00:00,3850.5,4,2,4288.5,4266.0,4266.0
2024-02-16 08:00:00,3307.5,4,2,3850.5,4288.5,4266.0
2024-02-16 09:00:00,2836.5,4,2,3307.5,3850.5,4266.0
2024-02-16 10:00:00,2310.0,4,2,2836.5,3307.5,4266.0
2024-02-16 11:00:00,2004.0,4,2,2310.0,2836.5,4266.0
2024-02-16 12:00:00,2115.0,4,2,2004.0,2310.0,4266.0
2024-02-16 13:00:00,2211.0,4,2,2115.0,2004.0,4266.0
2024-02-16 14:00:00,2253.0,4,2,2211.0,2115.0,4266.0
2024-02-16 15:00:00,2476.5,4,2,2253.0,2211.0,4266.0
2024-02-16 16:00:00,3217.5,4,2,2476.5,2253.0,4266.0
2024-02-16 17:00:00,3759.0,4,2,3217.5,2476.5,4266.0
2024-02-16 18:00:00,4099.5,4,2,3759.0,3217.5,4266.0
2024-02-16 19:00:00,4417.5,4,2,4099.5,3759.0,4417.5
2024-02-16 20:00:00,4347.0,4,2,4417.5,4099.5,4347.0
2024-02-16 21:00:00,4530.0,4,2,4347.0,4417.5,4530.0
2024-02-16 22:00:00,4177.5,4,2,4530.0,4347.0,4177.5
2024-02-16 23:00:00,4195.5,4,2,4177.5,4530.0,4195.5
2024-02-17 00:00:00,4300.5,5,2,4195.5,4177.5,4300.5
2024-02-17 01:00:00,4011.0,5,2,4300.5,4195.5,4011.0
2024-02-17 02:00:00,3655.5,5,2,4011.0,4300.5,3655.5
2024-02-17 03:00:00,2961.0,5,2,3655.5,4011.0,2961.0
2024-02-17 04:00:00,2869.5,5,2,2961.0,3655.5,2869.5
2024-02-17 05:00:00,2800.5,5,2,2869.5,2961.0,2800.5
2024-02-17 06:00:00,2691.0,5,2,2800.5,2869.5,2800.5
2024-02-17 07:00:00,1902.0,5,2,2691.0,2800.5,2800.5
2024-02-17 08:00:00,1512.0,5,2,1902.0,2691.0,2800.5
2024-02-17 09:00:00,1575.0,5,2,1512.0,1902.0,2800.5
2024-02-17 10:00:00,1194.0,5,2,1575.0,1512.0,2800.5
2024-02-17 11:00:00,988.5,5,2,1194.0,1575.0,2800.5
2024-02-17 12:00:00,1102.5,5,2,988.5,1194.0,2800.5
2024-02-17 13:00:00,1546.5,5,2,1102.5,988.5,2800.5
2024-02-17 14:00:00,1591.5,5,2,1546.5,1102.5,2800.5
2024-02-17 15:00:00,1881.0,5,2,1591.5,1546.5,2800.5
2024-02-17 16:00:00,2140.5,5,2,1881.0,1591.5,2800.5
2024-02-17 17:00:00,2283.0,5,2,2140.5,1881.0,2800.5
2024-02-17 18:00:00,2145.0,5,2,2283.0,2140.5,2800.5
2024-02-17 19:00:00,1825.5,5,2,2145.0,2283.0,1825.5
2024-02-17 20:00:00,2583.0,5,2,1825.5,2145.0,2583.0
2024-02-17 21:00:00,2586.0,5,2,2583.0,1825.5,2586.0
2024-02-17 22:00:00,2373.0,5,2,2586.0,2583.0,2373.0
2024-02-17 23:00:00,2227.5,5,2,2373.0,2586.0,2227.5
2024-02-18 00:00:00,2202.0,6,2,2227.5,2373.0,2202.0
2024-02-18 01:00:00,2472.0,6,2,2202.0,2227.5,2472.0
2024-02-18 02:00:00,2367.0,6,2,2472.0,2202.0,2367.0
2024-02-18 03:00:00,2359.5,6,2,2367.0,2472.0,2359.5
2024-02-18 04:00:00,2151.0,6,2,2359.5,2367.0,2151.0
2024-02-18 05:00:00,2410.5,6,2,2151.0,2359.5,2410.5
2024-02-18 06:00:00,2464.5,6,2,2410.5,2151.0,2410.5
2024-02-18 07:00:00,1951.5,6,2,2464.5,2410.5,2410.5
2024-02-18 08:00:00,1782.0,6,2,1951.5,2464.5,2410.5
2024-02-18 09:00:00,1638.0,6,2,1782.0,1951.5,2410.5
2024-02-18 10:00:00,1383.0,6,2,1638.0,1782.0,2410.5
2024-02-18 11:00:00,1162.5,6,2,1383.0,1638.0,2410.5
2024-02-18 12:00:00,1036.5,6,2,1162.5,1383.0,2410.5
2024-02-18 13:00:00,1030.5,6,2,1036.5,1162.5,2410.5
2024-02-18 14:00:00,1152.0,6,2,1030.5,1036.5,2410.5
2024-02-18 15:00:00,1896.0,6,2,1152.0,1030.5,2410.5
2024-02-18 16:00:00,1921.5,6,2,1896.0,1152.0,2410.5
2024-02-18 17:00:00,2295.0,6,2,1921.5,1896.0,2410.5
2024-02-18 18:00:00,2016.0,6,2,2295.0,1921.5,2410.5
2024-02-18 19:00:00,1975.5,6,2,2016.0,2295.0,1975.5
2024-02-18 20:00:00,2436.0,6,2,1975.5,2016.0,2436.0
2024-02-18 21:00:00,2631.0,6,2,2436.0,1975.5,2631.0
2024-02-18 22:00:00,2464.5,6,2,2631.0,2436.0,2464.5
2024-02-18 23:00:00,2034.0,6,2,2464.5,2631.0,2034.0
2024-02-19 00:00:00,2020.5,0,2,2034.0,2464.5,2020.5
2024-02-19 01:00:00,2281.5,0,2,2020.5,2034.0,2281.5
2024-02-19 02:00:00,2392.5,0,2,2281.5,2020.5,2392.5
2024-02-19 03:00:00,2001.0,0,2,2392.5,2281.5,2001.0
2024-02-19 04:00:00,1990.5,0,2,2001.0,2392.5,1990.5
2024-02-19 05:00:00,2154.0,0,2,1990.5,2001.0,2154.0
2024-02-19 06:00:00,1954.5,0,2,2154.0,1990.5,2154.0
2024-02-19 07:00:00,1681.5,0,2,1954.5,2154.0,2154.0
2024-02-19 08:00:00,1338.0,0,2,1681.5,1954.5,2154.0
2024-02-19 09:00:00,808.5,0,2,1338.0,1681.5,2154.0
2024-02-19 10:00:00,636.0,0,2,808.5,1338.0,2154.0
2024-02-19 11:00:00,910.5,0,2,636.0,808.5,2154.0
2024-02-19 12:00:00,910.5,0,2,910.5,636.0,2154.0
2024-02-19 13:00:00,1024.5,0,2,910.5,910.5,2154.0
2024-02-19 14:00:00,1267.5,0,2,1024.5,910.5,2154.0
2024-02-19 15:00:00,1333.5,0,2,1267.5,1024.5,2154.0
2024-02-19 16:00:00,1510.5,0,2,1333.5,1267.5,2154.0
2024-02-19 17:00:00,1713.0,0,2,1510.5,1333.5,2154.0
2024-02-19 18:00:00,2017.5,0,2,1713.0,1510.5,2154.0
2024-02-19 19:00:00,1870.5,0,2,2017.5,1713.0,1870.5
2024-02-19 20:00:00,2034.0,0,2,1870.5,2017.5,2034.0
2024-02-19 21:00:00,2121.0,0,2,2034.0,1870.5,2121.0
2024-02-19 22:00:00,2314.5,0,2,2121.0,2034.0,2314.5
2024-02-19 23:00:00,2437.5,0,2,2314.5,2121.0,2437.5
2024-02-20 00:00:00,1935.0,1,2,2437.5,2314.5,1935.0
2024-02-20 01:00:00,1878.0,1,2,1935.0,2437.5,1878.0
2024-02-20 02:00:00,2530.5,1,2,1878.0,1935.0,2530.5
2024-02-20 03:00:00,2337.0,1,2,2530.5,1878.0,2337.0
2024-02-20 04:00:00,2209.5,1,2,2337.0,2530.5,2209.5
2024-02-20 05:00:00,2055.0,1,2,2209.5,2337.0,2055.0
2024-02-20 06:00:00,2301.0,1,2,2055.0,2209.5,2055.0
2024-02-20 07:00:00,1725.0,1,2,2301.0,2055.0,2055.0
2024-02-20 08:00:00,1357.5,1,2,1725.0,2301.0,2055.0
2024-02-20 09:00:00,1044.0,1,2,1357.5,1725.0,2055.0
2024-02-20 10:00:00,948.0,1,2,1044.0,1357.5,2055.0
2024-02-20 11:00:00,966.0,1,2,948.0,1044.0,2055.0
2024-02-20 12:00:00,982.5,1,2,966.0,948.0,2055.0
2024-02-20 13:00:00,1110.0,1,2,982.5,966.0,2055.0
2024-02-20 14:00:00,1227.0,1,2,1110.0,982.5,2055.0
2024-02-20 15:00:00,1503.0,1,2,1227.0,1110.0,2055.0
2024-02-20 16:00:00,1657.5,1,2,1503.0,1227.0,2055.0
2024-02-20 17:00:00,1828.5,1,2,1657.5,1503.0,2055.0
2024-02-20 18:00:00,2029.5,1,2,1828.5,1657.5,2055.0
2024-02-20 19:00:00,2070.0,1,2,2029.5,1828.5,2070.0
2024-02-20 20:00:00,1893.0,1,2,2070.0,2029.5,1893.0
2024-02-20 21:00:00,2184.0,1,2,1893.0,2070.0,2184.0
2024-02-20 22:00:00,1686.0,1,2,2184.0,1893.0,1686.0
2024-02-20 23:00:00,1623.0,1,2,1686.0,2184.0,1623.0
2024-02-21 00:00:00,2293.5,2,2,1623.0,1686.0,2293.5
2024-02-21 01:00:00,2320.5,2,2,2293.5,1623.0,2320.5
2024-02-21 02:00:00,2383.5,2,2,2320.5,2293.5,2383.5
2024-02-21 03:00:00,2103.0,2,2,2383.5,2320.5,2103.0
2024-02-21 04:00:00,1840.5,2,2,2103.0,2383.5,1840.5
2024-02-21 05:00:00,2308.5,2,2,1840.5,2103.0,2308.5
2024-02-21 06:00:00,1713.0,2,2,2308.5,1840.5,2308.5
2024-02-21 07:00:00,672.0,2,2,1713.0,2308.5,2308.5
2024-02-21 08:00:00,121.5,2,2,672.0,1713.0,2308.5
2024-02-21 09:00:00,6.0,2,2,121.5,672.0,2308.5
2024-02-21 10:00:00,7.5,2,2,6.0,121.5,2308.5
2024-02-21 11:00:00,6.0,2,2,7.5,6.0,2308.5
2024-02-21 12:00:00,22.5,2,2,6.0,7.5,2308.5
2024-02-21 13:00:00,12.0,2,2,22.5,6.0,2308.5
2024-02-21 14:00:00,73.5,2,2,12.0,22.5,2308.5
2024-02-21 15:00:00,115.5,2,2,73.5,12.0,2308.5
2024-02-21 16:00:00,252.0,2,2,115.5,73.5,2308.5
2024-02-21 17:00:00,388.5,2,2,252.0,115.5,2308.5
2024-02-21 18:00:00,433.5,2,2,388.5,252.0,2308.5
2024-02-21 19:00:00,442.5,2,2,433.5,388.5,442.5
2024-02-21 20:00:00,451.5,2,2,442.5,433.5,451.5
2024-02-21 21:00:00,837.0,2,2,451.5,442.5,837.0
2024-02-21 22:00:00,939.0,2,2,837.0,451.5,939.0
2024-02-21 23:00:00,945.0,2,2,939.0,837.0,945.0
2024-02-22 00:00:00,774.0,3,2,945.0,939.0,774.0
2024-02-22 01:00:00,448.5,3,2,774.0,945.0,448.5
2024-02-22 02:00:00,432.0,3,2,448.5,774.0,432.0
2024-02-22 03:00:00,438.0,3,2,432.0,448.5,438.0
2024-02-22 04:00:00,447.0,3,2,438.0,432.0,447.0
2024-02-22 05:00:00,450.0,3,2,447.0,438.0,450.0
2024-02-22 06:00:00,459.0,3,2,450.0,447.0,450.0
2024-02-22 07:00:00,679.5,3,2,459.0,450.0,450.0
2024-02-22 08:00:00,883.5,3,2,679.5,459.0,450.0
2024-02-22 09:00:00,1134.0,3,2,883.5,679.5,450.0
2024-02-22 10:00:00,990.0,3,2,1134.0,883.5,450.0
2024-02-22 11:00:00,876.0,3,2,990.0,1134.0,450.0
2024-02-22 12:00:00,870.0,3,2,876.0,990.0,450.0
2024-02-22 13:00:00,975.0,3,2,870.0,876.0,450.0
2024-02-22 14:00:00,1045.5,3,2,975.0,870.0,450.0
2024-02-22 15:00:00,1248.0,3,2,1045.5,975.0,450.0
2024-02-22 16:00:00,1576.5,3,2,1248.0,1045.5,450.0
2024-02-22 17:00:00,1887.0,3,2,1576.5,1248.0,450.0
2024-02-22 18:00:00,2052.0,3,2,1887.0,1576.5,450.0
2024-02-22 19:00:00,2080.5,3,2,2052.0,1887.0,2080.5
2024-02-22 20:00:00,2118.0,3,2,2080.5,2052.0,2118.0
2024-02-22 21:00:00,2115.0,3,2,2118.0,2080.5,2115.0
2024-02-22 22:00:00,2067.0,3,2,2115.0,2118.0,2067.0
2024-02-22 23:00:00,1911.0,3,2,2067.0,2115.0,1911.0
2024-02-23 00:00:00,1980.0,4,2,1911.0,2067.0,1980.0
2024-02-23 01:00:00,1951.5,4,2,1980.0,1911.0,1951.5
2024-02-23 02:00:00,2007.0,4,2,1951.5,1980.0,2007.0
2024-02-23 03:00:00,1965.0,4,2,2007.0,1951.5,1965.0
2024-02-23 04:00:00,1827.0,4,2,1965.0,2007.0,1827.0
2024-02-23 05:00:00,2074.5,4,2,1827.0,1965.0,2074.5
2024-02-23 06:00:00,2053.5,4,2,2074.5,1827.0,2074.5
2024-02-23 07:00:00,1821.0,4,2,2053.5,2074.5,2074.5
2024-02-23 08:00:00,1393.5,4,2,1821.0,2053.5,2074.5
2024-02-23 09:00:00,948.0,4,2,1393.5,1821.0,2074.5
2024-02-23 10:00:00,1113.0,4,2,948.0,1393.5,2074.5
2024-02-23 11:00:00,835.5,4,2,1113.0,948.0,2074.5
2024-02-23 12:00:00,1084.5,4,2,835.5,1113.0,2074.5
2024-02-23 13:00:00,964.5,4,2,1084.5,835.5,2074.5
2024-02-23 14:00:00,1048.5,4,2,964.5,1084.5,2074.5
2024-02-23 15:00:00,1324.5,4,2,1048.5,964.5,2074.5
2024-02-23 16:00:00,1555.5,4,2,1324.5,1048.5,2074.5
2024-02-23 17:00:00,1743.0,4,2,1555.5,1324.5,2074.5
2024-02-23 18:00:00,1951.5,4,2,1743.0,1555.5,2074.5
2024-02-23 19:00:00,2070.0,4,2,1951.5,1743.0,2070.0
2024-02-23 20:00:00,2023.5,4,2,2070.0,1951.5,2023.5
2024-02-23 21:00:00,2068.5,4,2,2023.5,2070.0,2068.5
2024-02-23 22:00:00,2109.0,4,2,2068.5,2023.5,2109.0
2024-02-23 23:00:00,2058.0,4,2,2109.0,2068.5,2058.0
2024-02-24 00:00:00,2074.5,5,2,2058.0,2109.0,2074.5
2024-02-24 01:00:00,1968.0,5,2,2074.5,2058.0,1968.0
2024-02-24 02:00:00,2076.0,5,2,1968.0,2074.5,2076.0
2024-02-24 03:00:00,2050.5,5,2,2076.0,1968.0,2050.5
2024-02-24 04:00:00,1995.0,5,2,2050.5,2076.0,1995.0
2024-02-24 05:00:00,1303.5,5,2,1995.0,2050.5,1303.5
2024-02-24 06:00:00,1539.0,5,2,1303.5,1995.0,1303.5
2024-02-24 07:00:00,1588.5,5,2,1539.0,1303.5,1303.5
2024-02-24 08:00:00,1353.0,5,2,1588.5,1539.0,1303.5
2024-02-24 09:00:00,1209.0,5,2,1353.0,1588.5,1303.5
2024-02-24 10:00:00,1024.5,5,2,1209.0,1353.0,1303.5
2024-02-24 11:00:00,886.5,5,2,1024.5,1209.0,1303.5
2024-02-24 12:00:00,967.5,5,2,886.5,1024.5,1303.5
2024-02-24 13:00:00,922.5,5,2,967.5,886.5,1303.5
2024-02-24 14:00:00,1191.0,5,2,922.5,967.5,1303.5
2024-02-24 15:00:00,1378.5,5,2,1191.0,922.5,1303.5
2024-02-24 16:00:00,1467.0,5,2,1378.5,1191.0,1303.5
2024-02-24 17:00:00,1770.0,5,2,1467.0,1378.5,1303.5
2024-02-24 18:00:00,2020.5,5,2,1770.0,1467.0,1303.5
2024-02-24 19:00:00,2014.5,5,2,2020.5,1770.0,2014.5
2024-02-24 20:00:00,1911.0,5,2,2014.5,2020.5,1911.0
2024-02-24 21:00:00,2106.0,5,2,1911.0,2014.5,2106.0
2024-02-24 22:00:00,2001.0,5,2,2106.0,1911.0,2001.0
2024-02-24 23:00:00,1948.5,5,2,2001.0,2106.0,1948.5
2024-02-25 00:00:00,1957.5,6,2,1948.5,2001.0,1957.5
2024-02-25 01:00:00,1882.5,6,2,1957.5,1948.5,1882.5
2024-02-25 02:00:00,1753.5,6,2,1882.5,1957.5,1753.5
2024-02-25 03:00:00,1707.0,6,2,1753.5,1882.5,1707.0
2024-02-25 04:00:00,1954.5,6,2,1707.0,1753.5,1954.5
2024-02-25 05:00:00,2029.5,6,2,1954.5,1707.0,2029.5
2024-02-25 06:00:00,1993.5,6,2,2029.5,1954.5,2029.5
2024-02-25 07:00:00,1764.0,6,2,1993.5,2029.5,2029.5
2024-02-25 08:00:00,1492.5,6,2,1764.0,1993.5,2029.5
2024-02-25 09:00:00,1246.5,6,2,1492.5,1764.0,2029.5
2024-02-25 10:00:00,1002.0,6,2,1246.5,1492.5,2029.5
2024-02-25 11:00:00,849.0,6,2,1002.0,1246.5,2029.5
2024-02-25 12:00:00,744.0,6,2,849.0,1002.0,2029.5
2024-02-25 13:00:00,1153.5,6,2,744.0,849.0,2029.5
2024-02-25 14:00:00,1117.5,6,2,1153.5,744.0,2029.5
2024-02-25 15:00:00,1326.0,6,2,1117.5,1153.5,2029.5
2024-02-25 16:00:00,1149.0,6,2,1326.0,1117.5,2029.5
2024-02-25 17:00:00,1263.0,6,2,1149.0,1326.0,2029.5
2024-02-25 18:00:00,1363.5,6,2,1263.0,1149.0,2029.5
2024-02-25 19:00:00,1471.5,6,2,1363.5,1263.0,1471.5
2024-02-25 20:00:00,1782.0,6,2,1471.5,1363.5,1782.0
2024-02-25 21:00:00,2046.0,6,2,1782.0,1471.5,2046.0
2024-02-25 22:00:00,2094.0,6,2,2046.0,1782.0,2094.0
2024-02-25 23:00:00,1944.0,6,2,2094.0,2046.0,1944.0
2024-02-26 00:00:00,1927.5,0,2,1944.0,2094.0,1927.5
2024-02-26 01:00:00,1186.5,0,2,1927.5,1944.0,1186.5
2024-02-26 02:00:00,1080.0,0,2,1186.5,1927.5,1080.0
2024-02-26 03:00:00,1087.5,0,2,1080.0,1186.5,1087.5
2024-02-26 04:00:00,1083.0,0,2,1087.5,1080.0,1083.0
2024-02-26 05:00:00,1099.5,0,2,1083.0,1087.5,1099.5
2024-02-26 06:00:00,1057.5,0,2,1099.5,1083.0,1099.5
2024-02-26 07:00:00,765.0,0,2,1057.5,1099.5,1099.5
2024-02-26 08:00:00,33.0,0,2,765.0,1057.5,1099.5
2024-02-26 09:00:00,12.0,0,2,33.0,765.0,1099.5
2024-02-26 10:00:00,12.0,0,2,12.0,33.0,1099.5
2024-02-26 11:00:00,12.0,0,2,12.0,12.0,1099.5
2024-02-26 12:00:00,0.0,0,2,12.0,12.0,1099.5
2024-02-26 13:00:00,9.0,0,2,0.0,12.0,1099.5
2024-02-26 14:00:00,10.5,0,2,9.0,0.0,1099.5
2024-02-26 15:00:00,7.5,0,2,10.5,9.0,1099.5
2024-02-26 16:00:00,12.0,0,2,7.5,10.5,1099.5
2024-02-26 17:00:00,196.5,0,2,12.0,7.5,1099.5
2024-02-26 18:00:00,321.0,0,2,196.5,12.0,1099.5
2024-02-26 19:00:00,330.0,0,2,321.0,196.5,330.0
2024-02-26 20:00:00,337.5,0,2,330.0,321.0,337.5
2024-02-26 21:00:00,333.0,0,2,337.5,330.0,333.0
2024-02-26 22:00:00,310.5,0,2,333.0,337.5,310.5
2024-02-26 23:00:00,327.0,0,2,310.5,333.0,327.0
2024-02-27 00:00:00,315.0,1,2,327.0,310.5,315.0
2024-02-27 01:00:00,313.5,1,2,315.0,327.0,313.5
2024-02-27 02:00:00,292.5,1,2,313.5,315.0,292.5
2024-02-27 03:00:00,294.0,1,2,292.5,313.5,294.0
2024-02-27 04:00:00,295.5,1,2,294.0,292.5,295.5
2024-02-27 05:00:00,307.5,1,2,295.5,294.0,307.5
2024-02-27 06:00:00,277.5,1,2,307.5,295.5,307.5
2024-02-27 07:00:00,88.5,1,2,277.5,307.5,307.5
2024-02-27 08:00:00,13.5,1,2,88.5,277.5,307.5
2024-02-27 09:00:00,16.5,1,2,13.5,88.5,307.5
2024-02-27 10:00:00,9.0,1,2,16.5,13.5,307.5
2024-02-27 11:00:00,3.0,1,2,9.0,16.5,307.5
2024-02-27 12:00:00,0.0,1,2,3.0,9.0,307.5
2024-02-27 13:00:00,16.5,1,2,0.0,3.0,307.5
2024-02-27 14:00:00,18.0,1,2,16.5,0.0,307.5
2024-02-27 15:00:00,13.5,1,2,18.0,16.5,307.5
2024-02-27 16:00:00,147.0,1,2,13.5,18.0,307.5
2024-02-27 17:00:00,111.0,1,2,147.0,13.5,307.5
2024-02-27 18:00:00,292.5,1,2,111.0,147.0,307.5
2024-02-27 19:00:00,288.0,1,2,292.5,111.0,288.0
2024-02-27 20:00:00,298.5,1,2,288.0,292.5,298.5
2024-02-27 21:00:00,313.5,1,2,298.5,288.0,313.5
2024-02-27 22:00:00,286.5,1,2,313.5,298.5,286.5
2024-02-27 23:00:00,285.0,1,2,286.5,313.5,285.0
2024-02-28 00:00:00,289.5,2,2,285.0,286.5,289.5
2024-02-28 01:00:00,288.0,2,2,289.5,285.0,288.0
2024-02-28 02:00:00,261.0,2,2,288.0,289.5,261.0
2024-02-28 03:00:00,261.0,2,2,261.0,288.0,261.0
2024-02-28 04:00:00,267.0,2,2,261.0,261.0,267.0
2024-02-28 05:00:00,264.0,2,2,267.0,261.0,264.0
2024-02-28 06:00:00,241.5,2,2,264.0,267.0,264.0
2024-02-28 07:00:00,67.5,2,2,241.5,264.0,264.0
2024-02-28 08:00:00,13.5,2,2,67.5,241.5,264.0
2024-02-28 09:00:00,9.0,2,2,13.5,67.5,264.0
2024-02-28 10:00:00,7.5,2,2,9.0,13.5,264.0
2024-02-28 11:00:00,13.5,2,2,7.5,9.0,264.0
2024-02-28 12:00:00,0.0,2,2,13.5,7.5,264.0
2024-02-28 13:00:00,10.5,2,2,0.0,13.5,264.0
2024-02-28 14:00:00,37.5,2,2,10.5,0.0,264.0
2024-02-28 15:00:00,16.5,2,2,37.5,10.5,264.0
2024-02-28 16:00:00,9.0,2,2,16.5,37.5,264.0
2024-02-28 17:00:00,174.0,2,2,9.0,16.5,264.0
2024-02-28 18:00:00,291.0,2,2,174.0,9.0,264.0
2024-02-28 19:00:00,295.5,2,2,291.0,174.0,295.5
2024-02-28 20:00:00,301.5,2,2,295.5,291.0,301.5
2024-02-28 21:00:00,297.0,2,2,301.5,295.5,297.0
2024-02-28 22:00:00,315.0,2,2,297.0,301.5,315.0
2024-02-28 23:00:00,315.0,2,2,315.0,297.0,315.0
2024-02-29 00:00:00,294.0,3,2,315.0,315.0,294.0
2024-02-29 01:00:00,297.0,3,2,294.0,315.0,297.0
2024-02-29 02:00:00,262.5,3,2,297.0,294.0,262.5
2024-02-29 03:00:00,268.5,3,2,262.5,297.0,268.5
2024-02-29 04:00:00,274.5,3,2,268.5,262.5,274.5
2024-02-29 05:00:00,295.5,3,2,274.5,268.5,295.5
2024-02-29 06:00:00,271.5,3,2,295.5,274.5,295.5
2024-02-29 07:00:00,76.5,3,2,271.5,295.5,295.5
2024-02-29 08:00:00,24.0,3,2,76.5,271.5,295.5
2024-02-29 09:00:00,24.0,3,2,24.0,76.5,295.5
2024-02-29 10:00:00,27.0,3,2,24.0,24.0,295.5
2024-02-29 11:00:00,27.0,3,2,27.0,24.0,295.5
2024-02-29 12:00:00,15.0,3,2,27.0,27.0,295.5
2024-02-29 13:00:00,24.0,3,2,15.0,27.0,295.5
2024-02-29 14:00:00,49.5,3,2,24.0,15.0,295.5
2024-02-29 15:00:00,22.5,3,2,49.5,24.0,295.5
2024-02-29 16:00:00,13.5,3,2,22.5,49.5,295.5
2024-02-29 17:00:00,163.5,3,2,13.5,22.5,295.5
2024-02-29 18:00:00,289.5,3,2,163.5,13.5,295.5
2024-02-29 19:00:00,289.5,3,2,289.5,163.5,289.5
2024-02-29 20:00:00,280.5,3,2,289.5,289.5,280.5
2024-02-29 21:00:00,279.0,3,2,280.5,289.5,279.0
2024-02-29 22:00:00,304.5,3,2,279.0,280.5,304.5
2024-02-29 23:00:00,303.0,3,2,304.5,279.0,303.0
2024-03-01 00:00:00,292.5,4,3,303.0,304.5,292.5
2024-03-01 01:00:00,277.5,4,3,292.5,303.0,277.5
2024-03-01 02:00:00,232.5,4,3,277.5,292.5,232.5
2024-03-01 03:00:00,222.0,4,3,232.5,277.5,222.0
2024-03-01 04:00:00,240.0,4,3,222.0,232.5,240.0
2024-03-01 05:00:00,265.5,4,3,240.0,222.0,265.5
2024-03-01 06:00:00,252.0,4,3,265.5,240.0,265.5
2024-03-01 07:00:00,73.5,4,3,252.0,265.5,265.5
2024-03-01 08:00:00,13.5,4,3,73.5,252.0,265.5
2024-03-01 09:00:00,19.5,4,3,13.5,73.5,265.5
2024-03-01 10:00:00,16.5,4,3,19.5,13.5,265.5
2024-03-01 11:00:00,18.0,4,3,16.5,19.5,265.5
2024-03-01 12:00:00,9.0,4,3,18.0,16.5,265.5
2024-03-01 13:00:00,73.5,4,3,9.0,18.0,265.5
2024-03-01 14:00:00,42.0,4,3,73.5,9.0,265.5
2024-03-01 15:00:00,10.5,4,3,42.0,73.5,265.5
2024-03-01 16:00:00,1.5,4,3,10.5,42.0,265.5
2024-03-01 17:00:00,115.5,4,3,1.5,10.5,265.5
2024-03-01 18:00:00,282.0,4,3,115.5,1.5,265.5
2024-03-01 19:00:00,285.0,4,3,282.0,115.5,285.0
2024-03-01 20:00:00,463.5,4,3,285.0,282.0,463.5
2024-03-01 21:00:00,1114.5,4,3,463.5,285.0,1114.5
2024-03-01 22:00:00,1506.0,4,3,1114.5,463.5,1506.0
2024-03-01 23:00:00,1992.0,4,3,1506.0,1114.5,1992.0
2024-03-02 00:00:00,2515.5,5,3,1992.0,1506.0,2515.5
2024-03-02 01:00:00,2610.0,5,3,2515.5,1992.0,2610.0
2024-03-02 02:00:00,2578.5,5,3,2610.0,2515.5,2578.5
2024-03-02 03:00:00,2557.5,5,3,2578.5,2610.0,2557.5
2024-03-02 04:00:00,1935.0,5,3,2557.5,2578.5,1935.0
2024-03-02 05:00:00,760.5,5,3,1935.0,2557.5,760.5
2024-03-02 06:00:00,913.5,5,3,760.5,1935.0,760.5
2024-03-02 07:00:00,1521.0,5,3,913.5,760.5,760.5
2024-03-02 08:00:00,1677.0,5,3,1521.0,913.5,760.5
2024-03-02 09:00:00,1774.5,5,3,1677.0,1521.0,760.5
2024-03-02 10:00:00,1545.0,5,3,1774.5,1677.0,760.5
2024-03-02 11:00:00,1209.0,5,3,1545.0,1774.5,760.5
2024-03-02 12:00:00,1251.0,5,3,1209.0,1545.0,760.5
2024-03-02 13:00:00,1374.0,5,3,1251.0,1209.0,760.5
2024-03-02 14:00:00,1602.0,5,3,1374.0,1251.0,760.5
2024-03-02 15:00:00,1276.5,5,3,1602.0,1374.0,760.5
2024-03-02 16:00:00,2164.5,5,3,1276.5,1602.0,760.5
2024-03-02 17:00:00,2217.0,5,3,2164.5,1276.5,760.5
2024-03-02 18:00:00,2742.0,5,3,2217.0,2164.5,760.5
2024-03-02 19:00:00,2814.0,5,3,2742.0,2217.0,2814.0
2024-03-02 20:00:00,2778.0,5,3,2814.0,2742.0,2778.0
2024-03-02 21:00:00,2559.0,5,3,2778.0,2814.0,2559.0
2024-03-02 22:00:00,2283.0,5,3,2559.0,2778.0,2283.0
2024-03-02 23:00:00,2370.0,5,3,2283.0,2559.0,2370.0
2024-03-03 00:00:00,2632.5,6,3,2370.0,2283.0,2632.5
2024-03-03 01:00:00,2593.5,6,3,2632.5,2370.0,2593.5
2024-03-03 02:00:00,2559.0,6,3,2593.5,2632.5,2559.0
2024-03-03 03:00:00,2199.0,6,3,2559.0,2593.5,2199.0
2024-03-03 04:00:00,2409.0,6,3,2199.0,2559.0,2409.0
2024-03-03 05:00:00,2638.5,6,3,2409.0,2199.0,2638.5
2024-03-03 06:00:00,2422.5,6,3,2638.5,2409.0,2638.5
2024-03-03 07:00:00,1893.0,6,3,2422.5,2638.5,2638.5
2024-03-03 08:00:00,1809.0,6,3,1893.0,2422.5,2638.5
2024-03-03 09:00:00,1560.0,6,3,1809.0,1893.0,2638.5
2024-03-03 10:00:00,1290.0,6,3,1560.0,1809.0,2638.5
2024-03-03 11:00:00,1206.0,6,3,1290.0,1560.0,2638.5
2024-03-03 12:00:00,1419.0,6,3,1206.0,1290.0,2638.5
2024-03-03 13:00:00,1512.0,6,3,1419.0,1206.0,2638.5
2024-03-03 14:00:00,1620.0,6,3,1512.0,1419.0,2638.5
2024-03-03 15:00:00,1344.0,6,3,1620.0,1512.0,2638.5
2024-03-03 16:00:00,2248.5,6,3,1344.0,1620.0,2638.5
2024-03-03 17:00:00,2640.0,6,3,2248.5,1344.0,2638.5
2024-03-03 18:00:00,2305.5,6,3,2640.0,2248.5,2638.5
2024-03-03 19:00:00,2547.0,6,3,2305.5,2640.0,2547.0
2024-03-03 20:00:00,3057.0,6,3,2547.0,2305.5,3057.0
2024-03-03 21:00:00,4014.0,6,3,3057.0,2547.0,4014.0
2024-03-03 22:00:00,4134.0,6,3,4014.0,3057.0,4134.0
2024-03-03 23:00:00,3795.0,6,3,4134.0,4014.0,3795.0
2024-03-04 00:00:00,4066.5,0,3,3795.0,4134.0,4066.5
2024-03-04 01:00:00,4309.5,0,3,4066.5,3795.0,4309.5
2024-03-04 02:00:00,4198.5,0,3,4309.5,4066.5,4198.5
2024-03-04 03:00:00,3414.0,0,3,4198.5,4309.5,3414.0
2024-03-04 04:00:00,3501.0,0,3,3414.0,4198.5,3501.0
2024-03-04 05:00:00,3463.5,0,3,3501.0,3414.0,3463.5
2024-03-04 06:00:00,3909.0,0,3,3463.5,3501.0,3463.5
2024-03-04 07:00:00,3708.0,0,3,3909.0,3463.5,3463.5
2024-03-04 08:00:00,3369.0,0,3,3708.0,3909.0,3463.5
2024-03-04 09:00:00,2946.0,0,3,3369.0,3708.0,3463.5
2024-03-04 10:00:00,2592.0,0,3,2946.0,3369.0,3463.5
2024-03-04 11:00:00,2883.0,0,3,2592.0,2946.0,3463.5
2024-03-04 12:00:00,2589.0,0,3,2883.0,2592.0,3463.5
2024-03-04 13:00:00,2541.0,0,3,2589.0,2883.0,3463.5
2024-03-04 14:00:00,3483.0,0,3,2541.0,2589.0,3463.5
2024-03-04 15:00:00,3622.5,0,3,3483.0,2541.0,3463.5
2024-03-04 16:00:00,3336.0,0,3,3622.5,3483.0,3463.5
2024-03-04 17:00:00,3829.5,0,3,3336.0,3622.5,3463.5
2024-03-04 18:00:00,4561.5,0,3,3829.5,3336.0,3463.5
2024-03-04 19:00:00,4534.5,0,3,4561.5,3829.5,4534.5
2024-03-04 20:00:00,4362.0,0,3,4534.5,4561.5,4362.0
2024-03-04 21:00:00,4332.0,0,3,4362.0,4534.5,4332.0
2024-03-04 22:00:00,4206.0,0,3,4332.0,4362.0,4206.0
2024-03-04 23:00:00,4488.0,0,3,4206.0,4332.0,4488.0
2024-03-05 00:00:00,4437.0,1,3,4488.0,4206.0,4437.0
2024-03-05 01:00:00,4206.0,1,3,4437.0,4488.0,4206.0
2024-03-05 02:00:00,4408.5,1,3,4206.0,4437.0,4408.5
2024-03-05 03:00:00,4404.0,1,3,4408.5,4206.0,4404.0
2024-03-05 04:00:00,4264.5,1,3,4404.0,4408.5,4264.5
2024-03-05 05:00:00,4035.0,1,3,4264.5,4404.0,4035.0
2024-03-05 06:00:00,4159.5,1,3,4035.0,4264.5,4035.0
2024-03-05 07:00:00,3928.5,1,3,4159.5,4035.0,4035.0
2024-03-05 08:00:00,3315.0,1,3,3928.5,4159.5,4035.0
2024-03-05 09:00:00,2425.5,1,3,3315.0,3928.5,4035.0
2024-03-05 10:00:00,2137.5,1,3,2425.5,3315.0,4035.0
2024-03-05 11:00:00,2367.0,1,3,2137.5,2425.5,4035.0
2024-03-05 12:00:00,2041.5,1,3,2367.0,2137.5,4035.0
2024-03-05 13:00:00,2094.0,1,3,2041.5,2367.0,4035.0
2024-03-05 14:00:00,2841.0,1,3,2094.0,2041.5,4035.0
2024-03-05 15:00:00,3340.5,1,3,2841.0,2094.0,4035.0
2024-03-05 16:00:00,3507.0,1,3,3340.5,2841.0,4035.0
2024-03-05 17:00:00,4246.5,1,3,3507.0,3340.5,4035.0
2024-03-05 18:00:00,4258.5,1,3,4246.5,3507.0,4035.0
2024-03-05 19:00:00,4170.0,1,3,4258.5,4246.5,4170.0
2024-03-05 20:00:00,3571.5,1,3,4170.0,4258.5,3571.5
2024-03-05 21:00:00,4131.0,1,3,3571.5,4170.0,4131.0
2024-03-05 22:00:00,4468.5,1,3,4131.0,3571.5,4468.5
2024-03-05 23:00:00,4540.5,1,3,4468.5,4131.0,4540.5
2024-03-06 00:00:00,4365.0,2,3,4540.5,4468.5,4365.0
2024-03-06 01:00:00,4287.0,2,3,4365.0,4540.5,4287.0
2024-03-06 02:00:00,3357.0,2,3,4287.0,4365.0,3357.0
2024-03-06 03:00:00,2926.5,2,3,3357.0,4287.0,2926.5
2024-03-06 04:00:00,2568.0,2,3,2926.5,3357.0,2568.0
2024-03-06 05:00:00,2296.5,2,3,2568.0,2926.5,2296.5
2024-03-06 06:00:00,2919.0,2,3,2296.5,2568.0,2296.5
2024-03-06 07:00:00,2503.5,2,3,2919.0,2296.5,2296.5
2024-03-06 08:00:00,1702.5,2,3,2503.5,2919.0,2296.5
2024-03-06 09:00:00,1068.0,2,3,1702.5,2503.5,2296.5
2024-03-06 10:00:00,1419.0,2,3,1068.0,1702.5,2296.5
2024-03-06 11:00:00,1525.5,2,3,1419.0,1068.0,2296.5
2024-03-06 12:00:00,1948.5,2,3,1525.5,1419.0,2296.5
2024-03-06 13:00:00,1788.0,2,3,1948.5,1525.5,2296.5
2024-03-06 14:00:00,726.0,2,3,1788.0,1948.5,2296.5
2024-03-06 15:00:00,2464.5,2,3,726.0,1788.0,2296.5
2024-03-06 16:00:00,3345.0,2,3,2464.5,726.0,2296.5
2024-03-06 17:00:00,4326.0,2,3,3345.0,2464.5,2296.5
2024-03-06 18:00:00,4410.0,2,3,4326.0,3345.0,2296.5
2024-03-06 19:00:00,4501.5,2,3,4410.0,4326.0,4501.5
2024-03-06 20:00:00,4387.5,2,3,4501.5,4410.0,4387.5
2024-03-06 21:00:00,4161.0,2,3,4387.5,4501.5,4161.0
2024-03-06 22:00:00,4473.0,2,3,4161.0,4387.5,4473.0
2024-03-06 23:00:00,3975.0,2,3,4473.0,4161.0,3975.0
2024-03-07 00:00:00,4453.5,3,3,3975.0,4473.0,4453.5
2024-03-07 01:00:00,4290.0,3,3,4453.5,3975.0,4290.0
2024-03-07 02:00:00,4101.0,3,3,4290.0,4453.5,4101.0
2024-03-07 03:00:00,4285.5,3,3,4101.0,4290.0,4285.5
2024-03-07 04:00:00,4132.5,3,3,4285.5,4101.0,4132.5
2024-03-07 05:00:00,3763.5,3,3,4132.5,4285.5,3763.5
2024-03-07 06:00:00,3492.0,3,3,3763.5,4132.5,3763.5
2024-03-07 07:00:00,2437.5,3,3,3492.0,3763.5,3763.5
2024-03-07 08:00:00,2548.5,3,3,2437.5,3492.0,3763.5
2024-03-07 09:00:00,3244.5,3,3,2548.5,2437.5,3763.5
2024-03-07 10:00:00,3262.5,3,3,3244.5,2548.5,3763.5
2024-03-07 11:00:00,2836.5,3,3,3262.5,3244.5,3763.5
2024-03-07 12:00:00,2911.5,3,3,2836.5,3262.5,3763.5
2024-03-07 13:00:00,3265.5,3,3,2911.5,2836.5,3763.5
2024-03-07 14:00:00,3384.0,3,3,3265.5,2911.5,3763.5
2024-03-07 15:00:00,3607.5,3,3,3384.0,3265.5,3763.5
2024-03-07 16:00:00,3312.0,3,3,3607.5,3384.0,3763.5
2024-03-07 17:00:00,4192.5,3,3,3312.0,3607.5,3763.5
2024-03-07 18:00:00,4513.5,3,3,4192.5,3312.0,3763.5
2024-03-07 19:00:00,4512.0,3,3,4513.5,4192.5,4512.0
2024-03-07 20:00:00,4231.5,3,3,4512.0,4513.5,4231.5
2024-03-07 21:00:00,4072.5,3,3,4231.5,4512.0,4072.5
2024-03-07 22:00:00,3790.5,3,3,4072.5,4231.5,3790.5
2024-03-07 23:00:00,4047.0,3,3,3790.5,4072.5,4047.0
2024-03-08 00:00:00,4389.0,4,3,4047.0,3790.5,4389.0
2024-03-08 01:00:00,4252.5,4,3,4389.0,4047.0,4252.5
2024-03-08 02:00:00,3094.5,4,3,4252.5,4389.0,3094.5
2024-03-08 03:00:00,2959.5,4,3,3094.5,4252.5,2959.5
2024-03-08 04:00:00,2925.0,4,3,2959.5,3094.5,2925.0
2024-03-08 05:00:00,2973.0,4,3,2925.0,2959.5,2973.0
2024-03-08 06:00:00,2908.5,4,3,2973.0,2925.0,2973.0
2024-03-08 07:00:00,2034.0,4,3,2908.5,2973.0,2973.0
2024-03-08 08:00:00,1375.5,4,3,2034.0,2908.5,2973.0
2024-03-08 09:00:00,1266.0,4,3,1375.5,2034.0,2973.0
2024-03-08 10:00:00,1339.5,4,3,1266.0,1375.5,2973.0
2024-03-08 11:00:00,1302.0,4,3,1339.5,1266.0,2973.0
2024-03-08 12:00:00,891.0,4,3,1302.0,1339.5,2973.0
2024-03-08 13:00:00,870.0,4,3,891.0,1302.0,2973.0
2024-03-08 14:00:00,1039.5,4,3,870.0,891.0,2973.0
2024-03-08 15:00:00,1420.5,4,3,1039.5,870.0,2973.0
2024-03-08 16:00:00,1549.5,4,3,1420.5,1039.5,2973.0
2024-03-08 17:00:00,1938.0,4,3,1549.5,1420.5,2973.0
2024-03-08 18:00:00,2082.0,4,3,1938.0,1549.5,2973.0
2024-03-08 19:00:00,2052.0,4,3,2082.0,1938.0,2052.0
2024-03-08 20:00:00,2008.5,4,3,2052.0,2082.0,2008.5
2024-03-08 21:00:00,2140.5,4,3,2008.5,2052.0,2140.5
2024-03-08 22:00:00,2094.0,4,3,2140.5,2008.5,2094.0
2024-03-08 23:00:00,2122.5,4,3,2094.0,2140.5,2122.5
2024-03-09 00:00:00,2077.5,5,3,2122.5,2094.0,2077.5
2024-03-09 01:00:00,2031.0,5,3,2077.5,2122.5,2031.0
2024-03-09 02:00:00,2079.0,5,3,2031.0,2077.5,2079.0
2024-03-09 03:00:00,2119.5,5,3,2079.0,2031.0,2119.5
2024-03-09 04:00:00,2082.0,5,3,2119.5,2079.0,2082.0
2024-03-09 05:00:00,1956.0,5,3,2082.0,2119.5,1956.0
2024-03-09 06:00:00,1842.0,5,3,1956.0,2082.0,1956.0
2024-03-09 07:00:00,1266.0,5,3,1842.0,1956.0,1956.0
2024-03-09 08:00:00,831.0,5,3,1266.0,1842.0,1956.0
2024-03-09 09:00:00,1249.5,5,3,831.0,1266.0,1956.0
2024-03-09 10:00:00,1218.0,5,3,1249.5,831.0,1956.0
2024-03-09 11:00:00,1450.5,5,3,1218.0,1249.5,1956.0
2024-03-09 12:00:00,1405.5,5,3,1450.5,1218.0,1956.0
2024-03-09 13:00:00,1029.0,5,3,1405.5,1450.5,1956.0
2024-03-09 14:00:00,2077.5,5,3,1029.0,1405.5,1956.0
2024-03-09 15:00:00,2089.5,5,3,2077.5,1029.0,1956.0
2024-03-09 16:00:00,1897.5,5,3,2089.5,2077.5,1956.0
2024-03-09 17:00:00,1755.0,5,3,1897.5,2089.5,1956.0
2024-03-09 18:00:00,1846.5,5,3,1755.0,1897.5,1956.0
2024-03-09 19:00:00,2041.5,5,3,1846.5,1755.0,2041.5
2024-03-09 20:00:00,1971.0,5,3,2041.5,1846.5,1971.0
2024-03-09 21:00:00,2046.0,5,3,1971.0,2041.5,2046.0
2024-03-09 22:00:00,1819.5,5,3,2046.0,1971.0,1819.5
2024-03-09 23:00:00,1975.5,5,3,1819.5,2046.0,1975.5
2024-03-10 00:00:00,1977.0,6,3,1975.5,1819.5,1977.0
2024-03-10 01:00:00,1903.5,6,3,1977.0,1975.5,1903.5
2024-03-10 02:00:00,1966.5,6,3,1903.5,1977.0,1966.5
2024-03-10 03:00:00,1977.0,6,3,1966.5,1903.5,1977.0
2024-03-10 04:00:00,2038.5,6,3,1977.0,1966.5,2038.5
2024-03-10 05:00:00,1936.5,6,3,2038.5,1977.0,1936.5
2024-03-10 06:00:00,1894.5,6,3,1936.5,2038.5,1936.5
2024-03-10 07:00:00,1806.0,6,3,1894.5,1936.5,1936.5
2024-03-10 08:00:00,1470.0,6,3,1806.0,1894.5,1936.5
2024-03-10 09:00:00,1888.5,6,3,1470.0,1806.0,1936.5
2024-03-10 10:00:00,1401.0,6,3,1888.5,1470.0,1936.5
2024-03-10 11:00:00,1320.0,6,3,1401.0,1888.5,1936.5
2024-03-10 12:00:00,721.5,6,3,1320.0,1401.0,1936.5
2024-03-10 13:00:00,1077.0,6,3,721.5,1320.0,1936.5
2024-03-10 14:00:00,1134.0,6,3,1077.0,721.5,1936.5
2024-03-10 15:00:00,1389.0,6,3,1134.0,1077.0,1936.5
2024-03-10 16:00:00,1452.0,6,3,1389.0,1134.0,1936.5
2024-03-10 17:00:00,1690.5,6,3,1452.0,1389.0,1936.5
2024-03-10 18:00:00,2004.0,6,3,1690.5,1452.0,1936.5
2024-03-10 19:00:00,2074.5,6,3,2004.0,1690.5,2074.5
2024-03-10 20:00:00,1990.5,6,3,2074.5,2004.0,1990.5
2024-03-10 21:00:00,1965.0,6,3,1990.5,2074.5,1965.0
2024-03-10 22:00:00,1915.5,6,3,1965.0,1990.5,1915.5
2024-03-10 23:00:00,1887.0,6,3,1915.5,1965.0,1887.0
2024-03-11 00:00:00,1978.5,0,3,1887.0,1915.5,1978.5
2024-03-11 01:00:00,1950.0,0,3,1978.5,1887.0,1950.0
2024-03-11 02:00:00,1885.5,0,3,1950.0,1978.5,1885.5
2024-03-11 03:00:00,1848.0,0,3,1885.5,1950.0,1848.0
2024-03-11 04:00:00,1740.0,0,3,1848.0,1885.5,1740.0
2024-03-11 05:00:00,1896.0,0,3,1740.0,1848.0,1896.0
2024-03-11 06:00:00,1851.0,0,3,1896.0,1740.0,1896.0
2024-03-11 07:00:00,1497.0,0,3,1851.0,1896.0,1896.0
2024-03-11 08:00:00,1489.5,0,3,1497.0,1851.0,1896.0
2024-03-11 09:00:00,1693.5,0,3,1489.5,1497.0,1896.0
2024-03-11 10:00:00,1639.5,0,3,1693.5,1489.5,1896.0
2024-03-11 11:00:00,1542.0,0,3,1639.5,1693.5,1896.0
2024-03-11 12:00:00,1287.0,0,3,1542.0,1639.5,1896.0
2024-03-11 13:00:00,1488.0,0,3,1287.0,1542.0,1896.0
2024-03-11 14:00:00,1615.5,0,3,1488.0,1287.0,1896.0
2024-03-11 15:00:00,1510.5,0,3,1615.5,1488.0,1896.0
2024-03-11 16:00:00,1201.5,0,3,1510.5,1615.5,1896.0
2024-03-11 17:00:00,1491.0,0,3,1201.5,1510.5,1896.0
2024-03-11 18:00:00,1683.0,0,3,1491.0,1201.5,1896.0
2024-03-11 19:00:00,1957.5,0,3,1683.0,1491.0,1957.5
2024-03-11 20:00:00,1768.5,0,3,1957.5,1683.0,1768.5
2024-03-11 21:00:00,1870.5,0,3,1768.5,1957.5,1870.5
2024-03-11 22:00:00,1984.5,0,3,1870.5,1768.5,1984.5
2024-03-11 23:00:00,2043.0,0,3,1984.5,1870.5,2043.0
2024-03-12 00:00:00,2058.0,1,3,2043.0,1984.5,2058.0
2024-03-12 01:00:00,2049.0,1,3,2058.0,2043.0,2049.0
2024-03-12 02:00:00,2061.0,1,3,2049.0,2058.0,2061.0
2024-03-12 03:00:00,2031.0,1,3,2061.0,2049.0,2031.0
2024-03-12 04:00:00,2028.0,1,3,2031.0,2061.0,2028.0
2024-03-12 05:00:00,1912.5,1,3,2028.0,2031.0,1912.5
2024-03-12 06:00:00,1527.0,1,3,1912.5,2028.0,1912.5
2024-03-12 07:00:00,943.5,1,3,1527.0,1912.5,1912.5
2024-03-12 08:00:00,633.0,1,3,943.5,1527.0,1912.5
2024-03-12 09:00:00,72.0,1,3,633.0,943.5,1912.5
2024-03-12 10:00:00,7.5,1,3,72.0,633.0,1912.5
2024-03-12 11:00:00,10.5,1,3,7.5,72.0,1912.5
2024-03-12 12:00:00,6.0,1,3,10.5,7.5,1912.5
2024-03-12 13:00:00,15.0,1,3,6.0,10.5,1912.5
2024-03-12 14:00:00,46.5,1,3,15.0,6.0,1912.5
2024-03-12 15:00:00,70.5,1,3,46.5,15.0,1912.5
2024-03-12 16:00:00,141.0,1,3,70.5,46.5,1912.5
2024-03-12 17:00:00,291.0,1,3,141.0,70.5,1912.5
2024-03-12 18:00:00,429.0,1,3,291.0,141.0,1912.5
2024-03-12 19:00:00,438.0,1,3,429.0,291.0,438.0
2024-03-12 20:00:00,421.5,1,3,438.0,429.0,421.5
2024-03-12 21:00:00,399.0,1,3,421.5,438.0,399.0
2024-03-12 22:00:00,397.5,1,3,399.0,421.5,397.5
2024-03-12 23:00:00,406.5,1,3,397.5,399.0,406.5
2024-03-13 00:00:00,390.0,2,3,406.5,397.5,390.0
2024-03-13 01:00:00,390.0,2,3,390.0,406.5,390.0
2024-03-13 02:00:00,420.0,2,3,390.0,390.0,420.0
2024-03-13 03:00:00,406.5,2,3,420.0,390.0,406.5
2024-03-13 04:00:00,333.0,2,3,406.5,420.0,333.0
2024-03-13 05:00:00,253.5,2,3,333.0,406.5,253.5
2024-03-13 06:00:00,237.0,2,3,253.5,333.0,253.5
2024-03-13 07:00:00,48.0,2,3,237.0,253.5,253.5
2024-03-13 08:00:00,48.0,2,3,48.0,237.0,253.5
2024-03-13 09:00:00,73.5,2,3,48.0,48.0,253.5
2024-03-13 10:00:00,21.0,2,3,73.5,48.0,253.5
2024-03-13 11:00:00,45.0,2,3,21.0,73.5,253.5
2024-03-13 12:00:00,85.5,2,3,45.0,21.0,253.5
2024-03-13 13:00:00,229.5,2,3,85.5,45.0,253.5
2024-03-13 14:00:00,403.5,2,3,229.5,85.5,253.5
2024-03-13 15:00:00,114.0,2,3,403.5,229.5,253.5
2024-03-13 16:00:00,148.5,2,3,114.0,403.5,253.5
2024-03-13 17:00:00,379.5,2,3,148.5,114.0,253.5
2024-03-13 18:00:00,423.0,2,3,379.5,148.5,253.5
2024-03-13 19:00:00,432.0,2,3,423.0,379.5,432.0
2024-03-13 20:00:00,565.5,2,3,432.0,423.0,565.5
2024-03-13 21:00:00,1578.0,2,3,565.5,432.0,1578.0
2024-03-13 22:00:00,2367.0,2,3,1578.0,565.5,2367.0
2024-03-13 23:00:00,2655.0,2,3,2367.0,1578.0,2655.0
2024-03-14 00:00:00,2253.0,3,3,2655.0,2367.0,2253.0
2024-03-14 01:00:00,2067.0,3,3,2253.0,2655.0,2067.0
2024-03-14 02:00:00,2349.0,3,3,2067.0,2253.0,2349.0
2024-03-14 03:00:00,2787.0,3,3,2349.0,2067.0,2787.0
2024-03-14 04:00:00,2707.5,3,3,2787.0,2349.0,2707.5
2024-03-14 05:00:00,1555.5,3,3,2707.5,2787.0,1555.5
2024-03-14 06:00:00,1260.0,3,3,1555.5,2707.5,1555.5
2024-03-14 07:00:00,1606.5,3,3,1260.0,1555.5,1555.5
2024-03-14 08:00:00,2112.0,3,3,1606.5,1260.0,1555.5
2024-03-14 09:00:00,2344.5,3,3,2112.0,1606.5,1555.5
2024-03-14 10:00:00,2593.5,3,3,2344.5,2112.0,1555.5
2024-03-14 11:00:00,2493.0,3,3,2593.5,2344.5,1555.5
2024-03-14 12:00:00,2161.5,3,3,2493.0,2593.5,1555.5
2024-03-14 13:00:00,2478.0,3,3,2161.5,2493.0,1555.5
2024-03-14 14:00:00,2532.0,3,3,2478.0,2161.5,1555.5
2024-03-14 15:00:00,3660.0,3,3,2532.0,2478.0,1555.5
2024-03-14 16:00:00,3964.5,3,3,3660.0,2532.0,1555.5
2024-03-14 17:00:00,4092.0,3,3,3964.5,3660.0,1555.5
2024-03-14 18:00:00,4134.0,3,3,4092.0,3964.5,1555.5
2024-03-14 19:00:00,4492.5,3,3,4134.0,4092.0,4492.5
2024-03-14 20:00:00,4491.0,3,3,4492.5,4134.0,4491.0
2024-03-14 21:00:00,4360.5,3,3,4491.0,4492.5,4360.5
2024-03-14 22:00:00,4612.5,3,3,4360.5,4491.0,4612.5
2024-03-14 23:00:00,4629.0,3,3,4612.5,4360.5,4629.0
2024-03-15 00:00:00,4533.0,4,3,4629.0,4612.5,4533.0
2024-03-15 01:00:00,4275.0,4,3,4533.0,4629.0,4275.0
2024-03-15 02:00:00,3652.5,4,3,4275.0,4533.0,3652.5
2024-03-15 03:00:00,4524.0,4,3,3652.5,4275.0,4524.0
2024-03-15 04:00:00,4381.5,4,3,4524.0,3652.5,4381.5
2024-03-15 05:00:00,4440.0,4,3,4381.5,4524.0,4440.0
2024-03-15 06:00:00,4396.5,4,3,4440.0,4381.5,4440.0
2024-03-15 07:00:00,4090.5,4,3,4396.5,4440.0,4440.0
2024-03-15 08:00:00,3405.0,4,3,4090.5,4396.5,4440.0
2024-03-15 09:00:00,2985.0,4,3,3405.0,4090.5,4440.0
2024-03-15 10:00:00,3042.0,4,3,2985.0,3405.0,4440.0
2024-03-15 11:00:00,2944.5,4,3,3042.0,2985.0,4440.0
2024-03-15 12:00:00,3039.0,4,3,2944.5,3042.0,4440.0
2024-03-15 13:00:00,2340.0,4,3,3039.0,2944.5,4440.0
2024-03-15 14:00:00,2490.0,4,3,2340.0,3039.0,4440.0
2024-03-15 15:00:00,2901.0,4,3,2490.0,2340.0,4440.0
2024-03-15 16:00:00,2922.0,4,3,2901.0,2490.0,4440.0
2024-03-15 17:00:00,3177.0,4,3,2922.0,2901.0,4440.0
2024-03-15 18:00:00,3517.5,4,3,3177.0,2922.0,4440.0
2024-03-15 19:00:00,3927.0,4,3,3517.5,3177.0,3927.0
2024-03-15 20:00:00,4249.5,4,3,3927.0,3517.5,4249.5
2024-03-15 21:00:00,4419.0,4,3,4249.5,3927.0,4419.0
2024-03-15 22:00:00,4350.0,4,3,4419.0,4249.5,4350.0
2024-03-15 23:00:00,4467.0,4,3,4350.0,4419.0,4467.0
2024-03-16 00:00:00,4479.0,5,3,4467.0,4350.0,4479.0
2024-03-16 01:00:00,4344.0,5,3,4479.0,4467.0,4344.0
2024-03-16 02:00:00,4351.5,5,3,4344.0,4479.0,4351.5
2024-03-16 03:00:00,4299.0,5,3,4351.5,4344.0,4299.0
2024-03-16 04:00:00,4504.5,5,3,4299.0,4351.5,4504.5
2024-03-16 05:00:00,3373.5,5,3,4504.5,4299.0,3373.5
2024-03-16 06:00:00,3808.5,5,3,3373.5,4504.5,3373.5
2024-03-16 07:00:00,3681.0,5,3,3808.5,3373.5,3373.5
2024-03-16 08:00:00,3130.5,5,3,3681.0,3808.5,3373.5
2024-03-16 09:00:00,3595.5,5,3,3130.5,3681.0,3373.5
2024-03-16 10:00:00,2922.0,5,3,3595.5,3130.5,3373.5
2024-03-16 11:00:00,2659.5,5,3,2922.0,3595.5,3373.5
2024-03-16 12:00:00,2586.0,5,3,2659.5,2922.0,3373.5
2024-03-16 13:00:00,2827.5,5,3,2586.0,2659.5,3373.5
2024-03-16 14:00:00,3967.5,5,3,2827.5,2586.0,3373.5
2024-03-16 15:00:00,3747.0,5,3,3967.5,2827.5,3373.5
2024-03-16 16:00:00,4212.0,5,3,3747.0,3967.5,3373.5
2024-03-16 17:00:00,4339.5,5,3,4212.0,3747.0,3373.5
2024-03-16 18:00:00,4453.5,5,3,4339.5,4212.0,3373.5
2024-03-16 19:00:00,4686.0,5,3,4453.5,4339.5,4686.0
2024-03-16 20:00:00,4677.0,5,3,4686.0,4453.5,4677.0
2024-03-16 21:00:00,4440.0,5,3,4677.0,4686.0,4440.0
2024-03-16 22:00:00,4623.0,5,3,4440.0,4677.0,4623.0
2024-03-16 23:00:00,4104.0,5,3,4623.0,4440.0,4104.0
2024-03-17 00:00:00,4492.5,6,3,4104.0,4623.0,4492.5
2024-03-17 01:00:00,4669.5,6,3,4492.5,4104.0,4669.5
2024-03-17 02:00:00,4531.5,6,3,4669.5,4492.5,4531.5
2024-03-17 03:00:00,4182.0,6,3,4531.5,4669.5,4182.0
2024-03-17 04:00:00,4503.0,6,3,4182.0,4531.5,4503.0
2024-03-17 05:00:00,4207.5,6,3,4503.0,4182.0,4207.5
2024-03-17 06:00:00,4495.5,6,3,4207.5,4503.0,4207.5
2024-03-17 07:00:00,2307.0,6,3,4495.5,4207.5,4207.5
2024-03-17 08:00:00,3031.5,6,3,2307.0,4495.5,4207.5
2024-03-17 09:00:00,2908.5,6,3,3031.5,2307.0,4207.5
2024-03-17 10:00:00,2407.5,6,3,2908.5,3031.5,4207.5
2024-03-17 11:00:00,1918.5,6,3,2407.5,2908.5,4207.5
2024-03-17 12:00:00,2265.0,6,3,1918.5,2407.5,4207.5
2024-03-17 13:00:00,2487.0,6,3,2265.0,1918.5,4207.5
2024-03-17 14:00:00,2920.5,6,3,2487.0,2265.0,4207.5
2024-03-17 15:00:00,3199.5,6,3,2920.5,2487.0,4207.5
2024-03-17 16:00:00,4131.0,6,3,3199.5,2920.5,4207.5
2024-03-17 17:00:00,4372.5,6,3,4131.0,3199.5,4207.5
2024-03-17 18:00:00,4560.0,6,3,4372.5,4131.0,4207.5
2024-03-17 19:00:00,4234.5,6,3,4560.0,4372.5,4234.5
2024-03-17 20:00:00,3934.5,6,3,4234.5,4560.0,3934.5
2024-03-17 21:00:00,4401.0,6,3,3934.5,4234.5,4401.0
2024-03-17 22:00:00,4495.5,6,3,4401.0,3934.5,4495.5
2024-03-17 23:00:00,4419.0,6,3,4495.5,4401.0,4419.0
2024-03-18 00:00:00,4317.0,0,3,4419.0,4495.5,4317.0
2024-03-18 01:00:00,4069.5,0,3,4317.0,4419.0,4069.5
2024-03-18 02:00:00,2602.5,0,3,4069.5,4317.0,2602.5
2024-03-18 03:00:00,2383.5,0,3,2602.5,4069.5,2383.5
2024-03-18 04:00:00,2502.0,0,3,2383.5,2602.5,2502.0
2024-03-18 05:00:00,2548.5,0,3,2502.0,2383.5,2548.5
2024-03-18 06:00:00,2739.0,0,3,2548.5,2502.0,2548.5
2024-03-18 07:00:00,2124.0,0,3,2739.0,2548.5,2548.5
2024-03-18 08:00:00,1375.5,0,3,2124.0,2739.0,2548.5
2024-03-18 09:00:00,1128.0,0,3,1375.5,2124.0,2548.5
2024-03-18 10:00:00,1023.0,0,3,1128.0,1375.5,2548.5
2024-03-18 11:00:00,1024.5,0,3,1023.0,1128.0,2548.5
2024-03-18 12:00:00,1357.5,0,3,1024.5,1023.0,2548.5
2024-03-18 13:00:00,1090.5,0,3,1357.5,1024.5,2548.5
2024-03-18 14:00:00,963.0,0,3,1090.5,1357.5,2548.5
2024-03-18 15:00:00,898.5,0,3,963.0,1090.5,2548.5
2024-03-18 16:00:00,1189.5,0,3,898.5,963.0,2548.5
2024-03-18 17:00:00,1710.0,0,3,1189.5,898.5,2548.5
2024-03-18 18:00:00,1911.0,0,3,1710.0,1189.5,2548.5
2024-03-18 19:00:00,2031.0,0,3,1911.0,1710.0,2031.0
2024-03-18 20:00:00,2059.5,0,3,2031.0,1911.0,2059.5
2024-03-18 21:00:00,2208.0,0,3,2059.5,2031.0,2208.0
2024-03-18 22:00:00,2311.5,0,3,2208.0,2059.5,2311.5
2024-03-18 23:00:00,2157.0,0,3,2311.5,2208.0,2157.0
2024-03-19 00:00:00,1860.0,1,3,2157.0,2311.5,1860.0
2024-03-19 01:00:00,1737.0,1,3,1860.0,2157.0,1737.0
2024-03-19 02:00:00,1560.0,1,3,1737.0,1860.0,1560.0
2024-03-19 03:00:00,1500.0,1,3,1560.0,1737.0,1500.0
2024-03-19 04:00:00,1330.5,1,3,1500.0,1560.0,1330.5
2024-03-19 05:00:00,1065.0,1,3,1330.5,1500.0,1065.0
2024-03-19 06:00:00,1449.0,1,3,1065.0,1330.5,1065.0
2024-03-19 07:00:00,811.5,1,3,1449.0,1065.0,1065.0
2024-03-19 08:00:00,214.5,1,3,811.5,1449.0,1065.0
2024-03-19 09:00:00,22.5,1,3,214.5,811.5,1065.0
2024-03-19 10:00:00,19.5,1,3,22.5,214.5,1065.0
2024-03-19 11:00:00,15.0,1,3,19.5,22.5,1065.0
2024-03-19 12:00:00,1.5,1,3,15.0,19.5,1065.0
2024-03-19 13:00:00,18.0,1,3,1.5,15.0,1065.0
2024-03-19 14:00:00,211.5,1,3,18.0,1.5,1065.0
2024-03-19 15:00:00,523.5,1,3,211.5,18.0,1065.0
2024-03-19 16:00:00,358.5,1,3,523.5,211.5,1065.0
2024-03-19 17:00:00,276.0,1,3,358.5,523.5,1065.0
2024-03-19 18:00:00,297.0,1,3,276.0,358.5,1065.0
2024-03-19 19:00:00,297.0,1,3,297.0,276.0,297.0
2024-03-19 20:00:00,292.5,1,3,297.0,297.0,292.5
2024-03-19 21:00:00,621.0,1,3,292.5,297.0,621.0
2024-03-19 22:00:00,742.5,1,3,621.0,292.5,742.5
2024-03-19 23:00:00,478.5,1,3,742.5,621.0,478.5
2024-03-20 00:00:00,330.0,2,3,478.5,742.5,330.0
2024-03-20 01:00:00,636.0,2,3,330.0,478.5,636.0
2024-03-20 02:00:00,757.5,2,3,636.0,330.0,757.5
2024-03-20 03:00:00,709.5,2,3,757.5,636.0,709.5
2024-03-20 04:00:00,322.5,2,3,709.5,757.5,322.5
2024-03-20 05:00:00,285.0,2,3,322.5,709.5,285.0
2024-03-20 06:00:00,292.5,2,3,285.0,322.5,285.0
2024-03-20 07:00:00,153.0,2,3,292.5,285.0,285.0
2024-03-20 08:00:00,48.0,2,3,153.0,292.5,285.0
2024-03-20 09:00:00,99.0,2,3,48.0,153.0,285.0
2024-03-20 10:00:00,39.0,2,3,99.0,48.0,285.0
2024-03-20 11:00:00,18.0,2,3,39.0,99.0,285.0
2024-03-20 12:00:00,12.0,2,3,18.0,39.0,285.0
2024-03-20 13:00:00,16.5,2,3,12.0,18.0,285.0
2024-03-20 14:00:00,12.0,2,3,16.5,12.0,285.0
2024-03-20 15:00:00,12.0,2,3,12.0,16.5,285.0
2024-03-20 16:00:00,52.5,2,3,12.0,12.0,285.0
2024-03-20 17:00:00,171.0,2,3,52.5,12.0,285.0
2024-03-20 18:00:00,273.0,2,3,171.0,52.5,285.0
2024-03-20 19:00:00,279.0,2,3,273.0,171.0,279.0
2024-03-20 20:00:00,283.5,2,3,279.0,273.0,283.5
2024-03-20 21:00:00,744.0,2,3,283.5,279.0,744.0
2024-03-20 22:00:00,772.5,2,3,744.0,283.5,772.5
2024-03-20 23:00:00,535.5,2,3,772.5,744.0,535.5
2024-03-21 00:00:00,316.5,3,3,535.5,772.5,316.5
2024-03-21 01:00:00,664.5,3,3,316.5,535.5,664.5
2024-03-21 02:00:00,748.5,3,3,664.5,316.5,748.5
2024-03-21 03:00:00,543.0,3,3,748.5,664.5,543.0
2024-03-21 04:00:00,316.5,3,3,543.0,748.5,316.5
2024-03-21 05:00:00,600.0,3,3,316.5,543.0,600.0
2024-03-21 06:00:00,399.0,3,3,600.0,316.5,600.0
2024-03-21 07:00:00,265.5,3,3,399.0,600.0,600.0
2024-03-21 08:00:00,85.5,3,3,265.5,399.0,600.0
2024-03-21 09:00:00,31.5,3,3,85.5,265.5,600.0
2024-03-21 10:00:00,7.5,3,3,31.5,85.5,600.0
2024-03-21 11:00:00,4.5,3,3,7.5,31.5,600.0
2024-03-21 12:00:00,0.0,3,3,4.5,7.5,600.0
2024-03-21 13:00:00,10.5,3,3,0.0,4.5,600.0
2024-03-21 14:00:00,6.0,3,3,10.5,0.0,600.0
2024-03-21 15:00:00,30.0,3,3,6.0,10.5,600.0
2024-03-21 16:00:00,69.0,3,3,30.0,6.0,600.0
2024-03-21 17:00:00,228.0,3,3,69.0,30.0,600.0
2024-03-21 18:00:00,322.5,3,3,228.0,69.0,600.0
2024-03-21 19:00:00,328.5,3,3,322.5,228.0,328.5
2024-03-21 20:00:00,322.5,3,3,328.5,322.5,322.5
2024-03-21 21:00:00,730.5,3,3,322.5,328.5,730.5
2024-03-21 22:00:00,783.0,3,3,730.5,322.5,783.0
2024-03-21 23:00:00,666.0,3,3,783.0,730.5,666.0
2024-03-22 00:00:00,345.0,4,3,666.0,783.0,345.0
2024-03-22 01:00:00,681.0,4,3,345.0,666.0,681.0
2024-03-22 02:00:00,645.0,4,3,681.0,345.0,645.0
2024-03-22 03:00:00,654.0,4,3,645.0,681.0,654.0
2024-03-22 04:00:00,330.0,4,3,654.0,645.0,330.0
2024-03-22 05:00:00,753.0,4,3,330.0,654.0,753.0
2024-03-22 06:00:00,337.5,4,3,753.0,330.0,753.0
2024-03-22 07:00:00,127.5,4,3,337.5,753.0,753.0
2024-03-22 08:00:00,6.0,4,3,127.5,337.5,753.0
2024-03-22 09:00:00,1.5,4,3,6.0,127.5,753.0
2024-03-22 10:00:00,4.5,4,3,1.5,6.0,753.0
2024-03-22 11:00:00,0.0,4,3,4.5,1.5,753.0
2024-03-22 12:00:00,0.0,4,3,0.0,4.5,753.0
2024-03-22 13:00:00,9.0,4,3,0.0,0.0,753.0
2024-03-22 14:00:00,7.5,4,3,9.0,0.0,753.0
2024-03-22 15:00:00,31.5,4,3,7.5,9.0,753.0
2024-03-22 16:00:00,132.0,4,3,31.5,7.5,753.0
2024-03-22 17:00:00,222.0,4,3,132.0,31.5,753.0
2024-03-22 18:00:00,321.0,4,3,222.0,132.0,753.0
2024-03-22 19:00:00,343.5,4,3,321.0,222.0,343.5
2024-03-22 20:00:00,577.5,4,3,343.5,321.0,577.5
2024-03-22 21:00:00,1660.5,4,3,577.5,343.5,1660.5
2024-03-22 22:00:00,2169.0,4,3,1660.5,577.5,2169.0
2024-03-22 23:00:00,2020.5,4,3,2169.0,1660.5,2020.5
2024-03-23 00:00:00,1857.0,5,3,2020.5,2169.0,1857.0
2024-03-23 01:00:00,2217.0,5,3,1857.0,2020.5,2217.0
2024-03-23 02:00:00,1824.0,5,3,2217.0,1857.0,1824.0
2024-03-23 03:00:00,1372.5,5,3,1824.0,2217.0,1372.5
2024-03-23 04:00:00,1783.5,5,3,1372.5,1824.0,1783.5
2024-03-23 05:00:00,1554.0,5,3,1783.5,1372.5,1554.0
2024-03-23 06:00:00,1177.5,5,3,1554.0,1783.5,1554.0
2024-03-23 07:00:00,1174.5,5,3,1177.5,1554.0,1554.0
2024-03-23 08:00:00,1041.0,5,3,1174.5,1177.5,1554.0
2024-03-23 09:00:00,955.5,5,3,1041.0,1174.5,1554.0
2024-03-23 10:00:00,646.5,5,3,955.5,1041.0,1554.0
2024-03-23 11:00:00,700.5,5,3,646.5,955.5,1554.0
2024-03-23 12:00:00,724.5,5,3,700.5,646.5,1554.0
2024-03-23 13:00:00,750.0,5,3,724.5,700.5,1554.0
2024-03-23 14:00:00,987.0,5,3,750.0,724.5,1554.0
2024-03-23 15:00:00,1125.0,5,3,987.0,750.0,1554.0
2024-03-23 16:00:00,1528.5,5,3,1125.0,987.0,1554.0
2024-03-23 17:00:00,1669.5,5,3,1528.5,1125.0,1554.0
2024-03-23 18:00:00,1747.5,5,3,1669.5,1528.5,1554.0
2024-03-23 19:00:00,2074.5,5,3,1747.5,1669.5,2074.5
2024-03-23 20:00:00,2185.5,5,3,2074.5,1747.5,2185.5
2024-03-23 21:00:00,2362.5,5,3,2185.5,2074.5,2362.5
2024-03-23 22:00:00,2421.0,5,3,2362.5,2185.5,2421.0
2024-03-23 23:00:00,2154.0,5,3,2421.0,2362.5,2154.0
2024-03-24 00:00:00,2118.0,6,3,2154.0,2421.0,2118.0
2024-03-24 01:00:00,2398.5,6,3,2118.0,2154.0,2398.5
2024-03-24 02:00:00,2329.5,6,3,2398.5,2118.0,2329.5
2024-03-24 03:00:00,1878.0,6,3,2329.5,2398.5,1878.0
2024-03-24 04:00:00,1824.0,6,3,1878.0,2329.5,1824.0
2024-03-24 05:00:00,2248.5,6,3,1824.0,1878.0,2248.5
2024-03-24 06:00:00,1840.5,6,3,2248.5,1824.0,2248.5
2024-03-24 07:00:00,1768.5,6,3,1840.5,2248.5,2248.5
2024-03-24 08:00:00,1386.0,6,3,1768.5,1840.5,2248.5
2024-03-24 09:00:00,1185.0,6,3,1386.0,1768.5,2248.5
2024-03-24 10:00:00,807.0,6,3,1185.0,1386.0,2248.5
2024-03-24 11:00:00,732.0,6,3,807.0,1185.0,2248.5
2024-03-24 12:00:00,645.0,6,3,732.0,807.0,2248.5
2024-03-24 13:00:00,1072.5,6,3,645.0,732.0,2248.5
2024-03-24 14:00:00,1035.0,6,3,1072.5,645.0,2248.5
2024-03-24 15:00:00,1855.5,6,3,1035.0,1072.5,2248.5
2024-03-24 16:00:00,2365.5,6,3,1855.5,1035.0,2248.5
2024-03-24 17:00:00,2368.5,6,3,2365.5,1855.5,2248.5
2024-03-24 18:00:00,2161.5,6,3,2368.5,2365.5,2248.5
2024-03-24 19:00:00,2010.0,6,3,2161.5,2368.5,2010.0
2024-03-24 20:00:00,2506.5,6,3,2010.0,2161.5,2506.5
2024-03-24 21:00:00,2365.5,6,3,2506.5,2010.0,2365.5
2024-03-24 22:00:00,2287.5,6,3,2365.5,2506.5,2287.5
2024-03-24 23:00:00,2166.0,6,3,2287.5,2365.5,2166.0
2024-03-25 00:00:00,2202.0,0,3,2166.0,2287.5,2202.0
2024-03-25 01:00:00,2475.0,0,3,2202.0,2166.0,2475.0
2024-03-25 02:00:00,2406.0,0,3,2475.0,2202.0,2406.0
2024-03-25 03:00:00,2196.0,0,3,2406.0,2475.0,2196.0
2024-03-25 04:00:00,1840.5,0,3,2196.0,2406.0,1840.5
2024-03-25 05:00:00,2098.5,0,3,1840.5,2196.0,2098.5
2024-03-25 06:00:00,1317.0,0,3,2098.5,1840.5,2098.5
2024-03-25 07:00:00,463.5,0,3,1317.0,2098.5,2098.5
2024-03-25 08:00:00,369.0,0,3,463.5,1317.0,2098.5
2024-03-25 09:00:00,951.0,0,3,369.0,463.5,2098.5
2024-03-25 10:00:00,727.5,0,3,951.0,369.0,2098.5
2024-03-25 11:00:00,1126.5,0,3,727.5,951.0,2098.5
2024-03-25 12:00:00,1135.5,0,3,1126.5,727.5,2098.5
2024-03-25 13:00:00,1125.0,0,3,1135.5,1126.5,2098.5
2024-03-25 14:00:00,1156.5,0,3,1125.0,1135.5,2098.5
2024-03-25 15:00:00,1716.0,0,3,1156.5,1125.0,2098.5
2024-03-25 16:00:00,1774.5,0,3,1716.0,1156.5,2098.5
2024-03-25 17:00:00,1966.5,0,3,1774.5,1716.0,2098.5
2024-03-25 18:00:00,2013.0,0,3,1966.5,1774.5,2098.5
2024-03-25 19:00:00,1992.0,0,3,2013.0,1966.5,1992.0
2024-03-25 20:00:00,1969.5,0,3,1992.0,2013.0,1969.5
2024-03-25 21:00:00,2352.0,0,3,1969.5,1992.0,2352.0
2024-03-25 22:00:00,2347.5,0,3,2352.0,1969.5,2347.5
2024-03-25 23:00:00,2335.5,0,3,2347.5,2352.0,2335.5
2024-03-26 00:00:00,2154.0,1,3,2335.5,2347.5,2154.0
2024-03-26 01:00:00,2430.0,1,3,2154.0,2335.5,2430.0
2024-03-26 02:00:00,2517.0,1,3,2430.0,2154.0,2517.0
2024-03-26 03:00:00,2377.5,1,3,2517.0,2430.0,2377.5
2024-03-26 04:00:00,2179.5,1,3,2377.5,2517.0,2179.5
2024-03-26 05:00:00,1821.0,1,3,2179.5,2377.5,1821.0
2024-03-26 06:00:00,1821.0,1,3,1821.0,2179.5,1821.0
2024-03-26 07:00:00,1735.5,1,3,1821.0,1821.0,1821.0
2024-03-26 08:00:00,1431.0,1,3,1735.5,1821.0,1821.0
2024-03-26 09:00:00,1230.0,1,3,1431.0,1735.5,1821.0
2024-03-26 10:00:00,1311.0,1,3,1230.0,1431.0,1821.0
2024-03-26 11:00:00,1428.0,1,3,1311.0,1230.0,1821.0
2024-03-26 12:00:00,1548.0,1,3,1428.0,1311.0,1821.0
2024-03-26 13:00:00,1858.5,1,3,1548.0,1428.0,1821.0
2024-03-26 14:00:00,1677.0,1,3,1858.5,1548.0,1821.0
2024-03-26 15:00:00,1683.0,1,3,1677.0,1858.5,1821.0
2024-03-26 16:00:00,1543.5,1,3,1683.0,1677.0,1821.0
2024-03-26 17:00:00,1963.5,1,3,1543.5,1683.0,1821.0
2024-03-26 18:00:00,1980.0,1,3,1963.5,1543.5,1821.0
2024-03-26 19:00:00,1978.5,1,3,1980.0,1963.5,1978.5
2024-03-26 20:00:00,2059.5,1,3,1978.5,1980.0,2059.5
2024-03-26 21:00:00,2025.0,1,3,2059.5,1978.5,2025.0
2024-03-26 22:00:00,1728.0,1,3,2025.0,2059.5,1728.0
2024-03-26 23:00:00,1401.0,1,3,1728.0,2025.0,1401.0
2024-03-27 00:00:00,1617.0,2,3,1401.0,1728.0,1617.0
2024-03-27 01:00:00,2017.5,2,3,1617.0,1401.0,2017.5
2024-03-27 02:00:00,1873.5,2,3,2017.5,1617.0,1873.5
2024-03-27 03:00:00,1941.0,2,3,1873.5,2017.5,1941.0
2024-03-27 04:00:00,2034.0,2,3,1941.0,1873.5,2034.0
2024-03-27 05:00:00,1968.0,2,3,2034.0,1941.0,1968.0
2024-03-27 06:00:00,1993.5,2,3,1968.0,2034.0,1968.0
2024-03-27 07:00:00,1617.0,2,3,1993.5,1968.0,1968.0
2024-03-27 08:00:00,1429.5,2,3,1617.0,1993.5,1968.0
2024-03-27 09:00:00,1306.5,2,3,1429.5,1617.0,1968.0
2024-03-27 10:00:00,1348.5,2,3,1306.5,1429.5,1968.0
2024-03-27 11:00:00,1026.0,2,3,1348.5,1306.5,1968.0
2024-03-27 12:00:00,937.5,2,3,1026.0,1348.5,1968.0
2024-03-27 13:00:00,1092.0,2,3,937.5,1026.0,1968.0
2024-03-27 14:00:00,1177.5,2,3,1092.0,937.5,1968.0
2024-03-27 15:00:00,1345.5,2,3,1177.5,1092.0,1968.0
2024-03-27 16:00:00,1587.0,2,3,1345.5,1177.5,1968.0
2024-03-27 17:00:00,1596.0,2,3,1587.0,1345.5,1968.0
2024-03-27 18:00:00,1903.5,2,3,1596.0,1587.0,1968.0
2024-03-27 19:00:00,2083.5,2,3,1903.5,1596.0,2083.5
2024-03-27 20:00:00,2091.0,2,3,2083.5,1903.5,2091.0
2024-03-27 21:00:00,2121.0,2,3,2091.0,2083.5,2121.0
2024-03-27 22:00:00,2026.5,2,3,2121.0,2091.0,2026.5
2024-03-27 23:00:00,1915.5,2,3,2026.5,2121.0,1915.5
2024-03-28 00:00:00,2095.5,3,3,1915.5,2026.5,2095.5
2024-03-28 01:00:00,2025.0,3,3,2095.5,1915.5,2025.0
2024-03-28 02:00:00,1968.0,3,3,2025.0,2095.5,1968.0
2024-03-28 03:00:00,2046.0,3,3,1968.0,2025.0,2046.0
2024-03-28 04:00:00,1938.0,3,3,2046.0,1968.0,1938.0
2024-03-28 05:00:00,1945.5,3,3,1938.0,2046.0,1945.5
2024-03-28 06:00:00,1810.5,3,3,1945.5,1938.0,1945.5
2024-03-28 07:00:00,1624.5,3,3,1810.5,1945.5,1945.5
2024-03-28 08:00:00,1383.0,3,3,1624.5,1810.5,1945.5
2024-03-28 09:00:00,1365.0,3,3,1383.0,1624.5,1945.5
2024-03-28 10:00:00,1065.0,3,3,1365.0,1383.0,1945.5
2024-03-28 11:00:00,879.0,3,3,1065.0,1365.0,1945.5
2024-03-28 12:00:00,1287.0,3,3,879.0,1065.0,1945.5
2024-03-28 13:00:00,1440.0,3,3,1287.0,879.0,1945.5
2024-03-28 14:00:00,1453.5,3,3,1440.0,1287.0,1945.5
2024-03-28 15:00:00,1611.0,3,3,1453.5,1440.0,1945.5
2024-03-28 16:00:00,1840.5,3,3,1611.0,1453.5,1945.5
2024-03-28 17:00:00,1893.0,3,3,1840.5,1611.0,1945.5
2024-03-28 18:00:00,2053.5,3,3,1893.0,1840.5,1945.5
2024-03-28 19:00:00,2053.5,3,3,2053.5,1893.0,2053.5
2024-03-28 20:00:00,2064.0,3,3,2053.5,2053.5,2064.0
2024-03-28 21:00:00,2091.0,3,3,2064.0,2053.5,2091.0
2024-03-28 22:00:00,1846.5,3,3,2091.0,2064.0,1846.5
2024-03-28 23:00:00,1942.5,3,3,1846.5,2091.0,1942.5
2024-03-29 00:00:00,2076.0,4,3,1942.5,1846.5,2076.0
2024-03-29 01:00:00,2007.0,4,3,2076.0,1942.5,2007.0
2024-03-29 02:00:00,2164.5,4,3,2007.0,2076.0,2164.5
2024-03-29 03:00:00,2010.0,4,3,2164.5,2007.0,2010.0
2024-03-29 04:00:00,2035.5,4,3,2010.0,2164.5,2035.5
2024-03-29 05:00:00,2064.0,4,3,2035.5,2010.0,2064.0
2024-03-29 06:00:00,1863.0,4,3,2064.0,2035.5,2064.0
2024-03-29 07:00:00,1657.5,4,3,1863.0,2064.0,2064.0
2024-03-29 08:00:00,1429.5,4,3,1657.5,1863.0,2064.0
2024-03-29 09:00:00,1203.0,4,3,1429.5,1657.5,2064.0
2024-03-29 10:00:00,519.0,4,3,1203.0,1429.5,2064.0
2024-03-29 11:00:00,699.0,4,3,519.0,1203.0,2064.0
2024-03-29 12:00:00,1215.0,4,3,699.0,519.0,2064.0
2024-03-29 13:00:00,1174.5,4,3,1215.0,699.0,2064.0
2024-03-29 14:00:00,1318.5,4,3,1174.5,1215.0,2064.0
2024-03-29 15:00:00,1165.5,4,3,1318.5,1174.5,2064.0
2024-03-29 16:00:00,1263.0,4,3,1165.5,1318.5,2064.0
2024-03-29 17:00:00,1860.0,4,3,1263.0,1165.5,2064.0
2024-03-29 18:00:00,2136.0,4,3,1860.0,1263.0,2064.0
2024-03-29 19:00:00,2013.0,4,3,2136.0,1860.0,2013.0
2024-03-29 20:00:00,2049.0,4,3,2013.0,2136.0,2049.0
2024-03-29 21:00:00,2002.5,4,3,2049.0,2013.0,2002.5
2024-03-29 22:00:00,1824.0,4,3,2002.5,2049.0,1824.0
2024-03-29 23:00:00,1965.0,4,3,1824.0,2002.5,1965.0
2024-03-30 00:00:00,1933.5,5,3,1965.0,1824.0,1933.5
2024-03-30 01:00:00,1918.5,5,3,1933.5,1965.0,1918.5
2024-03-30 02:00:00,1836.0,5,3,1918.5,1933.5,1836.0
2024-03-30 03:00:00,2050.5,5,3,1836.0,1918.5,2050.5
2024-03-30 04:00:00,2013.0,5,3,2050.5,1836.0,2013.0
2024-03-30 05:00:00,1704.0,5,3,2013.0,2050.5,1704.0
2024-03-30 06:00:00,1684.5,5,3,1704.0,2013.0,1704.0
2024-03-30 07:00:00,1540.5,5,3,1684.5,1704.0,1704.0
2024-03-30 08:00:00,1378.5,5,3,1540.5,1684.5,1704.0
2024-03-30 09:00:00,1117.5,5,3,1378.5,1540.5,1704.0
2024-03-30 10:00:00,1054.5,5,3,1117.5,1378.5,1704.0
2024-03-30 11:00:00,826.5,5,3,1054.5,1117.5,1704.0
2024-03-30 12:00:00,937.5,5,3,826.5,1054.5,1704.0
2024-03-30 13:00:00,1146.0,5,3,937.5,826.5,1704.0
2024-03-30 14:00:00,1348.5,5,3,1146.0,937.5,1704.0
2024-03-30 15:00:00,1485.0,5,3,1348.5,1146.0,1704.0
2024-03-30 16:00:00,1272.0,5,3,1485.0,1348.5,1704.0
2024-03-30 17:00:00,1761.0,5,3,1272.0,1485.0,1704.0
2024-03-30 18:00:00,1900.5,5,3,1761.0,1272.0,1704.0
2024-03-30 19:00:00,1855.5,5,3,1900.5,1761.0,1855.5
2024-03-30 20:00:00,1987.5,5,3,1855.5,1900.5,1987.5
2024-03-30 21:00:00,1935.0,5,3,1987.5,1855.5,1935.0
2024-03-30 22:00:00,2011.5,5,3,1935.0,1987.5,2011.5
2024-03-30 23:00:00,1926.0,5,3,2011.5,1935.0,1926.0
2024-03-31 00:00:00,1933.5,6,3,1926.0,2011.5,1933.5
2024-03-31 01:00:00,1998.0,6,3,1933.5,1926.0,1998.0
2024-03-31 02:00:00,1935.0,6,3,1998.0,1933.5,1935.0
2024-03-31 03:00:00,1792.5,6,3,1935.0,1998.0,1792.5
2024-03-31 04:00:00,2013.0,6,3,1792.5,1935.0,2013.0
2024-03-31 05:00:00,1861.5,6,3,2013.0,1792.5,1861.5
2024-03-31 06:00:00,1741.5,6,3,1861.5,2013.0,1861.5
2024-03-31 07:00:00,1470.0,6,3,1741.5,1861.5,1861.5
2024-03-31 08:00:00,1218.0,6,3,1470.0,1741.5,1861.5
2024-03-31 09:00:00,925.5,6,3,1218.0,1470.0,1861.5
2024-03-31 10:00:00,865.5,6,3,925.5,1218.0,1861.5
2024-03-31 11:00:00,714.0,6,3,865.5,925.5,1861.5
2024-03-31 12:00:00,736.5,6,3,714.0,865.5,1861.5
2024-03-31 13:00:00,1005.0,6,3,736.5,714.0,1861.5
2024-03-31 14:00:00,1497.0,6,3,1005.0,736.5,1861.5
2024-03-31 15:00:00,1468.5,6,3,1497.0,1005.0,1861.5
2024-03-31 16:00:00,1603.5,6,3,1468.5,1497.0,1861.5
2024-03-31 17:00:00,1666.5,6,3,1603.5,1468.5,1861.5
2024-03-31 18:00:00,1858.5,6,3,1666.5,1603.5,1861.5
2024-03-31 19:00:00,1855.5,6,3,1858.5,1666.5,1855.5
2024-03-31 20:00:00,1906.5,6,3,1855.5,1858.5,1906.5
2024-03-31 21:00:00,1984.5,6,3,1906.5,1855.5,1984.5
2024-03-31 22:00:00,1893.0,6,3,1984.5,1906.5,1893.0
2024-03-31 23:00:00,1726.5,6,3,1893.0,1984.5,1726.5
2024-04-01 00:00:00,1413.0,0,4,1726.5,1893.0,1413.0
2024-04-01 01:00:00,1215.0,0,4,1413.0,1726.5,1215.0
2024-04-01 02:00:00,1075.5,0,4,1215.0,1413.0,1075.5
2024-04-01 03:00:00,1069.5,0,4,1075.5,1215.0,1069.5
2024-04-01 04:00:00,1041.0,0,4,1069.5,1075.5,1041.0
2024-04-01 05:00:00,1009.5,0,4,1041.0,1069.5,1009.5
2024-04-01 06:00:00,861.0,0,4,1009.5,1041.0,1009.5
2024-04-01 07:00:00,501.0,0,4,861.0,1009.5,1009.5
2024-04-01 08:00:00,24.0,0,4,501.0,861.0,1009.5
2024-04-01 09:00:00,0.0,0,4,24.0,501.0,1009.5
2024-04-01 10:00:00,3.0,0,4,0.0,24.0,1009.5
2024-04-01 11:00:00,0.0,0,4,3.0,0.0,1009.5
2024-04-01 12:00:00,6.0,0,4,0.0,3.0,1009.5
2024-04-01 13:00:00,3.0,0,4,6.0,0.0,1009.5
2024-04-01 14:00:00,0.0,0,4,3.0,6.0,1009.5
2024-04-01 15:00:00,6.0,0,4,0.0,3.0,1009.5
2024-04-01 16:00:00,76.5,0,4,6.0,0.0,1009.5
2024-04-01 17:00:00,76.5,0,4,76.5,6.0,1009.5
2024-04-01 18:00:00,231.0,0,4,76.5,76.5,1009.5
2024-04-01 19:00:00,237.0,0,4,231.0,76.5,237.0
2024-04-01 20:00:00,243.0,0,4,237.0,231.0,243.0
2024-04-01 21:00:00,234.0,0,4,243.0,237.0,234.0
2024-04-01 22:00:00,244.5,0,4,234.0,243.0,244.5
2024-04-01 23:00:00,243.0,0,4,244.5,234.0,243.0
2024-04-02 00:00:00,247.5,1,4,243.0,244.5,247.5
2024-04-02 01:00:00,237.0,1,4,247.5,243.0,237.0
2024-04-02 02:00:00,235.5,1,4,237.0,247.5,235.5
2024-04-02 03:00:00,220.5,1,4,235.5,237.0,220.5
2024-04-02 04:00:00,202.5,1,4,220.5,235.5,202.5
2024-04-02 05:00:00,199.5,1,4,202.5,220.5,199.5
2024-04-02 06:00:00,135.0,1,4,199.5,202.5,199.5
2024-04-02 07:00:00,3.0,1,4,135.0,199.5,199.5
2024-04-02 08:00:00,4.5,1,4,3.0,135.0,199.5
2024-04-02 09:00:00,1.5,1,4,4.5,3.0,199.5
2024-04-02 10:00:00,0.0,1,4,1.5,4.5,199.5
2024-04-02 11:00:00,0.0,1,4,0.0,1.5,199.5
2024-04-02 12:00:00,0.0,1,4,0.0,0.0,199.5
2024-04-02 13:00:00,0.0,1,4,0.0,0.0,199.5
2024-04-02 14:00:00,0.0,1,4,0.0,0.0,199.5
2024-04-02 15:00:00,0.0,1,4,0.0,0.0,199.5
2024-04-02 16:00:00,0.0,1,4,0.0,0.0,199.5
2024-04-02 17:00:00,25.5,1,4,0.0,0.0,199.5
2024-04-02 18:00:00,165.0,1,4,25.5,0.0,199.5
2024-04-02 19:00:00,178.5,1,4,165.0,25.5,178.5
2024-04-02 20:00:00,181.5,1,4,178.5,165.0,181.5
2024-04-02 21:00:00,180.0,1,4,181.5,178.5,180.0
2024-04-02 22:00:00,184.5,1,4,180.0,181.5,184.5
2024-04-02 23:00:00,181.5,1,4,184.5,180.0,181.5
2024-04-03 00:00:00,178.5,2,4,181.5,184.5,178.5
2024-04-03 01:00:00,172.5,2,4,178.5,181.5,172.5
2024-04-03 02:00:00,174.0,2,4,172.5,178.5,174.0
2024-04-03 03:00:00,168.0,2,4,174.0,172.5,168.0
2024-04-03 04:00:00,172.5,2,4,168.0,174.0,172.5
2024-04-03 05:00:00,148.5,2,4,172.5,168.0,148.5
2024-04-03 06:00:00,69.0,2,4,148.5,172.5,148.5
2024-04-03 07:00:00,0.0,2,4,69.0,148.5,148.5
2024-04-03 08:00:00,0.0,2,4,0.0,69.0,148.5
2024-04-03 09:00:00,0.0,2,4,0.0,0.0,148.5
2024-04-03 10:00:00,0.0,2,4,0.0,0.0,148.5
2024-04-03 11:00:00,0.0,2,4,0.0,0.0,148.5
2024-04-03 12:00:00,0.0,2,4,0.0,0.0,148.5
2024-04-03 13:00:00,0.0,2,4,0.0,0.0,148.5
2024-04-03 14:00:00,0.0,2,4,0.0,0.0,148.5
2024-04-03 15:00:00,1.5,2,4,0.0,0.0,148.5
2024-04-03 16:00:00,15.0,2,4,1.5,0.0,148.5
2024-04-03 17:00:00,30.0,2,4,15.0,1.5,148.5
2024-04-03 18:00:00,145.5,2,4,30.0,15.0,148.5
2024-04-03 19:00:00,165.0,2,4,145.5,30.0,165.0
2024-04-03 20:00:00,174.0,2,4,165.0,145.5,174.0
2024-04-03 21:00:00,171.0,2,4,174.0,165.0,171.0
2024-04-03 22:00:00,175.5,2,4,171.0,174.0,175.5
2024-04-03 23:00:00,171.0,2,4,175.5,171.0,171.0
2024-04-04 00:00:00,181.5,3,4,171.0,175.5,181.5
2024-04-04 01:00:00,171.0,3,4,181.5,171.0,171.0
2024-04-04 02:00:00,172.5,3,4,171.0,181.5,172.5
2024-04-04 03:00:00,171.0,3,4,172.5,171.0,171.0
2024-04-04 04:00:00,166.5,3,4,171.0,172.5,166.5
2024-04-04 05:00:00,148.5,3,4,166.5,171.0,148.5
2024-04-04 06:00:00,67.5,3,4,148.5,166.5,148.5
2024-04-04 07:00:00,0.0,3,4,67.5,148.5,148.5
2024-04-04 08:00:00,0.0,3,4,0.0,67.5,148.5
2024-04-04 09:00:00,0.0,3,4,0.0,0.0,148.5
2024-04-04 10:00:00,0.0,3,4,0.0,0.0,148.5
2024-04-04 11:00:00,0.0,3,4,0.0,0.0,148.5
2024-04-04 12:00:00,0.0,3,4,0.0,0.0,148.5
2024-04-04 13:00:00,0.0,3,4,0.0,0.0,148.5
2024-04-04 14:00:00,1.5,3,4,0.0,0.0,148.5
2024-04-04 15:00:00,1.5,3,4,1.5,0.0,148.5
2024-04-04 16:00:00,0.0,3,4,1.5,1.5,148.5
2024-04-04 17:00:00,21.0,3,4,0.0,1.5,148.5
2024-04-04 18:00:00,178.5,3,4,21.0,0.0,148.5
2024-04-04 19:00:00,250.5,3,4,178.5,21.0,250.5
2024-04-04 20:00:00,522.0,3,4,250.5,178.5,522.0
2024-04-04 21:00:00,1432.5,3,4,522.0,250.5,1432.5
2024-04-04 22:00:00,1492.5,3,4,1432.5,522.0,1492.5
2024-04-04 23:00:00,1641.0,3,4,1492.5,1432.5,1641.0
2024-04-05 00:00:00,1869.0,4,4,1641.0,1492.5,1869.0
2024-04-05 01:00:00,1782.0,4,4,1869.0,1641.0,1782.0
2024-04-05 02:00:00,1773.0,4,4,1782.0,1869.0,1773.0
2024-04-05 03:00:00,1647.0,4,4,1773.0,1782.0,1647.0
2024-04-05 04:00:00,1861.5,4,4,1647.0,1773.0,1861.5
2024-04-05 05:00:00,1836.0,4,4,1861.5,1647.0,1836.0
2024-04-05 06:00:00,1522.5,4,4,1836.0,1861.5,1836.0
2024-04-05 07:00:00,1405.5,4,4,1522.5,1836.0,1836.0
2024-04-05 08:00:00,1272.0,4,4,1405.5,1522.5,1836.0
2024-04-05 09:00:00,819.0,4,4,1272.0,1405.5,1836.0
2024-04-05 10:00:00,586.5,4,4,819.0,1272.0,1836.0
2024-04-05 11:00:00,576.0,4,4,586.5,819.0,1836.0
2024-04-05 12:00:00,790.5,4,4,576.0,586.5,1836.0
2024-04-05 13:00:00,1023.0,4,4,790.5,576.0,1836.0
2024-04-05 14:00:00,942.0,4,4,1023.0,790.5,1836.0
2024-04-05 15:00:00,1153.5,4,4,942.0,1023.0,1836.0
2024-04-05 16:00:00,1468.5,4,4,1153.5,942.0,1836.0
2024-04-05 17:00:00,1758.0,4,4,1468.5,1153.5,1836.0
2024-04-05 18:00:00,1921.5,4,4,1758.0,1468.5,1836.0
2024-04-05 19:00:00,1804.5,4,4,1921.5,1758.0,1804.5
2024-04-05 20:00:00,1938.0,4,4,1804.5,1921.5,1938.0
2024-04-05 21:00:00,1998.0,4,4,1938.0,1804.5,1998.0
2024-04-05 22:00:00,1935.0,4,4,1998.0,1938.0,1935.0
2024-04-05 23:00:00,2008.5,4,4,1935.0,1998.0,2008.5
2024-04-06 00:00:00,1957.5,5,4,2008.5,1935.0,1957.5
2024-04-06 01:00:00,1735.5,5,4,1957.5,2008.5,1735.5
2024-04-06 02:00:00,1582.5,5,4,1735.5,1957.5,1582.5
2024-04-06 03:00:00,1758.0,5,4,1582.5,1735.5,1758.0
2024-04-06 04:00:00,1776.0,5,4,1758.0,1582.5,1776.0
2024-04-06 05:00:00,1840.5,5,4,1776.0,1758.0,1840.5
2024-04-06 06:00:00,1659.0,5,4,1840.5,1776.0,1840.5
2024-04-06 07:00:00,1494.0,5,4,1659.0,1840.5,1840.5
2024-04-06 08:00:00,1156.5,5,4,1494.0,1659.0,1840.5
2024-04-06 09:00:00,871.5,5,4,1156.5,1494.0,1840.5
2024-04-06 10:00:00,859.5,5,4,871.5,1156.5,1840.5
2024-04-06 11:00:00,813.0,5,4,859.5,871.5,1840.5
2024-04-06 12:00:00,693.0,5,4,813.0,859.5,1840.5
2024-04-06 13:00:00,922.5,5,4,693.0,813.0,1840.5
2024-04-06 14:00:00,796.5,5,4,922.5,693.0,1840.5
2024-04-06 15:00:00,1297.5,5,4,796.5,922.5,1840.5
2024-04-06 16:00:00,1465.5,5,4,1297.5,796.5,1840.5
2024-04-06 17:00:00,1740.0,5,4,1465.5,1297.5,1840.5
2024-04-06 18:00:00,1819.5,5,4,1740.0,1465.5,1840.5
2024-04-06 19:00:00,1825.5,5,4,1819.5,1740.0,1825.5
2024-04-06 20:00:00,1861.5,5,4,1825.5,1819.5,1861.5
2024-04-06 21:00:00,1905.0,5,4,1861.5,1825.5,1905.0
2024-04-06 22:00:00,1954.5,5,4,1905.0,1861.5,1954.5
2024-04-06 23:00:00,1939.5,5,4,1954.5,1905.0,1939.5
2024-04-07 00:00:00,1728.0,6,4,1939.5,1954.5,1728.0
2024-04-07 01:00:00,1546.5,6,4,1728.0,1939.5,1546.5
2024-04-07 02:00:00,1875.0,6,4,1546.5,1728.0,1875.0
2024-04-07 03:00:00,1962.0,6,4,1875.0,1546.5,1962.0
2024-04-07 04:00:00,1864.5,6,4,1962.0,1875.0,1864.5
2024-04-07 05:00:00,1797.0,6,4,1864.5,1962.0,1797.0
2024-04-07 06:00:00,1665.0,6,4,1797.0,1864.5,1797.0
2024-04-07 07:00:00,1446.0,6,4,1665.0,1797.0,1797.0
2024-04-07 08:00:00,1177.5,6,4,1446.0,1665.0,1797.0
2024-04-07 09:00:00,949.5,6,4,1177.5,1446.0,1797.0
2024-04-07 10:00:00,703.5,6,4,949.5,1177.5,1797.0
2024-04-07 11:00:00,760.5,6,4,703.5,949.5,1797.0
2024-04-07 12:00:00,562.5,6,4,760.5,703.5,1797.0
2024-04-07 13:00:00,447.0,6,4,562.5,760.5,1797.0
2024-04-07 14:00:00,556.5,6,4,447.0,562.5,1797.0
2024-04-07 15:00:00,717.0,6,4,556.5,447.0,1797.0
2024-04-07 16:00:00,937.5,6,4,717.0,556.5,1797.0
2024-04-07 17:00:00,1306.5,6,4,937.5,717.0,1797.0
2024-04-07 18:00:00,1516.5,6,4,1306.5,937.5,1797.0
2024-04-07 19:00:00,1509.0,6,4,1516.5,1306.5,1509.0
2024-04-07 20:00:00,1383.0,6,4,1509.0,1516.5,1383.0
2024-04-07 21:00:00,1828.5,6,4,1383.0,1509.0,1828.5
2024-04-07 22:00:00,1978.5,6,4,1828.5,1383.0,1978.5
2024-04-07 23:00:00,1920.0,6,4,1978.5,1828.5,1920.0
2024-04-08 00:00:00,1914.0,0,4,1920.0,1978.5,1914.0
2024-04-08 01:00:00,1936.5,0,4,1914.0,1920.0,1936.5
2024-04-08 02:00:00,1669.5,0,4,1936.5,1914.0,1669.5
2024-04-08 03:00:00,1816.5,0,4,1669.5,1936.5,1816.5
2024-04-08 04:00:00,1963.5,0,4,1816.5,1669.5,1963.5
2024-04-08 05:00:00,1858.5,0,4,1963.5,1816.5,1858.5
2024-04-08 06:00:00,1710.0,0,4,1858.5,1963.5,1858.5
2024-04-08 07:00:00,1578.0,0,4,1710.0,1858.5,1858.5
2024-04-08 08:00:00,1299.0,0,4,1578.0,1710.0,1858.5
2024-04-08 09:00:00,1065.0,0,4,1299.0,1578.0,1858.5
2024-04-08 10:00:00,844.5,0,4,1065.0,1299.0,1858.5
2024-04-08 11:00:00,1012.5,0,4,844.5,1065.0,1858.5
2024-04-08 12:00:00,1032.0,0,4,1012.5,844.5,1858.5
2024-04-08 13:00:00,1168.5,0,4,1032.0,1012.5,1858.5
2024-04-08 14:00:00,1176.0,0,4,1168.5,1032.0,1858.5
2024-04-08 15:00:00,1528.5,0,4,1176.0,1168.5,1858.5
2024-04-08 16:00:00,1620.0,0,4,1528.5,1176.0,1858.5
2024-04-08 17:00:00,1573.5,0,4,1620.0,1528.5,1858.5
2024-04-08 18:00:00,1671.0,0,4,1573.5,1620.0,1858.5
2024-04-08 19:00:00,1746.0,0,4,1671.0,1573.5,1746.0
2024-04-08 20:00:00,1989.0,0,4,1746.0,1671.0,1989.0
2024-04-08 21:00:00,2071.5,0,4,1989.0,1746.0,2071.5
2024-04-08 22:00:00,2022.0,0,4,2071.5,1989.0,2022.0
2024-04-08 23:00:00,2010.0,0,4,2022.0,2071.5,2010.0
2024-04-09 00:00:00,2092.5,1,4,2010.0,2022.0,2092.5
2024-04-09 01:00:00,2091.0,1,4,2092.5,2010.0,2091.0
2024-04-09 02:00:00,1737.0,1,4,2091.0,2092.5,1737.0
2024-04-09 03:00:00,1954.5,1,4,1737.0,2091.0,1954.5
2024-04-09 04:00:00,1888.5,1,4,1954.5,1737.0,1888.5
2024-04-09 05:00:00,1914.0,1,4,1888.5,1954.5,1914.0
2024-04-09 06:00:00,1902.0,1,4,1914.0,1888.5,1914.0
2024-04-09 07:00:00,1809.0,1,4,1902.0,1914.0,1914.0
2024-04-09 08:00:00,1518.0,1,4,1809.0,1902.0,1914.0
2024-04-09 09:00:00,1035.0,1,4,1518.0,1809.0,1914.0
2024-04-09 10:00:00,1173.0,1,4,1035.0,1518.0,1914.0
2024-04-09 11:00:00,1219.5,1,4,1173.0,1035.0,1914.0
2024-04-09 12:00:00,1299.0,1,4,1219.5,1173.0,1914.0
2024-04-09 13:00:00,1198.5,1,4,1299.0,1219.5,1914.0
2024-04-09 14:00:00,894.0,1,4,1198.5,1299.0,1914.0
2024-04-09 15:00:00,591.0,1,4,894.0,1198.5,1914.0
2024-04-09 16:00:00,985.5,1,4,591.0,894.0,1914.0
2024-04-09 17:00:00,1702.5,1,4,985.5,591.0,1914.0
2024-04-09 18:00:00,1989.0,1,4,1702.5,985.5,1914.0
2024-04-09 19:00:00,1849.5,1,4,1989.0,1702.5,1849.5
2024-04-09 20:00:00,1603.5,1,4,1849.5,1989.0,1603.5
2024-04-09 21:00:00,1279.5,1,4,1603.5,1849.5,1279.5
2024-04-09 22:00:00,792.0,1,4,1279.5,1603.5,792.0
2024-04-09 23:00:00,1015.5,1,4,792.0,1279.5,1015.5
2024-04-10 00:00:00,1557.0,2,4,1015.5,792.0,1557.0
2024-04-10 01:00:00,1705.5,2,4,1557.0,1015.5,1705.5
2024-04-10 02:00:00,1600.5,2,4,1705.5,1557.0,1600.5
2024-04-10 03:00:00,1831.5,2,4,1600.5,1705.5,1831.5
2024-04-10 04:00:00,1951.5,2,4,1831.5,1600.5,1951.5
2024-04-10 05:00:00,1921.5,2,4,1951.5,1831.5,1921.5
2024-04-10 06:00:00,1879.5,2,4,1921.5,1951.5,1921.5
2024-04-10 07:00:00,1758.0,2,4,1879.5,1921.5,1921.5
2024-04-10 08:00:00,976.5,2,4,1758.0,1879.5,1921.5
2024-04-10 09:00:00,999.0,2,4,976.5,1758.0,1921.5
2024-04-10 10:00:00,1243.5,2,4,999.0,976.5,1921.5
2024-04-10 11:00:00,999.0,2,4,1243.5,999.0,1921.5
2024-04-10 12:00:00,879.0,2,4,999.0,1243.5,1921.5
2024-04-10 13:00:00,499.5,2,4,879.0,999.0,1921.5
2024-04-10 14:00:00,943.5,2,4,499.5,879.0,1921.5
2024-04-10 15:00:00,1321.5,2,4,943.5,499.5,1921.5
2024-04-10 16:00:00,1578.0,2,4,1321.5,943.5,1921.5
2024-04-10 17:00:00,1435.5,2,4,1578.0,1321.5,1921.5
2024-04-10 18:00:00,1711.5,2,4,1435.5,1578.0,1921.5
2024-04-10 19:00:00,1842.0,2,4,1711.5,1435.5,1842.0
2024-04-10 20:00:00,1974.0,2,4,1842.0,1711.5,1974.0
2024-04-10 21:00:00,1818.0,2,4,1974.0,1842.0,1818.0
2024-04-10 22:00:00,1905.0,2,4,1818.0,1974.0,1905.0
2024-04-10 23:00:00,1399.5,2,4,1905.0,1818.0,1399.5
2024-04-11 00:00:00,993.0,3,4,1399.5,1905.0,993.0
2024-04-11 01:00:00,997.5,3,4,993.0,1399.5,997.5
2024-04-11 02:00:00,993.0,3,4,997.5,993.0,993.0
2024-04-11 03:00:00,958.5,3,4,993.0,997.5,958.5
2024-04-11 04:00:00,946.5,3,4,958.5,993.0,946.5
2024-04-11 05:00:00,985.5,3,4,946.5,958.5,985.5
2024-04-11 06:00:00,916.5,3,4,985.5,946.5,985.5
2024-04-11 07:00:00,339.0,3,4,916.5,985.5,985.5
2024-04-11 08:00:00,6.0,3,4,339.0,916.5,985.5
2024-04-11 09:00:00,9.0,3,4,6.0,339.0,985.5
2024-04-11 10:00:00,3.0,3,4,9.0,6.0,985.5
2024-04-11 11:00:00,1.5,3,4,3.0,9.0,985.5
2024-04-11 12:00:00,0.0,3,4,1.5,3.0,985.5
2024-04-11 13:00:00,1.5,3,4,0.0,1.5,985.5
2024-04-11 14:00:00,6.0,3,4,1.5,0.0,985.5
2024-04-11 15:00:00,6.0,3,4,6.0,1.5,985.5
2024-04-11 16:00:00,6.0,3,4,6.0,6.0,985.5
2024-04-11 17:00:00,36.0,3,4,6.0,6.0,985.5
2024-04-11 18:00:00,177.0,3,4,36.0,6.0,985.5
2024-04-11 19:00:00,180.0,3,4,177.0,36.0,180.0
2024-04-11 20:00:00,181.5,3,4,180.0,177.0,181.5
2024-04-11 21:00:00,174.0,3,4,181.5,180.0,174.0
2024-04-11 22:00:00,169.5,3,4,174.0,181.5,169.5
2024-04-11 23:00:00,174.0,3,4,169.5,174.0,174.0
2024-04-12 00:00:00,171.0,4,4,174.0,169.5,171.0
2024-04-12 01:00:00,172.5,4,4,171.0,174.0,172.5
2024-04-12 02:00:00,177.0,4,4,172.5,171.0,177.0
2024-04-12 03:00:00,171.0,4,4,177.0,172.5,171.0
2024-04-12 04:00:00,172.5,4,4,171.0,177.0,172.5
2024-04-12 05:00:00,162.0,4,4,172.5,171.0,162.0
2024-04-12 06:00:00,72.0,4,4,162.0,172.5,162.0
2024-04-12 07:00:00,1.5,4,4,72.0,162.0,162.0
2024-04-12 08:00:00,0.0,4,4,1.5,72.0,162.0
2024-04-12 09:00:00,0.0,4,4,0.0,1.5,162.0
2024-04-12 10:00:00,0.0,4,4,0.0,0.0,162.0
2024-04-12 11:00:00,0.0,4,4,0.0,0.0,162.0
2024-04-12 12:00:00,0.0,4,4,0.0,0.0,162.0
2024-04-12 13:00:00,0.0,4,4,0.0,0.0,162.0
2024-04-12 14:00:00,0.0,4,4,0.0,0.0,162.0
2024-04-12 15:00:00,0.0,4,4,0.0,0.0,162.0
2024-04-12 16:00:00,0.0,4,4,0.0,0.0,162.0
2024-04-12 17:00:00,51.0,4,4,0.0,0.0,162.0
2024-04-12 18:00:00,144.0,4,4,51.0,0.0,162.0
2024-04-12 19:00:00,123.0,4,4,144.0,51.0,123.0
2024-04-12 20:00:00,123.0,4,4,123.0,144.0,123.0
2024-04-12 21:00:00,120.0,4,4,123.0,123.0,120.0
2024-04-12 22:00:00,124.5,4,4,120.0,123.0,124.5
2024-04-12 23:00:00,124.5,4,4,124.5,120.0,124.5
2024-04-13 00:00:00,124.5,5,4,124.5,124.5,124.5
2024-04-13 01:00:00,120.0,5,4,124.5,124.5,120.0
2024-04-13 02:00:00,124.5,5,4,120.0,124.5,124.5
2024-04-13 03:00:00,124.5,5,4,124.5,120.0,124.5
2024-04-13 04:00:00,120.0,5,4,124.5,124.5,120.0
2024-04-13 05:00:00,118.5,5,4,120.0,124.5,118.5
2024-04-13 06:00:00,63.0,5,4,118.5,120.0,118.5
2024-04-13 07:00:00,3.0,5,4,63.0,118.5,118.5
2024-04-13 08:00:00,0.0,5,4,3.0,63.0,118.5
2024-04-13 09:00:00,1.5,5,4,0.0,3.0,118.5
2024-04-13 10:00:00,3.0,5,4,1.5,0.0,118.5
2024-04-13 11:00:00,0.0,5,4,3.0,1.5,118.5
2024-04-13 12:00:00,0.0,5,4,0.0,3.0,118.5
2024-04-13 13:00:00,0.0,5,4,0.0,0.0,118.5
2024-04-13 14:00:00,0.0,5,4,0.0,0.0,118.5
2024-04-13 15:00:00,0.0,5,4,0.0,0.0,118.5
2024-04-13 16:00:00,9.0,5,4,0.0,0.0,118.5
2024-04-13 17:00:00,82.5,5,4,9.0,0.0,118.5
2024-04-13 18:00:00,154.5,5,4,82.5,9.0,118.5
2024-04-13 19:00:00,162.0,5,4,154.5,82.5,162.0
2024-04-13 20:00:00,154.5,5,4,162.0,154.5,154.5
2024-04-13 21:00:00,162.0,5,4,154.5,162.0,162.0
2024-04-13 22:00:00,153.0,5,4,162.0,154.5,153.0
2024-04-13 23:00:00,159.0,5,4,153.0,162.0,159.0
2024-04-14 00:00:00,159.0,6,4,159.0,153.0,159.0
2024-04-14 01:00:00,156.0,6,4,159.0,159.0,156.0
2024-04-14 02:00:00,154.5,6,4,156.0,159.0,154.5
2024-04-14 03:00:00,160.5,6,4,154.5,156.0,160.5
2024-04-14 04:00:00,157.5,6,4,160.5,154.5,157.5
2024-04-14 05:00:00,148.5,6,4,157.5,160.5,148.5
2024-04-14 06:00:00,76.5,6,4,148.5,157.5,148.5
2024-04-14 07:00:00,0.0,6,4,76.5,148.5,148.5
2024-04-14 08:00:00,0.0,6,4,0.0,76.5,148.5
2024-04-14 09:00:00,0.0,6,4,0.0,0.0,148.5
2024-04-14 10:00:00,0.0,6,4,0.0,0.0,148.5
2024-04-14 11:00:00,0.0,6,4,0.0,0.0,148.5
2024-04-14 12:00:00,0.0,6,4,0.0,0.0,148.5
2024-04-14 13:00:00,0.0,6,4,0.0,0.0,148.5
2024-04-14 14:00:00,0.0,6,4,0.0,0.0,148.5
2024-04-14 15:00:00,3.0,6,4,0.0,0.0,148.5
2024-04-14 16:00:00,7.5,6,4,3.0,0.0,148.5
2024-04-14 17:00:00,79.5,6,4,7.5,3.0,148.5
2024-04-14 18:00:00,165.0,6,4,79.5,7.5,148.5
2024-04-14 19:00:00,172.5,6,4,165.0,79.5,172.5
2024-04-14 20:00:00,160.5,6,4,172.5,165.0,160.5
2024-04-14 21:00:00,165.0,6,4,160.5,172.5,165.0
2024-04-14 22:00:00,165.0,6,4,165.0,160.5,165.0
2024-04-14 23:00:00,168.0,6,4,165.0,165.0,168.0
2024-04-15 00:00:00,163.5,0,4,168.0,165.0,163.5
2024-04-15 01:00:00,162.0,0,4,163.5,168.0,162.0
2024-04-15 02:00:00,166.5,0,4,162.0,163.5,166.5
2024-04-15 03:00:00,163.5,0,4,166.5,162.0,163.5
2024-04-15 04:00:00,159.0,0,4,163.5,166.5,159.0
2024-04-15 05:00:00,150.0,0,4,159.0,163.5,150.0
2024-04-15 06:00:00,84.0,0,4,150.0,159.0,150.0
2024-04-15 07:00:00,1.5,0,4,84.0,150.0,150.0
2024-04-15 08:00:00,0.0,0,4,1.5,84.0,150.0
2024-04-15 09:00:00,0.0,0,4,0.0,1.5,150.0
2024-04-15 10:00:00,1.5,0,4,0.0,0.0,150.0
2024-04-15 11:00:00,0.0,0,4,1.5,0.0,150.0
2024-04-15 12:00:00,0.0,0,4,0.0,1.5,150.0
2024-04-15 13:00:00,0.0,0,4,0.0,0.0,150.0
2024-04-15 14:00:00,0.0,0,4,0.0,0.0,150.0
2024-04-15 15:00:00,3.0,0,4,0.0,0.0,150.0
2024-04-15 16:00:00,3.0,0,4,3.0,0.0,150.0
2024-04-15 17:00:00,55.5,0,4,3.0,3.0,150.0
2024-04-15 18:00:00,165.0,0,4,55.5,3.0,150.0
2024-04-15 19:00:00,174.0,0,4,165.0,55.5,174.0
2024-04-15 20:00:00,136.5,0,4,174.0,165.0,136.5
2024-04-15 21:00:00,123.0,0,4,136.5,174.0,123.0
2024-04-15 22:00:00,124.5,0,4,123.0,136.5,124.5
2024-04-15 23:00:00,126.0,0,4,124.5,123.0,126.0
2024-04-16 00:00:00,126.0,1,4,126.0,124.5,126.0
2024-04-16 01:00:00,123.0,1,4,126.0,126.0,123.0
2024-04-16 02:00:00,123.0,1,4,123.0,126.0,123.0
2024-04-16 03:00:00,129.0,1,4,123.0,123.0,129.0
2024-04-16 04:00:00,126.0,1,4,129.0,123.0,126.0
2024-04-16 05:00:00,114.0,1,4,126.0,129.0,114.0
2024-04-16 06:00:00,57.0,1,4,114.0,126.0,114.0
2024-04-16 07:00:00,0.0,1,4,57.0,114.0,114.0
2024-04-16 08:00:00,0.0,1,4,0.0,57.0,114.0
2024-04-16 09:00:00,0.0,1,4,0.0,0.0,114.0
2024-04-16 10:00:00,0.0,1,4,0.0,0.0,114.0
2024-04-16 11:00:00,0.0,1,4,0.0,0.0,114.0
2024-04-16 12:00:00,0.0,1,4,0.0,0.0,114.0
2024-04-16 13:00:00,0.0,1,4,0.0,0.0,114.0
2024-04-16 14:00:00,0.0,1,4,0.0,0.0,114.0
2024-04-16 15:00:00,0.0,1,4,0.0,0.0,114.0
2024-04-16 16:00:00,0.0,1,4,0.0,0.0,114.0
2024-04-16 17:00:00,58.5,1,4,0.0,0.0,114.0
2024-04-16 18:00:00,157.5,1,4,58.5,0.0,114.0
2024-04-16 19:00:00,145.5,1,4,157.5,58.5,145.5
2024-04-16 20:00:00,142.5,1,4,145.5,157.5,142.5
2024-04-16 21:00:00,132.0,1,4,142.5,145.5,132.0
2024-04-16 22:00:00,130.5,1,4,132.0,142.5,130.5
2024-04-16 23:00:00,132.0,1,4,130.5,132.0,132.0
2024-04-17 00:00:00,133.5,2,4,132.0,130.5,133.5
2024-04-17 01:00:00,123.0,2,4,133.5,132.0,123.0
2024-04-17 02:00:00,127.5,2,4,123.0,133.5,127.5
2024-04-17 03:00:00,126.0,2,4,127.5,123.0,126.0
2024-04-17 04:00:00,124.5,2,4,126.0,127.5,124.5
2024-04-17 05:00:00,129.0,2,4,124.5,126.0,129.0
2024-04-17 06:00:00,61.5,2,4,129.0,124.5,129.0
2024-04-17 07:00:00,0.0,2,4,61.5,129.0,129.0
2024-04-17 08:00:00,3.0,2,4,0.0,61.5,129.0
2024-04-17 09:00:00,0.0,2,4,3.0,0.0,129.0
2024-04-17 10:00:00,0.0,2,4,0.0,3.0,129.0
2024-04-17 11:00:00,0.0,2,4,0.0,0.0,129.0
2024-04-17 12:00:00,0.0,2,4,0.0,0.0,129.0
2024-04-17 13:00:00,0.0,2,4,0.0,0.0,129.0
2024-04-17 14:00:00,3.0,2,4,0.0,0.0,129.0
2024-04-17 15:00:00,19.5,2,4,3.0,0.0,129.0
2024-04-17 16:00:00,87.0,2,4,19.5,3.0,129.0
2024-04-17 17:00:00,120.0,2,4,87.0,19.5,129.0
2024-04-17 18:00:00,163.5,2,4,120.0,87.0,129.0
2024-04-17 19:00:00,178.5,2,4,163.5,120.0,178.5
2024-04-17 20:00:00,141.0,2,4,178.5,163.5,141.0
2024-04-17 21:00:00,133.5,2,4,141.0,178.5,133.5
2024-04-17 22:00:00,138.0,2,4,133.5,141.0,138.0
2024-04-17 23:00:00,138.0,2,4,138.0,133.5,138.0
2024-04-18 00:00:00,133.5,3,4,138.0,138.0,133.5
2024-04-18 01:00:00,130.5,3,4,133.5,138.0,130.5
2024-04-18 02:00:00,132.0,3,4,130.5,133.5,132.0
2024-04-18 03:00:00,135.0,3,4,132.0,130.5,135.0
2024-04-18 04:00:00,133.5,3,4,135.0,132.0,133.5
2024-04-18 05:00:00,132.0,3,4,133.5,135.0,132.0
2024-04-18 06:00:00,72.0,3,4,132.0,133.5,132.0
2024-04-18 07:00:00,4.5,3,4,72.0,132.0,132.0
2024-04-18 08:00:00,3.0,3,4,4.5,72.0,132.0
2024-04-18 09:00:00,0.0,3,4,3.0,4.5,132.0
2024-04-18 10:00:00,0.0,3,4,0.0,3.0,132.0
2024-04-18 11:00:00,0.0,3,4,0.0,0.0,132.0
2024-04-18 12:00:00,0.0,3,4,0.0,0.0,132.0
2024-04-18 13:00:00,1.5,3,4,0.0,0.0,132.0
2024-04-18 14:00:00,0.0,3,4,1.5,0.0,132.0
2024-04-18 15:00:00,3.0,3,4,0.0,1.5,132.0
2024-04-18 16:00:00,0.0,3,4,3.0,0.0,132.0
2024-04-18 17:00:00,25.5,3,4,0.0,3.0,132.0
2024-04-18 18:00:00,172.5,3,4,25.5,0.0,132.0
2024-04-18 19:00:00,171.0,3,4,172.5,25.5,171.0
2024-04-18 20:00:00,160.5,3,4,171.0,172.5,160.5
2024-04-18 21:00:00,169.5,3,4,160.5,171.0,169.5
2024-04-18 22:00:00,165.0,3,4,169.5,160.5,165.0
2024-04-18 23:00:00,154.5,3,4,165.0,169.5,154.5
2024-04-19 00:00:00,148.5,4,4,154.5,165.0,148.5
2024-04-19 01:00:00,148.5,4,4,148.5,154.5,148.5
2024-04-19 02:00:00,153.0,4,4,148.5,148.5,153.0
2024-04-19 03:00:00,136.5,4,4,153.0,148.5,136.5
2024-04-19 04:00:00,136.5,4,4,136.5,153.0,136.5
2024-04-19 05:00:00,123.0,4,4,136.5,136.5,123.0
2024-04-19 06:00:00,36.0,4,4,123.0,136.5,123.0
2024-04-19 07:00:00,0.0,4,4,36.0,123.0,123.0
2024-04-19 08:00:00,0.0,4,4,0.0,36.0,123.0
2024-04-19 09:00:00,3.0,4,4,0.0,0.0,123.0
2024-04-19 10:00:00,3.0,4,4,3.0,0.0,123.0
2024-04-19 11:00:00,3.0,4,4,3.0,3.0,123.0
2024-04-19 12:00:00,0.0,4,4,3.0,3.0,123.0
2024-04-19 13:00:00,0.0,4,4,0.0,3.0,123.0
2024-04-19 14:00:00,1.5,4,4,0.0,0.0,123.0
2024-04-19 15:00:00,3.0,4,4,1.5,0.0,123.0
2024-04-19 16:00:00,1.5,4,4,3.0,1.5,123.0
2024-04-19 17:00:00,16.5,4,4,1.5,3.0,123.0
2024-04-19 18:00:00,130.5,4,4,16.5,1.5,123.0
2024-04-19 19:00:00,145.5,4,4,130.5,16.5,145.5
2024-04-19 20:00:00,156.0,4,4,145.5,130.5,156.0
2024-04-19 21:00:00,160.5,4,4,156.0,145.5,160.5
2024-04-19 22:00:00,153.0,4,4,160.5,156.0,153.0
2024-04-19 23:00:00,148.5,4,4,153.0,160.5,148.5
2024-04-20 00:00:00,135.0,5,4,148.5,153.0,135.0
2024-04-20 01:00:00,136.5,5,4,135.0,148.5,136.5
2024-04-20 02:00:00,145.5,5,4,136.5,135.0,145.5
2024-04-20 03:00:00,141.0,5,4,145.5,136.5,141.0
2024-04-20 04:00:00,132.0,5,4,141.0,145.5,132.0
2024-04-20 05:00:00,120.0,5,4,132.0,141.0,120.0
2024-04-20 06:00:00,57.0,5,4,120.0,132.0,120.0
2024-04-20 07:00:00,1.5,5,4,57.0,120.0,120.0
2024-04-20 08:00:00,0.0,5,4,1.5,57.0,120.0
2024-04-20 09:00:00,3.0,5,4,0.0,1.5,120.0
2024-04-20 10:00:00,3.0,5,4,3.0,0.0,120.0
2024-04-20 11:00:00,3.0,5,4,3.0,3.0,120.0
2024-04-20 12:00:00,3.0,5,4,3.0,3.0,120.0
2024-04-20 13:00:00,1.5,5,4,3.0,3.0,120.0
2024-04-20 14:00:00,0.0,5,4,1.5,3.0,120.0
2024-04-20 15:00:00,4.5,5,4,0.0,1.5,120.0
2024-04-20 16:00:00,1.5,5,4,4.5,0.0,120.0
2024-04-20 17:00:00,30.0,5,4,1.5,4.5,120.0
2024-04-20 18:00:00,177.0,5,4,30.0,1.5,120.0
2024-04-20 19:00:00,202.5,5,4,177.0,30.0,202.5
2024-04-20 20:00:00,211.5,5,4,202.5,177.0,211.5
2024-04-20 21:00:00,210.0,5,4,211.5,202.5,210.0
2024-04-20 22:00:00,211.5,5,4,210.0,211.5,211.5
2024-04-20 23:00:00,204.0,5,4,211.5,210.0,204.0
2024-04-21 00:00:00,196.5,6,4,204.0,211.5,196.5
2024-04-21 01:00:00,190.5,6,4,196.5,204.0,190.5
2024-04-21 02:00:00,201.0,6,4,190.5,196.5,201.0
2024-04-21 03:00:00,198.0,6,4,201.0,190.5,198.0
2024-04-21 04:00:00,192.0,6,4,198.0,201.0,192.0
2024-04-21 05:00:00,174.0,6,4,192.0,198.0,174.0
2024-04-21 06:00:00,78.0,6,4,174.0,192.0,174.0
2024-04-21 07:00:00,0.0,6,4,78.0,174.0,174.0
2024-04-21 08:00:00,0.0,6,4,0.0,78.0,174.0
2024-04-21 09:00:00,0.0,6,4,0.0,0.0,174.0
2024-04-21 10:00:00,0.0,6,4,0.0,0.0,174.0
2024-04-21 11:00:00,0.0,6,4,0.0,0.0,174.0
2024-04-21 12:00:00,0.0,6,4,0.0,0.0,174.0
2024-04-21 13:00:00,3.0,6,4,0.0,0.0,174.0
2024-04-21 14:00:00,0.0,6,4,3.0,0.0,174.0
2024-04-21 15:00:00,0.0,6,4,0.0,3.0,174.0
2024-04-21 16:00:00,0.0,6,4,0.0,0.0,174.0
2024-04-21 17:00:00,36.0,6,4,0.0,0.0,174.0
2024-04-21 18:00:00,252.0,6,4,36.0,0.0,174.0
2024-04-21 19:00:00,223.5,6,4,252.0,36.0,223.5
2024-04-21 20:00:00,453.0,6,4,223.5,252.0,453.0
2024-04-21 21:00:00,1255.5,6,4,453.0,223.5,1255.5
2024-04-21 22:00:00,2146.5,6,4,1255.5,453.0,2146.5
2024-04-21 23:00:00,2566.5,6,4,2146.5,1255.5,2566.5
2024-04-22 00:00:00,2476.5,0,4,2566.5,2146.5,2476.5
2024-04-22 01:00:00,2340.0,0,4,2476.5,2566.5,2340.0
2024-04-22 02:00:00,2610.0,0,4,2340.0,2476.5,2610.0
2024-04-22 03:00:00,1611.0,0,4,2610.0,2340.0,1611.0
2024-04-22 04:00:00,900.0,0,4,1611.0,2610.0,900.0
2024-04-22 05:00:00,759.0,0,4,900.0,1611.0,759.0
2024-04-22 06:00:00,1590.0,0,4,759.0,900.0,759.0
2024-04-22 07:00:00,2049.0,0,4,1590.0,759.0,759.0
2024-04-22 08:00:00,1779.0,0,4,2049.0,1590.0,759.0
2024-04-22 09:00:00,1513.5,0,4,1779.0,2049.0,759.0
2024-04-22 10:00:00,1236.0,0,4,1513.5,1779.0,759.0
2024-04-22 11:00:00,1308.0,0,4,1236.0,1513.5,759.0
2024-04-22 12:00:00,1275.0,0,4,1308.0,1236.0,759.0
2024-04-22 13:00:00,1455.0,0,4,1275.0,1308.0,759.0
2024-04-22 14:00:00,1641.0,0,4,1455.0,1275.0,759.0
2024-04-22 15:00:00,1563.0,0,4,1641.0,1455.0,759.0
2024-04-22 16:00:00,2097.0,0,4,1563.0,1641.0,759.0
2024-04-22 17:00:00,1908.0,0,4,2097.0,1563.0,759.0
2024-04-22 18:00:00,2451.0,0,4,1908.0,2097.0,759.0
2024-04-22 19:00:00,2647.5,0,4,2451.0,1908.0,2647.5
2024-04-22 20:00:00,2746.5,0,4,2647.5,2451.0,2746.5
2024-04-22 21:00:00,2791.5,0,4,2746.5,2647.5,2791.5
2024-04-22 22:00:00,2887.5,0,4,2791.5,2746.5,2887.5
2024-04-22 23:00:00,2871.0,0,4,2887.5,2791.5,2871.0
2024-04-23 00:00:00,2394.0,1,4,2871.0,2887.5,2394.0
2024-04-23 01:00:00,2613.0,1,4,2394.0,2871.0,2613.0
2024-04-23 02:00:00,2586.0,1,4,2613.0,2394.0,2586.0
2024-04-23 03:00:00,2632.5,1,4,2586.0,2613.0,2632.5
2024-04-23 04:00:00,2727.0,1,4,2632.5,2586.0,2727.0
2024-04-23 05:00:00,2521.5,1,4,2727.0,2632.5,2521.5
2024-04-23 06:00:00,2452.5,1,4,2521.5,2727.0,2521.5
2024-04-23 07:00:00,2091.0,1,4,2452.5,2521.5,2521.5
2024-04-23 08:00:00,1758.0,1,4,2091.0,2452.5,2521.5
2024-04-23 09:00:00,1467.0,1,4,1758.0,2091.0,2521.5
2024-04-23 10:00:00,1299.0,1,4,1467.0,1758.0,2521.5
2024-04-23 11:00:00,1281.0,1,4,1299.0,1467.0,2521.5
2024-04-23 12:00:00,1221.0,1,4,1281.0,1299.0,2521.5
2024-04-23 13:00:00,813.0,1,4,1221.0,1281.0,2521.5
2024-04-23 14:00:00,468.0,1,4,813.0,1221.0,2521.5
2024-04-23 15:00:00,1440.0,1,4,468.0,813.0,2521.5
2024-04-23 16:00:00,1585.5,1,4,1440.0,468.0,2521.5
2024-04-23 17:00:00,1878.0,1,4,1585.5,1440.0,2521.5
2024-04-23 18:00:00,2221.5,1,4,1878.0,1585.5,2521.5
2024-04-23 19:00:00,2661.0,1,4,2221.5,1878.0,2661.0
2024-04-23 20:00:00,2704.5,1,4,2661.0,2221.5,2704.5
2024-04-23 21:00:00,2653.5,1,4,2704.5,2661.0,2653.5
2024-04-23 22:00:00,2776.5,1,4,2653.5,2704.5,2776.5
2024-04-23 23:00:00,2800.5,1,4,2776.5,2653.5,2800.5
2024-04-24 00:00:00,2836.5,2,4,2800.5,2776.5,2836.5
2024-04-24 01:00:00,2908.5,2,4,2836.5,2800.5,2908.5
2024-04-24 02:00:00,2532.0,2,4,2908.5,2836.5,2532.0
2024-04-24 03:00:00,2514.0,2,4,2532.0,2908.5,2514.0
2024-04-24 04:00:00,2940.0,2,4,2514.0,2532.0,2940.0
2024-04-24 05:00:00,2721.0,2,4,2940.0,2514.0,2721.0
2024-04-24 06:00:00,2584.5,2,4,2721.0,2940.0,2721.0
2024-04-24 07:00:00,2175.0,2,4,2584.5,2721.0,2721.0
2024-04-24 08:00:00,1236.0,2,4,2175.0,2584.5,2721.0
2024-04-24 09:00:00,1461.0,2,4,1236.0,2175.0,2721.0
2024-04-24 10:00:00,1362.0,2,4,1461.0,1236.0,2721.0
2024-04-24 11:00:00,1392.0,2,4,1362.0,1461.0,2721.0
2024-04-24 12:00:00,1245.0,2,4,1392.0,1362.0,2721.0
2024-04-24 13:00:00,1552.5,2,4,1245.0,1392.0,2721.0
2024-04-24 14:00:00,1342.5,2,4,1552.5,1245.0,2721.0
2024-04-24 15:00:00,1548.0,2,4,1342.5,1552.5,2721.0
2024-04-24 16:00:00,2077.5,2,4,1548.0,1342.5,2721.0
2024-04-24 17:00:00,2553.0,2,4,2077.5,1548.0,2721.0
2024-04-24 18:00:00,2815.5,2,4,2553.0,2077.5,2721.0
2024-04-24 19:00:00,2790.0,2,4,2815.5,2553.0,2790.0
2024-04-24 20:00:00,2790.0,2,4,2790.0,2815.5,2790.0
2024-04-24 21:00:00,2737.5,2,4,2790.0,2790.0,2737.5
2024-04-24 22:00:00,2797.5,2,4,2737.5,2790.0,2797.5
2024-04-24 23:00:00,2811.0,2,4,2797.5,2737.5,2811.0
2024-04-25 00:00:00,2536.5,3,4,2811.0,2797.5,2536.5
2024-04-25 01:00:00,2661.0,3,4,2536.5,2811.0,2661.0
2024-04-25 02:00:00,2706.0,3,4,2661.0,2536.5,2706.0
2024-04-25 03:00:00,2748.0,3,4,2706.0,2661.0,2748.0
2024-04-25 04:00:00,2239.5,3,4,2748.0,2706.0,2239.5
2024-04-25 05:00:00,2685.0,3,4,2239.5,2748.0,2685.0
2024-04-25 06:00:00,2527.5,3,4,2685.0,2239.5,2685.0
2024-04-25 07:00:00,2284.5,3,4,2527.5,2685.0,2685.0
2024-04-25 08:00:00,1962.0,3,4,2284.5,2527.5,2685.0
2024-04-25 09:00:00,1626.0,3,4,1962.0,2284.5,2685.0
2024-04-25 10:00:00,1332.0,3,4,1626.0,1962.0,2685.0
2024-04-25 11:00:00,1320.0,3,4,1332.0,1626.0,2685.0
2024-04-25 12:00:00,1458.0,3,4,1320.0,1332.0,2685.0
2024-04-25 13:00:00,1413.0,3,4,1458.0,1320.0,2685.0
2024-04-25 14:00:00,1641.0,3,4,1413.0,1458.0,2685.0
2024-04-25 15:00:00,1995.0,3,4,1641.0,1413.0,2685.0
2024-04-25 16:00:00,2107.5,3,4,1995.0,1641.0,2685.0
2024-04-25 17:00:00,2473.5,3,4,2107.5,1995.0,2685.0
2024-04-25 18:00:00,2782.5,3,4,2473.5,2107.5,2685.0
2024-04-25 19:00:00,2565.0,3,4,2782.5,2473.5,2565.0
2024-04-25 20:00:00,2827.5,3,4,2565.0,2782.5,2827.5
2024-04-25 21:00:00,2163.0,3,4,2827.5,2565.0,2163.0
2024-04-25 22:00:00,2757.0,3,4,2163.0,2827.5,2757.0
2024-04-25 23:00:00,2263.5,3,4,2757.0,2163.0,2263.5
2024-04-26 00:00:00,2116.5,4,4,2263.5,2757.0,2116.5
2024-04-26 01:00:00,3037.5,4,4,2116.5,2263.5,3037.5
2024-04-26 02:00:00,2221.5,4,4,3037.5,2116.5,2221.5
2024-04-26 03:00:00,2551.5,4,4,2221.5,3037.5,2551.5
2024-04-26 04:00:00,2760.0,4,4,2551.5,2221.5,2760.0
2024-04-26 05:00:00,2176.5,4,4,2760.0,2551.5,2176.5
2024-04-26 06:00:00,1018.5,4,4,2176.5,2760.0,2176.5
2024-04-26 07:00:00,165.0,4,4,1018.5,2176.5,2176.5
2024-04-26 08:00:00,0.0,4,4,165.0,1018.5,2176.5
2024-04-26 09:00:00,0.0,4,4,0.0,165.0,2176.5
2024-04-26 10:00:00,0.0,4,4,0.0,0.0,2176.5
2024-04-26 11:00:00,0.0,4,4,0.0,0.0,2176.5
2024-04-26 12:00:00,0.0,4,4,0.0,0.0,2176.5
2024-04-26 13:00:00,3.0,4,4,0.0,0.0,2176.5
2024-04-26 14:00:00,3.0,4,4,3.0,0.0,2176.5
2024-04-26 15:00:00,1.5,4,4,3.0,3.0,2176.5
2024-04-26 16:00:00,18.0,4,4,1.5,3.0,2176.5
2024-04-26 17:00:00,69.0,4,4,18.0,1.5,2176.5
2024-04-26 18:00:00,168.0,4,4,69.0,18.0,2176.5
2024-04-26 19:00:00,180.0,4,4,168.0,69.0,180.0
2024-04-26 20:00:00,177.0,4,4,180.0,168.0,177.0
2024-04-26 21:00:00,162.0,4,4,177.0,180.0,162.0
2024-04-26 22:00:00,183.0,4,4,162.0,177.0,183.0
2024-04-26 23:00:00,189.0,4,4,183.0,162.0,189.0
2024-04-27 00:00:00,196.5,5,4,189.0,183.0,196.5
2024-04-27 01:00:00,177.0,5,4,196.5,189.0,177.0
2024-04-27 02:00:00,166.5,5,4,177.0,196.5,166.5
2024-04-27 03:00:00,163.5,5,4,166.5,177.0,163.5
2024-04-27 04:00:00,178.5,5,4,163.5,166.5,178.5
2024-04-27 05:00:00,159.0,5,4,178.5,163.5,159.0
2024-04-27 06:00:00,133.5,5,4,159.0,178.5,159.0
2024-04-27 07:00:00,21.0,5,4,133.5,159.0,159.0
2024-04-27 08:00:00,96.0,5,4,21.0,133.5,159.0
2024-04-27 09:00:00,843.0,5,4,96.0,21.0,159.0
2024-04-27 10:00:00,816.0,5,4,843.0,96.0,159.0
2024-04-27 11:00:00,1191.0,5,4,816.0,843.0,159.0
2024-04-27 12:00:00,1206.0,5,4,1191.0,816.0,159.0
2024-04-27 13:00:00,1332.0,5,4,1206.0,1191.0,159.0
2024-04-27 14:00:00,1758.0,5,4,1332.0,1206.0,159.0
2024-04-27 15:00:00,1920.0,5,4,1758.0,1332.0,159.0
2024-04-27 16:00:00,2041.5,5,4,1920.0,1758.0,159.0
2024-04-27 17:00:00,2745.0,5,4,2041.5,1920.0,159.0
2024-04-27 18:00:00,2131.5,5,4,2745.0,2041.5,159.0
2024-04-27 19:00:00,2523.0,5,4,2131.5,2745.0,2523.0
2024-04-27 20:00:00,2602.5,5,4,2523.0,2131.5,2602.5
2024-04-27 21:00:00,2532.0,5,4,2602.5,2523.0,2532.0
2024-04-27 22:00:00,2433.0,5,4,2532.0,2602.5,2433.0
2024-04-27 23:00:00,2559.0,5,4,2433.0,2532.0,2559.0
2024-04-28 00:00:00,2764.5,6,4,2559.0,2433.0,2764.5
2024-04-28 01:00:00,2133.0,6,4,2764.5,2559.0,2133.0
2024-04-28 02:00:00,2863.5,6,4,2133.0,2764.5,2863.5
2024-04-28 03:00:00,2808.0,6,4,2863.5,2133.0,2808.0
2024-04-28 04:00:00,2911.5,6,4,2808.0,2863.5,2911.5
2024-04-28 05:00:00,2605.5,6,4,2911.5,2808.0,2605.5
2024-04-28 06:00:00,2283.0,6,4,2605.5,2911.5,2605.5
2024-04-28 07:00:00,2211.0,6,4,2283.0,2605.5,2605.5
2024-04-28 08:00:00,1668.0,6,4,2211.0,2283.0,2605.5
2024-04-28 09:00:00,1515.0,6,4,1668.0,2211.0,2605.5
2024-04-28 10:00:00,1212.0,6,4,1515.0,1668.0,2605.5
2024-04-28 11:00:00,864.0,6,4,1212.0,1515.0,2605.5
2024-04-28 12:00:00,1476.0,6,4,864.0,1212.0,2605.5
2024-04-28 13:00:00,1110.0,6,4,1476.0,864.0,2605.5
2024-04-28 14:00:00,922.5,6,4,1110.0,1476.0,2605.5
2024-04-28 15:00:00,1495.5,6,4,922.5,1110.0,2605.5
2024-04-28 16:00:00,2113.5,6,4,1495.5,922.5,2605.5
2024-04-28 17:00:00,2220.0,6,4,2113.5,1495.5,2605.5
2024-04-28 18:00:00,2422.5,6,4,2220.0,2113.5,2605.5
2024-04-28 19:00:00,2358.0,6,4,2422.5,2220.0,2358.0
2024-04-28 20:00:00,2562.0,6,4,2358.0,2422.5,2562.0
2024-04-28 21:00:00,2574.0,6,4,2562.0,2358.0,2574.0
2024-04-28 22:00:00,2680.5,6,4,2574.0,2562.0,2680.5
2024-04-28 23:00:00,2764.5,6,4,2680.5,2574.0,2764.5
2024-04-29 00:00:00,2883.0,0,4,2764.5,2680.5,2883.0
2024-04-29 01:00:00,2641.5,0,4,2883.0,2764.5,2641.5
2024-04-29 02:00:00,2277.0,0,4,2641.5,2883.0,2277.0
2024-04-29 03:00:00,2773.5,0,4,2277.0,2641.5,2773.5
2024-04-29 04:00:00,2748.0,0,4,2773.5,2277.0,2748.0
2024-04-29 05:00:00,2887.5,0,4,2748.0,2773.5,2887.5
2024-04-29 06:00:00,2418.0,0,4,2887.5,2748.0,2887.5
2024-04-29 07:00:00,1731.0,0,4,2418.0,2887.5,2887.5
2024-04-29 08:00:00,1806.0,0,4,1731.0,2418.0,2887.5
2024-04-29 09:00:00,1318.5,0,4,1806.0,1731.0,2887.5
2024-04-29 10:00:00,1392.0,0,4,1318.5,1806.0,2887.5
2024-04-29 11:00:00,1398.0,0,4,1392.0,1318.5,2887.5
2024-04-29 12:00:00,675.0,0,4,1398.0,1392.0,2887.5
2024-04-29 13:00:00,1566.0,0,4,675.0,1398.0,2887.5
2024-04-29 14:00:00,1521.0,0,4,1566.0,675.0,2887.5
2024-04-29 15:00:00,1987.5,0,4,1521.0,1566.0,2887.5
2024-04-29 16:00:00,2169.0,0,4,1987.5,1521.0,2887.5
2024-04-29 17:00:00,2481.0,0,4,2169.0,1987.5,2887.5
2024-04-29 18:00:00,2697.0,0,4,2481.0,2169.0,2887.5
2024-04-29 19:00:00,2568.0,0,4,2697.0,2481.0,2568.0
2024-04-29 20:00:00,2154.0,0,4,2568.0,2697.0,2154.0
2024-04-29 21:00:00,2064.0,0,4,2154.0,2568.0,2064.0
2024-04-29 22:00:00,2157.0,0,4,2064.0,2154.0,2157.0
2024-04-29 23:00:00,2187.0,0,4,2157.0,2064.0,2187.0
2024-04-30 00:00:00,2644.5,1,4,2187.0,2157.0,2644.5
2024-04-30 01:00:00,2781.0,1,4,2644.5,2187.0,2781.0
2024-04-30 02:00:00,2779.5,1,4,2781.0,2644.5,2779.5
2024-04-30 03:00:00,2196.0,1,4,2779.5,2781.0,2196.0
2024-04-30 04:00:00,2614.5,1,4,2196.0,2779.5,2614.5
2024-04-30 05:00:00,2646.0,1,4,2614.5,2196.0,2646.0
2024-04-30 06:00:00,2644.5,1,4,2646.0,2614.5,2646.0
2024-04-30 07:00:00,1680.0,1,4,2644.5,2646.0,2646.0
2024-04-30 08:00:00,1851.0,1,4,1680.0,2644.5,2646.0
2024-04-30 09:00:00,921.0,1,4,1851.0,1680.0,2646.0
2024-04-30 10:00:00,1566.0,1,4,921.0,1851.0,2646.0
2024-04-30 11:00:00,672.0,1,4,1566.0,921.0,2646.0
2024-04-30 12:00:00,1266.0,1,4,672.0,1566.0,2646.0
2024-04-30 13:00:00,1377.0,1,4,1266.0,672.0,2646.0
2024-04-30 14:00:00,1092.0,1,4,1377.0,1266.0,2646.0
2024-04-30 15:00:00,1482.0,1,4,1092.0,1377.0,2646.0
2024-04-30 16:00:00,2316.0,1,4,1482.0,1092.0,2646.0
2024-04-30 17:00:00,2275.5,1,4,2316.0,1482.0,2646.0
2024-04-30 18:00:00,2346.0,1,4,2275.5,2316.0,2646.0
2024-04-30 19:00:00,2791.5,1,4,2346.0,2275.5,2791.5
2024-04-30 20:00:00,2781.0,1,4,2791.5,2346.0,2781.0
2024-04-30 21:00:00,2722.5,1,4,2781.0,2791.5,2722.5
2024-04-30 22:00:00,2694.0,1,4,2722.5,2781.0,2694.0
2024-04-30 23:00:00,2331.0,1,4,2694.0,2722.5,2331.0
2024-05-01 00:00:00,1347.0,2,5,2331.0,2694.0,1347.0
2024-05-01 01:00:00,1300.5,2,5,1347.0,2331.0,1300.5
2024-05-01 02:00:00,1236.0,2,5,1300.5,1347.0,1236.0
2024-05-01 03:00:00,1131.0,2,5,1236.0,1300.5,1131.0
2024-05-01 04:00:00,1084.5,2,5,1131.0,1236.0,1084.5
2024-05-01 05:00:00,768.0,2,5,1084.5,1131.0,768.0
2024-05-01 06:00:00,91.5,2,5,768.0,1084.5,768.0
2024-05-01 07:00:00,0.0,2,5,91.5,768.0,768.0
2024-05-01 08:00:00,0.0,2,5,0.0,91.5,768.0
2024-05-01 09:00:00,0.0,2,5,0.0,0.0,768.0
2024-05-01 10:00:00,0.0,2,5,0.0,0.0,768.0
2024-05-01 11:00:00,0.0,2,5,0.0,0.0,768.0
2024-05-01 12:00:00,0.0,2,5,0.0,0.0,768.0
2024-05-01 13:00:00,0.0,2,5,0.0,0.0,768.0
2024-05-01 14:00:00,0.0,2,5,0.0,0.0,768.0
2024-05-01 15:00:00,0.0,2,5,0.0,0.0,768.0
2024-05-01 16:00:00,18.0,2,5,0.0,0.0,768.0
2024-05-01 17:00:00,27.0,2,5,18.0,0.0,768.0
2024-05-01 18:00:00,142.5,2,5,27.0,18.0,768.0
2024-05-01 19:00:00,159.0,2,5,142.5,27.0,159.0
2024-05-01 20:00:00,160.5,2,5,159.0,142.5,160.5
2024-05-01 21:00:00,162.0,2,5,160.5,159.0,162.0
2024-05-01 22:00:00,160.5,2,5,162.0,160.5,160.5
2024-05-01 23:00:00,168.0,2,5,160.5,162.0,168.0
2024-05-02 00:00:00,160.5,3,5,168.0,160.5,160.5
2024-05-02 01:00:00,159.0,3,5,160.5,168.0,159.0
2024-05-02 02:00:00,160.5,3,5,159.0,160.5,160.5
2024-05-02 03:00:00,162.0,3,5,160.5,159.0,162.0
2024-05-02 04:00:00,151.5,3,5,162.0,160.5,151.5
2024-05-02 05:00:00,154.5,3,5,151.5,162.0,154.5
2024-05-02 06:00:00,178.5,3,5,154.5,151.5,154.5
2024-05-02 07:00:00,13.5,3,5,178.5,154.5,154.5
2024-05-02 08:00:00,15.0,3,5,13.5,178.5,154.5
2024-05-02 09:00:00,202.5,3,5,15.0,13.5,154.5
2024-05-02 10:00:00,598.5,3,5,202.5,15.0,154.5
2024-05-02 11:00:00,691.5,3,5,598.5,202.5,154.5
2024-05-02 12:00:00,330.0,3,5,691.5,598.5,154.5
2024-05-02 13:00:00,747.0,3,5,330.0,691.5,154.5
2024-05-02 14:00:00,814.5,3,5,747.0,330.0,154.5
2024-05-02 15:00:00,825.0,3,5,814.5,747.0,154.5
2024-05-02 16:00:00,1101.0,3,5,825.0,814.5,154.5
2024-05-02 17:00:00,1278.0,3,5,1101.0,825.0,154.5
2024-05-02 18:00:00,1498.5,3,5,1278.0,1101.0,154.5
2024-05-02 19:00:00,1471.5,3,5,1498.5,1278.0,1471.5
2024-05-02 20:00:00,1452.0,3,5,1471.5,1498.5,1452.0
2024-05-02 21:00:00,1713.0,3,5,1452.0,1471.5,1713.0
2024-05-02 22:00:00,1461.0,3,5,1713.0,1452.0,1461.0
2024-05-02 23:00:00,1635.0,3,5,1461.0,1713.0,1635.0
2024-05-03 00:00:00,1543.5,4,5,1635.0,1461.0,1543.5
2024-05-03 01:00:00,1686.0,4,5,1543.5,1635.0,1686.0
2024-05-03 02:00:00,1393.5,4,5,1686.0,1543.5,1393.5
2024-05-03 03:00:00,1683.0,4,5,1393.5,1686.0,1683.0
2024-05-03 04:00:00,1551.0,4,5,1683.0,1393.5,1551.0
2024-05-03 05:00:00,1660.5,4,5,1551.0,1683.0,1660.5
2024-05-03 06:00:00,1435.5,4,5,1660.5,1551.0,1660.5
2024-05-03 07:00:00,1120.5,4,5,1435.5,1660.5,1660.5
2024-05-03 08:00:00,843.0,4,5,1120.5,1435.5,1660.5
2024-05-03 09:00:00,852.0,4,5,843.0,1120.5,1660.5
2024-05-03 10:00:00,621.0,4,5,852.0,843.0,1660.5
2024-05-03 11:00:00,624.0,4,5,621.0,852.0,1660.5
2024-05-03 12:00:00,673.5,4,5,624.0,621.0,1660.5
2024-05-03 13:00:00,895.5,4,5,673.5,624.0,1660.5
2024-05-03 14:00:00,1209.0,4,5,895.5,673.5,1660.5
2024-05-03 15:00:00,1293.0,4,5,1209.0,895.5,1660.5
2024-05-03 16:00:00,1480.5,4,5,1293.0,1209.0,1660.5
2024-05-03 17:00:00,1521.0,4,5,1480.5,1293.0,1660.5
2024-05-03 18:00:00,1968.0,4,5,1521.0,1480.5,1660.5
2024-05-03 19:00:00,1915.5,4,5,1968.0,1521.0,1915.5
2024-05-03 20:00:00,1875.0,4,5,1915.5,1968.0,1875.0
2024-05-03 21:00:00,1776.0,4,5,1875.0,1915.5,1776.0
2024-05-03 22:00:00,1833.0,4,5,1776.0,1875.0,1833.0
2024-05-03 23:00:00,1783.5,4,5,1833.0,1776.0,1783.5
2024-05-04 00:00:00,1612.5,5,5,1783.5,1833.0,1612.5
2024-05-04 01:00:00,1782.0,5,5,1612.5,1783.5,1782.0
2024-05-04 02:00:00,1815.0,5,5,1782.0,1612.5,1815.0
2024-05-04 03:00:00,1857.0,5,5,1815.0,1782.0,1857.0
2024-05-04 04:00:00,1879.5,5,5,1857.0,1815.0,1879.5
2024-05-04 05:00:00,1713.0,5,5,1879.5,1857.0,1713.0
2024-05-04 06:00:00,1255.5,5,5,1713.0,1879.5,1713.0
2024-05-04 07:00:00,1138.5,5,5,1255.5,1713.0,1713.0
2024-05-04 08:00:00,804.0,5,5,1138.5,1255.5,1713.0
2024-05-04 09:00:00,541.5,5,5,804.0,1138.5,1713.0
2024-05-04 10:00:00,357.0,5,5,541.5,804.0,1713.0
2024-05-04 11:00:00,300.0,5,5,357.0,541.5,1713.0
2024-05-04 12:00:00,636.0,5,5,300.0,357.0,1713.0
2024-05-04 13:00:00,831.0,5,5,636.0,300.0,1713.0
2024-05-04 14:00:00,946.5,5,5,831.0,636.0,1713.0
2024-05-04 15:00:00,1117.5,5,5,946.5,831.0,1713.0
2024-05-04 16:00:00,1185.0,5,5,1117.5,946.5,1713.0
2024-05-04 17:00:00,1722.0,5,5,1185.0,1117.5,1713.0
2024-05-04 18:00:00,1644.0,5,5,1722.0,1185.0,1713.0
2024-05-04 19:00:00,916.5,5,5,1644.0,1722.0,916.5
2024-05-04 20:00:00,889.5,5,5,916.5,1644.0,889.5
2024-05-04 21:00:00,1179.0,5,5,889.5,916.5,1179.0
2024-05-04 22:00:00,1293.0,5,5,1179.0,889.5,1293.0
2024-05-04 23:00:00,1203.0,5,5,1293.0,1179.0,1203.0
2024-05-05 00:00:00,1539.0,6,5,1203.0,1293.0,1539.0
2024-05-05 01:00:00,1713.0,6,5,1539.0,1203.0,1713.0
2024-05-05 02:00:00,1386.0,6,5,1713.0,1539.0,1386.0
2024-05-05 03:00:00,1701.0,6,5,1386.0,1713.0,1701.0
2024-05-05 04:00:00,1626.0,6,5,1701.0,1386.0,1626.0
2024-05-05 05:00:00,1267.5,6,5,1626.0,1701.0,1267.5
2024-05-05 06:00:00,1306.5,6,5,1267.5,1626.0,1267.5
2024-05-05 07:00:00,574.5,6,5,1306.5,1267.5,1267.5
2024-05-05 08:00:00,57.0,6,5,574.5,1306.5,1267.5
2024-05-05 09:00:00,79.5,6,5,57.0,574.5,1267.5
2024-05-05 10:00:00,447.0,6,5,79.5,57.0,1267.5
2024-05-05 11:00:00,327.0,6,5,447.0,79.5,1267.5
2024-05-05 12:00:00,348.0,6,5,327.0,447.0,1267.5
2024-05-05 13:00:00,1045.5,6,5,348.0,327.0,1267.5
2024-05-05 14:00:00,1450.5,6,5,1045.5,348.0,1267.5
2024-05-05 15:00:00,1512.0,6,5,1450.5,1045.5,1267.5
2024-05-05 16:00:00,1218.0,6,5,1512.0,1450.5,1267.5
2024-05-05 17:00:00,1632.0,6,5,1218.0,1512.0,1267.5
2024-05-05 18:00:00,1588.5,6,5,1632.0,1218.0,1267.5
2024-05-05 19:00:00,1402.5,6,5,1588.5,1632.0,1402.5
2024-05-05 20:00:00,1381.5,6,5,1402.5,1588.5,1381.5
2024-05-05 21:00:00,1681.5,6,5,1381.5,1402.5,1681.5
2024-05-05 22:00:00,1629.0,6,5,1681.5,1381.5,1629.0
2024-05-05 23:00:00,1593.0,6,5,1629.0,1681.5,1593.0
2024-05-06 00:00:00,1662.0,0,5,1593.0,1629.0,1662.0
2024-05-06 01:00:00,1554.0,0,5,1662.0,1593.0,1554.0
2024-05-06 02:00:00,1468.5,0,5,1554.0,1662.0,1468.5
2024-05-06 03:00:00,1656.0,0,5,1468.5,1554.0,1656.0
2024-05-06 04:00:00,1627.5,0,5,1656.0,1468.5,1627.5
2024-05-06 05:00:00,1639.5,0,5,1627.5,1656.0,1639.5
2024-05-06 06:00:00,1296.0,0,5,1639.5,1627.5,1639.5
2024-05-06 07:00:00,511.5,0,5,1296.0,1639.5,1639.5
2024-05-06 08:00:00,174.0,0,5,511.5,1296.0,1639.5
2024-05-06 09:00:00,13.5,0,5,174.0,511.5,1639.5
2024-05-06 10:00:00,10.5,0,5,13.5,174.0,1639.5
2024-05-06 11:00:00,15.0,0,5,10.5,13.5,1639.5
2024-05-06 12:00:00,27.0,0,5,15.0,10.5,1639.5
2024-05-06 13:00:00,7.5,0,5,27.0,15.0,1639.5
2024-05-06 14:00:00,15.0,0,5,7.5,27.0,1639.5
2024-05-06 15:00:00,57.0,0,5,15.0,7.5,1639.5
2024-05-06 16:00:00,58.5,0,5,57.0,15.0,1639.5
2024-05-06 17:00:00,214.5,0,5,58.5,57.0,1639.5
2024-05-06 18:00:00,307.5,0,5,214.5,58.5,1639.5
2024-05-06 19:00:00,280.5,0,5,307.5,214.5,280.5
2024-05-06 20:00:00,288.0,0,5,280.5,307.5,288.0
2024-05-06 21:00:00,249.0,0,5,288.0,280.5,249.0
2024-05-06 22:00:00,238.5,0,5,249.0,288.0,238.5
2024-05-06 23:00:00,211.5,0,5,238.5,249.0,211.5
2024-05-07 00:00:00,213.0,1,5,211.5,238.5,213.0
2024-05-07 01:00:00,226.5,1,5,213.0,211.5,226.5
2024-05-07 02:00:00,277.5,1,5,226.5,213.0,277.5
2024-05-07 03:00:00,279.0,1,5,277.5,226.5,279.0
2024-05-07 04:00:00,243.0,1,5,279.0,277.5,243.0
2024-05-07 05:00:00,243.0,1,5,243.0,279.0,243.0
2024-05-07 06:00:00,349.5,1,5,243.0,243.0,243.0
2024-05-07 07:00:00,759.0,1,5,349.5,243.0,243.0
2024-05-07 08:00:00,795.0,1,5,759.0,349.5,243.0
2024-05-07 09:00:00,1221.0,1,5,795.0,759.0,243.0
2024-05-07 10:00:00,1221.0,1,5,1221.0,795.0,243.0
2024-05-07 11:00:00,804.0,1,5,1221.0,1221.0,243.0
2024-05-07 12:00:00,718.5,1,5,804.0,1221.0,243.0
2024-05-07 13:00:00,1071.0,1,5,718.5,804.0,243.0
2024-05-07 14:00:00,852.0,1,5,1071.0,718.5,243.0
2024-05-07 15:00:00,1096.5,1,5,852.0,1071.0,243.0
2024-05-07 16:00:00,1129.5,1,5,1096.5,852.0,243.0
2024-05-07 17:00:00,1150.5,1,5,1129.5,1096.5,243.0
2024-05-07 18:00:00,1629.0,1,5,1150.5,1129.5,243.0
2024-05-07 19:00:00,1534.5,1,5,1629.0,1150.5,1534.5
2024-05-07 20:00:00,1494.0,1,5,1534.5,1629.0,1494.0
2024-05-07 21:00:00,1467.0,1,5,1494.0,1534.5,1467.0
2024-05-07 22:00:00,1675.5,1,5,1467.0,1494.0,1675.5
2024-05-07 23:00:00,1821.0,1,5,1675.5,1467.0,1821.0
2024-05-08 00:00:00,1720.5,2,5,1821.0,1675.5,1720.5
2024-05-08 01:00:00,1494.0,2,5,1720.5,1821.0,1494.0
2024-05-08 02:00:00,1759.5,2,5,1494.0,1720.5,1759.5
2024-05-08 03:00:00,1573.5,2,5,1759.5,1494.0,1573.5
2024-05-08 04:00:00,1762.5,2,5,1573.5,1759.5,1762.5
2024-05-08 05:00:00,1755.0,2,5,1762.5,1573.5,1755.0
2024-05-08 06:00:00,1555.5,2,5,1755.0,1762.5,1755.0
2024-05-08 07:00:00,1011.0,2,5,1555.5,1755.0,1755.0
2024-05-08 08:00:00,703.5,2,5,1011.0,1555.5,1755.0
2024-05-08 09:00:00,658.5,2,5,703.5,1011.0,1755.0
2024-05-08 10:00:00,531.0,2,5,658.5,703.5,1755.0
2024-05-08 11:00:00,385.5,2,5,531.0,658.5,1755.0
2024-05-08 12:00:00,549.0,2,5,385.5,531.0,1755.0
2024-05-08 13:00:00,453.0,2,5,549.0,385.5,1755.0
2024-05-08 14:00:00,732.0,2,5,453.0,549.0,1755.0
2024-05-08 15:00:00,589.5,2,5,732.0,453.0,1755.0
2024-05-08 16:00:00,814.5,2,5,589.5,732.0,1755.0
2024-05-08 17:00:00,1414.5,2,5,814.5,589.5,1755.0
2024-05-08 18:00:00,1644.0,2,5,1414.5,814.5,1755.0
2024-05-08 19:00:00,1593.0,2,5,1644.0,1414.5,1593.0
2024-05-08 20:00:00,1584.0,2,5,1593.0,1644.0,1584.0
2024-05-08 21:00:00,1707.0,2,5,1584.0,1593.0,1707.0
2024-05-08 22:00:00,1537.5,2,5,1707.0,1584.0,1537.5
2024-05-08 23:00:00,1507.5,2,5,1537.5,1707.0,1507.5
2024-05-09 00:00:00,1560.0,3,5,1507.5,1537.5,1560.0
2024-05-09 01:00:00,1233.0,3,5,1560.0,1507.5,1233.0
2024-05-09 02:00:00,1677.0,3,5,1233.0,1560.0,1677.0
2024-05-09 03:00:00,1665.0,3,5,1677.0,1233.0,1665.0
2024-05-09 04:00:00,1708.5,3,5,1665.0,1677.0,1708.5
2024-05-09 05:00:00,1671.0,3,5,1708.5,1665.0,1671.0
2024-05-09 06:00:00,1287.0,3,5,1671.0,1708.5,1671.0
2024-05-09 07:00:00,1378.5,3,5,1287.0,1671.0,1671.0
2024-05-09 08:00:00,1137.0,3,5,1378.5,1287.0,1671.0
2024-05-09 09:00:00,1150.5,3,5,1137.0,1378.5,1671.0
2024-05-09 10:00:00,804.0,3,5,1150.5,1137.0,1671.0
2024-05-09 11:00:00,349.5,3,5,804.0,1150.5,1671.0
2024-05-09 12:00:00,748.5,3,5,349.5,804.0,1671.0
2024-05-09 13:00:00,169.5,3,5,748.5,349.5,1671.0
2024-05-09 14:00:00,462.0,3,5,169.5,748.5,1671.0
2024-05-09 15:00:00,507.0,3,5,462.0,169.5,1671.0
2024-05-09 16:00:00,1239.0,3,5,507.0,462.0,1671.0
2024-05-09 17:00:00,1419.0,3,5,1239.0,507.0,1671.0
2024-05-09 18:00:00,1708.5,3,5,1419.0,1239.0,1671.0
2024-05-09 19:00:00,1779.0,3,5,1708.5,1419.0,1779.0
2024-05-09 20:00:00,1795.5,3,5,1779.0,1708.5,1795.5
2024-05-09 21:00:00,1804.5,3,5,1795.5,1779.0,1804.5
2024-05-09 22:00:00,1752.0,3,5,1804.5,1795.5,1752.0
2024-05-09 23:00:00,1686.0,3,5,1752.0,1804.5,1686.0
2024-05-10 00:00:00,1344.0,4,5,1686.0,1752.0,1344.0
2024-05-10 01:00:00,1531.5,4,5,1344.0,1686.0,1531.5
2024-05-10 02:00:00,1678.5,4,5,1531.5,1344.0,1678.5
2024-05-10 03:00:00,1698.0,4,5,1678.5,1531.5,1698.0
2024-05-10 04:00:00,1729.5,4,5,1698.0,1678.5,1729.5
2024-05-10 05:00:00,1726.5,4,5,1729.5,1698.0,1726.5
2024-05-10 06:00:00,1303.5,4,5,1726.5,1729.5,1726.5
2024-05-10 07:00:00,1293.0,4,5,1303.5,1726.5,1726.5
2024-05-10 08:00:00,994.5,4,5,1293.0,1303.5,1726.5
2024-05-10 09:00:00,724.5,4,5,994.5,1293.0,1726.5
2024-05-10 10:00:00,805.5,4,5,724.5,994.5,1726.5
2024-05-10 11:00:00,862.5,4,5,805.5,724.5,1726.5
2024-05-10 12:00:00,907.5,4,5,862.5,805.5,1726.5
2024-05-10 13:00:00,1024.5,4,5,907.5,862.5,1726.5
2024-05-10 14:00:00,1245.0,4,5,1024.5,907.5,1726.5
2024-05-10 15:00:00,912.0,4,5,1245.0,1024.5,1726.5
2024-05-10 16:00:00,1363.5,4,5,912.0,1245.0,1726.5
2024-05-10 17:00:00,1245.0,4,5,1363.5,912.0,1726.5
2024-05-10 18:00:00,1843.5,4,5,1245.0,1363.5,1726.5
2024-05-10 19:00:00,1474.5,4,5,1843.5,1245.0,1474.5
2024-05-10 20:00:00,1404.0,4,5,1474.5,1843.5,1404.0
2024-05-10 21:00:00,1885.5,4,5,1404.0,1474.5,1885.5
2024-05-10 22:00:00,2064.0,4,5,1885.5,1404.0,2064.0
2024-05-10 23:00:00,2604.0,4,5,2064.0,1885.5,2604.0
2024-05-11 00:00:00,2833.5,5,5,2604.0,2064.0,2833.5
2024-05-11 01:00:00,2863.5,5,5,2833.5,2604.0,2863.5
2024-05-11 02:00:00,2649.0,5,5,2863.5,2833.5,2649.0
2024-05-11 03:00:00,2764.5,5,5,2649.0,2863.5,2764.5
2024-05-11 04:00:00,2802.0,5,5,2764.5,2649.0,2802.0
2024-05-11 05:00:00,2482.5,5,5,2802.0,2764.5,2482.5
2024-05-11 06:00:00,2422.5,5,5,2482.5,2802.0,2482.5
2024-05-11 07:00:00,2443.5,5,5,2422.5,2482.5,2482.5
2024-05-11 08:00:00,2947.5,5,5,2443.5,2422.5,2482.5
2024-05-11 09:00:00,2890.5,5,5,2947.5,2443.5,2482.5
2024-05-11 10:00:00,2337.0,5,5,2890.5,2947.5,2482.5
2024-05-11 11:00:00,2518.5,5,5,2337.0,2890.5,2482.5
2024-05-11 12:00:00,2071.5,5,5,2518.5,2337.0,2482.5
2024-05-11 13:00:00,1581.0,5,5,2071.5,2518.5,2482.5
2024-05-11 14:00:00,2662.5,5,5,1581.0,2071.5,2482.5
2024-05-11 15:00:00,2140.5,5,5,2662.5,1581.0,2482.5
2024-05-11 16:00:00,2829.0,5,5,2140.5,2662.5,2482.5
2024-05-11 17:00:00,3639.0,5,5,2829.0,2140.5,2482.5
2024-05-11 18:00:00,3747.0,5,5,3639.0,2829.0,2482.5
2024-05-11 19:00:00,3519.0,5,5,3747.0,3639.0,3519.0
2024-05-11 20:00:00,3523.5,5,5,3519.0,3747.0,3523.5
2024-05-11 21:00:00,3705.0,5,5,3523.5,3519.0,3705.0
2024-05-11 22:00:00,3505.5,5,5,3705.0,3523.5,3505.5
2024-05-11 23:00:00,3696.0,5,5,3505.5,3705.0,3696.0
2024-05-12 00:00:00,3721.5,6,5,3696.0,3505.5,3721.5
2024-05-12 01:00:00,3895.5,6,5,3721.5,3696.0,3895.5
2024-05-12 02:00:00,3003.0,6,5,3895.5,3721.5,3003.0
2024-05-12 03:00:00,2838.0,6,5,3003.0,3895.5,2838.0
2024-05-12 04:00:00,3973.5,6,5,2838.0,3003.0,3973.5
2024-05-12 05:00:00,3898.5,6,5,3973.5,2838.0,3898.5
2024-05-12 06:00:00,3463.5,6,5,3898.5,3973.5,3898.5
2024-05-12 07:00:00,3133.5,6,5,3463.5,3898.5,3898.5
2024-05-12 08:00:00,1936.5,6,5,3133.5,3463.5,3898.5
2024-05-12 09:00:00,2247.0,6,5,1936.5,3133.5,3898.5
2024-05-12 10:00:00,1773.0,6,5,2247.0,1936.5,3898.5
2024-05-12 11:00:00,1329.0,6,5,1773.0,2247.0,3898.5
2024-05-12 12:00:00,1525.5,6,5,1329.0,1773.0,3898.5
2024-05-12 13:00:00,1998.0,6,5,1525.5,1329.0,3898.5
2024-05-12 14:00:00,2751.0,6,5,1998.0,1525.5,3898.5
2024-05-12 15:00:00,2844.0,6,5,2751.0,1998.0,3898.5
2024-05-12 16:00:00,3298.5,6,5,2844.0,2751.0,3898.5
2024-05-12 17:00:00,3864.0,6,5,3298.5,2844.0,3898.5
2024-05-12 18:00:00,4023.0,6,5,3864.0,3298.5,3898.5
2024-05-12 19:00:00,3798.0,6,5,4023.0,3864.0,3798.0
2024-05-12 20:00:00,3331.5,6,5,3798.0,4023.0,3331.5
2024-05-12 21:00:00,4177.5,6,5,3331.5,3798.0,4177.5
2024-05-12 22:00:00,4063.5,6,5,4177.5,3331.5,4063.5
2024-05-12 23:00:00,3937.5,6,5,4063.5,4177.5,3937.5
2024-05-13 00:00:00,4039.5,0,5,3937.5,4063.5,4039.5
2024-05-13 01:00:00,3831.0,0,5,4039.5,3937.5,3831.0
2024-05-13 02:00:00,3793.5,0,5,3831.0,4039.5,3793.5
2024-05-13 03:00:00,3903.0,0,5,3793.5,3831.0,3903.0
2024-05-13 04:00:00,3958.5,0,5,3903.0,3793.5,3958.5
2024-05-13 05:00:00,3747.0,0,5,3958.5,3903.0,3747.0
2024-05-13 06:00:00,3513.0,0,5,3747.0,3958.5,3747.0
2024-05-13 07:00:00,3337.5,0,5,3513.0,3747.0,3747.0
2024-05-13 08:00:00,3015.0,0,5,3337.5,3513.0,3747.0
2024-05-13 09:00:00,3130.5,0,5,3015.0,3337.5,3747.0
2024-05-13 10:00:00,3613.5,0,5,3130.5,3015.0,3747.0
2024-05-13 11:00:00,3357.0,0,5,3613.5,3130.5,3747.0
2024-05-13 12:00:00,3141.0,0,5,3357.0,3613.5,3747.0
2024-05-13 13:00:00,3018.0,0,5,3141.0,3357.0,3747.0
2024-05-13 14:00:00,2809.5,0,5,3018.0,3141.0,3747.0
2024-05-13 15:00:00,2767.5,0,5,2809.5,3018.0,3747.0
2024-05-13 16:00:00,2904.0,0,5,2767.5,2809.5,3747.0
2024-05-13 17:00:00,3844.5,0,5,2904.0,2767.5,3747.0
2024-05-13 18:00:00,4023.0,0,5,3844.5,2904.0,3747.0
2024-05-13 19:00:00,3972.0,0,5,4023.0,3844.5,3972.0
2024-05-13 20:00:00,3958.5,0,5,3972.0,4023.0,3958.5
2024-05-13 21:00:00,3451.5,0,5,3958.5,3972.0,3451.5
2024-05-13 22:00:00,3220.5,0,5,3451.5,3958.5,3220.5
2024-05-13 23:00:00,2770.5,0,5,3220.5,3451.5,2770.5
2024-05-14 00:00:00,3643.5,1,5,2770.5,3220.5,3643.5
2024-05-14 01:00:00,3636.0,1,5,3643.5,2770.5,3636.0
2024-05-14 02:00:00,2320.5,1,5,3636.0,3643.5,2320.5
2024-05-14 03:00:00,3147.0,1,5,2320.5,3636.0,3147.0
2024-05-14 04:00:00,3084.0,1,5,3147.0,2320.5,3084.0
2024-05-14 05:00:00,3147.0,1,5,3084.0,3147.0,3147.0
2024-05-14 06:00:00,2793.0,1,5,3147.0,3084.0,3147.0
2024-05-14 07:00:00,2145.0,1,5,2793.0,3147.0,3147.0
2024-05-14 08:00:00,1281.0,1,5,2145.0,2793.0,3147.0
2024-05-14 09:00:00,1600.5,1,5,1281.0,2145.0,3147.0
2024-05-14 10:00:00,1521.0,1,5,1600.5,1281.0,3147.0
2024-05-14 11:00:00,796.5,1,5,1521.0,1600.5,3147.0
2024-05-14 12:00:00,1119.0,1,5,796.5,1521.0,3147.0
2024-05-14 13:00:00,1953.0,1,5,1119.0,796.5,3147.0
2024-05-14 14:00:00,1660.5,1,5,1953.0,1119.0,3147.0
2024-05-14 15:00:00,1666.5,1,5,1660.5,1953.0,3147.0
2024-05-14 16:00:00,2190.0,1,5,1666.5,1660.5,3147.0
2024-05-14 17:00:00,2518.5,1,5,2190.0,1666.5,3147.0
2024-05-14 18:00:00,2797.5,1,5,2518.5,2190.0,3147.0
2024-05-14 19:00:00,2739.0,1,5,2797.5,2518.5,2739.0
2024-05-14 20:00:00,2754.0,1,5,2739.0,2797.5,2754.0
2024-05-14 21:00:00,2679.0,1,5,2754.0,2739.0,2679.0
2024-05-14 22:00:00,2763.0,1,5,2679.0,2754.0,2763.0
2024-05-14 23:00:00,2505.0,1,5,2763.0,2679.0,2505.0
2024-05-15 00:00:00,2868.0,2,5,2505.0,2763.0,2868.0
2024-05-15 01:00:00,2736.0,2,5,2868.0,2505.0,2736.0
2024-05-15 02:00:00,2772.0,2,5,2736.0,2868.0,2772.0
2024-05-15 03:00:00,2302.5,2,5,2772.0,2736.0,2302.5
2024-05-15 04:00:00,2785.5,2,5,2302.5,2772.0,2785.5
2024-05-15 05:00:00,2680.5,2,5,2785.5,2302.5,2680.5
2024-05-15 06:00:00,2439.0,2,5,2680.5,2785.5,2680.5
2024-05-15 07:00:00,2373.0,2,5,2439.0,2680.5,2680.5
2024-05-15 08:00:00,1782.0,2,5,2373.0,2439.0,2680.5
2024-05-15 09:00:00,1582.5,2,5,1782.0,2373.0,2680.5
2024-05-15 10:00:00,1659.0,2,5,1582.5,1782.0,2680.5
2024-05-15 11:00:00,1569.0,2,5,1659.0,1582.5,2680.5
2024-05-15 12:00:00,1089.0,2,5,1569.0,1659.0,2680.5
2024-05-15 13:00:00,1107.0,2,5,1089.0,1569.0,2680.5
2024-05-15 14:00:00,1092.0,2,5,1107.0,1089.0,2680.5
2024-05-15 15:00:00,1719.0,2,5,1092.0,1107.0,2680.5
2024-05-15 16:00:00,2008.5,2,5,1719.0,1092.0,2680.5
2024-05-15 17:00:00,2488.5,2,5,2008.5,1719.0,2680.5
2024-05-15 18:00:00,2596.5,2,5,2488.5,2008.5,2680.5
2024-05-15 19:00:00,2589.0,2,5,2596.5,2488.5,2589.0
2024-05-15 20:00:00,2634.0,2,5,2589.0,2596.5,2634.0
2024-05-15 21:00:00,2670.0,2,5,2634.0,2589.0,2670.0
2024-05-15 22:00:00,2395.5,2,5,2670.0,2634.0,2395.5
2024-05-15 23:00:00,2196.0,2,5,2395.5,2670.0,2196.0
2024-05-16 00:00:00,2806.5,3,5,2196.0,2395.5,2806.5
2024-05-16 01:00:00,2250.0,3,5,2806.5,2196.0,2250.0
2024-05-16 02:00:00,2682.0,3,5,2250.0,2806.5,2682.0
2024-05-16 03:00:00,2547.0,3,5,2682.0,2250.0,2547.0
2024-05-16 04:00:00,2397.0,3,5,2547.0,2682.0,2397.0
2024-05-16 05:00:00,2509.5,3,5,2397.0,2547.0,2509.5
2024-05-16 06:00:00,1114.5,3,5,2509.5,2397.0,2509.5
2024-05-16 07:00:00,534.0,3,5,1114.5,2509.5,2509.5
2024-05-16 08:00:00,27.0,3,5,534.0,1114.5,2509.5
2024-05-16 09:00:00,0.0,3,5,27.0,534.0,2509.5
2024-05-16 10:00:00,0.0,3,5,0.0,27.0,2509.5
2024-05-16 11:00:00,3.0,3,5,0.0,0.0,2509.5
2024-05-16 12:00:00,0.0,3,5,3.0,0.0,2509.5
2024-05-16 13:00:00,0.0,3,5,0.0,3.0,2509.5
2024-05-16 14:00:00,27.0,3,5,0.0,0.0,2509.5
2024-05-16 15:00:00,19.5,3,5,27.0,0.0,2509.5
2024-05-16 16:00:00,3.0,3,5,19.5,27.0,2509.5
2024-05-16 17:00:00,31.5,3,5,3.0,19.5,2509.5
2024-05-16 18:00:00,207.0,3,5,31.5,3.0,2509.5
2024-05-16 19:00:00,217.5,3,5,207.0,31.5,217.5
2024-05-16 20:00:00,229.5,3,5,217.5,207.0,229.5
2024-05-16 21:00:00,225.0,3,5,229.5,217.5,225.0
2024-05-16 22:00:00,222.0,3,5,225.0,229.5,222.0
2024-05-16 23:00:00,219.0,3,5,222.0,225.0,219.0
2024-05-17 00:00:00,222.0,4,5,219.0,222.0,222.0
2024-05-17 01:00:00,210.0,4,5,222.0,219.0,210.0
2024-05-17 02:00:00,193.5,4,5,210.0,222.0,193.5
2024-05-17 03:00:00,211.5,4,5,193.5,210.0,211.5
2024-05-17 04:00:00,207.0,4,5,211.5,193.5,207.0
2024-05-17 05:00:00,186.0,4,5,207.0,211.5,186.0
2024-05-17 06:00:00,94.5,4,5,186.0,207.0,186.0
2024-05-17 07:00:00,10.5,4,5,94.5,186.0,186.0
2024-05-17 08:00:00,0.0,4,5,10.5,94.5,186.0
2024-05-17 09:00:00,3.0,4,5,0.0,10.5,186.0
2024-05-17 10:00:00,0.0,4,5,3.0,0.0,186.0
2024-05-17 11:00:00,0.0,4,5,0.0,3.0,186.0
2024-05-17 12:00:00,0.0,4,5,0.0,0.0,186.0
2024-05-17 13:00:00,15.0,4,5,0.0,0.0,186.0
2024-05-17 14:00:00,108.0,4,5,15.0,0.0,186.0
2024-05-17 15:00:00,138.0,4,5,108.0,15.0,186.0
2024-05-17 16:00:00,4.5,4,5,138.0,108.0,186.0
2024-05-17 17:00:00,51.0,4,5,4.5,138.0,186.0
2024-05-17 18:00:00,159.0,4,5,51.0,4.5,186.0
2024-05-17 19:00:00,162.0,4,5,159.0,51.0,162.0
2024-05-17 20:00:00,213.0,4,5,162.0,159.0,213.0
2024-05-17 21:00:00,228.0,4,5,213.0,162.0,228.0
2024-05-17 22:00:00,228.0,4,5,228.0,213.0,228.0
2024-05-17 23:00:00,213.0,4,5,228.0,228.0,213.0
2024-05-18 00:00:00,171.0,5,5,213.0,228.0,171.0
2024-05-18 01:00:00,175.5,5,5,171.0,213.0,175.5
2024-05-18 02:00:00,198.0,5,5,175.5,171.0,198.0
2024-05-18 03:00:00,220.5,5,5,198.0,175.5,220.5
2024-05-18 04:00:00,168.0,5,5,220.5,198.0,168.0
2024-05-18 05:00:00,156.0,5,5,168.0,220.5,156.0
2024-05-18 06:00:00,666.0,5,5,156.0,168.0,156.0
2024-05-18 07:00:00,996.0,5,5,666.0,156.0,156.0
2024-05-18 08:00:00,1579.5,5,5,996.0,666.0,156.0
2024-05-18 09:00:00,1476.0,5,5,1579.5,996.0,156.0
2024-05-18 10:00:00,1386.0,5,5,1476.0,1579.5,156.0
2024-05-18 11:00:00,1389.0,5,5,1386.0,1476.0,156.0
2024-05-18 12:00:00,1645.5,5,5,1389.0,1386.0,156.0
2024-05-18 13:00:00,1818.0,5,5,1645.5,1389.0,156.0
2024-05-18 14:00:00,1965.0,5,5,1818.0,1645.5,156.0
2024-05-18 15:00:00,2661.0,5,5,1965.0,1818.0,156.0
2024-05-18 16:00:00,2650.5,5,5,2661.0,1965.0,156.0
2024-05-18 17:00:00,2754.0,5,5,2650.5,2661.0,156.0
2024-05-18 18:00:00,2731.5,5,5,2754.0,2650.5,156.0
2024-05-18 19:00:00,2608.5,5,5,2731.5,2754.0,2608.5
2024-05-18 20:00:00,2160.0,5,5,2608.5,2731.5,2160.0
2024-05-18 21:00:00,2029.5,5,5,2160.0,2608.5,2029.5
2024-05-18 22:00:00,2013.0,5,5,2029.5,2160.0,2013.0
2024-05-18 23:00:00,2046.0,5,5,2013.0,2029.5,2046.0
2024-05-19 00:00:00,1890.0,6,5,2046.0,2013.0,1890.0
2024-05-19 01:00:00,2424.0,6,5,1890.0,2046.0,2424.0
2024-05-19 02:00:00,2634.0,6,5,2424.0,1890.0,2634.0
2024-05-19 03:00:00,2511.0,6,5,2634.0,2424.0,2511.0
2024-05-19 04:00:00,2709.0,6,5,2511.0,2634.0,2709.0
2024-05-19 05:00:00,2628.0,6,5,2709.0,2511.0,2628.0
2024-05-19 06:00:00,2397.0,6,5,2628.0,2709.0,2628.0
2024-05-19 07:00:00,2050.5,6,5,2397.0,2628.0,2628.0
2024-05-19 08:00:00,1797.0,6,5,2050.5,2397.0,2628.0
2024-05-19 09:00:00,1537.5,6,5,1797.0,2050.5,2628.0
2024-05-19 10:00:00,1053.0,6,5,1537.5,1797.0,2628.0
2024-05-19 11:00:00,1083.0,6,5,1053.0,1537.5,2628.0
2024-05-19 12:00:00,1212.0,6,5,1083.0,1053.0,2628.0
2024-05-19 13:00:00,1176.0,6,5,1212.0,1083.0,2628.0
2024-05-19 14:00:00,1267.5,6,5,1176.0,1212.0,2628.0
2024-05-19 15:00:00,2226.0,6,5,1267.5,1176.0,2628.0
2024-05-19 16:00:00,2176.5,6,5,2226.0,1267.5,2628.0
2024-05-19 17:00:00,2706.0,6,5,2176.5,2226.0,2628.0
2024-05-19 18:00:00,2278.5,6,5,2706.0,2176.5,2628.0
2024-05-19 19:00:00,2704.5,6,5,2278.5,2706.0,2704.5
2024-05-19 20:00:00,2529.0,6,5,2704.5,2278.5,2529.0
2024-05-19 21:00:00,2707.5,6,5,2529.0,2704.5,2707.5
2024-05-19 22:00:00,2425.5,6,5,2707.5,2529.0,2425.5
2024-05-19 23:00:00,2833.5,6,5,2425.5,2707.5,2833.5
2024-05-20 00:00:00,2319.0,0,5,2833.5,2425.5,2319.0
2024-05-20 01:00:00,2835.0,0,5,2319.0,2833.5,2835.0
2024-05-20 02:00:00,2493.0,0,5,2835.0,2319.0,2493.0
2024-05-20 03:00:00,2547.0,0,5,2493.0,2835.0,2547.0
2024-05-20 04:00:00,2790.0,0,5,2547.0,2493.0,2790.0
2024-05-20 05:00:00,2230.5,0,5,2790.0,2547.0,2230.5
2024-05-20 06:00:00,2172.0,0,5,2230.5,2790.0,2230.5
2024-05-20 07:00:00,1611.0,0,5,2172.0,2230.5,2230.5
2024-05-20 08:00:00,2286.0,0,5,1611.0,2172.0,2230.5
2024-05-20 09:00:00,2383.5,0,5,2286.0,1611.0,2230.5
2024-05-20 10:00:00,2481.0,0,5,2383.5,2286.0,2230.5
2024-05-20 11:00:00,1605.0,0,5,2481.0,2383.5,2230.5
2024-05-20 12:00:00,1321.5,0,5,1605.0,2481.0,2230.5
2024-05-20 13:00:00,1407.0,0,5,1321.5,1605.0,2230.5
2024-05-20 14:00:00,1074.0,0,5,1407.0,1321.5,2230.5
2024-05-20 15:00:00,2169.0,0,5,1074.0,1407.0,2230.5
2024-05-20 16:00:00,3012.0,0,5,2169.0,1074.0,2230.5
2024-05-20 17:00:00,3318.0,0,5,3012.0,2169.0,2230.5
2024-05-20 18:00:00,3504.0,0,5,3318.0,3012.0,2230.5
2024-05-20 19:00:00,3996.0,0,5,3504.0,3318.0,3996.0
2024-05-20 20:00:00,4047.0,0,5,3996.0,3504.0,4047.0
2024-05-20 21:00:00,3868.5,0,5,4047.0,3996.0,3868.5
2024-05-20 22:00:00,4083.0,0,5,3868.5,4047.0,4083.0
2024-05-20 23:00:00,4161.0,0,5,4083.0,3868.5,4161.0
2024-05-21 00:00:00,3526.5,1,5,4161.0,4083.0,3526.5
2024-05-21 01:00:00,4053.0,1,5,3526.5,4161.0,4053.0
2024-05-21 02:00:00,3244.5,1,5,4053.0,3526.5,3244.5
2024-05-21 03:00:00,2850.0,1,5,3244.5,4053.0,2850.0
2024-05-21 04:00:00,2289.0,1,5,2850.0,3244.5,2289.0
2024-05-21 05:00:00,1974.0,1,5,2289.0,2850.0,1974.0
2024-05-21 06:00:00,1870.5,1,5,1974.0,2289.0,1974.0
2024-05-21 07:00:00,1396.5,1,5,1870.5,1974.0,1974.0
2024-05-21 08:00:00,2389.5,1,5,1396.5,1870.5,1974.0
2024-05-21 09:00:00,4188.0,1,5,2389.5,1396.5,1974.0
2024-05-21 10:00:00,3993.0,1,5,4188.0,2389.5,1974.0
2024-05-21 11:00:00,3001.5,1,5,3993.0,4188.0,1974.0
2024-05-21 12:00:00,2014.5,1,5,3001.5,3993.0,1974.0
2024-05-21 13:00:00,2308.5,1,5,2014.5,3001.5,1974.0
2024-05-21 14:00:00,2746.5,1,5,2308.5,2014.5,1974.0
2024-05-21 15:00:00,2899.5,1,5,2746.5,2308.5,1974.0
2024-05-21 16:00:00,3415.5,1,5,2899.5,2746.5,1974.0
2024-05-21 17:00:00,3742.5,1,5,3415.5,2899.5,1974.0
2024-05-21 18:00:00,3775.5,1,5,3742.5,3415.5,1974.0
2024-05-21 19:00:00,3964.5,1,5,3775.5,3742.5,3964.5
2024-05-21 20:00:00,4122.0,1,5,3964.5,3775.5,4122.0
2024-05-21 21:00:00,4093.5,1,5,4122.0,3964.5,4093.5
2024-05-21 22:00:00,4033.5,1,5,4093.5,4122.0,4033.5
2024-05-21 23:00:00,4242.0,1,5,4033.5,4093.5,4242.0
2024-05-22 00:00:00,4039.5,2,5,4242.0,4033.5,4039.5
2024-05-22 01:00:00,3877.5,2,5,4039.5,4242.0,3877.5
2024-05-22 02:00:00,3645.0,2,5,3877.5,4039.5,3645.0
2024-05-22 03:00:00,2523.0,2,5,3645.0,3877.5,2523.0
2024-05-22 04:00:00,2499.0,2,5,2523.0,3645.0,2499.0
2024-05-22 05:00:00,2487.0,2,5,2499.0,2523.0,2487.0
2024-05-22 06:00:00,2289.0,2,5,2487.0,2499.0,2487.0
2024-05-22 07:00:00,1896.0,2,5,2289.0,2487.0,2487.0
2024-05-22 08:00:00,1246.5,2,5,1896.0,2289.0,2487.0
2024-05-22 09:00:00,541.5,2,5,1246.5,1896.0,2487.0
2024-05-22 10:00:00,810.0,2,5,541.5,1246.5,2487.0
2024-05-22 11:00:00,702.0,2,5,810.0,541.5,2487.0
2024-05-22 12:00:00,345.0,2,5,702.0,810.0,2487.0
2024-05-22 13:00:00,814.5,2,5,345.0,702.0,2487.0
2024-05-22 14:00:00,181.5,2,5,814.5,345.0,2487.0
2024-05-22 15:00:00,1111.5,2,5,181.5,814.5,2487.0
2024-05-22 16:00:00,1347.0,2,5,1111.5,181.5,2487.0
2024-05-22 17:00:00,1383.0,2,5,1347.0,1111.5,2487.0
2024-05-22 18:00:00,1327.5,2,5,1383.0,1347.0,2487.0
2024-05-22 19:00:00,1405.5,2,5,1327.5,1383.0,1405.5
2024-05-22 20:00:00,1179.0,2,5,1405.5,1327.5,1179.0
2024-05-22 21:00:00,1305.0,2,5,1179.0,1405.5,1305.0
2024-05-22 22:00:00,1278.0,2,5,1305.0,1179.0,1278.0
2024-05-22 23:00:00,1356.0,2,5,1278.0,1305.0,1356.0
2024-05-23 00:00:00,1239.0,3,5,1356.0,1278.0,1239.0
2024-05-23 01:00:00,1296.0,3,5,1239.0,1356.0,1296.0
2024-05-23 02:00:00,1294.5,3,5,1296.0,1239.0,1294.5
2024-05-23 03:00:00,1369.5,3,5,1294.5,1296.0,1369.5
2024-05-23 04:00:00,1731.0,3,5,1369.5,1294.5,1731.0
2024-05-23 05:00:00,1699.5,3,5,1731.0,1369.5,1699.5
2024-05-23 06:00:00,1572.0,3,5,1699.5,1731.0,1699.5
2024-05-23 07:00:00,1357.5,3,5,1572.0,1699.5,1699.5
2024-05-23 08:00:00,1284.0,3,5,1357.5,1572.0,1699.5
2024-05-23 09:00:00,808.5,3,5,1284.0,1357.5,1699.5
2024-05-23 10:00:00,964.5,3,5,808.5,1284.0,1699.5
2024-05-23 11:00:00,775.5,3,5,964.5,808.5,1699.5
2024-05-23 12:00:00,808.5,3,5,775.5,964.5,1699.5
2024-05-23 13:00:00,924.0,3,5,808.5,775.5,1699.5
2024-05-23 14:00:00,969.0,3,5,924.0,808.5,1699.5
2024-05-23 15:00:00,1138.5,3,5,969.0,924.0,1699.5
2024-05-23 16:00:00,1509.0,3,5,1138.5,969.0,1699.5
2024-05-23 17:00:00,1245.0,3,5,1509.0,1138.5,1699.5
2024-05-23 18:00:00,1575.0,3,5,1245.0,1509.0,1699.5
2024-05-23 19:00:00,1407.0,3,5,1575.0,1245.0,1407.0
2024-05-23 20:00:00,1491.0,3,5,1407.0,1575.0,1491.0
2024-05-23 21:00:00,1386.0,3,5,1491.0,1407.0,1386.0
2024-05-23 22:00:00,1738.5,3,5,1386.0,1491.0,1738.5
2024-05-23 23:00:00,1662.0,3,5,1738.5,1386.0,1662.0
2024-05-24 00:00:00,1785.0,4,5,1662.0,1738.5,1785.0
2024-05-24 01:00:00,1638.0,4,5,1785.0,1662.0,1638.0
2024-05-24 02:00:00,1761.0,4,5,1638.0,1785.0,1761.0
2024-05-24 03:00:00,1797.0,4,5,1761.0,1638.0,1797.0
2024-05-24 04:00:00,1536.0,4,5,1797.0,1761.0,1536.0
2024-05-24 05:00:00,1750.5,4,5,1536.0,1797.0,1750.5
2024-05-24 06:00:00,1221.0,4,5,1750.5,1536.0,1750.5
2024-05-24 07:00:00,1144.5,4,5,1221.0,1750.5,1750.5
2024-05-24 08:00:00,987.0,4,5,1144.5,1221.0,1750.5
2024-05-24 09:00:00,1002.0,4,5,987.0,1144.5,1750.5
2024-05-24 10:00:00,366.0,4,5,1002.0,987.0,1750.5
2024-05-24 11:00:00,738.0,4,5,366.0,1002.0,1750.5
2024-05-24 12:00:00,447.0,4,5,738.0,366.0,1750.5
2024-05-24 13:00:00,553.5,4,5,447.0,738.0,1750.5
2024-05-24 14:00:00,693.0,4,5,553.5,447.0,1750.5
2024-05-24 15:00:00,847.5,4,5,693.0,553.5,1750.5
2024-05-24 16:00:00,1405.5,4,5,847.5,693.0,1750.5
2024-05-24 17:00:00,1162.5,4,5,1405.5,847.5,1750.5
2024-05-24 18:00:00,1330.5,4,5,1162.5,1405.5,1750.5
2024-05-24 19:00:00,1411.5,4,5,1330.5,1162.5,1411.5
2024-05-24 20:00:00,1410.0,4,5,1411.5,1330.5,1410.0
2024-05-24 21:00:00,1828.5,4,5,1410.0,1411.5,1828.5
2024-05-24 22:00:00,1441.5,4,5,1828.5,1410.0,1441.5
2024-05-24 23:00:00,1408.5,4,5,1441.5,1828.5,1408.5
2024-05-25 00:00:00,1429.5,5,5,1408.5,1441.5,1429.5
2024-05-25 01:00:00,1441.5,5,5,1429.5,1408.5,1441.5
2024-05-25 02:00:00,1477.5,5,5,1441.5,1429.5,1477.5
2024-05-25 03:00:00,1770.0,5,5,1477.5,1441.5,1770.0
2024-05-25 04:00:00,1648.5,5,5,1770.0,1477.5,1648.5
2024-05-25 05:00:00,1744.5,5,5,1648.5,1770.0,1744.5
2024-05-25 06:00:00,1272.0,5,5,1744.5,1648.5,1744.5
2024-05-25 07:00:00,972.0,5,5,1272.0,1744.5,1744.5
2024-05-25 08:00:00,547.5,5,5,972.0,1272.0,1744.5
2024-05-25 09:00:00,721.5,5,5,547.5,972.0,1744.5
2024-05-25 10:00:00,762.0,5,5,721.5,547.5,1744.5
2024-05-25 11:00:00,754.5,5,5,762.0,721.5,1744.5
2024-05-25 12:00:00,690.0,5,5,754.5,762.0,1744.5
2024-05-25 13:00:00,411.0,5,5,690.0,754.5,1744.5
2024-05-25 14:00:00,427.5,5,5,411.0,690.0,1744.5
2024-05-25 15:00:00,760.5,5,5,427.5,411.0,1744.5
2024-05-25 16:00:00,792.0,5,5,760.5,427.5,1744.5
2024-05-25 17:00:00,1317.0,5,5,792.0,760.5,1744.5
2024-05-25 18:00:00,1543.5,5,5,1317.0,792.0,1744.5
2024-05-25 19:00:00,1657.5,5,5,1543.5,1317.0,1657.5
2024-05-25 20:00:00,1569.0,5,5,1657.5,1543.5,1569.0
2024-05-25 21:00:00,1713.0,5,5,1569.0,1657.5,1713.0
2024-05-25 22:00:00,1711.5,5,5,1713.0,1569.0,1711.5
2024-05-25 23:00:00,1378.5,5,5,1711.5,1713.0,1378.5
2024-05-26 00:00:00,916.5,6,5,1378.5,1711.5,916.5
2024-05-26 01:00:00,903.0,6,5,916.5,1378.5,903.0
2024-05-26 02:00:00,901.5,6,5,903.0,916.5,901.5
2024-05-26 03:00:00,904.5,6,5,901.5,903.0,904.5
2024-05-26 04:00:00,886.5,6,5,904.5,901.5,886.5
2024-05-26 05:00:00,855.0,6,5,886.5,904.5,855.0
2024-05-26 06:00:00,639.0,6,5,855.0,886.5,855.0
2024-05-26 07:00:00,324.0,6,5,639.0,855.0,855.0
2024-05-26 08:00:00,25.5,6,5,324.0,639.0,855.0
2024-05-26 09:00:00,21.0,6,5,25.5,324.0,855.0
2024-05-26 10:00:00,48.0,6,5,21.0,25.5,855.0
2024-05-26 11:00:00,58.5,6,5,48.0,21.0,855.0
2024-05-26 12:00:00,24.0,6,5,58.5,48.0,855.0
2024-05-26 13:00:00,18.0,6,5,24.0,58.5,855.0
2024-05-26 14:00:00,22.5,6,5,18.0,24.0,855.0
2024-05-26 15:00:00,33.0,6,5,22.5,18.0,855.0
2024-05-26 16:00:00,37.5,6,5,33.0,22.5,855.0
2024-05-26 17:00:00,114.0,6,5,37.5,33.0,855.0
2024-05-26 18:00:00,199.5,6,5,114.0,37.5,855.0
2024-05-26 19:00:00,207.0,6,5,199.5,114.0,207.0
2024-05-26 20:00:00,235.5,6,5,207.0,199.5,235.5
2024-05-26 21:00:00,226.5,6,5,235.5,207.0,226.5
2024-05-26 22:00:00,238.5,6,5,226.5,235.5,238.5
2024-05-26 23:00:00,262.5,6,5,238.5,226.5,262.5
2024-05-27 00:00:00,244.5,0,5,262.5,238.5,244.5
2024-05-27 01:00:00,184.5,0,5,244.5,262.5,184.5
2024-05-27 02:00:00,232.5,0,5,184.5,244.5,232.5
2024-05-27 03:00:00,258.0,0,5,232.5,184.5,258.0
2024-05-27 04:00:00,214.5,0,5,258.0,232.5,214.5
2024-05-27 05:00:00,183.0,0,5,214.5,258.0,183.0
2024-05-27 06:00:00,75.0,0,5,183.0,214.5,183.0
2024-05-27 07:00:00,0.0,0,5,75.0,183.0,183.0
2024-05-27 08:00:00,0.0,0,5,0.0,75.0,183.0
2024-05-27 09:00:00,10.5,0,5,0.0,0.0,183.0
2024-05-27 10:00:00,18.0,0,5,10.5,0.0,183.0
2024-05-27 11:00:00,15.0,0,5,18.0,10.5,183.0
2024-05-27 12:00:00,13.5,0,5,15.0,18.0,183.0
2024-05-27 13:00:00,19.5,0,5,13.5,15.0,183.0
2024-05-27 14:00:00,3.0,0,5,19.5,13.5,183.0
2024-05-27 15:00:00,1.5,0,5,3.0,19.5,183.0
2024-05-27 16:00:00,15.0,0,5,1.5,3.0,183.0
2024-05-27 17:00:00,4.5,0,5,15.0,1.5,183.0
2024-05-27 18:00:00,144.0,0,5,4.5,15.0,183.0
2024-05-27 19:00:00,169.5,0,5,144.0,4.5,169.5
2024-05-27 20:00:00,172.5,0,5,169.5,144.0,172.5
2024-05-27 21:00:00,186.0,0,5,172.5,169.5,186.0
2024-05-27 22:00:00,214.5,0,5,186.0,172.5,214.5
2024-05-27 23:00:00,214.5,0,5,214.5,186.0,214.5
2024-05-28 00:00:00,157.5,1,5,214.5,214.5,157.5
2024-05-28 01:00:00,114.0,1,5,157.5,214.5,114.0
2024-05-28 02:00:00,126.0,1,5,114.0,157.5,126.0
2024-05-28 03:00:00,124.5,1,5,126.0,114.0,124.5
2024-05-28 04:00:00,133.5,1,5,124.5,126.0,133.5
2024-05-28 05:00:00,130.5,1,5,133.5,124.5,130.5
2024-05-28 06:00:00,82.5,1,5,130.5,133.5,130.5
2024-05-28 07:00:00,3.0,1,5,82.5,130.5,130.5
2024-05-28 08:00:00,69.0,1,5,3.0,82.5,130.5
2024-05-28 09:00:00,319.5,1,5,69.0,3.0,130.5
2024-05-28 10:00:00,642.0,1,5,319.5,69.0,130.5
2024-05-28 11:00:00,954.0,1,5,642.0,319.5,130.5
2024-05-28 12:00:00,447.0,1,5,954.0,642.0,130.5
2024-05-28 13:00:00,738.0,1,5,447.0,954.0,130.5
2024-05-28 14:00:00,378.0,1,5,738.0,447.0,130.5
2024-05-28 15:00:00,760.5,1,5,378.0,738.0,130.5
2024-05-28 16:00:00,1200.0,1,5,760.5,378.0,130.5
2024-05-28 17:00:00,1201.5,1,5,1200.0,760.5,130.5
2024-05-28 18:00:00,1507.5,1,5,1201.5,1200.0,130.5
2024-05-28 19:00:00,1476.0,1,5,1507.5,1201.5,1476.0
2024-05-28 20:00:00,1498.5,1,5,1476.0,1507.5,1498.5
2024-05-28 21:00:00,1390.5,1,5,1498.5,1476.0,1390.5
2024-05-28 22:00:00,1599.0,1,5,1390.5,1498.5,1599.0
2024-05-28 23:00:00,1375.5,1,5,1599.0,1390.5,1375.5
2024-05-29 00:00:00,1615.5,2,5,1375.5,1599.0,1615.5
2024-05-29 01:00:00,1717.5,2,5,1615.5,1375.5,1717.5
2024-05-29 02:00:00,1801.5,2,5,1717.5,1615.5,1801.5
2024-05-29 03:00:00,1530.0,2,5,1801.5,1717.5,1530.0
2024-05-29 04:00:00,1323.0,2,5,1530.0,1801.5,1323.0
2024-05-29 05:00:00,1350.0,2,5,1323.0,1530.0,1350.0
2024-05-29 06:00:00,1477.5,2,5,1350.0,1323.0,1350.0
2024-05-29 07:00:00,1485.0,2,5,1477.5,1350.0,1350.0
2024-05-29 08:00:00,1134.0,2,5,1485.0,1477.5,1350.0
2024-05-29 09:00:00,588.0,2,5,1134.0,1485.0,1350.0
2024-05-29 10:00:00,399.0,2,5,588.0,1134.0,1350.0
2024-05-29 11:00:00,507.0,2,5,399.0,588.0,1350.0
2024-05-29 12:00:00,708.0,2,5,507.0,399.0,1350.0
2024-05-29 13:00:00,415.5,2,5,708.0,507.0,1350.0
2024-05-29 14:00:00,714.0,2,5,415.5,708.0,1350.0
2024-05-29 15:00:00,1210.5,2,5,714.0,415.5,1350.0
2024-05-29 16:00:00,1461.0,2,5,1210.5,714.0,1350.0
2024-05-29 17:00:00,1366.5,2,5,1461.0,1210.5,1350.0
2024-05-29 18:00:00,1369.5,2,5,1366.5,1461.0,1350.0
2024-05-29 19:00:00,1417.5,2,5,1369.5,1366.5,1417.5
2024-05-29 20:00:00,1507.5,2,5,1417.5,1369.5,1507.5
2024-05-29 21:00:00,1465.5,2,5,1507.5,1417.5,1465.5
2024-05-29 22:00:00,1837.5,2,5,1465.5,1507.5,1837.5
2024-05-29 23:00:00,1588.5,2,5,1837.5,1465.5,1588.5
2024-05-30 00:00:00,1357.5,3,5,1588.5,1837.5,1357.5
2024-05-30 01:00:00,1459.5,3,5,1357.5,1588.5,1459.5
2024-05-30 02:00:00,1411.5,3,5,1459.5,1357.5,1411.5
2024-05-30 03:00:00,1443.0,3,5,1411.5,1459.5,1443.0
2024-05-30 04:00:00,1360.5,3,5,1443.0,1411.5,1360.5
2024-05-30 05:00:00,1732.5,3,5,1360.5,1443.0,1732.5
2024-05-30 06:00:00,1587.0,3,5,1732.5,1360.5,1732.5
2024-05-30 07:00:00,1158.0,3,5,1587.0,1732.5,1732.5
2024-05-30 08:00:00,700.5,3,5,1158.0,1587.0,1732.5
2024-05-30 09:00:00,552.0,3,5,700.5,1158.0,1732.5
2024-05-30 10:00:00,466.5,3,5,552.0,700.5,1732.5
2024-05-30 11:00:00,435.0,3,5,466.5,552.0,1732.5
2024-05-30 12:00:00,535.5,3,5,435.0,466.5,1732.5
2024-05-30 13:00:00,820.5,3,5,535.5,435.0,1732.5
2024-05-30 14:00:00,691.5,3,5,820.5,535.5,1732.5
2024-05-30 15:00:00,370.5,3,5,691.5,820.5,1732.5
2024-05-30 16:00:00,544.5,3,5,370.5,691.5,1732.5
2024-05-30 17:00:00,1356.0,3,5,544.5,370.5,1732.5
2024-05-30 18:00:00,1831.5,3,5,1356.0,544.5,1732.5
2024-05-30 19:00:00,1791.0,3,5,1831.5,1356.0,1791.0
2024-05-30 20:00:00,1485.0,3,5,1791.0,1831.5,1485.0
2024-05-30 21:00:00,1797.0,3,5,1485.0,1791.0,1797.0
2024-05-30 22:00:00,1842.0,3,5,1797.0,1485.0,1842.0
2024-05-30 23:00:00,1395.0,3,5,1842.0,1797.0,1395.0
2024-05-31 00:00:00,1041.0,4,5,1395.0,1842.0,1041.0
2024-05-31 01:00:00,999.0,4,5,1041.0,1395.0,999.0
2024-05-31 02:00:00,1012.5,4,5,999.0,1041.0,1012.5
2024-05-31 03:00:00,1000.5,4,5,1012.5,999.0,1000.5
2024-05-31 04:00:00,985.5,4,5,1000.5,1012.5,985.5
2024-05-31 05:00:00,1000.5,4,5,985.5,1000.5,1000.5
2024-05-31 06:00:00,862.5,4,5,1000.5,985.5,1000.5
2024-05-31 07:00:00,564.0,4,5,862.5,1000.5,1000.5
2024-05-31 08:00:00,190.5,4,5,564.0,862.5,1000.5
2024-05-31 09:00:00,15.0,4,5,190.5,564.0,1000.5
2024-05-31 10:00:00,15.0,4,5,15.0,190.5,1000.5
2024-05-31 11:00:00,3.0,4,5,15.0,15.0,1000.5
2024-05-31 12:00:00,1.5,4,5,3.0,15.0,1000.5
2024-05-31 13:00:00,12.0,4,5,1.5,3.0,1000.5
2024-05-31 14:00:00,24.0,4,5,12.0,1.5,1000.5
2024-05-31 15:00:00,54.0,4,5,24.0,12.0,1000.5
2024-05-31 16:00:00,93.0,4,5,54.0,24.0,1000.5
2024-05-31 17:00:00,232.5,4,5,93.0,54.0,1000.5
2024-05-31 18:00:00,279.0,4,5,232.5,93.0,1000.5
2024-05-31 19:00:00,288.0,4,5,279.0,232.5,288.0
2024-05-31 20:00:00,289.5,4,5,288.0,279.0,289.5
2024-05-31 21:00:00,288.0,4,5,289.5,288.0,288.0
2024-05-31 22:00:00,277.5,4,5,288.0,289.5,277.5
2024-05-31 23:00:00,282.0,4,5,277.5,288.0,282.0
2024-06-01 00:00:00,273.0,5,6,282.0,277.5,273.0
2024-06-01 01:00:00,255.0,5,6,273.0,282.0,255.0
2024-06-01 02:00:00,264.0,5,6,255.0,273.0,264.0
2024-06-01 03:00:00,270.0,5,6,264.0,255.0,270.0
2024-06-01 04:00:00,268.5,5,6,270.0,264.0,268.5
2024-06-01 05:00:00,261.0,5,6,268.5,270.0,261.0
2024-06-01 06:00:00,157.5,5,6,261.0,268.5,261.0
2024-06-01 07:00:00,15.0,5,6,157.5,261.0,261.0
2024-06-01 08:00:00,3.0,5,6,15.0,157.5,261.0
2024-06-01 09:00:00,6.0,5,6,3.0,15.0,261.0
2024-06-01 10:00:00,6.0,5,6,6.0,3.0,261.0
2024-06-01 11:00:00,6.0,5,6,6.0,6.0,261.0
2024-06-01 12:00:00,0.0,5,6,6.0,6.0,261.0
2024-06-01 13:00:00,9.0,5,6,0.0,6.0,261.0
2024-06-01 14:00:00,6.0,5,6,9.0,0.0,261.0
2024-06-01 15:00:00,15.0,5,6,6.0,9.0,261.0
2024-06-01 16:00:00,79.5,5,6,15.0,6.0,261.0
2024-06-01 17:00:00,121.5,5,6,79.5,15.0,261.0
2024-06-01 18:00:00,252.0,5,6,121.5,79.5,261.0
2024-06-01 19:00:00,273.0,5,6,252.0,121.5,273.0
2024-06-01 20:00:00,273.0,5,6,273.0,252.0,273.0
2024-06-01 21:00:00,274.5,5,6,273.0,273.0,274.5
2024-06-01 22:00:00,277.5,5,6,274.5,273.0,277.5
2024-06-01 23:00:00,276.0,5,6,277.5,274.5,276.0
2024-06-02 00:00:00,277.5,6,6,276.0,277.5,277.5
2024-06-02 01:00:00,264.0,6,6,277.5,276.0,264.0
2024-06-02 02:00:00,189.0,6,6,264.0,277.5,189.0
2024-06-02 03:00:00,163.5,6,6,189.0,264.0,163.5
2024-06-02 04:00:00,159.0,6,6,163.5,189.0,159.0
2024-06-02 05:00:00,141.0,6,6,159.0,163.5,141.0
2024-06-02 06:00:00,60.0,6,6,141.0,159.0,141.0
2024-06-02 07:00:00,0.0,6,6,60.0,141.0,141.0
2024-06-02 08:00:00,3.0,6,6,0.0,60.0,141.0
2024-06-02 09:00:00,0.0,6,6,3.0,0.0,141.0
2024-06-02 10:00:00,0.0,6,6,0.0,3.0,141.0
2024-06-02 11:00:00,4.5,6,6,0.0,0.0,141.0
2024-06-02 12:00:00,0.0,6,6,4.5,0.0,141.0
2024-06-02 13:00:00,1.5,6,6,0.0,4.5,141.0
2024-06-02 14:00:00,6.0,6,6,1.5,0.0,141.0
2024-06-02 15:00:00,13.5,6,6,6.0,1.5,141.0
2024-06-02 16:00:00,21.0,6,6,13.5,6.0,141.0
2024-06-02 17:00:00,30.0,6,6,21.0,13.5,141.0
2024-06-02 18:00:00,147.0,6,6,30.0,21.0,141.0
2024-06-02 19:00:00,166.5,6,6,147.0,30.0,166.5
2024-06-02 20:00:00,160.5,6,6,166.5,147.0,160.5
2024-06-02 21:00:00,168.0,6,6,160.5,166.5,168.0
2024-06-02 22:00:00,166.5,6,6,168.0,160.5,166.5
2024-06-02 23:00:00,171.0,6,6,166.5,168.0,171.0
2024-06-03 00:00:00,166.5,0,6,171.0,166.5,166.5
2024-06-03 01:00:00,153.0,0,6,166.5,171.0,153.0
2024-06-03 02:00:00,157.5,0,6,153.0,166.5,157.5
2024-06-03 03:00:00,163.5,0,6,157.5,153.0,163.5
2024-06-03 04:00:00,157.5,0,6,163.5,157.5,157.5
2024-06-03 05:00:00,145.5,0,6,157.5,163.5,145.5
2024-06-03 06:00:00,93.0,0,6,145.5,157.5,145.5
2024-06-03 07:00:00,7.5,0,6,93.0,145.5,145.5
2024-06-03 08:00:00,0.0,0,6,7.5,93.0,145.5
2024-06-03 09:00:00,0.0,0,6,0.0,7.5,145.5
2024-06-03 10:00:00,0.0,0,6,0.0,0.0,145.5
2024-06-03 11:00:00,3.0,0,6,0.0,0.0,145.5
2024-06-03 12:00:00,0.0,0,6,3.0,0.0,145.5
2024-06-03 13:00:00,0.0,0,6,0.0,3.0,145.5
2024-06-03 14:00:00,0.0,0,6,0.0,0.0,145.5
2024-06-03 15:00:00,0.0,0,6,0.0,0.0,145.5
2024-06-03 16:00:00,13.5,0,6,0.0,0.0,145.5
2024-06-03 17:00:00,99.0,0,6,13.5,0.0,145.5
2024-06-03 18:00:00,204.0,0,6,99.0,13.5,145.5
2024-06-03 19:00:00,228.0,0,6,204.0,99.0,228.0
2024-06-03 20:00:00,372.0,0,6,228.0,204.0,372.0
2024-06-03 21:00:00,694.5,0,6,372.0,228.0,694.5
2024-06-03 22:00:00,1420.5,0,6,694.5,372.0,1420.5
2024-06-03 23:00:00,1749.0,0,6,1420.5,694.5,1749.0
2024-06-04 00:00:00,1618.5,1,6,1749.0,1420.5,1618.5
2024-06-04 01:00:00,1441.5,1,6,1618.5,1749.0,1441.5
2024-06-04 02:00:00,1657.5,1,6,1441.5,1618.5,1657.5
2024-06-04 03:00:00,1446.0,1,6,1657.5,1441.5,1446.0
2024-06-04 04:00:00,1383.0,1,6,1446.0,1657.5,1383.0
2024-06-04 05:00:00,1279.5,1,6,1383.0,1446.0,1279.5
2024-06-04 06:00:00,1236.0,1,6,1279.5,1383.0,1279.5
2024-06-04 07:00:00,862.5,1,6,1236.0,1279.5,1279.5
2024-06-04 08:00:00,577.5,1,6,862.5,1236.0,1279.5
2024-06-04 09:00:00,651.0,1,6,577.5,862.5,1279.5
2024-06-04 10:00:00,670.5,1,6,651.0,577.5,1279.5
2024-06-04 11:00:00,348.0,1,6,670.5,651.0,1279.5
2024-06-04 12:00:00,372.0,1,6,348.0,670.5,1279.5
2024-06-04 13:00:00,652.5,1,6,372.0,348.0,1279.5
2024-06-04 14:00:00,436.5,1,6,652.5,372.0,1279.5
2024-06-04 15:00:00,924.0,1,6,436.5,652.5,1279.5
2024-06-04 16:00:00,1377.0,1,6,924.0,436.5,1279.5
2024-06-04 17:00:00,1722.0,1,6,1377.0,924.0,1279.5
2024-06-04 18:00:00,1630.5,1,6,1722.0,1377.0,1279.5
2024-06-04 19:00:00,1653.0,1,6,1630.5,1722.0,1653.0
2024-06-04 20:00:00,1641.0,1,6,1653.0,1630.5,1641.0
2024-06-04 21:00:00,1776.0,1,6,1641.0,1653.0,1776.0
2024-06-04 22:00:00,1552.5,1,6,1776.0,1641.0,1552.5
2024-06-04 23:00:00,1654.5,1,6,1552.5,1776.0,1654.5
2024-06-05 00:00:00,1629.0,2,6,1654.5,1552.5,1629.0
2024-06-05 01:00:00,1483.5,2,6,1629.0,1654.5,1483.5
2024-06-05 02:00:00,1270.5,2,6,1483.5,1629.0,1270.5
2024-06-05 03:00:00,1354.5,2,6,1270.5,1483.5,1354.5
2024-06-05 04:00:00,1351.5,2,6,1354.5,1270.5,1351.5
2024-06-05 05:00:00,1525.5,2,6,1351.5,1354.5,1525.5
2024-06-05 06:00:00,1293.0,2,6,1525.5,1351.5,1525.5
2024-06-05 07:00:00,1312.5,2,6,1293.0,1525.5,1525.5
2024-06-05 08:00:00,672.0,2,6,1312.5,1293.0,1525.5
2024-06-05 09:00:00,525.0,2,6,672.0,1312.5,1525.5
2024-06-05 10:00:00,381.0,2,6,525.0,672.0,1525.5
2024-06-05 11:00:00,456.0,2,6,381.0,525.0,1525.5
2024-06-05 12:00:00,663.0,2,6,456.0,381.0,1525.5
2024-06-05 13:00:00,573.0,2,6,663.0,456.0,1525.5
2024-06-05 14:00:00,585.0,2,6,573.0,663.0,1525.5
2024-06-05 15:00:00,891.0,2,6,585.0,573.0,1525.5
2024-06-05 16:00:00,954.0,2,6,891.0,585.0,1525.5
2024-06-05 17:00:00,1234.5,2,6,954.0,891.0,1525.5
2024-06-05 18:00:00,1461.0,2,6,1234.5,954.0,1525.5
2024-06-05 19:00:00,1515.0,2,6,1461.0,1234.5,1515.0
2024-06-05 20:00:00,1497.0,2,6,1515.0,1461.0,1497.0
2024-06-05 21:00:00,1467.0,2,6,1497.0,1515.0,1467.0
2024-06-05 22:00:00,1480.5,2,6,1467.0,1497.0,1480.5
2024-06-05 23:00:00,1431.0,2,6,1480.5,1467.0,1431.0
2024-06-06 00:00:00,1407.0,3,6,1431.0,1480.5,1407.0
2024-06-06 01:00:00,1608.0,3,6,1407.0,1431.0,1608.0
2024-06-06 02:00:00,1650.0,3,6,1608.0,1407.0,1650.0
2024-06-06 03:00:00,1701.0,3,6,1650.0,1608.0,1701.0
2024-06-06 04:00:00,1450.5,3,6,1701.0,1650.0,1450.5
2024-06-06 05:00:00,1680.0,3,6,1450.5,1701.0,1680.0
2024-06-06 06:00:00,1330.5,3,6,1680.0,1450.5,1680.0
2024-06-06 07:00:00,1011.0,3,6,1330.5,1680.0,1680.0
2024-06-06 08:00:00,669.0,3,6,1011.0,1330.5,1680.0
2024-06-06 09:00:00,594.0,3,6,669.0,1011.0,1680.0
2024-06-06 10:00:00,393.0,3,6,594.0,669.0,1680.0
2024-06-06 11:00:00,676.5,3,6,393.0,594.0,1680.0
2024-06-06 12:00:00,846.0,3,6,676.5,393.0,1680.0
2024-06-06 13:00:00,883.5,3,6,846.0,676.5,1680.0
2024-06-06 14:00:00,979.5,3,6,883.5,846.0,1680.0
2024-06-06 15:00:00,859.5,3,6,979.5,883.5,1680.0
2024-06-06 16:00:00,1024.5,3,6,859.5,979.5,1680.0
2024-06-06 17:00:00,1453.5,3,6,1024.5,859.5,1680.0
2024-06-06 18:00:00,1678.5,3,6,1453.5,1024.5,1680.0
2024-06-06 19:00:00,1417.5,3,6,1678.5,1453.5,1417.5
2024-06-06 20:00:00,1450.5,3,6,1417.5,1678.5,1450.5
2024-06-06 21:00:00,1750.5,3,6,1450.5,1417.5,1750.5
2024-06-06 22:00:00,1389.0,3,6,1750.5,1450.5,1389.0
2024-06-06 23:00:00,1401.0,3,6,1389.0,1750.5,1401.0
2024-06-07 00:00:00,1401.0,4,6,1401.0,1389.0,1401.0
2024-06-07 01:00:00,1495.5,4,6,1401.0,1401.0,1495.5
2024-06-07 02:00:00,1473.0,4,6,1495.5,1401.0,1473.0
2024-06-07 03:00:00,1339.5,4,6,1473.0,1495.5,1339.5
2024-06-07 04:00:00,1314.0,4,6,1339.5,1473.0,1314.0
2024-06-07 05:00:00,1330.5,4,6,1314.0,1339.5,1330.5
2024-06-07 06:00:00,1389.0,4,6,1330.5,1314.0,1330.5
2024-06-07 07:00:00,1120.5,4,6,1389.0,1330.5,1330.5
2024-06-07 08:00:00,522.0,4,6,1120.5,1389.0,1330.5
2024-06-07 09:00:00,49.5,4,6,522.0,1120.5,1330.5
2024-06-07 10:00:00,481.5,4,6,49.5,522.0,1330.5
2024-06-07 11:00:00,229.5,4,6,481.5,49.5,1330.5
2024-06-07 12:00:00,742.5,4,6,229.5,481.5,1330.5
2024-06-07 13:00:00,706.5,4,6,742.5,229.5,1330.5
2024-06-07 14:00:00,604.5,4,6,706.5,742.5,1330.5
2024-06-07 15:00:00,304.5,4,6,604.5,706.5,1330.5
2024-06-07 16:00:00,501.0,4,6,304.5,604.5,1330.5
2024-06-07 17:00:00,729.0,4,6,501.0,304.5,1330.5
2024-06-07 18:00:00,964.5,4,6,729.0,501.0,1330.5
2024-06-07 19:00:00,973.5,4,6,964.5,729.0,973.5
2024-06-07 20:00:00,877.5,4,6,973.5,964.5,877.5
2024-06-07 21:00:00,661.5,4,6,877.5,973.5,661.5
2024-06-07 22:00:00,360.0,4,6,661.5,877.5,360.0
2024-06-07 23:00:00,360.0,4,6,360.0,661.5,360.0
2024-06-08 00:00:00,351.0,5,6,360.0,360.0,351.0
2024-06-08 01:00:00,327.0,5,6,351.0,360.0,327.0
2024-06-08 02:00:00,327.0,5,6,327.0,351.0,327.0
2024-06-08 03:00:00,339.0,5,6,327.0,327.0,339.0
2024-06-08 04:00:00,310.5,5,6,339.0,327.0,310.5
2024-06-08 05:00:00,240.0,5,6,310.5,339.0,240.0
2024-06-08 06:00:00,120.0,5,6,240.0,310.5,240.0
2024-06-08 07:00:00,7.5,5,6,120.0,240.0,240.0
2024-06-08 08:00:00,3.0,5,6,7.5,120.0,240.0
2024-06-08 09:00:00,7.5,5,6,3.0,7.5,240.0
2024-06-08 10:00:00,7.5,5,6,7.5,3.0,240.0
2024-06-08 11:00:00,7.5,5,6,7.5,7.5,240.0
2024-06-08 12:00:00,3.0,5,6,7.5,7.5,240.0
2024-06-08 13:00:00,6.0,5,6,3.0,7.5,240.0
2024-06-08 14:00:00,7.5,5,6,6.0,3.0,240.0
2024-06-08 15:00:00,9.0,5,6,7.5,6.0,240.0
2024-06-08 16:00:00,51.0,5,6,9.0,7.5,240.0
2024-06-08 17:00:00,66.0,5,6,51.0,9.0,240.0
2024-06-08 18:00:00,153.0,5,6,66.0,51.0,240.0
2024-06-08 19:00:00,169.5,5,6,153.0,66.0,169.5
2024-06-08 20:00:00,165.0,5,6,169.5,153.0,165.0
2024-06-08 21:00:00,171.0,5,6,165.0,169.5,171.0
2024-06-08 22:00:00,168.0,5,6,171.0,165.0,168.0
2024-06-08 23:00:00,168.0,5,6,168.0,171.0,168.0
2024-06-09 00:00:00,168.0,6,6,168.0,168.0,168.0
2024-06-09 01:00:00,153.0,6,6,168.0,168.0,153.0
2024-06-09 02:00:00,160.5,6,6,153.0,168.0,160.5
2024-06-09 03:00:00,153.0,6,6,160.5,153.0,153.0
2024-06-09 04:00:00,151.5,6,6,153.0,160.5,151.5
2024-06-09 05:00:00,142.5,6,6,151.5,153.0,142.5
2024-06-09 06:00:00,46.5,6,6,142.5,151.5,142.5
2024-06-09 07:00:00,4.5,6,6,46.5,142.5,142.5
2024-06-09 08:00:00,0.0,6,6,4.5,46.5,142.5
2024-06-09 09:00:00,3.0,6,6,0.0,4.5,142.5
2024-06-09 10:00:00,6.0,6,6,3.0,0.0,142.5
2024-06-09 11:00:00,6.0,6,6,6.0,3.0,142.5
2024-06-09 12:00:00,0.0,6,6,6.0,6.0,142.5
2024-06-09 13:00:00,6.0,6,6,0.0,6.0,142.5
2024-06-09 14:00:00,3.0,6,6,6.0,0.0,142.5
2024-06-09 15:00:00,45.0,6,6,3.0,6.0,142.5
2024-06-09 16:00:00,100.5,6,6,45.0,3.0,142.5
2024-06-09 17:00:00,147.0,6,6,100.5,45.0,142.5
2024-06-09 18:00:00,151.5,6,6,147.0,100.5,142.5
2024-06-09 19:00:00,147.0,6,6,151.5,147.0,147.0
2024-06-09 20:00:00,162.0,6,6,147.0,151.5,162.0
2024-06-09 21:00:00,165.0,6,6,162.0,147.0,165.0
2024-06-09 22:00:00,171.0,6,6,165.0,162.0,171.0
2024-06-09 23:00:00,171.0,6,6,171.0,165.0,171.0
2024-06-10 00:00:00,168.0,0,6,171.0,171.0,168.0
2024-06-10 01:00:00,153.0,0,6,168.0,171.0,153.0
2024-06-10 02:00:00,154.5,0,6,153.0,168.0,154.5
2024-06-10 03:00:00,150.0,0,6,154.5,153.0,150.0
2024-06-10 04:00:00,148.5,0,6,150.0,154.5,148.5
2024-06-10 05:00:00,145.5,0,6,148.5,150.0,145.5
2024-06-10 06:00:00,76.5,0,6,145.5,148.5,145.5
2024-06-10 07:00:00,9.0,0,6,76.5,145.5,145.5
2024-06-10 08:00:00,9.0,0,6,9.0,76.5,145.5
2024-06-10 09:00:00,16.5,0,6,9.0,9.0,145.5
2024-06-10 10:00:00,3.0,0,6,16.5,9.0,145.5
2024-06-10 11:00:00,6.0,0,6,3.0,16.5,145.5
2024-06-10 12:00:00,0.0,0,6,6.0,3.0,145.5
2024-06-10 13:00:00,6.0,0,6,0.0,6.0,145.5
2024-06-10 14:00:00,6.0,0,6,6.0,0.0,145.5
2024-06-10 15:00:00,138.0,0,6,6.0,6.0,145.5
2024-06-10 16:00:00,225.0,0,6,138.0,6.0,145.5
2024-06-10 17:00:00,139.5,0,6,225.0,138.0,145.5
2024-06-10 18:00:00,181.5,0,6,139.5,225.0,145.5
2024-06-10 19:00:00,196.5,0,6,181.5,139.5,196.5
2024-06-10 20:00:00,220.5,0,6,196.5,181.5,220.5
2024-06-10 21:00:00,180.0,0,6,220.5,196.5,180.0
2024-06-10 22:00:00,181.5,0,6,180.0,220.5,181.5
2024-06-10 23:00:00,181.5,0,6,181.5,180.0,181.5
2024-06-11 00:00:00,172.5,1,6,181.5,181.5,172.5
2024-06-11 01:00:00,168.0,1,6,172.5,181.5,168.0
2024-06-11 02:00:00,166.5,1,6,168.0,172.5,166.5
2024-06-11 03:00:00,165.0,1,6,166.5,168.0,165.0
2024-06-11 04:00:00,157.5,1,6,165.0,166.5,157.5
2024-06-11 05:00:00,133.5,1,6,157.5,165.0,133.5
2024-06-11 06:00:00,84.0,1,6,133.5,157.5,133.5
2024-06-11 07:00:00,1.5,1,6,84.0,133.5,133.5
2024-06-11 08:00:00,6.0,1,6,1.5,84.0,133.5
2024-06-11 09:00:00,7.5,1,6,6.0,1.5,133.5
2024-06-11 10:00:00,10.5,1,6,7.5,6.0,133.5
2024-06-11 11:00:00,6.0,1,6,10.5,7.5,133.5
2024-06-11 12:00:00,0.0,1,6,6.0,10.5,133.5
2024-06-11 13:00:00,10.5,1,6,0.0,6.0,133.5
2024-06-11 14:00:00,6.0,1,6,10.5,0.0,133.5
2024-06-11 15:00:00,15.0,1,6,6.0,10.5,133.5
2024-06-11 16:00:00,90.0,1,6,15.0,6.0,133.5
2024-06-11 17:00:00,61.5,1,6,90.0,15.0,133.5
2024-06-11 18:00:00,178.5,1,6,61.5,90.0,133.5
2024-06-11 19:00:00,175.5,1,6,178.5,61.5,175.5
2024-06-11 20:00:00,180.0,1,6,175.5,178.5,180.0
2024-06-11 21:00:00,163.5,1,6,180.0,175.5,163.5
2024-06-11 22:00:00,157.5,1,6,163.5,180.0,157.5
2024-06-11 23:00:00,190.5,1,6,157.5,163.5,190.5
2024-06-12 00:00:00,174.0,2,6,190.5,157.5,174.0
2024-06-12 01:00:00,166.5,2,6,174.0,190.5,166.5
2024-06-12 02:00:00,171.0,2,6,166.5,174.0,171.0
2024-06-12 03:00:00,168.0,2,6,171.0,166.5,168.0
2024-06-12 04:00:00,157.5,2,6,168.0,171.0,157.5
2024-06-12 05:00:00,154.5,2,6,157.5,168.0,154.5
2024-06-12 06:00:00,100.5,2,6,154.5,157.5,154.5
2024-06-12 07:00:00,19.5,2,6,100.5,154.5,154.5
2024-06-12 08:00:00,16.5,2,6,19.5,100.5,154.5
2024-06-12 09:00:00,7.5,2,6,16.5,19.5,154.5
2024-06-12 10:00:00,4.5,2,6,7.5,16.5,154.5
2024-06-12 11:00:00,7.5,2,6,4.5,7.5,154.5
2024-06-12 12:00:00,24.0,2,6,7.5,4.5,154.5
2024-06-12 13:00:00,168.0,2,6,24.0,7.5,154.5
2024-06-12 14:00:00,180.0,2,6,168.0,24.0,154.5
2024-06-12 15:00:00,186.0,2,6,180.0,168.0,154.5
2024-06-12 16:00:00,174.0,2,6,186.0,180.0,154.5
2024-06-12 17:00:00,105.0,2,6,174.0,186.0,154.5
2024-06-12 18:00:00,160.5,2,6,105.0,174.0,154.5
2024-06-12 19:00:00,163.5,2,6,160.5,105.0,163.5
2024-06-12 20:00:00,187.5,2,6,163.5,160.5,187.5
2024-06-12 21:00:00,189.0,2,6,187.5,163.5,189.0
2024-06-12 22:00:00,189.0,2,6,189.0,187.5,189.0
2024-06-12 23:00:00,189.0,2,6,189.0,189.0,189.0
2024-06-13 00:00:00,150.0,3,6,189.0,189.0,150.0
2024-06-13 01:00:00,151.5,3,6,150.0,189.0,151.5
2024-06-13 02:00:00,150.0,3,6,151.5,150.0,150.0
2024-06-13 03:00:00,156.0,3,6,150.0,151.5,156.0
2024-06-13 04:00:00,160.5,3,6,156.0,150.0,160.5
2024-06-13 05:00:00,165.0,3,6,160.5,156.0,165.0
2024-06-13 06:00:00,150.0,3,6,165.0,160.5,165.0
2024-06-13 07:00:00,132.0,3,6,150.0,165.0,165.0
2024-06-13 08:00:00,183.0,3,6,132.0,150.0,165.0
2024-06-13 09:00:00,198.0,3,6,183.0,132.0,165.0
2024-06-13 10:00:00,183.0,3,6,198.0,183.0,165.0
2024-06-13 11:00:00,168.0,3,6,183.0,198.0,165.0
2024-06-13 12:00:00,171.0,3,6,168.0,183.0,165.0
2024-06-13 13:00:00,205.5,3,6,171.0,168.0,165.0
2024-06-13 14:00:00,204.0,3,6,205.5,171.0,165.0
2024-06-13 15:00:00,234.0,3,6,204.0,205.5,165.0
2024-06-13 16:00:00,202.5,3,6,234.0,204.0,165.0
2024-06-13 17:00:00,138.0,3,6,202.5,234.0,165.0
2024-06-13 18:00:00,151.5,3,6,138.0,202.5,165.0
2024-06-13 19:00:00,159.0,3,6,151.5,138.0,159.0
2024-06-13 20:00:00,180.0,3,6,159.0,151.5,180.0
2024-06-13 21:00:00,163.5,3,6,180.0,159.0,163.5
2024-06-13 22:00:00,153.0,3,6,163.5,180.0,153.0
2024-06-13 23:00:00,165.0,3,6,153.0,163.5,165.0
2024-06-14 00:00:00,141.0,4,6,165.0,153.0,141.0
2024-06-14 01:00:00,145.5,4,6,141.0,165.0,145.5
2024-06-14 02:00:00,144.0,4,6,145.5,141.0,144.0
2024-06-14 03:00:00,150.0,4,6,144.0,145.5,150.0
2024-06-14 04:00:00,159.0,4,6,150.0,144.0,159.0
2024-06-14 05:00:00,139.5,4,6,159.0,150.0,139.5
2024-06-14 06:00:00,157.5,4,6,139.5,159.0,139.5
2024-06-14 07:00:00,129.0,4,6,157.5,139.5,139.5
2024-06-14 08:00:00,288.0,4,6,129.0,157.5,139.5
2024-06-14 09:00:00,354.0,4,6,288.0,129.0,139.5
2024-06-14 10:00:00,252.0,4,6,354.0,288.0,139.5
2024-06-14 11:00:00,243.0,4,6,252.0,354.0,139.5
2024-06-14 12:00:00,249.0,4,6,243.0,252.0,139.5
2024-06-14 13:00:00,322.5,4,6,249.0,243.0,139.5
2024-06-14 14:00:00,319.5,4,6,322.5,249.0,139.5
2024-06-14 15:00:00,286.5,4,6,319.5,322.5,139.5
2024-06-14 16:00:00,228.0,4,6,286.5,319.5,139.5
2024-06-14 17:00:00,184.5,4,6,228.0,286.5,139.5
2024-06-14 18:00:00,211.5,4,6,184.5,228.0,139.5
2024-06-14 19:00:00,168.0,4,6,211.5,184.5,168.0
2024-06-14 20:00:00,169.5,4,6,168.0,211.5,169.5
2024-06-14 21:00:00,177.0,4,6,169.5,168.0,177.0
2024-06-14 22:00:00,187.5,4,6,177.0,169.5,187.5
2024-06-14 23:00:00,181.5,4,6,187.5,177.0,181.5
2024-06-15 00:00:00,163.5,5,6,181.5,187.5,163.5
2024-06-15 01:00:00,163.5,5,6,163.5,181.5,163.5
2024-06-15 02:00:00,172.5,5,6,163.5,163.5,172.5
2024-06-15 03:00:00,177.0,5,6,172.5,163.5,177.0
2024-06-15 04:00:00,174.0,5,6,177.0,172.5,174.0
2024-06-15 05:00:00,144.0,5,6,174.0,177.0,144.0
2024-06-15 06:00:00,130.5,5,6,144.0,174.0,144.0
2024-06-15 07:00:00,129.0,5,6,130.5,144.0,144.0
2024-06-15 08:00:00,262.5,5,6,129.0,130.5,144.0
2024-06-15 09:00:00,265.5,5,6,262.5,129.0,144.0
2024-06-15 10:00:00,268.5,5,6,265.5,262.5,144.0
2024-06-15 11:00:00,265.5,5,6,268.5,265.5,144.0
2024-06-15 12:00:00,250.5,5,6,265.5,268.5,144.0
2024-06-15 13:00:00,264.0,5,6,250.5,265.5,144.0
2024-06-15 14:00:00,297.0,5,6,264.0,250.5,144.0
2024-06-15 15:00:00,345.0,5,6,297.0,264.0,144.0
2024-06-15 16:00:00,283.5,5,6,345.0,297.0,144.0
2024-06-15 17:00:00,132.0,5,6,283.5,345.0,144.0
2024-06-15 18:00:00,198.0,5,6,132.0,283.5,144.0
2024-06-15 19:00:00,196.5,5,6,198.0,132.0,196.5
2024-06-15 20:00:00,193.5,5,6,196.5,198.0,193.5
2024-06-15 21:00:00,199.5,5,6,193.5,196.5,199.5
2024-06-15 22:00:00,168.0,5,6,199.5,193.5,168.0
2024-06-15 23:00:00,147.0,5,6,168.0,199.5,147.0
2024-06-16 00:00:00,136.5,6,6,147.0,168.0,136.5
2024-06-16 01:00:00,133.5,6,6,136.5,147.0,133.5
2024-06-16 02:00:00,139.5,6,6,133.5,136.5,139.5
2024-06-16 03:00:00,147.0,6,6,139.5,133.5,147.0
2024-06-16 04:00:00,126.0,6,6,147.0,139.5,126.0
2024-06-16 05:00:00,111.0,6,6,126.0,147.0,111.0
2024-06-16 06:00:00,180.0,6,6,111.0,126.0,111.0
2024-06-16 07:00:00,159.0,6,6,180.0,111.0,111.0
2024-06-16 08:00:00,298.5,6,6,159.0,180.0,111.0
2024-06-16 09:00:00,294.0,6,6,298.5,159.0,111.0
2024-06-16 10:00:00,282.0,6,6,294.0,298.5,111.0
2024-06-16 11:00:00,337.5,6,6,282.0,294.0,111.0
2024-06-16 12:00:00,316.5,6,6,337.5,282.0,111.0
2024-06-16 13:00:00,303.0,6,6,316.5,337.5,111.0
2024-06-16 14:00:00,318.0,6,6,303.0,316.5,111.0
2024-06-16 15:00:00,246.0,6,6,318.0,303.0,111.0
2024-06-16 16:00:00,166.5,6,6,246.0,318.0,111.0
2024-06-16 17:00:00,195.0,6,6,166.5,246.0,111.0
2024-06-16 18:00:00,403.5,6,6,195.0,166.5,111.0
2024-06-16 19:00:00,552.0,6,6,403.5,195.0,552.0
2024-06-16 20:00:00,1669.5,6,6,552.0,403.5,1669.5
2024-06-16 21:00:00,3082.5,6,6,1669.5,552.0,3082.5
2024-06-16 22:00:00,3535.5,6,6,3082.5,1669.5,3535.5
2024-06-16 23:00:00,3817.5,6,6,3535.5,3082.5,3817.5
2024-06-17 00:00:00,4300.5,0,6,3817.5,3535.5,4300.5
2024-06-17 01:00:00,3957.0,0,6,4300.5,3817.5,3957.0
2024-06-17 02:00:00,3852.0,0,6,3957.0,4300.5,3852.0
2024-06-17 03:00:00,3823.5,0,6,3852.0,3957.0,3823.5
2024-06-17 04:00:00,2881.5,0,6,3823.5,3852.0,2881.5
2024-06-17 05:00:00,2232.0,0,6,2881.5,3823.5,2232.0
2024-06-17 06:00:00,1977.0,0,6,2232.0,2881.5,2232.0
2024-06-17 07:00:00,1422.0,0,6,1977.0,2232.0,2232.0
2024-06-17 08:00:00,3157.5,0,6,1422.0,1977.0,2232.0
2024-06-17 09:00:00,3385.5,0,6,3157.5,1422.0,2232.0
2024-06-17 10:00:00,2128.5,0,6,3385.5,3157.5,2232.0
2024-06-17 11:00:00,1513.5,0,6,2128.5,3385.5,2232.0
2024-06-17 12:00:00,1927.5,0,6,1513.5,2128.5,2232.0
2024-06-17 13:00:00,2364.0,0,6,1927.5,1513.5,2232.0
2024-06-17 14:00:00,1896.0,0,6,2364.0,1927.5,2232.0
2024-06-17 15:00:00,2616.0,0,6,1896.0,2364.0,2232.0
2024-06-17 16:00:00,3849.0,0,6,2616.0,1896.0,2232.0
2024-06-17 17:00:00,4434.0,0,6,3849.0,2616.0,2232.0
2024-06-17 18:00:00,3880.5,0,6,4434.0,3849.0,2232.0
2024-06-17 19:00:00,3747.0,0,6,3880.5,4434.0,3747.0
2024-06-17 20:00:00,4066.5,0,6,3747.0,3880.5,4066.5
2024-06-17 21:00:00,4368.0,0,6,4066.5,3747.0,4368.0
2024-06-17 22:00:00,4612.5,0,6,4368.0,4066.5,4612.5
2024-06-17 23:00:00,4309.5,0,6,4612.5,4368.0,4309.5
2024-06-18 00:00:00,3931.5,1,6,4309.5,4612.5,3931.5
2024-06-18 01:00:00,4321.5,1,6,3931.5,4309.5,4321.5
2024-06-18 02:00:00,4074.0,1,6,4321.5,3931.5,4074.0
2024-06-18 03:00:00,3828.0,1,6,4074.0,4321.5,3828.0
2024-06-18 04:00:00,4474.5,1,6,3828.0,4074.0,4474.5
2024-06-18 05:00:00,4540.5,1,6,4474.5,3828.0,4540.5
2024-06-18 06:00:00,4536.0,1,6,4540.5,4474.5,4540.5
2024-06-18 07:00:00,4045.5,1,6,4536.0,4540.5,4540.5
2024-06-18 08:00:00,2698.5,1,6,4045.5,4536.0,4540.5
2024-06-18 09:00:00,2935.5,1,6,2698.5,4045.5,4540.5
2024-06-18 10:00:00,2233.5,1,6,2935.5,2698.5,4540.5
2024-06-18 11:00:00,1657.5,1,6,2233.5,2935.5,4540.5
2024-06-18 12:00:00,1714.5,1,6,1657.5,2233.5,4540.5
2024-06-18 13:00:00,2715.0,1,6,1714.5,1657.5,4540.5
2024-06-18 14:00:00,2214.0,1,6,2715.0,1714.5,4540.5
2024-06-18 15:00:00,3234.0,1,6,2214.0,2715.0,4540.5
2024-06-18 16:00:00,3039.0,1,6,3234.0,2214.0,4540.5
2024-06-18 17:00:00,3810.0,1,6,3039.0,3234.0,4540.5
2024-06-18 18:00:00,4174.5,1,6,3810.0,3039.0,4540.5
2024-06-18 19:00:00,4039.5,1,6,4174.5,3810.0,4039.5
2024-06-18 20:00:00,4845.0,1,6,4039.5,4174.5,4845.0
2024-06-18 21:00:00,4887.0,1,6,4845.0,4039.5,4887.0
2024-06-18 22:00:00,4702.5,1,6,4887.0,4845.0,4702.5
2024-06-18 23:00:00,4360.5,1,6,4702.5,4887.0,4360.5
2024-06-19 00:00:00,4215.0,2,6,4360.5,4702.5,4215.0
2024-06-19 01:00:00,4791.0,2,6,4215.0,4360.5,4791.0
2024-06-19 02:00:00,4600.5,2,6,4791.0,4215.0,4600.5
2024-06-19 03:00:00,4803.0,2,6,4600.5,4791.0,4803.0
2024-06-19 04:00:00,4680.0,2,6,4803.0,4600.5,4680.0
2024-06-19 05:00:00,4441.5,2,6,4680.0,4803.0,4441.5
2024-06-19 06:00:00,3981.0,2,6,4441.5,4680.0,4441.5
2024-06-19 07:00:00,3804.0,2,6,3981.0,4441.5,4441.5
2024-06-19 08:00:00,2887.5,2,6,3804.0,3981.0,4441.5
2024-06-19 09:00:00,2317.5,2,6,2887.5,3804.0,4441.5
2024-06-19 10:00:00,2196.0,2,6,2317.5,2887.5,4441.5
2024-06-19 11:00:00,2365.5,2,6,2196.0,2317.5,4441.5
2024-06-19 12:00:00,2059.5,2,6,2365.5,2196.0,4441.5
2024-06-19 13:00:00,1758.0,2,6,2059.5,2365.5,4441.5
2024-06-19 14:00:00,1930.5,2,6,1758.0,2059.5,4441.5
2024-06-19 15:00:00,2439.0,2,6,1930.5,1758.0,4441.5
2024-06-19 16:00:00,3316.5,2,6,2439.0,1930.5,4441.5
2024-06-19 17:00:00,4422.0,2,6,3316.5,2439.0,4441.5
2024-06-19 18:00:00,4561.5,2,6,4422.0,3316.5,4441.5
2024-06-19 19:00:00,4765.5,2,6,4561.5,4422.0,4765.5
2024-06-19 20:00:00,4777.5,2,6,4765.5,4561.5,4777.5
2024-06-19 21:00:00,4753.5,2,6,4777.5,4765.5,4753.5
2024-06-19 22:00:00,4641.0,2,6,4753.5,4777.5,4641.0
2024-06-19 23:00:00,4678.5,2,6,4641.0,4753.5,4678.5
2024-06-20 00:00:00,4758.0,3,6,4678.5,4641.0,4758.0
2024-06-20 01:00:00,4506.0,3,6,4758.0,4678.5,4506.0
2024-06-20 02:00:00,4456.5,3,6,4506.0,4758.0,4456.5
2024-06-20 03:00:00,4603.5,3,6,4456.5,4506.0,4603.5
2024-06-20 04:00:00,4536.0,3,6,4603.5,4456.5,4536.0
2024-06-20 05:00:00,4555.5,3,6,4536.0,4603.5,4555.5
2024-06-20 06:00:00,4188.0,3,6,4555.5,4536.0,4555.5
2024-06-20 07:00:00,3723.0,3,6,4188.0,4555.5,4555.5
2024-06-20 08:00:00,3103.5,3,6,3723.0,4188.0,4555.5
2024-06-20 09:00:00,2416.5,3,6,3103.5,3723.0,4555.5
2024-06-20 10:00:00,2401.5,3,6,2416.5,3103.5,4555.5
2024-06-20 11:00:00,2128.5,3,6,2401.5,2416.5,4555.5
2024-06-20 12:00:00,2127.0,3,6,2128.5,2401.5,4555.5
2024-06-20 13:00:00,2173.5,3,6,2127.0,2128.5,4555.5
2024-06-20 14:00:00,2494.5,3,6,2173.5,2127.0,4555.5
2024-06-20 15:00:00,2950.5,3,6,2494.5,2173.5,4555.5
2024-06-20 16:00:00,3552.0,3,6,2950.5,2494.5,4555.5
2024-06-20 17:00:00,3672.0,3,6,3552.0,2950.5,4555.5
2024-06-20 18:00:00,3927.0,3,6,3672.0,3552.0,4555.5
2024-06-20 19:00:00,4261.5,3,6,3927.0,3672.0,4261.5
2024-06-20 20:00:00,3765.0,3,6,4261.5,3927.0,3765.0
2024-06-20 21:00:00,4462.5,3,6,3765.0,4261.5,4462.5
2024-06-20 22:00:00,4158.0,3,6,4462.5,3765.0,4158.0
2024-06-20 23:00:00,4585.5,3,6,4158.0,4462.5,4585.5
2024-06-21 00:00:00,4303.5,4,6,4585.5,4158.0,4303.5
2024-06-21 01:00:00,3753.0,4,6,4303.5,4585.5,3753.0
2024-06-21 02:00:00,4399.5,4,6,3753.0,4303.5,4399.5
2024-06-21 03:00:00,4288.5,4,6,4399.5,3753.0,4288.5
2024-06-21 04:00:00,3672.0,4,6,4288.5,4399.5,3672.0
2024-06-21 05:00:00,4101.0,4,6,3672.0,4288.5,4101.0
2024-06-21 06:00:00,3441.0,4,6,4101.0,3672.0,4101.0
2024-06-21 07:00:00,2362.5,4,6,3441.0,4101.0,4101.0
2024-06-21 08:00:00,1546.5,4,6,2362.5,3441.0,4101.0
2024-06-21 09:00:00,1629.0,4,6,1546.5,2362.5,4101.0
2024-06-21 10:00:00,1537.5,4,6,1629.0,1546.5,4101.0
2024-06-21 11:00:00,1836.0,4,6,1537.5,1629.0,4101.0
2024-06-21 12:00:00,1392.0,4,6,1836.0,1537.5,4101.0
2024-06-21 13:00:00,2004.0,4,6,1392.0,1836.0,4101.0
2024-06-21 14:00:00,2343.0,4,6,2004.0,1392.0,4101.0
2024-06-21 15:00:00,2382.0,4,6,2343.0,2004.0,4101.0
2024-06-21 16:00:00,2533.5,4,6,2382.0,2343.0,4101.0
2024-06-21 17:00:00,2596.5,4,6,2533.5,2382.0,4101.0
2024-06-21 18:00:00,2649.0,4,6,2596.5,2533.5,4101.0
2024-06-21 19:00:00,2764.5,4,6,2649.0,2596.5,2764.5
2024-06-21 20:00:00,2365.5,4,6,2764.5,2649.0,2365.5
2024-06-21 21:00:00,2824.5,4,6,2365.5,2764.5,2824.5
2024-06-21 22:00:00,2887.5,4,6,2824.5,2365.5,2887.5
2024-06-21 23:00:00,2727.0,4,6,2887.5,2824.5,2727.0
2024-06-22 00:00:00,2671.5,5,6,2727.0,2887.5,2671.5
2024-06-22 01:00:00,2163.0,5,6,2671.5,2727.0,2163.0
2024-06-22 02:00:00,2550.0,5,6,2163.0,2671.5,2550.0
2024-06-22 03:00:00,2760.0,5,6,2550.0,2163.0,2760.0
2024-06-22 04:00:00,2686.5,5,6,2760.0,2550.0,2686.5
2024-06-22 05:00:00,2877.0,5,6,2686.5,2760.0,2877.0
2024-06-22 06:00:00,2745.0,5,6,2877.0,2686.5,2877.0
2024-06-22 07:00:00,2583.0,5,6,2745.0,2877.0,2877.0
2024-06-22 08:00:00,2245.5,5,6,2583.0,2745.0,2877.0
2024-06-22 09:00:00,2286.0,5,6,2245.5,2583.0,2877.0
2024-06-22 10:00:00,1879.5,5,6,2286.0,2245.5,2877.0
2024-06-22 11:00:00,1996.5,5,6,1879.5,2286.0,2877.0
2024-06-22 12:00:00,2139.0,5,6,1996.5,1879.5,2877.0
2024-06-22 13:00:00,1870.5,5,6,2139.0,1996.5,2877.0
2024-06-22 14:00:00,2589.0,5,6,1870.5,2139.0,2877.0
2024-06-22 15:00:00,2677.5,5,6,2589.0,1870.5,2877.0
2024-06-22 16:00:00,2544.0,5,6,2677.5,2589.0,2877.0
2024-06-22 17:00:00,2526.0,5,6,2544.0,2677.5,2877.0
2024-06-22 18:00:00,2595.0,5,6,2526.0,2544.0,2877.0
2024-06-22 19:00:00,2355.0,5,6,2595.0,2526.0,2355.0
2024-06-22 20:00:00,2680.5,5,6,2355.0,2595.0,2680.5
2024-06-22 21:00:00,2607.0,5,6,2680.5,2355.0,2607.0
2024-06-22 22:00:00,2658.0,5,6,2607.0,2680.5,2658.0
2024-06-22 23:00:00,1495.5,5,6,2658.0,2607.0,1495.5
2024-06-23 00:00:00,1197.0,6,6,1495.5,2658.0,1197.0
2024-06-23 01:00:00,876.0,6,6,1197.0,1495.5,876.0
2024-06-23 02:00:00,2506.5,6,6,876.0,1197.0,2506.5
2024-06-23 03:00:00,2272.5,6,6,2506.5,876.0,2272.5
2024-06-23 04:00:00,2850.0,6,6,2272.5,2506.5,2850.0
2024-06-23 05:00:00,2022.0,6,6,2850.0,2272.5,2022.0
2024-06-23 06:00:00,1161.0,6,6,2022.0,2850.0,2022.0
2024-06-23 07:00:00,1092.0,6,6,1161.0,2022.0,2022.0
2024-06-23 08:00:00,2517.0,6,6,1092.0,1161.0,2022.0
2024-06-23 09:00:00,3534.0,6,6,2517.0,1092.0,2022.0
2024-06-23 10:00:00,3703.5,6,6,3534.0,2517.0,2022.0
2024-06-23 11:00:00,4056.0,6,6,3703.5,3534.0,2022.0
2024-06-23 12:00:00,4429.5,6,6,4056.0,3703.5,2022.0
2024-06-23 13:00:00,4506.0,6,6,4429.5,4056.0,2022.0
2024-06-23 14:00:00,4426.5,6,6,4506.0,4429.5,2022.0
2024-06-23 15:00:00,3802.5,6,6,4426.5,4506.0,2022.0
2024-06-23 16:00:00,4143.0,6,6,3802.5,4426.5,2022.0
2024-06-23 17:00:00,4353.0,6,6,4143.0,3802.5,2022.0
2024-06-23 18:00:00,4470.0,6,6,4353.0,4143.0,2022.0
2024-06-23 19:00:00,4501.5,6,6,4470.0,4353.0,4501.5
2024-06-23 20:00:00,4420.5,6,6,4501.5,4470.0,4420.5
2024-06-23 21:00:00,4327.5,6,6,4420.5,4501.5,4327.5
2024-06-23 22:00:00,4386.0,6,6,4327.5,4420.5,4386.0
2024-06-23 23:00:00,4326.0,6,6,4386.0,4327.5,4326.0
2024-06-24 00:00:00,4081.5,0,6,4326.0,4386.0,4081.5
2024-06-24 01:00:00,2895.0,0,6,4081.5,4326.0,2895.0
2024-06-24 02:00:00,2806.5,0,6,2895.0,4081.5,2806.5
2024-06-24 03:00:00,2779.5,0,6,2806.5,2895.0,2779.5
2024-06-24 04:00:00,2520.0,0,6,2779.5,2806.5,2520.0
2024-06-24 05:00:00,2662.5,0,6,2520.0,2779.5,2662.5
2024-06-24 06:00:00,2581.5,0,6,2662.5,2520.0,2662.5
2024-06-24 07:00:00,1852.5,0,6,2581.5,2662.5,2662.5
2024-06-24 08:00:00,1642.5,0,6,1852.5,2581.5,2662.5
2024-06-24 09:00:00,1131.0,0,6,1642.5,1852.5,2662.5
2024-06-24 10:00:00,1153.5,0,6,1131.0,1642.5,2662.5
2024-06-24 11:00:00,952.5,0,6,1153.5,1131.0,2662.5
2024-06-24 12:00:00,933.0,0,6,952.5,1153.5,2662.5
2024-06-24 13:00:00,1137.0,0,6,933.0,952.5,2662.5
2024-06-24 14:00:00,1384.5,0,6,1137.0,933.0,2662.5
2024-06-24 15:00:00,1323.0,0,6,1384.5,1137.0,2662.5
2024-06-24 16:00:00,1375.5,0,6,1323.0,1384.5,2662.5
2024-06-24 17:00:00,1398.0,0,6,1375.5,1323.0,2662.5
2024-06-24 18:00:00,1822.5,0,6,1398.0,1375.5,2662.5
2024-06-24 19:00:00,1983.0,0,6,1822.5,1398.0,1983.0
2024-06-24 20:00:00,1686.0,0,6,1983.0,1822.5,1686.0
2024-06-24 21:00:00,1956.0,0,6,1686.0,1983.0,1956.0
2024-06-24 22:00:00,1788.0,0,6,1956.0,1686.0,1788.0
2024-06-24 23:00:00,1941.0,0,6,1788.0,1956.0,1941.0
2024-06-25 00:00:00,1834.5,1,6,1941.0,1788.0,1834.5
2024-06-25 01:00:00,1878.0,1,6,1834.5,1941.0,1878.0
2024-06-25 02:00:00,1836.0,1,6,1878.0,1834.5,1836.0
2024-06-25 03:00:00,1648.5,1,6,1836.0,1878.0,1648.5
2024-06-25 04:00:00,1704.0,1,6,1648.5,1836.0,1704.0
2024-06-25 05:00:00,2013.0,1,6,1704.0,1648.5,2013.0
2024-06-25 06:00:00,1833.0,1,6,2013.0,1704.0,2013.0
2024-06-25 07:00:00,1423.5,1,6,1833.0,2013.0,2013.0
2024-06-25 08:00:00,1320.0,1,6,1423.5,1833.0,2013.0
2024-06-25 09:00:00,1129.5,1,6,1320.0,1423.5,2013.0
2024-06-25 10:00:00,1054.5,1,6,1129.5,1320.0,2013.0
2024-06-25 11:00:00,1228.5,1,6,1054.5,1129.5,2013.0
2024-06-25 12:00:00,844.5,1,6,1228.5,1054.5,2013.0
2024-06-25 13:00:00,481.5,1,6,844.5,1228.5,2013.0
2024-06-25 14:00:00,1189.5,1,6,481.5,844.5,2013.0
2024-06-25 15:00:00,1569.0,1,6,1189.5,481.5,2013.0
2024-06-25 16:00:00,1563.0,1,6,1569.0,1189.5,2013.0
2024-06-25 17:00:00,1828.5,1,6,1563.0,1569.0,2013.0
2024-06-25 18:00:00,1897.5,1,6,1828.5,1563.0,2013.0
2024-06-25 19:00:00,1837.5,1,6,1897.5,1828.5,1837.5
2024-06-25 20:00:00,1690.5,1,6,1837.5,1897.5,1690.5
2024-06-25 21:00:00,2004.0,1,6,1690.5,1837.5,2004.0
2024-06-25 22:00:00,1660.5,1,6,2004.0,1690.5,1660.5
2024-06-25 23:00:00,1152.0,1,6,1660.5,2004.0,1152.0
2024-06-26 00:00:00,1147.5,2,6,1152.0,1660.5,1147.5
2024-06-26 01:00:00,1111.5,2,6,1147.5,1152.0,1111.5
2024-06-26 02:00:00,1122.0,2,6,1111.5,1147.5,1122.0
2024-06-26 03:00:00,1087.5,2,6,1122.0,1111.5,1087.5
2024-06-26 04:00:00,1063.5,2,6,1087.5,1122.0,1063.5
2024-06-26 05:00:00,1051.5,2,6,1063.5,1087.5,1051.5
2024-06-26 06:00:00,882.0,2,6,1051.5,1063.5,1051.5
2024-06-26 07:00:00,394.5,2,6,882.0,1051.5,1051.5
2024-06-26 08:00:00,7.5,2,6,394.5,882.0,1051.5
2024-06-26 09:00:00,9.0,2,6,7.5,394.5,1051.5
2024-06-26 10:00:00,18.0,2,6,9.0,7.5,1051.5
2024-06-26 11:00:00,4.5,2,6,18.0,9.0,1051.5
2024-06-26 12:00:00,12.0,2,6,4.5,18.0,1051.5
2024-06-26 13:00:00,9.0,2,6,12.0,4.5,1051.5
2024-06-26 14:00:00,16.5,2,6,9.0,12.0,1051.5
2024-06-26 15:00:00,108.0,2,6,16.5,9.0,1051.5
2024-06-26 16:00:00,12.0,2,6,108.0,16.5,1051.5
2024-06-26 17:00:00,87.0,2,6,12.0,108.0,1051.5
2024-06-26 18:00:00,160.5,2,6,87.0,12.0,1051.5
2024-06-26 19:00:00,187.5,2,6,160.5,87.0,187.5
2024-06-26 20:00:00,178.5,2,6,187.5,160.5,178.5
2024-06-26 21:00:00,168.0,2,6,178.5,187.5,168.0
2024-06-26 22:00:00,177.0,2,6,168.0,178.5,177.0
2024-06-26 23:00:00,183.0,2,6,177.0,168.0,183.0
2024-06-27 00:00:00,181.5,3,6,183.0,177.0,181.5
2024-06-27 01:00:00,172.5,3,6,181.5,183.0,172.5
2024-06-27 02:00:00,166.5,3,6,172.5,181.5,166.5
2024-06-27 03:00:00,174.0,3,6,166.5,172.5,174.0
2024-06-27 04:00:00,171.0,3,6,174.0,166.5,171.0
2024-06-27 05:00:00,162.0,3,6,171.0,174.0,162.0
2024-06-27 06:00:00,78.0,3,6,162.0,171.0,162.0
2024-06-27 07:00:00,1.5,3,6,78.0,162.0,162.0
2024-06-27 08:00:00,13.5,3,6,1.5,78.0,162.0
2024-06-27 09:00:00,15.0,3,6,13.5,1.5,162.0
2024-06-27 10:00:00,13.5,3,6,15.0,13.5,162.0
2024-06-27 11:00:00,10.5,3,6,13.5,15.0,162.0
2024-06-27 12:00:00,0.0,3,6,10.5,13.5,162.0
2024-06-27 13:00:00,18.0,3,6,0.0,10.5,162.0
2024-06-27 14:00:00,7.5,3,6,18.0,0.0,162.0
2024-06-27 15:00:00,114.0,3,6,7.5,18.0,162.0
2024-06-27 16:00:00,64.5,3,6,114.0,7.5,162.0
2024-06-27 17:00:00,58.5,3,6,64.5,114.0,162.0
2024-06-27 18:00:00,135.0,3,6,58.5,64.5,162.0
2024-06-27 19:00:00,174.0,3,6,135.0,58.5,174.0
2024-06-27 20:00:00,187.5,3,6,174.0,135.0,187.5
2024-06-27 21:00:00,195.0,3,6,187.5,174.0,195.0
2024-06-27 22:00:00,187.5,3,6,195.0,187.5,187.5
2024-06-27 23:00:00,187.5,3,6,187.5,195.0,187.5
2024-06-28 00:00:00,201.0,4,6,187.5,187.5,201.0
2024-06-28 01:00:00,181.5,4,6,201.0,187.5,181.5
2024-06-28 02:00:00,174.0,4,6,181.5,201.0,174.0
2024-06-28 03:00:00,190.5,4,6,174.0,181.5,190.5
2024-06-28 04:00:00,175.5,4,6,190.5,174.0,175.5
2024-06-28 05:00:00,154.5,4,6,175.5,190.5,154.5
2024-06-28 06:00:00,45.0,4,6,154.5,175.5,154.5
2024-06-28 07:00:00,1.5,4,6,45.0,154.5,154.5
2024-06-28 08:00:00,12.0,4,6,1.5,45.0,154.5
2024-06-28 09:00:00,0.0,4,6,12.0,1.5,154.5
2024-06-28 10:00:00,3.0,4,6,0.0,12.0,154.5
2024-06-28 11:00:00,40.5,4,6,3.0,0.0,154.5
2024-06-28 12:00:00,24.0,4,6,40.5,3.0,154.5
2024-06-28 13:00:00,34.5,4,6,24.0,40.5,154.5
2024-06-28 14:00:00,156.0,4,6,34.5,24.0,154.5
2024-06-28 15:00:00,142.5,4,6,156.0,34.5,154.5
2024-06-28 16:00:00,70.5,4,6,142.5,156.0,154.5
2024-06-28 17:00:00,4.5,4,6,70.5,142.5,154.5
2024-06-28 18:00:00,109.5,4,6,4.5,70.5,154.5
2024-06-28 19:00:00,201.0,4,6,109.5,4.5,201.0
2024-06-28 20:00:00,987.0,4,6,201.0,109.5,987.0
2024-06-28 21:00:00,2328.0,4,6,987.0,201.0,2328.0
2024-06-28 22:00:00,2601.0,4,6,2328.0,987.0,2601.0
2024-06-28 23:00:00,2728.5,4,6,2601.0,2328.0,2728.5
2024-06-29 00:00:00,2634.0,5,6,2728.5,2601.0,2634.0
2024-06-29 01:00:00,2559.0,5,6,2634.0,2728.5,2559.0
2024-06-29 02:00:00,2461.5,5,6,2559.0,2634.0,2461.5
2024-06-29 03:00:00,2608.5,5,6,2461.5,2559.0,2608.5
2024-06-29 04:00:00,2049.0,5,6,2608.5,2461.5,2049.0
2024-06-29 05:00:00,490.5,5,6,2049.0,2608.5,490.5
2024-06-29 06:00:00,348.0,5,6,490.5,2049.0,490.5
2024-06-29 07:00:00,139.5,5,6,348.0,490.5,490.5
2024-06-29 08:00:00,910.5,5,6,139.5,348.0,490.5
2024-06-29 09:00:00,1329.0,5,6,910.5,139.5,490.5
2024-06-29 10:00:00,1362.0,5,6,1329.0,910.5,490.5
2024-06-29 11:00:00,1317.0,5,6,1362.0,1329.0,490.5
2024-06-29 12:00:00,1542.0,5,6,1317.0,1362.0,490.5
2024-06-29 13:00:00,1281.0,5,6,1542.0,1317.0,490.5
2024-06-29 14:00:00,1410.0,5,6,1281.0,1542.0,490.5
2024-06-29 15:00:00,1854.0,5,6,1410.0,1281.0,490.5
2024-06-29 16:00:00,2283.0,5,6,1854.0,1410.0,490.5
2024-06-29 17:00:00,2553.0,5,6,2283.0,1854.0,490.5
2024-06-29 18:00:00,2802.0,5,6,2553.0,2283.0,490.5
2024-06-29 19:00:00,2862.0,5,6,2802.0,2553.0,2862.0
2024-06-29 20:00:00,2790.0,5,6,2862.0,2802.0,2790.0
2024-06-29 21:00:00,2640.0,5,6,2790.0,2862.0,2640.0
2024-06-29 22:00:00,2668.5,5,6,2640.0,2790.0,2668.5
2024-06-29 23:00:00,2296.5,5,6,2668.5,2640.0,2296.5
2024-06-30 00:00:00,2997.0,6,6,2296.5,2668.5,2997.0
2024-06-30 01:00:00,2814.0,6,6,2997.0,2296.5,2814.0
2024-06-30 02:00:00,2862.0,6,6,2814.0,2997.0,2862.0
2024-06-30 03:00:00,2871.0,6,6,2862.0,2814.0,2871.0
2024-06-30 04:00:00,2772.0,6,6,2871.0,2862.0,2772.0
2024-06-30 05:00:00,2800.5,6,6,2772.0,2871.0,2800.5
2024-06-30 06:00:00,2703.0,6,6,2800.5,2772.0,2800.5
2024-06-30 07:00:00,2335.5,6,6,2703.0,2800.5,2800.5
2024-06-30 08:00:00,1230.0,6,6,2335.5,2703.0,2800.5
2024-06-30 09:00:00,1249.5,6,6,1230.0,2335.5,2800.5
2024-06-30 10:00:00,1758.0,6,6,1249.5,1230.0,2800.5
2024-06-30 11:00:00,1752.0,6,6,1758.0,1249.5,2800.5
2024-06-30 12:00:00,1674.0,6,6,1752.0,1758.0,2800.5
2024-06-30 13:00:00,2707.5,6,6,1674.0,1752.0,2800.5
2024-06-30 14:00:00,2665.5,6,6,2707.5,1674.0,2800.5
2024-06-30 15:00:00,2391.0,6,6,2665.5,2707.5,2800.5
2024-06-30 16:00:00,2742.0,6,6,2391.0,2665.5,2800.5
2024-06-30 17:00:00,2704.5,6,6,2742.0,2391.0,2800.5
2024-06-30 18:00:00,2887.5,6,6,2704.5,2742.0,2800.5
2024-06-30 19:00:00,2854.5,6,6,2887.5,2704.5,2854.5
2024-06-30 20:00:00,2860.5,6,6,2854.5,2887.5,2860.5
2024-06-30 21:00:00,2616.0,6,6,2860.5,2854.5,2616.0
2024-06-30 22:00:00,2463.0,6,6,2616.0,2860.5,2463.0
2024-06-30 23:00:00,2578.5,6,6,2463.0,2616.0,2578.5
2024-07-01 00:00:00,2742.0,0,7,2578.5,2463.0,2742.0
2024-07-01 01:00:00,2338.5,0,7,2742.0,2578.5,2338.5
2024-07-01 02:00:00,2955.0,0,7,2338.5,2742.0,2955.0
2024-07-01 03:00:00,2467.5,0,7,2955.0,2338.5,2467.5
2024-07-01 04:00:00,2707.5,0,7,2467.5,2955.0,2707.5
2024-07-01 05:00:00,2757.0,0,7,2707.5,2467.5,2757.0
2024-07-01 06:00:00,2200.5,0,7,2757.0,2707.5,2757.0
2024-07-01 07:00:00,2472.0,0,7,2200.5,2757.0,2757.0
2024-07-01 08:00:00,2499.0,0,7,2472.0,2200.5,2757.0
2024-07-01 09:00:00,2350.5,0,7,2499.0,2472.0,2757.0
2024-07-01 10:00:00,2205.0,0,7,2350.5,2499.0,2757.0
2024-07-01 11:00:00,1989.0,0,7,2205.0,2350.5,2757.0
2024-07-01 12:00:00,1569.0,0,7,1989.0,2205.0,2757.0
2024-07-01 13:00:00,1710.0,0,7,1569.0,1989.0,2757.0
2024-07-01 14:00:00,2028.0,0,7,1710.0,1569.0,2757.0
2024-07-01 15:00:00,2109.0,0,7,2028.0,1710.0,2757.0
2024-07-01 16:00:00,2515.5,0,7,2109.0,2028.0,2757.0
2024-07-01 17:00:00,3000.0,0,7,2515.5,2109.0,2757.0
2024-07-01 18:00:00,3058.5,0,7,3000.0,2515.5,2757.0
2024-07-01 19:00:00,3043.5,0,7,3058.5,3000.0,3043.5
2024-07-01 20:00:00,2896.5,0,7,3043.5,3058.5,2896.5
2024-07-01 21:00:00,3117.0,0,7,2896.5,3043.5,3117.0
2024-07-01 22:00:00,3277.5,0,7,3117.0,2896.5,3277.5
2024-07-01 23:00:00,4438.5,0,7,3277.5,3117.0,4438.5
2024-07-02 00:00:00,3996.0,1,7,4438.5,3277.5,3996.0
2024-07-02 01:00:00,4437.0,1,7,3996.0,4438.5,4437.0
2024-07-02 02:00:00,4660.5,1,7,4437.0,3996.0,4660.5
2024-07-02 03:00:00,4431.0,1,7,4660.5,4437.0,4431.0
2024-07-02 04:00:00,3934.5,1,7,4431.0,4660.5,3934.5
2024-07-02 05:00:00,4492.5,1,7,3934.5,4431.0,4492.5
2024-07-02 06:00:00,4489.5,1,7,4492.5,3934.5,4492.5
2024-07-02 07:00:00,4059.0,1,7,4489.5,4492.5,4492.5
2024-07-02 08:00:00,3664.5,1,7,4059.0,4489.5,4492.5
2024-07-02 09:00:00,3463.5,1,7,3664.5,4059.0,4492.5
2024-07-02 10:00:00,3306.0,1,7,3463.5,3664.5,4492.5
2024-07-02 11:00:00,2100.0,1,7,3306.0,3463.5,4492.5
2024-07-02 12:00:00,1836.0,1,7,2100.0,3306.0,4492.5
2024-07-02 13:00:00,2401.5,1,7,1836.0,2100.0,4492.5
2024-07-02 14:00:00,2677.5,1,7,2401.5,1836.0,4492.5
2024-07-02 15:00:00,3028.5,1,7,2677.5,2401.5,4492.5
2024-07-02 16:00:00,3897.0,1,7,3028.5,2677.5,4492.5
2024-07-02 17:00:00,4164.0,1,7,3897.0,3028.5,4492.5
2024-07-02 18:00:00,4296.0,1,7,4164.0,3897.0,4492.5
2024-07-02 19:00:00,4366.5,1,7,4296.0,4164.0,4366.5
2024-07-02 20:00:00,4660.5,1,7,4366.5,4296.0,4660.5
2024-07-02 21:00:00,3921.0,1,7,4660.5,4366.5,3921.0
2024-07-02 22:00:00,2688.0,1,7,3921.0,4660.5,2688.0
2024-07-02 23:00:00,3783.0,1,7,2688.0,3921.0,3783.0
2024-07-03 00:00:00,4653.0,2,7,3783.0,2688.0,4653.0
2024-07-03 01:00:00,4726.5,2,7,4653.0,3783.0,4726.5
2024-07-03 02:00:00,4716.0,2,7,4726.5,4653.0,4716.0
2024-07-03 03:00:00,4230.0,2,7,4716.0,4726.5,4230.0
2024-07-03 04:00:00,4492.5,2,7,4230.0,4716.0,4492.5
2024-07-03 05:00:00,4695.0,2,7,4492.5,4230.0,4695.0
2024-07-03 06:00:00,3783.0,2,7,4695.0,4492.5,4695.0
2024-07-03 07:00:00,3913.5,2,7,3783.0,4695.0,4695.0
2024-07-03 08:00:00,3268.5,2,7,3913.5,3783.0,4695.0
2024-07-03 09:00:00,3208.5,2,7,3268.5,3913.5,4695.0
2024-07-03 10:00:00,2532.0,2,7,3208.5,3268.5,4695.0
2024-07-03 11:00:00,2667.0,2,7,2532.0,3208.5,4695.0
2024-07-03 12:00:00,2722.5,2,7,2667.0,2532.0,4695.0
2024-07-03 13:00:00,2214.0,2,7,2722.5,2667.0,4695.0
2024-07-03 14:00:00,2313.0,2,7,2214.0,2722.5,4695.0
2024-07-03 15:00:00,3454.5,2,7,2313.0,2214.0,4695.0
2024-07-03 16:00:00,4225.5,2,7,3454.5,2313.0,4695.0
2024-07-03 17:00:00,3979.5,2,7,4225.5,3454.5,4695.0
2024-07-03 18:00:00,4552.5,2,7,3979.5,4225.5,4695.0
2024-07-03 19:00:00,4650.0,2,7,4552.5,3979.5,4650.0
2024-07-03 20:00:00,4573.5,2,7,4650.0,4552.5,4573.5
2024-07-03 21:00:00,4111.5,2,7,4573.5,4650.0,4111.5
2024-07-03 22:00:00,4311.0,2,7,4111.5,4573.5,4311.0
2024-07-03 23:00:00,3889.5,2,7,4311.0,4111.5,3889.5
2024-07-04 00:00:00,4183.5,3,7,3889.5,4311.0,4183.5
2024-07-04 01:00:00,4311.0,3,7,4183.5,3889.5,4311.0
2024-07-04 02:00:00,4632.0,3,7,4311.0,4183.5,4632.0
2024-07-04 03:00:00,4512.0,3,7,4632.0,4311.0,4512.0
2024-07-04 04:00:00,4389.0,3,7,4512.0,4632.0,4389.0
2024-07-04 05:00:00,4207.5,3,7,4389.0,4512.0,4207.5
2024-07-04 06:00:00,3724.5,3,7,4207.5,4389.0,4207.5
2024-07-04 07:00:00,3762.0,3,7,3724.5,4207.5,4207.5
2024-07-04 08:00:00,3193.5,3,7,3762.0,3724.5,4207.5
2024-07-04 09:00:00,2788.5,3,7,3193.5,3762.0,4207.5
2024-07-04 10:00:00,3168.0,3,7,2788.5,3193.5,4207.5
2024-07-04 11:00:00,3001.5,3,7,3168.0,2788.5,4207.5
2024-07-04 12:00:00,3393.0,3,7,3001.5,3168.0,4207.5
2024-07-04 13:00:00,3226.5,3,7,3393.0,3001.5,4207.5
2024-07-04 14:00:00,3684.0,3,7,3226.5,3393.0,4207.5
2024-07-04 15:00:00,3406.5,3,7,3684.0,3226.5,4207.5
2024-07-04 16:00:00,3745.5,3,7,3406.5,3684.0,4207.5
2024-07-04 17:00:00,4377.0,3,7,3745.5,3406.5,4207.5
2024-07-04 18:00:00,4371.0,3,7,4377.0,3745.5,4207.5
2024-07-04 19:00:00,4575.0,3,7,4371.0,4377.0,4575.0
2024-07-04 20:00:00,4384.5,3,7,4575.0,4371.0,4384.5
2024-07-04 21:00:00,4459.5,3,7,4384.5,4575.0,4459.5
2024-07-04 22:00:00,4186.5,3,7,4459.5,4384.5,4186.5
2024-07-04 23:00:00,4489.5,3,7,4186.5,4459.5,4489.5
2024-07-05 00:00:00,4374.0,4,7,4489.5,4186.5,4374.0
2024-07-05 01:00:00,4515.0,4,7,4374.0,4489.5,4515.0
2024-07-05 02:00:00,4636.5,4,7,4515.0,4374.0,4636.5
2024-07-05 03:00:00,4515.0,4,7,4636.5,4515.0,4515.0
2024-07-05 04:00:00,4573.5,4,7,4515.0,4636.5,4573.5
2024-07-05 05:00:00,4050.0,4,7,4573.5,4515.0,4050.0
2024-07-05 06:00:00,2488.5,4,7,4050.0,4573.5,4050.0
2024-07-05 07:00:00,1134.0,4,7,2488.5,4050.0,4050.0
2024-07-05 08:00:00,427.5,4,7,1134.0,2488.5,4050.0
2024-07-05 09:00:00,13.5,4,7,427.5,1134.0,4050.0
2024-07-05 10:00:00,13.5,4,7,13.5,427.5,4050.0
2024-07-05 11:00:00,9.0,4,7,13.5,13.5,4050.0
2024-07-05 12:00:00,9.0,4,7,9.0,13.5,4050.0
2024-07-05 13:00:00,16.5,4,7,9.0,9.0,4050.0
2024-07-05 14:00:00,37.5,4,7,16.5,9.0,4050.0
2024-07-05 15:00:00,130.5,4,7,37.5,16.5,4050.0
2024-07-05 16:00:00,18.0,4,7,130.5,37.5,4050.0
2024-07-05 17:00:00,102.0,4,7,18.0,130.5,4050.0
2024-07-05 18:00:00,249.0,4,7,102.0,18.0,4050.0
2024-07-05 19:00:00,268.5,4,7,249.0,102.0,268.5
2024-07-05 20:00:00,262.5,4,7,268.5,249.0,262.5
2024-07-05 21:00:00,246.0,4,7,262.5,268.5,246.0
2024-07-05 22:00:00,244.5,4,7,246.0,262.5,244.5
2024-07-05 23:00:00,250.5,4,7,244.5,246.0,250.5
2024-07-06 00:00:00,249.0,5,7,250.5,244.5,249.0
2024-07-06 01:00:00,268.5,5,7,249.0,250.5,268.5
2024-07-06 02:00:00,289.5,5,7,268.5,249.0,289.5
2024-07-06 03:00:00,304.5,5,7,289.5,268.5,304.5
2024-07-06 04:00:00,300.0,5,7,304.5,289.5,300.0
2024-07-06 05:00:00,277.5,5,7,300.0,304.5,277.5
2024-07-06 06:00:00,277.5,5,7,277.5,300.0,277.5
2024-07-06 07:00:00,858.0,5,7,277.5,277.5,277.5
2024-07-06 08:00:00,1951.5,5,7,858.0,277.5,277.5
2024-07-06 09:00:00,1686.0,5,7,1951.5,858.0,277.5
2024-07-06 10:00:00,1819.5,5,7,1686.0,1951.5,277.5
2024-07-06 11:00:00,1816.5,5,7,1819.5,1686.0,277.5
2024-07-06 12:00:00,1473.0,5,7,1816.5,1819.5,277.5
2024-07-06 13:00:00,874.5,5,7,1473.0,1816.5,277.5
2024-07-06 14:00:00,1174.5,5,7,874.5,1473.0,277.5
2024-07-06 15:00:00,2047.5,5,7,1174.5,874.5,277.5
2024-07-06 16:00:00,3061.5,5,7,2047.5,1174.5,277.5
2024-07-06 17:00:00,3831.0,5,7,3061.5,2047.5,277.5
2024-07-06 18:00:00,4471.5,5,7,3831.0,3061.5,277.5
2024-07-06 19:00:00,4291.5,5,7,4471.5,3831.0,4291.5
2024-07-06 20:00:00,4252.5,5,7,4291.5,4471.5,4252.5
2024-07-06 21:00:00,3255.0,5,7,4252.5,4291.5,3255.0
2024-07-06 22:00:00,3478.5,5,7,3255.0,4252.5,3478.5
2024-07-06 23:00:00,3430.5,5,7,3478.5,3255.0,3430.5
2024-07-07 00:00:00,3478.5,6,7,3430.5,3478.5,3478.5
2024-07-07 01:00:00,3348.0,6,7,3478.5,3430.5,3348.0
2024-07-07 02:00:00,3349.5,6,7,3348.0,3478.5,3349.5
2024-07-07 03:00:00,3315.0,6,7,3349.5,3348.0,3315.0
2024-07-07 04:00:00,3108.0,6,7,3315.0,3349.5,3108.0
2024-07-07 05:00:00,3018.0,6,7,3108.0,3315.0,3018.0
2024-07-07 06:00:00,2871.0,6,7,3018.0,3108.0,3018.0
2024-07-07 07:00:00,2620.5,6,7,2871.0,3018.0,3018.0
2024-07-07 08:00:00,2506.5,6,7,2620.5,2871.0,3018.0
2024-07-07 09:00:00,2365.5,6,7,2506.5,2620.5,3018.0
2024-07-07 10:00:00,2616.0,6,7,2365.5,2506.5,3018.0
2024-07-07 11:00:00,2940.0,6,7,2616.0,2365.5,3018.0
2024-07-07 12:00:00,3103.5,6,7,2940.0,2616.0,3018.0
2024-07-07 13:00:00,3126.0,6,7,3103.5,2940.0,3018.0
2024-07-07 14:00:00,3088.5,6,7,3126.0,3103.5,3018.0
2024-07-07 15:00:00,3358.5,6,7,3088.5,3126.0,3018.0
2024-07-07 16:00:00,3777.0,6,7,3358.5,3088.5,3018.0
2024-07-07 17:00:00,3610.5,6,7,3777.0,3358.5,3018.0
2024-07-07 18:00:00,4290.0,6,7,3610.5,3777.0,3018.0
2024-07-07 19:00:00,4512.0,6,7,4290.0,3610.5,4512.0
2024-07-07 20:00:00,4696.5,6,7,4512.0,4290.0,4696.5
2024-07-07 21:00:00,4602.0,6,7,4696.5,4512.0,4602.0
2024-07-07 22:00:00,4773.0,6,7,4602.0,4696.5,4773.0
2024-07-07 23:00:00,4656.0,6,7,4773.0,4602.0,4656.0
2024-07-08 00:00:00,4681.5,0,7,4656.0,4773.0,4681.5
2024-07-08 01:00:00,4446.0,0,7,4681.5,4656.0,4446.0
2024-07-08 02:00:00,4429.5,0,7,4446.0,4681.5,4429.5
2024-07-08 03:00:00,4594.5,0,7,4429.5,4446.0,4594.5
2024-07-08 04:00:00,4492.5,0,7,4594.5,4429.5,4492.5
2024-07-08 05:00:00,4236.0,0,7,4492.5,4594.5,4236.0
2024-07-08 06:00:00,4002.0,0,7,4236.0,4492.5,4236.0
2024-07-08 07:00:00,3918.0,0,7,4002.0,4236.0,4236.0
2024-07-08 08:00:00,2979.0,0,7,3918.0,4002.0,4236.0
2024-07-08 09:00:00,2437.5,0,7,2979.0,3918.0,4236.0
2024-07-08 10:00:00,2256.0,0,7,2437.5,2979.0,4236.0
2024-07-08 11:00:00,2482.5,0,7,2256.0,2437.5,4236.0
2024-07-08 12:00:00,2026.5,0,7,2482.5,2256.0,4236.0
2024-07-08 13:00:00,2707.5,0,7,2026.5,2482.5,4236.0
2024-07-08 14:00:00,2412.0,0,7,2707.5,2026.5,4236.0
2024-07-08 15:00:00,3217.5,0,7,2412.0,2707.5,4236.0
2024-07-08 16:00:00,3897.0,0,7,3217.5,2412.0,4236.0
2024-07-08 17:00:00,3534.0,0,7,3897.0,3217.5,4236.0
2024-07-08 18:00:00,4479.0,0,7,3534.0,3897.0,4236.0
2024-07-08 19:00:00,4495.5,0,7,4479.0,3534.0,4495.5
2024-07-08 20:00:00,4497.0,0,7,4495.5,4479.0,4497.0
2024-07-08 21:00:00,4576.5,0,7,4497.0,4495.5,4576.5
2024-07-08 22:00:00,4690.5,0,7,4576.5,4497.0,4690.5
2024-07-08 23:00:00,4594.5,0,7,4690.5,4576.5,4594.5
2024-07-09 00:00:00,4264.5,1,7,4594.5,4690.5,4264.5
2024-07-09 01:00:00,3310.5,1,7,4264.5,4594.5,3310.5
2024-07-09 02:00:00,3573.0,1,7,3310.5,4264.5,3573.0
2024-07-09 03:00:00,4338.0,1,7,3573.0,3310.5,4338.0
2024-07-09 04:00:00,4552.5,1,7,4338.0,3573.0,4552.5
2024-07-09 05:00:00,4600.5,1,7,4552.5,4338.0,4600.5
2024-07-09 06:00:00,4162.5,1,7,4600.5,4552.5,4600.5
2024-07-09 07:00:00,3805.5,1,7,4162.5,4600.5,4600.5
2024-07-09 08:00:00,3081.0,1,7,3805.5,4162.5,4600.5
2024-07-09 09:00:00,3004.5,1,7,3081.0,3805.5,4600.5
2024-07-09 10:00:00,2551.5,1,7,3004.5,3081.0,4600.5
2024-07-09 11:00:00,2104.5,1,7,2551.5,3004.5,4600.5
2024-07-09 12:00:00,2649.0,1,7,2104.5,2551.5,4600.5
2024-07-09 13:00:00,4065.0,1,7,2649.0,2104.5,4600.5
2024-07-09 14:00:00,3883.5,1,7,4065.0,2649.0,4600.5
2024-07-09 15:00:00,2265.0,1,7,3883.5,4065.0,4600.5
2024-07-09 16:00:00,3784.5,1,7,2265.0,3883.5,4600.5
2024-07-09 17:00:00,4135.5,1,7,3784.5,2265.0,4600.5
2024-07-09 18:00:00,4318.5,1,7,4135.5,3784.5,4600.5
2024-07-09 19:00:00,4329.0,1,7,4318.5,4135.5,4329.0
2024-07-09 20:00:00,4533.0,1,7,4329.0,4318.5,4533.0
2024-07-09 21:00:00,4642.5,1,7,4533.0,4329.0,4642.5
2024-07-09 22:00:00,4666.5,1,7,4642.5,4533.0,4666.5
2024-07-09 23:00:00,4267.5,1,7,4666.5,4642.5,4267.5
2024-07-10 00:00:00,4131.0,2,7,4267.5,4666.5,4131.0
2024-07-10 01:00:00,4119.0,2,7,4131.0,4267.5,4119.0
2024-07-10 02:00:00,3730.5,2,7,4119.0,4131.0,3730.5
2024-07-10 03:00:00,4549.5,2,7,3730.5,4119.0,4549.5
2024-07-10 04:00:00,4386.0,2,7,4549.5,3730.5,4386.0
2024-07-10 05:00:00,4323.0,2,7,4386.0,4549.5,4323.0
2024-07-10 06:00:00,3768.0,2,7,4323.0,4386.0,4323.0
2024-07-10 07:00:00,2841.0,2,7,3768.0,4323.0,4323.0
2024-07-10 08:00:00,2110.5,2,7,2841.0,3768.0,4323.0
2024-07-10 09:00:00,1488.0,2,7,2110.5,2841.0,4323.0
2024-07-10 10:00:00,1087.5,2,7,1488.0,2110.5,4323.0
2024-07-10 11:00:00,1458.0,2,7,1087.5,1488.0,4323.0
2024-07-10 12:00:00,1633.5,2,7,1458.0,1087.5,4323.0
2024-07-10 13:00:00,1564.5,2,7,1633.5,1458.0,4323.0
2024-07-10 14:00:00,2355.0,2,7,1564.5,1633.5,4323.0
2024-07-10 15:00:00,2526.0,2,7,2355.0,1564.5,4323.0
2024-07-10 16:00:00,2856.0,2,7,2526.0,2355.0,4323.0
2024-07-10 17:00:00,2826.0,2,7,2856.0,2526.0,4323.0
2024-07-10 18:00:00,2946.0,2,7,2826.0,2856.0,4323.0
2024-07-10 19:00:00,2847.0,2,7,2946.0,2826.0,2847.0
2024-07-10 20:00:00,2604.0,2,7,2847.0,2946.0,2604.0
2024-07-10 21:00:00,2853.0,2,7,2604.0,2847.0,2853.0
2024-07-10 22:00:00,2574.0,2,7,2853.0,2604.0,2574.0
2024-07-10 23:00:00,2965.5,2,7,2574.0,2853.0,2965.5
2024-07-11 00:00:00,2607.0,3,7,2965.5,2574.0,2607.0
2024-07-11 01:00:00,2880.0,3,7,2607.0,2965.5,2880.0
2024-07-11 02:00:00,2928.0,3,7,2880.0,2607.0,2928.0
2024-07-11 03:00:00,2587.5,3,7,2928.0,2880.0,2587.5
2024-07-11 04:00:00,2595.0,3,7,2587.5,2928.0,2595.0
2024-07-11 05:00:00,1884.0,3,7,2595.0,2587.5,1884.0
2024-07-11 06:00:00,1263.0,3,7,1884.0,2595.0,1884.0
2024-07-11 07:00:00,940.5,3,7,1263.0,1884.0,1884.0
2024-07-11 08:00:00,1186.5,3,7,940.5,1263.0,1884.0
2024-07-11 09:00:00,1236.0,3,7,1186.5,940.5,1884.0
2024-07-11 10:00:00,814.5,3,7,1236.0,1186.5,1884.0
2024-07-11 11:00:00,331.5,3,7,814.5,1236.0,1884.0
2024-07-11 12:00:00,442.5,3,7,331.5,814.5,1884.0
2024-07-11 13:00:00,484.5,3,7,442.5,331.5,1884.0
2024-07-11 14:00:00,652.5,3,7,484.5,442.5,1884.0
2024-07-11 15:00:00,1152.0,3,7,652.5,484.5,1884.0
2024-07-11 16:00:00,1287.0,3,7,1152.0,652.5,1884.0
2024-07-11 17:00:00,1851.0,3,7,1287.0,1152.0,1884.0
2024-07-11 18:00:00,1954.5,3,7,1851.0,1287.0,1884.0
2024-07-11 19:00:00,1879.5,3,7,1954.5,1851.0,1879.5
2024-07-11 20:00:00,1522.5,3,7,1879.5,1954.5,1522.5
2024-07-11 21:00:00,1746.0,3,7,1522.5,1879.5,1746.0
2024-07-11 22:00:00,1867.5,3,7,1746.0,1522.5,1867.5
2024-07-11 23:00:00,1917.0,3,7,1867.5,1746.0,1917.0
2024-07-12 00:00:00,1896.0,4,7,1917.0,1867.5,1896.0
2024-07-12 01:00:00,1603.5,4,7,1896.0,1917.0,1603.5
2024-07-12 02:00:00,1471.5,4,7,1603.5,1896.0,1471.5
2024-07-12 03:00:00,1519.5,4,7,1471.5,1603.5,1519.5
2024-07-12 04:00:00,1822.5,4,7,1519.5,1471.5,1822.5
2024-07-12 05:00:00,1861.5,4,7,1822.5,1519.5,1861.5
2024-07-12 06:00:00,1605.0,4,7,1861.5,1822.5,1861.5
2024-07-12 07:00:00,1320.0,4,7,1605.0,1861.5,1861.5
2024-07-12 08:00:00,1410.0,4,7,1320.0,1605.0,1861.5
2024-07-12 09:00:00,1339.5,4,7,1410.0,1320.0,1861.5
2024-07-12 10:00:00,1290.0,4,7,1339.5,1410.0,1861.5
2024-07-12 11:00:00,1195.5,4,7,1290.0,1339.5,1861.5
2024-07-12 12:00:00,1024.5,4,7,1195.5,1290.0,1861.5
2024-07-12 13:00:00,886.5,4,7,1024.5,1195.5,1861.5
2024-07-12 14:00:00,1186.5,4,7,886.5,1024.5,1861.5
2024-07-12 15:00:00,1269.0,4,7,1186.5,886.5,1861.5
2024-07-12 16:00:00,1392.0,4,7,1269.0,1186.5,1861.5
2024-07-12 17:00:00,1213.5,4,7,1392.0,1269.0,1861.5
2024-07-12 18:00:00,2406.0,4,7,1213.5,1392.0,1861.5
2024-07-12 19:00:00,2823.0,4,7,2406.0,1213.5,2823.0
2024-07-12 20:00:00,3675.0,4,7,2823.0,2406.0,3675.0
2024-07-12 21:00:00,4461.0,4,7,3675.0,2823.0,4461.0
2024-07-12 22:00:00,4611.0,4,7,4461.0,3675.0,4611.0
2024-07-12 23:00:00,4729.5,4,7,4611.0,4461.0,4729.5
2024-07-13 00:00:00,4602.0,5,7,4729.5,4611.0,4602.0
2024-07-13 01:00:00,4081.5,5,7,4602.0,4729.5,4081.5
2024-07-13 02:00:00,3571.5,5,7,4081.5,4602.0,3571.5
2024-07-13 03:00:00,3922.5,5,7,3571.5,4081.5,3922.5
2024-07-13 04:00:00,4249.5,5,7,3922.5,3571.5,4249.5
2024-07-13 05:00:00,3744.0,5,7,4249.5,3922.5,3744.0
2024-07-13 06:00:00,4108.5,5,7,3744.0,4249.5,3744.0
2024-07-13 07:00:00,3523.5,5,7,4108.5,3744.0,3744.0
2024-07-13 08:00:00,1845.0,5,7,3523.5,4108.5,3744.0
2024-07-13 09:00:00,2332.5,5,7,1845.0,3523.5,3744.0
2024-07-13 10:00:00,1764.0,5,7,2332.5,1845.0,3744.0
2024-07-13 11:00:00,2506.5,5,7,1764.0,2332.5,3744.0
2024-07-13 12:00:00,2491.5,5,7,2506.5,1764.0,3744.0
2024-07-13 13:00:00,2811.0,5,7,2491.5,2506.5,3744.0
2024-07-13 14:00:00,2347.5,5,7,2811.0,2491.5,3744.0
2024-07-13 15:00:00,3301.5,5,7,2347.5,2811.0,3744.0
2024-07-13 16:00:00,3777.0,5,7,3301.5,2347.5,3744.0
2024-07-13 17:00:00,4287.0,5,7,3777.0,3301.5,3744.0
2024-07-13 18:00:00,4455.0,5,7,4287.0,3777.0,3744.0
2024-07-13 19:00:00,4770.0,5,7,4455.0,4287.0,4770.0
2024-07-13 20:00:00,4780.5,5,7,4770.0,4455.0,4780.5
2024-07-13 21:00:00,4344.0,5,7,4780.5,4770.0,4344.0
2024-07-13 22:00:00,4696.5,5,7,4344.0,4780.5,4696.5
2024-07-13 23:00:00,4314.0,5,7,4696.5,4344.0,4314.0
2024-07-14 00:00:00,4881.0,6,7,4314.0,4696.5,4881.0
2024-07-14 01:00:00,4413.0,6,7,4881.0,4314.0,4413.0
2024-07-14 02:00:00,4546.5,6,7,4413.0,4881.0,4546.5
2024-07-14 03:00:00,4323.0,6,7,4546.5,4413.0,4323.0
2024-07-14 04:00:00,4476.0,6,7,4323.0,4546.5,4476.0
2024-07-14 05:00:00,4684.5,6,7,4476.0,4323.0,4684.5
2024-07-14 06:00:00,4611.0,6,7,4684.5,4476.0,4684.5
2024-07-14 07:00:00,3940.5,6,7,4611.0,4684.5,4684.5
2024-07-14 08:00:00,3748.5,6,7,3940.5,4611.0,4684.5
2024-07-14 09:00:00,3313.5,6,7,3748.5,3940.5,4684.5
2024-07-14 10:00:00,2973.0,6,7,3313.5,3748.5,4684.5
2024-07-14 11:00:00,2064.0,6,7,2973.0,3313.5,4684.5
2024-07-14 12:00:00,1828.5,6,7,2064.0,2973.0,4684.5
2024-07-14 13:00:00,2388.0,6,7,1828.5,2064.0,4684.5
2024-07-14 14:00:00,2785.5,6,7,2388.0,1828.5,4684.5
2024-07-14 15:00:00,3180.0,6,7,2785.5,2388.0,4684.5
2024-07-14 16:00:00,3118.5,6,7,3180.0,2785.5,4684.5
2024-07-14 17:00:00,4368.0,6,7,3118.5,3180.0,4684.5
2024-07-14 18:00:00,4279.5,6,7,4368.0,3118.5,4684.5
2024-07-14 19:00:00,4149.0,6,7,4279.5,4368.0,4149.0
2024-07-14 20:00:00,4000.5,6,7,4149.0,4279.5,4000.5
2024-07-14 21:00:00,4776.0,6,7,4000.5,4149.0,4776.0
2024-07-14 22:00:00,4363.5,6,7,4776.0,4000.5,4363.5
2024-07-14 23:00:00,4288.5,6,7,4363.5,4776.0,4288.5
2024-07-15 00:00:00,4857.0,0,7,4288.5,4363.5,4857.0
2024-07-15 01:00:00,4959.0,0,7,4857.0,4288.5,4959.0
2024-07-15 02:00:00,4659.0,0,7,4959.0,4857.0,4659.0
2024-07-15 03:00:00,3579.0,0,7,4659.0,4959.0,3579.0
2024-07-15 04:00:00,4479.0,0,7,3579.0,4659.0,4479.0
2024-07-15 05:00:00,4914.0,0,7,4479.0,3579.0,4914.0
2024-07-15 06:00:00,4552.5,0,7,4914.0,4479.0,4914.0
2024-07-15 07:00:00,4324.5,0,7,4552.5,4914.0,4914.0
2024-07-15 08:00:00,3736.5,0,7,4324.5,4552.5,4914.0
2024-07-15 09:00:00,3891.0,0,7,3736.5,4324.5,4914.0
2024-07-15 10:00:00,4284.0,0,7,3891.0,3736.5,4914.0
2024-07-15 11:00:00,3652.5,0,7,4284.0,3891.0,4914.0
2024-07-15 12:00:00,3573.0,0,7,3652.5,4284.0,4914.0
2024-07-15 13:00:00,3663.0,0,7,3573.0,3652.5,4914.0
2024-07-15 14:00:00,3489.0,0,7,3663.0,3573.0,4914.0
2024-07-15 15:00:00,3888.0,0,7,3489.0,3663.0,4914.0
2024-07-15 16:00:00,4143.0,0,7,3888.0,3489.0,4914.0
2024-07-15 17:00:00,4003.5,0,7,4143.0,3888.0,4914.0
2024-07-15 18:00:00,4605.0,0,7,4003.5,4143.0,4914.0
2024-07-15 19:00:00,4053.0,0,7,4605.0,4003.5,4053.0
2024-07-15 20:00:00,4134.0,0,7,4053.0,4605.0,4134.0
2024-07-15 21:00:00,4513.5,0,7,4134.0,4053.0,4513.5
2024-07-15 22:00:00,3928.5,0,7,4513.5,4134.0,3928.5
2024-07-15 23:00:00,4455.0,0,7,3928.5,4513.5,4455.0
2024-07-16 00:00:00,3688.5,1,7,4455.0,3928.5,3688.5
2024-07-16 01:00:00,3843.0,1,7,3688.5,4455.0,3843.0
2024-07-16 02:00:00,4261.5,1,7,3843.0,3688.5,4261.5
2024-07-16 03:00:00,4570.5,1,7,4261.5,3843.0,4570.5
2024-07-16 04:00:00,4131.0,1,7,4570.5,4261.5,4131.0
2024-07-16 05:00:00,4606.5,1,7,4131.0,4570.5,4606.5
2024-07-16 06:00:00,4018.5,1,7,4606.5,4131.0,4606.5
2024-07-16 07:00:00,3816.0,1,7,4018.5,4606.5,4606.5
2024-07-16 08:00:00,2724.0,1,7,3816.0,4018.5,4606.5
2024-07-16 09:00:00,2853.0,1,7,2724.0,3816.0,4606.5
2024-07-16 10:00:00,2745.0,1,7,2853.0,2724.0,4606.5
2024-07-16 11:00:00,3355.5,1,7,2745.0,2853.0,4606.5
2024-07-16 12:00:00,3298.5,1,7,3355.5,2745.0,4606.5
2024-07-16 13:00:00,3075.0,1,7,3298.5,3355.5,4606.5
2024-07-16 14:00:00,3397.5,1,7,3075.0,3298.5,4606.5
2024-07-16 15:00:00,3840.0,1,7,3397.5,3075.0,4606.5
2024-07-16 16:00:00,3537.0,1,7,3840.0,3397.5,4606.5
2024-07-16 17:00:00,3835.5,1,7,3537.0,3840.0,4606.5
2024-07-16 18:00:00,4213.5,1,7,3835.5,3537.0,4606.5
2024-07-16 19:00:00,4114.5,1,7,4213.5,3835.5,4114.5
2024-07-16 20:00:00,4044.0,1,7,4114.5,4213.5,4044.0
2024-07-16 21:00:00,4449.0,1,7,4044.0,4114.5,4449.0
2024-07-16 22:00:00,4222.5,1,7,4449.0,4044.0,4222.5
2024-07-16 23:00:00,4309.5,1,7,4222.5,4449.0,4309.5
2024-07-17 00:00:00,4360.5,2,7,4309.5,4222.5,4360.5
2024-07-17 01:00:00,4095.0,2,7,4360.5,4309.5,4095.0
2024-07-17 02:00:00,4459.5,2,7,4095.0,4360.5,4459.5
2024-07-17 03:00:00,4320.0,2,7,4459.5,4095.0,4320.0
2024-07-17 04:00:00,4185.0,2,7,4320.0,4459.5,4185.0
2024-07-17 05:00:00,4314.0,2,7,4185.0,4320.0,4314.0
2024-07-17 06:00:00,3945.0,2,7,4314.0,4185.0,4314.0
2024-07-17 07:00:00,3934.5,2,7,3945.0,4314.0,4314.0
2024-07-17 08:00:00,3586.5,2,7,3934.5,3945.0,4314.0
2024-07-17 09:00:00,3165.0,2,7,3586.5,3934.5,4314.0
2024-07-17 10:00:00,2724.0,2,7,3165.0,3586.5,4314.0
2024-07-17 11:00:00,2326.5,2,7,2724.0,3165.0,4314.0
2024-07-17 12:00:00,1912.5,2,7,2326.5,2724.0,4314.0
2024-07-17 13:00:00,2308.5,2,7,1912.5,2326.5,4314.0
2024-07-17 14:00:00,2878.5,2,7,2308.5,1912.5,4314.0
2024-07-17 15:00:00,3631.5,2,7,2878.5,2308.5,4314.0
2024-07-17 16:00:00,3724.5,2,7,3631.5,2878.5,4314.0
2024-07-17 17:00:00,3718.5,2,7,3724.5,3631.5,4314.0
2024-07-17 18:00:00,4290.0,2,7,3718.5,3724.5,4314.0
2024-07-17 19:00:00,4330.5,2,7,4290.0,3718.5,4330.5
2024-07-17 20:00:00,4345.5,2,7,4330.5,4290.0,4345.5
2024-07-17 21:00:00,4288.5,2,7,4345.5,4330.5,4288.5
2024-07-17 22:00:00,4126.5,2,7,4288.5,4345.5,4126.5
2024-07-17 23:00:00,4560.0,2,7,4126.5,4288.5,4560.0
2024-07-18 00:00:00,4326.0,3,7,4560.0,4126.5,4326.0
2024-07-18 01:00:00,3174.0,3,7,4326.0,4560.0,3174.0
2024-07-18 02:00:00,2860.5,3,7,3174.0,4326.0,2860.5
2024-07-18 03:00:00,2659.5,3,7,2860.5,3174.0,2659.5
2024-07-18 04:00:00,2752.5,3,7,2659.5,2860.5,2752.5
2024-07-18 05:00:00,2961.0,3,7,2752.5,2659.5,2961.0
2024-07-18 06:00:00,2977.5,3,7,2961.0,2752.5,2961.0
2024-07-18 07:00:00,2157.0,3,7,2977.5,2961.0,2961.0
2024-07-18 08:00:00,1441.5,3,7,2157.0,2977.5,2961.0
2024-07-18 09:00:00,1527.0,3,7,1441.5,2157.0,2961.0
2024-07-18 10:00:00,1311.0,3,7,1527.0,1441.5,2961.0
2024-07-18 11:00:00,1108.5,3,7,1311.0,1527.0,2961.0
2024-07-18 12:00:00,1072.5,3,7,1108.5,1311.0,2961.0
2024-07-18 13:00:00,1011.0,3,7,1072.5,1108.5,2961.0
2024-07-18 14:00:00,1245.0,3,7,1011.0,1072.5,2961.0
2024-07-18 15:00:00,1494.0,3,7,1245.0,1011.0,2961.0
2024-07-18 16:00:00,1692.0,3,7,1494.0,1245.0,2961.0
2024-07-18 17:00:00,1828.5,3,7,1692.0,1494.0,2961.0
2024-07-18 18:00:00,1992.0,3,7,1828.5,1692.0,2961.0
2024-07-18 19:00:00,1834.5,3,7,1992.0,1828.5,1834.5
2024-07-18 20:00:00,1834.5,3,7,1834.5,1992.0,1834.5
2024-07-18 21:00:00,2047.5,3,7,1834.5,1834.5,2047.5
2024-07-18 22:00:00,1270.5,3,7,2047.5,1834.5,1270.5
2024-07-18 23:00:00,1173.0,3,7,1270.5,2047.5,1173.0
2024-07-19 00:00:00,1146.0,4,7,1173.0,1270.5,1146.0
2024-07-19 01:00:00,1135.5,4,7,1146.0,1173.0,1135.5
2024-07-19 02:00:00,1084.5,4,7,1135.5,1146.0,1084.5
2024-07-19 03:00:00,1074.0,4,7,1084.5,1135.5,1074.0
2024-07-19 04:00:00,1006.5,4,7,1074.0,1084.5,1006.5
2024-07-19 05:00:00,969.0,4,7,1006.5,1074.0,969.0
2024-07-19 06:00:00,870.0,4,7,969.0,1006.5,969.0
2024-07-19 07:00:00,465.0,4,7,870.0,969.0,969.0
2024-07-19 08:00:00,30.0,4,7,465.0,870.0,969.0
2024-07-19 09:00:00,42.0,4,7,30.0,465.0,969.0
2024-07-19 10:00:00,18.0,4,7,42.0,30.0,969.0
2024-07-19 11:00:00,66.0,4,7,18.0,42.0,969.0
2024-07-19 12:00:00,10.5,4,7,66.0,18.0,969.0
2024-07-19 13:00:00,18.0,4,7,10.5,66.0,969.0
2024-07-19 14:00:00,90.0,4,7,18.0,10.5,969.0
2024-07-19 15:00:00,115.5,4,7,90.0,18.0,969.0
2024-07-19 16:00:00,79.5,4,7,115.5,90.0,969.0
2024-07-19 17:00:00,91.5,4,7,79.5,115.5,969.0
2024-07-19 18:00:00,135.0,4,7,91.5,79.5,969.0
2024-07-19 19:00:00,150.0,4,7,135.0,91.5,150.0
2024-07-19 20:00:00,202.5,4,7,150.0,135.0,202.5
2024-07-19 21:00:00,171.0,4,7,202.5,150.0,171.0
2024-07-19 22:00:00,204.0,4,7,171.0,202.5,204.0
2024-07-19 23:00:00,181.5,4,7,204.0,171.0,181.5
2024-07-20 00:00:00,181.5,5,7,181.5,204.0,181.5
2024-07-20 01:00:00,202.5,5,7,181.5,181.5,202.5
2024-07-20 02:00:00,187.5,5,7,202.5,181.5,187.5
2024-07-20 03:00:00,207.0,5,7,187.5,202.5,207.0
2024-07-20 04:00:00,192.0,5,7,207.0,187.5,192.0
2024-07-20 05:00:00,154.5,5,7,192.0,207.0,154.5
2024-07-20 06:00:00,126.0,5,7,154.5,192.0,154.5
2024-07-20 07:00:00,22.5,5,7,126.0,154.5,154.5
2024-07-20 08:00:00,130.5,5,7,22.5,126.0,154.5
2024-07-20 09:00:00,178.5,5,7,130.5,22.5,154.5
2024-07-20 10:00:00,57.0,5,7,178.5,130.5,154.5
2024-07-20 11:00:00,96.0,5,7,57.0,178.5,154.5
2024-07-20 12:00:00,1.5,5,7,96.0,57.0,154.5
2024-07-20 13:00:00,279.0,5,7,1.5,96.0,154.5
2024-07-20 14:00:00,232.5,5,7,279.0,1.5,154.5
2024-07-20 15:00:00,276.0,5,7,232.5,279.0,154.5
2024-07-20 16:00:00,306.0,5,7,276.0,232.5,154.5
2024-07-20 17:00:00,265.5,5,7,306.0,276.0,154.5
2024-07-20 18:00:00,459.0,5,7,265.5,306.0,154.5
2024-07-20 19:00:00,222.0,5,7,459.0,265.5,222.0
2024-07-20 20:00:00,462.0,5,7,222.0,459.0,462.0
2024-07-20 21:00:00,463.5,5,7,462.0,222.0,463.5
2024-07-20 22:00:00,481.5,5,7,463.5,462.0,481.5
2024-07-20 23:00:00,312.0,5,7,481.5,463.5,312.0
2024-07-21 00:00:00,387.0,6,7,312.0,481.5,387.0
2024-07-21 01:00:00,586.5,6,7,387.0,312.0,586.5
2024-07-21 02:00:00,547.5,6,7,586.5,387.0,547.5
2024-07-21 03:00:00,474.0,6,7,547.5,586.5,474.0
2024-07-21 04:00:00,378.0,6,7,474.0,547.5,378.0
2024-07-21 05:00:00,546.0,6,7,378.0,474.0,546.0
2024-07-21 06:00:00,462.0,6,7,546.0,378.0,546.0
2024-07-21 07:00:00,139.5,6,7,462.0,546.0,546.0
2024-07-21 08:00:00,360.0,6,7,139.5,462.0,546.0
2024-07-21 09:00:00,384.0,6,7,360.0,139.5,546.0
2024-07-21 10:00:00,279.0,6,7,384.0,360.0,546.0
2024-07-21 11:00:00,78.0,6,7,279.0,384.0,546.0
2024-07-21 12:00:00,37.5,6,7,78.0,279.0,546.0
2024-07-21 13:00:00,240.0,6,7,37.5,78.0,546.0
2024-07-21 14:00:00,127.5,6,7,240.0,37.5,546.0
2024-07-21 15:00:00,238.5,6,7,127.5,240.0,546.0
2024-07-21 16:00:00,144.0,6,7,238.5,127.5,546.0
2024-07-21 17:00:00,178.5,6,7,144.0,238.5,546.0
2024-07-21 18:00:00,400.5,6,7,178.5,144.0,546.0
2024-07-21 19:00:00,138.0,6,7,400.5,178.5,138.0
2024-07-21 20:00:00,462.0,6,7,138.0,400.5,462.0
2024-07-21 21:00:00,522.0,6,7,462.0,138.0,522.0
2024-07-21 22:00:00,574.5,6,7,522.0,462.0,574.5
2024-07-21 23:00:00,390.0,6,7,574.5,522.0,390.0
2024-07-22 00:00:00,327.0,0,7,390.0,574.5,327.0
2024-07-22 01:00:00,570.0,0,7,327.0,390.0,570.0
2024-07-22 02:00:00,498.0,0,7,570.0,327.0,498.0
2024-07-22 03:00:00,468.0,0,7,498.0,570.0,468.0
2024-07-22 04:00:00,315.0,0,7,468.0,498.0,315.0
2024-07-22 05:00:00,528.0,0,7,315.0,468.0,528.0
2024-07-22 06:00:00,490.5,0,7,528.0,315.0,528.0
2024-07-22 07:00:00,180.0,0,7,490.5,528.0,528.0
2024-07-22 08:00:00,34.5,0,7,180.0,490.5,528.0
2024-07-22 09:00:00,22.5,0,7,34.5,180.0,528.0
2024-07-22 10:00:00,9.0,0,7,22.5,34.5,528.0
2024-07-22 11:00:00,12.0,0,7,9.0,22.5,528.0
2024-07-22 12:00:00,0.0,0,7,12.0,9.0,528.0
2024-07-22 13:00:00,69.0,0,7,0.0,12.0,528.0
2024-07-22 14:00:00,67.5,0,7,69.0,0.0,528.0
2024-07-22 15:00:00,42.0,0,7,67.5,69.0,528.0
2024-07-22 16:00:00,27.0,0,7,42.0,67.5,528.0
2024-07-22 17:00:00,33.0,0,7,27.0,42.0,528.0
2024-07-22 18:00:00,96.0,0,7,33.0,27.0,528.0
2024-07-22 19:00:00,109.5,0,7,96.0,33.0,109.5
2024-07-22 20:00:00,126.0,0,7,109.5,96.0,126.0
2024-07-22 21:00:00,129.0,0,7,126.0,109.5,129.0
2024-07-22 22:00:00,256.5,0,7,129.0,126.0,256.5
2024-07-22 23:00:00,439.5,0,7,256.5,129.0,439.5
2024-07-23 00:00:00,376.5,1,7,439.5,256.5,376.5
2024-07-23 01:00:00,369.0,1,7,376.5,439.5,369.0
2024-07-23 02:00:00,372.0,1,7,369.0,376.5,372.0
2024-07-23 03:00:00,471.0,1,7,372.0,369.0,471.0
2024-07-23 04:00:00,619.5,1,7,471.0,372.0,619.5
2024-07-23 05:00:00,651.0,1,7,619.5,471.0,651.0
2024-07-23 06:00:00,462.0,1,7,651.0,619.5,651.0
2024-07-23 07:00:00,165.0,1,7,462.0,651.0,651.0
2024-07-23 08:00:00,16.5,1,7,165.0,462.0,651.0
2024-07-23 09:00:00,9.0,1,7,16.5,165.0,651.0
2024-07-23 10:00:00,6.0,1,7,9.0,16.5,651.0
2024-07-23 11:00:00,16.5,1,7,6.0,9.0,651.0
2024-07-23 12:00:00,13.5,1,7,16.5,6.0,651.0
2024-07-23 13:00:00,69.0,1,7,13.5,16.5,651.0
2024-07-23 14:00:00,117.0,1,7,69.0,13.5,651.0
2024-07-23 15:00:00,175.5,1,7,117.0,69.0,651.0
2024-07-23 16:00:00,189.0,1,7,175.5,117.0,651.0
2024-07-23 17:00:00,207.0,1,7,189.0,175.5,651.0
2024-07-23 18:00:00,253.5,1,7,207.0,189.0,651.0
2024-07-23 19:00:00,292.5,1,7,253.5,207.0,292.5
2024-07-23 20:00:00,349.5,1,7,292.5,253.5,349.5
2024-07-23 21:00:00,412.5,1,7,349.5,292.5,412.5
2024-07-23 22:00:00,988.5,1,7,412.5,349.5,988.5
2024-07-23 23:00:00,2047.5,1,7,988.5,412.5,2047.5
2024-07-24 00:00:00,2370.0,2,7,2047.5,988.5,2370.0
2024-07-24 01:00:00,2157.0,2,7,2370.0,2047.5,2157.0
2024-07-24 02:00:00,2020.5,2,7,2157.0,2370.0,2020.5
2024-07-24 03:00:00,2052.0,2,7,2020.5,2157.0,2052.0
2024-07-24 04:00:00,2281.5,2,7,2052.0,2020.5,2281.5
2024-07-24 05:00:00,1930.5,2,7,2281.5,2052.0,1930.5
2024-07-24 06:00:00,2278.5,2,7,1930.5,2281.5,1930.5
2024-07-24 07:00:00,1101.0,2,7,2278.5,1930.5,1930.5
2024-07-24 08:00:00,1084.5,2,7,1101.0,2278.5,1930.5
2024-07-24 09:00:00,1107.0,2,7,1084.5,1101.0,1930.5
2024-07-24 10:00:00,1468.5,2,7,1107.0,1084.5,1930.5
2024-07-24 11:00:00,1087.5,2,7,1468.5,1107.0,1930.5
2024-07-24 12:00:00,1225.5,2,7,1087.5,1468.5,1930.5
2024-07-24 13:00:00,1347.0,2,7,1225.5,1087.5,1930.5
2024-07-24 14:00:00,1048.5,2,7,1347.0,1225.5,1930.5
2024-07-24 15:00:00,1377.0,2,7,1048.5,1347.0,1930.5
2024-07-24 16:00:00,1683.0,2,7,1377.0,1048.5,1930.5
2024-07-24 17:00:00,1720.5,2,7,1683.0,1377.0,1930.5
2024-07-24 18:00:00,2073.0,2,7,1720.5,1683.0,1930.5
2024-07-24 19:00:00,1872.0,2,7,2073.0,1720.5,1872.0
2024-07-24 20:00:00,1861.5,2,7,1872.0,2073.0,1861.5
2024-07-24 21:00:00,1923.0,2,7,1861.5,1872.0,1923.0
2024-07-24 22:00:00,2545.5,2,7,1923.0,1861.5,2545.5
2024-07-24 23:00:00,2127.0,2,7,2545.5,1923.0,2127.0
2024-07-25 00:00:00,2560.5,3,7,2127.0,2545.5,2560.5
2024-07-25 01:00:00,2305.5,3,7,2560.5,2127.0,2305.5
2024-07-25 02:00:00,2250.0,3,7,2305.5,2560.5,2250.0
2024-07-25 03:00:00,2343.0,3,7,2250.0,2305.5,2343.0
2024-07-25 04:00:00,2116.5,3,7,2343.0,2250.0,2116.5
2024-07-25 05:00:00,1815.0,3,7,2116.5,2343.0,1815.0
2024-07-25 06:00:00,1900.5,3,7,1815.0,2116.5,1815.0
2024-07-25 07:00:00,1294.5,3,7,1900.5,1815.0,1815.0
2024-07-25 08:00:00,1173.0,3,7,1294.5,1900.5,1815.0
2024-07-25 09:00:00,1291.5,3,7,1173.0,1294.5,1815.0
2024-07-25 10:00:00,922.5,3,7,1291.5,1173.0,1815.0
2024-07-25 11:00:00,1024.5,3,7,922.5,1291.5,1815.0
2024-07-25 12:00:00,693.0,3,7,1024.5,922.5,1815.0
2024-07-25 13:00:00,1033.5,3,7,693.0,1024.5,1815.0
2024-07-25 14:00:00,979.5,3,7,1033.5,693.0,1815.0
2024-07-25 15:00:00,493.5,3,7,979.5,1033.5,1815.0
2024-07-25 16:00:00,498.0,3,7,493.5,979.5,1815.0
2024-07-25 17:00:00,456.0,3,7,498.0,493.5,1815.0
2024-07-25 18:00:00,402.0,3,7,456.0,498.0,1815.0
2024-07-25 19:00:00,453.0,3,7,402.0,456.0,453.0
2024-07-25 20:00:00,1155.0,3,7,453.0,402.0,1155.0
2024-07-25 21:00:00,2227.5,3,7,1155.0,453.0,2227.5
2024-07-25 22:00:00,2607.0,3,7,2227.5,1155.0,2607.0
2024-07-25 23:00:00,2628.0,3,7,2607.0,2227.5,2628.0
2024-07-26 00:00:00,2214.0,4,7,2628.0,2607.0,2214.0
2024-07-26 01:00:00,2196.0,4,7,2214.0,2628.0,2196.0
2024-07-26 02:00:00,2193.0,4,7,2196.0,2214.0,2193.0
2024-07-26 03:00:00,2362.5,4,7,2193.0,2196.0,2362.5
2024-07-26 04:00:00,1911.0,4,7,2362.5,2193.0,1911.0
2024-07-26 05:00:00,852.0,4,7,1911.0,2362.5,852.0
2024-07-26 06:00:00,841.5,4,7,852.0,1911.0,852.0
2024-07-26 07:00:00,723.0,4,7,841.5,852.0,852.0
2024-07-26 08:00:00,2214.0,4,7,723.0,841.5,852.0
2024-07-26 09:00:00,3048.0,4,7,2214.0,723.0,852.0
2024-07-26 10:00:00,2928.0,4,7,3048.0,2214.0,852.0
2024-07-26 11:00:00,2929.5,4,7,2928.0,3048.0,852.0
2024-07-26 12:00:00,2578.5,4,7,2929.5,2928.0,852.0
2024-07-26 13:00:00,2451.0,4,7,2578.5,2929.5,852.0
2024-07-26 14:00:00,2643.0,4,7,2451.0,2578.5,852.0
2024-07-26 15:00:00,3477.0,4,7,2643.0,2451.0,852.0
2024-07-26 16:00:00,3667.5,4,7,3477.0,2643.0,852.0
2024-07-26 17:00:00,3327.0,4,7,3667.5,3477.0,852.0
2024-07-26 18:00:00,3540.0,4,7,3327.0,3667.5,852.0
2024-07-26 19:00:00,3337.5,4,7,3540.0,3327.0,3337.5
2024-07-26 20:00:00,3151.5,4,7,3337.5,3540.0,3151.5
2024-07-26 21:00:00,4108.5,4,7,3151.5,3337.5,4108.5
2024-07-26 22:00:00,4539.0,4,7,4108.5,3151.5,4539.0
2024-07-26 23:00:00,4378.5,4,7,4539.0,4108.5,4378.5
2024-07-27 00:00:00,4084.5,5,7,4378.5,4539.0,4084.5
2024-07-27 01:00:00,3997.5,5,7,4084.5,4378.5,3997.5
2024-07-27 02:00:00,3775.5,5,7,3997.5,4084.5,3775.5
2024-07-27 03:00:00,3645.0,5,7,3775.5,3997.5,3645.0
2024-07-27 04:00:00,4510.5,5,7,3645.0,3775.5,4510.5
2024-07-27 05:00:00,4035.0,5,7,4510.5,3645.0,4035.0
2024-07-27 06:00:00,3925.5,5,7,4035.0,4510.5,4035.0
2024-07-27 07:00:00,3313.5,5,7,3925.5,4035.0,4035.0
2024-07-27 08:00:00,3447.0,5,7,3313.5,3925.5,4035.0
2024-07-27 09:00:00,3235.5,5,7,3447.0,3313.5,4035.0
2024-07-27 10:00:00,3196.5,5,7,3235.5,3447.0,4035.0
2024-07-27 11:00:00,2356.5,5,7,3196.5,3235.5,4035.0
2024-07-27 12:00:00,1956.0,5,7,2356.5,3196.5,4035.0
2024-07-27 13:00:00,2139.0,5,7,1956.0,2356.5,4035.0
2024-07-27 14:00:00,2494.5,5,7,2139.0,1956.0,4035.0
2024-07-27 15:00:00,3427.5,5,7,2494.5,2139.0,4035.0
2024-07-27 16:00:00,4384.5,5,7,3427.5,2494.5,4035.0
2024-07-27 17:00:00,4473.0,5,7,4384.5,3427.5,4035.0
2024-07-27 18:00:00,4108.5,5,7,4473.0,4384.5,4035.0
2024-07-27 19:00:00,4441.5,5,7,4108.5,4473.0,4441.5
2024-07-27 20:00:00,4509.0,5,7,4441.5,4108.5,4509.0
2024-07-27 21:00:00,4096.5,5,7,4509.0,4441.5,4096.5
2024-07-27 22:00:00,3781.5,5,7,4096.5,4509.0,3781.5
2024-07-27 23:00:00,3456.0,5,7,3781.5,4096.5,3456.0
2024-07-28 00:00:00,3001.5,6,7,3456.0,3781.5,3001.5
2024-07-28 01:00:00,3469.5,6,7,3001.5,3456.0,3469.5
2024-07-28 02:00:00,3279.0,6,7,3469.5,3001.5,3279.0
2024-07-28 03:00:00,3273.0,6,7,3279.0,3469.5,3273.0
2024-07-28 04:00:00,3472.5,6,7,3273.0,3279.0,3472.5
2024-07-28 05:00:00,3465.0,6,7,3472.5,3273.0,3465.0
2024-07-28 06:00:00,3411.0,6,7,3465.0,3472.5,3465.0
2024-07-28 07:00:00,2829.0,6,7,3411.0,3465.0,3465.0
2024-07-28 08:00:00,2389.5,6,7,2829.0,3411.0,3465.0
2024-07-28 09:00:00,1924.5,6,7,2389.5,2829.0,3465.0
2024-07-28 10:00:00,1297.5,6,7,1924.5,2389.5,3465.0
2024-07-28 11:00:00,1350.0,6,7,1297.5,1924.5,3465.0
2024-07-28 12:00:00,1615.5,6,7,1350.0,1297.5,3465.0
2024-07-28 13:00:00,1561.5,6,7,1615.5,1350.0,3465.0
2024-07-28 14:00:00,1657.5,6,7,1561.5,1615.5,3465.0
2024-07-28 15:00:00,1386.0,6,7,1657.5,1561.5,3465.0
2024-07-28 16:00:00,1575.0,6,7,1386.0,1657.5,3465.0
2024-07-28 17:00:00,1873.5,6,7,1575.0,1386.0,3465.0
2024-07-28 18:00:00,2203.5,6,7,1873.5,1575.0,3465.0
2024-07-28 19:00:00,2632.5,6,7,2203.5,1873.5,2632.5
2024-07-28 20:00:00,2715.0,6,7,2632.5,2203.5,2715.0
2024-07-28 21:00:00,2682.0,6,7,2715.0,2632.5,2682.0
2024-07-28 22:00:00,2601.0,6,7,2682.0,2715.0,2601.0
2024-07-28 23:00:00,2632.5,6,7,2601.0,2682.0,2632.5
2024-07-29 00:00:00,2614.5,0,7,2632.5,2601.0,2614.5
2024-07-29 01:00:00,2628.0,0,7,2614.5,2632.5,2628.0
2024-07-29 02:00:00,2571.0,0,7,2628.0,2614.5,2571.0
2024-07-29 03:00:00,2599.5,0,7,2571.0,2628.0,2599.5
2024-07-29 04:00:00,2419.5,0,7,2599.5,2571.0,2419.5
2024-07-29 05:00:00,2634.0,0,7,2419.5,2599.5,2634.0
2024-07-29 06:00:00,2557.5,0,7,2634.0,2419.5,2634.0
2024-07-29 07:00:00,2437.5,0,7,2557.5,2634.0,2634.0
2024-07-29 08:00:00,2385.0,0,7,2437.5,2557.5,2634.0
2024-07-29 09:00:00,2127.0,0,7,2385.0,2437.5,2634.0
2024-07-29 10:00:00,2064.0,0,7,2127.0,2385.0,2634.0
2024-07-29 11:00:00,1341.0,0,7,2064.0,2127.0,2634.0
2024-07-29 12:00:00,1143.0,0,7,1341.0,2064.0,2634.0
2024-07-29 13:00:00,1236.0,0,7,1143.0,1341.0,2634.0
2024-07-29 14:00:00,1545.0,0,7,1236.0,1143.0,2634.0
2024-07-29 15:00:00,1588.5,0,7,1545.0,1236.0,2634.0
2024-07-29 16:00:00,2370.0,0,7,1588.5,1545.0,2634.0
2024-07-29 17:00:00,2481.0,0,7,2370.0,1588.5,2634.0
2024-07-29 18:00:00,2664.0,0,7,2481.0,2370.0,2634.0
2024-07-29 19:00:00,2688.0,0,7,2664.0,2481.0,2688.0
2024-07-29 20:00:00,2332.5,0,7,2688.0,2664.0,2332.5
2024-07-29 21:00:00,2634.0,0,7,2332.5,2688.0,2634.0
2024-07-29 22:00:00,2656.5,0,7,2634.0,2332.5,2656.5
2024-07-29 23:00:00,2691.0,0,7,2656.5,2634.0,2691.0
2024-07-30 00:00:00,2626.5,1,7,2691.0,2656.5,2626.5
2024-07-30 01:00:00,2538.0,1,7,2626.5,2691.0,2538.0
2024-07-30 02:00:00,2544.0,1,7,2538.0,2626.5,2544.0
2024-07-30 03:00:00,2437.5,1,7,2544.0,2538.0,2437.5
2024-07-30 04:00:00,2382.0,1,7,2437.5,2544.0,2382.0
2024-07-30 05:00:00,2487.0,1,7,2382.0,2437.5,2487.0
2024-07-30 06:00:00,1312.5,1,7,2487.0,2382.0,2487.0
2024-07-30 07:00:00,627.0,1,7,1312.5,2487.0,2487.0
2024-07-30 08:00:00,99.0,1,7,627.0,1312.5,2487.0
2024-07-30 09:00:00,27.0,1,7,99.0,627.0,2487.0
2024-07-30 10:00:00,15.0,1,7,27.0,99.0,2487.0
2024-07-30 11:00:00,18.0,1,7,15.0,27.0,2487.0
2024-07-30 12:00:00,3.0,1,7,18.0,15.0,2487.0
2024-07-30 13:00:00,7.5,1,7,3.0,18.0,2487.0
2024-07-30 14:00:00,18.0,1,7,7.5,3.0,2487.0
2024-07-30 15:00:00,19.5,1,7,18.0,7.5,2487.0
2024-07-30 16:00:00,51.0,1,7,19.5,18.0,2487.0
2024-07-30 17:00:00,183.0,1,7,51.0,19.5,2487.0
2024-07-30 18:00:00,258.0,1,7,183.0,51.0,2487.0
2024-07-30 19:00:00,255.0,1,7,258.0,183.0,255.0
2024-07-30 20:00:00,261.0,1,7,255.0,258.0,261.0
2024-07-30 21:00:00,270.0,1,7,261.0,255.0,270.0
2024-07-30 22:00:00,1393.5,1,7,270.0,261.0,1393.5
2024-07-30 23:00:00,1927.5,1,7,1393.5,270.0,1927.5
2024-07-31 00:00:00,1887.0,2,7,1927.5,1393.5,1887.0
2024-07-31 01:00:00,1419.0,2,7,1887.0,1927.5,1419.0
2024-07-31 02:00:00,1506.0,2,7,1419.0,1887.0,1506.0
2024-07-31 03:00:00,1944.0,2,7,1506.0,1419.0,1944.0
2024-07-31 04:00:00,1828.5,2,7,1944.0,1506.0,1828.5
2024-07-31 05:00:00,1615.5,2,7,1828.5,1944.0,1615.5
2024-07-31 06:00:00,2071.5,2,7,1615.5,1828.5,1615.5
2024-07-31 07:00:00,2112.0,2,7,2071.5,1615.5,1615.5
2024-07-31 08:00:00,2503.5,2,7,2112.0,2071.5,1615.5
2024-07-31 09:00:00,2902.5,2,7,2503.5,2112.0,1615.5
2024-07-31 10:00:00,2278.5,2,7,2902.5,2503.5,1615.5
2024-07-31 11:00:00,1915.5,2,7,2278.5,2902.5,1615.5
2024-07-31 12:00:00,2460.0,2,7,1915.5,2278.5,1615.5
2024-07-31 13:00:00,2650.5,2,7,2460.0,1915.5,1615.5
2024-07-31 14:00:00,3210.0,2,7,2650.5,2460.0,1615.5
2024-07-31 15:00:00,3208.5,2,7,3210.0,2650.5,1615.5
2024-07-31 16:00:00,3525.0,2,7,3208.5,3210.0,1615.5
2024-07-31 17:00:00,3877.5,2,7,3525.0,3208.5,1615.5
2024-07-31 18:00:00,4474.5,2,7,3877.5,3525.0,1615.5
2024-07-31 19:00:00,4090.5,2,7,4474.5,3877.5,4090.5
2024-07-31 20:00:00,4039.5,2,7,4090.5,4474.5,4039.5
2024-07-31 21:00:00,4405.5,2,7,4039.5,4090.5,4405.5
2024-07-31 22:00:00,3639.0,2,7,4405.5,4039.5,3639.0
2024-07-31 23:00:00,3730.5,2,7,3639.0,4405.5,3730.5
2024-08-01 00:00:00,4008.0,3,8,3730.5,3639.0,4008.0
2024-08-01 01:00:00,4170.0,3,8,4008.0,3730.5,4170.0
2024-08-01 02:00:00,4284.0,3,8,4170.0,4008.0,4284.0
2024-08-01 03:00:00,4051.5,3,8,4284.0,4170.0,4051.5
2024-08-01 04:00:00,4260.0,3,8,4051.5,4284.0,4260.0
2024-08-01 05:00:00,4185.0,3,8,4260.0,4051.5,4185.0
2024-08-01 06:00:00,3987.0,3,8,4185.0,4260.0,4185.0
2024-08-01 07:00:00,3166.5,3,8,3987.0,4185.0,4185.0
2024-08-01 08:00:00,3003.0,3,8,3166.5,3987.0,4185.0
2024-08-01 09:00:00,2917.5,3,8,3003.0,3166.5,4185.0
2024-08-01 10:00:00,2329.5,3,8,2917.5,3003.0,4185.0
2024-08-01 11:00:00,2440.5,3,8,2329.5,2917.5,4185.0
2024-08-01 12:00:00,2821.5,3,8,2440.5,2329.5,4185.0
2024-08-01 13:00:00,3111.0,3,8,2821.5,2440.5,4185.0
2024-08-01 14:00:00,3901.5,3,8,3111.0,2821.5,4185.0
2024-08-01 15:00:00,3564.0,3,8,3901.5,3111.0,4185.0
2024-08-01 16:00:00,3456.0,3,8,3564.0,3901.5,4185.0
2024-08-01 17:00:00,3732.0,3,8,3456.0,3564.0,4185.0
2024-08-01 18:00:00,4182.0,3,8,3732.0,3456.0,4185.0
2024-08-01 19:00:00,4243.5,3,8,4182.0,3732.0,4243.5
2024-08-01 20:00:00,4357.5,3,8,4243.5,4182.0,4357.5
2024-08-01 21:00:00,4485.0,3,8,4357.5,4243.5,4485.0
2024-08-01 22:00:00,3658.5,3,8,4485.0,4357.5,3658.5
2024-08-01 23:00:00,4074.0,3,8,3658.5,4485.0,4074.0
2024-08-02 00:00:00,4083.0,4,8,4074.0,3658.5,4083.0
2024-08-02 01:00:00,3469.5,4,8,4083.0,4074.0,3469.5
2024-08-02 02:00:00,3550.5,4,8,3469.5,4083.0,3550.5
2024-08-02 03:00:00,3516.0,4,8,3550.5,3469.5,3516.0
2024-08-02 04:00:00,3735.0,4,8,3516.0,3550.5,3735.0
2024-08-02 05:00:00,4008.0,4,8,3735.0,3516.0,4008.0
2024-08-02 06:00:00,3918.0,4,8,4008.0,3735.0,4008.0
2024-08-02 07:00:00,3696.0,4,8,3918.0,4008.0,4008.0
2024-08-02 08:00:00,3399.0,4,8,3696.0,3918.0,4008.0
2024-08-02 09:00:00,2434.5,4,8,3399.0,3696.0,4008.0
2024-08-02 10:00:00,2511.0,4,8,2434.5,3399.0,4008.0
2024-08-02 11:00:00,2178.0,4,8,2511.0,2434.5,4008.0
2024-08-02 12:00:00,2505.0,4,8,2178.0,2511.0,4008.0
2024-08-02 13:00:00,2785.5,4,8,2505.0,2178.0,4008.0
2024-08-02 14:00:00,2206.5,4,8,2785.5,2505.0,4008.0
2024-08-02 15:00:00,2854.5,4,8,2206.5,2785.5,4008.0
2024-08-02 16:00:00,4392.0,4,8,2854.5,2206.5,4008.0
2024-08-02 17:00:00,3655.5,4,8,4392.0,2854.5,4008.0
2024-08-02 18:00:00,4563.0,4,8,3655.5,4392.0,4008.0
2024-08-02 19:00:00,4075.5,4,8,4563.0,3655.5,4075.5
2024-08-02 20:00:00,3961.5,4,8,4075.5,4563.0,3961.5
2024-08-02 21:00:00,4575.0,4,8,3961.5,4075.5,4575.0
2024-08-02 22:00:00,4074.0,4,8,4575.0,3961.5,4074.0
2024-08-02 23:00:00,3630.0,4,8,4074.0,4575.0,3630.0
2024-08-03 00:00:00,4278.0,5,8,3630.0,4074.0,4278.0
2024-08-03 01:00:00,4365.0,5,8,4278.0,3630.0,4365.0
2024-08-03 02:00:00,4003.5,5,8,4365.0,4278.0,4003.5
2024-08-03 03:00:00,4128.0,5,8,4003.5,4365.0,4128.0
2024-08-03 04:00:00,3718.5,5,8,4128.0,4003.5,3718.5
2024-08-03 05:00:00,4314.0,5,8,3718.5,4128.0,4314.0
2024-08-03 06:00:00,4228.5,5,8,4314.0,3718.5,4314.0
2024-08-03 07:00:00,3256.5,5,8,4228.5,4314.0,4314.0
2024-08-03 08:00:00,3339.0,5,8,3256.5,4228.5,4314.0
2024-08-03 09:00:00,3492.0,5,8,3339.0,3256.5,4314.0
2024-08-03 10:00:00,2941.5,5,8,3492.0,3339.0,4314.0
2024-08-03 11:00:00,2553.0,5,8,2941.5,3492.0,4314.0
2024-08-03 12:00:00,1765.5,5,8,2553.0,2941.5,4314.0
2024-08-03 13:00:00,2358.0,5,8,1765.5,2553.0,4314.0
2024-08-03 14:00:00,3471.0,5,8,2358.0,1765.5,4314.0
2024-08-03 15:00:00,2952.0,5,8,3471.0,2358.0,4314.0
2024-08-03 16:00:00,3777.0,5,8,2952.0,3471.0,4314.0
2024-08-03 17:00:00,3402.0,5,8,3777.0,2952.0,4314.0
2024-08-03 18:00:00,4053.0,5,8,3402.0,3777.0,4314.0
2024-08-03 19:00:00,4158.0,5,8,4053.0,3402.0,4158.0
2024-08-03 20:00:00,3942.0,5,8,4158.0,4053.0,3942.0
2024-08-03 21:00:00,4528.5,5,8,3942.0,4158.0,4528.5
2024-08-03 22:00:00,3637.5,5,8,4528.5,3942.0,3637.5
2024-08-03 23:00:00,3687.0,5,8,3637.5,4528.5,3687.0
2024-08-04 00:00:00,3861.0,6,8,3687.0,3637.5,3861.0
2024-08-04 01:00:00,4123.5,6,8,3861.0,3687.0,4123.5
2024-08-04 02:00:00,4413.0,6,8,4123.5,3861.0,4413.0
2024-08-04 03:00:00,4447.5,6,8,4413.0,4123.5,4447.5
2024-08-04 04:00:00,4119.0,6,8,4447.5,4413.0,4119.0
2024-08-04 05:00:00,3822.0,6,8,4119.0,4447.5,3822.0
2024-08-04 06:00:00,4033.5,6,8,3822.0,4119.0,3822.0
2024-08-04 07:00:00,3100.5,6,8,4033.5,3822.0,3822.0
2024-08-04 08:00:00,2500.5,6,8,3100.5,4033.5,3822.0
2024-08-04 09:00:00,1065.0,6,8,2500.5,3100.5,3822.0
2024-08-04 10:00:00,1270.5,6,8,1065.0,2500.5,3822.0
2024-08-04 11:00:00,1606.5,6,8,1270.5,1065.0,3822.0
2024-08-04 12:00:00,1813.5,6,8,1606.5,1270.5,3822.0
2024-08-04 13:00:00,1686.0,6,8,1813.5,1606.5,3822.0
2024-08-04 14:00:00,1948.5,6,8,1686.0,1813.5,3822.0
2024-08-04 15:00:00,2562.0,6,8,1948.5,1686.0,3822.0
2024-08-04 16:00:00,3123.0,6,8,2562.0,1948.5,3822.0
2024-08-04 17:00:00,3679.5,6,8,3123.0,2562.0,3822.0
2024-08-04 18:00:00,4291.5,6,8,3679.5,3123.0,3822.0
2024-08-04 19:00:00,4053.0,6,8,4291.5,3679.5,4053.0
2024-08-04 20:00:00,3970.5,6,8,4053.0,4291.5,3970.5
2024-08-04 21:00:00,3972.0,6,8,3970.5,4053.0,3972.0
2024-08-04 22:00:00,3690.0,6,8,3972.0,3970.5,3690.0
2024-08-04 23:00:00,3859.5,6,8,3690.0,3972.0,3859.5
2024-08-05 00:00:00,4134.0,0,8,3859.5,3690.0,4134.0
2024-08-05 01:00:00,4498.5,0,8,4134.0,3859.5,4498.5
2024-08-05 02:00:00,4056.0,0,8,4498.5,4134.0,4056.0
2024-08-05 03:00:00,4281.0,0,8,4056.0,4498.5,4281.0
2024-08-05 04:00:00,4228.5,0,8,4281.0,4056.0,4228.5
2024-08-05 05:00:00,3360.0,0,8,4228.5,4281.0,3360.0
2024-08-05 06:00:00,2605.5,0,8,3360.0,4228.5,3360.0
2024-08-05 07:00:00,2259.0,0,8,2605.5,3360.0,3360.0
2024-08-05 08:00:00,1665.0,0,8,2259.0,2605.5,3360.0
2024-08-05 09:00:00,1203.0,0,8,1665.0,2259.0,3360.0
2024-08-05 10:00:00,1213.5,0,8,1203.0,1665.0,3360.0
2024-08-05 11:00:00,1194.0,0,8,1213.5,1203.0,3360.0
2024-08-05 12:00:00,1149.0,0,8,1194.0,1213.5,3360.0
2024-08-05 13:00:00,1620.0,0,8,1149.0,1194.0,3360.0
2024-08-05 14:00:00,1615.5,0,8,1620.0,1149.0,3360.0
2024-08-05 15:00:00,2272.5,0,8,1615.5,1620.0,3360.0
2024-08-05 16:00:00,1794.0,0,8,2272.5,1615.5,3360.0
2024-08-05 17:00:00,2238.0,0,8,1794.0,2272.5,3360.0
2024-08-05 18:00:00,2295.0,0,8,2238.0,1794.0,3360.0
2024-08-05 19:00:00,2629.5,0,8,2295.0,2238.0,2629.5
2024-08-05 20:00:00,2739.0,0,8,2629.5,2295.0,2739.0
2024-08-05 21:00:00,2761.5,0,8,2739.0,2629.5,2761.5
2024-08-05 22:00:00,1914.0,0,8,2761.5,2739.0,1914.0
2024-08-05 23:00:00,2652.0,0,8,1914.0,2761.5,2652.0
2024-08-06 00:00:00,2680.5,1,8,2652.0,1914.0,2680.5
2024-08-06 01:00:00,2607.0,1,8,2680.5,2652.0,2607.0
2024-08-06 02:00:00,2595.0,1,8,2607.0,2680.5,2595.0
2024-08-06 03:00:00,2589.0,1,8,2595.0,2607.0,2589.0
2024-08-06 04:00:00,2322.0,1,8,2589.0,2595.0,2322.0
2024-08-06 05:00:00,2196.0,1,8,2322.0,2589.0,2196.0
2024-08-06 06:00:00,2566.5,1,8,2196.0,2322.0,2196.0
2024-08-06 07:00:00,2253.0,1,8,2566.5,2196.0,2196.0
2024-08-06 08:00:00,1590.0,1,8,2253.0,2566.5,2196.0
2024-08-06 09:00:00,1456.5,1,8,1590.0,2253.0,2196.0
2024-08-06 10:00:00,915.0,1,8,1456.5,1590.0,2196.0
2024-08-06 11:00:00,1291.5,1,8,915.0,1456.5,2196.0
2024-08-06 12:00:00,754.5,1,8,1291.5,915.0,2196.0
2024-08-06 13:00:00,868.5,1,8,754.5,1291.5,2196.0
2024-08-06 14:00:00,1080.0,1,8,868.5,754.5,2196.0
2024-08-06 15:00:00,1057.5,1,8,1080.0,868.5,2196.0
2024-08-06 16:00:00,1924.5,1,8,1057.5,1080.0,2196.0
2024-08-06 17:00:00,2604.0,1,8,1924.5,1057.5,2196.0
2024-08-06 18:00:00,2796.0,1,8,2604.0,1924.5,2196.0
2024-08-06 19:00:00,2818.5,1,8,2796.0,2604.0,2818.5
2024-08-06 20:00:00,2827.5,1,8,2818.5,2796.0,2827.5
2024-08-06 21:00:00,2326.5,1,8,2827.5,2818.5,2326.5
2024-08-06 22:00:00,2500.5,1,8,2326.5,2827.5,2500.5
2024-08-06 23:00:00,1474.5,1,8,2500.5,2326.5,1474.5
2024-08-07 00:00:00,1377.0,2,8,1474.5,2500.5,1377.0
2024-08-07 01:00:00,1273.5,2,8,1377.0,1474.5,1273.5
2024-08-07 02:00:00,1354.5,2,8,1273.5,1377.0,1354.5
2024-08-07 03:00:00,1339.5,2,8,1354.5,1273.5,1339.5
2024-08-07 04:00:00,1243.5,2,8,1339.5,1354.5,1243.5
2024-08-07 05:00:00,1270.5,2,8,1243.5,1339.5,1270.5
2024-08-07 06:00:00,1164.0,2,8,1270.5,1243.5,1270.5
2024-08-07 07:00:00,130.5,2,8,1164.0,1270.5,1270.5
2024-08-07 08:00:00,982.5,2,8,130.5,1164.0,1270.5
2024-08-07 09:00:00,1036.5,2,8,982.5,130.5,1270.5
2024-08-07 10:00:00,871.5,2,8,1036.5,982.5,1270.5
2024-08-07 11:00:00,993.0,2,8,871.5,1036.5,1270.5
2024-08-07 12:00:00,597.0,2,8,993.0,871.5,1270.5
2024-08-07 13:00:00,1245.0,2,8,597.0,993.0,1270.5
2024-08-07 14:00:00,1495.5,2,8,1245.0,597.0,1270.5
2024-08-07 15:00:00,1543.5,2,8,1495.5,1245.0,1270.5
2024-08-07 16:00:00,1513.5,2,8,1543.5,1495.5,1270.5
2024-08-07 17:00:00,1519.5,2,8,1513.5,1543.5,1270.5
2024-08-07 18:00:00,2076.0,2,8,1519.5,1513.5,1270.5
2024-08-07 19:00:00,2071.5,2,8,2076.0,1519.5,2071.5
2024-08-07 20:00:00,2076.0,2,8,2071.5,2076.0,2076.0
2024-08-07 21:00:00,1848.0,2,8,2076.0,2071.5,1848.0
2024-08-07 22:00:00,1885.5,2,8,1848.0,2076.0,1885.5
2024-08-07 23:00:00,2001.0,2,8,1885.5,1848.0,2001.0
2024-08-08 00:00:00,1989.0,3,8,2001.0,1885.5,1989.0
2024-08-08 01:00:00,1927.5,3,8,1989.0,2001.0,1927.5
2024-08-08 02:00:00,2118.0,3,8,1927.5,1989.0,2118.0
2024-08-08 03:00:00,1770.0,3,8,2118.0,1927.5,1770.0
2024-08-08 04:00:00,1864.5,3,8,1770.0,2118.0,1864.5
2024-08-08 05:00:00,1905.0,3,8,1864.5,1770.0,1905.0
2024-08-08 06:00:00,2023.5,3,8,1905.0,1864.5,1905.0
2024-08-08 07:00:00,1338.0,3,8,2023.5,1905.0,1905.0
2024-08-08 08:00:00,1317.0,3,8,1338.0,2023.5,1905.0
2024-08-08 09:00:00,942.0,3,8,1317.0,1338.0,1905.0
2024-08-08 10:00:00,780.0,3,8,942.0,1317.0,1905.0
2024-08-08 11:00:00,540.0,3,8,780.0,942.0,1905.0
2024-08-08 12:00:00,657.0,3,8,540.0,780.0,1905.0
2024-08-08 13:00:00,993.0,3,8,657.0,540.0,1905.0
2024-08-08 14:00:00,1320.0,3,8,993.0,657.0,1905.0
2024-08-08 15:00:00,1152.0,3,8,1320.0,993.0,1905.0
2024-08-08 16:00:00,1582.5,3,8,1152.0,1320.0,1905.0
2024-08-08 17:00:00,2002.5,3,8,1582.5,1152.0,1905.0
2024-08-08 18:00:00,1927.5,3,8,2002.5,1582.5,1905.0
2024-08-08 19:00:00,1917.0,3,8,1927.5,2002.5,1917.0
2024-08-08 20:00:00,1990.5,3,8,1917.0,1927.5,1990.5
2024-08-08 21:00:00,1842.0,3,8,1990.5,1917.0,1842.0
2024-08-08 22:00:00,1741.5,3,8,1842.0,1990.5,1741.5
2024-08-08 23:00:00,1978.5,3,8,1741.5,1842.0,1978.5
2024-08-09 00:00:00,1800.0,4,8,1978.5,1741.5,1800.0
2024-08-09 01:00:00,1824.0,4,8,1800.0,1978.5,1824.0
2024-08-09 02:00:00,1993.5,4,8,1824.0,1800.0,1993.5
2024-08-09 03:00:00,2193.0,4,8,1993.5,1824.0,2193.0
2024-08-09 04:00:00,1953.0,4,8,2193.0,1993.5,1953.0
2024-08-09 05:00:00,2031.0,4,8,1953.0,2193.0,2031.0
2024-08-09 06:00:00,1678.5,4,8,2031.0,1953.0,2031.0
2024-08-09 07:00:00,1398.0,4,8,1678.5,2031.0,2031.0
2024-08-09 08:00:00,942.0,4,8,1398.0,1678.5,2031.0
2024-08-09 09:00:00,1080.0,4,8,942.0,1398.0,2031.0
2024-08-09 10:00:00,592.5,4,8,1080.0,942.0,2031.0
2024-08-09 11:00:00,570.0,4,8,592.5,1080.0,2031.0
2024-08-09 12:00:00,555.0,4,8,570.0,592.5,2031.0
2024-08-09 13:00:00,834.0,4,8,555.0,570.0,2031.0
2024-08-09 14:00:00,1341.0,4,8,834.0,555.0,2031.0
2024-08-09 15:00:00,1453.5,4,8,1341.0,834.0,2031.0
2024-08-09 16:00:00,1878.0,4,8,1453.5,1341.0,2031.0
2024-08-09 17:00:00,1878.0,4,8,1878.0,1453.5,2031.0
2024-08-09 18:00:00,1962.0,4,8,1878.0,1878.0,2031.0
2024-08-09 19:00:00,1768.5,4,8,1962.0,1878.0,1768.5
2024-08-09 20:00:00,1950.0,4,8,1768.5,1962.0,1950.0
2024-08-09 21:00:00,1947.0,4,8,1950.0,1768.5,1947.0
2024-08-09 22:00:00,1737.0,4,8,1947.0,1950.0,1737.0
2024-08-09 23:00:00,1779.0,4,8,1737.0,1947.0,1779.0
2024-08-10 00:00:00,2040.0,5,8,1779.0,1737.0,2040.0
2024-08-10 01:00:00,1870.5,5,8,2040.0,1779.0,1870.5
2024-08-10 02:00:00,1695.0,5,8,1870.5,2040.0,1695.0
2024-08-10 03:00:00,1683.0,5,8,1695.0,1870.5,1683.0
2024-08-10 04:00:00,1936.5,5,8,1683.0,1695.0,1936.5
2024-08-10 05:00:00,2113.5,5,8,1936.5,1683.0,2113.5
2024-08-10 06:00:00,1987.5,5,8,2113.5,1936.5,2113.5
2024-08-10 07:00:00,1539.0,5,8,1987.5,2113.5,2113.5
2024-08-10 08:00:00,859.5,5,8,1539.0,1987.5,2113.5
2024-08-10 09:00:00,952.5,5,8,859.5,1539.0,2113.5
2024-08-10 10:00:00,1068.0,5,8,952.5,859.5,2113.5
2024-08-10 11:00:00,634.5,5,8,1068.0,952.5,2113.5
2024-08-10 12:00:00,660.0,5,8,634.5,1068.0,2113.5
2024-08-10 13:00:00,1383.0,5,8,660.0,634.5,2113.5
2024-08-10 14:00:00,1558.5,5,8,1383.0,660.0,2113.5
2024-08-10 15:00:00,1228.5,5,8,1558.5,1383.0,2113.5
2024-08-10 16:00:00,1344.0,5,8,1228.5,1558.5,2113.5
2024-08-10 17:00:00,1846.5,5,8,1344.0,1228.5,2113.5
2024-08-10 18:00:00,2052.0,5,8,1846.5,1344.0,2113.5
2024-08-10 19:00:00,1629.0,5,8,2052.0,1846.5,1629.0
2024-08-10 20:00:00,2083.5,5,8,1629.0,2052.0,2083.5
2024-08-10 21:00:00,1830.0,5,8,2083.5,1629.0,1830.0
2024-08-10 22:00:00,1807.5,5,8,1830.0,2083.5,1807.5
2024-08-10 23:00:00,1698.0,5,8,1807.5,1830.0,1698.0
2024-08-11 00:00:00,1869.0,6,8,1698.0,1807.5,1869.0
2024-08-11 01:00:00,2215.5,6,8,1869.0,1698.0,2215.5
2024-08-11 02:00:00,2139.0,6,8,2215.5,1869.0,2139.0
2024-08-11 03:00:00,1804.5,6,8,2139.0,2215.5,1804.5
2024-08-11 04:00:00,1717.5,6,8,1804.5,2139.0,1717.5
2024-08-11 05:00:00,2074.5,6,8,1717.5,1804.5,2074.5
2024-08-11 06:00:00,1182.0,6,8,2074.5,1717.5,2074.5
2024-08-11 07:00:00,631.5,6,8,1182.0,2074.5,2074.5
2024-08-11 08:00:00,81.0,6,8,631.5,1182.0,2074.5
2024-08-11 09:00:00,16.5,6,8,81.0,631.5,2074.5
2024-08-11 10:00:00,7.5,6,8,16.5,81.0,2074.5
2024-08-11 11:00:00,91.5,6,8,7.5,16.5,2074.5
2024-08-11 12:00:00,124.5,6,8,91.5,7.5,2074.5
2024-08-11 13:00:00,72.0,6,8,124.5,91.5,2074.5
2024-08-11 14:00:00,81.0,6,8,72.0,124.5,2074.5
2024-08-11 15:00:00,102.0,6,8,81.0,72.0,2074.5
2024-08-11 16:00:00,79.5,6,8,102.0,81.0,2074.5
2024-08-11 17:00:00,105.0,6,8,79.5,102.0,2074.5
2024-08-11 18:00:00,195.0,6,8,105.0,79.5,2074.5
2024-08-11 19:00:00,289.5,6,8,195.0,105.0,289.5
2024-08-11 20:00:00,1006.5,6,8,289.5,195.0,1006.5
2024-08-11 21:00:00,1993.5,6,8,1006.5,289.5,1993.5
2024-08-11 22:00:00,2328.0,6,8,1993.5,1006.5,2328.0
2024-08-11 23:00:00,2397.0,6,8,2328.0,1993.5,2397.0
2024-08-12 00:00:00,2412.0,0,8,2397.0,2328.0,2412.0
2024-08-12 01:00:00,2289.0,0,8,2412.0,2397.0,2289.0
2024-08-12 02:00:00,2058.0,0,8,2289.0,2412.0,2058.0
2024-08-12 03:00:00,2425.5,0,8,2058.0,2289.0,2425.5
2024-08-12 04:00:00,1887.0,0,8,2425.5,2058.0,1887.0
2024-08-12 05:00:00,856.5,0,8,1887.0,2425.5,856.5
2024-08-12 06:00:00,645.0,0,8,856.5,1887.0,856.5
2024-08-12 07:00:00,450.0,0,8,645.0,856.5,856.5
2024-08-12 08:00:00,1879.5,0,8,450.0,645.0,856.5
2024-08-12 09:00:00,2847.0,0,8,1879.5,450.0,856.5
2024-08-12 10:00:00,2631.0,0,8,2847.0,1879.5,856.5
2024-08-12 11:00:00,2286.0,0,8,2631.0,2847.0,856.5
2024-08-12 12:00:00,2520.0,0,8,2286.0,2631.0,856.5
2024-08-12 13:00:00,3193.5,0,8,2520.0,2286.0,856.5
2024-08-12 14:00:00,2806.5,0,8,3193.5,2520.0,856.5
2024-08-12 15:00:00,3321.0,0,8,2806.5,3193.5,856.5
2024-08-12 16:00:00,3193.5,0,8,3321.0,2806.5,856.5
2024-08-12 17:00:00,3468.0,0,8,3193.5,3321.0,856.5
2024-08-12 18:00:00,4068.0,0,8,3468.0,3193.5,856.5
2024-08-12 19:00:00,3858.0,0,8,4068.0,3468.0,3858.0
2024-08-12 20:00:00,4000.5,0,8,3858.0,4068.0,4000.5
2024-08-12 21:00:00,4465.5,0,8,4000.5,3858.0,4465.5
2024-08-12 22:00:00,3826.5,0,8,4465.5,4000.5,3826.5
2024-08-12 23:00:00,3706.5,0,8,3826.5,4465.5,3706.5
2024-08-13 00:00:00,4105.5,1,8,3706.5,3826.5,4105.5
2024-08-13 01:00:00,4216.5,1,8,4105.5,3706.5,4216.5
2024-08-13 02:00:00,3777.0,1,8,4216.5,4105.5,3777.0
2024-08-13 03:00:00,3789.0,1,8,3777.0,4216.5,3789.0
2024-08-13 04:00:00,4228.5,1,8,3789.0,3777.0,4228.5
2024-08-13 05:00:00,3735.0,1,8,4228.5,3789.0,3735.0
2024-08-13 06:00:00,3790.5,1,8,3735.0,4228.5,3735.0
2024-08-13 07:00:00,3606.0,1,8,3790.5,3735.0,3735.0
2024-08-13 08:00:00,2572.5,1,8,3606.0,3790.5,3735.0
2024-08-13 09:00:00,2178.0,1,8,2572.5,3606.0,3735.0
2024-08-13 10:00:00,1809.0,1,8,2178.0,2572.5,3735.0
2024-08-13 11:00:00,1476.0,1,8,1809.0,2178.0,3735.0
2024-08-13 12:00:00,1516.5,1,8,1476.0,1809.0,3735.0
2024-08-13 13:00:00,1084.5,1,8,1516.5,1476.0,3735.0
2024-08-13 14:00:00,3073.5,1,8,1084.5,1516.5,3735.0
2024-08-13 15:00:00,4005.0,1,8,3073.5,1084.5,3735.0
2024-08-13 16:00:00,4318.5,1,8,4005.0,3073.5,3735.0
2024-08-13 17:00:00,4134.0,1,8,4318.5,4005.0,3735.0
2024-08-13 18:00:00,4509.0,1,8,4134.0,4318.5,3735.0
2024-08-13 19:00:00,3640.5,1,8,4509.0,4134.0,3640.5
2024-08-13 20:00:00,4011.0,1,8,3640.5,4509.0,4011.0
2024-08-13 21:00:00,4282.5,1,8,4011.0,3640.5,4282.5
2024-08-13 22:00:00,3805.5,1,8,4282.5,4011.0,3805.5
2024-08-13 23:00:00,3511.5,1,8,3805.5,4282.5,3511.5
2024-08-14 00:00:00,4233.0,2,8,3511.5,3805.5,4233.0
2024-08-14 01:00:00,3285.0,2,8,4233.0,3511.5,3285.0
2024-08-14 02:00:00,2658.0,2,8,3285.0,4233.0,2658.0
2024-08-14 03:00:00,2619.0,2,8,2658.0,3285.0,2619.0
2024-08-14 04:00:00,2838.0,2,8,2619.0,2658.0,2838.0
2024-08-14 05:00:00,2821.5,2,8,2838.0,2619.0,2821.5
2024-08-14 06:00:00,2544.0,2,8,2821.5,2838.0,2821.5
2024-08-14 07:00:00,2011.5,2,8,2544.0,2821.5,2821.5
2024-08-14 08:00:00,967.5,2,8,2011.5,2544.0,2821.5
2024-08-14 09:00:00,987.0,2,8,967.5,2011.5,2821.5
2024-08-14 10:00:00,733.5,2,8,987.0,967.5,2821.5
2024-08-14 11:00:00,703.5,2,8,733.5,987.0,2821.5
2024-08-14 12:00:00,684.0,2,8,703.5,733.5,2821.5
2024-08-14 13:00:00,775.5,2,8,684.0,703.5,2821.5
2024-08-14 14:00:00,787.5,2,8,775.5,684.0,2821.5
2024-08-14 15:00:00,1524.0,2,8,787.5,775.5,2821.5
2024-08-14 16:00:00,1654.5,2,8,1524.0,787.5,2821.5
2024-08-14 17:00:00,1389.0,2,8,1654.5,1524.0,2821.5
2024-08-14 18:00:00,1888.5,2,8,1389.0,1654.5,2821.5
2024-08-14 19:00:00,1878.0,2,8,1888.5,1389.0,1878.0
2024-08-14 20:00:00,1851.0,2,8,1878.0,1888.5,1851.0
2024-08-14 21:00:00,1977.0,2,8,1851.0,1878.0,1977.0
2024-08-14 22:00:00,2092.5,2,8,1977.0,1851.0,2092.5
2024-08-14 23:00:00,1765.5,2,8,2092.5,1977.0,1765.5
2024-08-15 00:00:00,1588.5,3,8,1765.5,2092.5,1588.5
2024-08-15 01:00:00,1912.5,3,8,1588.5,1765.5,1912.5
2024-08-15 02:00:00,1815.0,3,8,1912.5,1588.5,1815.0
2024-08-15 03:00:00,1876.5,3,8,1815.0,1912.5,1876.5
2024-08-15 04:00:00,1687.5,3,8,1876.5,1815.0,1687.5
2024-08-15 05:00:00,1615.5,3,8,1687.5,1876.5,1615.5
2024-08-15 06:00:00,1555.5,3,8,1615.5,1687.5,1615.5
2024-08-15 07:00:00,1530.0,3,8,1555.5,1615.5,1615.5
2024-08-15 08:00:00,1275.0,3,8,1530.0,1555.5,1615.5
2024-08-15 09:00:00,669.0,3,8,1275.0,1530.0,1615.5
2024-08-15 10:00:00,639.0,3,8,669.0,1275.0,1615.5
2024-08-15 11:00:00,744.0,3,8,639.0,669.0,1615.5
2024-08-15 12:00:00,775.5,3,8,744.0,639.0,1615.5
2024-08-15 13:00:00,1284.0,3,8,775.5,744.0,1615.5
2024-08-15 14:00:00,1855.5,3,8,1284.0,775.5,1615.5
2024-08-15 15:00:00,1471.5,3,8,1855.5,1284.0,1615.5
2024-08-15 16:00:00,1686.0,3,8,1471.5,1855.5,1615.5
2024-08-15 17:00:00,1909.5,3,8,1686.0,1471.5,1615.5
2024-08-15 18:00:00,1986.0,3,8,1909.5,1686.0,1615.5
2024-08-15 19:00:00,1837.5,3,8,1986.0,1909.5,1837.5
2024-08-15 20:00:00,1954.5,3,8,1837.5,1986.0,1954.5
2024-08-15 21:00:00,1834.5,3,8,1954.5,1837.5,1834.5
2024-08-15 22:00:00,1836.0,3,8,1834.5,1954.5,1836.0
2024-08-15 23:00:00,2061.0,3,8,1836.0,1834.5,2061.0
2024-08-16 00:00:00,1660.5,4,8,2061.0,1836.0,1660.5
2024-08-16 01:00:00,1948.5,4,8,1660.5,2061.0,1948.5
2024-08-16 02:00:00,1711.5,4,8,1948.5,1660.5,1711.5
2024-08-16 03:00:00,1741.5,4,8,1711.5,1948.5,1741.5
2024-08-16 04:00:00,2032.5,4,8,1741.5,1711.5,2032.5
2024-08-16 05:00:00,1821.0,4,8,2032.5,1741.5,1821.0
2024-08-16 06:00:00,1818.0,4,8,1821.0,2032.5,1821.0
2024-08-16 07:00:00,1519.5,4,8,1818.0,1821.0,1821.0
2024-08-16 08:00:00,951.0,4,8,1519.5,1818.0,1821.0
2024-08-16 09:00:00,717.0,4,8,951.0,1519.5,1821.0
2024-08-16 10:00:00,637.5,4,8,717.0,951.0,1821.0
2024-08-16 11:00:00,1062.0,4,8,637.5,717.0,1821.0
2024-08-16 12:00:00,894.0,4,8,1062.0,637.5,1821.0
2024-08-16 13:00:00,673.5,4,8,894.0,1062.0,1821.0
2024-08-16 14:00:00,1015.5,4,8,673.5,894.0,1821.0
2024-08-16 15:00:00,1000.5,4,8,1015.5,673.5,1821.0
2024-08-16 16:00:00,1104.0,4,8,1000.5,1015.5,1821.0
2024-08-16 17:00:00,1507.5,4,8,1104.0,1000.5,1821.0
2024-08-16 18:00:00,1639.5,4,8,1507.5,1104.0,1821.0
2024-08-16 19:00:00,1692.0,4,8,1639.5,1507.5,1692.0
2024-08-16 20:00:00,2047.5,4,8,1692.0,1639.5,2047.5
2024-08-16 21:00:00,2052.0,4,8,2047.5,1692.0,2052.0
2024-08-16 22:00:00,1963.5,4,8,2052.0,2047.5,1963.5
2024-08-16 23:00:00,2100.0,4,8,1963.5,2052.0,2100.0
2024-08-17 00:00:00,1713.0,5,8,2100.0,1963.5,1713.0
2024-08-17 01:00:00,1732.5,5,8,1713.0,2100.0,1732.5
2024-08-17 02:00:00,1591.5,5,8,1732.5,1713.0,1591.5
2024-08-17 03:00:00,1557.0,5,8,1591.5,1732.5,1557.0
2024-08-17 04:00:00,1567.5,5,8,1557.0,1591.5,1567.5
2024-08-17 05:00:00,1570.5,5,8,1567.5,1557.0,1570.5
2024-08-17 06:00:00,1761.0,5,8,1570.5,1567.5,1570.5
2024-08-17 07:00:00,1765.5,5,8,1761.0,1570.5,1570.5
2024-08-17 08:00:00,1498.5,5,8,1765.5,1761.0,1570.5
2024-08-17 09:00:00,1518.0,5,8,1498.5,1765.5,1570.5
2024-08-17 10:00:00,1453.5,5,8,1518.0,1498.5,1570.5
2024-08-17 11:00:00,1071.0,5,8,1453.5,1518.0,1570.5
2024-08-17 12:00:00,514.5,5,8,1071.0,1453.5,1570.5
2024-08-17 13:00:00,831.0,5,8,514.5,1071.0,1570.5
2024-08-17 14:00:00,741.0,5,8,831.0,514.5,1570.5
2024-08-17 15:00:00,960.0,5,8,741.0,831.0,1570.5
2024-08-17 16:00:00,2029.5,5,8,960.0,741.0,1570.5
2024-08-17 17:00:00,1593.0,5,8,2029.5,960.0,1570.5
2024-08-17 18:00:00,1555.5,5,8,1593.0,2029.5,1570.5
2024-08-17 19:00:00,2019.0,5,8,1555.5,1593.0,2019.0
2024-08-17 20:00:00,2076.0,5,8,2019.0,1555.5,2076.0
2024-08-17 21:00:00,1962.0,5,8,2076.0,2019.0,1962.0
2024-08-17 22:00:00,1947.0,5,8,1962.0,2076.0,1947.0
2024-08-17 23:00:00,1971.0,5,8,1947.0,1962.0,1971.0
2024-08-18 00:00:00,1693.5,6,8,1971.0,1947.0,1693.5
2024-08-18 01:00:00,1774.5,6,8,1693.5,1971.0,1774.5
2024-08-18 02:00:00,1663.5,6,8,1774.5,1693.5,1663.5
2024-08-18 03:00:00,1978.5,6,8,1663.5,1774.5,1978.5
2024-08-18 04:00:00,1611.0,6,8,1978.5,1663.5,1611.0
2024-08-18 05:00:00,1771.5,6,8,1611.0,1978.5,1771.5
2024-08-18 06:00:00,1641.0,6,8,1771.5,1611.0,1771.5
2024-08-18 07:00:00,1473.0,6,8,1641.0,1771.5,1771.5
2024-08-18 08:00:00,798.0,6,8,1473.0,1641.0,1771.5
2024-08-18 09:00:00,813.0,6,8,798.0,1473.0,1771.5
2024-08-18 10:00:00,843.0,6,8,813.0,798.0,1771.5
2024-08-18 11:00:00,588.0,6,8,843.0,813.0,1771.5
2024-08-18 12:00:00,567.0,6,8,588.0,843.0,1771.5
2024-08-18 13:00:00,595.5,6,8,567.0,588.0,1771.5
2024-08-18 14:00:00,712.5,6,8,595.5,567.0,1771.5
2024-08-18 15:00:00,1255.5,6,8,712.5,595.5,1771.5
2024-08-18 16:00:00,1506.0,6,8,1255.5,712.5,1771.5
2024-08-18 17:00:00,1944.0,6,8,1506.0,1255.5,1771.5
2024-08-18 18:00:00,2041.5,6,8,1944.0,1506.0,1771.5
2024-08-18 19:00:00,2104.5,6,8,2041.5,1944.0,2104.5
2024-08-18 20:00:00,1936.5,6,8,2104.5,2041.5,1936.5
2024-08-18 21:00:00,2002.5,6,8,1936.5,2104.5,2002.5
2024-08-18 22:00:00,1821.0,6,8,2002.5,1936.5,1821.0
2024-08-18 23:00:00,2245.5,6,8,1821.0,2002.5,2245.5
2024-08-19 00:00:00,1995.0,0,8,2245.5,1821.0,1995.0
2024-08-19 01:00:00,1794.0,0,8,1995.0,2245.5,1794.0
2024-08-19 02:00:00,1765.5,0,8,1794.0,1995.0,1765.5
2024-08-19 03:00:00,1974.0,0,8,1765.5,1794.0,1974.0
2024-08-19 04:00:00,2041.5,0,8,1974.0,1765.5,2041.5
2024-08-19 05:00:00,1996.5,0,8,2041.5,1974.0,1996.5
2024-08-19 06:00:00,1803.0,0,8,1996.5,2041.5,1996.5
2024-08-19 07:00:00,1551.0,0,8,1803.0,1996.5,1996.5
2024-08-19 08:00:00,1177.5,0,8,1551.0,1803.0,1996.5
2024-08-19 09:00:00,828.0,0,8,1177.5,1551.0,1996.5
2024-08-19 10:00:00,538.5,0,8,828.0,1177.5,1996.5
2024-08-19 11:00:00,555.0,0,8,538.5,828.0,1996.5
2024-08-19 12:00:00,631.5,0,8,555.0,538.5,1996.5
2024-08-19 13:00:00,891.0,0,8,631.5,555.0,1996.5
2024-08-19 14:00:00,1089.0,0,8,891.0,631.5,1996.5
2024-08-19 15:00:00,1261.5,0,8,1089.0,891.0,1996.5
2024-08-19 16:00:00,1536.0,0,8,1261.5,1089.0,1996.5
2024-08-19 17:00:00,1833.0,0,8,1536.0,1261.5,1996.5
2024-08-19 18:00:00,2007.0,0,8,1833.0,1536.0,1996.5
2024-08-19 19:00:00,1744.5,0,8,2007.0,1833.0,1744.5
2024-08-19 20:00:00,1726.5,0,8,1744.5,2007.0,1726.5
2024-08-19 21:00:00,1860.0,0,8,1726.5,1744.5,1860.0
2024-08-19 22:00:00,2094.0,0,8,1860.0,1726.5,2094.0
2024-08-19 23:00:00,1630.5,0,8,2094.0,1860.0,1630.5
2024-08-20 00:00:00,1291.5,1,8,1630.5,2094.0,1291.5
2024-08-20 01:00:00,1282.5,1,8,1291.5,1630.5,1282.5
2024-08-20 02:00:00,1150.5,1,8,1282.5,1291.5,1150.5
2024-08-20 03:00:00,1167.0,1,8,1150.5,1282.5,1167.0
2024-08-20 04:00:00,1105.5,1,8,1167.0,1150.5,1105.5
2024-08-20 05:00:00,945.0,1,8,1105.5,1167.0,945.0
2024-08-20 06:00:00,688.5,1,8,945.0,1105.5,945.0
2024-08-20 07:00:00,768.0,1,8,688.5,945.0,945.0
2024-08-20 08:00:00,274.5,1,8,768.0,688.5,945.0
2024-08-20 09:00:00,49.5,1,8,274.5,768.0,945.0
2024-08-20 10:00:00,54.0,1,8,49.5,274.5,945.0
2024-08-20 11:00:00,138.0,1,8,54.0,49.5,945.0
2024-08-20 12:00:00,46.5,1,8,138.0,54.0,945.0
2024-08-20 13:00:00,9.0,1,8,46.5,138.0,945.0
2024-08-20 14:00:00,7.5,1,8,9.0,46.5,945.0
2024-08-20 15:00:00,21.0,1,8,7.5,9.0,945.0
2024-08-20 16:00:00,138.0,1,8,21.0,7.5,945.0
2024-08-20 17:00:00,190.5,1,8,138.0,21.0,945.0
2024-08-20 18:00:00,252.0,1,8,190.5,138.0,945.0
2024-08-20 19:00:00,267.0,1,8,252.0,190.5,267.0
2024-08-20 20:00:00,262.5,1,8,267.0,252.0,262.5
2024-08-20 21:00:00,265.5,1,8,262.5,267.0,265.5
2024-08-20 22:00:00,328.5,1,8,265.5,262.5,328.5
2024-08-20 23:00:00,352.5,1,8,328.5,265.5,352.5
2024-08-21 00:00:00,333.0,2,8,352.5,328.5,333.0
2024-08-21 01:00:00,316.5,2,8,333.0,352.5,316.5
2024-08-21 02:00:00,295.5,2,8,316.5,333.0,295.5
2024-08-21 03:00:00,280.5,2,8,295.5,316.5,280.5
2024-08-21 04:00:00,276.0,2,8,280.5,295.5,276.0
2024-08-21 05:00:00,235.5,2,8,276.0,280.5,235.5
2024-08-21 06:00:00,100.5,2,8,235.5,276.0,235.5
2024-08-21 07:00:00,10.5,2,8,100.5,235.5,235.5
2024-08-21 08:00:00,10.5,2,8,10.5,100.5,235.5
2024-08-21 09:00:00,6.0,2,8,10.5,10.5,235.5
2024-08-21 10:00:00,52.5,2,8,6.0,10.5,235.5
2024-08-21 11:00:00,63.0,2,8,52.5,6.0,235.5
2024-08-21 12:00:00,24.0,2,8,63.0,52.5,235.5
2024-08-21 13:00:00,16.5,2,8,24.0,63.0,235.5
2024-08-21 14:00:00,40.5,2,8,16.5,24.0,235.5
2024-08-21 15:00:00,91.5,2,8,40.5,16.5,235.5
2024-08-21 16:00:00,169.5,2,8,91.5,40.5,235.5
2024-08-21 17:00:00,99.0,2,8,169.5,91.5,235.5
2024-08-21 18:00:00,228.0,2,8,99.0,169.5,235.5
2024-08-21 19:00:00,231.0,2,8,228.0,99.0,231.0
2024-08-21 20:00:00,498.0,2,8,231.0,228.0,498.0
2024-08-21 21:00:00,1260.0,2,8,498.0,231.0,1260.0
2024-08-21 22:00:00,1744.5,2,8,1260.0,498.0,1744.5
2024-08-21 23:00:00,1881.0,2,8,1744.5,1260.0,1881.0
2024-08-22 00:00:00,1918.5,3,8,1881.0,1744.5,1918.5
2024-08-22 01:00:00,1941.0,3,8,1918.5,1881.0,1941.0
2024-08-22 02:00:00,1876.5,3,8,1941.0,1918.5,1876.5
2024-08-22 03:00:00,1537.5,3,8,1876.5,1941.0,1537.5
2024-08-22 04:00:00,1536.0,3,8,1537.5,1876.5,1536.0
2024-08-22 05:00:00,1636.5,3,8,1536.0,1537.5,1636.5
2024-08-22 06:00:00,1189.5,3,8,1636.5,1536.0,1636.5
2024-08-22 07:00:00,820.5,3,8,1189.5,1636.5,1636.5
2024-08-22 08:00:00,447.0,3,8,820.5,1189.5,1636.5
2024-08-22 09:00:00,391.5,3,8,447.0,820.5,1636.5
2024-08-22 10:00:00,663.0,3,8,391.5,447.0,1636.5
2024-08-22 11:00:00,505.5,3,8,663.0,391.5,1636.5
2024-08-22 12:00:00,711.0,3,8,505.5,663.0,1636.5
2024-08-22 13:00:00,510.0,3,8,711.0,505.5,1636.5
2024-08-22 14:00:00,904.5,3,8,510.0,711.0,1636.5
2024-08-22 15:00:00,1056.0,3,8,904.5,510.0,1636.5
2024-08-22 16:00:00,1318.5,3,8,1056.0,904.5,1636.5
2024-08-22 17:00:00,1260.0,3,8,1318.5,1056.0,1636.5
2024-08-22 18:00:00,1443.0,3,8,1260.0,1318.5,1636.5
2024-08-22 19:00:00,2023.5,3,8,1443.0,1260.0,2023.5
2024-08-22 20:00:00,1912.5,3,8,2023.5,1443.0,1912.5
2024-08-22 21:00:00,1534.5,3,8,1912.5,2023.5,1534.5
2024-08-22 22:00:00,1872.0,3,8,1534.5,1912.5,1872.0
2024-08-22 23:00:00,1924.5,3,8,1872.0,1534.5,1924.5
2024-08-23 00:00:00,1695.0,4,8,1924.5,1872.0,1695.0
2024-08-23 01:00:00,1953.0,4,8,1695.0,1924.5,1953.0
2024-08-23 02:00:00,1678.5,4,8,1953.0,1695.0,1678.5
2024-08-23 03:00:00,1728.0,4,8,1678.5,1953.0,1728.0
2024-08-23 04:00:00,1494.0,4,8,1728.0,1678.5,1494.0
2024-08-23 05:00:00,1531.5,4,8,1494.0,1728.0,1531.5
2024-08-23 06:00:00,1657.5,4,8,1531.5,1494.0,1531.5
2024-08-23 07:00:00,1392.0,4,8,1657.5,1531.5,1531.5
2024-08-23 08:00:00,798.0,4,8,1392.0,1657.5,1531.5
2024-08-23 09:00:00,1086.0,4,8,798.0,1392.0,1531.5
2024-08-23 10:00:00,693.0,4,8,1086.0,798.0,1531.5
2024-08-23 11:00:00,1002.0,4,8,693.0,1086.0,1531.5
2024-08-23 12:00:00,630.0,4,8,1002.0,693.0,1531.5
2024-08-23 13:00:00,538.5,4,8,630.0,1002.0,1531.5
2024-08-23 14:00:00,928.5,4,8,538.5,630.0,1531.5
2024-08-23 15:00:00,1618.5,4,8,928.5,538.5,1531.5
2024-08-23 16:00:00,1815.0,4,8,1618.5,928.5,1531.5
2024-08-23 17:00:00,1840.5,4,8,1815.0,1618.5,1531.5
2024-08-23 18:00:00,1795.5,4,8,1840.5,1815.0,1531.5
2024-08-23 19:00:00,1677.0,4,8,1795.5,1840.5,1677.0
2024-08-23 20:00:00,1923.0,4,8,1677.0,1795.5,1923.0
2024-08-23 21:00:00,1737.0,4,8,1923.0,1677.0,1737.0
2024-08-23 22:00:00,1738.5,4,8,1737.0,1923.0,1738.5
2024-08-23 23:00:00,1641.0,4,8,1738.5,1737.0,1641.0
2024-08-24 00:00:00,1644.0,5,8,1641.0,1738.5,1644.0
2024-08-24 01:00:00,1590.0,5,8,1644.0,1641.0,1590.0
2024-08-24 02:00:00,1597.5,5,8,1590.0,1644.0,1597.5
2024-08-24 03:00:00,1593.0,5,8,1597.5,1590.0,1593.0
2024-08-24 04:00:00,1855.5,5,8,1593.0,1597.5,1855.5
2024-08-24 05:00:00,1870.5,5,8,1855.5,1593.0,1870.5
2024-08-24 06:00:00,1591.5,5,8,1870.5,1855.5,1870.5
2024-08-24 07:00:00,1261.5,5,8,1591.5,1870.5,1870.5
2024-08-24 08:00:00,1111.5,5,8,1261.5,1591.5,1870.5
2024-08-24 09:00:00,801.0,5,8,1111.5,1261.5,1870.5
2024-08-24 10:00:00,697.5,5,8,801.0,1111.5,1870.5
2024-08-24 11:00:00,594.0,5,8,697.5,801.0,1870.5
2024-08-24 12:00:00,717.0,5,8,594.0,697.5,1870.5
2024-08-24 13:00:00,564.0,5,8,717.0,594.0,1870.5
2024-08-24 14:00:00,916.5,5,8,564.0,717.0,1870.5
2024-08-24 15:00:00,1212.0,5,8,916.5,564.0,1870.5
2024-08-24 16:00:00,1416.0,5,8,1212.0,916.5,1870.5
2024-08-24 17:00:00,1450.5,5,8,1416.0,1212.0,1870.5
2024-08-24 18:00:00,1564.5,5,8,1450.5,1416.0,1870.5
2024-08-24 19:00:00,1566.0,5,8,1564.5,1450.5,1566.0
2024-08-24 20:00:00,1593.0,5,8,1566.0,1564.5,1593.0
2024-08-24 21:00:00,1621.5,5,8,1593.0,1566.0,1621.5
2024-08-24 22:00:00,1933.5,5,8,1621.5,1593.0,1933.5
2024-08-24 23:00:00,1993.5,5,8,1933.5,1621.5,1993.5
2024-08-25 00:00:00,1600.5,6,8,1993.5,1933.5,1600.5
2024-08-25 01:00:00,1581.0,6,8,1600.5,1993.5,1581.0
2024-08-25 02:00:00,1986.0,6,8,1581.0,1600.5,1986.0
2024-08-25 03:00:00,1975.5,6,8,1986.0,1581.0,1975.5
2024-08-25 04:00:00,1897.5,6,8,1975.5,1986.0,1897.5
2024-08-25 05:00:00,1788.0,6,8,1897.5,1975.5,1788.0
2024-08-25 06:00:00,1711.5,6,8,1788.0,1897.5,1788.0
2024-08-25 07:00:00,1401.0,6,8,1711.5,1788.0,1788.0
2024-08-25 08:00:00,1002.0,6,8,1401.0,1711.5,1788.0
2024-08-25 09:00:00,957.0,6,8,1002.0,1401.0,1788.0
2024-08-25 10:00:00,913.5,6,8,957.0,1002.0,1788.0
2024-08-25 11:00:00,648.0,6,8,913.5,957.0,1788.0
2024-08-25 12:00:00,730.5,6,8,648.0,913.5,1788.0
2024-08-25 13:00:00,991.5,6,8,730.5,648.0,1788.0
2024-08-25 14:00:00,897.0,6,8,991.5,730.5,1788.0
2024-08-25 15:00:00,1332.0,6,8,897.0,991.5,1788.0
2024-08-25 16:00:00,1206.0,6,8,1332.0,897.0,1788.0
2024-08-25 17:00:00,1386.0,6,8,1206.0,1332.0,1788.0
2024-08-25 18:00:00,1753.5,6,8,1386.0,1206.0,1788.0
2024-08-25 19:00:00,1576.5,6,8,1753.5,1386.0,1576.5
2024-08-25 20:00:00,1680.0,6,8,1576.5,1753.5,1680.0
2024-08-25 21:00:00,1716.0,6,8,1680.0,1576.5,1716.0
2024-08-25 22:00:00,1902.0,6,8,1716.0,1680.0,1902.0
2024-08-25 23:00:00,1600.5,6,8,1902.0,1716.0,1600.5
2024-08-26 00:00:00,1660.5,0,8,1600.5,1902.0,1660.5
2024-08-26 01:00:00,1615.5,0,8,1660.5,1600.5,1615.5
2024-08-26 02:00:00,1600.5,0,8,1615.5,1660.5,1600.5
2024-08-26 03:00:00,1539.0,0,8,1600.5,1615.5,1539.0
2024-08-26 04:00:00,1761.0,0,8,1539.0,1600.5,1761.0
2024-08-26 05:00:00,1617.0,0,8,1761.0,1539.0,1617.0
2024-08-26 06:00:00,1740.0,0,8,1617.0,1761.0,1617.0
2024-08-26 07:00:00,1467.0,0,8,1740.0,1617.0,1617.0
2024-08-26 08:00:00,1132.5,0,8,1467.0,1740.0,1617.0
2024-08-26 09:00:00,856.5,0,8,1132.5,1467.0,1617.0
2024-08-26 10:00:00,940.5,0,8,856.5,1132.5,1617.0
2024-08-26 11:00:00,1161.0,0,8,940.5,856.5,1617.0
2024-08-26 12:00:00,856.5,0,8,1161.0,940.5,1617.0
2024-08-26 13:00:00,792.0,0,8,856.5,1161.0,1617.0
2024-08-26 14:00:00,927.0,0,8,792.0,856.5,1617.0
2024-08-26 15:00:00,1359.0,0,8,927.0,792.0,1617.0
2024-08-26 16:00:00,1459.5,0,8,1359.0,927.0,1617.0
2024-08-26 17:00:00,1837.5,0,8,1459.5,1359.0,1617.0
2024-08-26 18:00:00,1702.5,0,8,1837.5,1459.5,1617.0
2024-08-26 19:00:00,1873.5,0,8,1702.5,1837.5,1873.5
2024-08-26 20:00:00,1969.5,0,8,1873.5,1702.5,1969.5
2024-08-26 21:00:00,1902.0,0,8,1969.5,1873.5,1902.0
2024-08-26 22:00:00,1800.0,0,8,1902.0,1969.5,1800.0
2024-08-26 23:00:00,1686.0,0,8,1800.0,1902.0,1686.0
2024-08-27 00:00:00,1734.0,1,8,1686.0,1800.0,1734.0
2024-08-27 01:00:00,1650.0,1,8,1734.0,1686.0,1650.0
2024-08-27 02:00:00,1656.0,1,8,1650.0,1734.0,1656.0
2024-08-27 03:00:00,1917.0,1,8,1656.0,1650.0,1917.0
2024-08-27 04:00:00,1945.5,1,8,1917.0,1656.0,1945.5
2024-08-27 05:00:00,1518.0,1,8,1945.5,1917.0,1518.0
2024-08-27 06:00:00,1627.5,1,8,1518.0,1945.5,1518.0
2024-08-27 07:00:00,1647.0,1,8,1627.5,1518.0,1518.0
2024-08-27 08:00:00,981.0,1,8,1647.0,1627.5,1518.0
2024-08-27 09:00:00,1062.0,1,8,981.0,1647.0,1518.0
2024-08-27 10:00:00,661.5,1,8,1062.0,981.0,1518.0
2024-08-27 11:00:00,1041.0,1,8,661.5,1062.0,1518.0
2024-08-27 12:00:00,987.0,1,8,1041.0,661.5,1518.0
2024-08-27 13:00:00,1041.0,1,8,987.0,1041.0,1518.0
2024-08-27 14:00:00,1392.0,1,8,1041.0,987.0,1518.0
2024-08-27 15:00:00,1597.5,1,8,1392.0,1041.0,1518.0
2024-08-27 16:00:00,1320.0,1,8,1597.5,1392.0,1518.0
2024-08-27 17:00:00,1462.5,1,8,1320.0,1597.5,1518.0
2024-08-27 18:00:00,1869.0,1,8,1462.5,1320.0,1518.0
2024-08-27 19:00:00,1972.5,1,8,1869.0,1462.5,1972.5
2024-08-27 20:00:00,2052.0,1,8,1972.5,1869.0,2052.0
2024-08-27 21:00:00,1836.0,1,8,2052.0,1972.5,1836.0
2024-08-27 22:00:00,1858.5,1,8,1836.0,2052.0,1858.5
2024-08-27 23:00:00,1819.5,1,8,1858.5,1836.0,1819.5
2024-08-28 00:00:00,1698.0,2,8,1819.5,1858.5,1698.0
2024-08-28 01:00:00,1687.5,2,8,1698.0,1819.5,1687.5
2024-08-28 02:00:00,2001.0,2,8,1687.5,1698.0,2001.0
2024-08-28 03:00:00,1788.0,2,8,2001.0,1687.5,1788.0
2024-08-28 04:00:00,1797.0,2,8,1788.0,2001.0,1797.0
2024-08-28 05:00:00,1795.5,2,8,1797.0,1788.0,1795.5
2024-08-28 06:00:00,961.5,2,8,1795.5,1797.0,1795.5
2024-08-28 07:00:00,379.5,2,8,961.5,1795.5,1795.5
2024-08-28 08:00:00,22.5,2,8,379.5,961.5,1795.5
2024-08-28 09:00:00,19.5,2,8,22.5,379.5,1795.5
2024-08-28 10:00:00,60.0,2,8,19.5,22.5,1795.5
2024-08-28 11:00:00,145.5,2,8,60.0,19.5,1795.5
2024-08-28 12:00:00,127.5,2,8,145.5,60.0,1795.5
2024-08-28 13:00:00,36.0,2,8,127.5,145.5,1795.5
2024-08-28 14:00:00,55.5,2,8,36.0,127.5,1795.5
2024-08-28 15:00:00,126.0,2,8,55.5,36.0,1795.5
2024-08-28 16:00:00,42.0,2,8,126.0,55.5,1795.5
2024-08-28 17:00:00,105.0,2,8,42.0,126.0,1795.5
2024-08-28 18:00:00,154.5,2,8,105.0,42.0,1795.5
2024-08-28 19:00:00,136.5,2,8,154.5,105.0,136.5
2024-08-28 20:00:00,210.0,2,8,136.5,154.5,210.0
2024-08-28 21:00:00,240.0,2,8,210.0,136.5,240.0
2024-08-28 22:00:00,276.0,2,8,240.0,210.0,276.0
2024-08-28 23:00:00,288.0,2,8,276.0,240.0,288.0
2024-08-29 00:00:00,294.0,3,8,288.0,276.0,294.0
2024-08-29 01:00:00,334.5,3,8,294.0,288.0,334.5
2024-08-29 02:00:00,343.5,3,8,334.5,294.0,343.5
2024-08-29 03:00:00,334.5,3,8,343.5,334.5,334.5
2024-08-29 04:00:00,328.5,3,8,334.5,343.5,328.5
2024-08-29 05:00:00,280.5,3,8,328.5,334.5,280.5
2024-08-29 06:00:00,273.0,3,8,280.5,328.5,280.5
2024-08-29 07:00:00,133.5,3,8,273.0,280.5,280.5
2024-08-29 08:00:00,697.5,3,8,133.5,273.0,280.5
2024-08-29 09:00:00,1219.5,3,8,697.5,133.5,280.5
2024-08-29 10:00:00,714.0,3,8,1219.5,697.5,280.5
2024-08-29 11:00:00,568.5,3,8,714.0,1219.5,280.5
2024-08-29 12:00:00,688.5,3,8,568.5,714.0,280.5
2024-08-29 13:00:00,1389.0,3,8,688.5,568.5,280.5
2024-08-29 14:00:00,1491.0,3,8,1389.0,688.5,280.5
2024-08-29 15:00:00,2040.0,3,8,1491.0,1389.0,280.5
2024-08-29 16:00:00,1662.0,3,8,2040.0,1491.0,280.5
2024-08-29 17:00:00,1954.5,3,8,1662.0,2040.0,280.5
2024-08-29 18:00:00,1707.0,3,8,1954.5,1662.0,280.5
2024-08-29 19:00:00,1683.0,3,8,1707.0,1954.5,1683.0
2024-08-29 20:00:00,1870.5,3,8,1683.0,1707.0,1870.5
2024-08-29 21:00:00,2065.5,3,8,1870.5,1683.0,2065.5
2024-08-29 22:00:00,1800.0,3,8,2065.5,1870.5,1800.0
2024-08-29 23:00:00,1657.5,3,8,1800.0,2065.5,1657.5
2024-08-30 00:00:00,1708.5,4,8,1657.5,1800.0,1708.5
2024-08-30 01:00:00,1657.5,4,8,1708.5,1657.5,1657.5
2024-08-30 02:00:00,1632.0,4,8,1657.5,1708.5,1632.0
2024-08-30 03:00:00,1660.5,4,8,1632.0,1657.5,1660.5
2024-08-30 04:00:00,1783.5,4,8,1660.5,1632.0,1783.5
2024-08-30 05:00:00,1882.5,4,8,1783.5,1660.5,1882.5
2024-08-30 06:00:00,1764.0,4,8,1882.5,1783.5,1882.5
2024-08-30 07:00:00,1435.5,4,8,1764.0,1882.5,1882.5
2024-08-30 08:00:00,1033.5,4,8,1435.5,1764.0,1882.5
2024-08-30 09:00:00,783.0,4,8,1033.5,1435.5,1882.5
2024-08-30 10:00:00,897.0,4,8,783.0,1033.5,1882.5
2024-08-30 11:00:00,699.0,4,8,897.0,783.0,1882.5
2024-08-30 12:00:00,834.0,4,8,699.0,897.0,1882.5
2024-08-30 13:00:00,657.0,4,8,834.0,699.0,1882.5
2024-08-30 14:00:00,1249.5,4,8,657.0,834.0,1882.5
2024-08-30 15:00:00,1252.5,4,8,1249.5,657.0,1882.5
2024-08-30 16:00:00,1675.5,4,8,1252.5,1249.5,1882.5
2024-08-30 17:00:00,1573.5,4,8,1675.5,1252.5,1882.5
2024-08-30 18:00:00,1714.5,4,8,1573.5,1675.5,1882.5
2024-08-30 19:00:00,1504.5,4,8,1714.5,1573.5,1504.5
2024-08-30 20:00:00,1782.0,4,8,1504.5,1714.5,1782.0
2024-08-30 21:00:00,2020.5,4,8,1782.0,1504.5,2020.5
2024-08-30 22:00:00,1621.5,4,8,2020.5,1782.0,1621.5
2024-08-30 23:00:00,1581.0,4,8,1621.5,2020.5,1581.0
2024-08-31 00:00:00,2041.5,5,8,1581.0,1621.5,2041.5
2024-08-31 01:00:00,1749.0,5,8,2041.5,1581.0,1749.0
2024-08-31 02:00:00,1651.5,5,8,1749.0,2041.5,1651.5
2024-08-31 03:00:00,1576.5,5,8,1651.5,1749.0,1576.5
2024-08-31 04:00:00,1962.0,5,8,1576.5,1651.5,1962.0
2024-08-31 05:00:00,1887.0,5,8,1962.0,1576.5,1887.0
2024-08-31 06:00:00,1735.5,5,8,1887.0,1962.0,1887.0
2024-08-31 07:00:00,1354.5,5,8,1735.5,1887.0,1887.0
2024-08-31 08:00:00,1087.5,5,8,1354.5,1735.5,1887.0
2024-08-31 09:00:00,1030.5,5,8,1087.5,1354.5,1887.0
2024-08-31 10:00:00,793.5,5,8,1030.5,1087.5,1887.0
2024-08-31 11:00:00,661.5,5,8,793.5,1030.5,1887.0
2024-08-31 12:00:00,921.0,5,8,661.5,793.5,1887.0
2024-08-31 13:00:00,1351.5,5,8,921.0,661.5,1887.0
2024-08-31 14:00:00,1116.0,5,8,1351.5,921.0,1887.0
2024-08-31 15:00:00,1101.0,5,8,1116.0,1351.5,1887.0
2024-08-31 16:00:00,1105.5,5,8,1101.0,1116.0,1887.0
2024-08-31 17:00:00,1888.5,5,8,1105.5,1101.0,1887.0
2024-08-31 18:00:00,2085.0,5,8,1888.5,1105.5,1887.0
2024-08-31 19:00:00,1845.0,5,8,2085.0,1888.5,1845.0
2024-08-31 20:00:00,1596.0,5,8,1845.0,2085.0,1596.0
2024-08-31 21:00:00,2080.5,5,8,1596.0,1845.0,2080.5
2024-08-31 22:00:00,1711.5,5,8,2080.5,1596.0,1711.5
2024-08-31 23:00:00,1998.0,5,8,1711.5,2080.5,1998.0
2024-09-01 00:00:00,1719.0,6,9,1998.0,1711.5,1719.0
2024-09-01 01:00:00,1956.0,6,9,1719.0,1998.0,1956.0
2024-09-01 02:00:00,1719.0,6,9,1956.0,1719.0,1719.0
2024-09-01 03:00:00,1983.0,6,9,1719.0,1956.0,1983.0
2024-09-01 04:00:00,1588.5,6,9,1983.0,1719.0,1588.5
2024-09-01 05:00:00,1950.0,6,9,1588.5,1983.0,1950.0
2024-09-01 06:00:00,1632.0,6,9,1950.0,1588.5,1950.0
2024-09-01 07:00:00,1206.0,6,9,1632.0,1950.0,1950.0
2024-09-01 08:00:00,828.0,6,9,1206.0,1632.0,1950.0
2024-09-01 09:00:00,1030.5,6,9,828.0,1206.0,1950.0
2024-09-01 10:00:00,748.5,6,9,1030.5,828.0,1950.0
2024-09-01 11:00:00,502.5,6,9,748.5,1030.5,1950.0
2024-09-01 12:00:00,585.0,6,9,502.5,748.5,1950.0
2024-09-01 13:00:00,834.0,6,9,585.0,502.5,1950.0
2024-09-01 14:00:00,1164.0,6,9,834.0,585.0,1950.0
2024-09-01 15:00:00,1341.0,6,9,1164.0,834.0,1950.0
2024-09-01 16:00:00,1600.5,6,9,1341.0,1164.0,1950.0
2024-09-01 17:00:00,1728.0,6,9,1600.5,1341.0,1950.0
2024-09-01 18:00:00,1918.5,6,9,1728.0,1600.5,1950.0
2024-09-01 19:00:00,1756.5,6,9,1918.5,1728.0,1756.5
2024-09-01 20:00:00,1813.5,6,9,1756.5,1918.5,1813.5
2024-09-01 21:00:00,1713.0,6,9,1813.5,1756.5,1713.0
2024-09-01 22:00:00,1888.5,6,9,1713.0,1813.5,1888.5
2024-09-01 23:00:00,1732.5,6,9,1888.5,1713.0,1732.5
2024-09-02 00:00:00,1662.0,0,9,1732.5,1888.5,1662.0
2024-09-02 01:00:00,1875.0,0,9,1662.0,1732.5,1875.0
2024-09-02 02:00:00,1876.5,0,9,1875.0,1662.0,1876.5
2024-09-02 03:00:00,1747.5,0,9,1876.5,1875.0,1747.5
2024-09-02 04:00:00,1813.5,0,9,1747.5,1876.5,1813.5
2024-09-02 05:00:00,1675.5,0,9,1813.5,1747.5,1675.5
2024-09-02 06:00:00,1734.0,0,9,1675.5,1813.5,1675.5
2024-09-02 07:00:00,1539.0,0,9,1734.0,1675.5,1675.5
2024-09-02 08:00:00,1105.5,0,9,1539.0,1734.0,1675.5
2024-09-02 09:00:00,1312.5,0,9,1105.5,1539.0,1675.5
2024-09-02 10:00:00,1674.0,0,9,1312.5,1105.5,1675.5
2024-09-02 11:00:00,1413.0,0,9,1674.0,1312.5,1675.5
2024-09-02 12:00:00,652.5,0,9,1413.0,1674.0,1675.5
2024-09-02 13:00:00,634.5,0,9,652.5,1413.0,1675.5
2024-09-02 14:00:00,1597.5,0,9,634.5,652.5,1675.5
2024-09-02 15:00:00,2001.0,0,9,1597.5,634.5,1675.5
2024-09-02 16:00:00,1656.0,0,9,2001.0,1597.5,1675.5
2024-09-02 17:00:00,1759.5,0,9,1656.0,2001.0,1675.5
2024-09-02 18:00:00,1975.5,0,9,1759.5,1656.0,1675.5
2024-09-02 19:00:00,1626.0,0,9,1975.5,1759.5,1626.0
2024-09-02 20:00:00,1746.0,0,9,1626.0,1975.5,1746.0
2024-09-02 21:00:00,2089.5,0,9,1746.0,1626.0,2089.5
2024-09-02 22:00:00,1690.5,0,9,2089.5,1746.0,1690.5
2024-09-02 23:00:00,1693.5,0,9,1690.5,2089.5,1693.5
2024-09-03 00:00:00,1959.0,1,9,1693.5,1690.5,1959.0
2024-09-03 01:00:00,2010.0,1,9,1959.0,1693.5,2010.0
2024-09-03 02:00:00,1722.0,1,9,2010.0,1959.0,1722.0
2024-09-03 03:00:00,1699.5,1,9,1722.0,2010.0,1699.5
2024-09-03 04:00:00,2041.5,1,9,1699.5,1722.0,2041.5
2024-09-03 05:00:00,1797.0,1,9,2041.5,1699.5,1797.0
2024-09-03 06:00:00,1189.5,1,9,1797.0,2041.5,1797.0
2024-09-03 07:00:00,600.0,1,9,1189.5,1797.0,1797.0
2024-09-03 08:00:00,57.0,1,9,600.0,1189.5,1797.0
2024-09-03 09:00:00,124.5,1,9,57.0,600.0,1797.0
2024-09-03 10:00:00,177.0,1,9,124.5,57.0,1797.0
2024-09-03 11:00:00,168.0,1,9,177.0,124.5,1797.0
2024-09-03 12:00:00,0.0,1,9,168.0,177.0,1797.0
2024-09-03 13:00:00,103.5,1,9,0.0,168.0,1797.0
2024-09-03 14:00:00,148.5,1,9,103.5,0.0,1797.0
2024-09-03 15:00:00,54.0,1,9,148.5,103.5,1797.0
2024-09-03 16:00:00,106.5,1,9,54.0,148.5,1797.0
2024-09-03 17:00:00,184.5,1,9,106.5,54.0,1797.0
2024-09-03 18:00:00,240.0,1,9,184.5,106.5,1797.0
2024-09-03 19:00:00,244.5,1,9,240.0,184.5,244.5
2024-09-03 20:00:00,796.5,1,9,244.5,240.0,796.5
2024-09-03 21:00:00,1494.0,1,9,796.5,244.5,1494.0
2024-09-03 22:00:00,1668.0,1,9,1494.0,796.5,1668.0
2024-09-03 23:00:00,1734.0,1,9,1668.0,1494.0,1734.0
2024-09-04 00:00:00,2151.0,2,9,1734.0,1668.0,2151.0
2024-09-04 01:00:00,2152.5,2,9,2151.0,1734.0,2152.5
2024-09-04 02:00:00,2094.0,2,9,2152.5,2151.0,2094.0
2024-09-04 03:00:00,2340.0,2,9,2094.0,2152.5,2340.0
2024-09-04 04:00:00,2272.5,2,9,2340.0,2094.0,2272.5
2024-09-04 05:00:00,2389.5,2,9,2272.5,2340.0,2389.5
2024-09-04 06:00:00,2197.5,2,9,2389.5,2272.5,2389.5
2024-09-04 07:00:00,1426.5,2,9,2197.5,2389.5,2389.5
2024-09-04 08:00:00,826.5,2,9,1426.5,2197.5,2389.5
2024-09-04 09:00:00,1221.0,2,9,826.5,1426.5,2389.5
2024-09-04 10:00:00,2896.5,2,9,1221.0,826.5,2389.5
2024-09-04 11:00:00,2392.5,2,9,2896.5,1221.0,2389.5
2024-09-04 12:00:00,2389.5,2,9,2392.5,2896.5,2389.5
2024-09-04 13:00:00,2659.5,2,9,2389.5,2392.5,2389.5
2024-09-04 14:00:00,1842.0,2,9,2659.5,2389.5,2389.5
2024-09-04 15:00:00,3222.0,2,9,1842.0,2659.5,2389.5
2024-09-04 16:00:00,3427.5,2,9,3222.0,1842.0,2389.5
2024-09-04 17:00:00,3751.5,2,9,3427.5,3222.0,2389.5
2024-09-04 18:00:00,3855.0,2,9,3751.5,3427.5,2389.5
2024-09-04 19:00:00,3193.5,2,9,3855.0,3751.5,3193.5
2024-09-04 20:00:00,3684.0,2,9,3193.5,3855.0,3684.0
2024-09-04 21:00:00,4002.0,2,9,3684.0,3193.5,4002.0
2024-09-04 22:00:00,3460.5,2,9,4002.0,3684.0,3460.5
2024-09-04 23:00:00,3601.5,2,9,3460.5,4002.0,3601.5
2024-09-05 00:00:00,3700.5,3,9,3601.5,3460.5,3700.5
2024-09-05 01:00:00,4194.0,3,9,3700.5,3601.5,4194.0
2024-09-05 02:00:00,3735.0,3,9,4194.0,3700.5,3735.0
2024-09-05 03:00:00,3595.5,3,9,3735.0,4194.0,3595.5
2024-09-05 04:00:00,3786.0,3,9,3595.5,3735.0,3786.0
2024-09-05 05:00:00,4111.5,3,9,3786.0,3595.5,4111.5
2024-09-05 06:00:00,3778.5,3,9,4111.5,3786.0,4111.5
2024-09-05 07:00:00,2280.0,3,9,3778.5,4111.5,4111.5
2024-09-05 08:00:00,2007.0,3,9,2280.0,3778.5,4111.5
2024-09-05 09:00:00,1654.5,3,9,2007.0,2280.0,4111.5
2024-09-05 10:00:00,1966.5,3,9,1654.5,2007.0,4111.5
2024-09-05 11:00:00,1891.5,3,9,1966.5,1654.5,4111.5
2024-09-05 12:00:00,2347.5,3,9,1891.5,1966.5,4111.5
2024-09-05 13:00:00,1539.0,3,9,2347.5,1891.5,4111.5
2024-09-05 14:00:00,2464.5,3,9,1539.0,2347.5,4111.5
2024-09-05 15:00:00,2616.0,3,9,2464.5,1539.0,4111.5
2024-09-05 16:00:00,2902.5,3,9,2616.0,2464.5,4111.5
2024-09-05 17:00:00,3580.5,3,9,2902.5,2616.0,4111.5
2024-09-05 18:00:00,4593.0,3,9,3580.5,2902.5,4111.5
2024-09-05 19:00:00,3553.5,3,9,4593.0,3580.5,3553.5
2024-09-05 20:00:00,3741.0,3,9,3553.5,4593.0,3741.0
2024-09-05 21:00:00,4240.5,3,9,3741.0,3553.5,4240.5
2024-09-05 22:00:00,3685.5,3,9,4240.5,3741.0,3685.5
2024-09-05 23:00:00,3667.5,3,9,3685.5,4240.5,3667.5
2024-09-06 00:00:00,3607.5,4,9,3667.5,3685.5,3607.5
2024-09-06 01:00:00,3886.5,4,9,3607.5,3667.5,3886.5
2024-09-06 02:00:00,3082.5,4,9,3886.5,3607.5,3082.5
2024-09-06 03:00:00,3913.5,4,9,3082.5,3886.5,3913.5
2024-09-06 04:00:00,4242.0,4,9,3913.5,3082.5,4242.0
2024-09-06 05:00:00,3972.0,4,9,4242.0,3913.5,3972.0
2024-09-06 06:00:00,3660.0,4,9,3972.0,4242.0,3972.0
2024-09-06 07:00:00,2298.0,4,9,3660.0,3972.0,3972.0
2024-09-06 08:00:00,2079.0,4,9,2298.0,3660.0,3972.0
2024-09-06 09:00:00,2580.0,4,9,2079.0,2298.0,3972.0
2024-09-06 10:00:00,1161.0,4,9,2580.0,2079.0,3972.0
2024-09-06 11:00:00,1801.5,4,9,1161.0,2580.0,3972.0
2024-09-06 12:00:00,2055.0,4,9,1801.5,1161.0,3972.0
2024-09-06 13:00:00,1939.5,4,9,2055.0,1801.5,3972.0
2024-09-06 14:00:00,2542.5,4,9,1939.5,2055.0,3972.0
2024-09-06 15:00:00,2520.0,4,9,2542.5,1939.5,3972.0
2024-09-06 16:00:00,2685.0,4,9,2520.0,2542.5,3972.0
2024-09-06 17:00:00,3949.5,4,9,2685.0,2520.0,3972.0
2024-09-06 18:00:00,4423.5,4,9,3949.5,2685.0,3972.0
2024-09-06 19:00:00,4021.5,4,9,4423.5,3949.5,4021.5
2024-09-06 20:00:00,4216.5,4,9,4021.5,4423.5,4216.5
2024-09-06 21:00:00,4459.5,4,9,4216.5,4021.5,4459.5
2024-09-06 22:00:00,4003.5,4,9,4459.5,4216.5,4003.5
2024-09-06 23:00:00,3886.5,4,9,4003.5,4459.5,3886.5
2024-09-07 00:00:00,3943.5,5,9,3886.5,4003.5,3943.5
2024-09-07 01:00:00,3991.5,5,9,3943.5,3886.5,3991.5
2024-09-07 02:00:00,3772.5,5,9,3991.5,3943.5,3772.5
2024-09-07 03:00:00,3933.0,5,9,3772.5,3991.5,3933.0
2024-09-07 04:00:00,4348.5,5,9,3933.0,3772.5,4348.5
2024-09-07 05:00:00,4315.5,5,9,4348.5,3933.0,4315.5
2024-09-07 06:00:00,3969.0,5,9,4315.5,4348.5,4315.5
2024-09-07 07:00:00,3268.5,5,9,3969.0,4315.5,4315.5
2024-09-07 08:00:00,3067.5,5,9,3268.5,3969.0,4315.5
2024-09-07 09:00:00,3427.5,5,9,3067.5,3268.5,4315.5
2024-09-07 10:00:00,2815.5,5,9,3427.5,3067.5,4315.5
2024-09-07 11:00:00,2359.5,5,9,2815.5,3427.5,4315.5
2024-09-07 12:00:00,2718.0,5,9,2359.5,2815.5,4315.5
2024-09-07 13:00:00,2731.5,5,9,2718.0,2359.5,4315.5
2024-09-07 14:00:00,2604.0,5,9,2731.5,2718.0,4315.5
2024-09-07 15:00:00,2577.0,5,9,2604.0,2731.5,4315.5
2024-09-07 16:00:00,3024.0,5,9,2577.0,2604.0,4315.5
2024-09-07 17:00:00,4051.5,5,9,3024.0,2577.0,4315.5
2024-09-07 18:00:00,3936.0,5,9,4051.5,3024.0,4315.5
2024-09-07 19:00:00,3648.0,5,9,3936.0,4051.5,3648.0
2024-09-07 20:00:00,3978.0,5,9,3648.0,3936.0,3978.0
2024-09-07 21:00:00,4870.5,5,9,3978.0,3648.0,4870.5
2024-09-07 22:00:00,4560.0,5,9,4870.5,3978.0,4560.0
2024-09-07 23:00:00,4122.0,5,9,4560.0,4870.5,4122.0
2024-09-08 00:00:00,4233.0,6,9,4122.0,4560.0,4233.0
2024-09-08 01:00:00,4282.5,6,9,4233.0,4122.0,4282.5
2024-09-08 02:00:00,3867.0,6,9,4282.5,4233.0,3867.0
2024-09-08 03:00:00,3612.0,6,9,3867.0,4282.5,3612.0
2024-09-08 04:00:00,3951.0,6,9,3612.0,3867.0,3951.0
2024-09-08 05:00:00,4254.0,6,9,3951.0,3612.0,4254.0
2024-09-08 06:00:00,3969.0,6,9,4254.0,3951.0,4254.0
2024-09-08 07:00:00,3582.0,6,9,3969.0,4254.0,4254.0
2024-09-08 08:00:00,2515.5,6,9,3582.0,3969.0,4254.0
2024-09-08 09:00:00,2631.0,6,9,2515.5,3582.0,4254.0
2024-09-08 10:00:00,2476.5,6,9,2631.0,2515.5,4254.0
2024-09-08 11:00:00,2353.5,6,9,2476.5,2631.0,4254.0
2024-09-08 12:00:00,2040.0,6,9,2353.5,2476.5,4254.0
2024-09-08 13:00:00,2782.5,6,9,2040.0,2353.5,4254.0
2024-09-08 14:00:00,1821.0,6,9,2782.5,2040.0,4254.0
2024-09-08 15:00:00,2320.5,6,9,1821.0,2782.5,4254.0
2024-09-08 16:00:00,2899.5,6,9,2320.5,1821.0,4254.0
2024-09-08 17:00:00,4009.5,6,9,2899.5,2320.5,4254.0
2024-09-08 18:00:00,4576.5,6,9,4009.5,2899.5,4254.0
2024-09-08 19:00:00,4318.5,6,9,4576.5,4009.5,4318.5
2024-09-08 20:00:00,4429.5,6,9,4318.5,4576.5,4429.5
2024-09-08 21:00:00,4320.0,6,9,4429.5,4318.5,4320.0
2024-09-08 22:00:00,4141.5,6,9,4320.0,4429.5,4141.5
2024-09-08 23:00:00,4365.0,6,9,4141.5,4320.0,4365.0
2024-09-09 00:00:00,3757.5,0,9,4365.0,4141.5,3757.5
2024-09-09 01:00:00,4123.5,0,9,3757.5,4365.0,4123.5
2024-09-09 02:00:00,4579.5,0,9,4123.5,3757.5,4579.5
2024-09-09 03:00:00,4507.5,0,9,4579.5,4123.5,4507.5
2024-09-09 04:00:00,4027.5,0,9,4507.5,4579.5,4027.5
2024-09-09 05:00:00,3550.5,0,9,4027.5,4507.5,3550.5
2024-09-09 06:00:00,3381.0,0,9,3550.5,4027.5,3550.5
2024-09-09 07:00:00,2935.5,0,9,3381.0,3550.5,3550.5
2024-09-09 08:00:00,2020.5,0,9,2935.5,3381.0,3550.5
2024-09-09 09:00:00,1684.5,0,9,2020.5,2935.5,3550.5
2024-09-09 10:00:00,1914.0,0,9,1684.5,2020.5,3550.5
2024-09-09 11:00:00,1075.5,0,9,1914.0,1684.5,3550.5
2024-09-09 12:00:00,1050.0,0,9,1075.5,1914.0,3550.5
2024-09-09 13:00:00,1830.0,0,9,1050.0,1075.5,3550.5
2024-09-09 14:00:00,1393.5,0,9,1830.0,1050.0,3550.5
2024-09-09 15:00:00,1620.0,0,9,1393.5,1830.0,3550.5
2024-09-09 16:00:00,2281.5,0,9,1620.0,1393.5,3550.5
2024-09-09 17:00:00,2661.0,0,9,2281.5,1620.0,3550.5
2024-09-09 18:00:00,2848.5,0,9,2661.0,2281.5,3550.5
2024-09-09 19:00:00,2074.5,0,9,2848.5,2661.0,2074.5
2024-09-09 20:00:00,2482.5,0,9,2074.5,2848.5,2482.5
2024-09-09 21:00:00,2625.0,0,9,2482.5,2074.5,2625.0
2024-09-09 22:00:00,2569.5,0,9,2625.0,2482.5,2569.5
2024-09-09 23:00:00,2337.0,0,9,2569.5,2625.0,2337.0
2024-09-10 00:00:00,2232.0,1,9,2337.0,2569.5,2232.0
2024-09-10 01:00:00,2910.0,1,9,2232.0,2337.0,2910.0
2024-09-10 02:00:00,2886.0,1,9,2910.0,2232.0,2886.0
2024-09-10 03:00:00,2931.0,1,9,2886.0,2910.0,2931.0
2024-09-10 04:00:00,2515.5,1,9,2931.0,2886.0,2515.5
2024-09-10 05:00:00,2830.5,1,9,2515.5,2931.0,2830.5
2024-09-10 06:00:00,2547.0,1,9,2830.5,2515.5,2830.5
2024-09-10 07:00:00,2460.0,1,9,2547.0,2830.5,2830.5
2024-09-10 08:00:00,2619.0,1,9,2460.0,2547.0,2830.5
2024-09-10 09:00:00,2979.0,1,9,2619.0,2460.0,2830.5
2024-09-10 10:00:00,3001.5,1,9,2979.0,2619.0,2830.5
2024-09-10 11:00:00,2085.0,1,9,3001.5,2979.0,2830.5
2024-09-10 12:00:00,1969.5,1,9,2085.0,3001.5,2830.5
2024-09-10 13:00:00,2146.5,1,9,1969.5,2085.0,2830.5
2024-09-10 14:00:00,2470.5,1,9,2146.5,1969.5,2830.5
2024-09-10 15:00:00,3192.0,1,9,2470.5,2146.5,2830.5
2024-09-10 16:00:00,3333.0,1,9,3192.0,2470.5,2830.5
2024-09-10 17:00:00,4248.0,1,9,3333.0,3192.0,2830.5
2024-09-10 18:00:00,4077.0,1,9,4248.0,3333.0,2830.5
2024-09-10 19:00:00,3522.0,1,9,4077.0,4248.0,3522.0
2024-09-10 20:00:00,3897.0,1,9,3522.0,4077.0,3897.0
2024-09-10 21:00:00,4744.5,1,9,3897.0,3522.0,4744.5
2024-09-10 22:00:00,3670.5,1,9,4744.5,3897.0,3670.5
2024-09-10 23:00:00,3480.0,1,9,3670.5,4744.5,3480.0
2024-09-11 00:00:00,4416.0,2,9,3480.0,3670.5,4416.0
2024-09-11 01:00:00,4140.0,2,9,4416.0,3480.0,4140.0
2024-09-11 02:00:00,4321.5,2,9,4140.0,4416.0,4321.5
2024-09-11 03:00:00,3543.0,2,9,4321.5,4140.0,3543.0
2024-09-11 04:00:00,4095.0,2,9,3543.0,4321.5,4095.0
2024-09-11 05:00:00,4348.5,2,9,4095.0,3543.0,4348.5
2024-09-11 06:00:00,3939.0,2,9,4348.5,4095.0,4348.5
2024-09-11 07:00:00,3328.5,2,9,3939.0,4348.5,4348.5
2024-09-11 08:00:00,2679.0,2,9,3328.5,3939.0,4348.5
2024-09-11 09:00:00,2665.5,2,9,2679.0,3328.5,4348.5
2024-09-11 10:00:00,2509.5,2,9,2665.5,2679.0,4348.5
2024-09-11 11:00:00,2170.5,2,9,2509.5,2665.5,4348.5
2024-09-11 12:00:00,1807.5,2,9,2170.5,2509.5,4348.5
2024-09-11 13:00:00,2718.0,2,9,1807.5,2170.5,4348.5
2024-09-11 14:00:00,4344.0,2,9,2718.0,1807.5,4348.5
2024-09-11 15:00:00,4090.5,2,9,4344.0,2718.0,4348.5
2024-09-11 16:00:00,3615.0,2,9,4090.5,4344.0,4348.5
2024-09-11 17:00:00,3529.5,2,9,3615.0,4090.5,4348.5
2024-09-11 18:00:00,4663.5,2,9,3529.5,3615.0,4348.5
2024-09-11 19:00:00,3982.5,2,9,4663.5,3529.5,3982.5
2024-09-11 20:00:00,3913.5,2,9,3982.5,4663.5,3913.5
2024-09-11 21:00:00,4512.0,2,9,3913.5,3982.5,4512.0
2024-09-11 22:00:00,4090.5,2,9,4512.0,3913.5,4090.5
2024-09-11 23:00:00,3808.5,2,9,4090.5,4512.0,3808.5
2024-09-12 00:00:00,3081.0,3,9,3808.5,4090.5,3081.0
2024-09-12 01:00:00,4407.0,3,9,3081.0,3808.5,4407.0
2024-09-12 02:00:00,4183.5,3,9,4407.0,3081.0,4183.5
2024-09-12 03:00:00,3873.0,3,9,4183.5,4407.0,3873.0
2024-09-12 04:00:00,3783.0,3,9,3873.0,4183.5,3783.0
2024-09-12 05:00:00,3960.0,3,9,3783.0,3873.0,3960.0
2024-09-12 06:00:00,3555.0,3,9,3960.0,3783.0,3960.0
2024-09-12 07:00:00,4141.5,3,9,3555.0,3960.0,3960.0
2024-09-12 08:00:00,3255.0,3,9,4141.5,3555.0,3960.0
2024-09-12 09:00:00,3061.5,3,9,3255.0,4141.5,3960.0
2024-09-12 10:00:00,2095.5,3,9,3061.5,3255.0,3960.0
2024-09-12 11:00:00,2094.0,3,9,2095.5,3061.5,3960.0
2024-09-12 12:00:00,2092.5,3,9,2094.0,2095.5,3960.0
2024-09-12 13:00:00,2401.5,3,9,2092.5,2094.0,3960.0
2024-09-12 14:00:00,3027.0,3,9,2401.5,2092.5,3960.0
2024-09-12 15:00:00,2976.0,3,9,3027.0,2401.5,3960.0
2024-09-12 16:00:00,2983.5,3,9,2976.0,3027.0,3960.0
2024-09-12 17:00:00,4194.0,3,9,2983.5,2976.0,3960.0
2024-09-12 18:00:00,4737.0,3,9,4194.0,2983.5,3960.0
2024-09-12 19:00:00,3859.5,3,9,4737.0,4194.0,3859.5
2024-09-12 20:00:00,3835.5,3,9,3859.5,4737.0,3835.5
2024-09-12 21:00:00,4555.5,3,9,3835.5,3859.5,4555.5
2024-09-12 22:00:00,4233.0,3,9,4555.5,3835.5,4233.0
2024-09-12 23:00:00,4270.5,3,9,4233.0,4555.5,4270.5
2024-09-13 00:00:00,3946.5,4,9,4270.5,4233.0,3946.5
2024-09-13 01:00:00,3726.0,4,9,3946.5,4270.5,3726.0
2024-09-13 02:00:00,3724.5,4,9,3726.0,3946.5,3724.5
2024-09-13 03:00:00,4176.0,4,9,3724.5,3726.0,4176.0
2024-09-13 04:00:00,3775.5,4,9,4176.0,3724.5,3775.5
2024-09-13 05:00:00,2857.5,4,9,3775.5,4176.0,2857.5
2024-09-13 06:00:00,2716.5,4,9,2857.5,3775.5,2857.5
2024-09-13 07:00:00,1326.0,4,9,2716.5,2857.5,2857.5
2024-09-13 08:00:00,966.0,4,9,1326.0,2716.5,2857.5
2024-09-13 09:00:00,1149.0,4,9,966.0,1326.0,2857.5
2024-09-13 10:00:00,1209.0,4,9,1149.0,966.0,2857.5
2024-09-13 11:00:00,819.0,4,9,1209.0,1149.0,2857.5
2024-09-13 12:00:00,787.5,4,9,819.0,1209.0,2857.5
2024-09-13 13:00:00,1168.5,4,9,787.5,819.0,2857.5
2024-09-13 14:00:00,1086.0,4,9,1168.5,787.5,2857.5
2024-09-13 15:00:00,1324.5,4,9,1086.0,1168.5,2857.5
2024-09-13 16:00:00,1576.5,4,9,1324.5,1086.0,2857.5
2024-09-13 17:00:00,1650.0,4,9,1576.5,1324.5,2857.5
2024-09-13 18:00:00,1740.0,4,9,1650.0,1576.5,2857.5
2024-09-13 19:00:00,1980.0,4,9,1740.0,1650.0,1980.0
2024-09-13 20:00:00,1971.0,4,9,1980.0,1740.0,1971.0
2024-09-13 21:00:00,1833.0,4,9,1971.0,1980.0,1833.0
2024-09-13 22:00:00,1653.0,4,9,1833.0,1971.0,1653.0
2024-09-13 23:00:00,1704.0,4,9,1653.0,1833.0,1704.0
2024-09-14 00:00:00,1630.5,5,9,1704.0,1653.0,1630.5
2024-09-14 01:00:00,1669.5,5,9,1630.5,1704.0,1669.5
2024-09-14 02:00:00,1644.0,5,9,1669.5,1630.5,1644.0
2024-09-14 03:00:00,2116.5,5,9,1644.0,1669.5,2116.5
2024-09-14 04:00:00,1834.5,5,9,2116.5,1644.0,1834.5
2024-09-14 05:00:00,1804.5,5,9,1834.5,2116.5,1804.5
2024-09-14 06:00:00,1653.0,5,9,1804.5,1834.5,1804.5
2024-09-14 07:00:00,1138.5,5,9,1653.0,1804.5,1804.5
2024-09-14 08:00:00,1254.0,5,9,1138.5,1653.0,1804.5
2024-09-14 09:00:00,1129.5,5,9,1254.0,1138.5,1804.5
2024-09-14 10:00:00,1108.5,5,9,1129.5,1254.0,1804.5
2024-09-14 11:00:00,1179.0,5,9,1108.5,1129.5,1804.5
2024-09-14 12:00:00,1393.5,5,9,1179.0,1108.5,1804.5
2024-09-14 13:00:00,1782.0,5,9,1393.5,1179.0,1804.5
2024-09-14 14:00:00,1570.5,5,9,1782.0,1393.5,1804.5
2024-09-14 15:00:00,1855.5,5,9,1570.5,1782.0,1804.5
2024-09-14 16:00:00,2452.5,5,9,1855.5,1570.5,1804.5
2024-09-14 17:00:00,2646.0,5,9,2452.5,1855.5,1804.5
2024-09-14 18:00:00,2599.5,5,9,2646.0,2452.5,1804.5
2024-09-14 19:00:00,2638.5,5,9,2599.5,2646.0,2638.5
2024-09-14 20:00:00,2824.5,5,9,2638.5,2599.5,2824.5
2024-09-14 21:00:00,2731.5,5,9,2824.5,2638.5,2731.5
2024-09-14 22:00:00,2404.5,5,9,2731.5,2824.5,2404.5
2024-09-14 23:00:00,2233.5,5,9,2404.5,2731.5,2233.5
2024-09-15 00:00:00,2481.0,6,9,2233.5,2404.5,2481.0
2024-09-15 01:00:00,2817.0,6,9,2481.0,2233.5,2817.0
2024-09-15 02:00:00,2799.0,6,9,2817.0,2481.0,2799.0
2024-09-15 03:00:00,2731.5,6,9,2799.0,2817.0,2731.5
2024-09-15 04:00:00,2679.0,6,9,2731.5,2799.0,2679.0
2024-09-15 05:00:00,2691.0,6,9,2679.0,2731.5,2691.0
2024-09-15 06:00:00,2713.5,6,9,2691.0,2679.0,2691.0
2024-09-15 07:00:00,2395.5,6,9,2713.5,2691.0,2691.0
2024-09-15 08:00:00,2055.0,6,9,2395.5,2713.5,2691.0
2024-09-15 09:00:00,1774.5,6,9,2055.0,2395.5,2691.0
2024-09-15 10:00:00,1221.0,6,9,1774.5,2055.0,2691.0
2024-09-15 11:00:00,1282.5,6,9,1221.0,1774.5,2691.0
2024-09-15 12:00:00,1758.0,6,9,1282.5,1221.0,2691.0
2024-09-15 13:00:00,1435.5,6,9,1758.0,1282.5,2691.0
2024-09-15 14:00:00,1761.0,6,9,1435.5,1758.0,2691.0
2024-09-15 15:00:00,2059.5,6,9,1761.0,1435.5,2691.0
2024-09-15 16:00:00,1908.0,6,9,2059.5,1761.0,2691.0
2024-09-15 17:00:00,2782.5,6,9,1908.0,2059.5,2691.0
2024-09-15 18:00:00,2410.5,6,9,2782.5,1908.0,2691.0
2024-09-15 19:00:00,2830.5,6,9,2410.5,2782.5,2830.5
2024-09-15 20:00:00,3088.5,6,9,2830.5,2410.5,3088.5
2024-09-15 21:00:00,3234.0,6,9,3088.5,2830.5,3234.0
2024-09-15 22:00:00,3339.0,6,9,3234.0,3088.5,3339.0
2024-09-15 23:00:00,3181.5,6,9,3339.0,3234.0,3181.5
2024-09-16 00:00:00,3022.5,0,9,3181.5,3339.0,3022.5
2024-09-16 01:00:00,3142.5,0,9,3022.5,3181.5,3142.5
2024-09-16 02:00:00,3235.5,0,9,3142.5,3022.5,3235.5
2024-09-16 03:00:00,2598.0,0,9,3235.5,3142.5,2598.0
2024-09-16 04:00:00,3135.0,0,9,2598.0,3235.5,3135.0
2024-09-16 05:00:00,3112.5,0,9,3135.0,2598.0,3112.5
2024-09-16 06:00:00,2578.5,0,9,3112.5,3135.0,3112.5
2024-09-16 07:00:00,1905.0,0,9,2578.5,3112.5,3112.5
2024-09-16 08:00:00,1609.5,0,9,1905.0,2578.5,3112.5
2024-09-16 09:00:00,981.0,0,9,1609.5,1905.0,3112.5
2024-09-16 10:00:00,1336.5,0,9,981.0,1609.5,3112.5
2024-09-16 11:00:00,2056.5,0,9,1336.5,981.0,3112.5
2024-09-16 12:00:00,1656.0,0,9,2056.5,1336.5,3112.5
2024-09-16 13:00:00,2385.0,0,9,1656.0,2056.5,3112.5
2024-09-16 14:00:00,2665.5,0,9,2385.0,1656.0,3112.5
2024-09-16 15:00:00,2998.5,0,9,2665.5,2385.0,3112.5
2024-09-16 16:00:00,3217.5,0,9,2998.5,2665.5,3112.5
2024-09-16 17:00:00,3219.0,0,9,3217.5,2998.5,3112.5
2024-09-16 18:00:00,3364.5,0,9,3219.0,3217.5,3112.5
2024-09-16 19:00:00,3346.5,0,9,3364.5,3219.0,3346.5
2024-09-16 20:00:00,3276.0,0,9,3346.5,3364.5,3276.0
2024-09-16 21:00:00,3285.0,0,9,3276.0,3346.5,3285.0
2024-09-16 22:00:00,3271.5,0,9,3285.0,3276.0,3271.5
2024-09-16 23:00:00,2694.0,0,9,3271.5,3285.0,2694.0
2024-09-17 00:00:00,2812.5,1,9,2694.0,3271.5,2812.5
2024-09-17 01:00:00,2824.5,1,9,2812.5,2694.0,2824.5
2024-09-17 02:00:00,3495.0,1,9,2824.5,2812.5,3495.0
2024-09-17 03:00:00,3378.0,1,9,3495.0,2824.5,3378.0
2024-09-17 04:00:00,3208.5,1,9,3378.0,3495.0,3208.5
2024-09-17 05:00:00,3415.5,1,9,3208.5,3378.0,3415.5
2024-09-17 06:00:00,3271.5,1,9,3415.5,3208.5,3415.5
2024-09-17 07:00:00,2427.0,1,9,3271.5,3415.5,3415.5
2024-09-17 08:00:00,1681.5,1,9,2427.0,3271.5,3415.5
2024-09-17 09:00:00,2661.0,1,9,1681.5,2427.0,3415.5
2024-09-17 10:00:00,2407.5,1,9,2661.0,1681.5,3415.5
2024-09-17 11:00:00,1482.0,1,9,2407.5,2661.0,3415.5
2024-09-17 12:00:00,1414.5,1,9,1482.0,2407.5,3415.5
2024-09-17 13:00:00,1834.5,1,9,1414.5,1482.0,3415.5
2024-09-17 14:00:00,2338.5,1,9,1834.5,1414.5,3415.5
2024-09-17 15:00:00,1941.0,1,9,2338.5,1834.5,3415.5
2024-09-17 16:00:00,2695.5,1,9,1941.0,2338.5,3415.5
2024-09-17 17:00:00,3186.0,1,9,2695.5,1941.0,3415.5
2024-09-17 18:00:00,3402.0,1,9,3186.0,2695.5,3415.5
2024-09-17 19:00:00,3439.5,1,9,3402.0,3186.0,3439.5
2024-09-17 20:00:00,3259.5,1,9,3439.5,3402.0,3259.5
2024-09-17 21:00:00,3346.5,1,9,3259.5,3439.5,3346.5
2024-09-17 22:00:00,2736.0,1,9,3346.5,3259.5,2736.0
2024-09-17 23:00:00,2875.5,1,9,2736.0,3346.5,2875.5
2024-09-18 00:00:00,3432.0,2,9,2875.5,2736.0,3432.0
2024-09-18 01:00:00,3124.5,2,9,3432.0,2875.5,3124.5
2024-09-18 02:00:00,3072.0,2,9,3124.5,3432.0,3072.0
2024-09-18 03:00:00,3301.5,2,9,3072.0,3124.5,3301.5
2024-09-18 04:00:00,2863.5,2,9,3301.5,3072.0,2863.5
2024-09-18 05:00:00,3243.0,2,9,2863.5,3301.5,3243.0
2024-09-18 06:00:00,3142.5,2,9,3243.0,2863.5,3243.0
2024-09-18 07:00:00,2763.0,2,9,3142.5,3243.0,3243.0
2024-09-18 08:00:00,2064.0,2,9,2763.0,3142.5,3243.0
2024-09-18 09:00:00,2148.0,2,9,2064.0,2763.0,3243.0
2024-09-18 10:00:00,1879.5,2,9,2148.0,2064.0,3243.0
2024-09-18 11:00:00,1428.0,2,9,1879.5,2148.0,3243.0
2024-09-18 12:00:00,2029.5,2,9,1428.0,1879.5,3243.0
2024-09-18 13:00:00,2304.0,2,9,2029.5,1428.0,3243.0
2024-09-18 14:00:00,2259.0,2,9,2304.0,2029.5,3243.0
2024-09-18 15:00:00,2572.5,2,9,2259.0,2304.0,3243.0
2024-09-18 16:00:00,3244.5,2,9,2572.5,2259.0,3243.0
2024-09-18 17:00:00,2685.0,2,9,3244.5,2572.5,3243.0
2024-09-18 18:00:00,3397.5,2,9,2685.0,3244.5,3243.0
2024-09-18 19:00:00,3477.0,2,9,3397.5,2685.0,3477.0
2024-09-18 20:00:00,3072.0,2,9,3477.0,3397.5,3072.0
2024-09-18 21:00:00,3403.5,2,9,3072.0,3477.0,3403.5
2024-09-18 22:00:00,3436.5,2,9,3403.5,3072.0,3436.5
2024-09-18 23:00:00,2718.0,2,9,3436.5,3403.5,2718.0
2024-09-19 00:00:00,2808.0,3,9,2718.0,3436.5,2808.0
2024-09-19 01:00:00,3498.0,3,9,2808.0,2718.0,3498.0
2024-09-19 02:00:00,3382.5,3,9,3498.0,2808.0,3382.5
2024-09-19 03:00:00,3159.0,3,9,3382.5,3498.0,3159.0
2024-09-19 04:00:00,2877.0,3,9,3159.0,3382.5,2877.0
2024-09-19 05:00:00,2731.5,3,9,2877.0,3159.0,2731.5
2024-09-19 06:00:00,3046.5,3,9,2731.5,2877.0,2731.5
2024-09-19 07:00:00,2725.5,3,9,3046.5,2731.5,2731.5
2024-09-19 08:00:00,2019.0,3,9,2725.5,3046.5,2731.5
2024-09-19 09:00:00,1773.0,3,9,2019.0,2725.5,2731.5
2024-09-19 10:00:00,1461.0,3,9,1773.0,2019.0,2731.5
2024-09-19 11:00:00,1737.0,3,9,1461.0,1773.0,2731.5
2024-09-19 12:00:00,2061.0,3,9,1737.0,1461.0,2731.5
2024-09-19 13:00:00,1851.0,3,9,2061.0,1737.0,2731.5
2024-09-19 14:00:00,2172.0,3,9,1851.0,2061.0,2731.5
2024-09-19 15:00:00,2022.0,3,9,2172.0,1851.0,2731.5
2024-09-19 16:00:00,2403.0,3,9,2022.0,2172.0,2731.5
2024-09-19 17:00:00,2343.0,3,9,2403.0,2022.0,2731.5
2024-09-19 18:00:00,2718.0,3,9,2343.0,2403.0,2731.5
2024-09-19 19:00:00,2530.5,3,9,2718.0,2343.0,2530.5
2024-09-19 20:00:00,2793.0,3,9,2530.5,2718.0,2793.0
2024-09-19 21:00:00,2842.5,3,9,2793.0,2530.5,2842.5
2024-09-19 22:00:00,2592.0,3,9,2842.5,2793.0,2592.0
2024-09-19 23:00:00,2110.5,3,9,2592.0,2842.5,2110.5
2024-09-20 00:00:00,2785.5,4,9,2110.5,2592.0,2785.5
2024-09-20 01:00:00,2713.5,4,9,2785.5,2110.5,2713.5
2024-09-20 02:00:00,2757.0,4,9,2713.5,2785.5,2757.0
2024-09-20 03:00:00,2895.0,4,9,2757.0,2713.5,2895.0
2024-09-20 04:00:00,2842.5,4,9,2895.0,2757.0,2842.5
2024-09-20 05:00:00,2853.0,4,9,2842.5,2895.0,2853.0
2024-09-20 06:00:00,1696.5,4,9,2853.0,2842.5,2853.0
2024-09-20 07:00:00,1420.5,4,9,1696.5,2853.0,2853.0
2024-09-20 08:00:00,978.0,4,9,1420.5,1696.5,2853.0
2024-09-20 09:00:00,1597.5,4,9,978.0,1420.5,2853.0
2024-09-20 10:00:00,1186.5,4,9,1597.5,978.0,2853.0
2024-09-20 11:00:00,1174.5,4,9,1186.5,1597.5,2853.0
2024-09-20 12:00:00,805.5,4,9,1174.5,1186.5,2853.0
2024-09-20 13:00:00,1552.5,4,9,805.5,1174.5,2853.0
2024-09-20 14:00:00,1164.0,4,9,1552.5,805.5,2853.0
2024-09-20 15:00:00,1257.0,4,9,1164.0,1552.5,2853.0
2024-09-20 16:00:00,1537.5,4,9,1257.0,1164.0,2853.0
2024-09-20 17:00:00,1653.0,4,9,1537.5,1257.0,2853.0
2024-09-20 18:00:00,2217.0,4,9,1653.0,1537.5,2853.0
2024-09-20 19:00:00,1842.0,4,9,2217.0,1653.0,1842.0
2024-09-20 20:00:00,1674.0,4,9,1842.0,2217.0,1674.0
2024-09-20 21:00:00,2236.5,4,9,1674.0,1842.0,2236.5
2024-09-20 22:00:00,1675.5,4,9,2236.5,1674.0,1675.5
2024-09-20 23:00:00,1825.5,4,9,1675.5,2236.5,1825.5
2024-09-21 00:00:00,1738.5,5,9,1825.5,1675.5,1738.5
2024-09-21 01:00:00,2112.0,5,9,1738.5,1825.5,2112.0
2024-09-21 02:00:00,2233.5,5,9,2112.0,1738.5,2233.5
2024-09-21 03:00:00,1782.0,5,9,2233.5,2112.0,1782.0
2024-09-21 04:00:00,1714.5,5,9,1782.0,2233.5,1714.5
2024-09-21 05:00:00,1792.5,5,9,1714.5,1782.0,1792.5
2024-09-21 06:00:00,1671.0,5,9,1792.5,1714.5,1792.5
2024-09-21 07:00:00,1533.0,5,9,1671.0,1792.5,1792.5
2024-09-21 08:00:00,1635.0,5,9,1533.0,1671.0,1792.5
2024-09-21 09:00:00,1786.5,5,9,1635.0,1533.0,1792.5
2024-09-21 10:00:00,1413.0,5,9,1786.5,1635.0,1792.5
2024-09-21 11:00:00,1150.5,5,9,1413.0,1786.5,1792.5
2024-09-21 12:00:00,711.0,5,9,1150.5,1413.0,1792.5
2024-09-21 13:00:00,2200.5,5,9,711.0,1150.5,1792.5
2024-09-21 14:00:00,2319.0,5,9,2200.5,711.0,1792.5
2024-09-21 15:00:00,2773.5,5,9,2319.0,2200.5,1792.5
2024-09-21 16:00:00,2982.0,5,9,2773.5,2319.0,1792.5
2024-09-21 17:00:00,3133.5,5,9,2982.0,2773.5,1792.5
2024-09-21 18:00:00,3592.5,5,9,3133.5,2982.0,1792.5
2024-09-21 19:00:00,3493.5,5,9,3592.5,3133.5,3493.5
2024-09-21 20:00:00,3832.5,5,9,3493.5,3592.5,3832.5
2024-09-21 21:00:00,4341.0,5,9,3832.5,3493.5,4341.0
2024-09-21 22:00:00,4110.0,5,9,4341.0,3832.5,4110.0
2024-09-21 23:00:00,2817.0,5,9,4110.0,4341.0,2817.0
2024-09-22 00:00:00,4149.0,6,9,2817.0,4110.0,4149.0
2024-09-22 01:00:00,4464.0,6,9,4149.0,2817.0,4464.0
2024-09-22 02:00:00,4507.5,6,9,4464.0,4149.0,4507.5
2024-09-22 03:00:00,4224.0,6,9,4507.5,4464.0,4224.0
2024-09-22 04:00:00,4161.0,6,9,4224.0,4507.5,4161.0
2024-09-22 05:00:00,4678.5,6,9,4161.0,4224.0,4678.5
2024-09-22 06:00:00,4423.5,6,9,4678.5,4161.0,4678.5
2024-09-22 07:00:00,3204.0,6,9,4423.5,4678.5,4678.5
2024-09-22 08:00:00,2791.5,6,9,3204.0,4423.5,4678.5
2024-09-22 09:00:00,2407.5,6,9,2791.5,3204.0,4678.5
2024-09-22 10:00:00,3411.0,6,9,2407.5,2791.5,4678.5
2024-09-22 11:00:00,2841.0,6,9,3411.0,2407.5,4678.5
2024-09-22 12:00:00,3180.0,6,9,2841.0,3411.0,4678.5
2024-09-22 13:00:00,3046.5,6,9,3180.0,2841.0,4678.5
2024-09-22 14:00:00,3351.0,6,9,3046.5,3180.0,4678.5
2024-09-22 15:00:00,2604.0,6,9,3351.0,3046.5,4678.5
2024-09-22 16:00:00,4116.0,6,9,2604.0,3351.0,4678.5
2024-09-22 17:00:00,4204.5,6,9,4116.0,2604.0,4678.5
2024-09-22 18:00:00,4420.5,6,9,4204.5,4116.0,4678.5
2024-09-22 19:00:00,4278.0,6,9,4420.5,4204.5,4278.0
2024-09-22 20:00:00,4473.0,6,9,4278.0,4420.5,4473.0
2024-09-22 21:00:00,4441.5,6,9,4473.0,4278.0,4441.5
2024-09-22 22:00:00,3943.5,6,9,4441.5,4473.0,3943.5
2024-09-22 23:00:00,3787.5,6,9,3943.5,4441.5,3787.5
2024-09-23 00:00:00,3091.5,0,9,3787.5,3943.5,3091.5
2024-09-23 01:00:00,3709.5,0,9,3091.5,3787.5,3709.5
2024-09-23 02:00:00,3331.5,0,9,3709.5,3091.5,3331.5
2024-09-23 03:00:00,3133.5,0,9,3331.5,3709.5,3133.5
2024-09-23 04:00:00,3594.0,0,9,3133.5,3331.5,3594.0
2024-09-23 05:00:00,3769.5,0,9,3594.0,3133.5,3769.5
2024-09-23 06:00:00,3747.0,0,9,3769.5,3594.0,3769.5
2024-09-23 07:00:00,2766.0,0,9,3747.0,3769.5,3769.5
2024-09-23 08:00:00,1815.0,0,9,2766.0,3747.0,3769.5
2024-09-23 09:00:00,2157.0,0,9,1815.0,2766.0,3769.5
2024-09-23 10:00:00,1659.0,0,9,2157.0,1815.0,3769.5
2024-09-23 11:00:00,1348.5,0,9,1659.0,2157.0,3769.5
2024-09-23 12:00:00,1543.5,0,9,1348.5,1659.0,3769.5
2024-09-23 13:00:00,1215.0,0,9,1543.5,1348.5,3769.5
2024-09-23 14:00:00,1557.0,0,9,1215.0,1543.5,3769.5
2024-09-23 15:00:00,2179.5,0,9,1557.0,1215.0,3769.5
2024-09-23 16:00:00,2655.0,0,9,2179.5,1557.0,3769.5
2024-09-23 17:00:00,2793.0,0,9,2655.0,2179.5,3769.5
2024-09-23 18:00:00,2472.0,0,9,2793.0,2655.0,3769.5
2024-09-23 19:00:00,2419.5,0,9,2472.0,2793.0,2419.5
2024-09-23 20:00:00,2473.5,0,9,2419.5,2472.0,2473.5
2024-09-23 21:00:00,2893.5,0,9,2473.5,2419.5,2893.5
2024-09-23 22:00:00,2455.5,0,9,2893.5,2473.5,2455.5
2024-09-23 23:00:00,2886.0,0,9,2455.5,2893.5,2886.0
2024-09-24 00:00:00,2734.5,1,9,2886.0,2455.5,2734.5
2024-09-24 01:00:00,2187.0,1,9,2734.5,2886.0,2187.0
2024-09-24 02:00:00,2839.5,1,9,2187.0,2734.5,2839.5
2024-09-24 03:00:00,2214.0,1,9,2839.5,2187.0,2214.0
2024-09-24 04:00:00,2607.0,1,9,2214.0,2839.5,2607.0
2024-09-24 05:00:00,2839.5,1,9,2607.0,2214.0,2839.5
2024-09-24 06:00:00,2518.5,1,9,2839.5,2607.0,2839.5
2024-09-24 07:00:00,1696.5,1,9,2518.5,2839.5,2839.5
2024-09-24 08:00:00,2124.0,1,9,1696.5,2518.5,2839.5
2024-09-24 09:00:00,2106.0,1,9,2124.0,1696.5,2839.5
2024-09-24 10:00:00,1693.5,1,9,2106.0,2124.0,2839.5
2024-09-24 11:00:00,1792.5,1,9,1693.5,2106.0,2839.5
2024-09-24 12:00:00,1284.0,1,9,1792.5,1693.5,2839.5
2024-09-24 13:00:00,2059.5,1,9,1284.0,1792.5,2839.5
2024-09-24 14:00:00,2236.5,1,9,2059.5,1284.0,2839.5
2024-09-24 15:00:00,2148.0,1,9,2236.5,2059.5,2839.5
2024-09-24 16:00:00,2709.0,1,9,2148.0,2236.5,2839.5
2024-09-24 17:00:00,1752.0,1,9,2709.0,2148.0,2839.5
2024-09-24 18:00:00,2748.0,1,9,1752.0,2709.0,2839.5
2024-09-24 19:00:00,2614.5,1,9,2748.0,1752.0,2614.5
2024-09-24 20:00:00,2367.0,1,9,2614.5,2748.0,2367.0
2024-09-24 21:00:00,2761.5,1,9,2367.0,2614.5,2761.5
2024-09-24 22:00:00,2823.0,1,9,2761.5,2367.0,2823.0
2024-09-24 23:00:00,2742.0,1,9,2823.0,2761.5,2742.0
2024-09-25 00:00:00,2472.0,2,9,2742.0,2823.0,2472.0
2024-09-25 01:00:00,2238.0,2,9,2472.0,2742.0,2238.0
2024-09-25 02:00:00,2707.5,2,9,2238.0,2472.0,2707.5
2024-09-25 03:00:00,2562.0,2,9,2707.5,2238.0,2562.0
2024-09-25 04:00:00,2127.0,2,9,2562.0,2707.5,2127.0
2024-09-25 05:00:00,2662.5,2,9,2127.0,2562.0,2662.5
2024-09-25 06:00:00,2505.0,2,9,2662.5,2127.0,2662.5
2024-09-25 07:00:00,2080.5,2,9,2505.0,2662.5,2662.5
2024-09-25 08:00:00,2268.0,2,9,2080.5,2505.0,2662.5
2024-09-25 09:00:00,1935.0,2,9,2268.0,2080.5,2662.5
2024-09-25 10:00:00,1542.0,2,9,1935.0,2268.0,2662.5
2024-09-25 11:00:00,1003.5,2,9,1542.0,1935.0,2662.5
2024-09-25 12:00:00,1093.5,2,9,1003.5,1542.0,2662.5
2024-09-25 13:00:00,1932.0,2,9,1093.5,1003.5,2662.5
2024-09-25 14:00:00,1504.5,2,9,1932.0,1093.5,2662.5
2024-09-25 15:00:00,1149.0,2,9,1504.5,1932.0,2662.5
2024-09-25 16:00:00,2029.5,2,9,1149.0,1504.5,2662.5
2024-09-25 17:00:00,2593.5,2,9,2029.5,1149.0,2662.5
2024-09-25 18:00:00,2059.5,2,9,2593.5,2029.5,2662.5
2024-09-25 19:00:00,2404.5,2,9,2059.5,2593.5,2404.5
2024-09-25 20:00:00,1638.0,2,9,2404.5,2059.5,1638.0
2024-09-25 21:00:00,2524.5,2,9,1638.0,2404.5,2524.5
2024-09-25 22:00:00,2646.0,2,9,2524.5,1638.0,2646.0
2024-09-25 23:00:00,2094.0,2,9,2646.0,2524.5,2094.0
2024-09-26 00:00:00,2154.0,3,9,2094.0,2646.0,2154.0
2024-09-26 01:00:00,2260.5,3,9,2154.0,2094.0,2260.5
2024-09-26 02:00:00,2916.0,3,9,2260.5,2154.0,2916.0
2024-09-26 03:00:00,2781.0,3,9,2916.0,2260.5,2781.0
2024-09-26 04:00:00,2718.0,3,9,2781.0,2916.0,2718.0
2024-09-26 05:00:00,2731.5,3,9,2718.0,2781.0,2731.5
2024-09-26 06:00:00,2355.0,3,9,2731.5,2718.0,2731.5
2024-09-26 07:00:00,1734.0,3,9,2355.0,2731.5,2731.5
2024-09-26 08:00:00,1537.5,3,9,1734.0,2355.0,2731.5
2024-09-26 09:00:00,1513.5,3,9,1537.5,1734.0,2731.5
2024-09-26 10:00:00,841.5,3,9,1513.5,1537.5,2731.5
2024-09-26 11:00:00,1158.0,3,9,841.5,1513.5,2731.5
2024-09-26 12:00:00,1326.0,3,9,1158.0,841.5,2731.5
2024-09-26 13:00:00,1092.0,3,9,1326.0,1158.0,2731.5
2024-09-26 14:00:00,1495.5,3,9,1092.0,1326.0,2731.5
2024-09-26 15:00:00,2074.5,3,9,1495.5,1092.0,2731.5
2024-09-26 16:00:00,1881.0,3,9,2074.5,1495.5,2731.5
2024-09-26 17:00:00,2452.5,3,9,1881.0,2074.5,2731.5
2024-09-26 18:00:00,2536.5,3,9,2452.5,1881.0,2731.5
2024-09-26 19:00:00,2046.0,3,9,2536.5,2452.5,2046.0
2024-09-26 20:00:00,2283.0,3,9,2046.0,2536.5,2283.0
2024-09-26 21:00:00,2760.0,3,9,2283.0,2046.0,2760.0
2024-09-26 22:00:00,2353.5,3,9,2760.0,2283.0,2353.5
2024-09-26 23:00:00,2761.5,3,9,2353.5,2760.0,2761.5
2024-09-27 00:00:00,2697.0,4,9,2761.5,2353.5,2697.0
2024-09-27 01:00:00,2740.5,4,9,2697.0,2761.5,2740.5
2024-09-27 02:00:00,2059.5,4,9,2740.5,2697.0,2059.5
2024-09-27 03:00:00,2919.0,4,9,2059.5,2740.5,2919.0
2024-09-27 04:00:00,2415.0,4,9,2919.0,2059.5,2415.0
2024-09-27 05:00:00,1206.0,4,9,2415.0,2919.0,1206.0
2024-09-27 06:00:00,1023.0,4,9,1206.0,2415.0,1206.0
2024-09-27 07:00:00,573.0,4,9,1023.0,1206.0,1206.0
2024-09-27 08:00:00,0.0,4,9,573.0,1023.0,1206.0
2024-09-27 09:00:00,22.5,4,9,0.0,573.0,1206.0
2024-09-27 10:00:00,6.0,4,9,22.5,0.0,1206.0
2024-09-27 11:00:00,12.0,4,9,6.0,22.5,1206.0
2024-09-27 12:00:00,4.5,4,9,12.0,6.0,1206.0
2024-09-27 13:00:00,150.0,4,9,4.5,12.0,1206.0
2024-09-27 14:00:00,9.0,4,9,150.0,4.5,1206.0
2024-09-27 15:00:00,73.5,4,9,9.0,150.0,1206.0
2024-09-27 16:00:00,213.0,4,9,73.5,9.0,1206.0
2024-09-27 17:00:00,210.0,4,9,213.0,73.5,1206.0
2024-09-27 18:00:00,192.0,4,9,210.0,213.0,1206.0
2024-09-27 19:00:00,189.0,4,9,192.0,210.0,189.0
2024-09-27 20:00:00,198.0,4,9,189.0,192.0,198.0
2024-09-27 21:00:00,190.5,4,9,198.0,189.0,190.5
2024-09-27 22:00:00,210.0,4,9,190.5,198.0,210.0
2024-09-27 23:00:00,255.0,4,9,210.0,190.5,255.0
2024-09-28 00:00:00,304.5,5,9,255.0,210.0,304.5
2024-09-28 01:00:00,316.5,5,9,304.5,255.0,316.5
2024-09-28 02:00:00,315.0,5,9,316.5,304.5,315.0
2024-09-28 03:00:00,285.0,5,9,315.0,316.5,285.0
2024-09-28 04:00:00,247.5,5,9,285.0,315.0,247.5
2024-09-28 05:00:00,190.5,5,9,247.5,285.0,190.5
2024-09-28 06:00:00,108.0,5,9,190.5,247.5,190.5
2024-09-28 07:00:00,13.5,5,9,108.0,190.5,190.5
2024-09-28 08:00:00,345.0,5,9,13.5,108.0,190.5
2024-09-28 09:00:00,1218.0,5,9,345.0,13.5,190.5
2024-09-28 10:00:00,930.0,5,9,1218.0,345.0,190.5
2024-09-28 11:00:00,1591.5,5,9,930.0,1218.0,190.5
2024-09-28 12:00:00,1759.5,5,9,1591.5,930.0,190.5
2024-09-28 13:00:00,1885.5,5,9,1759.5,1591.5,190.5
2024-09-28 14:00:00,1681.5,5,9,1885.5,1759.5,190.5
2024-09-28 15:00:00,1755.0,5,9,1681.5,1885.5,190.5
2024-09-28 16:00:00,1632.0,5,9,1755.0,1681.5,190.5
2024-09-28 17:00:00,2316.0,5,9,1632.0,1755.0,190.5
2024-09-28 18:00:00,2802.0,5,9,2316.0,1632.0,190.5
2024-09-28 19:00:00,2382.0,5,9,2802.0,2316.0,2382.0
2024-09-28 20:00:00,2599.5,5,9,2382.0,2802.0,2599.5
2024-09-28 21:00:00,2631.0,5,9,2599.5,2382.0,2631.0
2024-09-28 22:00:00,2640.0,5,9,2631.0,2599.5,2640.0
2024-09-28 23:00:00,1983.0,5,9,2640.0,2631.0,1983.0
2024-09-29 00:00:00,2200.5,6,9,1983.0,2640.0,2200.5
2024-09-29 01:00:00,2194.5,6,9,2200.5,1983.0,2194.5
2024-09-29 02:00:00,2583.0,6,9,2194.5,2200.5,2583.0
2024-09-29 03:00:00,2958.0,6,9,2583.0,2194.5,2958.0
2024-09-29 04:00:00,2827.5,6,9,2958.0,2583.0,2827.5
2024-09-29 05:00:00,2721.0,6,9,2827.5,2958.0,2721.0
2024-09-29 06:00:00,2622.0,6,9,2721.0,2827.5,2721.0
2024-09-29 07:00:00,2103.0,6,9,2622.0,2721.0,2721.0
2024-09-29 08:00:00,1512.0,6,9,2103.0,2622.0,2721.0
2024-09-29 09:00:00,1062.0,6,9,1512.0,2103.0,2721.0
2024-09-29 10:00:00,1521.0,6,9,1062.0,1512.0,2721.0
2024-09-29 11:00:00,2082.0,6,9,1521.0,1062.0,2721.0
2024-09-29 12:00:00,1728.0,6,9,2082.0,1521.0,2721.0
2024-09-29 13:00:00,1549.5,6,9,1728.0,2082.0,2721.0
2024-09-29 14:00:00,1684.5,6,9,1549.5,1728.0,2721.0
2024-09-29 15:00:00,2167.5,6,9,1684.5,1549.5,2721.0
2024-09-29 16:00:00,2334.0,6,9,2167.5,1684.5,2721.0
2024-09-29 17:00:00,2472.0,6,9,2334.0,2167.5,2721.0
2024-09-29 18:00:00,2001.0,6,9,2472.0,2334.0,2721.0
2024-09-29 19:00:00,2061.0,6,9,2001.0,2472.0,2061.0
2024-09-29 20:00:00,2563.5,6,9,2061.0,2001.0,2563.5
2024-09-29 21:00:00,1636.5,6,9,2563.5,2061.0,1636.5
2024-09-29 22:00:00,2335.5,6,9,1636.5,2563.5,2335.5
2024-09-29 23:00:00,2730.0,6,9,2335.5,1636.5,2730.0
2024-09-30 00:00:00,2805.0,0,9,2730.0,2335.5,2805.0
2024-09-30 01:00:00,2089.5,0,9,2805.0,2730.0,2089.5
2024-09-30 02:00:00,2362.5,0,9,2089.5,2805.0,2362.5
2024-09-30 03:00:00,2671.5,0,9,2362.5,2089.5,2671.5
2024-09-30 04:00:00,2542.5,0,9,2671.5,2362.5,2542.5
2024-09-30 05:00:00,1645.5,0,9,2542.5,2671.5,1645.5
2024-09-30 06:00:00,2559.0,0,9,1645.5,2542.5,1645.5
2024-09-30 07:00:00,1728.0,0,9,2559.0,1645.5,1645.5
2024-09-30 08:00:00,1101.0,0,9,1728.0,2559.0,1645.5
2024-09-30 09:00:00,1443.0,0,9,1101.0,1728.0,1645.5
2024-09-30 10:00:00,1222.5,0,9,1443.0,1101.0,1645.5
2024-09-30 11:00:00,1267.5,0,9,1222.5,1443.0,1645.5
2024-09-30 12:00:00,1095.0,0,9,1267.5,1222.5,1645.5
2024-09-30 13:00:00,1594.5,0,9,1095.0,1267.5,1645.5
2024-09-30 14:00:00,2236.5,0,9,1594.5,1095.0,1645.5
2024-09-30 15:00:00,1792.5,0,9,2236.5,1594.5,1645.5
2024-09-30 16:00:00,1458.0,0,9,1792.5,2236.5,1645.5
2024-09-30 17:00:00,2523.0,0,9,1458.0,1792.5,1645.5
2024-09-30 18:00:00,2076.0,0,9,2523.0,1458.0,1645.5
2024-09-30 19:00:00,2178.0,0,9,2076.0,2523.0,2178.0
2024-09-30 20:00:00,2451.0,0,9,2178.0,2076.0,2451.0
2024-09-30 21:00:00,2655.0,0,9,2451.0,2178.0,2655.0
2024-09-30 22:00:00,2373.0,0,9,2655.0,2451.0,2373.0
2024-09-30 23:00:00,2325.0,0,9,2373.0,2655.0,2325.0
2024-10-01 00:00:00,2352.0,1,10,2325.0,2373.0,2352.0
2024-10-01 01:00:00,2613.0,1,10,2352.0,2325.0,2613.0
2024-10-01 02:00:00,2502.0,1,10,2613.0,2352.0,2502.0
2024-10-01 03:00:00,1975.5,1,10,2502.0,2613.0,1975.5
2024-10-01 04:00:00,2394.0,1,10,1975.5,2502.0,2394.0
2024-10-01 05:00:00,2218.5,1,10,2394.0,1975.5,2218.5
2024-10-01 06:00:00,2631.0,1,10,2218.5,2394.0,2218.5
2024-10-01 07:00:00,2085.0,1,10,2631.0,2218.5,2218.5
2024-10-01 08:00:00,1254.0,1,10,2085.0,2631.0,2218.5
2024-10-01 09:00:00,1401.0,1,10,1254.0,2085.0,2218.5
2024-10-01 10:00:00,1623.0,1,10,1401.0,1254.0,2218.5
2024-10-01 11:00:00,1432.5,1,10,1623.0,1401.0,2218.5
2024-10-01 12:00:00,1372.5,1,10,1432.5,1623.0,2218.5
2024-10-01 13:00:00,1500.0,1,10,1372.5,1432.5,2218.5
2024-10-01 14:00:00,855.0,1,10,1500.0,1372.5,2218.5
2024-10-01 15:00:00,1944.0,1,10,855.0,1500.0,2218.5
2024-10-01 16:00:00,2362.5,1,10,1944.0,855.0,2218.5
2024-10-01 17:00:00,2235.0,1,10,2362.5,1944.0,2218.5
2024-10-01 18:00:00,2229.0,1,10,2235.0,2362.5,2218.5
2024-10-01 19:00:00,2430.0,1,10,2229.0,2235.0,2430.0
2024-10-01 20:00:00,2467.5,1,10,2430.0,2229.0,2467.5
2024-10-01 21:00:00,2341.5,1,10,2467.5,2430.0,2341.5
2024-10-01 22:00:00,2017.5,1,10,2341.5,2467.5,2017.5
2024-10-01 23:00:00,2079.0,1,10,2017.5,2341.5,2079.0
2024-10-02 00:00:00,2103.0,2,10,2079.0,2017.5,2103.0
2024-10-02 01:00:00,2151.0,2,10,2103.0,2079.0,2151.0
2024-10-02 02:00:00,2766.0,2,10,2151.0,2103.0,2766.0
2024-10-02 03:00:00,2557.5,2,10,2766.0,2151.0,2557.5
2024-10-02 04:00:00,2592.0,2,10,2557.5,2766.0,2592.0
2024-10-02 05:00:00,2569.5,2,10,2592.0,2557.5,2569.5
2024-10-02 06:00:00,2454.0,2,10,2569.5,2592.0,2569.5
2024-10-02 07:00:00,1716.0,2,10,2454.0,2569.5,2569.5
2024-10-02 08:00:00,1365.0,2,10,1716.0,2454.0,2569.5
2024-10-02 09:00:00,1732.5,2,10,1365.0,1716.0,2569.5
2024-10-02 10:00:00,2103.0,2,10,1732.5,1365.0,2569.5
2024-10-02 11:00:00,1899.0,2,10,2103.0,1732.5,2569.5
2024-10-02 12:00:00,1825.5,2,10,1899.0,2103.0,2569.5
2024-10-02 13:00:00,2064.0,2,10,1825.5,1899.0,2569.5
2024-10-02 14:00:00,1494.0,2,10,2064.0,1825.5,2569.5
2024-10-02 15:00:00,1806.0,2,10,1494.0,2064.0,2569.5
2024-10-02 16:00:00,2148.0,2,10,1806.0,1494.0,2569.5
2024-10-02 17:00:00,2643.0,2,10,2148.0,1806.0,2569.5
2024-10-02 18:00:00,2746.5,2,10,2643.0,2148.0,2569.5
2024-10-02 19:00:00,2500.5,2,10,2746.5,2643.0,2500.5
2024-10-02 20:00:00,2200.5,2,10,2500.5,2746.5,2200.5
2024-10-02 21:00:00,2428.5,2,10,2200.5,2500.5,2428.5
2024-10-02 22:00:00,2449.5,2,10,2428.5,2200.5,2449.5
2024-10-02 23:00:00,1597.5,2,10,2449.5,2428.5,1597.5
2024-10-03 00:00:00,2464.5,3,10,1597.5,2449.5,2464.5
2024-10-03 01:00:00,2653.5,3,10,2464.5,1597.5,2653.5
2024-10-03 02:00:00,2158.5,3,10,2653.5,2464.5,2158.5
2024-10-03 03:00:00,2149.5,3,10,2158.5,2653.5,2149.5
2024-10-03 04:00:00,2133.0,3,10,2149.5,2158.5,2133.0
2024-10-03 05:00:00,2176.5,3,10,2133.0,2149.5,2176.5
2024-10-03 06:00:00,1975.5,3,10,2176.5,2133.0,2176.5
2024-10-03 07:00:00,1632.0,3,10,1975.5,2176.5,2176.5
2024-10-03 08:00:00,1425.0,3,10,1632.0,1975.5,2176.5
2024-10-03 09:00:00,1251.0,3,10,1425.0,1632.0,2176.5
2024-10-03 10:00:00,1582.5,3,10,1251.0,1425.0,2176.5
2024-10-03 11:00:00,1437.0,3,10,1582.5,1251.0,2176.5
2024-10-03 12:00:00,1299.0,3,10,1437.0,1582.5,2176.5
2024-10-03 13:00:00,2427.0,3,10,1299.0,1437.0,2176.5
2024-10-03 14:00:00,3646.5,3,10,2427.0,1299.0,2176.5
2024-10-03 15:00:00,3931.5,3,10,3646.5,2427.0,2176.5
2024-10-03 16:00:00,3784.5,3,10,3931.5,3646.5,2176.5
2024-10-03 17:00:00,3253.5,3,10,3784.5,3931.5,2176.5
2024-10-03 18:00:00,4288.5,3,10,3253.5,3784.5,2176.5
2024-10-03 19:00:00,4150.5,3,10,4288.5,3253.5,4150.5
2024-10-03 20:00:00,3846.0,3,10,4150.5,4288.5,3846.0
2024-10-03 21:00:00,3906.0,3,10,3846.0,4150.5,3906.0
2024-10-03 22:00:00,4071.0,3,10,3906.0,3846.0,4071.0
2024-10-03 23:00:00,4126.5,3,10,4071.0,3906.0,4126.5
2024-10-04 00:00:00,4077.0,4,10,4126.5,4071.0,4077.0
2024-10-04 01:00:00,4101.0,4,10,4077.0,4126.5,4101.0
2024-10-04 02:00:00,4119.0,4,10,4101.0,4077.0,4119.0
2024-10-04 03:00:00,4416.0,4,10,4119.0,4101.0,4416.0
2024-10-04 04:00:00,4048.5,4,10,4416.0,4119.0,4048.5
2024-10-04 05:00:00,3708.0,4,10,4048.5,4416.0,3708.0
2024-10-04 06:00:00,3327.0,4,10,3708.0,4048.5,3708.0
2024-10-04 07:00:00,2151.0,4,10,3327.0,3708.0,3708.0
2024-10-04 08:00:00,1035.0,4,10,2151.0,3327.0,3708.0
2024-10-04 09:00:00,1008.0,4,10,1035.0,2151.0,3708.0
2024-10-04 10:00:00,1012.5,4,10,1008.0,1035.0,3708.0
2024-10-04 11:00:00,1059.0,4,10,1012.5,1008.0,3708.0
2024-10-04 12:00:00,1141.5,4,10,1059.0,1012.5,3708.0
2024-10-04 13:00:00,1198.5,4,10,1141.5,1059.0,3708.0
2024-10-04 14:00:00,1218.0,4,10,1198.5,1141.5,3708.0
2024-10-04 15:00:00,1020.0,4,10,1218.0,1198.5,3708.0
2024-10-04 16:00:00,1161.0,4,10,1020.0,1218.0,3708.0
2024-10-04 17:00:00,1773.0,4,10,1161.0,1020.0,3708.0
2024-10-04 18:00:00,2076.0,4,10,1773.0,1161.0,3708.0
2024-10-04 19:00:00,1809.0,4,10,2076.0,1773.0,1809.0
2024-10-04 20:00:00,1996.5,4,10,1809.0,2076.0,1996.5
2024-10-04 21:00:00,1719.0,4,10,1996.5,1809.0,1719.0
2024-10-04 22:00:00,1809.0,4,10,1719.0,1996.5,1809.0
2024-10-04 23:00:00,1807.5,4,10,1809.0,1719.0,1807.5
2024-10-05 00:00:00,1930.5,5,10,1807.5,1809.0,1930.5
2024-10-05 01:00:00,1948.5,5,10,1930.5,1807.5,1948.5
2024-10-05 02:00:00,1680.0,5,10,1948.5,1930.5,1680.0
2024-10-05 03:00:00,1711.5,5,10,1680.0,1948.5,1711.5
2024-10-05 04:00:00,2137.5,5,10,1711.5,1680.0,2137.5
2024-10-05 05:00:00,2023.5,5,10,2137.5,1711.5,2023.5
2024-10-05 06:00:00,1620.0,5,10,2023.5,2137.5,2023.5
2024-10-05 07:00:00,1182.0,5,10,1620.0,2023.5,2023.5
2024-10-05 08:00:00,868.5,5,10,1182.0,1620.0,2023.5
2024-10-05 09:00:00,1036.5,5,10,868.5,1182.0,2023.5
2024-10-05 10:00:00,1414.5,5,10,1036.5,868.5,2023.5
2024-10-05 11:00:00,1843.5,5,10,1414.5,1036.5,2023.5
2024-10-05 12:00:00,1828.5,5,10,1843.5,1414.5,2023.5
2024-10-05 13:00:00,2160.0,5,10,1828.5,1843.5,2023.5
2024-10-05 14:00:00,2119.5,5,10,2160.0,1828.5,2023.5
2024-10-05 15:00:00,2794.5,5,10,2119.5,2160.0,2023.5
2024-10-05 16:00:00,3676.5,5,10,2794.5,2119.5,2023.5
2024-10-05 17:00:00,4069.5,5,10,3676.5,2794.5,2023.5
2024-10-05 18:00:00,4167.0,5,10,4069.5,3676.5,2023.5
2024-10-05 19:00:00,4183.5,5,10,4167.0,4069.5,4183.5
2024-10-05 20:00:00,4242.0,5,10,4183.5,4167.0,4242.0
2024-10-05 21:00:00,4152.0,5,10,4242.0,4183.5,4152.0
2024-10-05 22:00:00,4215.0,5,10,4152.0,4242.0,4215.0
2024-10-05 23:00:00,4290.0,5,10,4215.0,4152.0,4290.0
2024-10-06 00:00:00,4336.5,6,10,4290.0,4215.0,4336.5
2024-10-06 01:00:00,4363.5,6,10,4336.5,4290.0,4363.5
2024-10-06 02:00:00,3619.5,6,10,4363.5,4336.5,3619.5
2024-10-06 03:00:00,4387.5,6,10,3619.5,4363.5,4387.5
2024-10-06 04:00:00,4335.0,6,10,4387.5,3619.5,4335.0
2024-10-06 05:00:00,3834.0,6,10,4335.0,4387.5,3834.0
2024-10-06 06:00:00,3625.5,6,10,3834.0,4335.0,3834.0
2024-10-06 07:00:00,3312.0,6,10,3625.5,3834.0,3834.0
2024-10-06 08:00:00,2988.0,6,10,3312.0,3625.5,3834.0
2024-10-06 09:00:00,3114.0,6,10,2988.0,3312.0,3834.0
2024-10-06 10:00:00,3387.0,6,10,3114.0,2988.0,3834.0
2024-10-06 11:00:00,3042.0,6,10,3387.0,3114.0,3834.0
2024-10-06 12:00:00,2757.0,6,10,3042.0,3387.0,3834.0
2024-10-06 13:00:00,3342.0,6,10,2757.0,3042.0,3834.0
2024-10-06 14:00:00,3054.0,6,10,3342.0,2757.0,3834.0
2024-10-06 15:00:00,3016.5,6,10,3054.0,3342.0,3834.0
2024-10-06 16:00:00,3490.5,6,10,3016.5,3054.0,3834.0
2024-10-06 17:00:00,4158.0,6,10,3490.5,3016.5,3834.0
2024-10-06 18:00:00,4411.5,6,10,4158.0,3490.5,3834.0
2024-10-06 19:00:00,4062.0,6,10,4411.5,4158.0,4062.0
2024-10-06 20:00:00,3840.0,6,10,4062.0,4411.5,3840.0
2024-10-06 21:00:00,4584.0,6,10,3840.0,4062.0,4584.0
2024-10-06 22:00:00,4045.5,6,10,4584.0,3840.0,4045.5
2024-10-06 23:00:00,4233.0,6,10,4045.5,4584.0,4233.0
2024-10-07 00:00:00,4675.5,0,10,4233.0,4045.5,4675.5
2024-10-07 01:00:00,4468.5,0,10,4675.5,4233.0,4468.5
2024-10-07 02:00:00,4219.5,0,10,4468.5,4675.5,4219.5
2024-10-07 03:00:00,4210.5,0,10,4219.5,4468.5,4210.5
2024-10-07 04:00:00,4525.5,0,10,4210.5,4219.5,4525.5
2024-10-07 05:00:00,4579.5,0,10,4525.5,4210.5,4579.5
2024-10-07 06:00:00,4245.0,0,10,4579.5,4525.5,4579.5
2024-10-07 07:00:00,3492.0,0,10,4245.0,4579.5,4579.5
2024-10-07 08:00:00,2917.5,0,10,3492.0,4245.0,4579.5
2024-10-07 09:00:00,2256.0,0,10,2917.5,3492.0,4579.5
2024-10-07 10:00:00,2082.0,0,10,2256.0,2917.5,4579.5
2024-10-07 11:00:00,2407.5,0,10,2082.0,2256.0,4579.5
2024-10-07 12:00:00,2262.0,0,10,2407.5,2082.0,4579.5
2024-10-07 13:00:00,2547.0,0,10,2262.0,2407.5,4579.5
2024-10-07 14:00:00,2661.0,0,10,2547.0,2262.0,4579.5
2024-10-07 15:00:00,2881.5,0,10,2661.0,2547.0,4579.5
2024-10-07 16:00:00,3642.0,0,10,2881.5,2661.0,4579.5
2024-10-07 17:00:00,4081.5,0,10,3642.0,2881.5,4579.5
2024-10-07 18:00:00,4542.0,0,10,4081.5,3642.0,4579.5
2024-10-07 19:00:00,4350.0,0,10,4542.0,4081.5,4350.0
2024-10-07 20:00:00,4384.5,0,10,4350.0,4542.0,4384.5
2024-10-07 21:00:00,4647.0,0,10,4384.5,4350.0,4647.0
2024-10-07 22:00:00,4470.0,0,10,4647.0,4384.5,4470.0
2024-10-07 23:00:00,4351.5,0,10,4470.0,4647.0,4351.5
2024-10-08 00:00:00,4432.5,1,10,4351.5,4470.0,4432.5
2024-10-08 01:00:00,4360.5,1,10,4432.5,4351.5,4360.5
2024-10-08 02:00:00,3916.5,1,10,4360.5,4432.5,3916.5
2024-10-08 03:00:00,3886.5,1,10,3916.5,4360.5,3886.5
2024-10-08 04:00:00,4359.0,1,10,3886.5,3916.5,4359.0
2024-10-08 05:00:00,4612.5,1,10,4359.0,3886.5,4612.5
2024-10-08 06:00:00,4086.0,1,10,4612.5,4359.0,4612.5
2024-10-08 07:00:00,3453.0,1,10,4086.0,4612.5,4612.5
2024-10-08 08:00:00,3331.5,1,10,3453.0,4086.0,4612.5
2024-10-08 09:00:00,2623.5,1,10,3331.5,3453.0,4612.5
2024-10-08 10:00:00,2550.0,1,10,2623.5,3331.5,4612.5
2024-10-08 11:00:00,1815.0,1,10,2550.0,2623.5,4612.5
2024-10-08 12:00:00,1849.5,1,10,1815.0,2550.0,4612.5
2024-10-08 13:00:00,2349.0,1,10,1849.5,1815.0,4612.5
2024-10-08 14:00:00,3154.5,1,10,2349.0,1849.5,4612.5
2024-10-08 15:00:00,3484.5,1,10,3154.5,2349.0,4612.5
2024-10-08 16:00:00,3787.5,1,10,3484.5,3154.5,4612.5
2024-10-08 17:00:00,4081.5,1,10,3787.5,3484.5,4612.5
2024-10-08 18:00:00,4002.0,1,10,4081.5,3787.5,4612.5
2024-10-08 19:00:00,4347.0,1,10,4002.0,4081.5,4347.0
2024-10-08 20:00:00,4431.0,1,10,4347.0,4002.0,4431.0
2024-10-08 21:00:00,4431.0,1,10,4431.0,4347.0,4431.0
2024-10-08 22:00:00,4404.0,1,10,4431.0,4431.0,4404.0
2024-10-08 23:00:00,4284.0,1,10,4404.0,4431.0,4284.0
2024-10-09 00:00:00,4564.5,2,10,4284.0,4404.0,4564.5
2024-10-09 01:00:00,4108.5,2,10,4564.5,4284.0,4108.5
2024-10-09 02:00:00,4176.0,2,10,4108.5,4564.5,4176.0
2024-10-09 03:00:00,4561.5,2,10,4176.0,4108.5,4561.5
2024-10-09 04:00:00,4548.0,2,10,4561.5,4176.0,4548.0
2024-10-09 05:00:00,3900.0,2,10,4548.0,4561.5,3900.0
2024-10-09 06:00:00,3525.0,2,10,3900.0,4548.0,3900.0
2024-10-09 07:00:00,2871.0,2,10,3525.0,3900.0,3900.0
2024-10-09 08:00:00,1758.0,2,10,2871.0,3525.0,3900.0
2024-10-09 09:00:00,2044.5,2,10,1758.0,2871.0,3900.0
2024-10-09 10:00:00,1380.0,2,10,2044.5,1758.0,3900.0
2024-10-09 11:00:00,1335.0,2,10,1380.0,2044.5,3900.0
2024-10-09 12:00:00,1234.5,2,10,1335.0,1380.0,3900.0
2024-10-09 13:00:00,1293.0,2,10,1234.5,1335.0,3900.0
2024-10-09 14:00:00,1726.5,2,10,1293.0,1234.5,3900.0
2024-10-09 15:00:00,2026.5,2,10,1726.5,1293.0,3900.0
2024-10-09 16:00:00,2379.0,2,10,2026.5,1726.5,3900.0
2024-10-09 17:00:00,2736.0,2,10,2379.0,2026.5,3900.0
2024-10-09 18:00:00,2808.0,2,10,2736.0,2379.0,3900.0
2024-10-09 19:00:00,2706.0,2,10,2808.0,2736.0,2706.0
2024-10-09 20:00:00,2652.0,2,10,2706.0,2808.0,2652.0
2024-10-09 21:00:00,2667.0,2,10,2652.0,2706.0,2667.0
2024-10-09 22:00:00,2878.5,2,10,2667.0,2652.0,2878.5
2024-10-09 23:00:00,2536.5,2,10,2878.5,2667.0,2536.5
2024-10-10 00:00:00,2815.5,3,10,2536.5,2878.5,2815.5
2024-10-10 01:00:00,2839.5,3,10,2815.5,2536.5,2839.5
2024-10-10 02:00:00,2814.0,3,10,2839.5,2815.5,2814.0
2024-10-10 03:00:00,2743.5,3,10,2814.0,2839.5,2743.5
2024-10-10 04:00:00,2782.5,3,10,2743.5,2814.0,2782.5
2024-10-10 05:00:00,2034.0,3,10,2782.5,2743.5,2034.0
2024-10-10 06:00:00,1428.0,3,10,2034.0,2782.5,2034.0
2024-10-10 07:00:00,822.0,3,10,1428.0,2034.0,2034.0
2024-10-10 08:00:00,253.5,3,10,822.0,1428.0,2034.0
2024-10-10 09:00:00,928.5,3,10,253.5,822.0,2034.0
2024-10-10 10:00:00,1243.5,3,10,928.5,253.5,2034.0
2024-10-10 11:00:00,831.0,3,10,1243.5,928.5,2034.0
2024-10-10 12:00:00,996.0,3,10,831.0,1243.5,2034.0
2024-10-10 13:00:00,1008.0,3,10,996.0,831.0,2034.0
2024-10-10 14:00:00,1833.0,3,10,1008.0,996.0,2034.0
2024-10-10 15:00:00,1608.0,3,10,1833.0,1008.0,2034.0
2024-10-10 16:00:00,1780.5,3,10,1608.0,1833.0,2034.0
2024-10-10 17:00:00,1660.5,3,10,1780.5,1608.0,2034.0
2024-10-10 18:00:00,1819.5,3,10,1660.5,1780.5,2034.0
2024-10-10 19:00:00,2047.5,3,10,1819.5,1660.5,2047.5
2024-10-10 20:00:00,1971.0,3,10,2047.5,1819.5,1971.0
2024-10-10 21:00:00,2119.5,3,10,1971.0,2047.5,2119.5
2024-10-10 22:00:00,2053.5,3,10,2119.5,1971.0,2053.5
2024-10-10 23:00:00,1828.5,3,10,2053.5,2119.5,1828.5
2024-10-11 00:00:00,2047.5,4,10,1828.5,2053.5,2047.5
2024-10-11 01:00:00,1989.0,4,10,2047.5,1828.5,1989.0
2024-10-11 02:00:00,1728.0,4,10,1989.0,2047.5,1728.0
2024-10-11 03:00:00,1893.0,4,10,1728.0,1989.0,1893.0
2024-10-11 04:00:00,1963.5,4,10,1893.0,1728.0,1963.5
2024-10-11 05:00:00,1713.0,4,10,1963.5,1893.0,1713.0
2024-10-11 06:00:00,1762.5,4,10,1713.0,1963.5,1713.0
2024-10-11 07:00:00,1453.5,4,10,1762.5,1713.0,1713.0
2024-10-11 08:00:00,1285.5,4,10,1453.5,1762.5,1713.0
2024-10-11 09:00:00,1093.5,4,10,1285.5,1453.5,1713.0
2024-10-11 10:00:00,988.5,4,10,1093.5,1285.5,1713.0
2024-10-11 11:00:00,736.5,4,10,988.5,1093.5,1713.0
2024-10-11 12:00:00,484.5,4,10,736.5,988.5,1713.0
2024-10-11 13:00:00,649.5,4,10,484.5,736.5,1713.0
2024-10-11 14:00:00,886.5,4,10,649.5,484.5,1713.0
2024-10-11 15:00:00,1480.5,4,10,886.5,649.5,1713.0
2024-10-11 16:00:00,1705.5,4,10,1480.5,886.5,1713.0
2024-10-11 17:00:00,1930.5,4,10,1705.5,1480.5,1713.0
2024-10-11 18:00:00,2103.0,4,10,1930.5,1705.5,1713.0
2024-10-11 19:00:00,1965.0,4,10,2103.0,1930.5,1965.0
2024-10-11 20:00:00,1945.5,4,10,1965.0,2103.0,1945.5
2024-10-11 21:00:00,2037.0,4,10,1945.5,1965.0,2037.0
2024-10-11 22:00:00,1726.5,4,10,2037.0,1945.5,1726.5
2024-10-11 23:00:00,1704.0,4,10,1726.5,2037.0,1704.0
2024-10-12 00:00:00,1707.0,5,10,1704.0,1726.5,1707.0
2024-10-12 01:00:00,2017.5,5,10,1707.0,1704.0,2017.5
2024-10-12 02:00:00,1813.5,5,10,2017.5,1707.0,1813.5
2024-10-12 03:00:00,1683.0,5,10,1813.5,2017.5,1683.0
2024-10-12 04:00:00,2224.5,5,10,1683.0,1813.5,2224.5
2024-10-12 05:00:00,2041.5,5,10,2224.5,1683.0,2041.5
2024-10-12 06:00:00,2385.0,5,10,2041.5,2224.5,2041.5
2024-10-12 07:00:00,2487.0,5,10,2385.0,2041.5,2041.5
2024-10-12 08:00:00,2578.5,5,10,2487.0,2385.0,2041.5
2024-10-12 09:00:00,2212.5,5,10,2578.5,2487.0,2041.5
2024-10-12 10:00:00,2703.0,5,10,2212.5,2578.5,2041.5
2024-10-12 11:00:00,2917.5,5,10,2703.0,2212.5,2041.5
2024-10-12 12:00:00,2724.0,5,10,2917.5,2703.0,2041.5
2024-10-12 13:00:00,3414.0,5,10,2724.0,2917.5,2041.5
2024-10-12 14:00:00,3747.0,5,10,3414.0,2724.0,2041.5
2024-10-12 15:00:00,3952.5,5,10,3747.0,3414.0,2041.5
2024-10-12 16:00:00,3415.5,5,10,3952.5,3747.0,2041.5
2024-10-12 17:00:00,3775.5,5,10,3415.5,3952.5,2041.5
2024-10-12 18:00:00,4494.0,5,10,3775.5,3415.5,2041.5
2024-10-12 19:00:00,3948.0,5,10,4494.0,3775.5,3948.0
2024-10-12 20:00:00,3613.5,5,10,3948.0,4494.0,3613.5
2024-10-12 21:00:00,3906.0,5,10,3613.5,3948.0,3906.0
2024-10-12 22:00:00,4009.5,5,10,3906.0,3613.5,4009.5
2024-10-12 23:00:00,3993.0,5,10,4009.5,3906.0,3993.0
2024-10-13 00:00:00,4110.0,6,10,3993.0,4009.5,4110.0
2024-10-13 01:00:00,3723.0,6,10,4110.0,3993.0,3723.0
2024-10-13 02:00:00,3571.5,6,10,3723.0,4110.0,3571.5
2024-10-13 03:00:00,3985.5,6,10,3571.5,3723.0,3985.5
2024-10-13 04:00:00,4006.5,6,10,3985.5,3571.5,4006.5
2024-10-13 05:00:00,4084.5,6,10,4006.5,3985.5,4084.5
2024-10-13 06:00:00,3436.5,6,10,4084.5,4006.5,4084.5
2024-10-13 07:00:00,3394.5,6,10,3436.5,4084.5,4084.5
2024-10-13 08:00:00,2479.5,6,10,3394.5,3436.5,4084.5
2024-10-13 09:00:00,3037.5,6,10,2479.5,3394.5,4084.5
2024-10-13 10:00:00,2122.5,6,10,3037.5,2479.5,4084.5
2024-10-13 11:00:00,1804.5,6,10,2122.5,3037.5,4084.5
2024-10-13 12:00:00,2200.5,6,10,1804.5,2122.5,4084.5
2024-10-13 13:00:00,1978.5,6,10,2200.5,1804.5,4084.5
2024-10-13 14:00:00,2164.5,6,10,1978.5,2200.5,4084.5
2024-10-13 15:00:00,2856.0,6,10,2164.5,1978.5,4084.5
2024-10-13 16:00:00,3612.0,6,10,2856.0,2164.5,4084.5
2024-10-13 17:00:00,3814.5,6,10,3612.0,2856.0,4084.5
2024-10-13 18:00:00,3901.5,6,10,3814.5,3612.0,4084.5
2024-10-13 19:00:00,4264.5,6,10,3901.5,3814.5,4264.5
2024-10-13 20:00:00,4053.0,6,10,4264.5,3901.5,4053.0
2024-10-13 21:00:00,4033.5,6,10,4053.0,4264.5,4033.5
2024-10-13 22:00:00,3342.0,6,10,4033.5,4053.0,3342.0
2024-10-13 23:00:00,3384.0,6,10,3342.0,4033.5,3384.0
2024-10-14 00:00:00,3945.0,0,10,3384.0,3342.0,3945.0
2024-10-14 01:00:00,3799.5,0,10,3945.0,3384.0,3799.5
2024-10-14 02:00:00,3510.0,0,10,3799.5,3945.0,3510.0
2024-10-14 03:00:00,3537.0,0,10,3510.0,3799.5,3537.0
2024-10-14 04:00:00,3862.5,0,10,3537.0,3510.0,3862.5
2024-10-14 05:00:00,4105.5,0,10,3862.5,3537.0,4105.5
2024-10-14 06:00:00,4012.5,0,10,4105.5,3862.5,4105.5
2024-10-14 07:00:00,2835.0,0,10,4012.5,4105.5,4105.5
2024-10-14 08:00:00,2248.5,0,10,2835.0,4012.5,4105.5
2024-10-14 09:00:00,1825.5,0,10,2248.5,2835.0,4105.5
2024-10-14 10:00:00,1330.5,0,10,1825.5,2248.5,4105.5
2024-10-14 11:00:00,1680.0,0,10,1330.5,1825.5,4105.5
2024-10-14 12:00:00,2304.0,0,10,1680.0,1330.5,4105.5
2024-10-14 13:00:00,2907.0,0,10,2304.0,1680.0,4105.5
2024-10-14 14:00:00,2656.5,0,10,2907.0,2304.0,4105.5
2024-10-14 15:00:00,2896.5,0,10,2656.5,2907.0,4105.5
2024-10-14 16:00:00,3259.5,0,10,2896.5,2656.5,4105.5
2024-10-14 17:00:00,4314.0,0,10,3259.5,2896.5,4105.5
2024-10-14 18:00:00,3642.0,0,10,4314.0,3259.5,4105.5
2024-10-14 19:00:00,3594.0,0,10,3642.0,4314.0,3594.0
2024-10-14 20:00:00,3910.5,0,10,3594.0,3642.0,3910.5
2024-10-14 21:00:00,3706.5,0,10,3910.5,3594.0,3706.5
2024-10-14 22:00:00,4314.0,0,10,3706.5,3910.5,4314.0
2024-10-14 23:00:00,4120.5,0,10,4314.0,3706.5,4120.5
2024-10-15 00:00:00,3774.0,1,10,4120.5,4314.0,3774.0
2024-10-15 01:00:00,3930.0,1,10,3774.0,4120.5,3930.0
2024-10-15 02:00:00,3538.5,1,10,3930.0,3774.0,3538.5
2024-10-15 03:00:00,3484.5,1,10,3538.5,3930.0,3484.5
2024-10-15 04:00:00,4293.0,1,10,3484.5,3538.5,4293.0
2024-10-15 05:00:00,3882.0,1,10,4293.0,3484.5,3882.0
2024-10-15 06:00:00,3658.5,1,10,3882.0,4293.0,3882.0
2024-10-15 07:00:00,2884.5,1,10,3658.5,3882.0,3882.0
2024-10-15 08:00:00,1813.5,1,10,2884.5,3658.5,3882.0
2024-10-15 09:00:00,1942.5,1,10,1813.5,2884.5,3882.0
2024-10-15 10:00:00,2241.0,1,10,1942.5,1813.5,3882.0
2024-10-15 11:00:00,2403.0,1,10,2241.0,1942.5,3882.0
2024-10-15 12:00:00,1236.0,1,10,2403.0,2241.0,3882.0
2024-10-15 13:00:00,2164.5,1,10,1236.0,2403.0,3882.0
2024-10-15 14:00:00,2388.0,1,10,2164.5,1236.0,3882.0
2024-10-15 15:00:00,2035.5,1,10,2388.0,2164.5,3882.0
2024-10-15 16:00:00,3358.5,1,10,2035.5,2388.0,3882.0
2024-10-15 17:00:00,3549.0,1,10,3358.5,2035.5,3882.0
2024-10-15 18:00:00,3921.0,1,10,3549.0,3358.5,3882.0
2024-10-15 19:00:00,3676.5,1,10,3921.0,3549.0,3676.5
2024-10-15 20:00:00,3733.5,1,10,3676.5,3921.0,3733.5
2024-10-15 21:00:00,3415.5,1,10,3733.5,3676.5,3415.5
2024-10-15 22:00:00,3546.0,1,10,3415.5,3733.5,3546.0
2024-10-15 23:00:00,3634.5,1,10,3546.0,3415.5,3634.5
2024-10-16 00:00:00,3735.0,2,10,3634.5,3546.0,3735.0
2024-10-16 01:00:00,4153.5,2,10,3735.0,3634.5,4153.5
2024-10-16 02:00:00,4024.5,2,10,4153.5,3735.0,4024.5
2024-10-16 03:00:00,4188.0,2,10,4024.5,4153.5,4188.0
2024-10-16 04:00:00,3397.5,2,10,4188.0,4024.5,3397.5
2024-10-16 05:00:00,4195.5,2,10,3397.5,4188.0,4195.5
2024-10-16 06:00:00,3346.5,2,10,4195.5,3397.5,4195.5
2024-10-16 07:00:00,2349.0,2,10,3346.5,4195.5,4195.5
2024-10-16 08:00:00,1756.5,2,10,2349.0,3346.5,4195.5
2024-10-16 09:00:00,1818.0,2,10,1756.5,2349.0,4195.5
2024-10-16 10:00:00,1816.5,2,10,1818.0,1756.5,4195.5
2024-10-16 11:00:00,1590.0,2,10,1816.5,1818.0,4195.5
2024-10-16 12:00:00,1393.5,2,10,1590.0,1816.5,4195.5
2024-10-16 13:00:00,759.0,2,10,1393.5,1590.0,4195.5
2024-10-16 14:00:00,1092.0,2,10,759.0,1393.5,4195.5
2024-10-16 15:00:00,927.0,2,10,1092.0,759.0,4195.5
2024-10-16 16:00:00,1930.5,2,10,927.0,1092.0,4195.5
2024-10-16 17:00:00,2512.5,2,10,1930.5,927.0,4195.5
2024-10-16 18:00:00,2469.0,2,10,2512.5,1930.5,4195.5
2024-10-16 19:00:00,2341.5,2,10,2469.0,2512.5,2341.5
2024-10-16 20:00:00,2050.5,2,10,2341.5,2469.0,2050.5
2024-10-16 21:00:00,2751.0,2,10,2050.5,2341.5,2751.0
2024-10-16 22:00:00,2241.0,2,10,2751.0,2050.5,2241.0
2024-10-16 23:00:00,1845.0,2,10,2241.0,2751.0,1845.0
2024-10-17 00:00:00,2025.0,3,10,1845.0,2241.0,2025.0
2024-10-17 01:00:00,1983.0,3,10,2025.0,1845.0,1983.0
2024-10-17 02:00:00,2616.0,3,10,1983.0,2025.0,2616.0
2024-10-17 03:00:00,2595.0,3,10,2616.0,1983.0,2595.0
2024-10-17 04:00:00,2676.0,3,10,2595.0,2616.0,2676.0
2024-10-17 05:00:00,2671.5,3,10,2676.0,2595.0,2671.5
2024-10-17 06:00:00,2625.0,3,10,2671.5,2676.0,2671.5
2024-10-17 07:00:00,2536.5,3,10,2625.0,2671.5,2671.5
2024-10-17 08:00:00,2635.5,3,10,2536.5,2625.0,2671.5
2024-10-17 09:00:00,3019.5,3,10,2635.5,2536.5,2671.5
2024-10-17 10:00:00,3004.5,3,10,3019.5,2635.5,2671.5
2024-10-17 11:00:00,2970.0,3,10,3004.5,3019.5,2671.5
2024-10-17 12:00:00,2283.0,3,10,2970.0,3004.5,2671.5
2024-10-17 13:00:00,2290.5,3,10,2283.0,2970.0,2671.5
2024-10-17 14:00:00,3100.5,3,10,2290.5,2283.0,2671.5
2024-10-17 15:00:00,3384.0,3,10,3100.5,2290.5,2671.5
2024-10-17 16:00:00,4296.0,3,10,3384.0,3100.5,2671.5
2024-10-17 17:00:00,4281.0,3,10,4296.0,3384.0,2671.5
2024-10-17 18:00:00,4588.5,3,10,4281.0,4296.0,2671.5
2024-10-17 19:00:00,3933.0,3,10,4588.5,4281.0,3933.0
2024-10-17 20:00:00,4288.5,3,10,3933.0,4588.5,4288.5
2024-10-17 21:00:00,4279.5,3,10,4288.5,3933.0,4279.5
2024-10-17 22:00:00,4203.0,3,10,4279.5,4288.5,4203.0
2024-10-17 23:00:00,4207.5,3,10,4203.0,4279.5,4207.5
2024-10-18 00:00:00,4267.5,4,10,4207.5,4203.0,4267.5
2024-10-18 01:00:00,4422.0,4,10,4267.5,4207.5,4422.0
2024-10-18 02:00:00,3970.5,4,10,4422.0,4267.5,3970.5
2024-10-18 03:00:00,4039.5,4,10,3970.5,4422.0,4039.5
2024-10-18 04:00:00,3924.0,4,10,4039.5,3970.5,3924.0
2024-10-18 05:00:00,3736.5,4,10,3924.0,4039.5,3736.5
2024-10-18 06:00:00,4284.0,4,10,3736.5,3924.0,3736.5
2024-10-18 07:00:00,3613.5,4,10,4284.0,3736.5,3736.5
2024-10-18 08:00:00,2776.5,4,10,3613.5,4284.0,3736.5
2024-10-18 09:00:00,3378.0,4,10,2776.5,3613.5,3736.5
2024-10-18 10:00:00,2233.5,4,10,3378.0,2776.5,3736.5
2024-10-18 11:00:00,2889.0,4,10,2233.5,3378.0,3736.5
2024-10-18 12:00:00,3549.0,4,10,2889.0,2233.5,3736.5
2024-10-18 13:00:00,3628.5,4,10,3549.0,2889.0,3736.5
2024-10-18 14:00:00,4020.0,4,10,3628.5,3549.0,3736.5
2024-10-18 15:00:00,4189.5,4,10,4020.0,3628.5,3736.5
2024-10-18 16:00:00,4183.5,4,10,4189.5,4020.0,3736.5
2024-10-18 17:00:00,4525.5,4,10,4183.5,4189.5,3736.5
2024-10-18 18:00:00,4536.0,4,10,4525.5,4183.5,3736.5
2024-10-18 19:00:00,4119.0,4,10,4536.0,4525.5,4119.0
2024-10-18 20:00:00,4038.0,4,10,4119.0,4536.0,4038.0
2024-10-18 21:00:00,4420.5,4,10,4038.0,4119.0,4420.5
2024-10-18 22:00:00,4326.0,4,10,4420.5,4038.0,4326.0
2024-10-18 23:00:00,4468.5,4,10,4326.0,4420.5,4468.5
2024-10-19 00:00:00,4344.0,5,10,4468.5,4326.0,4344.0
2024-10-19 01:00:00,3738.0,5,10,4344.0,4468.5,3738.0
2024-10-19 02:00:00,4455.0,5,10,3738.0,4344.0,4455.0
2024-10-19 03:00:00,4267.5,5,10,4455.0,3738.0,4267.5
2024-10-19 04:00:00,4156.5,5,10,4267.5,4455.0,4156.5
2024-10-19 05:00:00,4126.5,5,10,4156.5,4267.5,4126.5
2024-10-19 06:00:00,4509.0,5,10,4126.5,4156.5,4126.5
2024-10-19 07:00:00,4122.0,5,10,4509.0,4126.5,4126.5
2024-10-19 08:00:00,3883.5,5,10,4122.0,4509.0,4126.5
2024-10-19 09:00:00,3444.0,5,10,3883.5,4122.0,4126.5
2024-10-19 10:00:00,2379.0,5,10,3444.0,3883.5,4126.5
2024-10-19 11:00:00,2386.5,5,10,2379.0,3444.0,4126.5
2024-10-19 12:00:00,2877.0,5,10,2386.5,2379.0,4126.5
2024-10-19 13:00:00,2925.0,5,10,2877.0,2386.5,4126.5
2024-10-19 14:00:00,2592.0,5,10,2925.0,2877.0,4126.5
2024-10-19 15:00:00,3096.0,5,10,2592.0,2925.0,4126.5
2024-10-19 16:00:00,4188.0,5,10,3096.0,2592.0,4126.5
2024-10-19 17:00:00,4381.5,5,10,4188.0,3096.0,4126.5
2024-10-19 18:00:00,4558.5,5,10,4381.5,4188.0,4126.5
2024-10-19 19:00:00,4387.5,5,10,4558.5,4381.5,4387.5
2024-10-19 20:00:00,4233.0,5,10,4387.5,4558.5,4233.0
2024-10-19 21:00:00,4410.0,5,10,4233.0,4387.5,4410.0
2024-10-19 22:00:00,4033.5,5,10,4410.0,4233.0,4033.5
2024-10-19 23:00:00,4396.5,5,10,4033.5,4410.0,4396.5
2024-10-20 00:00:00,4161.0,6,10,4396.5,4033.5,4161.0
2024-10-20 01:00:00,3975.0,6,10,4161.0,4396.5,3975.0
2024-10-20 02:00:00,4465.5,6,10,3975.0,4161.0,4465.5
2024-10-20 03:00:00,4356.0,6,10,4465.5,3975.0,4356.0
2024-10-20 04:00:00,4366.5,6,10,4356.0,4465.5,4366.5
2024-10-20 05:00:00,4383.0,6,10,4366.5,4356.0,4383.0
2024-10-20 06:00:00,4294.5,6,10,4383.0,4366.5,4383.0
2024-10-20 07:00:00,3801.0,6,10,4294.5,4383.0,4383.0
2024-10-20 08:00:00,3583.5,6,10,3801.0,4294.5,4383.0
2024-10-20 09:00:00,3168.0,6,10,3583.5,3801.0,4383.0
2024-10-20 10:00:00,2782.5,6,10,3168.0,3583.5,4383.0
2024-10-20 11:00:00,2922.0,6,10,2782.5,3168.0,4383.0
2024-10-20 12:00:00,3100.5,6,10,2922.0,2782.5,4383.0
2024-10-20 13:00:00,2718.0,6,10,3100.5,2922.0,4383.0
2024-10-20 14:00:00,2244.0,6,10,2718.0,3100.5,4383.0
2024-10-20 15:00:00,2532.0,6,10,2244.0,2718.0,4383.0
2024-10-20 16:00:00,3174.0,6,10,2532.0,2244.0,4383.0
2024-10-20 17:00:00,3961.5,6,10,3174.0,2532.0,4383.0
2024-10-20 18:00:00,4087.5,6,10,3961.5,3174.0,4383.0
2024-10-20 19:00:00,3648.0,6,10,4087.5,3961.5,3648.0
2024-10-20 20:00:00,4144.5,6,10,3648.0,4087.5,4144.5
2024-10-20 21:00:00,4353.0,6,10,4144.5,3648.0,4353.0
2024-10-20 22:00:00,4182.0,6,10,4353.0,4144.5,4182.0
2024-10-20 23:00:00,3669.0,6,10,4182.0,4353.0,3669.0
2024-10-21 00:00:00,4086.0,0,10,3669.0,4182.0,4086.0
2024-10-21 01:00:00,4744.5,0,10,4086.0,3669.0,4744.5
2024-10-21 02:00:00,4186.5,0,10,4744.5,4086.0,4186.5
2024-10-21 03:00:00,3940.5,0,10,4186.5,4744.5,3940.5
2024-10-21 04:00:00,4014.0,0,10,3940.5,4186.5,4014.0
2024-10-21 05:00:00,4350.0,0,10,4014.0,3940.5,4350.0
2024-10-21 06:00:00,4362.0,0,10,4350.0,4014.0,4350.0
2024-10-21 07:00:00,3760.5,0,10,4362.0,4350.0,4350.0
2024-10-21 08:00:00,3439.5,0,10,3760.5,4362.0,4350.0
2024-10-21 09:00:00,2658.0,0,10,3439.5,3760.5,4350.0
2024-10-21 10:00:00,2323.5,0,10,2658.0,3439.5,4350.0
2024-10-21 11:00:00,2737.5,0,10,2323.5,2658.0,4350.0
2024-10-21 12:00:00,3222.0,0,10,2737.5,2323.5,4350.0
2024-10-21 13:00:00,2883.0,0,10,3222.0,2737.5,4350.0
2024-10-21 14:00:00,3018.0,0,10,2883.0,3222.0,4350.0
2024-10-21 15:00:00,3186.0,0,10,3018.0,2883.0,4350.0
2024-10-21 16:00:00,4087.5,0,10,3186.0,3018.0,4350.0
2024-10-21 17:00:00,4368.0,0,10,4087.5,3186.0,4350.0
2024-10-21 18:00:00,4567.5,0,10,4368.0,4087.5,4350.0
2024-10-21 19:00:00,4207.5,0,10,4567.5,4368.0,4207.5
2024-10-21 20:00:00,4105.5,0,10,4207.5,4567.5,4105.5
2024-10-21 21:00:00,4401.0,0,10,4105.5,4207.5,4401.0
2024-10-21 22:00:00,4638.0,0,10,4401.0,4105.5,4638.0
2024-10-21 23:00:00,4278.0,0,10,4638.0,4401.0,4278.0
2024-10-22 00:00:00,4150.5,1,10,4278.0,4638.0,4150.5
2024-10-22 01:00:00,4225.5,1,10,4150.5,4278.0,4225.5
2024-10-22 02:00:00,3628.5,1,10,4225.5,4150.5,3628.5
2024-10-22 03:00:00,4585.5,1,10,3628.5,4225.5,4585.5
2024-10-22 04:00:00,3613.5,1,10,4585.5,3628.5,3613.5
2024-10-22 05:00:00,4252.5,1,10,3613.5,4585.5,4252.5
2024-10-22 06:00:00,4344.0,1,10,4252.5,3613.5,4252.5
2024-10-22 07:00:00,3127.5,1,10,4344.0,4252.5,4252.5
2024-10-22 08:00:00,2425.5,1,10,3127.5,4344.0,4252.5
2024-10-22 09:00:00,2455.5,1,10,2425.5,3127.5,4252.5
2024-10-22 10:00:00,3075.0,1,10,2455.5,2425.5,4252.5
2024-10-22 11:00:00,2379.0,1,10,3075.0,2455.5,4252.5
2024-10-22 12:00:00,1317.0,1,10,2379.0,3075.0,4252.5
2024-10-22 13:00:00,1863.0,1,10,1317.0,2379.0,4252.5
2024-10-22 14:00:00,2115.0,1,10,1863.0,1317.0,4252.5
2024-10-22 15:00:00,2487.0,1,10,2115.0,1863.0,4252.5
2024-10-22 16:00:00,2685.0,1,10,2487.0,2115.0,4252.5
2024-10-22 17:00:00,4381.5,1,10,2685.0,2487.0,4252.5
2024-10-22 18:00:00,4426.5,1,10,4381.5,2685.0,4252.5
2024-10-22 19:00:00,4186.5,1,10,4426.5,4381.5,4186.5
2024-10-22 20:00:00,3954.0,1,10,4186.5,4426.5,3954.0
2024-10-22 21:00:00,4165.5,1,10,3954.0,4186.5,4165.5
2024-10-22 22:00:00,4278.0,1,10,4165.5,3954.0,4278.0
2024-10-22 23:00:00,4357.5,1,10,4278.0,4165.5,4357.5
2024-10-23 00:00:00,4342.5,2,10,4357.5,4278.0,4342.5
2024-10-23 01:00:00,3997.5,2,10,4342.5,4357.5,3997.5
2024-10-23 02:00:00,4332.0,2,10,3997.5,4342.5,4332.0
2024-10-23 03:00:00,4210.5,2,10,4332.0,3997.5,4210.5
2024-10-23 04:00:00,4360.5,2,10,4210.5,4332.0,4360.5
2024-10-23 05:00:00,3993.0,2,10,4360.5,4210.5,3993.0
2024-10-23 06:00:00,2433.0,2,10,3993.0,4360.5,3993.0
2024-10-23 07:00:00,1110.0,2,10,2433.0,3993.0,3993.0
2024-10-23 08:00:00,256.5,2,10,1110.0,2433.0,3993.0
2024-10-23 09:00:00,34.5,2,10,256.5,1110.0,3993.0
2024-10-23 10:00:00,12.0,2,10,34.5,256.5,3993.0
2024-10-23 11:00:00,31.5,2,10,12.0,34.5,3993.0
2024-10-23 12:00:00,7.5,2,10,31.5,12.0,3993.0
2024-10-23 13:00:00,19.5,2,10,7.5,31.5,3993.0
2024-10-23 14:00:00,33.0,2,10,19.5,7.5,3993.0
2024-10-23 15:00:00,87.0,2,10,33.0,19.5,3993.0
2024-10-23 16:00:00,139.5,2,10,87.0,33.0,3993.0
2024-10-23 17:00:00,241.5,2,10,139.5,87.0,3993.0
2024-10-23 18:00:00,303.0,2,10,241.5,139.5,3993.0
2024-10-23 19:00:00,340.5,2,10,303.0,241.5,340.5
2024-10-23 20:00:00,387.0,2,10,340.5,303.0,387.0
2024-10-23 21:00:00,366.0,2,10,387.0,340.5,366.0
2024-10-23 22:00:00,222.0,2,10,366.0,387.0,222.0
2024-10-23 23:00:00,316.5,2,10,222.0,366.0,316.5
2024-10-24 00:00:00,261.0,3,10,316.5,222.0,261.0
2024-10-24 01:00:00,229.5,3,10,261.0,316.5,229.5
2024-10-24 02:00:00,298.5,3,10,229.5,261.0,298.5
2024-10-24 03:00:00,495.0,3,10,298.5,229.5,495.0
2024-10-24 04:00:00,649.5,3,10,495.0,298.5,649.5
2024-10-24 05:00:00,555.0,3,10,649.5,495.0,555.0
2024-10-24 06:00:00,1774.5,3,10,555.0,649.5,555.0
2024-10-24 07:00:00,1533.0,3,10,1774.5,555.0,555.0
2024-10-24 08:00:00,2878.5,3,10,1533.0,1774.5,555.0
2024-10-24 09:00:00,2524.5,3,10,2878.5,1533.0,555.0
2024-10-24 10:00:00,1884.0,3,10,2524.5,2878.5,555.0
2024-10-24 11:00:00,1680.0,3,10,1884.0,2524.5,555.0
2024-10-24 12:00:00,1857.0,3,10,1680.0,1884.0,555.0
2024-10-24 13:00:00,2442.0,3,10,1857.0,1680.0,555.0
2024-10-24 14:00:00,2250.0,3,10,2442.0,1857.0,555.0
2024-10-24 15:00:00,2704.5,3,10,2250.0,2442.0,555.0
2024-10-24 16:00:00,3273.0,3,10,2704.5,2250.0,555.0
2024-10-24 17:00:00,3751.5,3,10,3273.0,2704.5,555.0
2024-10-24 18:00:00,4267.5,3,10,3751.5,3273.0,555.0
2024-10-24 19:00:00,3594.0,3,10,4267.5,3751.5,3594.0
2024-10-24 20:00:00,4026.0,3,10,3594.0,4267.5,4026.0
2024-10-24 21:00:00,3358.5,3,10,4026.0,3594.0,3358.5
2024-10-24 22:00:00,3958.5,3,10,3358.5,4026.0,3958.5
2024-10-24 23:00:00,4138.5,3,10,3958.5,3358.5,4138.5
2024-10-25 00:00:00,4128.0,4,10,4138.5,3958.5,4128.0
2024-10-25 01:00:00,3720.0,4,10,4128.0,4138.5,3720.0
2024-10-25 02:00:00,4174.5,4,10,3720.0,4128.0,4174.5
2024-10-25 03:00:00,3192.0,4,10,4174.5,3720.0,3192.0
2024-10-25 04:00:00,2868.0,4,10,3192.0,4174.5,2868.0
2024-10-25 05:00:00,3135.0,4,10,2868.0,3192.0,3135.0
2024-10-25 06:00:00,4071.0,4,10,3135.0,2868.0,3135.0
2024-10-25 07:00:00,3142.5,4,10,4071.0,3135.0,3135.0
2024-10-25 08:00:00,2304.0,4,10,3142.5,4071.0,3135.0
2024-10-25 09:00:00,2163.0,4,10,2304.0,3142.5,3135.0
2024-10-25 10:00:00,1456.5,4,10,2163.0,2304.0,3135.0
2024-10-25 11:00:00,1834.5,4,10,1456.5,2163.0,3135.0
2024-10-25 12:00:00,1867.5,4,10,1834.5,1456.5,3135.0
2024-10-25 13:00:00,2373.0,4,10,1867.5,1834.5,3135.0
2024-10-25 14:00:00,3147.0,4,10,2373.0,1867.5,3135.0
2024-10-25 15:00:00,2767.5,4,10,3147.0,2373.0,3135.0
2024-10-25 16:00:00,3301.5,4,10,2767.5,3147.0,3135.0
2024-10-25 17:00:00,3820.5,4,10,3301.5,2767.5,3135.0
2024-10-25 18:00:00,4210.5,4,10,3820.5,3301.5,3135.0
2024-10-25 19:00:00,4224.0,4,10,4210.5,3820.5,4224.0
2024-10-25 20:00:00,4081.5,4,10,4224.0,4210.5,4081.5
2024-10-25 21:00:00,4326.0,4,10,4081.5,4224.0,4326.0
2024-10-25 22:00:00,3982.5,4,10,4326.0,4081.5,3982.5
2024-10-25 23:00:00,3904.5,4,10,3982.5,4326.0,3904.5
2024-10-26 00:00:00,3823.5,5,10,3904.5,3982.5,3823.5
2024-10-26 01:00:00,3514.5,5,10,3823.5,3904.5,3514.5
2024-10-26 02:00:00,3586.5,5,10,3514.5,3823.5,3586.5
2024-10-26 03:00:00,4366.5,5,10,3586.5,3514.5,4366.5
2024-10-26 04:00:00,3787.5,5,10,4366.5,3586.5,3787.5
2024-10-26 05:00:00,4261.5,5,10,3787.5,4366.5,4261.5
2024-10-26 06:00:00,4086.0,5,10,4261.5,3787.5,4261.5
2024-10-26 07:00:00,3490.5,5,10,4086.0,4261.5,4261.5
2024-10-26 08:00:00,2862.0,5,10,3490.5,4086.0,4261.5
2024-10-26 09:00:00,3009.0,5,10,2862.0,3490.5,4261.5
2024-10-26 10:00:00,2277.0,5,10,3009.0,2862.0,4261.5
2024-10-26 11:00:00,1948.5,5,10,2277.0,3009.0,4261.5
2024-10-26 12:00:00,2169.0,5,10,1948.5,2277.0,4261.5
2024-10-26 13:00:00,2745.0,5,10,2169.0,1948.5,4261.5
2024-10-26 14:00:00,3888.0,5,10,2745.0,2169.0,4261.5
2024-10-26 15:00:00,3114.0,5,10,3888.0,2745.0,4261.5
2024-10-26 16:00:00,3832.5,5,10,3114.0,3888.0,4261.5
2024-10-26 17:00:00,4221.0,5,10,3832.5,3114.0,4261.5
2024-10-26 18:00:00,4345.5,5,10,4221.0,3832.5,4261.5
2024-10-26 19:00:00,3891.0,5,10,4345.5,4221.0,3891.0
2024-10-26 20:00:00,4185.0,5,10,3891.0,4345.5,4185.0
2024-10-26 21:00:00,4485.0,5,10,4185.0,3891.0,4485.0
2024-10-26 22:00:00,4585.5,5,10,4485.0,4185.0,4585.5
2024-10-26 23:00:00,4255.5,5,10,4585.5,4485.0,4255.5
2024-10-27 00:00:00,4435.5,6,10,4255.5,4585.5,4435.5
2024-10-27 01:00:00,4219.5,6,10,4435.5,4255.5,4219.5
2024-10-27 02:00:00,3895.5,6,10,4219.5,4435.5,3895.5
2024-10-27 03:00:00,4675.5,6,10,3895.5,4219.5,4675.5
2024-10-27 04:00:00,3946.5,6,10,4675.5,3895.5,3946.5
2024-10-27 05:00:00,3568.5,6,10,3946.5,4675.5,3568.5
2024-10-27 06:00:00,3859.5,6,10,3568.5,3946.5,3568.5
2024-10-27 07:00:00,4021.5,6,10,3859.5,3568.5,3568.5
2024-10-27 08:00:00,3505.5,6,10,4021.5,3859.5,3568.5
2024-10-27 09:00:00,4414.5,6,10,3505.5,4021.5,3568.5
2024-10-27 10:00:00,3939.0,6,10,4414.5,3505.5,3568.5
2024-10-27 11:00:00,3570.0,6,10,3939.0,4414.5,3568.5
2024-10-27 12:00:00,3624.0,6,10,3570.0,3939.0,3568.5
2024-10-27 13:00:00,3691.5,6,10,3624.0,3570.0,3568.5
2024-10-27 14:00:00,4078.5,6,10,3691.5,3624.0,3568.5
2024-10-27 15:00:00,3859.5,6,10,4078.5,3691.5,3568.5
2024-10-27 16:00:00,4000.5,6,10,3859.5,4078.5,3568.5
2024-10-27 17:00:00,4005.0,6,10,4000.5,3859.5,3568.5
2024-10-27 18:00:00,4428.0,6,10,4005.0,4000.5,3568.5
2024-10-27 19:00:00,4113.0,6,10,4428.0,4005.0,4113.0
2024-10-27 20:00:00,3799.5,6,10,4113.0,4428.0,3799.5
2024-10-27 21:00:00,4429.5,6,10,3799.5,4113.0,4429.5
2024-10-27 22:00:00,3793.5,6,10,4429.5,3799.5,3793.5
2024-10-27 23:00:00,3606.0,6,10,3793.5,4429.5,3606.0
2024-10-28 00:00:00,3699.0,0,10,3606.0,3793.5,3699.0
2024-10-28 01:00:00,3723.0,0,10,3699.0,3606.0,3723.0
2024-10-28 02:00:00,4132.5,0,10,3723.0,3699.0,4132.5
2024-10-28 03:00:00,4218.0,0,10,4132.5,3723.0,4218.0
2024-10-28 04:00:00,4078.5,0,10,4218.0,4132.5,4078.5
2024-10-28 05:00:00,4248.0,0,10,4078.5,4218.0,4248.0
2024-10-28 06:00:00,4405.5,0,10,4248.0,4078.5,4248.0
2024-10-28 07:00:00,3709.5,0,10,4405.5,4248.0,4248.0
2024-10-28 08:00:00,3157.5,0,10,3709.5,4405.5,4248.0
2024-10-28 09:00:00,3496.5,0,10,3157.5,3709.5,4248.0
2024-10-28 10:00:00,2856.0,0,10,3496.5,3157.5,4248.0
2024-10-28 11:00:00,3111.0,0,10,2856.0,3496.5,4248.0
2024-10-28 12:00:00,3093.0,0,10,3111.0,2856.0,4248.0
2024-10-28 13:00:00,3768.0,0,10,3093.0,3111.0,4248.0
2024-10-28 14:00:00,3292.5,0,10,3768.0,3093.0,4248.0
2024-10-28 15:00:00,3768.0,0,10,3292.5,3768.0,4248.0
2024-10-28 16:00:00,3756.0,0,10,3768.0,3292.5,4248.0
2024-10-28 17:00:00,4230.0,0,10,3756.0,3768.0,4248.0
2024-10-28 18:00:00,4063.5,0,10,4230.0,3756.0,4248.0
2024-10-28 19:00:00,4404.0,0,10,4063.5,4230.0,4404.0
2024-10-28 20:00:00,4437.0,0,10,4404.0,4063.5,4437.0
2024-10-28 21:00:00,4486.5,0,10,4437.0,4404.0,4486.5
2024-10-28 22:00:00,4093.5,0,10,4486.5,4437.0,4093.5
2024-10-28 23:00:00,4434.0,0,10,4093.5,4486.5,4434.0
2024-10-29 00:00:00,4645.5,1,10,4434.0,4093.5,4645.5
2024-10-29 01:00:00,4294.5,1,10,4645.5,4434.0,4294.5
2024-10-29 02:00:00,4321.5,1,10,4294.5,4645.5,4321.5
2024-10-29 03:00:00,4173.0,1,10,4321.5,4294.5,4173.0
2024-10-29 04:00:00,4129.5,1,10,4173.0,4321.5,4129.5
2024-10-29 05:00:00,3949.5,1,10,4129.5,4173.0,3949.5
2024-10-29 06:00:00,4296.0,1,10,3949.5,4129.5,3949.5
2024-10-29 07:00:00,3138.0,1,10,4296.0,3949.5,3949.5
2024-10-29 08:00:00,2572.5,1,10,3138.0,4296.0,3949.5
2024-10-29 09:00:00,3297.0,1,10,2572.5,3138.0,3949.5
2024-10-29 10:00:00,2646.0,1,10,3297.0,2572.5,3949.5
2024-10-29 11:00:00,2026.5,1,10,2646.0,3297.0,3949.5
2024-10-29 12:00:00,2296.5,1,10,2026.5,2646.0,3949.5
2024-10-29 13:00:00,2808.0,1,10,2296.5,2026.5,3949.5
2024-10-29 14:00:00,2419.5,1,10,2808.0,2296.5,3949.5
2024-10-29 15:00:00,3481.5,1,10,2419.5,2808.0,3949.5
2024-10-29 16:00:00,3808.5,1,10,3481.5,2419.5,3949.5
2024-10-29 17:00:00,3936.0,1,10,3808.5,3481.5,3949.5
2024-10-29 18:00:00,4399.5,1,10,3936.0,3808.5,3949.5
2024-10-29 19:00:00,4260.0,1,10,4399.5,3936.0,4260.0
2024-10-29 20:00:00,4159.5,1,10,4260.0,4399.5,4159.5
2024-10-29 21:00:00,4440.0,1,10,4159.5,4260.0,4440.0
2024-10-29 22:00:00,4417.5,1,10,4440.0,4159.5,4417.5
2024-10-29 23:00:00,4416.0,1,10,4417.5,4440.0,4416.0
2024-10-30 00:00:00,4492.5,2,10,4416.0,4417.5,4492.5
2024-10-30 01:00:00,4380.0,2,10,4492.5,4416.0,4380.0
2024-10-30 02:00:00,3861.0,2,10,4380.0,4492.5,3861.0
2024-10-30 03:00:00,3840.0,2,10,3861.0,4380.0,3840.0
2024-10-30 04:00:00,4431.0,2,10,3840.0,3861.0,4431.0
2024-10-30 05:00:00,2950.5,2,10,4431.0,3840.0,2950.5
2024-10-30 06:00:00,2167.5,2,10,2950.5,4431.0,2950.5
2024-10-30 07:00:00,1098.0,2,10,2167.5,2950.5,2950.5
2024-10-30 08:00:00,351.0,2,10,1098.0,2167.5,2950.5
2024-10-30 09:00:00,16.5,2,10,351.0,1098.0,2950.5
2024-10-30 10:00:00,30.0,2,10,16.5,351.0,2950.5
2024-10-30 11:00:00,7.5,2,10,30.0,16.5,2950.5
2024-10-30 12:00:00,1.5,2,10,7.5,30.0,2950.5
2024-10-30 13:00:00,24.0,2,10,1.5,7.5,2950.5
2024-10-30 14:00:00,45.0,2,10,24.0,1.5,2950.5
2024-10-30 15:00:00,214.5,2,10,45.0,24.0,2950.5
2024-10-30 16:00:00,531.0,2,10,214.5,45.0,2950.5
2024-10-30 17:00:00,352.5,2,10,531.0,214.5,2950.5
2024-10-30 18:00:00,331.5,2,10,352.5,531.0,2950.5
2024-10-30 19:00:00,378.0,2,10,331.5,352.5,378.0
2024-10-30 20:00:00,405.0,2,10,378.0,331.5,405.0
2024-10-30 21:00:00,420.0,2,10,405.0,378.0,420.0
2024-10-30 22:00:00,453.0,2,10,420.0,405.0,453.0
2024-10-30 23:00:00,490.5,2,10,453.0,420.0,490.5
2024-10-31 00:00:00,439.5,3,10,490.5,453.0,439.5
2024-10-31 01:00:00,421.5,3,10,439.5,490.5,421.5
2024-10-31 02:00:00,403.5,3,10,421.5,439.5,403.5
2024-10-31 03:00:00,502.5,3,10,403.5,421.5,502.5
2024-10-31 04:00:00,591.0,3,10,502.5,403.5,591.0
2024-10-31 05:00:00,580.5,3,10,591.0,502.5,580.5
2024-10-31 06:00:00,990.0,3,10,580.5,591.0,580.5
2024-10-31 07:00:00,1096.5,3,10,990.0,580.5,580.5
2024-10-31 08:00:00,1914.0,3,10,1096.5,990.0,580.5
2024-10-31 09:00:00,2631.0,3,10,1914.0,1096.5,580.5
2024-10-31 10:00:00,2623.5,3,10,2631.0,1914.0,580.5
2024-10-31 11:00:00,2088.0,3,10,2623.5,2631.0,580.5
2024-10-31 12:00:00,3226.5,3,10,2088.0,2623.5,580.5
2024-10-31 13:00:00,2899.5,3,10,3226.5,2088.0,580.5
2024-10-31 14:00:00,2802.0,3,10,2899.5,3226.5,580.5
2024-10-31 15:00:00,2967.0,3,10,2802.0,2899.5,580.5
2024-10-31 16:00:00,3804.0,3,10,2967.0,2802.0,580.5
2024-10-31 17:00:00,4062.0,3,10,3804.0,2967.0,580.5
2024-10-31 18:00:00,4201.5,3,10,4062.0,3804.0,580.5
2024-10-31 19:00:00,4216.5,3,10,4201.5,4062.0,4216.5
2024-10-31 20:00:00,4401.0,3,10,4216.5,4201.5,4401.0
2024-10-31 21:00:00,4381.5,3,10,4401.0,4216.5,4381.5
2024-10-31 22:00:00,4128.0,3,10,4381.5,4401.0,4128.0
2024-10-31 23:00:00,4224.0,3,10,4128.0,4381.5,4224.0
2024-11-01 00:00:00,3736.5,4,11,4224.0,4128.0,3736.5
2024-11-01 01:00:00,3867.0,4,11,3736.5,4224.0,3867.0
2024-11-01 02:00:00,4071.0,4,11,3867.0,3736.5,4071.0
2024-11-01 03:00:00,4243.5,4,11,4071.0,3867.0,4243.5
2024-11-01 04:00:00,3984.0,4,11,4243.5,4071.0,3984.0
2024-11-01 05:00:00,4191.0,4,11,3984.0,4243.5,4191.0
2024-11-01 06:00:00,4153.5,4,11,4191.0,3984.0,4191.0
2024-11-01 07:00:00,3136.5,4,11,4153.5,4191.0,4191.0
2024-11-01 08:00:00,2721.0,4,11,3136.5,4153.5,4191.0
2024-11-01 09:00:00,2662.5,4,11,2721.0,3136.5,4191.0
2024-11-01 10:00:00,2850.0,4,11,2662.5,2721.0,4191.0
2024-11-01 11:00:00,2826.0,4,11,2850.0,2662.5,4191.0
2024-11-01 12:00:00,2425.5,4,11,2826.0,2850.0,4191.0
2024-11-01 13:00:00,1611.0,4,11,2425.5,2826.0,4191.0
2024-11-01 14:00:00,2658.0,4,11,1611.0,2425.5,4191.0
2024-11-01 15:00:00,3535.5,4,11,2658.0,1611.0,4191.0
2024-11-01 16:00:00,4227.0,4,11,3535.5,2658.0,4191.0
2024-11-01 17:00:00,4119.0,4,11,4227.0,3535.5,4191.0
2024-11-01 18:00:00,4078.5,4,11,4119.0,4227.0,4191.0
2024-11-01 19:00:00,3802.5,4,11,4078.5,4119.0,3802.5
2024-11-01 20:00:00,4282.5,4,11,3802.5,4078.5,4282.5
2024-11-01 21:00:00,4597.5,4,11,4282.5,3802.5,4597.5
2024-11-01 22:00:00,4402.5,4,11,4597.5,4282.5,4402.5
2024-11-01 23:00:00,4051.5,4,11,4402.5,4597.5,4051.5
2024-11-02 00:00:00,4324.5,5,11,4051.5,4402.5,4324.5
2024-11-02 01:00:00,4285.5,5,11,4324.5,4051.5,4285.5
2024-11-02 02:00:00,4197.0,5,11,4285.5,4324.5,4197.0
2024-11-02 03:00:00,4171.5,5,11,4197.0,4285.5,4171.5
2024-11-02 04:00:00,4350.0,5,11,4171.5,4197.0,4350.0
2024-11-02 05:00:00,3805.5,5,11,4350.0,4171.5,3805.5
2024-11-02 06:00:00,3759.0,5,11,3805.5,4350.0,3805.5
2024-11-02 07:00:00,3331.5,5,11,3759.0,3805.5,3805.5
2024-11-02 08:00:00,2830.5,5,11,3331.5,3759.0,3805.5
2024-11-02 09:00:00,2163.0,5,11,2830.5,3331.5,3805.5
2024-11-02 10:00:00,1905.0,5,11,2163.0,2830.5,3805.5
2024-11-02 11:00:00,1825.5,5,11,1905.0,2163.0,3805.5
2024-11-02 12:00:00,1987.5,5,11,1825.5,1905.0,3805.5
2024-11-02 13:00:00,2406.0,5,11,1987.5,1825.5,3805.5
2024-11-02 14:00:00,2811.0,5,11,2406.0,1987.5,3805.5
2024-11-02 15:00:00,3354.0,5,11,2811.0,2406.0,3805.5
2024-11-02 16:00:00,3927.0,5,11,3354.0,2811.0,3805.5
2024-11-02 17:00:00,4212.0,5,11,3927.0,3354.0,3805.5
2024-11-02 18:00:00,4300.5,5,11,4212.0,3927.0,3805.5
2024-11-02 19:00:00,4254.0,5,11,4300.5,4212.0,4254.0
2024-11-02 20:00:00,4284.0,5,11,4254.0,4300.5,4284.0
2024-11-02 21:00:00,4305.0,5,11,4284.0,4254.0,4305.0
2024-11-02 22:00:00,4219.5,5,11,4305.0,4284.0,4219.5
2024-11-02 23:00:00,4281.0,5,11,4219.5,4305.0,4281.0
2024-11-03 00:00:00,4168.5,6,11,4281.0,4219.5,4168.5
2024-11-03 01:00:00,4455.0,6,11,4168.5,4281.0,4455.0
2024-11-03 02:00:00,4095.0,6,11,4455.0,4168.5,4095.0
2024-11-03 03:00:00,3718.5,6,11,4095.0,4455.0,3718.5
2024-11-03 04:00:00,4401.0,6,11,3718.5,4095.0,4401.0
2024-11-03 05:00:00,4110.0,6,11,4401.0,3718.5,4110.0
2024-11-03 06:00:00,4278.0,6,11,4110.0,4401.0,4110.0
2024-11-03 07:00:00,3592.5,6,11,4278.0,4110.0,4110.0
2024-11-03 08:00:00,3075.0,6,11,3592.5,4278.0,4110.0
2024-11-03 09:00:00,2887.5,6,11,3075.0,3592.5,4110.0
2024-11-03 10:00:00,2532.0,6,11,2887.5,3075.0,4110.0
2024-11-03 11:00:00,2194.5,6,11,2532.0,2887.5,4110.0
2024-11-03 12:00:00,2085.0,6,11,2194.5,2532.0,4110.0
2024-11-03 13:00:00,2256.0,6,11,2085.0,2194.5,4110.0
2024-11-03 14:00:00,2991.0,6,11,2256.0,2085.0,4110.0
2024-11-03 15:00:00,3384.0,6,11,2991.0,2256.0,4110.0
2024-11-03 16:00:00,3259.5,6,11,3384.0,2991.0,4110.0
2024-11-03 17:00:00,3762.0,6,11,3259.5,3384.0,4110.0
2024-11-03 18:00:00,4146.0,6,11,3762.0,3259.5,4110.0
2024-11-03 19:00:00,4456.5,6,11,4146.0,3762.0,4456.5
2024-11-03 20:00:00,4348.5,6,11,4456.5,4146.0,4348.5
2024-11-03 21:00:00,4612.5,6,11,4348.5,4456.5,4612.5
2024-11-03 22:00:00,4225.5,6,11,4612.5,4348.5,4225.5
2024-11-03 23:00:00,4135.5,6,11,4225.5,4612.5,4135.5
2024-11-04 00:00:00,4473.0,0,11,4135.5,4225.5,4473.0
2024-11-04 01:00:00,4567.5,0,11,4473.0,4135.5,4567.5
2024-11-04 02:00:00,3993.0,0,11,4567.5,4473.0,3993.0
2024-11-04 03:00:00,4029.0,0,11,3993.0,4567.5,4029.0
2024-11-04 04:00:00,4297.5,0,11,4029.0,3993.0,4297.5
2024-11-04 05:00:00,4495.5,0,11,4297.5,4029.0,4495.5
2024-11-04 06:00:00,3612.0,0,11,4495.5,4297.5,4495.5
2024-11-04 07:00:00,3447.0,0,11,3612.0,4495.5,4495.5
2024-11-04 08:00:00,2514.0,0,11,3447.0,3612.0,4495.5
2024-11-04 09:00:00,1813.5,0,11,2514.0,3447.0,4495.5
2024-11-04 10:00:00,1779.0,0,11,1813.5,2514.0,4495.5
2024-11-04 11:00:00,2380.5,0,11,1779.0,1813.5,4495.5
2024-11-04 12:00:00,2368.5,0,11,2380.5,1779.0,4495.5
2024-11-04 13:00:00,2964.0,0,11,2368.5,2380.5,4495.5
2024-11-04 14:00:00,3019.5,0,11,2964.0,2368.5,4495.5
2024-11-04 15:00:00,2988.0,0,11,3019.5,2964.0,4495.5
2024-11-04 16:00:00,3943.5,0,11,2988.0,3019.5,4495.5
2024-11-04 17:00:00,4102.5,0,11,3943.5,2988.0,4495.5
2024-11-04 18:00:00,4300.5,0,11,4102.5,3943.5,4495.5
2024-11-04 19:00:00,4402.5,0,11,4300.5,4102.5,4402.5
2024-11-04 20:00:00,4294.5,0,11,4402.5,4300.5,4294.5
2024-11-04 21:00:00,4138.5,0,11,4294.5,4402.5,4138.5
2024-11-04 22:00:00,3915.0,0,11,4138.5,4294.5,3915.0
2024-11-04 23:00:00,3777.0,0,11,3915.0,4138.5,3777.0
2024-11-05 00:00:00,4140.0,1,11,3777.0,3915.0,4140.0
2024-11-05 01:00:00,4314.0,1,11,4140.0,3777.0,4314.0
2024-11-05 02:00:00,4183.5,1,11,4314.0,4140.0,4183.5
2024-11-05 03:00:00,3840.0,1,11,4183.5,4314.0,3840.0
2024-11-05 04:00:00,3811.5,1,11,3840.0,4183.5,3811.5
2024-11-05 05:00:00,3904.5,1,11,3811.5,3840.0,3904.5
2024-11-05 06:00:00,4483.5,1,11,3904.5,3811.5,3904.5
2024-11-05 07:00:00,3949.5,1,11,4483.5,3904.5,3904.5
2024-11-05 08:00:00,3384.0,1,11,3949.5,4483.5,3904.5
2024-11-05 09:00:00,2917.5,1,11,3384.0,3949.5,3904.5
2024-11-05 10:00:00,2964.0,1,11,2917.5,3384.0,3904.5
2024-11-05 11:00:00,2722.5,1,11,2964.0,2917.5,3904.5
2024-11-05 12:00:00,2668.5,1,11,2722.5,2964.0,3904.5
2024-11-05 13:00:00,2767.5,1,11,2668.5,2722.5,3904.5
2024-11-05 14:00:00,2955.0,1,11,2767.5,2668.5,3904.5
2024-11-05 15:00:00,4330.5,1,11,2955.0,2767.5,3904.5
2024-11-05 16:00:00,4261.5,1,11,4330.5,2955.0,3904.5
2024-11-05 17:00:00,4101.0,1,11,4261.5,4330.5,3904.5
2024-11-05 18:00:00,4120.5,1,11,4101.0,4261.5,3904.5
2024-11-05 19:00:00,4086.0,1,11,4120.5,4101.0,4086.0
2024-11-05 20:00:00,4255.5,1,11,4086.0,4120.5,4255.5
2024-11-05 21:00:00,3621.0,1,11,4255.5,4086.0,3621.0
2024-11-05 22:00:00,4108.5,1,11,3621.0,4255.5,4108.5
2024-11-05 23:00:00,4233.0,1,11,4108.5,3621.0,4233.0
2024-11-06 00:00:00,4240.5,2,11,4233.0,4108.5,4240.5
2024-11-06 01:00:00,4452.0,2,11,4240.5,4233.0,4452.0
2024-11-06 02:00:00,4204.5,2,11,4452.0,4240.5,4204.5
2024-11-06 03:00:00,4185.0,2,11,4204.5,4452.0,4185.0
2024-11-06 04:00:00,4381.5,2,11,4185.0,4204.5,4381.5
2024-11-06 05:00:00,4378.5,2,11,4381.5,4185.0,4378.5
2024-11-06 06:00:00,4161.0,2,11,4378.5,4381.5,4378.5
2024-11-06 07:00:00,3612.0,2,11,4161.0,4378.5,4378.5
2024-11-06 08:00:00,3118.5,2,11,3612.0,4161.0,4378.5
2024-11-06 09:00:00,2917.5,2,11,3118.5,3612.0,4378.5
2024-11-06 10:00:00,2620.5,2,11,2917.5,3118.5,4378.5
2024-11-06 11:00:00,2314.5,2,11,2620.5,2917.5,4378.5
2024-11-06 12:00:00,2400.0,2,11,2314.5,2620.5,4378.5
2024-11-06 13:00:00,2961.0,2,11,2400.0,2314.5,4378.5
2024-11-06 14:00:00,2998.5,2,11,2961.0,2400.0,4378.5
2024-11-06 15:00:00,2730.0,2,11,2998.5,2961.0,4378.5
2024-11-06 16:00:00,3916.5,2,11,2730.0,2998.5,4378.5
2024-11-06 17:00:00,3766.5,2,11,3916.5,2730.0,4378.5
2024-11-06 18:00:00,4548.0,2,11,3766.5,3916.5,4378.5
2024-11-06 19:00:00,4420.5,2,11,4548.0,3766.5,4420.5
2024-11-06 20:00:00,4155.0,2,11,4420.5,4548.0,4155.0
2024-11-06 21:00:00,4633.5,2,11,4155.0,4420.5,4633.5
2024-11-06 22:00:00,4447.5,2,11,4633.5,4155.0,4447.5
2024-11-06 23:00:00,4402.5,2,11,4447.5,4633.5,4402.5
2024-11-07 00:00:00,4107.0,3,11,4402.5,4447.5,4107.0
2024-11-07 01:00:00,4516.5,3,11,4107.0,4402.5,4516.5
2024-11-07 02:00:00,3973.5,3,11,4516.5,4107.0,3973.5
2024-11-07 03:00:00,4399.5,3,11,3973.5,4516.5,4399.5
2024-11-07 04:00:00,4126.5,3,11,4399.5,3973.5,4126.5
2024-11-07 05:00:00,4204.5,3,11,4126.5,4399.5,4204.5
2024-11-07 06:00:00,4342.5,3,11,4204.5,4126.5,4204.5
2024-11-07 07:00:00,3859.5,3,11,4342.5,4204.5,4204.5
2024-11-07 08:00:00,2616.0,3,11,3859.5,4342.5,4204.5
2024-11-07 09:00:00,2179.5,3,11,2616.0,3859.5,4204.5
2024-11-07 10:00:00,2010.0,3,11,2179.5,2616.0,4204.5
2024-11-07 11:00:00,1735.5,3,11,2010.0,2179.5,4204.5
2024-11-07 12:00:00,1837.5,3,11,1735.5,2010.0,4204.5
2024-11-07 13:00:00,2109.0,3,11,1837.5,1735.5,4204.5
2024-11-07 14:00:00,2319.0,3,11,2109.0,1837.5,4204.5
2024-11-07 15:00:00,2965.5,3,11,2319.0,2109.0,4204.5
2024-11-07 16:00:00,3762.0,3,11,2965.5,2319.0,4204.5
2024-11-07 17:00:00,4108.5,3,11,3762.0,2965.5,4204.5
2024-11-07 18:00:00,3664.5,3,11,4108.5,3762.0,4204.5
2024-11-07 19:00:00,3592.5,3,11,3664.5,4108.5,3592.5
2024-11-07 20:00:00,3663.0,3,11,3592.5,3664.5,3663.0
2024-11-07 21:00:00,4126.5,3,11,3663.0,3592.5,4126.5
2024-11-07 22:00:00,4311.0,3,11,4126.5,3663.0,4311.0
2024-11-07 23:00:00,4296.0,3,11,4311.0,4126.5,4296.0
2024-11-08 00:00:00,4000.5,4,11,4296.0,4311.0,4000.5
2024-11-08 01:00:00,4320.0,4,11,4000.5,4296.0,4320.0
2024-11-08 02:00:00,4600.5,4,11,4320.0,4000.5,4600.5
2024-11-08 03:00:00,4204.5,4,11,4600.5,4320.0,4204.5
2024-11-08 04:00:00,4134.0,4,11,4204.5,4600.5,4134.0
2024-11-08 05:00:00,3855.0,4,11,4134.0,4204.5,3855.0
2024-11-08 06:00:00,3111.0,4,11,3855.0,4134.0,3855.0
2024-11-08 07:00:00,1386.0,4,11,3111.0,3855.0,3855.0
2024-11-08 08:00:00,288.0,4,11,1386.0,3111.0,3855.0
2024-11-08 09:00:00,10.5,4,11,288.0,1386.0,3855.0
2024-11-08 10:00:00,9.0,4,11,10.5,288.0,3855.0
2024-11-08 11:00:00,13.5,4,11,9.0,10.5,3855.0
2024-11-08 12:00:00,10.5,4,11,13.5,9.0,3855.0
2024-11-08 13:00:00,19.5,4,11,10.5,13.5,3855.0
2024-11-08 14:00:00,37.5,4,11,19.5,10.5,3855.0
2024-11-08 15:00:00,61.5,4,11,37.5,19.5,3855.0
2024-11-08 16:00:00,511.5,4,11,61.5,37.5,3855.0
2024-11-08 17:00:00,382.5,4,11,511.5,61.5,3855.0
2024-11-08 18:00:00,958.5,4,11,382.5,511.5,3855.0
2024-11-08 19:00:00,1635.0,4,11,958.5,382.5,1635.0
2024-11-08 20:00:00,3582.0,4,11,1635.0,958.5,3582.0
2024-11-08 21:00:00,4137.0,4,11,3582.0,1635.0,4137.0
2024-11-08 22:00:00,4156.5,4,11,4137.0,3582.0,4156.5
2024-11-08 23:00:00,4327.5,4,11,4156.5,4137.0,4327.5
2024-11-09 00:00:00,4519.5,5,11,4327.5,4156.5,4519.5
2024-11-09 01:00:00,3912.0,5,11,4519.5,4327.5,3912.0
2024-11-09 02:00:00,3925.5,5,11,3912.0,4519.5,3925.5
2024-11-09 03:00:00,3864.0,5,11,3925.5,3912.0,3864.0
2024-11-09 04:00:00,4305.0,5,11,3864.0,3925.5,4305.0
2024-11-09 05:00:00,4471.5,5,11,4305.0,3864.0,4471.5
2024-11-09 06:00:00,4566.0,5,11,4471.5,4305.0,4471.5
2024-11-09 07:00:00,3783.0,5,11,4566.0,4471.5,4471.5
2024-11-09 08:00:00,3046.5,5,11,3783.0,4566.0,4471.5
2024-11-09 09:00:00,2560.5,5,11,3046.5,3783.0,4471.5
2024-11-09 10:00:00,1977.0,5,11,2560.5,3046.5,4471.5
2024-11-09 11:00:00,2073.0,5,11,1977.0,2560.5,4471.5
2024-11-09 12:00:00,1924.5,5,11,2073.0,1977.0,4471.5
2024-11-09 13:00:00,2328.0,5,11,1924.5,2073.0,4471.5
2024-11-09 14:00:00,2763.0,5,11,2328.0,1924.5,4471.5
2024-11-09 15:00:00,2940.0,5,11,2763.0,2328.0,4471.5
2024-11-09 16:00:00,3988.5,5,11,2940.0,2763.0,4471.5
2024-11-09 17:00:00,4489.5,5,11,3988.5,2940.0,4471.5
2024-11-09 18:00:00,4324.5,5,11,4489.5,3988.5,4471.5
2024-11-09 19:00:00,4246.5,5,11,4324.5,4489.5,4246.5
2024-11-09 20:00:00,4467.0,5,11,4246.5,4324.5,4467.0
2024-11-09 21:00:00,4584.0,5,11,4467.0,4246.5,4584.0
2024-11-09 22:00:00,4315.5,5,11,4584.0,4467.0,4315.5
2024-11-09 23:00:00,4186.5,5,11,4315.5,4584.0,4186.5
2024-11-10 00:00:00,4371.0,6,11,4186.5,4315.5,4371.0
2024-11-10 01:00:00,4180.5,6,11,4371.0,4186.5,4180.5
2024-11-10 02:00:00,4230.0,6,11,4180.5,4371.0,4230.0
2024-11-10 03:00:00,4416.0,6,11,4230.0,4180.5,4416.0
2024-11-10 04:00:00,4393.5,6,11,4416.0,4230.0,4393.5
2024-11-10 05:00:00,4275.0,6,11,4393.5,4416.0,4275.0
2024-11-10 06:00:00,4402.5,6,11,4275.0,4393.5,4275.0
2024-11-10 07:00:00,3486.0,6,11,4402.5,4275.0,4275.0
2024-11-10 08:00:00,2997.0,6,11,3486.0,4402.5,4275.0
2024-11-10 09:00:00,2607.0,6,11,2997.0,3486.0,4275.0
2024-11-10 10:00:00,1918.5,6,11,2607.0,2997.0,4275.0
2024-11-10 11:00:00,1971.0,6,11,1918.5,2607.0,4275.0
2024-11-10 12:00:00,2109.0,6,11,1971.0,1918.5,4275.0
2024-11-10 13:00:00,2395.5,6,11,2109.0,1971.0,4275.0
2024-11-10 14:00:00,2242.5,6,11,2395.5,2109.0,4275.0
2024-11-10 15:00:00,2551.5,6,11,2242.5,2395.5,4275.0
2024-11-10 16:00:00,3375.0,6,11,2551.5,2242.5,4275.0
2024-11-10 17:00:00,3535.5,6,11,3375.0,2551.5,4275.0
2024-11-10 18:00:00,4054.5,6,11,3535.5,3375.0,4275.0
2024-11-10 19:00:00,3927.0,6,11,4054.5,3535.5,3927.0
2024-11-10 20:00:00,3793.5,6,11,3927.0,4054.5,3793.5
2024-11-10 21:00:00,4558.5,6,11,3793.5,3927.0,4558.5
2024-11-10 22:00:00,3985.5,6,11,4558.5,3793.5,3985.5
2024-11-10 23:00:00,4240.5,6,11,3985.5,4558.5,4240.5
2024-11-11 00:00:00,4482.0,0,11,4240.5,3985.5,4482.0
2024-11-11 01:00:00,4500.0,0,11,4482.0,4240.5,4500.0
2024-11-11 02:00:00,4174.5,0,11,4500.0,4482.0,4174.5
2024-11-11 03:00:00,4321.5,0,11,4174.5,4500.0,4321.5
2024-11-11 04:00:00,4134.0,0,11,4321.5,4174.5,4134.0
2024-11-11 05:00:00,4368.0,0,11,4134.0,4321.5,4368.0
2024-11-11 06:00:00,4440.0,0,11,4368.0,4134.0,4368.0
2024-11-11 07:00:00,3400.5,0,11,4440.0,4368.0,4368.0
2024-11-11 08:00:00,2541.0,0,11,3400.5,4440.0,4368.0
2024-11-11 09:00:00,2808.0,0,11,2541.0,3400.5,4368.0
2024-11-11 10:00:00,2248.5,0,11,2808.0,2541.0,4368.0
2024-11-11 11:00:00,2131.5,0,11,2248.5,2808.0,4368.0
2024-11-11 12:00:00,2416.5,0,11,2131.5,2248.5,4368.0
2024-11-11 13:00:00,2428.5,0,11,2416.5,2131.5,4368.0
2024-11-11 14:00:00,2574.0,0,11,2428.5,2416.5,4368.0
2024-11-11 15:00:00,3829.5,0,11,2574.0,2428.5,4368.0
2024-11-11 16:00:00,4255.5,0,11,3829.5,2574.0,4368.0
2024-11-11 17:00:00,4438.5,0,11,4255.5,3829.5,4368.0
2024-11-11 18:00:00,4462.5,0,11,4438.5,4255.5,4368.0
2024-11-11 19:00:00,4614.0,0,11,4462.5,4438.5,4614.0
2024-11-11 20:00:00,4212.0,0,11,4614.0,4462.5,4212.0
2024-11-11 21:00:00,4743.0,0,11,4212.0,4614.0,4743.0
2024-11-11 22:00:00,4311.0,0,11,4743.0,4212.0,4311.0
2024-11-11 23:00:00,4434.0,0,11,4311.0,4743.0,4434.0
2024-11-12 00:00:00,4270.5,1,11,4434.0,4311.0,4270.5
2024-11-12 01:00:00,3966.0,1,11,4270.5,4434.0,3966.0
2024-11-12 02:00:00,4224.0,1,11,3966.0,4270.5,4224.0
2024-11-12 03:00:00,4521.0,1,11,4224.0,3966.0,4521.0
2024-11-12 04:00:00,3712.5,1,11,4521.0,4224.0,3712.5
2024-11-12 05:00:00,4185.0,1,11,3712.5,4521.0,4185.0
2024-11-12 06:00:00,4291.5,1,11,4185.0,3712.5,4185.0
2024-11-12 07:00:00,3427.5,1,11,4291.5,4185.0,4185.0
2024-11-12 08:00:00,2463.0,1,11,3427.5,4291.5,4185.0
2024-11-12 09:00:00,2574.0,1,11,2463.0,3427.5,4185.0
2024-11-12 10:00:00,2049.0,1,11,2574.0,2463.0,4185.0
2024-11-12 11:00:00,1981.5,1,11,2049.0,2574.0,4185.0
2024-11-12 12:00:00,2191.5,1,11,1981.5,2049.0,4185.0
2024-11-12 13:00:00,2262.0,1,11,2191.5,1981.5,4185.0
2024-11-12 14:00:00,3163.5,1,11,2262.0,2191.5,4185.0
2024-11-12 15:00:00,3010.5,1,11,3163.5,2262.0,4185.0
2024-11-12 16:00:00,3753.0,1,11,3010.5,3163.5,4185.0
2024-11-12 17:00:00,4038.0,1,11,3753.0,3010.5,4185.0
2024-11-12 18:00:00,3883.5,1,11,4038.0,3753.0,4185.0
2024-11-12 19:00:00,4402.5,1,11,3883.5,4038.0,4402.5
2024-11-12 20:00:00,4248.0,1,11,4402.5,3883.5,4248.0
2024-11-12 21:00:00,4165.5,1,11,4248.0,4402.5,4165.5
2024-11-12 22:00:00,4348.5,1,11,4165.5,4248.0,4348.5
2024-11-12 23:00:00,4348.5,1,11,4348.5,4165.5,4348.5
2024-11-13 00:00:00,4501.5,2,11,4348.5,4348.5,4501.5
2024-11-13 01:00:00,4323.0,2,11,4501.5,4348.5,4323.0
2024-11-13 02:00:00,4285.5,2,11,4323.0,4501.5,4285.5
2024-11-13 03:00:00,4249.5,2,11,4285.5,4323.0,4249.5
2024-11-13 04:00:00,4396.5,2,11,4249.5,4285.5,4396.5
2024-11-13 05:00:00,4381.5,2,11,4396.5,4249.5,4381.5
2024-11-13 06:00:00,4182.0,2,11,4381.5,4396.5,4381.5
2024-11-13 07:00:00,3826.5,2,11,4182.0,4381.5,4381.5
2024-11-13 08:00:00,3367.5,2,11,3826.5,4182.0,4381.5
2024-11-13 09:00:00,2794.5,2,11,3367.5,3826.5,4381.5
2024-11-13 10:00:00,2215.5,2,11,2794.5,3367.5,4381.5
2024-11-13 11:00:00,2421.0,2,11,2215.5,2794.5,4381.5
2024-11-13 12:00:00,1971.0,2,11,2421.0,2215.5,4381.5
2024-11-13 13:00:00,2779.5,2,11,1971.0,2421.0,4381.5
2024-11-13 14:00:00,3156.0,2,11,2779.5,1971.0,4381.5
2024-11-13 15:00:00,3340.5,2,11,3156.0,2779.5,4381.5
2024-11-13 16:00:00,2989.5,2,11,3340.5,3156.0,4381.5
2024-11-13 17:00:00,3985.5,2,11,2989.5,3340.5,4381.5
2024-11-13 18:00:00,4593.0,2,11,3985.5,2989.5,4381.5
2024-11-13 19:00:00,4225.5,2,11,4593.0,3985.5,4225.5
2024-11-13 20:00:00,4471.5,2,11,4225.5,4593.0,4471.5
2024-11-13 21:00:00,4366.5,2,11,4471.5,4225.5,4366.5
2024-11-13 22:00:00,4494.0,2,11,4366.5,4471.5,4494.0
2024-11-13 23:00:00,4218.0,2,11,4494.0,4366.5,4218.0
2024-11-14 00:00:00,3723.0,3,11,4218.0,4494.0,3723.0
2024-11-14 01:00:00,4062.0,3,11,3723.0,4218.0,4062.0
2024-11-14 02:00:00,3648.0,3,11,4062.0,3723.0,3648.0
2024-11-14 03:00:00,4123.5,3,11,3648.0,4062.0,4123.5
2024-11-14 04:00:00,4030.5,3,11,4123.5,3648.0,4030.5
2024-11-14 05:00:00,4195.5,3,11,4030.5,4123.5,4195.5
2024-11-14 06:00:00,4404.0,3,11,4195.5,4030.5,4195.5
2024-11-14 07:00:00,4270.5,3,11,4404.0,4195.5,4195.5
2024-11-14 08:00:00,3096.0,3,11,4270.5,4404.0,4195.5
2024-11-14 09:00:00,2967.0,3,11,3096.0,4270.5,4195.5
2024-11-14 10:00:00,2464.5,3,11,2967.0,3096.0,4195.5
2024-11-14 11:00:00,3184.5,3,11,2464.5,2967.0,4195.5
2024-11-14 12:00:00,3511.5,3,11,3184.5,2464.5,4195.5
2024-11-14 13:00:00,3619.5,3,11,3511.5,3184.5,4195.5
2024-11-14 14:00:00,2061.0,3,11,3619.5,3511.5,4195.5
2024-11-14 15:00:00,2950.5,3,11,2061.0,3619.5,4195.5
2024-11-14 16:00:00,3648.0,3,11,2950.5,2061.0,4195.5
2024-11-14 17:00:00,4450.5,3,11,3648.0,2950.5,4195.5
2024-11-14 18:00:00,4555.5,3,11,4450.5,3648.0,4195.5
2024-11-14 19:00:00,4570.5,3,11,4555.5,4450.5,4570.5
2024-11-14 20:00:00,3769.5,3,11,4570.5,4555.5,3769.5
2024-11-14 21:00:00,4203.0,3,11,3769.5,4570.5,4203.0
2024-11-14 22:00:00,4188.0,3,11,4203.0,3769.5,4188.0
2024-11-14 23:00:00,4128.0,3,11,4188.0,4203.0,4128.0
2024-11-15 00:00:00,4440.0,4,11,4128.0,4188.0,4440.0
2024-11-15 01:00:00,4438.5,4,11,4440.0,4128.0,4438.5
2024-11-15 02:00:00,4059.0,4,11,4438.5,4440.0,4059.0
2024-11-15 03:00:00,3948.0,4,11,4059.0,4438.5,3948.0
2024-11-15 04:00:00,4248.0,4,11,3948.0,4059.0,4248.0
2024-11-15 05:00:00,4299.0,4,11,4248.0,3948.0,4299.0
2024-11-15 06:00:00,2775.0,4,11,4299.0,4248.0,4299.0
2024-11-15 07:00:00,1335.0,4,11,2775.0,4299.0,4299.0
2024-11-15 08:00:00,181.5,4,11,1335.0,2775.0,4299.0
2024-11-15 09:00:00,10.5,4,11,181.5,1335.0,4299.0
2024-11-15 10:00:00,10.5,4,11,10.5,181.5,4299.0
2024-11-15 11:00:00,9.0,4,11,10.5,10.5,4299.0
2024-11-15 12:00:00,9.0,4,11,9.0,10.5,4299.0
2024-11-15 13:00:00,10.5,4,11,9.0,9.0,4299.0
2024-11-15 14:00:00,10.5,4,11,10.5,9.0,4299.0
2024-11-15 15:00:00,61.5,4,11,10.5,10.5,4299.0
2024-11-15 16:00:00,403.5,4,11,61.5,10.5,4299.0
2024-11-15 17:00:00,309.0,4,11,403.5,61.5,4299.0
2024-11-15 18:00:00,300.0,4,11,309.0,403.5,4299.0
2024-11-15 19:00:00,250.5,4,11,300.0,309.0,250.5
2024-11-15 20:00:00,250.5,4,11,250.5,300.0,250.5
2024-11-15 21:00:00,273.0,4,11,250.5,250.5,273.0
2024-11-15 22:00:00,411.0,4,11,273.0,250.5,411.0
2024-11-15 23:00:00,469.5,4,11,411.0,273.0,469.5
2024-11-16 00:00:00,456.0,5,11,469.5,411.0,456.0
2024-11-16 01:00:00,430.5,5,11,456.0,469.5,430.5
2024-11-16 02:00:00,451.5,5,11,430.5,456.0,451.5
2024-11-16 03:00:00,511.5,5,11,451.5,430.5,511.5
2024-11-16 04:00:00,568.5,5,11,511.5,451.5,568.5
2024-11-16 05:00:00,553.5,5,11,568.5,511.5,553.5
2024-11-16 06:00:00,988.5,5,11,553.5,568.5,553.5
2024-11-16 07:00:00,1522.5,5,11,988.5,553.5,553.5
2024-11-16 08:00:00,2067.0,5,11,1522.5,988.5,553.5
2024-11-16 09:00:00,2626.5,5,11,2067.0,1522.5,553.5
2024-11-16 10:00:00,2206.5,5,11,2626.5,2067.0,553.5
2024-11-16 11:00:00,2115.0,5,11,2206.5,2626.5,553.5
2024-11-16 12:00:00,1993.5,5,11,2115.0,2206.5,553.5
2024-11-16 13:00:00,2041.5,5,11,1993.5,2115.0,553.5
2024-11-16 14:00:00,1917.0,5,11,2041.5,1993.5,553.5
2024-11-16 15:00:00,2841.0,5,11,1917.0,2041.5,553.5
2024-11-16 16:00:00,3243.0,5,11,2841.0,1917.0,553.5
2024-11-16 17:00:00,3909.0,5,11,3243.0,2841.0,553.5
2024-11-16 18:00:00,4432.5,5,11,3909.0,3243.0,553.5
2024-11-16 19:00:00,4098.0,5,11,4432.5,3909.0,4098.0
2024-11-16 20:00:00,3922.5,5,11,4098.0,4432.5,3922.5
2024-11-16 21:00:00,4603.5,5,11,3922.5,4098.0,4603.5
2024-11-16 22:00:00,3820.5,5,11,4603.5,3922.5,3820.5
2024-11-16 23:00:00,3969.0,5,11,3820.5,4603.5,3969.0
2024-11-17 00:00:00,4204.5,6,11,3969.0,3820.5,4204.5
2024-11-17 01:00:00,4011.0,6,11,4204.5,3969.0,4011.0
2024-11-17 02:00:00,3949.5,6,11,4011.0,4204.5,3949.5
2024-11-17 03:00:00,3861.0,6,11,3949.5,4011.0,3861.0
2024-11-17 04:00:00,4218.0,6,11,3861.0,3949.5,4218.0
2024-11-17 05:00:00,4341.0,6,11,4218.0,3861.0,4341.0
2024-11-17 06:00:00,4107.0,6,11,4341.0,4218.0,4341.0
2024-11-17 07:00:00,3841.5,6,11,4107.0,4341.0,4341.0
2024-11-17 08:00:00,2689.5,6,11,3841.5,4107.0,4341.0
2024-11-17 09:00:00,2487.0,6,11,2689.5,3841.5,4341.0
2024-11-17 10:00:00,1902.0,6,11,2487.0,2689.5,4341.0
2024-11-17 11:00:00,1926.0,6,11,1902.0,2487.0,4341.0
2024-11-17 12:00:00,1924.5,6,11,1926.0,1902.0,4341.0
2024-11-17 13:00:00,2902.5,6,11,1924.5,1926.0,4341.0
2024-11-17 14:00:00,2812.5,6,11,2902.5,1924.5,4341.0
2024-11-17 15:00:00,3426.0,6,11,2812.5,2902.5,4341.0
2024-11-17 16:00:00,3186.0,6,11,3426.0,2812.5,4341.0
2024-11-17 17:00:00,4041.0,6,11,3186.0,3426.0,4341.0
2024-11-17 18:00:00,4224.0,6,11,4041.0,3186.0,4341.0
2024-11-17 19:00:00,4309.5,6,11,4224.0,4041.0,4309.5
2024-11-17 20:00:00,3828.0,6,11,4309.5,4224.0,3828.0
2024-11-17 21:00:00,4215.0,6,11,3828.0,4309.5,4215.0
2024-11-17 22:00:00,4401.0,6,11,4215.0,3828.0,4401.0
2024-11-17 23:00:00,4222.5,6,11,4401.0,4215.0,4222.5
2024-11-18 00:00:00,4021.5,0,11,4222.5,4401.0,4021.5
2024-11-18 01:00:00,4405.5,0,11,4021.5,4222.5,4405.5
2024-11-18 02:00:00,3654.0,0,11,4405.5,4021.5,3654.0
2024-11-18 03:00:00,3876.0,0,11,3654.0,4405.5,3876.0
2024-11-18 04:00:00,3315.0,0,11,3876.0,3654.0,3315.0
2024-11-18 05:00:00,3202.5,0,11,3315.0,3876.0,3202.5
2024-11-18 06:00:00,4155.0,0,11,3202.5,3315.0,3202.5
2024-11-18 07:00:00,3283.5,0,11,4155.0,3202.5,3202.5
2024-11-18 08:00:00,2287.5,0,11,3283.5,4155.0,3202.5
2024-11-18 09:00:00,2566.5,0,11,2287.5,3283.5,3202.5
2024-11-18 10:00:00,1918.5,0,11,2566.5,2287.5,3202.5
2024-11-18 11:00:00,2097.0,0,11,1918.5,2566.5,3202.5
2024-11-18 12:00:00,1918.5,0,11,2097.0,1918.5,3202.5
2024-11-18 13:00:00,2485.5,0,11,1918.5,2097.0,3202.5
2024-11-18 14:00:00,3010.5,0,11,2485.5,1918.5,3202.5
2024-11-18 15:00:00,2865.0,0,11,3010.5,2485.5,3202.5
2024-11-18 16:00:00,3796.5,0,11,2865.0,3010.5,3202.5
2024-11-18 17:00:00,4522.5,0,11,3796.5,2865.0,3202.5
2024-11-18 18:00:00,4633.5,0,11,4522.5,3796.5,3202.5
2024-11-18 19:00:00,4095.0,0,11,4633.5,4522.5,4095.0
2024-11-18 20:00:00,4165.5,0,11,4095.0,4633.5,4165.5
2024-11-18 21:00:00,4693.5,0,11,4165.5,4095.0,4693.5
2024-11-18 22:00:00,4231.5,0,11,4693.5,4165.5,4231.5
2024-11-18 23:00:00,4068.0,0,11,4231.5,4693.5,4068.0
2024-11-19 00:00:00,4239.0,1,11,4068.0,4231.5,4239.0
2024-11-19 01:00:00,4359.0,1,11,4239.0,4068.0,4359.0
2024-11-19 02:00:00,4212.0,1,11,4359.0,4239.0,4212.0
2024-11-19 03:00:00,4452.0,1,11,4212.0,4359.0,4452.0
2024-11-19 04:00:00,4203.0,1,11,4452.0,4212.0,4203.0
2024-11-19 05:00:00,4407.0,1,11,4203.0,4452.0,4407.0
2024-11-19 06:00:00,3984.0,1,11,4407.0,4203.0,4407.0
2024-11-19 07:00:00,3489.0,1,11,3984.0,4407.0,4407.0
2024-11-19 08:00:00,2919.0,1,11,3489.0,3984.0,4407.0
2024-11-19 09:00:00,2472.0,1,11,2919.0,3489.0,4407.0
2024-11-19 10:00:00,2235.0,1,11,2472.0,2919.0,4407.0
2024-11-19 11:00:00,1756.5,1,11,2235.0,2472.0,4407.0
2024-11-19 12:00:00,1923.0,1,11,1756.5,2235.0,4407.0
2024-11-19 13:00:00,2427.0,1,11,1923.0,1756.5,4407.0
2024-11-19 14:00:00,2664.0,1,11,2427.0,1923.0,4407.0
2024-11-19 15:00:00,3285.0,1,11,2664.0,2427.0,4407.0
2024-11-19 16:00:00,4105.5,1,11,3285.0,2664.0,4407.0
2024-11-19 17:00:00,4621.5,1,11,4105.5,3285.0,4407.0
2024-11-19 18:00:00,4510.5,1,11,4621.5,4105.5,4407.0
2024-11-19 19:00:00,4387.5,1,11,4510.5,4621.5,4387.5
2024-11-19 20:00:00,4099.5,1,11,4387.5,4510.5,4099.5
2024-11-19 21:00:00,4038.0,1,11,4099.5,4387.5,4038.0
2024-11-19 22:00:00,3982.5,1,11,4038.0,4099.5,3982.5
2024-11-19 23:00:00,3859.5,1,11,3982.5,4038.0,3859.5
2024-11-20 00:00:00,4446.0,2,11,3859.5,3982.5,4446.0
2024-11-20 01:00:00,4228.5,2,11,4446.0,3859.5,4228.5
2024-11-20 02:00:00,4233.0,2,11,4228.5,4446.0,4233.0
2024-11-20 03:00:00,4146.0,2,11,4233.0,4228.5,4146.0
2024-11-20 04:00:00,4210.5,2,11,4146.0,4233.0,4210.5
2024-11-20 05:00:00,4413.0,2,11,4210.5,4146.0,4413.0
2024-11-20 06:00:00,3609.0,2,11,4413.0,4210.5,4413.0
2024-11-20 07:00:00,2656.5,2,11,3609.0,4413.0,4413.0
2024-11-20 08:00:00,1746.0,2,11,2656.5,3609.0,4413.0
2024-11-20 09:00:00,1588.5,2,11,1746.0,2656.5,4413.0
2024-11-20 10:00:00,1206.0,2,11,1588.5,1746.0,4413.0
2024-11-20 11:00:00,1318.5,2,11,1206.0,1588.5,4413.0
2024-11-20 12:00:00,1231.5,2,11,1318.5,1206.0,4413.0
2024-11-20 13:00:00,1356.0,2,11,1231.5,1318.5,4413.0
2024-11-20 14:00:00,1846.5,2,11,1356.0,1231.5,4413.0
2024-11-20 15:00:00,1699.5,2,11,1846.5,1356.0,4413.0
2024-11-20 16:00:00,1930.5,2,11,1699.5,1846.5,4413.0
2024-11-20 17:00:00,2052.0,2,11,1930.5,1699.5,4413.0
2024-11-20 18:00:00,2271.0,2,11,2052.0,1930.5,4413.0
2024-11-20 19:00:00,2196.0,2,11,2271.0,2052.0,2196.0
2024-11-20 20:00:00,2289.0,2,11,2196.0,2271.0,2289.0
2024-11-20 21:00:00,2725.5,2,11,2289.0,2196.0,2725.5
2024-11-20 22:00:00,2769.0,2,11,2725.5,2289.0,2769.0
2024-11-20 23:00:00,2247.0,2,11,2769.0,2725.5,2247.0
2024-11-21 00:00:00,2739.0,3,11,2247.0,2769.0,2739.0
2024-11-21 01:00:00,2686.5,3,11,2739.0,2247.0,2686.5
2024-11-21 02:00:00,2667.0,3,11,2686.5,2739.0,2667.0
2024-11-21 03:00:00,2787.0,3,11,2667.0,2686.5,2787.0
2024-11-21 04:00:00,2529.0,3,11,2787.0,2667.0,2529.0
2024-11-21 05:00:00,2785.5,3,11,2529.0,2787.0,2785.5
2024-11-21 06:00:00,2787.0,3,11,2785.5,2529.0,2785.5
2024-11-21 07:00:00,2398.5,3,11,2787.0,2785.5,2785.5
2024-11-21 08:00:00,2655.0,3,11,2398.5,2787.0,2785.5
2024-11-21 09:00:00,2490.0,3,11,2655.0,2398.5,2785.5
2024-11-21 10:00:00,1986.0,3,11,2490.0,2655.0,2785.5
2024-11-21 11:00:00,1860.0,3,11,1986.0,2490.0,2785.5
2024-11-21 12:00:00,1918.5,3,11,1860.0,1986.0,2785.5
2024-11-21 13:00:00,2713.5,3,11,1918.5,1860.0,2785.5
2024-11-21 14:00:00,3009.0,3,11,2713.5,1918.5,2785.5
2024-11-21 15:00:00,3378.0,3,11,3009.0,2713.5,2785.5
2024-11-21 16:00:00,4257.0,3,11,3378.0,3009.0,2785.5
2024-11-21 17:00:00,4179.0,3,11,4257.0,3378.0,2785.5
2024-11-21 18:00:00,4582.5,3,11,4179.0,4257.0,2785.5
2024-11-21 19:00:00,4330.5,3,11,4582.5,4179.0,4330.5
2024-11-21 20:00:00,4182.0,3,11,4330.5,4582.5,4182.0
2024-11-21 21:00:00,4342.5,3,11,4182.0,4330.5,4342.5
2024-11-21 22:00:00,4584.0,3,11,4342.5,4182.0,4584.0
2024-11-21 23:00:00,4342.5,3,11,4584.0,4342.5,4342.5
2024-11-22 00:00:00,4353.0,4,11,4342.5,4584.0,4353.0
2024-11-22 01:00:00,4408.5,4,11,4353.0,4342.5,4408.5
2024-11-22 02:00:00,4405.5,4,11,4408.5,4353.0,4405.5
2024-11-22 03:00:00,4108.5,4,11,4405.5,4408.5,4108.5
2024-11-22 04:00:00,4132.5,4,11,4108.5,4405.5,4132.5
2024-11-22 05:00:00,4165.5,4,11,4132.5,4108.5,4165.5
2024-11-22 06:00:00,2805.0,4,11,4165.5,4132.5,4165.5
2024-11-22 07:00:00,1807.5,4,11,2805.0,4165.5,4165.5
2024-11-22 08:00:00,972.0,4,11,1807.5,2805.0,4165.5
2024-11-22 09:00:00,1006.5,4,11,972.0,1807.5,4165.5
2024-11-22 10:00:00,1096.5,4,11,1006.5,972.0,4165.5
2024-11-22 11:00:00,955.5,4,11,1096.5,1006.5,4165.5
2024-11-22 12:00:00,715.5,4,11,955.5,1096.5,4165.5
2024-11-22 13:00:00,1161.0,4,11,715.5,955.5,4165.5
2024-11-22 14:00:00,1098.0,4,11,1161.0,715.5,4165.5
2024-11-22 15:00:00,1407.0,4,11,1098.0,1161.0,4165.5
2024-11-22 16:00:00,1728.0,4,11,1407.0,1098.0,4165.5
2024-11-22 17:00:00,1747.5,4,11,1728.0,1407.0,4165.5
2024-11-22 18:00:00,2049.0,4,11,1747.5,1728.0,4165.5
2024-11-22 19:00:00,2131.5,4,11,2049.0,1747.5,2131.5
2024-11-22 20:00:00,2244.0,4,11,2131.5,2049.0,2244.0
2024-11-22 21:00:00,2175.0,4,11,2244.0,2131.5,2175.0
2024-11-22 22:00:00,2071.5,4,11,2175.0,2244.0,2071.5
2024-11-22 23:00:00,1977.0,4,11,2071.5,2175.0,1977.0
2024-11-23 00:00:00,2136.0,5,11,1977.0,2071.5,2136.0
2024-11-23 01:00:00,2044.5,5,11,2136.0,1977.0,2044.5
2024-11-23 02:00:00,2068.5,5,11,2044.5,2136.0,2068.5
2024-11-23 03:00:00,1921.5,5,11,2068.5,2044.5,1921.5
2024-11-23 04:00:00,1959.0,5,11,1921.5,2068.5,1959.0
2024-11-23 05:00:00,2118.0,5,11,1959.0,1921.5,2118.0
2024-11-23 06:00:00,2664.0,5,11,2118.0,1959.0,2118.0
2024-11-23 07:00:00,2527.5,5,11,2664.0,2118.0,2118.0
2024-11-23 08:00:00,2068.5,5,11,2527.5,2664.0,2118.0
2024-11-23 09:00:00,2532.0,5,11,2068.5,2527.5,2118.0
2024-11-23 10:00:00,2122.5,5,11,2532.0,2068.5,2118.0
2024-11-23 11:00:00,2269.5,5,11,2122.5,2532.0,2118.0
2024-11-23 12:00:00,2053.5,5,11,2269.5,2122.5,2118.0
2024-11-23 13:00:00,3115.5,5,11,2053.5,2269.5,2118.0
2024-11-23 14:00:00,2931.0,5,11,3115.5,2053.5,2118.0
2024-11-23 15:00:00,3204.0,5,11,2931.0,3115.5,2118.0
2024-11-23 16:00:00,4291.5,5,11,3204.0,2931.0,2118.0
2024-11-23 17:00:00,4168.5,5,11,4291.5,3204.0,2118.0
2024-11-23 18:00:00,4581.0,5,11,4168.5,4291.5,2118.0
2024-11-23 19:00:00,4155.0,5,11,4581.0,4168.5,4155.0
2024-11-23 20:00:00,3922.5,5,11,4155.0,4581.0,3922.5
2024-11-23 21:00:00,4531.5,5,11,3922.5,4155.0,4531.5
2024-11-23 22:00:00,3970.5,5,11,4531.5,3922.5,3970.5
2024-11-23 23:00:00,4186.5,5,11,3970.5,4531.5,4186.5
2024-11-24 00:00:00,4608.0,6,11,4186.5,3970.5,4608.0
2024-11-24 01:00:00,4288.5,6,11,4608.0,4186.5,4288.5
2024-11-24 02:00:00,4339.5,6,11,4288.5,4608.0,4339.5
2024-11-24 03:00:00,4179.0,6,11,4339.5,4288.5,4179.0
2024-11-24 04:00:00,4279.5,6,11,4179.0,4339.5,4279.5
2024-11-24 05:00:00,4375.5,6,11,4279.5,4179.0,4375.5
2024-11-24 06:00:00,4293.0,6,11,4375.5,4279.5,4375.5
2024-11-24 07:00:00,3486.0,6,11,4293.0,4375.5,4375.5
2024-11-24 08:00:00,2745.0,6,11,3486.0,4293.0,4375.5
2024-11-24 09:00:00,2883.0,6,11,2745.0,3486.0,4375.5
2024-11-24 10:00:00,2824.5,6,11,2883.0,2745.0,4375.5
2024-11-24 11:00:00,2529.0,6,11,2824.5,2883.0,4375.5
2024-11-24 12:00:00,1870.5,6,11,2529.0,2824.5,4375.5
2024-11-24 13:00:00,2796.0,6,11,1870.5,2529.0,4375.5
2024-11-24 14:00:00,2824.5,6,11,2796.0,1870.5,4375.5
2024-11-24 15:00:00,3573.0,6,11,2824.5,2796.0,4375.5
2024-11-24 16:00:00,4359.0,6,11,3573.0,2824.5,4375.5
2024-11-24 17:00:00,4135.5,6,11,4359.0,3573.0,4375.5
2024-11-24 18:00:00,4569.0,6,11,4135.5,4359.0,4375.5
2024-11-24 19:00:00,4179.0,6,11,4569.0,4135.5,4179.0
2024-11-24 20:00:00,4285.5,6,11,4179.0,4569.0,4285.5
2024-11-24 21:00:00,4338.0,6,11,4285.5,4179.0,4338.0
2024-11-24 22:00:00,3928.5,6,11,4338.0,4285.5,3928.5
2024-11-24 23:00:00,4318.5,6,11,3928.5,4338.0,4318.5
2024-11-25 00:00:00,4105.5,0,11,4318.5,3928.5,4105.5
2024-11-25 01:00:00,4168.5,0,11,4105.5,4318.5,4168.5
2024-11-25 02:00:00,4197.0,0,11,4168.5,4105.5,4197.0
2024-11-25 03:00:00,4405.5,0,11,4197.0,4168.5,4405.5
2024-11-25 04:00:00,4342.5,0,11,4405.5,4197.0,4342.5
2024-11-25 05:00:00,3936.0,0,11,4342.5,4405.5,3936.0
2024-11-25 06:00:00,4036.5,0,11,3936.0,4342.5,3936.0
2024-11-25 07:00:00,4032.0,0,11,4036.5,3936.0,3936.0
2024-11-25 08:00:00,3754.5,0,11,4032.0,4036.5,3936.0
2024-11-25 09:00:00,2862.0,0,11,3754.5,4032.0,3936.0
2024-11-25 10:00:00,1998.0,0,11,2862.0,3754.5,3936.0
2024-11-25 11:00:00,2112.0,0,11,1998.0,2862.0,3936.0
2024-11-25 12:00:00,2679.0,0,11,2112.0,1998.0,3936.0
2024-11-25 13:00:00,3063.0,0,11,2679.0,2112.0,3936.0
2024-11-25 14:00:00,2989.5,0,11,3063.0,2679.0,3936.0
2024-11-25 15:00:00,3687.0,0,11,2989.5,3063.0,3936.0
2024-11-25 16:00:00,4335.0,0,11,3687.0,2989.5,3936.0
2024-11-25 17:00:00,4383.0,0,11,4335.0,3687.0,3936.0
2024-11-25 18:00:00,4555.5,0,11,4383.0,4335.0,3936.0
2024-11-25 19:00:00,4345.5,0,11,4555.5,4383.0,4345.5
2024-11-25 20:00:00,4132.5,0,11,4345.5,4555.5,4132.5
2024-11-25 21:00:00,3994.5,0,11,4132.5,4345.5,3994.5
2024-11-25 22:00:00,3705.0,0,11,3994.5,4132.5,3705.0
2024-11-25 23:00:00,3688.5,0,11,3705.0,3994.5,3688.5
2024-11-26 00:00:00,4465.5,1,11,3688.5,3705.0,4465.5
2024-11-26 01:00:00,4389.0,1,11,4465.5,3688.5,4389.0
2024-11-26 02:00:00,4080.0,1,11,4389.0,4465.5,4080.0
2024-11-26 03:00:00,3379.5,1,11,4080.0,4389.0,3379.5
2024-11-26 04:00:00,3589.5,1,11,3379.5,4080.0,3589.5
2024-11-26 05:00:00,4065.0,1,11,3589.5,3379.5,4065.0
2024-11-26 06:00:00,4155.0,1,11,4065.0,3589.5,4065.0
2024-11-26 07:00:00,3235.5,1,11,4155.0,4065.0,4065.0
2024-11-26 08:00:00,2646.0,1,11,3235.5,4155.0,4065.0
2024-11-26 09:00:00,2703.0,1,11,2646.0,3235.5,4065.0
2024-11-26 10:00:00,2355.0,1,11,2703.0,2646.0,4065.0
2024-11-26 11:00:00,2266.5,1,11,2355.0,2703.0,4065.0
2024-11-26 12:00:00,2562.0,1,11,2266.5,2355.0,4065.0
2024-11-26 13:00:00,2745.0,1,11,2562.0,2266.5,4065.0
2024-11-26 14:00:00,2385.0,1,11,2745.0,2562.0,4065.0
2024-11-26 15:00:00,3144.0,1,11,2385.0,2745.0,4065.0
2024-11-26 16:00:00,4147.5,1,11,3144.0,2385.0,4065.0
2024-11-26 17:00:00,4459.5,1,11,4147.5,3144.0,4065.0
2024-11-26 18:00:00,4237.5,1,11,4459.5,4147.5,4065.0
2024-11-26 19:00:00,4479.0,1,11,4237.5,4459.5,4479.0
2024-11-26 20:00:00,4030.5,1,11,4479.0,4237.5,4030.5
2024-11-26 21:00:00,4471.5,1,11,4030.5,4479.0,4471.5
2024-11-26 22:00:00,4120.5,1,11,4471.5,4030.5,4120.5
2024-11-26 23:00:00,4363.5,1,11,4120.5,4471.5,4363.5
2024-11-27 00:00:00,4051.5,2,11,4363.5,4120.5,4051.5
2024-11-27 01:00:00,4141.5,2,11,4051.5,4363.5,4141.5
2024-11-27 02:00:00,3915.0,2,11,4141.5,4051.5,3915.0
2024-11-27 03:00:00,4012.5,2,11,3915.0,4141.5,4012.5
2024-11-27 04:00:00,4324.5,2,11,4012.5,3915.0,4324.5
2024-11-27 05:00:00,4090.5,2,11,4324.5,4012.5,4090.5
2024-11-27 06:00:00,3786.0,2,11,4090.5,4324.5,4090.5
2024-11-27 07:00:00,2418.0,2,11,3786.0,4090.5,4090.5
2024-11-27 08:00:00,1876.5,2,11,2418.0,3786.0,4090.5
2024-11-27 09:00:00,1695.0,2,11,1876.5,2418.0,4090.5
2024-11-27 10:00:00,1893.0,2,11,1695.0,1876.5,4090.5
2024-11-27 11:00:00,1626.0,2,11,1893.0,1695.0,4090.5
2024-11-27 12:00:00,1398.0,2,11,1626.0,1893.0,4090.5
2024-11-27 13:00:00,1525.5,2,11,1398.0,1626.0,4090.5
2024-11-27 14:00:00,1470.0,2,11,1525.5,1398.0,4090.5
2024-11-27 15:00:00,1810.5,2,11,1470.0,1525.5,4090.5
2024-11-27 16:00:00,2419.5,2,11,1810.5,1470.0,4090.5
2024-11-27 17:00:00,2470.5,2,11,2419.5,1810.5,4090.5
2024-11-27 18:00:00,2262.0,2,11,2470.5,2419.5,4090.5
2024-11-27 19:00:00,2745.0,2,11,2262.0,2470.5,2745.0
2024-11-27 20:00:00,2811.0,2,11,2745.0,2262.0,2811.0
2024-11-27 21:00:00,2784.0,2,11,2811.0,2745.0,2784.0
2024-11-27 22:00:00,2842.5,2,11,2784.0,2811.0,2842.5
2024-11-27 23:00:00,2827.5,2,11,2842.5,2784.0,2827.5
2024-11-28 00:00:00,2886.0,3,11,2827.5,2842.5,2886.0
2024-11-28 01:00:00,2910.0,3,11,2886.0,2827.5,2910.0
2024-11-28 02:00:00,2604.0,3,11,2910.0,2886.0,2604.0
2024-11-28 03:00:00,2314.5,3,11,2604.0,2910.0,2314.5
2024-11-28 04:00:00,2370.0,3,11,2314.5,2604.0,2370.0
2024-11-28 05:00:00,2580.0,3,11,2370.0,2314.5,2580.0
2024-11-28 06:00:00,2793.0,3,11,2580.0,2370.0,2580.0
2024-11-28 07:00:00,1480.5,3,11,2793.0,2580.0,2580.0
2024-11-28 08:00:00,1204.5,3,11,1480.5,2793.0,2580.0
2024-11-28 09:00:00,1089.0,3,11,1204.5,1480.5,2580.0
2024-11-28 10:00:00,910.5,3,11,1089.0,1204.5,2580.0
2024-11-28 11:00:00,978.0,3,11,910.5,1089.0,2580.0
2024-11-28 12:00:00,945.0,3,11,978.0,910.5,2580.0
2024-11-28 13:00:00,1017.0,3,11,945.0,978.0,2580.0
2024-11-28 14:00:00,1087.5,3,11,1017.0,945.0,2580.0
2024-11-28 15:00:00,1531.5,3,11,1087.5,1017.0,2580.0
2024-11-28 16:00:00,1644.0,3,11,1531.5,1087.5,2580.0
2024-11-28 17:00:00,1963.5,3,11,1644.0,1531.5,2580.0
2024-11-28 18:00:00,2154.0,3,11,1963.5,1644.0,2580.0
2024-11-28 19:00:00,2164.5,3,11,2154.0,1963.5,2164.5
2024-11-28 20:00:00,1855.5,3,11,2164.5,2154.0,1855.5
2024-11-28 21:00:00,2293.5,3,11,1855.5,2164.5,2293.5
2024-11-28 22:00:00,1840.5,3,11,2293.5,1855.5,1840.5
2024-11-28 23:00:00,1909.5,3,11,1840.5,2293.5,1909.5
2024-11-29 00:00:00,2044.5,4,11,1909.5,1840.5,2044.5
2024-11-29 01:00:00,2134.5,4,11,2044.5,1909.5,2134.5
2024-11-29 02:00:00,2202.0,4,11,2134.5,2044.5,2202.0
2024-11-29 03:00:00,2100.0,4,11,2202.0,2134.5,2100.0
2024-11-29 04:00:00,1900.5,4,11,2100.0,2202.0,1900.5
2024-11-29 05:00:00,1873.5,4,11,1900.5,2100.0,1873.5
2024-11-29 06:00:00,2028.0,4,11,1873.5,1900.5,1873.5
2024-11-29 07:00:00,1578.0,4,11,2028.0,1873.5,1873.5
2024-11-29 08:00:00,1633.5,4,11,1578.0,2028.0,1873.5
2024-11-29 09:00:00,1347.0,4,11,1633.5,1578.0,1873.5
2024-11-29 10:00:00,852.0,4,11,1347.0,1633.5,1873.5
2024-11-29 11:00:00,1066.5,4,11,852.0,1347.0,1873.5
2024-11-29 12:00:00,681.0,4,11,1066.5,852.0,1873.5
2024-11-29 13:00:00,1033.5,4,11,681.0,1066.5,1873.5
2024-11-29 14:00:00,934.5,4,11,1033.5,681.0,1873.5
2024-11-29 15:00:00,1338.0,4,11,934.5,1033.5,1873.5
2024-11-29 16:00:00,1932.0,4,11,1338.0,934.5,1873.5
2024-11-29 17:00:00,2028.0,4,11,1932.0,1338.0,1873.5
2024-11-29 18:00:00,2259.0,4,11,2028.0,1932.0,1873.5
2024-11-29 19:00:00,2145.0,4,11,2259.0,2028.0,2145.0
2024-11-29 20:00:00,2125.5,4,11,2145.0,2259.0,2125.5
2024-11-29 21:00:00,2175.0,4,11,2125.5,2145.0,2175.0
2024-11-29 22:00:00,1803.0,4,11,2175.0,2125.5,1803.0
2024-11-29 23:00:00,1966.5,4,11,1803.0,2175.0,1966.5
2024-11-30 00:00:00,2184.0,5,11,1966.5,1803.0,2184.0
2024-11-30 01:00:00,2233.5,5,11,2184.0,1966.5,2233.5
2024-11-30 02:00:00,2182.5,5,11,2233.5,2184.0,2182.5
2024-11-30 03:00:00,1807.5,5,11,2182.5,2233.5,1807.5
2024-11-30 04:00:00,2281.5,5,11,1807.5,2182.5,2281.5
2024-11-30 05:00:00,2050.5,5,11,2281.5,1807.5,2050.5
2024-11-30 06:00:00,2736.0,5,11,2050.5,2281.5,2050.5
2024-11-30 07:00:00,3112.5,5,11,2736.0,2050.5,2050.5
2024-11-30 08:00:00,2514.0,5,11,3112.5,2736.0,2050.5
2024-11-30 09:00:00,2143.5,5,11,2514.0,3112.5,2050.5
2024-11-30 10:00:00,2091.0,5,11,2143.5,2514.0,2050.5
2024-11-30 11:00:00,2047.5,5,11,2091.0,2143.5,2050.5
2024-11-30 12:00:00,2032.5,5,11,2047.5,2091.0,2050.5
2024-11-30 13:00:00,2550.0,5,11,2032.5,2047.5,2050.5
2024-11-30 14:00:00,2970.0,5,11,2550.0,2032.5,2050.5
2024-11-30 15:00:00,3256.5,5,11,2970.0,2550.0,2050.5
2024-11-30 16:00:00,4033.5,5,11,3256.5,2970.0,2050.5
2024-11-30 17:00:00,4698.0,5,11,4033.5,3256.5,2050.5
2024-11-30 18:00:00,4342.5,5,11,4698.0,4033.5,2050.5
2024-11-30 19:00:00,4347.0,5,11,4342.5,4698.0,4347.0
2024-11-30 20:00:00,4482.0,5,11,4347.0,4342.5,4482.0
2024-11-30 21:00:00,3685.5,5,11,4482.0,4347.0,3685.5
2024-11-30 22:00:00,4008.0,5,11,3685.5,4482.0,4008.0
2024-11-30 23:00:00,4582.5,5,11,4008.0,3685.5,4582.5
2024-12-01 00:00:00,4579.5,6,12,4582.5,4008.0,4579.5
2024-12-01 01:00:00,3816.0,6,12,4579.5,4582.5,3816.0
2024-12-01 02:00:00,4179.0,6,12,3816.0,4579.5,4179.0
2024-12-01 03:00:00,4230.0,6,12,4179.0,3816.0,4230.0
2024-12-01 04:00:00,4537.5,6,12,4230.0,4179.0,4537.5
2024-12-01 05:00:00,4644.0,6,12,4537.5,4230.0,4644.0
2024-12-01 06:00:00,4318.5,6,12,4644.0,4537.5,4644.0
2024-12-01 07:00:00,3843.0,6,12,4318.5,4644.0,4644.0
2024-12-01 08:00:00,2772.0,6,12,3843.0,4318.5,4644.0
2024-12-01 09:00:00,2709.0,6,12,2772.0,3843.0,4644.0
2024-12-01 10:00:00,2307.0,6,12,2709.0,2772.0,4644.0
2024-12-01 11:00:00,1996.5,6,12,2307.0,2709.0,4644.0
2024-12-01 12:00:00,1984.5,6,12,1996.5,2307.0,4644.0
2024-12-01 13:00:00,2538.0,6,12,1984.5,1996.5,4644.0
2024-12-01 14:00:00,2845.5,6,12,2538.0,1984.5,4644.0
2024-12-01 15:00:00,3213.0,6,12,2845.5,2538.0,4644.0
2024-12-01 16:00:00,3928.5,6,12,3213.0,2845.5,4644.0
2024-12-01 17:00:00,3945.0,6,12,3928.5,3213.0,4644.0
2024-12-01 18:00:00,4227.0,6,12,3945.0,3928.5,4644.0
2024-12-01 19:00:00,4416.0,6,12,4227.0,3945.0,4416.0
2024-12-01 20:00:00,4395.0,6,12,4416.0,4227.0,4395.0
2024-12-01 21:00:00,4287.0,6,12,4395.0,4416.0,4287.0
2024-12-01 22:00:00,4809.0,6,12,4287.0,4395.0,4809.0
2024-12-01 23:00:00,4059.0,6,12,4809.0,4287.0,4059.0
2024-12-02 00:00:00,4353.0,0,12,4059.0,4809.0,4353.0
2024-12-02 01:00:00,4743.0,0,12,4353.0,4059.0,4743.0
2024-12-02 02:00:00,3987.0,0,12,4743.0,4353.0,3987.0
2024-12-02 03:00:00,4132.5,0,12,3987.0,4743.0,4132.5
2024-12-02 04:00:00,4401.0,0,12,4132.5,3987.0,4401.0
2024-12-02 05:00:00,4509.0,0,12,4401.0,4132.5,4509.0
2024-12-02 06:00:00,3966.0,0,12,4509.0,4401.0,4509.0
2024-12-02 07:00:00,3475.5,0,12,3966.0,4509.0,4509.0
2024-12-02 08:00:00,2920.5,0,12,3475.5,3966.0,4509.0
2024-12-02 09:00:00,2850.0,0,12,2920.5,3475.5,4509.0
2024-12-02 10:00:00,2490.0,0,12,2850.0,2920.5,4509.0
2024-12-02 11:00:00,1953.0,0,12,2490.0,2850.0,4509.0
2024-12-02 12:00:00,2409.0,0,12,1953.0,2490.0,4509.0
2024-12-02 13:00:00,2659.5,0,12,2409.0,1953.0,4509.0
2024-12-02 14:00:00,2820.0,0,12,2659.5,2409.0,4509.0
2024-12-02 15:00:00,3226.5,0,12,2820.0,2659.5,4509.0
2024-12-02 16:00:00,4008.0,0,12,3226.5,2820.0,4509.0
2024-12-02 17:00:00,4083.0,0,12,4008.0,3226.5,4509.0
2024-12-02 18:00:00,4767.0,0,12,4083.0,4008.0,4509.0
2024-12-02 19:00:00,4449.0,0,12,4767.0,4083.0,4449.0
2024-12-02 20:00:00,3939.0,0,12,4449.0,4767.0,3939.0
2024-12-02 21:00:00,4474.5,0,12,3939.0,4449.0,4474.5
2024-12-02 22:00:00,3769.5,0,12,4474.5,3939.0,3769.5
2024-12-02 23:00:00,4326.0,0,12,3769.5,4474.5,4326.0
2024-12-03 00:00:00,4497.0,1,12,4326.0,3769.5,4497.0
2024-12-03 01:00:00,4675.5,1,12,4497.0,4326.0,4675.5
2024-12-03 02:00:00,4233.0,1,12,4675.5,4497.0,4233.0
2024-12-03 03:00:00,4174.5,1,12,4233.0,4675.5,4174.5
2024-12-03 04:00:00,4587.0,1,12,4174.5,4233.0,4587.0
2024-12-03 05:00:00,4272.0,1,12,4587.0,4174.5,4272.0
2024-12-03 06:00:00,4242.0,1,12,4272.0,4587.0,4272.0
2024-12-03 07:00:00,3178.5,1,12,4242.0,4272.0,4272.0
2024-12-03 08:00:00,3048.0,1,12,3178.5,4242.0,4272.0
2024-12-03 09:00:00,2808.0,1,12,3048.0,3178.5,4272.0
2024-12-03 10:00:00,2275.5,1,12,2808.0,3048.0,4272.0
2024-12-03 11:00:00,2155.5,1,12,2275.5,2808.0,4272.0
2024-12-03 12:00:00,2400.0,1,12,2155.5,2275.5,4272.0
2024-12-03 13:00:00,1806.0,1,12,2400.0,2155.5,4272.0
2024-12-03 14:00:00,2650.5,1,12,1806.0,2400.0,4272.0
2024-12-03 15:00:00,3027.0,1,12,2650.5,1806.0,4272.0
2024-12-03 16:00:00,3682.5,1,12,3027.0,2650.5,4272.0
2024-12-03 17:00:00,3753.0,1,12,3682.5,3027.0,4272.0
2024-12-03 18:00:00,3898.5,1,12,3753.0,3682.5,4272.0
2024-12-03 19:00:00,4363.5,1,12,3898.5,3753.0,4363.5
2024-12-03 20:00:00,4363.5,1,12,4363.5,3898.5,4363.5
2024-12-03 21:00:00,4723.5,1,12,4363.5,4363.5,4723.5
2024-12-03 22:00:00,4231.5,1,12,4723.5,4363.5,4231.5
2024-12-03 23:00:00,4086.0,1,12,4231.5,4723.5,4086.0
2024-12-04 00:00:00,4111.5,2,12,4086.0,4231.5,4111.5
2024-12-04 01:00:00,4315.5,2,12,4111.5,4086.0,4315.5
2024-12-04 02:00:00,4555.5,2,12,4315.5,4111.5,4555.5
2024-12-04 03:00:00,4219.5,2,12,4555.5,4315.5,4219.5
2024-12-04 04:00:00,4215.0,2,12,4219.5,4555.5,4215.0
2024-12-04 05:00:00,3975.0,2,12,4215.0,4219.5,3975.0
2024-12-04 06:00:00,4006.5,2,12,3975.0,4215.0,3975.0
2024-12-04 07:00:00,3402.0,2,12,4006.5,3975.0,3975.0
2024-12-04 08:00:00,2515.5,2,12,3402.0,4006.5,3975.0
2024-12-04 09:00:00,2373.0,2,12,2515.5,3402.0,3975.0
2024-12-04 10:00:00,2016.0,2,12,2373.0,2515.5,3975.0
2024-12-04 11:00:00,2455.5,2,12,2016.0,2373.0,3975.0
2024-12-04 12:00:00,2071.5,2,12,2455.5,2016.0,3975.0
2024-12-04 13:00:00,2766.0,2,12,2071.5,2455.5,3975.0
2024-12-04 14:00:00,2634.0,2,12,2766.0,2071.5,3975.0
2024-12-04 15:00:00,2421.0,2,12,2634.0,2766.0,3975.0
2024-12-04 16:00:00,2854.5,2,12,2421.0,2634.0,3975.0
2024-12-04 17:00:00,3255.0,2,12,2854.5,2421.0,3975.0
2024-12-04 18:00:00,3475.5,2,12,3255.0,2854.5,3975.0
2024-12-04 19:00:00,3343.5,2,12,3475.5,3255.0,3343.5
2024-12-04 20:00:00,3409.5,2,12,3343.5,3475.5,3409.5
2024-12-04 21:00:00,3805.5,2,12,3409.5,3343.5,3805.5
2024-12-04 22:00:00,4042.5,2,12,3805.5,3409.5,4042.5
2024-12-04 23:00:00,4080.0,2,12,4042.5,3805.5,4080.0
2024-12-05 00:00:00,3879.0,3,12,4080.0,4042.5,3879.0
2024-12-05 01:00:00,3570.0,3,12,3879.0,4080.0,3570.0
2024-12-05 02:00:00,3955.5,3,12,3570.0,3879.0,3955.5
2024-12-05 03:00:00,3805.5,3,12,3955.5,3570.0,3805.5
2024-12-05 04:00:00,3655.5,3,12,3805.5,3955.5,3655.5
2024-12-05 05:00:00,3444.0,3,12,3655.5,3805.5,3444.0
2024-12-05 06:00:00,2745.0,3,12,3444.0,3655.5,3444.0
2024-12-05 07:00:00,1074.0,3,12,2745.0,3444.0,3444.0
2024-12-05 08:00:00,67.5,3,12,1074.0,2745.0,3444.0
2024-12-05 09:00:00,19.5,3,12,67.5,1074.0,3444.0
2024-12-05 10:00:00,15.0,3,12,19.5,67.5,3444.0
2024-12-05 11:00:00,15.0,3,12,15.0,19.5,3444.0
2024-12-05 12:00:00,3.0,3,12,15.0,15.0,3444.0
2024-12-05 13:00:00,12.0,3,12,3.0,15.0,3444.0
2024-12-05 14:00:00,9.0,3,12,12.0,3.0,3444.0
2024-12-05 15:00:00,16.5,3,12,9.0,12.0,3444.0
2024-12-05 16:00:00,66.0,3,12,16.5,9.0,3444.0
2024-12-05 17:00:00,306.0,3,12,66.0,16.5,3444.0
2024-12-05 18:00:00,340.5,3,12,306.0,66.0,3444.0
2024-12-05 19:00:00,339.0,3,12,340.5,306.0,339.0
2024-12-05 20:00:00,442.5,3,12,339.0,340.5,442.5
2024-12-05 21:00:00,429.0,3,12,442.5,339.0,429.0
2024-12-05 22:00:00,525.0,3,12,429.0,442.5,525.0
2024-12-05 23:00:00,598.5,3,12,525.0,429.0,598.5
2024-12-06 00:00:00,444.0,4,12,598.5,525.0,444.0
2024-12-06 01:00:00,355.5,4,12,444.0,598.5,355.5
2024-12-06 02:00:00,424.5,4,12,355.5,444.0,424.5
2024-12-06 03:00:00,514.5,4,12,424.5,355.5,514.5
2024-12-06 04:00:00,633.0,4,12,514.5,424.5,633.0
2024-12-06 05:00:00,516.0,4,12,633.0,514.5,516.0
2024-12-06 06:00:00,1129.5,4,12,516.0,633.0,516.0
2024-12-06 07:00:00,1552.5,4,12,1129.5,516.0,516.0
2024-12-06 08:00:00,2269.5,4,12,1552.5,1129.5,516.0
2024-12-06 09:00:00,2175.0,4,12,2269.5,1552.5,516.0
2024-12-06 10:00:00,2209.5,4,12,2175.0,2269.5,516.0
2024-12-06 11:00:00,2263.5,4,12,2209.5,2175.0,516.0
2024-12-06 12:00:00,1833.0,4,12,2263.5,2209.5,516.0
2024-12-06 13:00:00,2712.0,4,12,1833.0,2263.5,516.0
2024-12-06 14:00:00,2799.0,4,12,2712.0,1833.0,516.0
2024-12-06 15:00:00,2848.5,4,12,2799.0,2712.0,516.0
2024-12-06 16:00:00,3669.0,4,12,2848.5,2799.0,516.0
2024-12-06 17:00:00,4335.0,4,12,3669.0,2848.5,516.0
2024-12-06 18:00:00,4090.5,4,12,4335.0,3669.0,516.0
2024-12-06 19:00:00,3988.5,4,12,4090.5,4335.0,3988.5
2024-12-06 20:00:00,4092.0,4,12,3988.5,4090.5,4092.0
2024-12-06 21:00:00,4150.5,4,12,4092.0,3988.5,4150.5
2024-12-06 22:00:00,3687.0,4,12,4150.5,4092.0,3687.0
2024-12-06 23:00:00,3982.5,4,12,3687.0,4150.5,3982.5
2024-12-07 00:00:00,3747.0,5,12,3982.5,3687.0,3747.0
2024-12-07 01:00:00,4143.0,5,12,3747.0,3982.5,4143.0
2024-12-07 02:00:00,3768.0,5,12,4143.0,3747.0,3768.0
2024-12-07 03:00:00,3774.0,5,12,3768.0,4143.0,3774.0
2024-12-07 04:00:00,4372.5,5,12,3774.0,3768.0,4372.5
2024-12-07 05:00:00,4440.0,5,12,4372.5,3774.0,4440.0
2024-12-07 06:00:00,4387.5,5,12,4440.0,4372.5,4440.0
2024-12-07 07:00:00,3669.0,5,12,4387.5,4440.0,4440.0
2024-12-07 08:00:00,2148.0,5,12,3669.0,4387.5,4440.0
2024-12-07 09:00:00,913.5,5,12,2148.0,3669.0,4440.0
2024-12-07 10:00:00,2217.0,5,12,913.5,2148.0,4440.0
2024-12-07 11:00:00,2722.5,5,12,2217.0,913.5,4440.0
2024-12-07 12:00:00,2439.0,5,12,2722.5,2217.0,4440.0
2024-12-07 13:00:00,2842.5,5,12,2439.0,2722.5,4440.0
2024-12-07 14:00:00,2308.5,5,12,2842.5,2439.0,4440.0
2024-12-07 15:00:00,3652.5,5,12,2308.5,2842.5,4440.0
2024-12-07 16:00:00,4342.5,5,12,3652.5,2308.5,4440.0
2024-12-07 17:00:00,4521.0,5,12,4342.5,3652.5,4440.0
2024-12-07 18:00:00,4131.0,5,12,4521.0,4342.5,4440.0
2024-12-07 19:00:00,4387.5,5,12,4131.0,4521.0,4387.5
2024-12-07 20:00:00,4254.0,5,12,4387.5,4131.0,4254.0
2024-12-07 21:00:00,4522.5,5,12,4254.0,4387.5,4522.5
2024-12-07 22:00:00,4024.5,5,12,4522.5,4254.0,4024.5
2024-12-07 23:00:00,3694.5,5,12,4024.5,4522.5,3694.5
2024-12-08 00:00:00,4449.0,6,12,3694.5,4024.5,4449.0
2024-12-08 01:00:00,4135.5,6,12,4449.0,3694.5,4135.5
2024-12-08 02:00:00,3652.5,6,12,4135.5,4449.0,3652.5
2024-12-08 03:00:00,4204.5,6,12,3652.5,4135.5,4204.5
2024-12-08 04:00:00,4333.5,6,12,4204.5,3652.5,4333.5
2024-12-08 05:00:00,4027.5,6,12,4333.5,4204.5,4027.5
2024-12-08 06:00:00,3834.0,6,12,4027.5,4333.5,4027.5
2024-12-08 07:00:00,2833.5,6,12,3834.0,4027.5,4027.5
2024-12-08 08:00:00,1857.0,6,12,2833.5,3834.0,4027.5
2024-12-08 09:00:00,1917.0,6,12,1857.0,2833.5,4027.5
2024-12-08 10:00:00,1689.0,6,12,1917.0,1857.0,4027.5
2024-12-08 11:00:00,1351.5,6,12,1689.0,1917.0,4027.5
2024-12-08 12:00:00,1209.0,6,12,1351.5,1689.0,4027.5
2024-12-08 13:00:00,1380.0,6,12,1209.0,1351.5,4027.5
2024-12-08 14:00:00,1750.5,6,12,1380.0,1209.0,4027.5
2024-12-08 15:00:00,1794.0,6,12,1750.5,1380.0,4027.5
2024-12-08 16:00:00,2446.5,6,12,1794.0,1750.5,4027.5
2024-12-08 17:00:00,2805.0,6,12,2446.5,1794.0,4027.5
2024-12-08 18:00:00,2896.5,6,12,2805.0,2446.5,4027.5
2024-12-08 19:00:00,2920.5,6,12,2896.5,2805.0,2920.5
2024-12-08 20:00:00,3226.5,6,12,2920.5,2896.5,3226.5
2024-12-08 21:00:00,4284.0,6,12,3226.5,2920.5,4284.0
2024-12-08 22:00:00,3849.0,6,12,4284.0,3226.5,3849.0
2024-12-08 23:00:00,4305.0,6,12,3849.0,4284.0,4305.0
2024-12-09 00:00:00,4408.5,0,12,4305.0,3849.0,4408.5
2024-12-09 01:00:00,4510.5,0,12,4408.5,4305.0,4510.5
2024-12-09 02:00:00,4251.0,0,12,4510.5,4408.5,4251.0
2024-12-09 03:00:00,4266.0,0,12,4251.0,4510.5,4266.0
2024-12-09 04:00:00,4098.0,0,12,4266.0,4251.0,4098.0
2024-12-09 05:00:00,4065.0,0,12,4098.0,4266.0,4065.0
2024-12-09 06:00:00,4291.5,0,12,4065.0,4098.0,4065.0
2024-12-09 07:00:00,4017.0,0,12,4291.5,4065.0,4065.0
2024-12-09 08:00:00,2601.0,0,12,4017.0,4291.5,4065.0
2024-12-09 09:00:00,2508.0,0,12,2601.0,4017.0,4065.0
2024-12-09 10:00:00,2115.0,0,12,2508.0,2601.0,4065.0
2024-12-09 11:00:00,2217.0,0,12,2115.0,2508.0,4065.0
2024-12-09 12:00:00,2644.5,0,12,2217.0,2115.0,4065.0
2024-12-09 13:00:00,2395.5,0,12,2644.5,2217.0,4065.0
2024-12-09 14:00:00,2778.0,0,12,2395.5,2644.5,4065.0
2024-12-09 15:00:00,3133.5,0,12,2778.0,2395.5,4065.0
2024-12-09 16:00:00,3703.5,0,12,3133.5,2778.0,4065.0
2024-12-09 17:00:00,4126.5,0,12,3703.5,3133.5,4065.0
2024-12-09 18:00:00,4399.5,0,12,4126.5,3703.5,4065.0
2024-12-09 19:00:00,4663.5,0,12,4399.5,4126.5,4663.5
2024-12-09 20:00:00,4174.5,0,12,4663.5,4399.5,4174.5
2024-12-09 21:00:00,4210.5,0,12,4174.5,4663.5,4210.5
2024-12-09 22:00:00,4255.5,0,12,4210.5,4174.5,4255.5
2024-12-09 23:00:00,3678.0,0,12,4255.5,4210.5,3678.0
2024-12-10 00:00:00,4407.0,1,12,3678.0,4255.5,4407.0
2024-12-10 01:00:00,3772.5,1,12,4407.0,3678.0,3772.5
2024-12-10 02:00:00,4198.5,1,12,3772.5,4407.0,4198.5
2024-12-10 03:00:00,4165.5,1,12,4198.5,3772.5,4165.5
2024-12-10 04:00:00,3982.5,1,12,4165.5,4198.5,3982.5
2024-12-10 05:00:00,4078.5,1,12,3982.5,4165.5,4078.5
2024-12-10 06:00:00,3987.0,1,12,4078.5,3982.5,4078.5
2024-12-10 07:00:00,3433.5,1,12,3987.0,4078.5,4078.5
2024-12-10 08:00:00,3082.5,1,12,3433.5,3987.0,4078.5
2024-12-10 09:00:00,2962.5,1,12,3082.5,3433.5,4078.5
2024-12-10 10:00:00,1936.5,1,12,2962.5,3082.5,4078.5
2024-12-10 11:00:00,1545.0,1,12,1936.5,2962.5,4078.5
2024-12-10 12:00:00,1942.5,1,12,1545.0,1936.5,4078.5
2024-12-10 13:00:00,2806.5,1,12,1942.5,1545.0,4078.5
2024-12-10 14:00:00,3141.0,1,12,2806.5,1942.5,4078.5
2024-12-10 15:00:00,3771.0,1,12,3141.0,2806.5,4078.5
2024-12-10 16:00:00,3910.5,1,12,3771.0,3141.0,4078.5
2024-12-10 17:00:00,4504.5,1,12,3910.5,3771.0,4078.5
2024-12-10 18:00:00,4515.0,1,12,4504.5,3910.5,4078.5
2024-12-10 19:00:00,4275.0,1,12,4515.0,4504.5,4275.0
2024-12-10 20:00:00,4386.0,1,12,4275.0,4515.0,4386.0
2024-12-10 21:00:00,4245.0,1,12,4386.0,4275.0,4245.0
2024-12-10 22:00:00,4471.5,1,12,4245.0,4386.0,4471.5
2024-12-10 23:00:00,4375.5,1,12,4471.5,4245.0,4375.5
2024-12-11 00:00:00,4533.0,2,12,4375.5,4471.5,4533.0
2024-12-11 01:00:00,3930.0,2,12,4533.0,4375.5,3930.0
2024-12-11 02:00:00,4374.0,2,12,3930.0,4533.0,4374.0
2024-12-11 03:00:00,4390.5,2,12,4374.0,3930.0,4390.5
2024-12-11 04:00:00,4122.0,2,12,4390.5,4374.0,4122.0
2024-12-11 05:00:00,4522.5,2,12,4122.0,4390.5,4522.5
2024-12-11 06:00:00,4447.5,2,12,4522.5,4122.0,4522.5
2024-12-11 07:00:00,3945.0,2,12,4447.5,4522.5,4522.5
2024-12-11 08:00:00,2998.5,2,12,3945.0,4447.5,4522.5
2024-12-11 09:00:00,2982.0,2,12,2998.5,3945.0,4522.5
2024-12-11 10:00:00,2341.5,2,12,2982.0,2998.5,4522.5
2024-12-11 11:00:00,1656.0,2,12,2341.5,2982.0,4522.5
2024-12-11 12:00:00,2170.5,2,12,1656.0,2341.5,4522.5
2024-12-11 13:00:00,2640.0,2,12,2170.5,1656.0,4522.5
2024-12-11 14:00:00,3076.5,2,12,2640.0,2170.5,4522.5
2024-12-11 15:00:00,4015.5,2,12,3076.5,2640.0,4522.5
2024-12-11 16:00:00,4155.0,2,12,4015.5,3076.5,4522.5
2024-12-11 17:00:00,4623.0,2,12,4155.0,4015.5,4522.5
2024-12-11 18:00:00,4212.0,2,12,4623.0,4155.0,4522.5
2024-12-11 19:00:00,4068.0,2,12,4212.0,4623.0,4068.0
2024-12-11 20:00:00,4278.0,2,12,4068.0,4212.0,4278.0
2024-12-11 21:00:00,4548.0,2,12,4278.0,4068.0,4548.0
2024-12-11 22:00:00,4194.0,2,12,4548.0,4278.0,4194.0
2024-12-11 23:00:00,4335.0,2,12,4194.0,4548.0,4335.0
2024-12-12 00:00:00,4696.5,3,12,4335.0,4194.0,4696.5
2024-12-12 01:00:00,4140.0,3,12,4696.5,4335.0,4140.0
2024-12-12 02:00:00,3807.0,3,12,4140.0,4696.5,3807.0
2024-12-12 03:00:00,3834.0,3,12,3807.0,4140.0,3834.0
2024-12-12 04:00:00,4549.5,3,12,3834.0,3807.0,4549.5
2024-12-12 05:00:00,4545.0,3,12,4549.5,3834.0,4545.0
2024-12-12 06:00:00,4413.0,3,12,4545.0,4549.5,4545.0
2024-12-12 07:00:00,4228.5,3,12,4413.0,4545.0,4545.0
2024-12-12 08:00:00,3036.0,3,12,4228.5,4413.0,4545.0
2024-12-12 09:00:00,3082.5,3,12,3036.0,4228.5,4545.0
2024-12-12 10:00:00,2469.0,3,12,3082.5,3036.0,4545.0
2024-12-12 11:00:00,2761.5,3,12,2469.0,3082.5,4545.0
2024-12-12 12:00:00,3519.0,3,12,2761.5,2469.0,4545.0
2024-12-12 13:00:00,3013.5,3,12,3519.0,2761.5,4545.0
2024-12-12 14:00:00,3117.0,3,12,3013.5,3519.0,4545.0
2024-12-12 15:00:00,4033.5,3,12,3117.0,3013.5,4545.0
2024-12-12 16:00:00,4308.0,3,12,4033.5,3117.0,4545.0
2024-12-12 17:00:00,4674.0,3,12,4308.0,4033.5,4545.0
2024-12-12 18:00:00,4944.0,3,12,4674.0,4308.0,4545.0
2024-12-12 19:00:00,4539.0,3,12,4944.0,4674.0,4539.0
2024-12-12 20:00:00,3993.0,3,12,4539.0,4944.0,3993.0
2024-12-12 21:00:00,4648.5,3,12,3993.0,4539.0,4648.5
2024-12-12 22:00:00,4476.0,3,12,4648.5,3993.0,4476.0
2024-12-12 23:00:00,4248.0,3,12,4476.0,4648.5,4248.0
2024-12-13 00:00:00,4446.0,4,12,4248.0,4476.0,4446.0
2024-12-13 01:00:00,4063.5,4,12,4446.0,4248.0,4063.5
2024-12-13 02:00:00,3789.0,4,12,4063.5,4446.0,3789.0
2024-12-13 03:00:00,4042.5,4,12,3789.0,4063.5,4042.5
2024-12-13 04:00:00,3864.0,4,12,4042.5,3789.0,3864.0
2024-12-13 05:00:00,4563.0,4,12,3864.0,4042.5,4563.0
2024-12-13 06:00:00,3285.0,4,12,4563.0,3864.0,4563.0
2024-12-13 07:00:00,2515.5,4,12,3285.0,4563.0,4563.0
2024-12-13 08:00:00,1245.0,4,12,2515.5,3285.0,4563.0
2024-12-13 09:00:00,1350.0,4,12,1245.0,2515.5,4563.0
2024-12-13 10:00:00,1357.5,4,12,1350.0,1245.0,4563.0
2024-12-13 11:00:00,1273.5,4,12,1357.5,1350.0,4563.0
2024-12-13 12:00:00,1311.0,4,12,1273.5,1357.5,4563.0
2024-12-13 13:00:00,1366.5,4,12,1311.0,1273.5,4563.0
2024-12-13 14:00:00,1368.0,4,12,1366.5,1311.0,4563.0
2024-12-13 15:00:00,1620.0,4,12,1368.0,1366.5,4563.0
2024-12-13 16:00:00,1795.5,4,12,1620.0,1368.0,4563.0
2024-12-13 17:00:00,1851.0,4,12,1795.5,1620.0,4563.0
2024-12-13 18:00:00,1888.5,4,12,1851.0,1795.5,4563.0
2024-12-13 19:00:00,2082.0,4,12,1888.5,1851.0,2082.0
2024-12-13 20:00:00,2128.5,4,12,2082.0,1888.5,2128.5
2024-12-13 21:00:00,2248.5,4,12,2128.5,2082.0,2248.5
2024-12-13 22:00:00,2100.0,4,12,2248.5,2128.5,2100.0
2024-12-13 23:00:00,1905.0,4,12,2100.0,2248.5,1905.0
2024-12-14 00:00:00,2134.5,5,12,1905.0,2100.0,2134.5
2024-12-14 01:00:00,1974.0,5,12,2134.5,1905.0,1974.0
2024-12-14 02:00:00,1963.5,5,12,1974.0,2134.5,1963.5
2024-12-14 03:00:00,1804.5,5,12,1963.5,1974.0,1804.5
2024-12-14 04:00:00,2062.5,5,12,1804.5,1963.5,2062.5
2024-12-14 05:00:00,2442.0,5,12,2062.5,1804.5,2442.0
2024-12-14 06:00:00,2685.0,5,12,2442.0,2062.5,2442.0
2024-12-14 07:00:00,2343.0,5,12,2685.0,2442.0,2442.0
2024-12-14 08:00:00,3226.5,5,12,2343.0,2685.0,2442.0
2024-12-14 09:00:00,3535.5,5,12,3226.5,2343.0,2442.0
2024-12-14 10:00:00,3282.0,5,12,3535.5,3226.5,2442.0
2024-12-14 11:00:00,3781.5,5,12,3282.0,3535.5,2442.0
2024-12-14 12:00:00,3076.5,5,12,3781.5,3282.0,2442.0
2024-12-14 13:00:00,2434.5,5,12,3076.5,3781.5,2442.0
2024-12-14 14:00:00,3184.5,5,12,2434.5,3076.5,2442.0
2024-12-14 15:00:00,3636.0,5,12,3184.5,2434.5,2442.0
2024-12-14 16:00:00,4305.0,5,12,3636.0,3184.5,2442.0
2024-12-14 17:00:00,4459.5,5,12,4305.0,3636.0,2442.0
2024-12-14 18:00:00,4546.5,5,12,4459.5,4305.0,2442.0
2024-12-14 19:00:00,4459.5,5,12,4546.5,4459.5,4459.5
2024-12-14 20:00:00,4038.0,5,12,4459.5,4546.5,4038.0
2024-12-14 21:00:00,4305.0,5,12,4038.0,4459.5,4305.0
2024-12-14 22:00:00,4329.0,5,12,4305.0,4038.0,4329.0
2024-12-14 23:00:00,4501.5,5,12,4329.0,4305.0,4501.5
2024-12-15 00:00:00,4291.5,6,12,4501.5,4329.0,4291.5
2024-12-15 01:00:00,4525.5,6,12,4291.5,4501.5,4525.5
2024-12-15 02:00:00,4497.0,6,12,4525.5,4291.5,4497.0
2024-12-15 03:00:00,4416.0,6,12,4497.0,4525.5,4416.0
2024-12-15 04:00:00,4249.5,6,12,4416.0,4497.0,4249.5
2024-12-15 05:00:00,4491.0,6,12,4249.5,4416.0,4491.0
2024-12-15 06:00:00,4651.5,6,12,4491.0,4249.5,4491.0
2024-12-15 07:00:00,4183.5,6,12,4651.5,4491.0,4491.0
2024-12-15 08:00:00,3064.5,6,12,4183.5,4651.5,4491.0
2024-12-15 09:00:00,3193.5,6,12,3064.5,4183.5,4491.0
2024-12-15 10:00:00,2410.5,6,12,3193.5,3064.5,4491.0
2024-12-15 11:00:00,2709.0,6,12,2410.5,3193.5,4491.0
2024-12-15 12:00:00,2583.0,6,12,2709.0,2410.5,4491.0
2024-12-15 13:00:00,2167.5,6,12,2583.0,2709.0,4491.0
2024-12-15 14:00:00,2224.5,6,12,2167.5,2583.0,4491.0
2024-12-15 15:00:00,3604.5,6,12,2224.5,2167.5,4491.0
2024-12-15 16:00:00,3936.0,6,12,3604.5,2224.5,4491.0
2024-12-15 17:00:00,4248.0,6,12,3936.0,3604.5,4491.0
2024-12-15 18:00:00,4419.0,6,12,4248.0,3936.0,4491.0
2024-12-15 19:00:00,4429.5,6,12,4419.0,4248.0,4429.5
2024-12-15 20:00:00,4143.0,6,12,4429.5,4419.0,4143.0
2024-12-15 21:00:00,3985.5,6,12,4143.0,4429.5,3985.5
2024-12-15 22:00:00,3538.5,6,12,3985.5,4143.0,3538.5
2024-12-15 23:00:00,2689.5,6,12,3538.5,3985.5,2689.5
2024-12-16 00:00:00,2377.5,0,12,2689.5,3538.5,2377.5
2024-12-16 01:00:00,2772.0,0,12,2377.5,2689.5,2772.0
2024-12-16 02:00:00,3324.0,0,12,2772.0,2377.5,3324.0
2024-12-16 03:00:00,3847.5,0,12,3324.0,2772.0,3847.5
2024-12-16 04:00:00,3621.0,0,12,3847.5,3324.0,3621.0
2024-12-16 05:00:00,3763.5,0,12,3621.0,3847.5,3763.5
2024-12-16 06:00:00,3825.0,0,12,3763.5,3621.0,3763.5
2024-12-16 07:00:00,2986.5,0,12,3825.0,3763.5,3763.5
2024-12-16 08:00:00,1755.0,0,12,2986.5,3825.0,3763.5
2024-12-16 09:00:00,1800.0,0,12,1755.0,2986.5,3763.5
2024-12-16 10:00:00,1890.0,0,12,1800.0,1755.0,3763.5
2024-12-16 11:00:00,1431.0,0,12,1890.0,1800.0,3763.5
2024-12-16 12:00:00,1647.0,0,12,1431.0,1890.0,3763.5
2024-12-16 13:00:00,1656.0,0,12,1647.0,1431.0,3763.5
2024-12-16 14:00:00,2169.0,0,12,1656.0,1647.0,3763.5
2024-12-16 15:00:00,2479.5,0,12,2169.0,1656.0,3763.5
2024-12-16 16:00:00,2773.5,0,12,2479.5,2169.0,3763.5
2024-12-16 17:00:00,2769.0,0,12,2773.5,2479.5,3763.5
2024-12-16 18:00:00,3016.5,0,12,2769.0,2773.5,3763.5
2024-12-16 19:00:00,2862.0,0,12,3016.5,2769.0,2862.0
2024-12-16 20:00:00,2916.0,0,12,2862.0,3016.5,2916.0
2024-12-16 21:00:00,2841.0,0,12,2916.0,2862.0,2841.0
2024-12-16 22:00:00,2752.5,0,12,2841.0,2916.0,2752.5
2024-12-16 23:00:00,3123.0,0,12,2752.5,2841.0,3123.0
2024-12-17 00:00:00,2962.5,1,12,3123.0,2752.5,2962.5
2024-12-17 01:00:00,2730.0,1,12,2962.5,3123.0,2730.0
2024-12-17 02:00:00,2965.5,1,12,2730.0,2962.5,2965.5
2024-12-17 03:00:00,2490.0,1,12,2965.5,2730.0,2490.0
2024-12-17 04:00:00,2985.0,1,12,2490.0,2965.5,2985.0
2024-12-17 05:00:00,2827.5,1,12,2985.0,2490.0,2827.5
2024-12-17 06:00:00,2697.0,1,12,2827.5,2985.0,2827.5
2024-12-17 07:00:00,2125.5,1,12,2697.0,2827.5,2827.5
2024-12-17 08:00:00,1548.0,1,12,2125.5,2697.0,2827.5
2024-12-17 09:00:00,1806.0,1,12,1548.0,2125.5,2827.5
2024-12-17 10:00:00,1890.0,1,12,1806.0,1548.0,2827.5
2024-12-17 11:00:00,1476.0,1,12,1890.0,1806.0,2827.5
2024-12-17 12:00:00,1455.0,1,12,1476.0,1890.0,2827.5
2024-12-17 13:00:00,1867.5,1,12,1455.0,1476.0,2827.5
2024-12-17 14:00:00,2146.5,1,12,1867.5,1455.0,2827.5
2024-12-17 15:00:00,2436.0,1,12,2146.5,1867.5,2827.5
2024-12-17 16:00:00,2661.0,1,12,2436.0,2146.5,2827.5
2024-12-17 17:00:00,2962.5,1,12,2661.0,2436.0,2827.5
2024-12-17 18:00:00,3001.5,1,12,2962.5,2661.0,2827.5
2024-12-17 19:00:00,2715.0,1,12,3001.5,2962.5,2715.0
2024-12-17 20:00:00,2980.5,1,12,2715.0,3001.5,2980.5
2024-12-17 21:00:00,3018.0,1,12,2980.5,2715.0,3018.0
2024-12-17 22:00:00,3070.5,1,12,3018.0,2980.5,3070.5
2024-12-17 23:00:00,2766.0,1,12,3070.5,3018.0,2766.0
2024-12-18 00:00:00,2700.0,2,12,2766.0,3070.5,2700.0
2024-12-18 01:00:00,2913.0,2,12,2700.0,2766.0,2913.0
2024-12-18 02:00:00,2980.5,2,12,2913.0,2700.0,2980.5
2024-12-18 03:00:00,2983.5,2,12,2980.5,2913.0,2983.5
2024-12-18 04:00:00,2784.0,2,12,2983.5,2980.5,2784.0
2024-12-18 05:00:00,2283.0,2,12,2784.0,2983.5,2283.0
2024-12-18 06:00:00,2512.5,2,12,2283.0,2784.0,2283.0
2024-12-18 07:00:00,2061.0,2,12,2512.5,2283.0,2283.0
2024-12-18 08:00:00,2055.0,2,12,2061.0,2512.5,2283.0
2024-12-18 09:00:00,1590.0,2,12,2055.0,2061.0,2283.0
2024-12-18 10:00:00,1458.0,2,12,1590.0,2055.0,2283.0
2024-12-18 11:00:00,1548.0,2,12,1458.0,1590.0,2283.0
2024-12-18 12:00:00,1536.0,2,12,1548.0,1458.0,2283.0
2024-12-18 13:00:00,1716.0,2,12,1536.0,1548.0,2283.0
2024-12-18 14:00:00,1819.5,2,12,1716.0,1536.0,2283.0
2024-12-18 15:00:00,2193.0,2,12,1819.5,1716.0,2283.0
2024-12-18 16:00:00,2538.0,2,12,2193.0,1819.5,2283.0
2024-12-18 17:00:00,2944.5,2,12,2538.0,2193.0,2283.0
2024-12-18 18:00:00,3060.0,2,12,2944.5,2538.0,2283.0
2024-12-18 19:00:00,2871.0,2,12,3060.0,2944.5,2871.0
2024-12-18 20:00:00,3015.0,2,12,2871.0,3060.0,3015.0
2024-12-18 21:00:00,2941.5,2,12,3015.0,2871.0,2941.5
2024-12-18 22:00:00,2779.5,2,12,2941.5,3015.0,2779.5
2024-12-18 23:00:00,2965.5,2,12,2779.5,2941.5,2965.5
2024-12-19 00:00:00,2509.5,3,12,2965.5,2779.5,2509.5
2024-12-19 01:00:00,3000.0,3,12,2509.5,2965.5,3000.0
2024-12-19 02:00:00,2394.0,3,12,3000.0,2509.5,2394.0
2024-12-19 03:00:00,2725.5,3,12,2394.0,3000.0,2725.5
2024-12-19 04:00:00,2874.0,3,12,2725.5,2394.0,2874.0
2024-12-19 05:00:00,2893.5,3,12,2874.0,2725.5,2893.5
2024-12-19 06:00:00,2869.5,3,12,2893.5,2874.0,2893.5
2024-12-19 07:00:00,2397.0,3,12,2869.5,2893.5,2893.5
2024-12-19 08:00:00,1905.0,3,12,2397.0,2869.5,2893.5
2024-12-19 09:00:00,1893.0,3,12,1905.0,2397.0,2893.5
2024-12-19 10:00:00,1689.0,3,12,1893.0,1905.0,2893.5
2024-12-19 11:00:00,1542.0,3,12,1689.0,1893.0,2893.5
2024-12-19 12:00:00,1578.0,3,12,1542.0,1689.0,2893.5
2024-12-19 13:00:00,1504.5,3,12,1578.0,1542.0,2893.5
2024-12-19 14:00:00,1990.5,3,12,1504.5,1578.0,2893.5
2024-12-19 15:00:00,2142.0,3,12,1990.5,1504.5,2893.5
2024-12-19 16:00:00,2461.5,3,12,2142.0,1990.5,2893.5
2024-12-19 17:00:00,2718.0,3,12,2461.5,2142.0,2893.5
2024-12-19 18:00:00,2974.5,3,12,2718.0,2461.5,2893.5
2024-12-19 19:00:00,2568.0,3,12,2974.5,2718.0,2568.0
2024-12-19 20:00:00,2941.5,3,12,2568.0,2974.5,2941.5
2024-12-19 21:00:00,2536.5,3,12,2941.5,2568.0,2536.5
2024-12-19 22:00:00,2928.0,3,12,2536.5,2941.5,2928.0
2024-12-19 23:00:00,2971.5,3,12,2928.0,2536.5,2971.5
2024-12-20 00:00:00,2740.5,4,12,2971.5,2928.0,2740.5
2024-12-20 01:00:00,3015.0,4,12,2740.5,2971.5,3015.0
2024-12-20 02:00:00,2785.5,4,12,3015.0,2740.5,2785.5
2024-12-20 03:00:00,3064.5,4,12,2785.5,3015.0,3064.5
2024-12-20 04:00:00,2938.5,4,12,3064.5,2785.5,2938.5
2024-12-20 05:00:00,1731.0,4,12,2938.5,3064.5,1731.0
2024-12-20 06:00:00,1318.5,4,12,1731.0,2938.5,1731.0
2024-12-20 07:00:00,924.0,4,12,1318.5,1731.0,1731.0
2024-12-20 08:00:00,453.0,4,12,924.0,1318.5,1731.0
2024-12-20 09:00:00,3.0,4,12,453.0,924.0,1731.0
2024-12-20 10:00:00,0.0,4,12,3.0,453.0,1731.0
2024-12-20 11:00:00,16.5,4,12,0.0,3.0,1731.0
2024-12-20 12:00:00,1.5,4,12,16.5,0.0,1731.0
2024-12-20 13:00:00,15.0,4,12,1.5,16.5,1731.0
2024-12-20 14:00:00,52.5,4,12,15.0,1.5,1731.0
2024-12-20 15:00:00,84.0,4,12,52.5,15.0,1731.0
2024-12-20 16:00:00,247.5,4,12,84.0,52.5,1731.0
2024-12-20 17:00:00,388.5,4,12,247.5,84.0,1731.0
2024-12-20 18:00:00,459.0,4,12,388.5,247.5,1731.0
2024-12-20 19:00:00,460.5,4,12,459.0,388.5,460.5
2024-12-20 20:00:00,510.0,4,12,460.5,459.0,510.0
2024-12-20 21:00:00,468.0,4,12,510.0,460.5,468.0
2024-12-20 22:00:00,447.0,4,12,468.0,510.0,447.0
2024-12-20 23:00:00,489.0,4,12,447.0,468.0,489.0
2024-12-21 00:00:00,471.0,5,12,489.0,447.0,471.0
2024-12-21 01:00:00,481.5,5,12,471.0,489.0,481.5
2024-12-21 02:00:00,498.0,5,12,481.5,471.0,498.0
2024-12-21 03:00:00,486.0,5,12,498.0,481.5,486.0
2024-12-21 04:00:00,657.0,5,12,486.0,498.0,657.0
2024-12-21 05:00:00,612.0,5,12,657.0,486.0,612.0
2024-12-21 06:00:00,1300.5,5,12,612.0,657.0,612.0
2024-12-21 07:00:00,1384.5,5,12,1300.5,612.0,612.0
2024-12-21 08:00:00,1662.0,5,12,1384.5,1300.5,612.0
2024-12-21 09:00:00,1248.0,5,12,1662.0,1384.5,612.0
2024-12-21 10:00:00,1227.0,5,12,1248.0,1662.0,612.0
2024-12-21 11:00:00,1608.0,5,12,1227.0,1248.0,612.0
2024-12-21 12:00:00,1647.0,5,12,1608.0,1227.0,612.0
2024-12-21 13:00:00,1818.0,5,12,1647.0,1608.0,612.0
2024-12-21 14:00:00,1659.0,5,12,1818.0,1647.0,612.0
2024-12-21 15:00:00,2199.0,5,12,1659.0,1818.0,612.0
2024-12-21 16:00:00,2442.0,5,12,2199.0,1659.0,612.0
2024-12-21 17:00:00,2905.5,5,12,2442.0,2199.0,612.0
2024-12-21 18:00:00,2971.5,5,12,2905.5,2442.0,612.0
2024-12-21 19:00:00,2385.0,5,12,2971.5,2905.5,2385.0
2024-12-21 20:00:00,2512.5,5,12,2385.0,2971.5,2512.5
2024-12-21 21:00:00,2970.0,5,12,2512.5,2385.0,2970.0
2024-12-21 22:00:00,2850.0,5,12,2970.0,2512.5,2850.0
2024-12-21 23:00:00,2131.5,5,12,2850.0,2970.0,2131.5
2024-12-22 00:00:00,3109.5,6,12,2131.5,2850.0,3109.5
2024-12-22 01:00:00,2692.5,6,12,3109.5,2131.5,2692.5
2024-12-22 02:00:00,2479.5,6,12,2692.5,3109.5,2479.5
2024-12-22 03:00:00,2670.0,6,12,2479.5,2692.5,2670.0
2024-12-22 04:00:00,3142.5,6,12,2670.0,2479.5,3142.5
2024-12-22 05:00:00,1908.0,6,12,3142.5,2670.0,1908.0
2024-12-22 06:00:00,2994.0,6,12,1908.0,3142.5,1908.0
2024-12-22 07:00:00,2583.0,6,12,2994.0,1908.0,1908.0
2024-12-22 08:00:00,1983.0,6,12,2583.0,2994.0,1908.0
2024-12-22 09:00:00,2076.0,6,12,1983.0,2583.0,1908.0
2024-12-22 10:00:00,1548.0,6,12,2076.0,1983.0,1908.0
2024-12-22 11:00:00,1687.5,6,12,1548.0,2076.0,1908.0
2024-12-22 12:00:00,1386.0,6,12,1687.5,1548.0,1908.0
2024-12-22 13:00:00,1662.0,6,12,1386.0,1687.5,1908.0
2024-12-22 14:00:00,1405.5,6,12,1662.0,1386.0,1908.0
2024-12-22 15:00:00,2337.0,6,12,1405.5,1662.0,1908.0
2024-12-22 16:00:00,2445.0,6,12,2337.0,1405.5,1908.0
2024-12-22 17:00:00,2811.0,6,12,2445.0,2337.0,1908.0
2024-12-22 18:00:00,2602.5,6,12,2811.0,2445.0,1908.0
2024-12-22 19:00:00,2548.5,6,12,2602.5,2811.0,2548.5
2024-12-22 20:00:00,2683.5,6,12,2548.5,2602.5,2683.5
2024-12-22 21:00:00,2809.5,6,12,2683.5,2548.5,2809.5
2024-12-22 22:00:00,2700.0,6,12,2809.5,2683.5,2700.0
2024-12-22 23:00:00,2815.5,6,12,2700.0,2809.5,2815.5
2024-12-23 00:00:00,2884.5,0,12,2815.5,2700.0,2884.5
2024-12-23 01:00:00,2206.5,0,12,2884.5,2815.5,2206.5
2024-12-23 02:00:00,2782.5,0,12,2206.5,2884.5,2782.5
2024-12-23 03:00:00,2535.0,0,12,2782.5,2206.5,2535.0
2024-12-23 04:00:00,2349.0,0,12,2535.0,2782.5,2349.0
2024-12-23 05:00:00,2526.0,0,12,2349.0,2535.0,2526.0
2024-12-23 06:00:00,2539.5,0,12,2526.0,2349.0,2526.0
2024-12-23 07:00:00,1833.0,0,12,2539.5,2526.0,2526.0
2024-12-23 08:00:00,1395.0,0,12,1833.0,2539.5,2526.0
2024-12-23 09:00:00,1761.0,0,12,1395.0,1833.0,2526.0
2024-12-23 10:00:00,1347.0,0,12,1761.0,1395.0,2526.0
2024-12-23 11:00:00,1009.5,0,12,1347.0,1761.0,2526.0
2024-12-23 12:00:00,1179.0,0,12,1009.5,1347.0,2526.0
2024-12-23 13:00:00,1581.0,0,12,1179.0,1009.5,2526.0
2024-12-23 14:00:00,1483.5,0,12,1581.0,1179.0,2526.0
2024-12-23 15:00:00,1933.5,0,12,1483.5,1581.0,2526.0
2024-12-23 16:00:00,2361.0,0,12,1933.5,1483.5,2526.0
2024-12-23 17:00:00,2578.5,0,12,2361.0,1933.5,2526.0
2024-12-23 18:00:00,2310.0,0,12,2578.5,2361.0,2526.0
2024-12-23 19:00:00,2208.0,0,12,2310.0,2578.5,2208.0
2024-12-23 20:00:00,2524.5,0,12,2208.0,2310.0,2524.5
2024-12-23 21:00:00,2631.0,0,12,2524.5,2208.0,2631.0
2024-12-23 22:00:00,3967.5,0,12,2631.0,2524.5,3967.5
2024-12-23 23:00:00,4555.5,0,12,3967.5,2631.0,4555.5
2024-12-24 00:00:00,4662.0,1,12,4555.5,3967.5,4662.0
2024-12-24 01:00:00,4335.0,1,12,4662.0,4555.5,4335.0
2024-12-24 02:00:00,3666.0,1,12,4335.0,4662.0,3666.0
2024-12-24 03:00:00,2740.5,1,12,3666.0,4335.0,2740.5
2024-12-24 04:00:00,2662.5,1,12,2740.5,3666.0,2662.5
2024-12-24 05:00:00,2449.5,1,12,2662.5,2740.5,2449.5
2024-12-24 06:00:00,2080.5,1,12,2449.5,2662.5,2449.5
2024-12-24 07:00:00,1525.5,1,12,2080.5,2449.5,2449.5
2024-12-24 08:00:00,1237.5,1,12,1525.5,2080.5,2449.5
2024-12-24 09:00:00,1182.0,1,12,1237.5,1525.5,2449.5
2024-12-24 10:00:00,967.5,1,12,1182.0,1237.5,2449.5
2024-12-24 11:00:00,823.5,1,12,967.5,1182.0,2449.5
2024-12-24 12:00:00,934.5,1,12,823.5,967.5,2449.5
2024-12-24 13:00:00,1015.5,1,12,934.5,823.5,2449.5
2024-12-24 14:00:00,870.0,1,12,1015.5,934.5,2449.5
2024-12-24 15:00:00,1080.0,1,12,870.0,1015.5,2449.5
2024-12-24 16:00:00,1291.5,1,12,1080.0,870.0,2449.5
2024-12-24 17:00:00,1905.0,1,12,1291.5,1080.0,2449.5
2024-12-24 18:00:00,1999.5,1,12,1905.0,1291.5,2449.5
2024-12-24 19:00:00,1891.5,1,12,1999.5,1905.0,1891.5
2024-12-24 20:00:00,1951.5,1,12,1891.5,1999.5,1951.5
2024-12-24 21:00:00,1909.5,1,12,1951.5,1891.5,1909.5
2024-12-24 22:00:00,2167.5,1,12,1909.5,1951.5,2167.5
2024-12-24 23:00:00,1812.0,1,12,2167.5,1909.5,1812.0
2024-12-25 00:00:00,2077.5,2,12,1812.0,2167.5,2077.5
2024-12-25 01:00:00,2001.0,2,12,2077.5,1812.0,2001.0
2024-12-25 02:00:00,1792.5,2,12,2001.0,2077.5,1792.5
2024-12-25 03:00:00,1815.0,2,12,1792.5,2001.0,1815.0
2024-12-25 04:00:00,1806.0,2,12,1815.0,1792.5,1806.0
2024-12-25 05:00:00,1836.0,2,12,1806.0,1815.0,1836.0
2024-12-25 06:00:00,1807.5,2,12,1836.0,1806.0,1836.0
2024-12-25 07:00:00,1416.0,2,12,1807.5,1836.0,1836.0
2024-12-25 08:00:00,1149.0,2,12,1416.0,1807.5,1836.0
2024-12-25 09:00:00,856.5,2,12,1149.0,1416.0,1836.0
2024-12-25 10:00:00,907.5,2,12,856.5,1149.0,1836.0
2024-12-25 11:00:00,1086.0,2,12,907.5,856.5,1836.0
2024-12-25 12:00:00,622.5,2,12,1086.0,907.5,1836.0
2024-12-25 13:00:00,1146.0,2,12,622.5,1086.0,1836.0
2024-12-25 14:00:00,916.5,2,12,1146.0,622.5,1836.0
2024-12-25 15:00:00,1191.0,2,12,916.5,1146.0,1836.0
2024-12-25 16:00:00,1533.0,2,12,1191.0,916.5,1836.0
2024-12-25 17:00:00,1989.0,2,12,1533.0,1191.0,1836.0
2024-12-25 18:00:00,1975.5,2,12,1989.0,1533.0,1836.0
2024-12-25 19:00:00,1804.5,2,12,1975.5,1989.0,1804.5
2024-12-25 20:00:00,1753.5,2,12,1804.5,1975.5,1753.5
2024-12-25 21:00:00,2032.5,2,12,1753.5,1804.5,2032.5
2024-12-25 22:00:00,1743.0,2,12,2032.5,1753.5,1743.0
2024-12-25 23:00:00,1789.5,2,12,1743.0,2032.5,1789.5
2024-12-26 00:00:00,1804.5,3,12,1789.5,1743.0,1804.5
2024-12-26 01:00:00,1716.0,3,12,1804.5,1789.5,1716.0
2024-12-26 02:00:00,1734.0,3,12,1716.0,1804.5,1734.0
2024-12-26 03:00:00,1795.5,3,12,1734.0,1716.0,1795.5
2024-12-26 04:00:00,1758.0,3,12,1795.5,1734.0,1758.0
2024-12-26 05:00:00,2236.5,3,12,1758.0,1795.5,2236.5
2024-12-26 06:00:00,1773.0,3,12,2236.5,1758.0,2236.5
2024-12-26 07:00:00,1063.5,3,12,1773.0,2236.5,2236.5
2024-12-26 08:00:00,745.5,3,12,1063.5,1773.0,2236.5
2024-12-26 09:00:00,540.0,3,12,745.5,1063.5,2236.5
2024-12-26 10:00:00,456.0,3,12,540.0,745.5,2236.5
2024-12-26 11:00:00,457.5,3,12,456.0,540.0,2236.5
2024-12-26 12:00:00,267.0,3,12,457.5,456.0,2236.5
2024-12-26 13:00:00,391.5,3,12,267.0,457.5,2236.5
2024-12-26 14:00:00,603.0,3,12,391.5,267.0,2236.5
2024-12-26 15:00:00,304.5,3,12,603.0,391.5,2236.5
2024-12-26 16:00:00,130.5,3,12,304.5,603.0,2236.5
2024-12-26 17:00:00,204.0,3,12,130.5,304.5,2236.5
2024-12-26 18:00:00,160.5,3,12,204.0,130.5,2236.5
2024-12-26 19:00:00,159.0,3,12,160.5,204.0,159.0
2024-12-26 20:00:00,106.5,3,12,159.0,160.5,106.5
2024-12-26 21:00:00,81.0,3,12,106.5,159.0,81.0
2024-12-26 22:00:00,133.5,3,12,81.0,106.5,133.5
2024-12-26 23:00:00,204.0,3,12,133.5,81.0,204.0
2024-12-27 00:00:00,219.0,4,12,204.0,133.5,219.0
2024-12-27 01:00:00,213.0,4,12,219.0,204.0,213.0
2024-12-27 02:00:00,219.0,4,12,213.0,219.0,219.0
2024-12-27 03:00:00,210.0,4,12,219.0,213.0,210.0
2024-12-27 04:00:00,205.5,4,12,210.0,219.0,205.5
2024-12-27 05:00:00,75.0,4,12,205.5,210.0,75.0
2024-12-27 06:00:00,61.5,4,12,75.0,205.5,75.0
2024-12-27 07:00:00,10.5,4,12,61.5,75.0,75.0
2024-12-27 08:00:00,0.0,4,12,10.5,61.5,75.0
2024-12-27 09:00:00,0.0,4,12,0.0,10.5,75.0
2024-12-27 10:00:00,0.0,4,12,0.0,0.0,75.0
2024-12-27 11:00:00,0.0,4,12,0.0,0.0,75.0
2024-12-27 12:00:00,0.0,4,12,0.0,0.0,75.0
2024-12-27 13:00:00,0.0,4,12,0.0,0.0,75.0
2024-12-27 14:00:00,0.0,4,12,0.0,0.0,75.0
2024-12-27 15:00:00,0.0,4,12,0.0,0.0,75.0
2024-12-27 16:00:00,3.0,4,12,0.0,0.0,75.0
2024-12-27 17:00:00,43.5,4,12,3.0,0.0,75.0
2024-12-27 18:00:00,63.0,4,12,43.5,3.0,75.0
2024-12-27 19:00:00,61.5,4,12,63.0,43.5,61.5
2024-12-27 20:00:00,66.0,4,12,61.5,63.0,66.0
2024-12-27 21:00:00,70.5,4,12,66.0,61.5,70.5
2024-12-27 22:00:00,63.0,4,12,70.5,66.0,63.0
2024-12-27 23:00:00,63.0,4,12,63.0,70.5,63.0
2024-12-28 00:00:00,67.5,5,12,63.0,63.0,67.5
2024-12-28 01:00:00,69.0,5,12,67.5,63.0,69.0
2024-12-28 02:00:00,60.0,5,12,69.0,67.5,60.0
2024-12-28 03:00:00,69.0,5,12,60.0,69.0,69.0
2024-12-28 04:00:00,69.0,5,12,69.0,60.0,69.0
2024-12-28 05:00:00,63.0,5,12,69.0,69.0,63.0
2024-12-28 06:00:00,54.0,5,12,63.0,69.0,63.0
2024-12-28 07:00:00,12.0,5,12,54.0,63.0,63.0
2024-12-28 08:00:00,0.0,5,12,12.0,54.0,63.0
2024-12-28 09:00:00,0.0,5,12,0.0,12.0,63.0
2024-12-28 10:00:00,0.0,5,12,0.0,0.0,63.0
2024-12-28 11:00:00,0.0,5,12,0.0,0.0,63.0
2024-12-28 12:00:00,0.0,5,12,0.0,0.0,63.0
2024-12-28 13:00:00,0.0,5,12,0.0,0.0,63.0
2024-12-28 14:00:00,0.0,5,12,0.0,0.0,63.0
2024-12-28 15:00:00,0.0,5,12,0.0,0.0,63.0
2024-12-28 16:00:00,0.0,5,12,0.0,0.0,63.0
2024-12-28 17:00:00,36.0,5,12,0.0,0.0,63.0
2024-12-28 18:00:00,70.5,5,12,36.0,0.0,63.0
2024-12-28 19:00:00,64.5,5,12,70.5,36.0,64.5
2024-12-28 20:00:00,61.5,5,12,64.5,70.5,61.5
2024-12-28 21:00:00,69.0,5,12,61.5,64.5,69.0
2024-12-28 22:00:00,63.0,5,12,69.0,61.5,63.0
2024-12-28 23:00:00,63.0,5,12,63.0,69.0,63.0
2024-12-29 00:00:00,61.5,6,12,63.0,63.0,61.5
2024-12-29 01:00:00,63.0,6,12,61.5,63.0,63.0
2024-12-29 02:00:00,63.0,6,12,63.0,61.5,63.0
2024-12-29 03:00:00,60.0,6,12,63.0,63.0,60.0
2024-12-29 04:00:00,63.0,6,12,60.0,63.0,63.0
2024-12-29 05:00:00,64.5,6,12,63.0,60.0,64.5
2024-12-29 06:00:00,52.5,6,12,64.5,63.0,64.5
2024-12-29 07:00:00,15.0,6,12,52.5,64.5,64.5
2024-12-29 08:00:00,0.0,6,12,15.0,52.5,64.5
2024-12-29 09:00:00,0.0,6,12,0.0,15.0,64.5
2024-12-29 10:00:00,0.0,6,12,0.0,0.0,64.5
2024-12-29 11:00:00,0.0,6,12,0.0,0.0,64.5
2024-12-29 12:00:00,0.0,6,12,0.0,0.0,64.5
2024-12-29 13:00:00,0.0,6,12,0.0,0.0,64.5
2024-12-29 14:00:00,0.0,6,12,0.0,0.0,64.5
2024-12-29 15:00:00,0.0,6,12,0.0,0.0,64.5
2024-12-29 16:00:00,0.0,6,12,0.0,0.0,64.5
2024-12-29 17:00:00,40.5,6,12,0.0,0.0,64.5
2024-12-29 18:00:00,76.5,6,12,40.5,0.0,64.5
2024-12-29 19:00:00,76.5,6,12,76.5,40.5,76.5
2024-12-29 20:00:00,69.0,6,12,76.5,76.5,69.0
2024-12-29 21:00:00,76.5,6,12,69.0,76.5,76.5
2024-12-29 22:00:00,76.5,6,12,76.5,69.0,76.5
2024-12-29 23:00:00,124.5,6,12,76.5,76.5,124.5
2024-12-30 00:00:00,141.0,0,12,124.5,76.5,141.0
2024-12-30 01:00:00,145.5,0,12,141.0,124.5,145.5
2024-12-30 02:00:00,138.0,0,12,145.5,141.0,138.0
2024-12-30 03:00:00,135.0,0,12,138.0,145.5,135.0
2024-12-30 04:00:00,147.0,0,12,135.0,138.0,147.0
2024-12-30 05:00:00,165.0,0,12,147.0,135.0,165.0
2024-12-30 06:00:00,145.5,0,12,165.0,147.0,165.0
2024-12-30 07:00:00,9.0,0,12,145.5,165.0,165.0
2024-12-30 08:00:00,0.0,0,12,9.0,145.5,165.0
2024-12-30 09:00:00,0.0,0,12,0.0,9.0,165.0
2024-12-30 10:00:00,0.0,0,12,0.0,0.0,165.0
2024-12-30 11:00:00,0.0,0,12,0.0,0.0,165.0
2024-12-30 12:00:00,0.0,0,12,0.0,0.0,165.0
2024-12-30 13:00:00,0.0,0,12,0.0,0.0,165.0
2024-12-30 14:00:00,0.0,0,12,0.0,0.0,165.0
2024-12-30 15:00:00,0.0,0,12,0.0,0.0,165.0
2024-12-30 16:00:00,0.0,0,12,0.0,0.0,165.0
2024-12-30 17:00:00,33.0,0,12,0.0,0.0,165.0
2024-12-30 18:00:00,76.5,0,12,33.0,0.0,165.0
2024-12-30 19:00:00,75.0,0,12,76.5,33.0,75.0
2024-12-30 20:00:00,78.0,0,12,75.0,76.5,78.0
2024-12-30 21:00:00,78.0,0,12,78.0,75.0,78.0
2024-12-30 22:00:00,69.0,0,12,78.0,78.0,69.0
2024-12-30 23:00:00,159.0,0,12,69.0,78.0,159.0
2024-12-31 00:00:00,169.5,1,12,159.0,69.0,169.5
2024-12-31 01:00:00,168.0,1,12,169.5,159.0,168.0
2024-12-31 02:00:00,168.0,1,12,168.0,169.5,168.0
2024-12-31 03:00:00,174.0,1,12,168.0,168.0,174.0
2024-12-31 04:00:00,163.5,1,12,174.0,168.0,163.5
2024-12-31 05:00:00,136.5,1,12,163.5,174.0,136.5
2024-12-31 06:00:00,117.0,1,12,136.5,163.5,136.5
2024-12-31 07:00:00,9.0,1,12,117.0,136.5,136.5
2024-12-31 08:00:00,0.0,1,12,9.0,117.0,136.5
2024-12-31 09:00:00,1.5,1,12,0.0,9.0,136.5
2024-12-31 10:00:00,0.0,1,12,1.5,0.0,136.5
2024-12-31 11:00:00,0.0,1,12,0.0,1.5,136.5
2024-12-31 12:00:00,0.0,1,12,0.0,0.0,136.5
2024-12-31 13:00:00,1.5,1,12,0.0,0.0,136.5
2024-12-31 14:00:00,0.0,1,12,1.5,0.0,136.5
2024-12-31 15:00:00,0.0,1,12,0.0,1.5,136.5
2024-12-31 16:00:00,0.0,1,12,0.0,0.0,136.5
2024-12-31 17:00:00,42.0,1,12,0.0,0.0,136.5
2024-12-31 18:00:00,66.0,1,12,42.0,0.0,136.5
2024-12-31 19:00:00,69.0,1,12,66.0,42.0,69.0
2024-12-31 20:00:00,69.0,1,12,69.0,66.0,69.0
2024-12-31 21:00:00,66.0,1,12,69.0,69.0,66.0
2024-12-31 22:00:00,69.0,1,12,66.0,69.0,69.0
2024-12-31 23:00:00,121.5,1,12,69.0,66.0,121.5
