{"installed_capacity": 15000, "capacity_factor": 15.228310502283108, "energy_of_pv_produce": 20010000.000000004, "energy_of_pv_serve_load": 19842819.942246005}
