{"installed_capacity": 299, "capacity_factor": 14.383561643835618, "energy_of_pv_produce": 376740.00000000006, "energy_of_pv_serve_load": 296431.8625404625}
{"installed_capacity": 550, "capacity_factor": 14.383561643835618, "energy_of_pv_produce": 693000.0000000001, "energy_of_pv_serve_load": 512269.6933310696}
