{"installed_capacity": 15000, "capacity_factor": 15.125570776255712, "energy_of_pv_produce": 19875000.000000007, "energy_of_pv_serve_load": 19709542.755889025}
