{"installed_capacity": 15000, "capacity_factor": 18.116438356164384, "energy_of_pv_produce": 23805000.000000004, "energy_of_pv_serve_load": 23591508.315495472}
