{"installed_capacity": 15000, "capacity_factor": 18.036529680365298, "energy_of_pv_produce": 23700000.000000004, "energy_of_pv_serve_load": 23487810.33732035}
