{"installed_capacity": 380, "capacity_factor": 14.554794520547945, "energy_of_pv_produce": 484500.0, "energy_of_pv_serve_load": 371530.6452529381}
{"installed_capacity": 420.37, "capacity_factor": 14.554794520547945, "energy_of_pv_produce": 535971.75, "energy_of_pv_serve_load": 406961.51601449563}
