{"installed_capacity": 500, "capacity_factor": 14.440639269406393, "energy_of_pv_produce": 632500.0000000001, "energy_of_pv_serve_load": 620538.5017654898}
{"installed_capacity": 600, "capacity_factor": 14.440639269406393, "energy_of_pv_produce": 759000.0000000001, "energy_of_pv_serve_load": 723211.3163120801}
