{"installed_capacity": 150000, "capacity_factor": 18.036529680365298, "energy_of_pv_produce": 237000000.00000003, "energy_of_pv_serve_load": 77552874.67025621}
