{"installed_capacity": 500, "capacity_factor": 16.575342465753426, "energy_of_pv_produce": 726000.0000000001, "energy_of_pv_serve_load": 533654.7546452415}
