{"installed_capacity": 15000, "capacity_factor": 18.437561735880177, "energy_of_pv_produce": 24226956.120946556, "energy_of_pv_serve_load": 23983647.591544256}
