{"installed_capacity": 500, "capacity_factor": 14.246575342465754, "energy_of_pv_produce": 624000.0, "energy_of_pv_serve_load": 528445.3665930906}
