{"installed_capacity": 55, "capacity_factor": 16.360730593607308, "energy_of_pv_produce": 78826.0, "energy_of_pv_serve_load": 78805.14174295214}
{"installed_capacity": 1900, "capacity_factor": 16.360730593607308, "energy_of_pv_produce": 2723080.0, "energy_of_pv_serve_load": 2226378.960243565}
