{"installed_capacity": 380, "capacity_factor": 14.588526641159039, "energy_of_pv_produce": 485622.87483090215, "energy_of_pv_serve_load": 171433.3770658923}
{"installed_capacity": 420.37, "capacity_factor": 14.588526641159042, "energy_of_pv_produce": 537213.9155070167, "energy_of_pv_serve_load": 174095.92716108033}
