{"installed_capacity": 200, "capacity_factor": 14.178082191780824, "energy_of_pv_produce": 248400.00000000003, "energy_of_pv_serve_load": 154870.926793372}
{"installed_capacity": 280, "capacity_factor": 14.178082191780822, "energy_of_pv_produce": 347760.0, "energy_of_pv_serve_load": 197453.61642014177}
