{"installed_capacity": 700, "capacity_factor": 19.238964992389647, "energy_of_pv_produce": 1179733.3333333333, "energy_of_pv_serve_load": 1146979.3408054358}
