{"installed_capacity": 1000, "capacity_factor": 16.013834474885844, "energy_of_pv_produce": 1402811.9, "energy_of_pv_serve_load": 1402608.8599999999}
