{"installed_capacity": 400, "capacity_factor": 14.554794520547945, "energy_of_pv_produce": 510000.0, "energy_of_pv_serve_load": 389117.5006934822}
{"installed_capacity": 500, "capacity_factor": 14.554794520547947, "energy_of_pv_produce": 637500.0000000001, "energy_of_pv_serve_load": 475673.67457889405}
