{"installed_capacity": 300, "capacity_factor": 15.159817351598173, "energy_of_pv_produce": 398400.0, "energy_of_pv_serve_load": 259046.82178017625}
