{"installed_capacity": 350, "capacity_factor": 14.554794520547947, "energy_of_pv_produce": 446250.00000000006, "energy_of_pv_serve_load": 344991.1599753146}
{"installed_capacity": 550, "capacity_factor": 14.554794520547947, "energy_of_pv_produce": 701250.0000000001, "energy_of_pv_serve_load": 517646.2977213481}
