{"installed_capacity": 55, "capacity_factor": 16.360730593607308, "energy_of_pv_produce": 78826.0, "energy_of_pv_serve_load": 78813.8542234351}
