{"installed_capacity": 800, "capacity_factor": 14.178082191780824, "energy_of_pv_produce": 993600.0000000001, "energy_of_pv_serve_load": 409796.9208589477}
