{"installed_capacity": 351, "capacity_factor": 15.1027397260274, "energy_of_pv_produce": 464373.00000000006, "energy_of_pv_serve_load": 464373.00000000006}
