{"installed_capacity": 36718, "capacity_factor": 14.178082191780824, "energy_of_pv_produce": 45603756.00000001, "energy_of_pv_serve_load": 44714247.96693112}
