{"installed_capacity": 1350, "capacity_factor": 15.159817351598173, "energy_of_pv_produce": 1792800.0, "energy_of_pv_serve_load": 1599997.8296886124}
