{"installed_capacity": 15000, "capacity_factor": 18.4097314540147, "energy_of_pv_produce": 24190387.130575314, "energy_of_pv_serve_load": 23947581.739301294}
