{"installed_capacity": 8000, "capacity_factor": 16.460045662100462, "energy_of_pv_produce": 11535200.000000002, "energy_of_pv_serve_load": 11459491.466098912}
