{"installed_capacity": 380, "capacity_factor": 14.269406392694068, "energy_of_pv_produce": 475000.00000000006, "energy_of_pv_serve_load": 362334.20018239797}
