{"installed_capacity": 1000, "capacity_factor": 14.178082191780824, "energy_of_pv_produce": 1242000.0000000002, "energy_of_pv_serve_load": 1242000.0000000002}
