{"installed_capacity": 600, "capacity_factor": 15.4337899543379, "energy_of_pv_produce": 811200.0000000001, "energy_of_pv_serve_load": 766669.3077945091}
{"installed_capacity": 700, "capacity_factor": 15.4337899543379, "energy_of_pv_produce": 946400.0000000001, "energy_of_pv_serve_load": 878092.9546845162}
