{"installed_capacity": 15000, "capacity_factor": 15.102739726027398, "energy_of_pv_produce": 19845000.0, "energy_of_pv_serve_load": 19679885.754476354}
