{"installed_capacity": 900, "capacity_factor": 18.036529680365298, "energy_of_pv_produce": 1422000.0000000002, "energy_of_pv_serve_load": 1305374.5051350326}
