{"installed_capacity": 34000, "capacity_factor": 15.125570776255708, "energy_of_pv_produce": 45050000.0, "energy_of_pv_serve_load": 44267764.413287714}
