{"installed_capacity": 8000, "capacity_factor": 18.036529680365295, "energy_of_pv_produce": 12640000.0, "energy_of_pv_serve_load": 12553406.540714405}
