timestamp,load,day_of_week,month
2024-01-01 00:00:00,130.5,0,1
2024-01-01 01:00:00,132.0,0,1
2024-01-01 02:00:00,166.5,0,1
2024-01-01 03:00:00,168.0,0,1
2024-01-01 04:00:00,177.0,0,1
2024-01-01 05:00:00,174.0,0,1
2024-01-01 06:00:00,108.0,0,1
2024-01-01 07:00:00,1.5,0,1
2024-01-01 08:00:00,0.0,0,1
2024-01-01 09:00:00,0.0,0,1
2024-01-01 10:00:00,0.0,0,1
2024-01-01 11:00:00,0.0,0,1
2024-01-01 12:00:00,0.0,0,1
2024-01-01 13:00:00,0.0,0,1
2024-01-01 14:00:00,0.0,0,1
2024-01-01 15:00:00,6.0,0,1
2024-01-01 16:00:00,3.0,0,1
2024-01-01 17:00:00,103.5,0,1
2024-01-01 18:00:00,132.0,0,1
2024-01-01 19:00:00,126.0,0,1
2024-01-01 20:00:00,163.5,0,1
2024-01-01 21:00:00,166.5,0,1
2024-01-01 22:00:00,168.0,0,1
2024-01-01 23:00:00,169.5,0,1
2024-01-02 00:00:00,129.0,1,1
2024-01-02 01:00:00,117.0,1,1
2024-01-02 02:00:00,156.0,1,1
2024-01-02 03:00:00,157.5,1,1
2024-01-02 04:00:00,169.5,1,1
2024-01-02 05:00:00,177.0,1,1
2024-01-02 06:00:00,103.5,1,1
2024-01-02 07:00:00,9.0,1,1
2024-01-02 08:00:00,1.5,1,1
2024-01-02 09:00:00,3.0,1,1
2024-01-02 10:00:00,0.0,1,1
2024-01-02 11:00:00,0.0,1,1
2024-01-02 12:00:00,1.5,1,1
2024-01-02 13:00:00,4.5,1,1
2024-01-02 14:00:00,6.0,1,1
2024-01-02 15:00:00,13.5,1,1
2024-01-02 16:00:00,169.5,1,1
2024-01-02 17:00:00,208.5,1,1
2024-01-02 18:00:00,252.0,1,1
2024-01-02 19:00:00,346.5,1,1
2024-01-02 20:00:00,744.0,1,1
2024-01-02 21:00:00,2823.0,1,1
2024-01-02 22:00:00,3405.0,1,1
2024-01-02 23:00:00,3486.0,1,1
2024-01-03 00:00:00,2412.0,2,1
2024-01-03 01:00:00,2317.5,2,1
2024-01-03 02:00:00,2365.5,2,1
2024-01-03 03:00:00,2098.5,2,1
2024-01-03 04:00:00,2280.0,2,1
2024-01-03 05:00:00,2467.5,2,1
2024-01-03 06:00:00,2905.5,2,1
2024-01-03 07:00:00,1588.5,2,1
2024-01-03 08:00:00,1431.0,2,1
2024-01-03 09:00:00,1059.0,2,1
2024-01-03 10:00:00,1021.5,2,1
2024-01-03 11:00:00,1039.5,2,1
2024-01-03 12:00:00,912.0,2,1
2024-01-03 13:00:00,1242.0,2,1
2024-01-03 14:00:00,1263.0,2,1
2024-01-03 15:00:00,1705.5,2,1
2024-01-03 16:00:00,2601.0,2,1
2024-01-03 17:00:00,3792.0,2,1
2024-01-03 18:00:00,3775.5,2,1
2024-01-03 19:00:00,2364.0,2,1
2024-01-03 20:00:00,2710.5,2,1
2024-01-03 21:00:00,3832.5,2,1
2024-01-03 22:00:00,4069.5,2,1
2024-01-03 23:00:00,3549.0,2,1
2024-01-04 00:00:00,3340.5,3,1
2024-01-04 01:00:00,3865.5,3,1
2024-01-04 02:00:00,3489.0,3,1
2024-01-04 03:00:00,3658.5,3,1
2024-01-04 04:00:00,3597.0,3,1
2024-01-04 05:00:00,3009.0,3,1
2024-01-04 06:00:00,3222.0,3,1
2024-01-04 07:00:00,2100.0,3,1
2024-01-04 08:00:00,2058.0,3,1
2024-01-04 09:00:00,2121.0,3,1
2024-01-04 10:00:00,1269.0,3,1
2024-01-04 11:00:00,1276.5,3,1
2024-01-04 12:00:00,1152.0,3,1
2024-01-04 13:00:00,1192.5,3,1
2024-01-04 14:00:00,2070.0,3,1
2024-01-04 15:00:00,1398.0,3,1
2024-01-04 16:00:00,1396.5,3,1
2024-01-04 17:00:00,2217.0,3,1
2024-01-04 18:00:00,2251.5,3,1
2024-01-04 19:00:00,2115.0,3,1
2024-01-04 20:00:00,2940.0,3,1
2024-01-04 21:00:00,3559.5,3,1
2024-01-04 22:00:00,3256.5,3,1
2024-01-04 23:00:00,3472.5,3,1
2024-01-05 00:00:00,3486.0,4,1
2024-01-05 01:00:00,3528.0,4,1
2024-01-05 02:00:00,4189.5,4,1
2024-01-05 03:00:00,4288.5,4,1
2024-01-05 04:00:00,3742.5,4,1
2024-01-05 05:00:00,3694.5,4,1
2024-01-05 06:00:00,2917.5,4,1
2024-01-05 07:00:00,2815.5,4,1
2024-01-05 08:00:00,2467.5,4,1
2024-01-05 09:00:00,1998.0,4,1
2024-01-05 10:00:00,1588.5,4,1
2024-01-05 11:00:00,972.0,4,1
2024-01-05 12:00:00,1405.5,4,1
2024-01-05 13:00:00,1644.0,4,1
2024-01-05 14:00:00,1987.5,4,1
2024-01-05 15:00:00,2116.5,4,1
2024-01-05 16:00:00,2682.0,4,1
2024-01-05 17:00:00,3442.5,4,1
2024-01-05 18:00:00,3867.0,4,1
2024-01-05 19:00:00,3714.0,4,1
2024-01-05 20:00:00,3454.5,4,1
2024-01-05 21:00:00,3471.0,4,1
2024-01-05 22:00:00,3357.0,4,1
2024-01-05 23:00:00,3342.0,4,1
2024-01-06 00:00:00,3409.5,5,1
2024-01-06 01:00:00,3426.0,5,1
2024-01-06 02:00:00,3375.0,5,1
2024-01-06 03:00:00,3154.5,5,1
2024-01-06 04:00:00,3324.0,5,1
2024-01-06 05:00:00,3246.0,5,1
2024-01-06 06:00:00,3240.0,5,1
2024-01-06 07:00:00,2875.5,5,1
2024-01-06 08:00:00,2241.0,5,1
2024-01-06 09:00:00,1633.5,5,1
2024-01-06 10:00:00,1395.0,5,1
2024-01-06 11:00:00,1249.5,5,1
2024-01-06 12:00:00,1507.5,5,1
2024-01-06 13:00:00,1651.5,5,1
2024-01-06 14:00:00,1615.5,5,1
2024-01-06 15:00:00,2437.5,5,1
2024-01-06 16:00:00,2776.5,5,1
2024-01-06 17:00:00,4168.5,5,1
2024-01-06 18:00:00,3955.5,5,1
2024-01-06 19:00:00,4285.5,5,1
2024-01-06 20:00:00,3808.5,5,1
2024-01-06 21:00:00,4492.5,5,1
2024-01-06 22:00:00,4422.0,5,1
2024-01-06 23:00:00,4315.5,5,1
2024-01-07 00:00:00,4393.5,6,1
2024-01-07 01:00:00,3907.5,6,1
2024-01-07 02:00:00,3829.5,6,1
2024-01-07 03:00:00,4338.0,6,1
2024-01-07 04:00:00,3721.5,6,1
2024-01-07 05:00:00,3784.5,6,1
2024-01-07 06:00:00,4414.5,6,1
2024-01-07 07:00:00,3592.5,6,1
2024-01-07 08:00:00,3253.5,6,1
2024-01-07 09:00:00,2586.0,6,1
2024-01-07 10:00:00,1782.0,6,1
2024-01-07 11:00:00,1422.0,6,1
2024-01-07 12:00:00,1638.0,6,1
2024-01-07 13:00:00,2403.0,6,1
2024-01-07 14:00:00,3126.0,6,1
2024-01-07 15:00:00,3147.0,6,1
2024-01-07 16:00:00,3486.0,6,1
2024-01-07 17:00:00,4344.0,6,1
2024-01-07 18:00:00,4440.0,6,1
2024-01-07 19:00:00,4317.0,6,1
2024-01-07 20:00:00,4141.5,6,1
2024-01-07 21:00:00,4192.5,6,1
2024-01-07 22:00:00,4011.0,6,1
2024-01-07 23:00:00,3982.5,6,1
2024-01-08 00:00:00,3955.5,0,1
2024-01-08 01:00:00,4098.0,0,1
2024-01-08 02:00:00,4017.0,0,1
2024-01-08 03:00:00,4024.5,0,1
2024-01-08 04:00:00,3981.0,0,1
2024-01-08 05:00:00,3732.0,0,1
2024-01-08 06:00:00,3609.0,0,1
2024-01-08 07:00:00,2970.0,0,1
2024-01-08 08:00:00,1588.5,0,1
2024-01-08 09:00:00,1108.5,0,1
2024-01-08 10:00:00,879.0,0,1
2024-01-08 11:00:00,1518.0,0,1
2024-01-08 12:00:00,1527.0,0,1
2024-01-08 13:00:00,1585.5,0,1
2024-01-08 14:00:00,1416.0,0,1
2024-01-08 15:00:00,883.5,0,1
2024-01-08 16:00:00,2014.5,0,1
2024-01-08 17:00:00,2586.0,0,1
2024-01-08 18:00:00,2833.5,0,1
2024-01-08 19:00:00,2794.5,0,1
2024-01-08 20:00:00,2865.0,0,1
2024-01-08 21:00:00,2830.5,0,1
2024-01-08 22:00:00,2721.0,0,1
2024-01-08 23:00:00,2662.5,0,1
2024-01-09 00:00:00,2746.5,1,1
2024-01-09 01:00:00,2776.5,1,1
2024-01-09 02:00:00,2698.5,1,1
2024-01-09 03:00:00,2764.5,1,1
2024-01-09 04:00:00,2698.5,1,1
2024-01-09 05:00:00,2551.5,1,1
2024-01-09 06:00:00,2194.5,1,1
2024-01-09 07:00:00,2698.5,1,1
2024-01-09 08:00:00,3298.5,1,1
2024-01-09 09:00:00,3124.5,1,1
2024-01-09 10:00:00,2773.5,1,1
2024-01-09 11:00:00,2569.5,1,1
2024-01-09 12:00:00,1699.5,1,1
2024-01-09 13:00:00,2115.0,1,1
2024-01-09 14:00:00,2151.0,1,1
2024-01-09 15:00:00,2457.0,1,1
2024-01-09 16:00:00,3670.5,1,1
2024-01-09 17:00:00,4177.5,1,1
2024-01-09 18:00:00,4048.5,1,1
2024-01-09 19:00:00,4219.5,1,1
2024-01-09 20:00:00,4267.5,1,1
2024-01-09 21:00:00,4593.0,1,1
2024-01-09 22:00:00,4659.0,1,1
2024-01-09 23:00:00,4417.5,1,1
2024-01-10 00:00:00,4473.0,2,1
2024-01-10 01:00:00,4194.0,2,1
2024-01-10 02:00:00,4434.0,2,1
2024-01-10 03:00:00,4098.0,2,1
2024-01-10 04:00:00,4068.0,2,1
2024-01-10 05:00:00,4146.0,2,1
2024-01-10 06:00:00,4084.5,2,1
2024-01-10 07:00:00,4041.0,2,1
2024-01-10 08:00:00,3130.5,2,1
2024-01-10 09:00:00,2611.5,2,1
2024-01-10 10:00:00,2313.0,2,1
2024-01-10 11:00:00,1893.0,2,1
2024-01-10 12:00:00,1932.0,2,1
2024-01-10 13:00:00,2307.0,2,1
2024-01-10 14:00:00,2350.5,2,1
2024-01-10 15:00:00,3147.0,2,1
2024-01-10 16:00:00,3936.0,2,1
2024-01-10 17:00:00,4306.5,2,1
2024-01-10 18:00:00,4285.5,2,1
2024-01-10 19:00:00,4273.5,2,1
2024-01-10 20:00:00,4308.0,2,1
2024-01-10 21:00:00,4320.0,2,1
2024-01-10 22:00:00,4422.0,2,1
2024-01-10 23:00:00,4437.0,2,1
2024-01-11 00:00:00,4515.0,3,1
2024-01-11 01:00:00,4567.5,3,1
2024-01-11 02:00:00,4446.0,3,1
2024-01-11 03:00:00,4314.0,3,1
2024-01-11 04:00:00,3924.0,3,1
2024-01-11 05:00:00,4182.0,3,1
2024-01-11 06:00:00,4228.5,3,1
2024-01-11 07:00:00,4183.5,3,1
2024-01-11 08:00:00,3177.0,3,1
2024-01-11 09:00:00,3162.0,3,1
2024-01-11 10:00:00,2833.5,3,1
2024-01-11 11:00:00,2596.5,3,1
2024-01-11 12:00:00,2500.5,3,1
2024-01-11 13:00:00,2922.0,3,1
2024-01-11 14:00:00,2907.0,3,1
2024-01-11 15:00:00,3058.5,3,1
2024-01-11 16:00:00,4074.0,3,1
2024-01-11 17:00:00,4189.5,3,1
2024-01-11 18:00:00,4320.0,3,1
2024-01-11 19:00:00,4357.5,3,1
2024-01-11 20:00:00,4302.0,3,1
2024-01-11 21:00:00,4561.5,3,1
2024-01-11 22:00:00,4542.0,3,1
2024-01-11 23:00:00,4462.5,3,1
2024-01-12 00:00:00,4396.5,4,1
2024-01-12 01:00:00,4240.5,4,1
2024-01-12 02:00:00,3973.5,4,1
2024-01-12 03:00:00,3132.0,4,1
2024-01-12 04:00:00,3873.0,4,1
2024-01-12 05:00:00,3940.5,4,1
2024-01-12 06:00:00,3822.0,4,1
2024-01-12 07:00:00,2302.5,4,1
2024-01-12 08:00:00,1348.5,4,1
2024-01-12 09:00:00,964.5,4,1
2024-01-12 10:00:00,825.0,4,1
2024-01-12 11:00:00,1086.0,4,1
2024-01-12 12:00:00,1074.0,4,1
2024-01-12 13:00:00,1108.5,4,1
2024-01-12 14:00:00,1222.5,4,1
2024-01-12 15:00:00,1431.0,4,1
2024-01-12 16:00:00,1713.0,4,1
2024-01-12 17:00:00,1930.5,4,1
2024-01-12 18:00:00,1986.0,4,1
2024-01-12 19:00:00,1920.0,4,1
2024-01-12 20:00:00,2088.0,4,1
2024-01-12 21:00:00,2230.5,4,1
2024-01-12 22:00:00,1857.0,4,1
2024-01-12 23:00:00,1899.0,4,1
2024-01-13 00:00:00,1900.5,5,1
2024-01-13 01:00:00,1926.0,5,1
2024-01-13 02:00:00,1923.0,5,1
2024-01-13 03:00:00,1986.0,5,1
2024-01-13 04:00:00,1920.0,5,1
2024-01-13 05:00:00,1918.5,5,1
2024-01-13 06:00:00,2110.5,5,1
2024-01-13 07:00:00,2254.5,5,1
2024-01-13 08:00:00,2229.0,5,1
2024-01-13 09:00:00,2149.5,5,1
2024-01-13 10:00:00,2187.0,5,1
2024-01-13 11:00:00,1722.0,5,1
2024-01-13 12:00:00,2068.5,5,1
2024-01-13 13:00:00,2518.5,5,1
2024-01-13 14:00:00,2641.5,5,1
2024-01-13 15:00:00,2995.5,5,1
2024-01-13 16:00:00,3846.0,5,1
2024-01-13 17:00:00,4401.0,5,1
2024-01-13 18:00:00,3969.0,5,1
2024-01-13 19:00:00,3955.5,5,1
2024-01-13 20:00:00,4485.0,5,1
2024-01-13 21:00:00,4486.5,5,1
2024-01-13 22:00:00,4366.5,5,1
2024-01-13 23:00:00,4204.5,5,1
2024-01-14 00:00:00,4555.5,6,1
2024-01-14 01:00:00,4410.0,6,1
2024-01-14 02:00:00,4470.0,6,1
2024-01-14 03:00:00,4105.5,6,1
2024-01-14 04:00:00,4018.5,6,1
2024-01-14 05:00:00,4546.5,6,1
2024-01-14 06:00:00,4338.0,6,1
2024-01-14 07:00:00,3915.0,6,1
2024-01-14 08:00:00,2935.5,6,1
2024-01-14 09:00:00,3189.0,6,1
2024-01-14 10:00:00,2799.0,6,1
2024-01-14 11:00:00,2626.5,6,1
2024-01-14 12:00:00,2634.0,6,1
2024-01-14 13:00:00,2772.0,6,1
2024-01-14 14:00:00,2713.5,6,1
2024-01-14 15:00:00,3180.0,6,1
2024-01-14 16:00:00,3777.0,6,1
2024-01-14 17:00:00,4080.0,6,1
2024-01-14 18:00:00,4527.0,6,1
2024-01-14 19:00:00,4456.5,6,1
2024-01-14 20:00:00,4360.5,6,1
2024-01-14 21:00:00,4285.5,6,1
2024-01-14 22:00:00,4126.5,6,1
2024-01-14 23:00:00,4617.0,6,1
2024-01-15 00:00:00,4572.0,0,1
2024-01-15 01:00:00,4557.0,0,1
2024-01-15 02:00:00,4434.0,0,1
2024-01-15 03:00:00,4411.5,0,1
2024-01-15 04:00:00,4128.0,0,1
2024-01-15 05:00:00,4302.0,0,1
2024-01-15 06:00:00,3838.5,0,1
2024-01-15 07:00:00,2890.5,0,1
2024-01-15 08:00:00,1966.5,0,1
2024-01-15 09:00:00,1218.0,0,1
2024-01-15 10:00:00,1732.5,0,1
2024-01-15 11:00:00,1525.5,0,1
2024-01-15 12:00:00,1347.0,0,1
2024-01-15 13:00:00,1549.5,0,1
2024-01-15 14:00:00,1377.0,0,1
2024-01-15 15:00:00,1974.0,0,1
2024-01-15 16:00:00,2223.0,0,1
2024-01-15 17:00:00,2679.0,0,1
2024-01-15 18:00:00,2877.0,0,1
2024-01-15 19:00:00,2418.0,0,1
2024-01-15 20:00:00,2935.5,0,1
2024-01-15 21:00:00,2922.0,0,1
2024-01-15 22:00:00,2521.5,0,1
2024-01-15 23:00:00,2850.0,0,1
2024-01-16 00:00:00,2679.0,1,1
2024-01-16 01:00:00,2731.5,1,1
2024-01-16 02:00:00,2767.5,1,1
2024-01-16 03:00:00,2647.5,1,1
2024-01-16 04:00:00,2634.0,1,1
2024-01-16 05:00:00,2661.0,1,1
2024-01-16 06:00:00,2815.5,1,1
2024-01-16 07:00:00,3075.0,1,1
2024-01-16 08:00:00,3120.0,1,1
2024-01-16 09:00:00,2463.0,1,1
2024-01-16 10:00:00,2674.5,1,1
2024-01-16 11:00:00,2347.5,1,1
2024-01-16 12:00:00,2334.0,1,1
2024-01-16 13:00:00,2452.5,1,1
2024-01-16 14:00:00,2865.0,1,1
2024-01-16 15:00:00,3337.5,1,1
2024-01-16 16:00:00,3781.5,1,1
2024-01-16 17:00:00,4153.5,1,1
2024-01-16 18:00:00,4489.5,1,1
2024-01-16 19:00:00,4327.5,1,1
2024-01-16 20:00:00,4401.0,1,1
2024-01-16 21:00:00,4470.0,1,1
2024-01-16 22:00:00,4596.0,1,1
2024-01-16 23:00:00,4420.5,1,1
2024-01-17 00:00:00,4314.0,2,1
2024-01-17 01:00:00,3877.5,2,1
2024-01-17 02:00:00,4537.5,2,1
2024-01-17 03:00:00,4261.5,2,1
2024-01-17 04:00:00,4026.0,2,1
2024-01-17 05:00:00,3913.5,2,1
2024-01-17 06:00:00,4575.0,2,1
2024-01-17 07:00:00,4026.0,2,1
2024-01-17 08:00:00,3405.0,2,1
2024-01-17 09:00:00,3153.0,2,1
2024-01-17 10:00:00,2689.5,2,1
2024-01-17 11:00:00,2473.5,2,1
2024-01-17 12:00:00,2556.0,2,1
2024-01-17 13:00:00,2619.0,2,1
2024-01-17 14:00:00,2691.0,2,1
2024-01-17 15:00:00,3091.5,2,1
2024-01-17 16:00:00,3642.0,2,1
2024-01-17 17:00:00,3958.5,2,1
2024-01-17 18:00:00,4465.5,2,1
2024-01-17 19:00:00,4386.0,2,1
2024-01-17 20:00:00,4420.5,2,1
2024-01-17 21:00:00,4551.0,2,1
2024-01-17 22:00:00,4500.0,2,1
2024-01-17 23:00:00,4393.5,2,1
2024-01-18 00:00:00,4546.5,3,1
2024-01-18 01:00:00,4540.5,3,1
2024-01-18 02:00:00,4344.0,3,1
2024-01-18 03:00:00,4471.5,3,1
2024-01-18 04:00:00,4473.0,3,1
2024-01-18 05:00:00,4416.0,3,1
2024-01-18 06:00:00,3735.0,3,1
2024-01-18 07:00:00,2442.0,3,1
2024-01-18 08:00:00,1201.5,3,1
2024-01-18 09:00:00,1066.5,3,1
2024-01-18 10:00:00,987.0,3,1
2024-01-18 11:00:00,658.5,3,1
2024-01-18 12:00:00,382.5,3,1
2024-01-18 13:00:00,1033.5,3,1
2024-01-18 14:00:00,993.0,3,1
2024-01-18 15:00:00,1108.5,3,1
2024-01-18 16:00:00,1177.5,3,1
2024-01-18 17:00:00,1290.0,3,1
2024-01-18 18:00:00,1989.0,3,1
2024-01-18 19:00:00,2001.0,3,1
2024-01-18 20:00:00,1984.5,3,1
2024-01-18 21:00:00,2062.5,3,1
2024-01-18 22:00:00,2010.0,3,1
2024-01-18 23:00:00,2101.5,3,1
2024-01-19 00:00:00,2073.0,4,1
2024-01-19 01:00:00,2053.5,4,1
2024-01-19 02:00:00,1929.0,4,1
2024-01-19 03:00:00,2040.0,4,1
2024-01-19 04:00:00,1987.5,4,1
2024-01-19 05:00:00,1821.0,4,1
2024-01-19 06:00:00,1339.5,4,1
2024-01-19 07:00:00,576.0,4,1
2024-01-19 08:00:00,10.5,4,1
2024-01-19 09:00:00,9.0,4,1
2024-01-19 10:00:00,1.5,4,1
2024-01-19 11:00:00,13.5,4,1
2024-01-19 12:00:00,7.5,4,1
2024-01-19 13:00:00,13.5,4,1
2024-01-19 14:00:00,4.5,4,1
2024-01-19 15:00:00,24.0,4,1
2024-01-19 16:00:00,63.0,4,1
2024-01-19 17:00:00,204.0,4,1
2024-01-19 18:00:00,288.0,4,1
2024-01-19 19:00:00,294.0,4,1
2024-01-19 20:00:00,324.0,4,1
2024-01-19 21:00:00,322.5,4,1
2024-01-19 22:00:00,304.5,4,1
2024-01-19 23:00:00,298.5,4,1
2024-01-20 00:00:00,304.5,5,1
2024-01-20 01:00:00,289.5,5,1
2024-01-20 02:00:00,303.0,5,1
2024-01-20 03:00:00,298.5,5,1
2024-01-20 04:00:00,297.0,5,1
2024-01-20 05:00:00,307.5,5,1
2024-01-20 06:00:00,1176.0,5,1
2024-01-20 07:00:00,2388.0,5,1
2024-01-20 08:00:00,2632.5,5,1
2024-01-20 09:00:00,2424.0,5,1
2024-01-20 10:00:00,1959.0,5,1
2024-01-20 11:00:00,1147.5,5,1
2024-01-20 12:00:00,1711.5,5,1
2024-01-20 13:00:00,2422.5,5,1
2024-01-20 14:00:00,2176.5,5,1
2024-01-20 15:00:00,2374.5,5,1
2024-01-20 16:00:00,3348.0,5,1
2024-01-20 17:00:00,3898.5,5,1
2024-01-20 18:00:00,3964.5,5,1
2024-01-20 19:00:00,3795.0,5,1
2024-01-20 20:00:00,2928.0,5,1
2024-01-20 21:00:00,3691.5,5,1
2024-01-20 22:00:00,3256.5,5,1
2024-01-20 23:00:00,3670.5,5,1
2024-01-21 00:00:00,3903.0,6,1
2024-01-21 01:00:00,4168.5,6,1
2024-01-21 02:00:00,4108.5,6,1
2024-01-21 03:00:00,4042.5,6,1
2024-01-21 04:00:00,4102.5,6,1
2024-01-21 05:00:00,3840.0,6,1
2024-01-21 06:00:00,3649.5,6,1
2024-01-21 07:00:00,3483.0,6,1
2024-01-21 08:00:00,2365.5,6,1
2024-01-21 09:00:00,1390.5,6,1
2024-01-21 10:00:00,1732.5,6,1
2024-01-21 11:00:00,1887.0,6,1
2024-01-21 12:00:00,2049.0,6,1
2024-01-21 13:00:00,1990.5,6,1
2024-01-21 14:00:00,1657.5,6,1
2024-01-21 15:00:00,2583.0,6,1
2024-01-21 16:00:00,3783.0,6,1
2024-01-21 17:00:00,4158.0,6,1
2024-01-21 18:00:00,3970.5,6,1
2024-01-21 19:00:00,4011.0,6,1
2024-01-21 20:00:00,4146.0,6,1
2024-01-21 21:00:00,4171.5,6,1
2024-01-21 22:00:00,4173.0,6,1
2024-01-21 23:00:00,3540.0,6,1
2024-01-22 00:00:00,3451.5,0,1
2024-01-22 01:00:00,3393.0,0,1
2024-01-22 02:00:00,3438.0,0,1
2024-01-22 03:00:00,2559.0,0,1
2024-01-22 04:00:00,1741.5,0,1
2024-01-22 05:00:00,1707.0,0,1
2024-01-22 06:00:00,1657.5,0,1
2024-01-22 07:00:00,1060.5,0,1
2024-01-22 08:00:00,622.5,0,1
2024-01-22 09:00:00,46.5,0,1
2024-01-22 10:00:00,22.5,0,1
2024-01-22 11:00:00,6.0,0,1
2024-01-22 12:00:00,15.0,0,1
2024-01-22 13:00:00,15.0,0,1
2024-01-22 14:00:00,12.0,0,1
2024-01-22 15:00:00,24.0,0,1
2024-01-22 16:00:00,88.5,0,1
2024-01-22 17:00:00,255.0,0,1
2024-01-22 18:00:00,324.0,0,1
2024-01-22 19:00:00,328.5,0,1
2024-01-22 20:00:00,334.5,0,1
2024-01-22 21:00:00,360.0,0,1
2024-01-22 22:00:00,321.0,0,1
2024-01-22 23:00:00,318.0,0,1
2024-01-23 00:00:00,324.0,1,1
2024-01-23 01:00:00,316.5,1,1
2024-01-23 02:00:00,313.5,1,1
2024-01-23 03:00:00,313.5,1,1
2024-01-23 04:00:00,318.0,1,1
2024-01-23 05:00:00,312.0,1,1
2024-01-23 06:00:00,306.0,1,1
2024-01-23 07:00:00,285.0,1,1
2024-01-23 08:00:00,204.0,1,1
2024-01-23 09:00:00,76.5,1,1
2024-01-23 10:00:00,37.5,1,1
2024-01-23 11:00:00,39.0,1,1
2024-01-23 12:00:00,12.0,1,1
2024-01-23 13:00:00,18.0,1,1
2024-01-23 14:00:00,37.5,1,1
2024-01-23 15:00:00,112.5,1,1
2024-01-23 16:00:00,163.5,1,1
2024-01-23 17:00:00,237.0,1,1
2024-01-23 18:00:00,328.5,1,1
2024-01-23 19:00:00,322.5,1,1
2024-01-23 20:00:00,334.5,1,1
2024-01-23 21:00:00,351.0,1,1
2024-01-23 22:00:00,339.0,1,1
2024-01-23 23:00:00,345.0,1,1
2024-01-24 00:00:00,336.0,2,1
2024-01-24 01:00:00,340.5,2,1
2024-01-24 02:00:00,336.0,2,1
2024-01-24 03:00:00,328.5,2,1
2024-01-24 04:00:00,336.0,2,1
2024-01-24 05:00:00,331.5,2,1
2024-01-24 06:00:00,318.0,2,1
2024-01-24 07:00:00,204.0,2,1
2024-01-24 08:00:00,45.0,2,1
2024-01-24 09:00:00,28.5,2,1
2024-01-24 10:00:00,0.0,2,1
2024-01-24 11:00:00,9.0,2,1
2024-01-24 12:00:00,21.0,2,1
2024-01-24 13:00:00,15.0,2,1
2024-01-24 14:00:00,18.0,2,1
2024-01-24 15:00:00,42.0,2,1
2024-01-24 16:00:00,99.0,2,1
2024-01-24 17:00:00,247.5,2,1
2024-01-24 18:00:00,315.0,2,1
2024-01-24 19:00:00,315.0,2,1
2024-01-24 20:00:00,342.0,2,1
2024-01-24 21:00:00,354.0,2,1
2024-01-24 22:00:00,340.5,2,1
2024-01-24 23:00:00,340.5,2,1
2024-01-25 00:00:00,334.5,3,1
2024-01-25 01:00:00,351.0,3,1
2024-01-25 02:00:00,349.5,3,1
2024-01-25 03:00:00,345.0,3,1
2024-01-25 04:00:00,333.0,3,1
2024-01-25 05:00:00,321.0,3,1
2024-01-25 06:00:00,318.0,3,1
2024-01-25 07:00:00,300.0,3,1
2024-01-25 08:00:00,310.5,3,1
2024-01-25 09:00:00,151.5,3,1
2024-01-25 10:00:00,30.0,3,1
2024-01-25 11:00:00,19.5,3,1
2024-01-25 12:00:00,1.5,3,1
2024-01-25 13:00:00,7.5,3,1
2024-01-25 14:00:00,12.0,3,1
2024-01-25 15:00:00,52.5,3,1
2024-01-25 16:00:00,117.0,3,1
2024-01-25 17:00:00,249.0,3,1
2024-01-25 18:00:00,324.0,3,1
2024-01-25 19:00:00,327.0,3,1
2024-01-25 20:00:00,331.5,3,1
2024-01-25 21:00:00,337.5,3,1
2024-01-25 22:00:00,340.5,3,1
2024-01-25 23:00:00,325.5,3,1
2024-01-26 00:00:00,318.0,4,1
2024-01-26 01:00:00,340.5,4,1
2024-01-26 02:00:00,340.5,4,1
2024-01-26 03:00:00,336.0,4,1
2024-01-26 04:00:00,336.0,4,1
2024-01-26 05:00:00,429.0,4,1
2024-01-26 06:00:00,469.5,4,1
2024-01-26 07:00:00,376.5,4,1
2024-01-26 08:00:00,282.0,4,1
2024-01-26 09:00:00,180.0,4,1
2024-01-26 10:00:00,22.5,4,1
2024-01-26 11:00:00,69.0,4,1
2024-01-26 12:00:00,15.0,4,1
2024-01-26 13:00:00,30.0,4,1
2024-01-26 14:00:00,51.0,4,1
2024-01-26 15:00:00,105.0,4,1
2024-01-26 16:00:00,238.5,4,1
2024-01-26 17:00:00,565.5,4,1
2024-01-26 18:00:00,639.0,4,1
2024-01-26 19:00:00,574.5,4,1
2024-01-26 20:00:00,1041.0,4,1
2024-01-26 21:00:00,2394.0,4,1
2024-01-26 22:00:00,2401.5,4,1
2024-01-26 23:00:00,2494.5,4,1
2024-01-27 00:00:00,2710.5,5,1
2024-01-27 01:00:00,2799.0,5,1
2024-01-27 02:00:00,2784.0,5,1
2024-01-27 03:00:00,1335.0,5,1
2024-01-27 04:00:00,585.0,5,1
2024-01-27 05:00:00,600.0,5,1
2024-01-27 06:00:00,985.5,5,1
2024-01-27 07:00:00,906.0,5,1
2024-01-27 08:00:00,1668.0,5,1
2024-01-27 09:00:00,1272.0,5,1
2024-01-27 10:00:00,1255.5,5,1
2024-01-27 11:00:00,1573.5,5,1
2024-01-27 12:00:00,846.0,5,1
2024-01-27 13:00:00,468.0,5,1
2024-01-27 14:00:00,780.0,5,1
2024-01-27 15:00:00,1255.5,5,1
2024-01-27 16:00:00,1350.0,5,1
2024-01-27 17:00:00,1060.5,5,1
2024-01-27 18:00:00,954.0,5,1
2024-01-27 19:00:00,919.5,5,1
2024-01-27 20:00:00,894.0,5,1
2024-01-27 21:00:00,1296.0,5,1
2024-01-27 22:00:00,885.0,5,1
2024-01-27 23:00:00,1872.0,5,1
2024-01-28 00:00:00,1551.0,6,1
2024-01-28 01:00:00,2088.0,6,1
2024-01-28 02:00:00,1486.5,6,1
2024-01-28 03:00:00,1771.5,6,1
2024-01-28 04:00:00,2289.0,6,1
2024-01-28 05:00:00,1170.0,6,1
2024-01-28 06:00:00,1134.0,6,1
2024-01-28 07:00:00,1612.5,6,1
2024-01-28 08:00:00,1458.0,6,1
2024-01-28 09:00:00,2058.0,6,1
2024-01-28 10:00:00,1836.0,6,1
2024-01-28 11:00:00,1605.0,6,1
2024-01-28 12:00:00,1134.0,6,1
2024-01-28 13:00:00,1035.0,6,1
2024-01-28 14:00:00,1293.0,6,1
2024-01-28 15:00:00,1365.0,6,1
2024-01-28 16:00:00,1834.5,6,1
2024-01-28 17:00:00,2229.0,6,1
2024-01-28 18:00:00,2442.0,6,1
2024-01-28 19:00:00,2439.0,6,1
2024-01-28 20:00:00,2394.0,6,1
2024-01-28 21:00:00,2421.0,6,1
2024-01-28 22:00:00,3087.0,6,1
2024-01-28 23:00:00,2931.0,6,1
2024-01-29 00:00:00,2448.0,0,1
2024-01-29 01:00:00,2529.0,0,1
2024-01-29 02:00:00,2626.5,0,1
2024-01-29 03:00:00,2728.5,0,1
2024-01-29 04:00:00,2862.0,0,1
2024-01-29 05:00:00,2952.0,0,1
2024-01-29 06:00:00,2824.5,0,1
2024-01-29 07:00:00,2674.5,0,1
2024-01-29 08:00:00,2503.5,0,1
2024-01-29 09:00:00,2304.0,0,1
2024-01-29 10:00:00,2055.0,0,1
2024-01-29 11:00:00,1755.0,0,1
2024-01-29 12:00:00,1518.0,0,1
2024-01-29 13:00:00,1704.0,0,1
2024-01-29 14:00:00,1932.0,0,1
2024-01-29 15:00:00,2296.5,0,1
2024-01-29 16:00:00,2535.0,0,1
2024-01-29 17:00:00,2766.0,0,1
2024-01-29 18:00:00,2689.5,0,1
2024-01-29 19:00:00,3015.0,0,1
2024-01-29 20:00:00,2967.0,0,1
2024-01-29 21:00:00,3024.0,0,1
2024-01-29 22:00:00,3046.5,0,1
2024-01-29 23:00:00,2989.5,0,1
2024-01-30 00:00:00,3052.5,1,1
2024-01-30 01:00:00,2925.0,1,1
2024-01-30 02:00:00,2983.5,1,1
2024-01-30 03:00:00,2926.5,1,1
2024-01-30 04:00:00,2908.5,1,1
2024-01-30 05:00:00,2692.5,1,1
2024-01-30 06:00:00,2937.0,1,1
2024-01-30 07:00:00,2550.0,1,1
2024-01-30 08:00:00,1990.5,1,1
2024-01-30 09:00:00,1956.0,1,1
2024-01-30 10:00:00,1744.5,1,1
2024-01-30 11:00:00,1638.0,1,1
2024-01-30 12:00:00,1452.0,1,1
2024-01-30 13:00:00,1620.0,1,1
2024-01-30 14:00:00,1821.0,1,1
2024-01-30 15:00:00,2281.5,1,1
2024-01-30 16:00:00,2646.0,1,1
2024-01-30 17:00:00,2827.5,1,1
2024-01-30 18:00:00,2788.5,1,1
2024-01-30 19:00:00,2779.5,1,1
2024-01-30 20:00:00,2430.0,1,1
2024-01-30 21:00:00,2887.5,1,1
2024-01-30 22:00:00,2907.0,1,1
2024-01-30 23:00:00,1963.5,1,1
2024-01-31 00:00:00,2247.0,2,1
2024-01-31 01:00:00,1542.0,2,1
2024-01-31 02:00:00,2730.0,2,1
2024-01-31 03:00:00,2500.5,2,1
2024-01-31 04:00:00,1548.0,2,1
2024-01-31 05:00:00,2727.0,2,1
2024-01-31 06:00:00,2073.0,2,1
2024-01-31 07:00:00,2025.0,2,1
2024-01-31 08:00:00,2223.0,2,1
2024-01-31 09:00:00,474.0,2,1
2024-01-31 10:00:00,1419.0,2,1
2024-01-31 11:00:00,1197.0,2,1
2024-01-31 12:00:00,1587.0,2,1
2024-01-31 13:00:00,1722.0,2,1
2024-01-31 14:00:00,1944.0,2,1
2024-01-31 15:00:00,1671.0,2,1
2024-01-31 16:00:00,2067.0,2,1
2024-01-31 17:00:00,2785.5,2,1
2024-01-31 18:00:00,2964.0,2,1
2024-01-31 19:00:00,2703.0,2,1
2024-01-31 20:00:00,2254.5,2,1
2024-01-31 21:00:00,2908.5,2,1
2024-01-31 22:00:00,2895.0,2,1
2024-01-31 23:00:00,2391.0,2,1
2024-02-01 00:00:00,2856.0,3,2
2024-02-01 01:00:00,2679.0,3,2
2024-02-01 02:00:00,1684.5,3,2
2024-02-01 03:00:00,1189.5,3,2
2024-02-01 04:00:00,1468.5,3,2
2024-02-01 05:00:00,2548.5,3,2
2024-02-01 06:00:00,1750.5,3,2
2024-02-01 07:00:00,870.0,3,2
2024-02-01 08:00:00,75.0,3,2
2024-02-01 09:00:00,18.0,3,2
2024-02-01 10:00:00,18.0,3,2
2024-02-01 11:00:00,16.5,3,2
2024-02-01 12:00:00,12.0,3,2
2024-02-01 13:00:00,10.5,3,2
2024-02-01 14:00:00,7.5,3,2
2024-02-01 15:00:00,0.0,3,2
2024-02-01 16:00:00,30.0,3,2
2024-02-01 17:00:00,237.0,3,2
2024-02-01 18:00:00,355.5,3,2
2024-02-01 19:00:00,385.5,3,2
2024-02-01 20:00:00,417.0,3,2
2024-02-01 21:00:00,520.5,3,2
2024-02-01 22:00:00,1159.5,3,2
2024-02-01 23:00:00,1891.5,3,2
2024-02-02 00:00:00,1656.0,4,2
2024-02-02 01:00:00,1530.0,4,2
2024-02-02 02:00:00,1699.5,4,2
2024-02-02 03:00:00,1858.5,4,2
2024-02-02 04:00:00,1872.0,4,2
2024-02-02 05:00:00,1612.5,4,2
2024-02-02 06:00:00,1836.0,4,2
2024-02-02 07:00:00,1540.5,4,2
2024-02-02 08:00:00,1299.0,4,2
2024-02-02 09:00:00,1074.0,4,2
2024-02-02 10:00:00,912.0,4,2
2024-02-02 11:00:00,817.5,4,2
2024-02-02 12:00:00,858.0,4,2
2024-02-02 13:00:00,693.0,4,2
2024-02-02 14:00:00,453.0,4,2
2024-02-02 15:00:00,685.5,4,2
2024-02-02 16:00:00,850.5,4,2
2024-02-02 17:00:00,1189.5,4,2
2024-02-02 18:00:00,1260.0,4,2
2024-02-02 19:00:00,1120.5,4,2
2024-02-02 20:00:00,1849.5,4,2
2024-02-02 21:00:00,2025.0,4,2
2024-02-02 22:00:00,1980.0,4,2
2024-02-02 23:00:00,2041.5,4,2
2024-02-03 00:00:00,1930.5,5,2
2024-02-03 01:00:00,1969.5,5,2
2024-02-03 02:00:00,1939.5,5,2
2024-02-03 03:00:00,2007.0,5,2
2024-02-03 04:00:00,1872.0,5,2
2024-02-03 05:00:00,1927.5,5,2
2024-02-03 06:00:00,2131.5,5,2
2024-02-03 07:00:00,2193.0,5,2
2024-02-03 08:00:00,2121.0,5,2
2024-02-03 09:00:00,1794.0,5,2
2024-02-03 10:00:00,2046.0,5,2
2024-02-03 11:00:00,1957.5,5,2
2024-02-03 12:00:00,2224.5,5,2
2024-02-03 13:00:00,2037.0,5,2
2024-02-03 14:00:00,2601.0,5,2
2024-02-03 15:00:00,3397.5,5,2
2024-02-03 16:00:00,3747.0,5,2
2024-02-03 17:00:00,3717.0,5,2
2024-02-03 18:00:00,3576.0,5,2
2024-02-03 19:00:00,3912.0,5,2
2024-02-03 20:00:00,3288.0,5,2
2024-02-03 21:00:00,3294.0,5,2
2024-02-03 22:00:00,3823.5,5,2
2024-02-03 23:00:00,3567.0,5,2
2024-02-04 00:00:00,3909.0,6,2
2024-02-04 01:00:00,3954.0,6,2
2024-02-04 02:00:00,3673.5,6,2
2024-02-04 03:00:00,4000.5,6,2
2024-02-04 04:00:00,4008.0,6,2
2024-02-04 05:00:00,3829.5,6,2
2024-02-04 06:00:00,4167.0,6,2
2024-02-04 07:00:00,3702.0,6,2
2024-02-04 08:00:00,2733.0,6,2
2024-02-04 09:00:00,2107.5,6,2
2024-02-04 10:00:00,2262.0,6,2
2024-02-04 11:00:00,2064.0,6,2
2024-02-04 12:00:00,2137.5,6,2
2024-02-04 13:00:00,2352.0,6,2
2024-02-04 14:00:00,2445.0,6,2
2024-02-04 15:00:00,2542.5,6,2
2024-02-04 16:00:00,3667.5,6,2
2024-02-04 17:00:00,3720.0,6,2
2024-02-04 18:00:00,4068.0,6,2
2024-02-04 19:00:00,4168.5,6,2
2024-02-04 20:00:00,4440.0,6,2
2024-02-04 21:00:00,4371.0,6,2
2024-02-04 22:00:00,4224.0,6,2
2024-02-04 23:00:00,3796.5,6,2
2024-02-05 00:00:00,4242.0,0,2
2024-02-05 01:00:00,3873.0,0,2
2024-02-05 02:00:00,2868.0,0,2
2024-02-05 03:00:00,2821.5,0,2
2024-02-05 04:00:00,2821.5,0,2
2024-02-05 05:00:00,2550.0,0,2
2024-02-05 06:00:00,2334.0,0,2
2024-02-05 07:00:00,928.5,0,2
2024-02-05 08:00:00,28.5,0,2
2024-02-05 09:00:00,10.5,0,2
2024-02-05 10:00:00,12.0,0,2
2024-02-05 11:00:00,12.0,0,2
2024-02-05 12:00:00,0.0,0,2
2024-02-05 13:00:00,76.5,0,2
2024-02-05 14:00:00,18.0,0,2
2024-02-05 15:00:00,52.5,0,2
2024-02-05 16:00:00,73.5,0,2
2024-02-05 17:00:00,204.0,0,2
2024-02-05 18:00:00,316.5,0,2
2024-02-05 19:00:00,318.0,0,2
2024-02-05 20:00:00,340.5,0,2
2024-02-05 21:00:00,348.0,0,2
2024-02-05 22:00:00,363.0,0,2
2024-02-05 23:00:00,357.0,0,2
2024-02-06 00:00:00,324.0,1,2
2024-02-06 01:00:00,343.5,1,2
2024-02-06 02:00:00,327.0,1,2
2024-02-06 03:00:00,322.5,1,2
2024-02-06 04:00:00,310.5,1,2
2024-02-06 05:00:00,411.0,1,2
2024-02-06 06:00:00,409.5,1,2
2024-02-06 07:00:00,298.5,1,2
2024-02-06 08:00:00,115.5,1,2
2024-02-06 09:00:00,27.0,1,2
2024-02-06 10:00:00,18.0,1,2
2024-02-06 11:00:00,9.0,1,2
2024-02-06 12:00:00,0.0,1,2
2024-02-06 13:00:00,19.5,1,2
2024-02-06 14:00:00,13.5,1,2
2024-02-06 15:00:00,10.5,1,2
2024-02-06 16:00:00,96.0,1,2
2024-02-06 17:00:00,193.5,1,2
2024-02-06 18:00:00,253.5,1,2
2024-02-06 19:00:00,259.5,1,2
2024-02-06 20:00:00,324.0,1,2
2024-02-06 21:00:00,325.5,1,2
2024-02-06 22:00:00,330.0,1,2
2024-02-06 23:00:00,336.0,1,2
2024-02-07 00:00:00,295.5,2,2
2024-02-07 01:00:00,319.5,2,2
2024-02-07 02:00:00,304.5,2,2
2024-02-07 03:00:00,286.5,2,2
2024-02-07 04:00:00,283.5,2,2
2024-02-07 05:00:00,307.5,2,2
2024-02-07 06:00:00,685.5,2,2
2024-02-07 07:00:00,879.0,2,2
2024-02-07 08:00:00,982.5,2,2
2024-02-07 09:00:00,822.0,2,2
2024-02-07 10:00:00,601.5,2,2
2024-02-07 11:00:00,213.0,2,2
2024-02-07 12:00:00,222.0,2,2
2024-02-07 13:00:00,276.0,2,2
2024-02-07 14:00:00,555.0,2,2
2024-02-07 15:00:00,810.0,2,2
2024-02-07 16:00:00,1327.5,2,2
2024-02-07 17:00:00,1909.5,2,2
2024-02-07 18:00:00,2032.5,2,2
2024-02-07 19:00:00,1950.0,2,2
2024-02-07 20:00:00,1927.5,2,2
2024-02-07 21:00:00,2095.5,2,2
2024-02-07 22:00:00,1971.0,2,2
2024-02-07 23:00:00,1960.5,2,2
2024-02-08 00:00:00,1981.5,3,2
2024-02-08 01:00:00,2029.5,3,2
2024-02-08 02:00:00,1966.5,3,2
2024-02-08 03:00:00,1992.0,3,2
2024-02-08 04:00:00,1920.0,3,2
2024-02-08 05:00:00,2005.5,3,2
2024-02-08 06:00:00,1825.5,3,2
2024-02-08 07:00:00,1896.0,3,2
2024-02-08 08:00:00,1473.0,3,2
2024-02-08 09:00:00,1176.0,3,2
2024-02-08 10:00:00,729.0,3,2
2024-02-08 11:00:00,597.0,3,2
2024-02-08 12:00:00,832.5,3,2
2024-02-08 13:00:00,702.0,3,2
2024-02-08 14:00:00,510.0,3,2
2024-02-08 15:00:00,648.0,3,2
2024-02-08 16:00:00,1666.5,3,2
2024-02-08 17:00:00,1918.5,3,2
2024-02-08 18:00:00,2037.0,3,2
2024-02-08 19:00:00,2191.5,3,2
2024-02-08 20:00:00,2179.5,3,2
2024-02-08 21:00:00,2166.0,3,2
2024-02-08 22:00:00,2044.5,3,2
2024-02-08 23:00:00,2037.0,3,2
2024-02-09 00:00:00,2007.0,4,2
2024-02-09 01:00:00,2056.5,4,2
2024-02-09 02:00:00,1990.5,4,2
2024-02-09 03:00:00,2031.0,4,2
2024-02-09 04:00:00,2017.5,4,2
2024-02-09 05:00:00,1950.0,4,2
2024-02-09 06:00:00,1881.0,4,2
2024-02-09 07:00:00,1810.5,4,2
2024-02-09 08:00:00,1236.0,4,2
2024-02-09 09:00:00,1251.0,4,2
2024-02-09 10:00:00,981.0,4,2
2024-02-09 11:00:00,858.0,4,2
2024-02-09 12:00:00,1000.5,4,2
2024-02-09 13:00:00,1012.5,4,2
2024-02-09 14:00:00,1009.5,4,2
2024-02-09 15:00:00,1164.0,4,2
2024-02-09 16:00:00,1495.5,4,2
2024-02-09 17:00:00,1807.5,4,2
2024-02-09 18:00:00,1893.0,4,2
2024-02-09 19:00:00,1986.0,4,2
2024-02-09 20:00:00,2035.5,4,2
2024-02-09 21:00:00,1935.0,4,2
2024-02-09 22:00:00,1549.5,4,2
2024-02-09 23:00:00,1825.5,4,2
2024-02-10 00:00:00,1752.0,5,2
2024-02-10 01:00:00,1878.0,5,2
2024-02-10 02:00:00,1902.0,5,2
2024-02-10 03:00:00,1887.0,5,2
2024-02-10 04:00:00,1881.0,5,2
2024-02-10 05:00:00,2029.5,5,2
2024-02-10 06:00:00,1935.0,5,2
2024-02-10 07:00:00,1878.0,5,2
2024-02-10 08:00:00,1630.5,5,2
2024-02-10 09:00:00,1365.0,5,2
2024-02-10 10:00:00,1035.0,5,2
2024-02-10 11:00:00,742.5,5,2
2024-02-10 12:00:00,895.5,5,2
2024-02-10 13:00:00,790.5,5,2
2024-02-10 14:00:00,1080.0,5,2
2024-02-10 15:00:00,1446.0,5,2
2024-02-10 16:00:00,1801.5,5,2
2024-02-10 17:00:00,2110.5,5,2
2024-02-10 18:00:00,2169.0,5,2
2024-02-10 19:00:00,2127.0,5,2
2024-02-10 20:00:00,2263.5,5,2
2024-02-10 21:00:00,2182.5,5,2
2024-02-10 22:00:00,2100.0,5,2
2024-02-10 23:00:00,2355.0,5,2
2024-02-11 00:00:00,2154.0,6,2
2024-02-11 01:00:00,2526.0,6,2
2024-02-11 02:00:00,2476.5,6,2
2024-02-11 03:00:00,2172.0,6,2
2024-02-11 04:00:00,2406.0,6,2
2024-02-11 05:00:00,2299.5,6,2
2024-02-11 06:00:00,2133.0,6,2
2024-02-11 07:00:00,1882.5,6,2
2024-02-11 08:00:00,1237.5,6,2
2024-02-11 09:00:00,1093.5,6,2
2024-02-11 10:00:00,957.0,6,2
2024-02-11 11:00:00,883.5,6,2
2024-02-11 12:00:00,894.0,6,2
2024-02-11 13:00:00,894.0,6,2
2024-02-11 14:00:00,976.5,6,2
2024-02-11 15:00:00,1194.0,6,2
2024-02-11 16:00:00,1426.5,6,2
2024-02-11 17:00:00,1858.5,6,2
2024-02-11 18:00:00,2001.0,6,2
2024-02-11 19:00:00,1971.0,6,2
2024-02-11 20:00:00,1953.0,6,2
2024-02-11 21:00:00,1918.5,6,2
2024-02-11 22:00:00,1825.5,6,2
2024-02-11 23:00:00,2017.5,6,2
2024-02-12 00:00:00,1974.0,0,2
2024-02-12 01:00:00,1960.5,0,2
2024-02-12 02:00:00,1962.0,0,2
2024-02-12 03:00:00,1459.5,0,2
2024-02-12 04:00:00,757.5,0,2
2024-02-12 05:00:00,375.0,0,2
2024-02-12 06:00:00,348.0,0,2
2024-02-12 07:00:00,192.0,0,2
2024-02-12 08:00:00,18.0,0,2
2024-02-12 09:00:00,6.0,0,2
2024-02-12 10:00:00,6.0,0,2
2024-02-12 11:00:00,0.0,0,2
2024-02-12 12:00:00,0.0,0,2
2024-02-12 13:00:00,0.0,0,2
2024-02-12 14:00:00,0.0,0,2
2024-02-12 15:00:00,3.0,0,2
2024-02-12 16:00:00,114.0,0,2
2024-02-12 17:00:00,289.5,0,2
2024-02-12 18:00:00,402.0,0,2
2024-02-12 19:00:00,369.0,0,2
2024-02-12 20:00:00,375.0,0,2
2024-02-12 21:00:00,367.5,0,2
2024-02-12 22:00:00,363.0,0,2
2024-02-12 23:00:00,351.0,0,2
2024-02-13 00:00:00,352.5,1,2
2024-02-13 01:00:00,354.0,1,2
2024-02-13 02:00:00,319.5,1,2
2024-02-13 03:00:00,330.0,1,2
2024-02-13 04:00:00,345.0,1,2
2024-02-13 05:00:00,360.0,1,2
2024-02-13 06:00:00,619.5,1,2
2024-02-13 07:00:00,1683.0,1,2
2024-02-13 08:00:00,2260.5,1,2
2024-02-13 09:00:00,2164.5,1,2
2024-02-13 10:00:00,2148.0,1,2
2024-02-13 11:00:00,1533.0,1,2
2024-02-13 12:00:00,1434.0,1,2
2024-02-13 13:00:00,2055.0,1,2
2024-02-13 14:00:00,1860.0,1,2
2024-02-13 15:00:00,1419.0,1,2
2024-02-13 16:00:00,2325.0,1,2
2024-02-13 17:00:00,2673.0,1,2
2024-02-13 18:00:00,2416.5,1,2
2024-02-13 19:00:00,2826.0,1,2
2024-02-13 20:00:00,2653.5,1,2
2024-02-13 21:00:00,2446.5,1,2
2024-02-13 22:00:00,2517.0,1,2
2024-02-13 23:00:00,2751.0,1,2
2024-02-14 00:00:00,2748.0,2,2
2024-02-14 01:00:00,2641.5,2,2
2024-02-14 02:00:00,2562.0,2,2
2024-02-14 03:00:00,2668.5,2,2
2024-02-14 04:00:00,2062.5,2,2
2024-02-14 05:00:00,2674.5,2,2
2024-02-14 06:00:00,2928.0,2,2
2024-02-14 07:00:00,3418.5,2,2
2024-02-14 08:00:00,2899.5,2,2
2024-02-14 09:00:00,2769.0,2,2
2024-02-14 10:00:00,2556.0,2,2
2024-02-14 11:00:00,2262.0,2,2
2024-02-14 12:00:00,2181.0,2,2
2024-02-14 13:00:00,2295.0,2,2
2024-02-14 14:00:00,2116.5,2,2
2024-02-14 15:00:00,1743.0,2,2
2024-02-14 16:00:00,2637.0,2,2
2024-02-14 17:00:00,3262.5,2,2
2024-02-14 18:00:00,3460.5,2,2
2024-02-14 19:00:00,3487.5,2,2
2024-02-14 20:00:00,3577.5,2,2
2024-02-14 21:00:00,3669.0,2,2
2024-02-14 22:00:00,3660.0,2,2
2024-02-14 23:00:00,3387.0,2,2
2024-02-15 00:00:00,3132.0,3,2
2024-02-15 01:00:00,3241.5,3,2
2024-02-15 02:00:00,3357.0,3,2
2024-02-15 03:00:00,3475.5,3,2
2024-02-15 04:00:00,2877.0,3,2
2024-02-15 05:00:00,2824.5,3,2
2024-02-15 06:00:00,3159.0,3,2
2024-02-15 07:00:00,2985.0,3,2
2024-02-15 08:00:00,2236.5,3,2
2024-02-15 09:00:00,2125.5,3,2
2024-02-15 10:00:00,1405.5,3,2
2024-02-15 11:00:00,1993.5,3,2
2024-02-15 12:00:00,2202.0,3,2
2024-02-15 13:00:00,1587.0,3,2
2024-02-15 14:00:00,1849.5,3,2
2024-02-15 15:00:00,2845.5,3,2
2024-02-15 16:00:00,3370.5,3,2
2024-02-15 17:00:00,3678.0,3,2
2024-02-15 18:00:00,3769.5,3,2
2024-02-15 19:00:00,3555.0,3,2
2024-02-15 20:00:00,3318.0,3,2
2024-02-15 21:00:00,2815.5,3,2
2024-02-15 22:00:00,3817.5,3,2
2024-02-15 23:00:00,4531.5,3,2
2024-02-16 00:00:00,4465.5,4,2
2024-02-16 01:00:00,4413.0,4,2
2024-02-16 02:00:00,4246.5,4,2
2024-02-16 03:00:00,4426.5,4,2
2024-02-16 04:00:00,4098.0,4,2
2024-02-16 05:00:00,4266.0,4,2
2024-02-16 06:00:00,4288.5,4,2
2024-02-16 07:00:00,3850.5,4,2
2024-02-16 08:00:00,3307.5,4,2
2024-02-16 09:00:00,2836.5,4,2
2024-02-16 10:00:00,2310.0,4,2
2024-02-16 11:00:00,2004.0,4,2
2024-02-16 12:00:00,2115.0,4,2
2024-02-16 13:00:00,2211.0,4,2
2024-02-16 14:00:00,2253.0,4,2
2024-02-16 15:00:00,2476.5,4,2
2024-02-16 16:00:00,3217.5,4,2
2024-02-16 17:00:00,3759.0,4,2
2024-02-16 18:00:00,4099.5,4,2
2024-02-16 19:00:00,4417.5,4,2
2024-02-16 20:00:00,4347.0,4,2
2024-02-16 21:00:00,4530.0,4,2
2024-02-16 22:00:00,4177.5,4,2
2024-02-16 23:00:00,4195.5,4,2
2024-02-17 00:00:00,4300.5,5,2
2024-02-17 01:00:00,4011.0,5,2
2024-02-17 02:00:00,3655.5,5,2
2024-02-17 03:00:00,2961.0,5,2
2024-02-17 04:00:00,2869.5,5,2
2024-02-17 05:00:00,2800.5,5,2
2024-02-17 06:00:00,2691.0,5,2
2024-02-17 07:00:00,1902.0,5,2
2024-02-17 08:00:00,1512.0,5,2
2024-02-17 09:00:00,1575.0,5,2
2024-02-17 10:00:00,1194.0,5,2
2024-02-17 11:00:00,988.5,5,2
2024-02-17 12:00:00,1102.5,5,2
2024-02-17 13:00:00,1546.5,5,2
2024-02-17 14:00:00,1591.5,5,2
2024-02-17 15:00:00,1881.0,5,2
2024-02-17 16:00:00,2140.5,5,2
2024-02-17 17:00:00,2283.0,5,2
2024-02-17 18:00:00,2145.0,5,2
2024-02-17 19:00:00,1825.5,5,2
2024-02-17 20:00:00,2583.0,5,2
2024-02-17 21:00:00,2586.0,5,2
2024-02-17 22:00:00,2373.0,5,2
2024-02-17 23:00:00,2227.5,5,2
2024-02-18 00:00:00,2202.0,6,2
2024-02-18 01:00:00,2472.0,6,2
2024-02-18 02:00:00,2367.0,6,2
2024-02-18 03:00:00,2359.5,6,2
2024-02-18 04:00:00,2151.0,6,2
2024-02-18 05:00:00,2410.5,6,2
2024-02-18 06:00:00,2464.5,6,2
2024-02-18 07:00:00,1951.5,6,2
2024-02-18 08:00:00,1782.0,6,2
2024-02-18 09:00:00,1638.0,6,2
2024-02-18 10:00:00,1383.0,6,2
2024-02-18 11:00:00,1162.5,6,2
2024-02-18 12:00:00,1036.5,6,2
2024-02-18 13:00:00,1030.5,6,2
2024-02-18 14:00:00,1152.0,6,2
2024-02-18 15:00:00,1896.0,6,2
2024-02-18 16:00:00,1921.5,6,2
2024-02-18 17:00:00,2295.0,6,2
2024-02-18 18:00:00,2016.0,6,2
2024-02-18 19:00:00,1975.5,6,2
2024-02-18 20:00:00,2436.0,6,2
2024-02-18 21:00:00,2631.0,6,2
2024-02-18 22:00:00,2464.5,6,2
2024-02-18 23:00:00,2034.0,6,2
2024-02-19 00:00:00,2020.5,0,2
2024-02-19 01:00:00,2281.5,0,2
2024-02-19 02:00:00,2392.5,0,2
2024-02-19 03:00:00,2001.0,0,2
2024-02-19 04:00:00,1990.5,0,2
2024-02-19 05:00:00,2154.0,0,2
2024-02-19 06:00:00,1954.5,0,2
2024-02-19 07:00:00,1681.5,0,2
2024-02-19 08:00:00,1338.0,0,2
2024-02-19 09:00:00,808.5,0,2
2024-02-19 10:00:00,636.0,0,2
2024-02-19 11:00:00,910.5,0,2
2024-02-19 12:00:00,910.5,0,2
2024-02-19 13:00:00,1024.5,0,2
2024-02-19 14:00:00,1267.5,0,2
2024-02-19 15:00:00,1333.5,0,2
2024-02-19 16:00:00,1510.5,0,2
2024-02-19 17:00:00,1713.0,0,2
2024-02-19 18:00:00,2017.5,0,2
2024-02-19 19:00:00,1870.5,0,2
2024-02-19 20:00:00,2034.0,0,2
2024-02-19 21:00:00,2121.0,0,2
2024-02-19 22:00:00,2314.5,0,2
2024-02-19 23:00:00,2437.5,0,2
2024-02-20 00:00:00,1935.0,1,2
2024-02-20 01:00:00,1878.0,1,2
2024-02-20 02:00:00,2530.5,1,2
2024-02-20 03:00:00,2337.0,1,2
2024-02-20 04:00:00,2209.5,1,2
2024-02-20 05:00:00,2055.0,1,2
2024-02-20 06:00:00,2301.0,1,2
2024-02-20 07:00:00,1725.0,1,2
2024-02-20 08:00:00,1357.5,1,2
2024-02-20 09:00:00,1044.0,1,2
2024-02-20 10:00:00,948.0,1,2
2024-02-20 11:00:00,966.0,1,2
2024-02-20 12:00:00,982.5,1,2
2024-02-20 13:00:00,1110.0,1,2
2024-02-20 14:00:00,1227.0,1,2
2024-02-20 15:00:00,1503.0,1,2
2024-02-20 16:00:00,1657.5,1,2
2024-02-20 17:00:00,1828.5,1,2
2024-02-20 18:00:00,2029.5,1,2
2024-02-20 19:00:00,2070.0,1,2
2024-02-20 20:00:00,1893.0,1,2
2024-02-20 21:00:00,2184.0,1,2
2024-02-20 22:00:00,1686.0,1,2
2024-02-20 23:00:00,1623.0,1,2
2024-02-21 00:00:00,2293.5,2,2
2024-02-21 01:00:00,2320.5,2,2
2024-02-21 02:00:00,2383.5,2,2
2024-02-21 03:00:00,2103.0,2,2
2024-02-21 04:00:00,1840.5,2,2
2024-02-21 05:00:00,2308.5,2,2
2024-02-21 06:00:00,1713.0,2,2
2024-02-21 07:00:00,672.0,2,2
2024-02-21 08:00:00,121.5,2,2
2024-02-21 09:00:00,6.0,2,2
2024-02-21 10:00:00,7.5,2,2
2024-02-21 11:00:00,6.0,2,2
2024-02-21 12:00:00,22.5,2,2
2024-02-21 13:00:00,12.0,2,2
2024-02-21 14:00:00,73.5,2,2
2024-02-21 15:00:00,115.5,2,2
2024-02-21 16:00:00,252.0,2,2
2024-02-21 17:00:00,388.5,2,2
2024-02-21 18:00:00,433.5,2,2
2024-02-21 19:00:00,442.5,2,2
2024-02-21 20:00:00,451.5,2,2
2024-02-21 21:00:00,837.0,2,2
2024-02-21 22:00:00,939.0,2,2
2024-02-21 23:00:00,945.0,2,2
2024-02-22 00:00:00,774.0,3,2
2024-02-22 01:00:00,448.5,3,2
2024-02-22 02:00:00,432.0,3,2
2024-02-22 03:00:00,438.0,3,2
2024-02-22 04:00:00,447.0,3,2
2024-02-22 05:00:00,450.0,3,2
2024-02-22 06:00:00,459.0,3,2
2024-02-22 07:00:00,679.5,3,2
2024-02-22 08:00:00,883.5,3,2
2024-02-22 09:00:00,1134.0,3,2
2024-02-22 10:00:00,990.0,3,2
2024-02-22 11:00:00,876.0,3,2
2024-02-22 12:00:00,870.0,3,2
2024-02-22 13:00:00,975.0,3,2
2024-02-22 14:00:00,1045.5,3,2
2024-02-22 15:00:00,1248.0,3,2
2024-02-22 16:00:00,1576.5,3,2
2024-02-22 17:00:00,1887.0,3,2
2024-02-22 18:00:00,2052.0,3,2
2024-02-22 19:00:00,2080.5,3,2
2024-02-22 20:00:00,2118.0,3,2
2024-02-22 21:00:00,2115.0,3,2
2024-02-22 22:00:00,2067.0,3,2
2024-02-22 23:00:00,1911.0,3,2
2024-02-23 00:00:00,1980.0,4,2
2024-02-23 01:00:00,1951.5,4,2
2024-02-23 02:00:00,2007.0,4,2
2024-02-23 03:00:00,1965.0,4,2
2024-02-23 04:00:00,1827.0,4,2
2024-02-23 05:00:00,2074.5,4,2
2024-02-23 06:00:00,2053.5,4,2
2024-02-23 07:00:00,1821.0,4,2
2024-02-23 08:00:00,1393.5,4,2
2024-02-23 09:00:00,948.0,4,2
2024-02-23 10:00:00,1113.0,4,2
2024-02-23 11:00:00,835.5,4,2
2024-02-23 12:00:00,1084.5,4,2
2024-02-23 13:00:00,964.5,4,2
2024-02-23 14:00:00,1048.5,4,2
2024-02-23 15:00:00,1324.5,4,2
2024-02-23 16:00:00,1555.5,4,2
2024-02-23 17:00:00,1743.0,4,2
2024-02-23 18:00:00,1951.5,4,2
2024-02-23 19:00:00,2070.0,4,2
2024-02-23 20:00:00,2023.5,4,2
2024-02-23 21:00:00,2068.5,4,2
2024-02-23 22:00:00,2109.0,4,2
2024-02-23 23:00:00,2058.0,4,2
2024-02-24 00:00:00,2074.5,5,2
2024-02-24 01:00:00,1968.0,5,2
2024-02-24 02:00:00,2076.0,5,2
2024-02-24 03:00:00,2050.5,5,2
2024-02-24 04:00:00,1995.0,5,2
2024-02-24 05:00:00,1303.5,5,2
2024-02-24 06:00:00,1539.0,5,2
2024-02-24 07:00:00,1588.5,5,2
2024-02-24 08:00:00,1353.0,5,2
2024-02-24 09:00:00,1209.0,5,2
2024-02-24 10:00:00,1024.5,5,2
2024-02-24 11:00:00,886.5,5,2
2024-02-24 12:00:00,967.5,5,2
2024-02-24 13:00:00,922.5,5,2
2024-02-24 14:00:00,1191.0,5,2
2024-02-24 15:00:00,1378.5,5,2
2024-02-24 16:00:00,1467.0,5,2
2024-02-24 17:00:00,1770.0,5,2
2024-02-24 18:00:00,2020.5,5,2
2024-02-24 19:00:00,2014.5,5,2
2024-02-24 20:00:00,1911.0,5,2
2024-02-24 21:00:00,2106.0,5,2
2024-02-24 22:00:00,2001.0,5,2
2024-02-24 23:00:00,1948.5,5,2
2024-02-25 00:00:00,1957.5,6,2
2024-02-25 01:00:00,1882.5,6,2
2024-02-25 02:00:00,1753.5,6,2
2024-02-25 03:00:00,1707.0,6,2
2024-02-25 04:00:00,1954.5,6,2
2024-02-25 05:00:00,2029.5,6,2
2024-02-25 06:00:00,1993.5,6,2
2024-02-25 07:00:00,1764.0,6,2
2024-02-25 08:00:00,1492.5,6,2
2024-02-25 09:00:00,1246.5,6,2
2024-02-25 10:00:00,1002.0,6,2
2024-02-25 11:00:00,849.0,6,2
2024-02-25 12:00:00,744.0,6,2
2024-02-25 13:00:00,1153.5,6,2
2024-02-25 14:00:00,1117.5,6,2
2024-02-25 15:00:00,1326.0,6,2
2024-02-25 16:00:00,1149.0,6,2
2024-02-25 17:00:00,1263.0,6,2
2024-02-25 18:00:00,1363.5,6,2
2024-02-25 19:00:00,1471.5,6,2
2024-02-25 20:00:00,1782.0,6,2
2024-02-25 21:00:00,2046.0,6,2
2024-02-25 22:00:00,2094.0,6,2
2024-02-25 23:00:00,1944.0,6,2
2024-02-26 00:00:00,1927.5,0,2
2024-02-26 01:00:00,1186.5,0,2
2024-02-26 02:00:00,1080.0,0,2
2024-02-26 03:00:00,1087.5,0,2
2024-02-26 04:00:00,1083.0,0,2
2024-02-26 05:00:00,1099.5,0,2
2024-02-26 06:00:00,1057.5,0,2
2024-02-26 07:00:00,765.0,0,2
2024-02-26 08:00:00,33.0,0,2
2024-02-26 09:00:00,12.0,0,2
2024-02-26 10:00:00,12.0,0,2
2024-02-26 11:00:00,12.0,0,2
2024-02-26 12:00:00,0.0,0,2
2024-02-26 13:00:00,9.0,0,2
2024-02-26 14:00:00,10.5,0,2
2024-02-26 15:00:00,7.5,0,2
2024-02-26 16:00:00,12.0,0,2
2024-02-26 17:00:00,196.5,0,2
2024-02-26 18:00:00,321.0,0,2
2024-02-26 19:00:00,330.0,0,2
2024-02-26 20:00:00,337.5,0,2
2024-02-26 21:00:00,333.0,0,2
2024-02-26 22:00:00,310.5,0,2
2024-02-26 23:00:00,327.0,0,2
2024-02-27 00:00:00,315.0,1,2
2024-02-27 01:00:00,313.5,1,2
2024-02-27 02:00:00,292.5,1,2
2024-02-27 03:00:00,294.0,1,2
2024-02-27 04:00:00,295.5,1,2
2024-02-27 05:00:00,307.5,1,2
2024-02-27 06:00:00,277.5,1,2
2024-02-27 07:00:00,88.5,1,2
2024-02-27 08:00:00,13.5,1,2
2024-02-27 09:00:00,16.5,1,2
2024-02-27 10:00:00,9.0,1,2
2024-02-27 11:00:00,3.0,1,2
2024-02-27 12:00:00,0.0,1,2
2024-02-27 13:00:00,16.5,1,2
2024-02-27 14:00:00,18.0,1,2
2024-02-27 15:00:00,13.5,1,2
2024-02-27 16:00:00,147.0,1,2
2024-02-27 17:00:00,111.0,1,2
2024-02-27 18:00:00,292.5,1,2
2024-02-27 19:00:00,288.0,1,2
2024-02-27 20:00:00,298.5,1,2
2024-02-27 21:00:00,313.5,1,2
2024-02-27 22:00:00,286.5,1,2
2024-02-27 23:00:00,285.0,1,2
2024-02-28 00:00:00,289.5,2,2
2024-02-28 01:00:00,288.0,2,2
2024-02-28 02:00:00,261.0,2,2
2024-02-28 03:00:00,261.0,2,2
2024-02-28 04:00:00,267.0,2,2
2024-02-28 05:00:00,264.0,2,2
2024-02-28 06:00:00,241.5,2,2
2024-02-28 07:00:00,67.5,2,2
2024-02-28 08:00:00,13.5,2,2
2024-02-28 09:00:00,9.0,2,2
2024-02-28 10:00:00,7.5,2,2
2024-02-28 11:00:00,13.5,2,2
2024-02-28 12:00:00,0.0,2,2
2024-02-28 13:00:00,10.5,2,2
2024-02-28 14:00:00,37.5,2,2
2024-02-28 15:00:00,16.5,2,2
2024-02-28 16:00:00,9.0,2,2
2024-02-28 17:00:00,174.0,2,2
2024-02-28 18:00:00,291.0,2,2
2024-02-28 19:00:00,295.5,2,2
2024-02-28 20:00:00,301.5,2,2
2024-02-28 21:00:00,297.0,2,2
2024-02-28 22:00:00,315.0,2,2
2024-02-28 23:00:00,315.0,2,2
2024-02-29 00:00:00,294.0,3,2
2024-02-29 01:00:00,297.0,3,2
2024-02-29 02:00:00,262.5,3,2
2024-02-29 03:00:00,268.5,3,2
2024-02-29 04:00:00,274.5,3,2
2024-02-29 05:00:00,295.5,3,2
2024-02-29 06:00:00,271.5,3,2
2024-02-29 07:00:00,76.5,3,2
2024-02-29 08:00:00,24.0,3,2
2024-02-29 09:00:00,24.0,3,2
2024-02-29 10:00:00,27.0,3,2
2024-02-29 11:00:00,27.0,3,2
2024-02-29 12:00:00,15.0,3,2
2024-02-29 13:00:00,24.0,3,2
2024-02-29 14:00:00,49.5,3,2
2024-02-29 15:00:00,22.5,3,2
2024-02-29 16:00:00,13.5,3,2
2024-02-29 17:00:00,163.5,3,2
2024-02-29 18:00:00,289.5,3,2
2024-02-29 19:00:00,289.5,3,2
2024-02-29 20:00:00,280.5,3,2
2024-02-29 21:00:00,279.0,3,2
2024-02-29 22:00:00,304.5,3,2
2024-02-29 23:00:00,303.0,3,2
2024-03-01 00:00:00,292.5,4,3
2024-03-01 01:00:00,277.5,4,3
2024-03-01 02:00:00,232.5,4,3
2024-03-01 03:00:00,222.0,4,3
2024-03-01 04:00:00,240.0,4,3
2024-03-01 05:00:00,265.5,4,3
2024-03-01 06:00:00,252.0,4,3
2024-03-01 07:00:00,73.5,4,3
2024-03-01 08:00:00,13.5,4,3
2024-03-01 09:00:00,19.5,4,3
2024-03-01 10:00:00,16.5,4,3
2024-03-01 11:00:00,18.0,4,3
2024-03-01 12:00:00,9.0,4,3
2024-03-01 13:00:00,73.5,4,3
2024-03-01 14:00:00,42.0,4,3
2024-03-01 15:00:00,10.5,4,3
2024-03-01 16:00:00,1.5,4,3
2024-03-01 17:00:00,115.5,4,3
2024-03-01 18:00:00,282.0,4,3
2024-03-01 19:00:00,285.0,4,3
2024-03-01 20:00:00,463.5,4,3
2024-03-01 21:00:00,1114.5,4,3
2024-03-01 22:00:00,1506.0,4,3
2024-03-01 23:00:00,1992.0,4,3
2024-03-02 00:00:00,2515.5,5,3
2024-03-02 01:00:00,2610.0,5,3
2024-03-02 02:00:00,2578.5,5,3
2024-03-02 03:00:00,2557.5,5,3
2024-03-02 04:00:00,1935.0,5,3
2024-03-02 05:00:00,760.5,5,3
2024-03-02 06:00:00,913.5,5,3
2024-03-02 07:00:00,1521.0,5,3
2024-03-02 08:00:00,1677.0,5,3
2024-03-02 09:00:00,1774.5,5,3
2024-03-02 10:00:00,1545.0,5,3
2024-03-02 11:00:00,1209.0,5,3
2024-03-02 12:00:00,1251.0,5,3
2024-03-02 13:00:00,1374.0,5,3
2024-03-02 14:00:00,1602.0,5,3
2024-03-02 15:00:00,1276.5,5,3
2024-03-02 16:00:00,2164.5,5,3
2024-03-02 17:00:00,2217.0,5,3
2024-03-02 18:00:00,2742.0,5,3
2024-03-02 19:00:00,2814.0,5,3
2024-03-02 20:00:00,2778.0,5,3
2024-03-02 21:00:00,2559.0,5,3
2024-03-02 22:00:00,2283.0,5,3
2024-03-02 23:00:00,2370.0,5,3
2024-03-03 00:00:00,2632.5,6,3
2024-03-03 01:00:00,2593.5,6,3
2024-03-03 02:00:00,2559.0,6,3
2024-03-03 03:00:00,2199.0,6,3
2024-03-03 04:00:00,2409.0,6,3
2024-03-03 05:00:00,2638.5,6,3
2024-03-03 06:00:00,2422.5,6,3
2024-03-03 07:00:00,1893.0,6,3
2024-03-03 08:00:00,1809.0,6,3
2024-03-03 09:00:00,1560.0,6,3
2024-03-03 10:00:00,1290.0,6,3
2024-03-03 11:00:00,1206.0,6,3
2024-03-03 12:00:00,1419.0,6,3
2024-03-03 13:00:00,1512.0,6,3
2024-03-03 14:00:00,1620.0,6,3
2024-03-03 15:00:00,1344.0,6,3
2024-03-03 16:00:00,2248.5,6,3
2024-03-03 17:00:00,2640.0,6,3
2024-03-03 18:00:00,2305.5,6,3
2024-03-03 19:00:00,2547.0,6,3
2024-03-03 20:00:00,3057.0,6,3
2024-03-03 21:00:00,4014.0,6,3
2024-03-03 22:00:00,4134.0,6,3
2024-03-03 23:00:00,3795.0,6,3
2024-03-04 00:00:00,4066.5,0,3
2024-03-04 01:00:00,4309.5,0,3
2024-03-04 02:00:00,4198.5,0,3
2024-03-04 03:00:00,3414.0,0,3
2024-03-04 04:00:00,3501.0,0,3
2024-03-04 05:00:00,3463.5,0,3
2024-03-04 06:00:00,3909.0,0,3
2024-03-04 07:00:00,3708.0,0,3
2024-03-04 08:00:00,3369.0,0,3
2024-03-04 09:00:00,2946.0,0,3
2024-03-04 10:00:00,2592.0,0,3
2024-03-04 11:00:00,2883.0,0,3
2024-03-04 12:00:00,2589.0,0,3
2024-03-04 13:00:00,2541.0,0,3
2024-03-04 14:00:00,3483.0,0,3
2024-03-04 15:00:00,3622.5,0,3
2024-03-04 16:00:00,3336.0,0,3
2024-03-04 17:00:00,3829.5,0,3
2024-03-04 18:00:00,4561.5,0,3
2024-03-04 19:00:00,4534.5,0,3
2024-03-04 20:00:00,4362.0,0,3
2024-03-04 21:00:00,4332.0,0,3
2024-03-04 22:00:00,4206.0,0,3
2024-03-04 23:00:00,4488.0,0,3
2024-03-05 00:00:00,4437.0,1,3
2024-03-05 01:00:00,4206.0,1,3
2024-03-05 02:00:00,4408.5,1,3
2024-03-05 03:00:00,4404.0,1,3
2024-03-05 04:00:00,4264.5,1,3
2024-03-05 05:00:00,4035.0,1,3
2024-03-05 06:00:00,4159.5,1,3
2024-03-05 07:00:00,3928.5,1,3
2024-03-05 08:00:00,3315.0,1,3
2024-03-05 09:00:00,2425.5,1,3
2024-03-05 10:00:00,2137.5,1,3
2024-03-05 11:00:00,2367.0,1,3
2024-03-05 12:00:00,2041.5,1,3
2024-03-05 13:00:00,2094.0,1,3
2024-03-05 14:00:00,2841.0,1,3
2024-03-05 15:00:00,3340.5,1,3
2024-03-05 16:00:00,3507.0,1,3
2024-03-05 17:00:00,4246.5,1,3
2024-03-05 18:00:00,4258.5,1,3
2024-03-05 19:00:00,4170.0,1,3
2024-03-05 20:00:00,3571.5,1,3
2024-03-05 21:00:00,4131.0,1,3
2024-03-05 22:00:00,4468.5,1,3
2024-03-05 23:00:00,4540.5,1,3
2024-03-06 00:00:00,4365.0,2,3
2024-03-06 01:00:00,4287.0,2,3
2024-03-06 02:00:00,3357.0,2,3
2024-03-06 03:00:00,2926.5,2,3
2024-03-06 04:00:00,2568.0,2,3
2024-03-06 05:00:00,2296.5,2,3
2024-03-06 06:00:00,2919.0,2,3
2024-03-06 07:00:00,2503.5,2,3
2024-03-06 08:00:00,1702.5,2,3
2024-03-06 09:00:00,1068.0,2,3
2024-03-06 10:00:00,1419.0,2,3
2024-03-06 11:00:00,1525.5,2,3
2024-03-06 12:00:00,1948.5,2,3
2024-03-06 13:00:00,1788.0,2,3
2024-03-06 14:00:00,726.0,2,3
2024-03-06 15:00:00,2464.5,2,3
2024-03-06 16:00:00,3345.0,2,3
2024-03-06 17:00:00,4326.0,2,3
2024-03-06 18:00:00,4410.0,2,3
2024-03-06 19:00:00,4501.5,2,3
2024-03-06 20:00:00,4387.5,2,3
2024-03-06 21:00:00,4161.0,2,3
2024-03-06 22:00:00,4473.0,2,3
2024-03-06 23:00:00,3975.0,2,3
2024-03-07 00:00:00,4453.5,3,3
2024-03-07 01:00:00,4290.0,3,3
2024-03-07 02:00:00,4101.0,3,3
2024-03-07 03:00:00,4285.5,3,3
2024-03-07 04:00:00,4132.5,3,3
2024-03-07 05:00:00,3763.5,3,3
2024-03-07 06:00:00,3492.0,3,3
2024-03-07 07:00:00,2437.5,3,3
2024-03-07 08:00:00,2548.5,3,3
2024-03-07 09:00:00,3244.5,3,3
2024-03-07 10:00:00,3262.5,3,3
2024-03-07 11:00:00,2836.5,3,3
2024-03-07 12:00:00,2911.5,3,3
2024-03-07 13:00:00,3265.5,3,3
2024-03-07 14:00:00,3384.0,3,3
2024-03-07 15:00:00,3607.5,3,3
2024-03-07 16:00:00,3312.0,3,3
2024-03-07 17:00:00,4192.5,3,3
2024-03-07 18:00:00,4513.5,3,3
2024-03-07 19:00:00,4512.0,3,3
2024-03-07 20:00:00,4231.5,3,3
2024-03-07 21:00:00,4072.5,3,3
2024-03-07 22:00:00,3790.5,3,3
2024-03-07 23:00:00,4047.0,3,3
2024-03-08 00:00:00,4389.0,4,3
2024-03-08 01:00:00,4252.5,4,3
2024-03-08 02:00:00,3094.5,4,3
2024-03-08 03:00:00,2959.5,4,3
2024-03-08 04:00:00,2925.0,4,3
2024-03-08 05:00:00,2973.0,4,3
2024-03-08 06:00:00,2908.5,4,3
2024-03-08 07:00:00,2034.0,4,3
2024-03-08 08:00:00,1375.5,4,3
2024-03-08 09:00:00,1266.0,4,3
2024-03-08 10:00:00,1339.5,4,3
2024-03-08 11:00:00,1302.0,4,3
2024-03-08 12:00:00,891.0,4,3
2024-03-08 13:00:00,870.0,4,3
2024-03-08 14:00:00,1039.5,4,3
2024-03-08 15:00:00,1420.5,4,3
2024-03-08 16:00:00,1549.5,4,3
2024-03-08 17:00:00,1938.0,4,3
2024-03-08 18:00:00,2082.0,4,3
2024-03-08 19:00:00,2052.0,4,3
2024-03-08 20:00:00,2008.5,4,3
2024-03-08 21:00:00,2140.5,4,3
2024-03-08 22:00:00,2094.0,4,3
2024-03-08 23:00:00,2122.5,4,3
2024-03-09 00:00:00,2077.5,5,3
2024-03-09 01:00:00,2031.0,5,3
2024-03-09 02:00:00,2079.0,5,3
2024-03-09 03:00:00,2119.5,5,3
2024-03-09 04:00:00,2082.0,5,3
2024-03-09 05:00:00,1956.0,5,3
2024-03-09 06:00:00,1842.0,5,3
2024-03-09 07:00:00,1266.0,5,3
2024-03-09 08:00:00,831.0,5,3
2024-03-09 09:00:00,1249.5,5,3
2024-03-09 10:00:00,1218.0,5,3
2024-03-09 11:00:00,1450.5,5,3
2024-03-09 12:00:00,1405.5,5,3
2024-03-09 13:00:00,1029.0,5,3
2024-03-09 14:00:00,2077.5,5,3
2024-03-09 15:00:00,2089.5,5,3
2024-03-09 16:00:00,1897.5,5,3
2024-03-09 17:00:00,1755.0,5,3
2024-03-09 18:00:00,1846.5,5,3
2024-03-09 19:00:00,2041.5,5,3
2024-03-09 20:00:00,1971.0,5,3
2024-03-09 21:00:00,2046.0,5,3
2024-03-09 22:00:00,1819.5,5,3
2024-03-09 23:00:00,1975.5,5,3
2024-03-10 00:00:00,1977.0,6,3
2024-03-10 01:00:00,1903.5,6,3
2024-03-10 02:00:00,1966.5,6,3
2024-03-10 03:00:00,1977.0,6,3
2024-03-10 04:00:00,2038.5,6,3
2024-03-10 05:00:00,1936.5,6,3
2024-03-10 06:00:00,1894.5,6,3
2024-03-10 07:00:00,1806.0,6,3
2024-03-10 08:00:00,1470.0,6,3
2024-03-10 09:00:00,1888.5,6,3
2024-03-10 10:00:00,1401.0,6,3
2024-03-10 11:00:00,1320.0,6,3
2024-03-10 12:00:00,721.5,6,3
2024-03-10 13:00:00,1077.0,6,3
2024-03-10 14:00:00,1134.0,6,3
2024-03-10 15:00:00,1389.0,6,3
2024-03-10 16:00:00,1452.0,6,3
2024-03-10 17:00:00,1690.5,6,3
2024-03-10 18:00:00,2004.0,6,3
2024-03-10 19:00:00,2074.5,6,3
2024-03-10 20:00:00,1990.5,6,3
2024-03-10 21:00:00,1965.0,6,3
2024-03-10 22:00:00,1915.5,6,3
2024-03-10 23:00:00,1887.0,6,3
2024-03-11 00:00:00,1978.5,0,3
2024-03-11 01:00:00,1950.0,0,3
2024-03-11 02:00:00,1885.5,0,3
2024-03-11 03:00:00,1848.0,0,3
2024-03-11 04:00:00,1740.0,0,3
2024-03-11 05:00:00,1896.0,0,3
2024-03-11 06:00:00,1851.0,0,3
2024-03-11 07:00:00,1497.0,0,3
2024-03-11 08:00:00,1489.5,0,3
2024-03-11 09:00:00,1693.5,0,3
2024-03-11 10:00:00,1639.5,0,3
2024-03-11 11:00:00,1542.0,0,3
2024-03-11 12:00:00,1287.0,0,3
2024-03-11 13:00:00,1488.0,0,3
2024-03-11 14:00:00,1615.5,0,3
2024-03-11 15:00:00,1510.5,0,3
2024-03-11 16:00:00,1201.5,0,3
2024-03-11 17:00:00,1491.0,0,3
2024-03-11 18:00:00,1683.0,0,3
2024-03-11 19:00:00,1957.5,0,3
2024-03-11 20:00:00,1768.5,0,3
2024-03-11 21:00:00,1870.5,0,3
2024-03-11 22:00:00,1984.5,0,3
2024-03-11 23:00:00,2043.0,0,3
2024-03-12 00:00:00,2058.0,1,3
2024-03-12 01:00:00,2049.0,1,3
2024-03-12 02:00:00,2061.0,1,3
2024-03-12 03:00:00,2031.0,1,3
2024-03-12 04:00:00,2028.0,1,3
2024-03-12 05:00:00,1912.5,1,3
2024-03-12 06:00:00,1527.0,1,3
2024-03-12 07:00:00,943.5,1,3
2024-03-12 08:00:00,633.0,1,3
2024-03-12 09:00:00,72.0,1,3
2024-03-12 10:00:00,7.5,1,3
2024-03-12 11:00:00,10.5,1,3
2024-03-12 12:00:00,6.0,1,3
2024-03-12 13:00:00,15.0,1,3
2024-03-12 14:00:00,46.5,1,3
2024-03-12 15:00:00,70.5,1,3
2024-03-12 16:00:00,141.0,1,3
2024-03-12 17:00:00,291.0,1,3
2024-03-12 18:00:00,429.0,1,3
2024-03-12 19:00:00,438.0,1,3
2024-03-12 20:00:00,421.5,1,3
2024-03-12 21:00:00,399.0,1,3
2024-03-12 22:00:00,397.5,1,3
2024-03-12 23:00:00,406.5,1,3
2024-03-13 00:00:00,390.0,2,3
2024-03-13 01:00:00,390.0,2,3
2024-03-13 02:00:00,420.0,2,3
2024-03-13 03:00:00,406.5,2,3
2024-03-13 04:00:00,333.0,2,3
2024-03-13 05:00:00,253.5,2,3
2024-03-13 06:00:00,237.0,2,3
2024-03-13 07:00:00,48.0,2,3
2024-03-13 08:00:00,48.0,2,3
2024-03-13 09:00:00,73.5,2,3
2024-03-13 10:00:00,21.0,2,3
2024-03-13 11:00:00,45.0,2,3
2024-03-13 12:00:00,85.5,2,3
2024-03-13 13:00:00,229.5,2,3
2024-03-13 14:00:00,403.5,2,3
2024-03-13 15:00:00,114.0,2,3
2024-03-13 16:00:00,148.5,2,3
2024-03-13 17:00:00,379.5,2,3
2024-03-13 18:00:00,423.0,2,3
2024-03-13 19:00:00,432.0,2,3
2024-03-13 20:00:00,565.5,2,3
2024-03-13 21:00:00,1578.0,2,3
2024-03-13 22:00:00,2367.0,2,3
2024-03-13 23:00:00,2655.0,2,3
2024-03-14 00:00:00,2253.0,3,3
2024-03-14 01:00:00,2067.0,3,3
2024-03-14 02:00:00,2349.0,3,3
2024-03-14 03:00:00,2787.0,3,3
2024-03-14 04:00:00,2707.5,3,3
2024-03-14 05:00:00,1555.5,3,3
2024-03-14 06:00:00,1260.0,3,3
2024-03-14 07:00:00,1606.5,3,3
2024-03-14 08:00:00,2112.0,3,3
2024-03-14 09:00:00,2344.5,3,3
2024-03-14 10:00:00,2593.5,3,3
2024-03-14 11:00:00,2493.0,3,3
2024-03-14 12:00:00,2161.5,3,3
2024-03-14 13:00:00,2478.0,3,3
2024-03-14 14:00:00,2532.0,3,3
2024-03-14 15:00:00,3660.0,3,3
2024-03-14 16:00:00,3964.5,3,3
2024-03-14 17:00:00,4092.0,3,3
2024-03-14 18:00:00,4134.0,3,3
2024-03-14 19:00:00,4492.5,3,3
2024-03-14 20:00:00,4491.0,3,3
2024-03-14 21:00:00,4360.5,3,3
2024-03-14 22:00:00,4612.5,3,3
2024-03-14 23:00:00,4629.0,3,3
2024-03-15 00:00:00,4533.0,4,3
2024-03-15 01:00:00,4275.0,4,3
2024-03-15 02:00:00,3652.5,4,3
2024-03-15 03:00:00,4524.0,4,3
2024-03-15 04:00:00,4381.5,4,3
2024-03-15 05:00:00,4440.0,4,3
2024-03-15 06:00:00,4396.5,4,3
2024-03-15 07:00:00,4090.5,4,3
2024-03-15 08:00:00,3405.0,4,3
2024-03-15 09:00:00,2985.0,4,3
2024-03-15 10:00:00,3042.0,4,3
2024-03-15 11:00:00,2944.5,4,3
2024-03-15 12:00:00,3039.0,4,3
2024-03-15 13:00:00,2340.0,4,3
2024-03-15 14:00:00,2490.0,4,3
2024-03-15 15:00:00,2901.0,4,3
2024-03-15 16:00:00,2922.0,4,3
2024-03-15 17:00:00,3177.0,4,3
2024-03-15 18:00:00,3517.5,4,3
2024-03-15 19:00:00,3927.0,4,3
2024-03-15 20:00:00,4249.5,4,3
2024-03-15 21:00:00,4419.0,4,3
2024-03-15 22:00:00,4350.0,4,3
2024-03-15 23:00:00,4467.0,4,3
2024-03-16 00:00:00,4479.0,5,3
2024-03-16 01:00:00,4344.0,5,3
2024-03-16 02:00:00,4351.5,5,3
2024-03-16 03:00:00,4299.0,5,3
2024-03-16 04:00:00,4504.5,5,3
2024-03-16 05:00:00,3373.5,5,3
2024-03-16 06:00:00,3808.5,5,3
2024-03-16 07:00:00,3681.0,5,3
2024-03-16 08:00:00,3130.5,5,3
2024-03-16 09:00:00,3595.5,5,3
2024-03-16 10:00:00,2922.0,5,3
2024-03-16 11:00:00,2659.5,5,3
2024-03-16 12:00:00,2586.0,5,3
2024-03-16 13:00:00,2827.5,5,3
2024-03-16 14:00:00,3967.5,5,3
2024-03-16 15:00:00,3747.0,5,3
2024-03-16 16:00:00,4212.0,5,3
2024-03-16 17:00:00,4339.5,5,3
2024-03-16 18:00:00,4453.5,5,3
2024-03-16 19:00:00,4686.0,5,3
2024-03-16 20:00:00,4677.0,5,3
2024-03-16 21:00:00,4440.0,5,3
2024-03-16 22:00:00,4623.0,5,3
2024-03-16 23:00:00,4104.0,5,3
2024-03-17 00:00:00,4492.5,6,3
2024-03-17 01:00:00,4669.5,6,3
2024-03-17 02:00:00,4531.5,6,3
2024-03-17 03:00:00,4182.0,6,3
2024-03-17 04:00:00,4503.0,6,3
2024-03-17 05:00:00,4207.5,6,3
2024-03-17 06:00:00,4495.5,6,3
2024-03-17 07:00:00,2307.0,6,3
2024-03-17 08:00:00,3031.5,6,3
2024-03-17 09:00:00,2908.5,6,3
2024-03-17 10:00:00,2407.5,6,3
2024-03-17 11:00:00,1918.5,6,3
2024-03-17 12:00:00,2265.0,6,3
2024-03-17 13:00:00,2487.0,6,3
2024-03-17 14:00:00,2920.5,6,3
2024-03-17 15:00:00,3199.5,6,3
2024-03-17 16:00:00,4131.0,6,3
2024-03-17 17:00:00,4372.5,6,3
2024-03-17 18:00:00,4560.0,6,3
2024-03-17 19:00:00,4234.5,6,3
2024-03-17 20:00:00,3934.5,6,3
2024-03-17 21:00:00,4401.0,6,3
2024-03-17 22:00:00,4495.5,6,3
2024-03-17 23:00:00,4419.0,6,3
2024-03-18 00:00:00,4317.0,0,3
2024-03-18 01:00:00,4069.5,0,3
2024-03-18 02:00:00,2602.5,0,3
2024-03-18 03:00:00,2383.5,0,3
2024-03-18 04:00:00,2502.0,0,3
2024-03-18 05:00:00,2548.5,0,3
2024-03-18 06:00:00,2739.0,0,3
2024-03-18 07:00:00,2124.0,0,3
2024-03-18 08:00:00,1375.5,0,3
2024-03-18 09:00:00,1128.0,0,3
2024-03-18 10:00:00,1023.0,0,3
2024-03-18 11:00:00,1024.5,0,3
2024-03-18 12:00:00,1357.5,0,3
2024-03-18 13:00:00,1090.5,0,3
2024-03-18 14:00:00,963.0,0,3
2024-03-18 15:00:00,898.5,0,3
2024-03-18 16:00:00,1189.5,0,3
2024-03-18 17:00:00,1710.0,0,3
2024-03-18 18:00:00,1911.0,0,3
2024-03-18 19:00:00,2031.0,0,3
2024-03-18 20:00:00,2059.5,0,3
2024-03-18 21:00:00,2208.0,0,3
2024-03-18 22:00:00,2311.5,0,3
2024-03-18 23:00:00,2157.0,0,3
2024-03-19 00:00:00,1860.0,1,3
2024-03-19 01:00:00,1737.0,1,3
2024-03-19 02:00:00,1560.0,1,3
2024-03-19 03:00:00,1500.0,1,3
2024-03-19 04:00:00,1330.5,1,3
2024-03-19 05:00:00,1065.0,1,3
2024-03-19 06:00:00,1449.0,1,3
2024-03-19 07:00:00,811.5,1,3
2024-03-19 08:00:00,214.5,1,3
2024-03-19 09:00:00,22.5,1,3
2024-03-19 10:00:00,19.5,1,3
2024-03-19 11:00:00,15.0,1,3
2024-03-19 12:00:00,1.5,1,3
2024-03-19 13:00:00,18.0,1,3
2024-03-19 14:00:00,211.5,1,3
2024-03-19 15:00:00,523.5,1,3
2024-03-19 16:00:00,358.5,1,3
2024-03-19 17:00:00,276.0,1,3
2024-03-19 18:00:00,297.0,1,3
2024-03-19 19:00:00,297.0,1,3
2024-03-19 20:00:00,292.5,1,3
2024-03-19 21:00:00,621.0,1,3
2024-03-19 22:00:00,742.5,1,3
2024-03-19 23:00:00,478.5,1,3
2024-03-20 00:00:00,330.0,2,3
2024-03-20 01:00:00,636.0,2,3
2024-03-20 02:00:00,757.5,2,3
2024-03-20 03:00:00,709.5,2,3
2024-03-20 04:00:00,322.5,2,3
2024-03-20 05:00:00,285.0,2,3
2024-03-20 06:00:00,292.5,2,3
2024-03-20 07:00:00,153.0,2,3
2024-03-20 08:00:00,48.0,2,3
2024-03-20 09:00:00,99.0,2,3
2024-03-20 10:00:00,39.0,2,3
2024-03-20 11:00:00,18.0,2,3
2024-03-20 12:00:00,12.0,2,3
2024-03-20 13:00:00,16.5,2,3
2024-03-20 14:00:00,12.0,2,3
2024-03-20 15:00:00,12.0,2,3
2024-03-20 16:00:00,52.5,2,3
2024-03-20 17:00:00,171.0,2,3
2024-03-20 18:00:00,273.0,2,3
2024-03-20 19:00:00,279.0,2,3
2024-03-20 20:00:00,283.5,2,3
2024-03-20 21:00:00,744.0,2,3
2024-03-20 22:00:00,772.5,2,3
2024-03-20 23:00:00,535.5,2,3
2024-03-21 00:00:00,316.5,3,3
2024-03-21 01:00:00,664.5,3,3
2024-03-21 02:00:00,748.5,3,3
2024-03-21 03:00:00,543.0,3,3
2024-03-21 04:00:00,316.5,3,3
2024-03-21 05:00:00,600.0,3,3
2024-03-21 06:00:00,399.0,3,3
2024-03-21 07:00:00,265.5,3,3
2024-03-21 08:00:00,85.5,3,3
2024-03-21 09:00:00,31.5,3,3
2024-03-21 10:00:00,7.5,3,3
2024-03-21 11:00:00,4.5,3,3
2024-03-21 12:00:00,0.0,3,3
2024-03-21 13:00:00,10.5,3,3
2024-03-21 14:00:00,6.0,3,3
2024-03-21 15:00:00,30.0,3,3
2024-03-21 16:00:00,69.0,3,3
2024-03-21 17:00:00,228.0,3,3
2024-03-21 18:00:00,322.5,3,3
2024-03-21 19:00:00,328.5,3,3
2024-03-21 20:00:00,322.5,3,3
2024-03-21 21:00:00,730.5,3,3
2024-03-21 22:00:00,783.0,3,3
2024-03-21 23:00:00,666.0,3,3
2024-03-22 00:00:00,345.0,4,3
2024-03-22 01:00:00,681.0,4,3
2024-03-22 02:00:00,645.0,4,3
2024-03-22 03:00:00,654.0,4,3
2024-03-22 04:00:00,330.0,4,3
2024-03-22 05:00:00,753.0,4,3
2024-03-22 06:00:00,337.5,4,3
2024-03-22 07:00:00,127.5,4,3
2024-03-22 08:00:00,6.0,4,3
2024-03-22 09:00:00,1.5,4,3
2024-03-22 10:00:00,4.5,4,3
2024-03-22 11:00:00,0.0,4,3
2024-03-22 12:00:00,0.0,4,3
2024-03-22 13:00:00,9.0,4,3
2024-03-22 14:00:00,7.5,4,3
2024-03-22 15:00:00,31.5,4,3
2024-03-22 16:00:00,132.0,4,3
2024-03-22 17:00:00,222.0,4,3
2024-03-22 18:00:00,321.0,4,3
2024-03-22 19:00:00,343.5,4,3
2024-03-22 20:00:00,577.5,4,3
2024-03-22 21:00:00,1660.5,4,3
2024-03-22 22:00:00,2169.0,4,3
2024-03-22 23:00:00,2020.5,4,3
2024-03-23 00:00:00,1857.0,5,3
2024-03-23 01:00:00,2217.0,5,3
2024-03-23 02:00:00,1824.0,5,3
2024-03-23 03:00:00,1372.5,5,3
2024-03-23 04:00:00,1783.5,5,3
2024-03-23 05:00:00,1554.0,5,3
2024-03-23 06:00:00,1177.5,5,3
2024-03-23 07:00:00,1174.5,5,3
2024-03-23 08:00:00,1041.0,5,3
2024-03-23 09:00:00,955.5,5,3
2024-03-23 10:00:00,646.5,5,3
2024-03-23 11:00:00,700.5,5,3
2024-03-23 12:00:00,724.5,5,3
2024-03-23 13:00:00,750.0,5,3
2024-03-23 14:00:00,987.0,5,3
2024-03-23 15:00:00,1125.0,5,3
2024-03-23 16:00:00,1528.5,5,3
2024-03-23 17:00:00,1669.5,5,3
2024-03-23 18:00:00,1747.5,5,3
2024-03-23 19:00:00,2074.5,5,3
2024-03-23 20:00:00,2185.5,5,3
2024-03-23 21:00:00,2362.5,5,3
2024-03-23 22:00:00,2421.0,5,3
2024-03-23 23:00:00,2154.0,5,3
2024-03-24 00:00:00,2118.0,6,3
2024-03-24 01:00:00,2398.5,6,3
2024-03-24 02:00:00,2329.5,6,3
2024-03-24 03:00:00,1878.0,6,3
2024-03-24 04:00:00,1824.0,6,3
2024-03-24 05:00:00,2248.5,6,3
2024-03-24 06:00:00,1840.5,6,3
2024-03-24 07:00:00,1768.5,6,3
2024-03-24 08:00:00,1386.0,6,3
2024-03-24 09:00:00,1185.0,6,3
2024-03-24 10:00:00,807.0,6,3
2024-03-24 11:00:00,732.0,6,3
2024-03-24 12:00:00,645.0,6,3
2024-03-24 13:00:00,1072.5,6,3
2024-03-24 14:00:00,1035.0,6,3
2024-03-24 15:00:00,1855.5,6,3
2024-03-24 16:00:00,2365.5,6,3
2024-03-24 17:00:00,2368.5,6,3
2024-03-24 18:00:00,2161.5,6,3
2024-03-24 19:00:00,2010.0,6,3
2024-03-24 20:00:00,2506.5,6,3
2024-03-24 21:00:00,2365.5,6,3
2024-03-24 22:00:00,2287.5,6,3
2024-03-24 23:00:00,2166.0,6,3
2024-03-25 00:00:00,2202.0,0,3
2024-03-25 01:00:00,2475.0,0,3
2024-03-25 02:00:00,2406.0,0,3
2024-03-25 03:00:00,2196.0,0,3
2024-03-25 04:00:00,1840.5,0,3
2024-03-25 05:00:00,2098.5,0,3
2024-03-25 06:00:00,1317.0,0,3
2024-03-25 07:00:00,463.5,0,3
2024-03-25 08:00:00,369.0,0,3
2024-03-25 09:00:00,951.0,0,3
2024-03-25 10:00:00,727.5,0,3
2024-03-25 11:00:00,1126.5,0,3
2024-03-25 12:00:00,1135.5,0,3
2024-03-25 13:00:00,1125.0,0,3
2024-03-25 14:00:00,1156.5,0,3
2024-03-25 15:00:00,1716.0,0,3
2024-03-25 16:00:00,1774.5,0,3
2024-03-25 17:00:00,1966.5,0,3
2024-03-25 18:00:00,2013.0,0,3
2024-03-25 19:00:00,1992.0,0,3
2024-03-25 20:00:00,1969.5,0,3
2024-03-25 21:00:00,2352.0,0,3
2024-03-25 22:00:00,2347.5,0,3
2024-03-25 23:00:00,2335.5,0,3
2024-03-26 00:00:00,2154.0,1,3
2024-03-26 01:00:00,2430.0,1,3
2024-03-26 02:00:00,2517.0,1,3
2024-03-26 03:00:00,2377.5,1,3
2024-03-26 04:00:00,2179.5,1,3
2024-03-26 05:00:00,1821.0,1,3
2024-03-26 06:00:00,1821.0,1,3
2024-03-26 07:00:00,1735.5,1,3
2024-03-26 08:00:00,1431.0,1,3
2024-03-26 09:00:00,1230.0,1,3
2024-03-26 10:00:00,1311.0,1,3
2024-03-26 11:00:00,1428.0,1,3
2024-03-26 12:00:00,1548.0,1,3
2024-03-26 13:00:00,1858.5,1,3
2024-03-26 14:00:00,1677.0,1,3
2024-03-26 15:00:00,1683.0,1,3
2024-03-26 16:00:00,1543.5,1,3
2024-03-26 17:00:00,1963.5,1,3
2024-03-26 18:00:00,1980.0,1,3
2024-03-26 19:00:00,1978.5,1,3
2024-03-26 20:00:00,2059.5,1,3
2024-03-26 21:00:00,2025.0,1,3
2024-03-26 22:00:00,1728.0,1,3
2024-03-26 23:00:00,1401.0,1,3
2024-03-27 00:00:00,1617.0,2,3
2024-03-27 01:00:00,2017.5,2,3
2024-03-27 02:00:00,1873.5,2,3
2024-03-27 03:00:00,1941.0,2,3
2024-03-27 04:00:00,2034.0,2,3
2024-03-27 05:00:00,1968.0,2,3
2024-03-27 06:00:00,1993.5,2,3
2024-03-27 07:00:00,1617.0,2,3
2024-03-27 08:00:00,1429.5,2,3
2024-03-27 09:00:00,1306.5,2,3
2024-03-27 10:00:00,1348.5,2,3
2024-03-27 11:00:00,1026.0,2,3
2024-03-27 12:00:00,937.5,2,3
2024-03-27 13:00:00,1092.0,2,3
2024-03-27 14:00:00,1177.5,2,3
2024-03-27 15:00:00,1345.5,2,3
2024-03-27 16:00:00,1587.0,2,3
2024-03-27 17:00:00,1596.0,2,3
2024-03-27 18:00:00,1903.5,2,3
2024-03-27 19:00:00,2083.5,2,3
2024-03-27 20:00:00,2091.0,2,3
2024-03-27 21:00:00,2121.0,2,3
2024-03-27 22:00:00,2026.5,2,3
2024-03-27 23:00:00,1915.5,2,3
2024-03-28 00:00:00,2095.5,3,3
2024-03-28 01:00:00,2025.0,3,3
2024-03-28 02:00:00,1968.0,3,3
2024-03-28 03:00:00,2046.0,3,3
2024-03-28 04:00:00,1938.0,3,3
2024-03-28 05:00:00,1945.5,3,3
2024-03-28 06:00:00,1810.5,3,3
2024-03-28 07:00:00,1624.5,3,3
2024-03-28 08:00:00,1383.0,3,3
2024-03-28 09:00:00,1365.0,3,3
2024-03-28 10:00:00,1065.0,3,3
2024-03-28 11:00:00,879.0,3,3
2024-03-28 12:00:00,1287.0,3,3
2024-03-28 13:00:00,1440.0,3,3
2024-03-28 14:00:00,1453.5,3,3
2024-03-28 15:00:00,1611.0,3,3
2024-03-28 16:00:00,1840.5,3,3
2024-03-28 17:00:00,1893.0,3,3
2024-03-28 18:00:00,2053.5,3,3
2024-03-28 19:00:00,2053.5,3,3
2024-03-28 20:00:00,2064.0,3,3
2024-03-28 21:00:00,2091.0,3,3
2024-03-28 22:00:00,1846.5,3,3
2024-03-28 23:00:00,1942.5,3,3
2024-03-29 00:00:00,2076.0,4,3
2024-03-29 01:00:00,2007.0,4,3
2024-03-29 02:00:00,2164.5,4,3
2024-03-29 03:00:00,2010.0,4,3
2024-03-29 04:00:00,2035.5,4,3
2024-03-29 05:00:00,2064.0,4,3
2024-03-29 06:00:00,1863.0,4,3
2024-03-29 07:00:00,1657.5,4,3
2024-03-29 08:00:00,1429.5,4,3
2024-03-29 09:00:00,1203.0,4,3
2024-03-29 10:00:00,519.0,4,3
2024-03-29 11:00:00,699.0,4,3
2024-03-29 12:00:00,1215.0,4,3
2024-03-29 13:00:00,1174.5,4,3
2024-03-29 14:00:00,1318.5,4,3
2024-03-29 15:00:00,1165.5,4,3
2024-03-29 16:00:00,1263.0,4,3
2024-03-29 17:00:00,1860.0,4,3
2024-03-29 18:00:00,2136.0,4,3
2024-03-29 19:00:00,2013.0,4,3
2024-03-29 20:00:00,2049.0,4,3
2024-03-29 21:00:00,2002.5,4,3
2024-03-29 22:00:00,1824.0,4,3
2024-03-29 23:00:00,1965.0,4,3
2024-03-30 00:00:00,1933.5,5,3
2024-03-30 01:00:00,1918.5,5,3
2024-03-30 02:00:00,1836.0,5,3
2024-03-30 03:00:00,2050.5,5,3
2024-03-30 04:00:00,2013.0,5,3
2024-03-30 05:00:00,1704.0,5,3
2024-03-30 06:00:00,1684.5,5,3
2024-03-30 07:00:00,1540.5,5,3
2024-03-30 08:00:00,1378.5,5,3
2024-03-30 09:00:00,1117.5,5,3
2024-03-30 10:00:00,1054.5,5,3
2024-03-30 11:00:00,826.5,5,3
2024-03-30 12:00:00,937.5,5,3
2024-03-30 13:00:00,1146.0,5,3
2024-03-30 14:00:00,1348.5,5,3
2024-03-30 15:00:00,1485.0,5,3
2024-03-30 16:00:00,1272.0,5,3
2024-03-30 17:00:00,1761.0,5,3
2024-03-30 18:00:00,1900.5,5,3
2024-03-30 19:00:00,1855.5,5,3
2024-03-30 20:00:00,1987.5,5,3
2024-03-30 21:00:00,1935.0,5,3
2024-03-30 22:00:00,2011.5,5,3
2024-03-30 23:00:00,1926.0,5,3
2024-03-31 00:00:00,1933.5,6,3
2024-03-31 01:00:00,1998.0,6,3
2024-03-31 02:00:00,1935.0,6,3
2024-03-31 03:00:00,1792.5,6,3
2024-03-31 04:00:00,2013.0,6,3
2024-03-31 05:00:00,1861.5,6,3
2024-03-31 06:00:00,1741.5,6,3
2024-03-31 07:00:00,1470.0,6,3
2024-03-31 08:00:00,1218.0,6,3
2024-03-31 09:00:00,925.5,6,3
2024-03-31 10:00:00,865.5,6,3
2024-03-31 11:00:00,714.0,6,3
2024-03-31 12:00:00,736.5,6,3
2024-03-31 13:00:00,1005.0,6,3
2024-03-31 14:00:00,1497.0,6,3
2024-03-31 15:00:00,1468.5,6,3
2024-03-31 16:00:00,1603.5,6,3
2024-03-31 17:00:00,1666.5,6,3
2024-03-31 18:00:00,1858.5,6,3
2024-03-31 19:00:00,1855.5,6,3
2024-03-31 20:00:00,1906.5,6,3
2024-03-31 21:00:00,1984.5,6,3
2024-03-31 22:00:00,1893.0,6,3
2024-03-31 23:00:00,1726.5,6,3
2024-04-01 00:00:00,1413.0,0,4
2024-04-01 01:00:00,1215.0,0,4
2024-04-01 02:00:00,1075.5,0,4
2024-04-01 03:00:00,1069.5,0,4
2024-04-01 04:00:00,1041.0,0,4
2024-04-01 05:00:00,1009.5,0,4
2024-04-01 06:00:00,861.0,0,4
2024-04-01 07:00:00,501.0,0,4
2024-04-01 08:00:00,24.0,0,4
2024-04-01 09:00:00,0.0,0,4
2024-04-01 10:00:00,3.0,0,4
2024-04-01 11:00:00,0.0,0,4
2024-04-01 12:00:00,6.0,0,4
2024-04-01 13:00:00,3.0,0,4
2024-04-01 14:00:00,0.0,0,4
2024-04-01 15:00:00,6.0,0,4
2024-04-01 16:00:00,76.5,0,4
2024-04-01 17:00:00,76.5,0,4
2024-04-01 18:00:00,231.0,0,4
2024-04-01 19:00:00,237.0,0,4
2024-04-01 20:00:00,243.0,0,4
2024-04-01 21:00:00,234.0,0,4
2024-04-01 22:00:00,244.5,0,4
2024-04-01 23:00:00,243.0,0,4
2024-04-02 00:00:00,247.5,1,4
2024-04-02 01:00:00,237.0,1,4
2024-04-02 02:00:00,235.5,1,4
2024-04-02 03:00:00,220.5,1,4
2024-04-02 04:00:00,202.5,1,4
2024-04-02 05:00:00,199.5,1,4
2024-04-02 06:00:00,135.0,1,4
2024-04-02 07:00:00,3.0,1,4
2024-04-02 08:00:00,4.5,1,4
2024-04-02 09:00:00,1.5,1,4
2024-04-02 10:00:00,0.0,1,4
2024-04-02 11:00:00,0.0,1,4
2024-04-02 12:00:00,0.0,1,4
2024-04-02 13:00:00,0.0,1,4
2024-04-02 14:00:00,0.0,1,4
2024-04-02 15:00:00,0.0,1,4
2024-04-02 16:00:00,0.0,1,4
2024-04-02 17:00:00,25.5,1,4
2024-04-02 18:00:00,165.0,1,4
2024-04-02 19:00:00,178.5,1,4
2024-04-02 20:00:00,181.5,1,4
2024-04-02 21:00:00,180.0,1,4
2024-04-02 22:00:00,184.5,1,4
2024-04-02 23:00:00,181.5,1,4
2024-04-03 00:00:00,178.5,2,4
2024-04-03 01:00:00,172.5,2,4
2024-04-03 02:00:00,174.0,2,4
2024-04-03 03:00:00,168.0,2,4
2024-04-03 04:00:00,172.5,2,4
2024-04-03 05:00:00,148.5,2,4
2024-04-03 06:00:00,69.0,2,4
2024-04-03 07:00:00,0.0,2,4
2024-04-03 08:00:00,0.0,2,4
2024-04-03 09:00:00,0.0,2,4
2024-04-03 10:00:00,0.0,2,4
2024-04-03 11:00:00,0.0,2,4
2024-04-03 12:00:00,0.0,2,4
2024-04-03 13:00:00,0.0,2,4
2024-04-03 14:00:00,0.0,2,4
2024-04-03 15:00:00,1.5,2,4
2024-04-03 16:00:00,15.0,2,4
2024-04-03 17:00:00,30.0,2,4
2024-04-03 18:00:00,145.5,2,4
2024-04-03 19:00:00,165.0,2,4
2024-04-03 20:00:00,174.0,2,4
2024-04-03 21:00:00,171.0,2,4
2024-04-03 22:00:00,175.5,2,4
2024-04-03 23:00:00,171.0,2,4
2024-04-04 00:00:00,181.5,3,4
2024-04-04 01:00:00,171.0,3,4
2024-04-04 02:00:00,172.5,3,4
2024-04-04 03:00:00,171.0,3,4
2024-04-04 04:00:00,166.5,3,4
2024-04-04 05:00:00,148.5,3,4
2024-04-04 06:00:00,67.5,3,4
2024-04-04 07:00:00,0.0,3,4
2024-04-04 08:00:00,0.0,3,4
2024-04-04 09:00:00,0.0,3,4
2024-04-04 10:00:00,0.0,3,4
2024-04-04 11:00:00,0.0,3,4
2024-04-04 12:00:00,0.0,3,4
2024-04-04 13:00:00,0.0,3,4
2024-04-04 14:00:00,1.5,3,4
2024-04-04 15:00:00,1.5,3,4
2024-04-04 16:00:00,0.0,3,4
2024-04-04 17:00:00,21.0,3,4
2024-04-04 18:00:00,178.5,3,4
2024-04-04 19:00:00,250.5,3,4
2024-04-04 20:00:00,522.0,3,4
2024-04-04 21:00:00,1432.5,3,4
2024-04-04 22:00:00,1492.5,3,4
2024-04-04 23:00:00,1641.0,3,4
2024-04-05 00:00:00,1869.0,4,4
2024-04-05 01:00:00,1782.0,4,4
2024-04-05 02:00:00,1773.0,4,4
2024-04-05 03:00:00,1647.0,4,4
2024-04-05 04:00:00,1861.5,4,4
2024-04-05 05:00:00,1836.0,4,4
2024-04-05 06:00:00,1522.5,4,4
2024-04-05 07:00:00,1405.5,4,4
2024-04-05 08:00:00,1272.0,4,4
2024-04-05 09:00:00,819.0,4,4
2024-04-05 10:00:00,586.5,4,4
2024-04-05 11:00:00,576.0,4,4
2024-04-05 12:00:00,790.5,4,4
2024-04-05 13:00:00,1023.0,4,4
2024-04-05 14:00:00,942.0,4,4
2024-04-05 15:00:00,1153.5,4,4
2024-04-05 16:00:00,1468.5,4,4
2024-04-05 17:00:00,1758.0,4,4
2024-04-05 18:00:00,1921.5,4,4
2024-04-05 19:00:00,1804.5,4,4
2024-04-05 20:00:00,1938.0,4,4
2024-04-05 21:00:00,1998.0,4,4
2024-04-05 22:00:00,1935.0,4,4
2024-04-05 23:00:00,2008.5,4,4
2024-04-06 00:00:00,1957.5,5,4
2024-04-06 01:00:00,1735.5,5,4
2024-04-06 02:00:00,1582.5,5,4
2024-04-06 03:00:00,1758.0,5,4
2024-04-06 04:00:00,1776.0,5,4
2024-04-06 05:00:00,1840.5,5,4
2024-04-06 06:00:00,1659.0,5,4
2024-04-06 07:00:00,1494.0,5,4
2024-04-06 08:00:00,1156.5,5,4
2024-04-06 09:00:00,871.5,5,4
2024-04-06 10:00:00,859.5,5,4
2024-04-06 11:00:00,813.0,5,4
2024-04-06 12:00:00,693.0,5,4
2024-04-06 13:00:00,922.5,5,4
2024-04-06 14:00:00,796.5,5,4
2024-04-06 15:00:00,1297.5,5,4
2024-04-06 16:00:00,1465.5,5,4
2024-04-06 17:00:00,1740.0,5,4
2024-04-06 18:00:00,1819.5,5,4
2024-04-06 19:00:00,1825.5,5,4
2024-04-06 20:00:00,1861.5,5,4
2024-04-06 21:00:00,1905.0,5,4
2024-04-06 22:00:00,1954.5,5,4
2024-04-06 23:00:00,1939.5,5,4
2024-04-07 00:00:00,1728.0,6,4
2024-04-07 01:00:00,1546.5,6,4
2024-04-07 02:00:00,1875.0,6,4
2024-04-07 03:00:00,1962.0,6,4
2024-04-07 04:00:00,1864.5,6,4
2024-04-07 05:00:00,1797.0,6,4
2024-04-07 06:00:00,1665.0,6,4
2024-04-07 07:00:00,1446.0,6,4
2024-04-07 08:00:00,1177.5,6,4
2024-04-07 09:00:00,949.5,6,4
2024-04-07 10:00:00,703.5,6,4
2024-04-07 11:00:00,760.5,6,4
2024-04-07 12:00:00,562.5,6,4
2024-04-07 13:00:00,447.0,6,4
2024-04-07 14:00:00,556.5,6,4
2024-04-07 15:00:00,717.0,6,4
2024-04-07 16:00:00,937.5,6,4
2024-04-07 17:00:00,1306.5,6,4
2024-04-07 18:00:00,1516.5,6,4
2024-04-07 19:00:00,1509.0,6,4
2024-04-07 20:00:00,1383.0,6,4
2024-04-07 21:00:00,1828.5,6,4
2024-04-07 22:00:00,1978.5,6,4
2024-04-07 23:00:00,1920.0,6,4
2024-04-08 00:00:00,1914.0,0,4
2024-04-08 01:00:00,1936.5,0,4
2024-04-08 02:00:00,1669.5,0,4
2024-04-08 03:00:00,1816.5,0,4
2024-04-08 04:00:00,1963.5,0,4
2024-04-08 05:00:00,1858.5,0,4
2024-04-08 06:00:00,1710.0,0,4
2024-04-08 07:00:00,1578.0,0,4
2024-04-08 08:00:00,1299.0,0,4
2024-04-08 09:00:00,1065.0,0,4
2024-04-08 10:00:00,844.5,0,4
2024-04-08 11:00:00,1012.5,0,4
2024-04-08 12:00:00,1032.0,0,4
2024-04-08 13:00:00,1168.5,0,4
2024-04-08 14:00:00,1176.0,0,4
2024-04-08 15:00:00,1528.5,0,4
2024-04-08 16:00:00,1620.0,0,4
2024-04-08 17:00:00,1573.5,0,4
2024-04-08 18:00:00,1671.0,0,4
2024-04-08 19:00:00,1746.0,0,4
2024-04-08 20:00:00,1989.0,0,4
2024-04-08 21:00:00,2071.5,0,4
2024-04-08 22:00:00,2022.0,0,4
2024-04-08 23:00:00,2010.0,0,4
2024-04-09 00:00:00,2092.5,1,4
2024-04-09 01:00:00,2091.0,1,4
2024-04-09 02:00:00,1737.0,1,4
2024-04-09 03:00:00,1954.5,1,4
2024-04-09 04:00:00,1888.5,1,4
2024-04-09 05:00:00,1914.0,1,4
2024-04-09 06:00:00,1902.0,1,4
2024-04-09 07:00:00,1809.0,1,4
2024-04-09 08:00:00,1518.0,1,4
2024-04-09 09:00:00,1035.0,1,4
2024-04-09 10:00:00,1173.0,1,4
2024-04-09 11:00:00,1219.5,1,4
2024-04-09 12:00:00,1299.0,1,4
2024-04-09 13:00:00,1198.5,1,4
2024-04-09 14:00:00,894.0,1,4
2024-04-09 15:00:00,591.0,1,4
2024-04-09 16:00:00,985.5,1,4
2024-04-09 17:00:00,1702.5,1,4
2024-04-09 18:00:00,1989.0,1,4
2024-04-09 19:00:00,1849.5,1,4
2024-04-09 20:00:00,1603.5,1,4
2024-04-09 21:00:00,1279.5,1,4
2024-04-09 22:00:00,792.0,1,4
2024-04-09 23:00:00,1015.5,1,4
2024-04-10 00:00:00,1557.0,2,4
2024-04-10 01:00:00,1705.5,2,4
2024-04-10 02:00:00,1600.5,2,4
2024-04-10 03:00:00,1831.5,2,4
2024-04-10 04:00:00,1951.5,2,4
2024-04-10 05:00:00,1921.5,2,4
2024-04-10 06:00:00,1879.5,2,4
2024-04-10 07:00:00,1758.0,2,4
2024-04-10 08:00:00,976.5,2,4
2024-04-10 09:00:00,999.0,2,4
2024-04-10 10:00:00,1243.5,2,4
2024-04-10 11:00:00,999.0,2,4
2024-04-10 12:00:00,879.0,2,4
2024-04-10 13:00:00,499.5,2,4
2024-04-10 14:00:00,943.5,2,4
2024-04-10 15:00:00,1321.5,2,4
2024-04-10 16:00:00,1578.0,2,4
2024-04-10 17:00:00,1435.5,2,4
2024-04-10 18:00:00,1711.5,2,4
2024-04-10 19:00:00,1842.0,2,4
2024-04-10 20:00:00,1974.0,2,4
2024-04-10 21:00:00,1818.0,2,4
2024-04-10 22:00:00,1905.0,2,4
2024-04-10 23:00:00,1399.5,2,4
2024-04-11 00:00:00,993.0,3,4
2024-04-11 01:00:00,997.5,3,4
2024-04-11 02:00:00,993.0,3,4
2024-04-11 03:00:00,958.5,3,4
2024-04-11 04:00:00,946.5,3,4
2024-04-11 05:00:00,985.5,3,4
2024-04-11 06:00:00,916.5,3,4
2024-04-11 07:00:00,339.0,3,4
2024-04-11 08:00:00,6.0,3,4
2024-04-11 09:00:00,9.0,3,4
2024-04-11 10:00:00,3.0,3,4
2024-04-11 11:00:00,1.5,3,4
2024-04-11 12:00:00,0.0,3,4
2024-04-11 13:00:00,1.5,3,4
2024-04-11 14:00:00,6.0,3,4
2024-04-11 15:00:00,6.0,3,4
2024-04-11 16:00:00,6.0,3,4
2024-04-11 17:00:00,36.0,3,4
2024-04-11 18:00:00,177.0,3,4
2024-04-11 19:00:00,180.0,3,4
2024-04-11 20:00:00,181.5,3,4
2024-04-11 21:00:00,174.0,3,4
2024-04-11 22:00:00,169.5,3,4
2024-04-11 23:00:00,174.0,3,4
2024-04-12 00:00:00,171.0,4,4
2024-04-12 01:00:00,172.5,4,4
2024-04-12 02:00:00,177.0,4,4
2024-04-12 03:00:00,171.0,4,4
2024-04-12 04:00:00,172.5,4,4
2024-04-12 05:00:00,162.0,4,4
2024-04-12 06:00:00,72.0,4,4
2024-04-12 07:00:00,1.5,4,4
2024-04-12 08:00:00,0.0,4,4
2024-04-12 09:00:00,0.0,4,4
2024-04-12 10:00:00,0.0,4,4
2024-04-12 11:00:00,0.0,4,4
2024-04-12 12:00:00,0.0,4,4
2024-04-12 13:00:00,0.0,4,4
2024-04-12 14:00:00,0.0,4,4
2024-04-12 15:00:00,0.0,4,4
2024-04-12 16:00:00,0.0,4,4
2024-04-12 17:00:00,51.0,4,4
2024-04-12 18:00:00,144.0,4,4
2024-04-12 19:00:00,123.0,4,4
2024-04-12 20:00:00,123.0,4,4
2024-04-12 21:00:00,120.0,4,4
2024-04-12 22:00:00,124.5,4,4
2024-04-12 23:00:00,124.5,4,4
2024-04-13 00:00:00,124.5,5,4
2024-04-13 01:00:00,120.0,5,4
2024-04-13 02:00:00,124.5,5,4
2024-04-13 03:00:00,124.5,5,4
2024-04-13 04:00:00,120.0,5,4
2024-04-13 05:00:00,118.5,5,4
2024-04-13 06:00:00,63.0,5,4
2024-04-13 07:00:00,3.0,5,4
2024-04-13 08:00:00,0.0,5,4
2024-04-13 09:00:00,1.5,5,4
2024-04-13 10:00:00,3.0,5,4
2024-04-13 11:00:00,0.0,5,4
2024-04-13 12:00:00,0.0,5,4
2024-04-13 13:00:00,0.0,5,4
2024-04-13 14:00:00,0.0,5,4
2024-04-13 15:00:00,0.0,5,4
2024-04-13 16:00:00,9.0,5,4
2024-04-13 17:00:00,82.5,5,4
2024-04-13 18:00:00,154.5,5,4
2024-04-13 19:00:00,162.0,5,4
2024-04-13 20:00:00,154.5,5,4
2024-04-13 21:00:00,162.0,5,4
2024-04-13 22:00:00,153.0,5,4
2024-04-13 23:00:00,159.0,5,4
2024-04-14 00:00:00,159.0,6,4
2024-04-14 01:00:00,156.0,6,4
2024-04-14 02:00:00,154.5,6,4
2024-04-14 03:00:00,160.5,6,4
2024-04-14 04:00:00,157.5,6,4
2024-04-14 05:00:00,148.5,6,4
2024-04-14 06:00:00,76.5,6,4
2024-04-14 07:00:00,0.0,6,4
2024-04-14 08:00:00,0.0,6,4
2024-04-14 09:00:00,0.0,6,4
2024-04-14 10:00:00,0.0,6,4
2024-04-14 11:00:00,0.0,6,4
2024-04-14 12:00:00,0.0,6,4
2024-04-14 13:00:00,0.0,6,4
2024-04-14 14:00:00,0.0,6,4
2024-04-14 15:00:00,3.0,6,4
2024-04-14 16:00:00,7.5,6,4
2024-04-14 17:00:00,79.5,6,4
2024-04-14 18:00:00,165.0,6,4
2024-04-14 19:00:00,172.5,6,4
2024-04-14 20:00:00,160.5,6,4
2024-04-14 21:00:00,165.0,6,4
2024-04-14 22:00:00,165.0,6,4
2024-04-14 23:00:00,168.0,6,4
2024-04-15 00:00:00,163.5,0,4
2024-04-15 01:00:00,162.0,0,4
2024-04-15 02:00:00,166.5,0,4
2024-04-15 03:00:00,163.5,0,4
2024-04-15 04:00:00,159.0,0,4
2024-04-15 05:00:00,150.0,0,4
2024-04-15 06:00:00,84.0,0,4
2024-04-15 07:00:00,1.5,0,4
2024-04-15 08:00:00,0.0,0,4
2024-04-15 09:00:00,0.0,0,4
2024-04-15 10:00:00,1.5,0,4
2024-04-15 11:00:00,0.0,0,4
2024-04-15 12:00:00,0.0,0,4
2024-04-15 13:00:00,0.0,0,4
2024-04-15 14:00:00,0.0,0,4
2024-04-15 15:00:00,3.0,0,4
2024-04-15 16:00:00,3.0,0,4
2024-04-15 17:00:00,55.5,0,4
2024-04-15 18:00:00,165.0,0,4
2024-04-15 19:00:00,174.0,0,4
2024-04-15 20:00:00,136.5,0,4
2024-04-15 21:00:00,123.0,0,4
2024-04-15 22:00:00,124.5,0,4
2024-04-15 23:00:00,126.0,0,4
2024-04-16 00:00:00,126.0,1,4
2024-04-16 01:00:00,123.0,1,4
2024-04-16 02:00:00,123.0,1,4
2024-04-16 03:00:00,129.0,1,4
2024-04-16 04:00:00,126.0,1,4
2024-04-16 05:00:00,114.0,1,4
2024-04-16 06:00:00,57.0,1,4
2024-04-16 07:00:00,0.0,1,4
2024-04-16 08:00:00,0.0,1,4
2024-04-16 09:00:00,0.0,1,4
2024-04-16 10:00:00,0.0,1,4
2024-04-16 11:00:00,0.0,1,4
2024-04-16 12:00:00,0.0,1,4
2024-04-16 13:00:00,0.0,1,4
2024-04-16 14:00:00,0.0,1,4
2024-04-16 15:00:00,0.0,1,4
2024-04-16 16:00:00,0.0,1,4
2024-04-16 17:00:00,58.5,1,4
2024-04-16 18:00:00,157.5,1,4
2024-04-16 19:00:00,145.5,1,4
2024-04-16 20:00:00,142.5,1,4
2024-04-16 21:00:00,132.0,1,4
2024-04-16 22:00:00,130.5,1,4
2024-04-16 23:00:00,132.0,1,4
2024-04-17 00:00:00,133.5,2,4
2024-04-17 01:00:00,123.0,2,4
2024-04-17 02:00:00,127.5,2,4
2024-04-17 03:00:00,126.0,2,4
2024-04-17 04:00:00,124.5,2,4
2024-04-17 05:00:00,129.0,2,4
2024-04-17 06:00:00,61.5,2,4
2024-04-17 07:00:00,0.0,2,4
2024-04-17 08:00:00,3.0,2,4
2024-04-17 09:00:00,0.0,2,4
2024-04-17 10:00:00,0.0,2,4
2024-04-17 11:00:00,0.0,2,4
2024-04-17 12:00:00,0.0,2,4
2024-04-17 13:00:00,0.0,2,4
2024-04-17 14:00:00,3.0,2,4
2024-04-17 15:00:00,19.5,2,4
2024-04-17 16:00:00,87.0,2,4
2024-04-17 17:00:00,120.0,2,4
2024-04-17 18:00:00,163.5,2,4
2024-04-17 19:00:00,178.5,2,4
2024-04-17 20:00:00,141.0,2,4
2024-04-17 21:00:00,133.5,2,4
2024-04-17 22:00:00,138.0,2,4
2024-04-17 23:00:00,138.0,2,4
2024-04-18 00:00:00,133.5,3,4
2024-04-18 01:00:00,130.5,3,4
2024-04-18 02:00:00,132.0,3,4
2024-04-18 03:00:00,135.0,3,4
2024-04-18 04:00:00,133.5,3,4
2024-04-18 05:00:00,132.0,3,4
2024-04-18 06:00:00,72.0,3,4
2024-04-18 07:00:00,4.5,3,4
2024-04-18 08:00:00,3.0,3,4
2024-04-18 09:00:00,0.0,3,4
2024-04-18 10:00:00,0.0,3,4
2024-04-18 11:00:00,0.0,3,4
2024-04-18 12:00:00,0.0,3,4
2024-04-18 13:00:00,1.5,3,4
2024-04-18 14:00:00,0.0,3,4
2024-04-18 15:00:00,3.0,3,4
2024-04-18 16:00:00,0.0,3,4
2024-04-18 17:00:00,25.5,3,4
2024-04-18 18:00:00,172.5,3,4
2024-04-18 19:00:00,171.0,3,4
2024-04-18 20:00:00,160.5,3,4
2024-04-18 21:00:00,169.5,3,4
2024-04-18 22:00:00,165.0,3,4
2024-04-18 23:00:00,154.5,3,4
2024-04-19 00:00:00,148.5,4,4
2024-04-19 01:00:00,148.5,4,4
2024-04-19 02:00:00,153.0,4,4
2024-04-19 03:00:00,136.5,4,4
2024-04-19 04:00:00,136.5,4,4
2024-04-19 05:00:00,123.0,4,4
2024-04-19 06:00:00,36.0,4,4
2024-04-19 07:00:00,0.0,4,4
2024-04-19 08:00:00,0.0,4,4
2024-04-19 09:00:00,3.0,4,4
2024-04-19 10:00:00,3.0,4,4
2024-04-19 11:00:00,3.0,4,4
2024-04-19 12:00:00,0.0,4,4
2024-04-19 13:00:00,0.0,4,4
2024-04-19 14:00:00,1.5,4,4
2024-04-19 15:00:00,3.0,4,4
2024-04-19 16:00:00,1.5,4,4
2024-04-19 17:00:00,16.5,4,4
2024-04-19 18:00:00,130.5,4,4
2024-04-19 19:00:00,145.5,4,4
2024-04-19 20:00:00,156.0,4,4
2024-04-19 21:00:00,160.5,4,4
2024-04-19 22:00:00,153.0,4,4
2024-04-19 23:00:00,148.5,4,4
2024-04-20 00:00:00,135.0,5,4
2024-04-20 01:00:00,136.5,5,4
2024-04-20 02:00:00,145.5,5,4
2024-04-20 03:00:00,141.0,5,4
2024-04-20 04:00:00,132.0,5,4
2024-04-20 05:00:00,120.0,5,4
2024-04-20 06:00:00,57.0,5,4
2024-04-20 07:00:00,1.5,5,4
2024-04-20 08:00:00,0.0,5,4
2024-04-20 09:00:00,3.0,5,4
2024-04-20 10:00:00,3.0,5,4
2024-04-20 11:00:00,3.0,5,4
2024-04-20 12:00:00,3.0,5,4
2024-04-20 13:00:00,1.5,5,4
2024-04-20 14:00:00,0.0,5,4
2024-04-20 15:00:00,4.5,5,4
2024-04-20 16:00:00,1.5,5,4
2024-04-20 17:00:00,30.0,5,4
2024-04-20 18:00:00,177.0,5,4
2024-04-20 19:00:00,202.5,5,4
2024-04-20 20:00:00,211.5,5,4
2024-04-20 21:00:00,210.0,5,4
2024-04-20 22:00:00,211.5,5,4
2024-04-20 23:00:00,204.0,5,4
2024-04-21 00:00:00,196.5,6,4
2024-04-21 01:00:00,190.5,6,4
2024-04-21 02:00:00,201.0,6,4
2024-04-21 03:00:00,198.0,6,4
2024-04-21 04:00:00,192.0,6,4
2024-04-21 05:00:00,174.0,6,4
2024-04-21 06:00:00,78.0,6,4
2024-04-21 07:00:00,0.0,6,4
2024-04-21 08:00:00,0.0,6,4
2024-04-21 09:00:00,0.0,6,4
2024-04-21 10:00:00,0.0,6,4
2024-04-21 11:00:00,0.0,6,4
2024-04-21 12:00:00,0.0,6,4
2024-04-21 13:00:00,3.0,6,4
2024-04-21 14:00:00,0.0,6,4
2024-04-21 15:00:00,0.0,6,4
2024-04-21 16:00:00,0.0,6,4
2024-04-21 17:00:00,36.0,6,4
2024-04-21 18:00:00,252.0,6,4
2024-04-21 19:00:00,223.5,6,4
2024-04-21 20:00:00,453.0,6,4
2024-04-21 21:00:00,1255.5,6,4
2024-04-21 22:00:00,2146.5,6,4
2024-04-21 23:00:00,2566.5,6,4
2024-04-22 00:00:00,2476.5,0,4
2024-04-22 01:00:00,2340.0,0,4
2024-04-22 02:00:00,2610.0,0,4
2024-04-22 03:00:00,1611.0,0,4
2024-04-22 04:00:00,900.0,0,4
2024-04-22 05:00:00,759.0,0,4
2024-04-22 06:00:00,1590.0,0,4
2024-04-22 07:00:00,2049.0,0,4
2024-04-22 08:00:00,1779.0,0,4
2024-04-22 09:00:00,1513.5,0,4
2024-04-22 10:00:00,1236.0,0,4
2024-04-22 11:00:00,1308.0,0,4
2024-04-22 12:00:00,1275.0,0,4
2024-04-22 13:00:00,1455.0,0,4
2024-04-22 14:00:00,1641.0,0,4
2024-04-22 15:00:00,1563.0,0,4
2024-04-22 16:00:00,2097.0,0,4
2024-04-22 17:00:00,1908.0,0,4
2024-04-22 18:00:00,2451.0,0,4
2024-04-22 19:00:00,2647.5,0,4
2024-04-22 20:00:00,2746.5,0,4
2024-04-22 21:00:00,2791.5,0,4
2024-04-22 22:00:00,2887.5,0,4
2024-04-22 23:00:00,2871.0,0,4
2024-04-23 00:00:00,2394.0,1,4
2024-04-23 01:00:00,2613.0,1,4
2024-04-23 02:00:00,2586.0,1,4
2024-04-23 03:00:00,2632.5,1,4
2024-04-23 04:00:00,2727.0,1,4
2024-04-23 05:00:00,2521.5,1,4
2024-04-23 06:00:00,2452.5,1,4
2024-04-23 07:00:00,2091.0,1,4
2024-04-23 08:00:00,1758.0,1,4
2024-04-23 09:00:00,1467.0,1,4
2024-04-23 10:00:00,1299.0,1,4
2024-04-23 11:00:00,1281.0,1,4
2024-04-23 12:00:00,1221.0,1,4
2024-04-23 13:00:00,813.0,1,4
2024-04-23 14:00:00,468.0,1,4
2024-04-23 15:00:00,1440.0,1,4
2024-04-23 16:00:00,1585.5,1,4
2024-04-23 17:00:00,1878.0,1,4
2024-04-23 18:00:00,2221.5,1,4
2024-04-23 19:00:00,2661.0,1,4
2024-04-23 20:00:00,2704.5,1,4
2024-04-23 21:00:00,2653.5,1,4
2024-04-23 22:00:00,2776.5,1,4
2024-04-23 23:00:00,2800.5,1,4
2024-04-24 00:00:00,2836.5,2,4
2024-04-24 01:00:00,2908.5,2,4
2024-04-24 02:00:00,2532.0,2,4
2024-04-24 03:00:00,2514.0,2,4
2024-04-24 04:00:00,2940.0,2,4
2024-04-24 05:00:00,2721.0,2,4
2024-04-24 06:00:00,2584.5,2,4
2024-04-24 07:00:00,2175.0,2,4
2024-04-24 08:00:00,1236.0,2,4
2024-04-24 09:00:00,1461.0,2,4
2024-04-24 10:00:00,1362.0,2,4
2024-04-24 11:00:00,1392.0,2,4
2024-04-24 12:00:00,1245.0,2,4
2024-04-24 13:00:00,1552.5,2,4
2024-04-24 14:00:00,1342.5,2,4
2024-04-24 15:00:00,1548.0,2,4
2024-04-24 16:00:00,2077.5,2,4
2024-04-24 17:00:00,2553.0,2,4
2024-04-24 18:00:00,2815.5,2,4
2024-04-24 19:00:00,2790.0,2,4
2024-04-24 20:00:00,2790.0,2,4
2024-04-24 21:00:00,2737.5,2,4
2024-04-24 22:00:00,2797.5,2,4
2024-04-24 23:00:00,2811.0,2,4
2024-04-25 00:00:00,2536.5,3,4
2024-04-25 01:00:00,2661.0,3,4
2024-04-25 02:00:00,2706.0,3,4
2024-04-25 03:00:00,2748.0,3,4
2024-04-25 04:00:00,2239.5,3,4
2024-04-25 05:00:00,2685.0,3,4
2024-04-25 06:00:00,2527.5,3,4
2024-04-25 07:00:00,2284.5,3,4
2024-04-25 08:00:00,1962.0,3,4
2024-04-25 09:00:00,1626.0,3,4
2024-04-25 10:00:00,1332.0,3,4
2024-04-25 11:00:00,1320.0,3,4
2024-04-25 12:00:00,1458.0,3,4
2024-04-25 13:00:00,1413.0,3,4
2024-04-25 14:00:00,1641.0,3,4
2024-04-25 15:00:00,1995.0,3,4
2024-04-25 16:00:00,2107.5,3,4
2024-04-25 17:00:00,2473.5,3,4
2024-04-25 18:00:00,2782.5,3,4
2024-04-25 19:00:00,2565.0,3,4
2024-04-25 20:00:00,2827.5,3,4
2024-04-25 21:00:00,2163.0,3,4
2024-04-25 22:00:00,2757.0,3,4
2024-04-25 23:00:00,2263.5,3,4
2024-04-26 00:00:00,2116.5,4,4
2024-04-26 01:00:00,3037.5,4,4
2024-04-26 02:00:00,2221.5,4,4
2024-04-26 03:00:00,2551.5,4,4
2024-04-26 04:00:00,2760.0,4,4
2024-04-26 05:00:00,2176.5,4,4
2024-04-26 06:00:00,1018.5,4,4
2024-04-26 07:00:00,165.0,4,4
2024-04-26 08:00:00,0.0,4,4
2024-04-26 09:00:00,0.0,4,4
2024-04-26 10:00:00,0.0,4,4
2024-04-26 11:00:00,0.0,4,4
2024-04-26 12:00:00,0.0,4,4
2024-04-26 13:00:00,3.0,4,4
2024-04-26 14:00:00,3.0,4,4
2024-04-26 15:00:00,1.5,4,4
2024-04-26 16:00:00,18.0,4,4
2024-04-26 17:00:00,69.0,4,4
2024-04-26 18:00:00,168.0,4,4
2024-04-26 19:00:00,180.0,4,4
2024-04-26 20:00:00,177.0,4,4
2024-04-26 21:00:00,162.0,4,4
2024-04-26 22:00:00,183.0,4,4
2024-04-26 23:00:00,189.0,4,4
2024-04-27 00:00:00,196.5,5,4
2024-04-27 01:00:00,177.0,5,4
2024-04-27 02:00:00,166.5,5,4
2024-04-27 03:00:00,163.5,5,4
2024-04-27 04:00:00,178.5,5,4
2024-04-27 05:00:00,159.0,5,4
2024-04-27 06:00:00,133.5,5,4
2024-04-27 07:00:00,21.0,5,4
2024-04-27 08:00:00,96.0,5,4
2024-04-27 09:00:00,843.0,5,4
2024-04-27 10:00:00,816.0,5,4
2024-04-27 11:00:00,1191.0,5,4
2024-04-27 12:00:00,1206.0,5,4
2024-04-27 13:00:00,1332.0,5,4
2024-04-27 14:00:00,1758.0,5,4
2024-04-27 15:00:00,1920.0,5,4
2024-04-27 16:00:00,2041.5,5,4
2024-04-27 17:00:00,2745.0,5,4
2024-04-27 18:00:00,2131.5,5,4
2024-04-27 19:00:00,2523.0,5,4
2024-04-27 20:00:00,2602.5,5,4
2024-04-27 21:00:00,2532.0,5,4
2024-04-27 22:00:00,2433.0,5,4
2024-04-27 23:00:00,2559.0,5,4
2024-04-28 00:00:00,2764.5,6,4
2024-04-28 01:00:00,2133.0,6,4
2024-04-28 02:00:00,2863.5,6,4
2024-04-28 03:00:00,2808.0,6,4
2024-04-28 04:00:00,2911.5,6,4
2024-04-28 05:00:00,2605.5,6,4
2024-04-28 06:00:00,2283.0,6,4
2024-04-28 07:00:00,2211.0,6,4
2024-04-28 08:00:00,1668.0,6,4
2024-04-28 09:00:00,1515.0,6,4
2024-04-28 10:00:00,1212.0,6,4
2024-04-28 11:00:00,864.0,6,4
2024-04-28 12:00:00,1476.0,6,4
2024-04-28 13:00:00,1110.0,6,4
2024-04-28 14:00:00,922.5,6,4
2024-04-28 15:00:00,1495.5,6,4
2024-04-28 16:00:00,2113.5,6,4
2024-04-28 17:00:00,2220.0,6,4
2024-04-28 18:00:00,2422.5,6,4
2024-04-28 19:00:00,2358.0,6,4
2024-04-28 20:00:00,2562.0,6,4
2024-04-28 21:00:00,2574.0,6,4
2024-04-28 22:00:00,2680.5,6,4
2024-04-28 23:00:00,2764.5,6,4
2024-04-29 00:00:00,2883.0,0,4
2024-04-29 01:00:00,2641.5,0,4
2024-04-29 02:00:00,2277.0,0,4
2024-04-29 03:00:00,2773.5,0,4
2024-04-29 04:00:00,2748.0,0,4
2024-04-29 05:00:00,2887.5,0,4
2024-04-29 06:00:00,2418.0,0,4
2024-04-29 07:00:00,1731.0,0,4
2024-04-29 08:00:00,1806.0,0,4
2024-04-29 09:00:00,1318.5,0,4
2024-04-29 10:00:00,1392.0,0,4
2024-04-29 11:00:00,1398.0,0,4
2024-04-29 12:00:00,675.0,0,4
2024-04-29 13:00:00,1566.0,0,4
2024-04-29 14:00:00,1521.0,0,4
2024-04-29 15:00:00,1987.5,0,4
2024-04-29 16:00:00,2169.0,0,4
2024-04-29 17:00:00,2481.0,0,4
2024-04-29 18:00:00,2697.0,0,4
2024-04-29 19:00:00,2568.0,0,4
2024-04-29 20:00:00,2154.0,0,4
2024-04-29 21:00:00,2064.0,0,4
2024-04-29 22:00:00,2157.0,0,4
2024-04-29 23:00:00,2187.0,0,4
2024-04-30 00:00:00,2644.5,1,4
2024-04-30 01:00:00,2781.0,1,4
2024-04-30 02:00:00,2779.5,1,4
2024-04-30 03:00:00,2196.0,1,4
2024-04-30 04:00:00,2614.5,1,4
2024-04-30 05:00:00,2646.0,1,4
2024-04-30 06:00:00,2644.5,1,4
2024-04-30 07:00:00,1680.0,1,4
2024-04-30 08:00:00,1851.0,1,4
2024-04-30 09:00:00,921.0,1,4
2024-04-30 10:00:00,1566.0,1,4
2024-04-30 11:00:00,672.0,1,4
2024-04-30 12:00:00,1266.0,1,4
2024-04-30 13:00:00,1377.0,1,4
2024-04-30 14:00:00,1092.0,1,4
2024-04-30 15:00:00,1482.0,1,4
2024-04-30 16:00:00,2316.0,1,4
2024-04-30 17:00:00,2275.5,1,4
2024-04-30 18:00:00,2346.0,1,4
2024-04-30 19:00:00,2791.5,1,4
2024-04-30 20:00:00,2781.0,1,4
2024-04-30 21:00:00,2722.5,1,4
2024-04-30 22:00:00,2694.0,1,4
2024-04-30 23:00:00,2331.0,1,4
2024-05-01 00:00:00,1347.0,2,5
2024-05-01 01:00:00,1300.5,2,5
2024-05-01 02:00:00,1236.0,2,5
2024-05-01 03:00:00,1131.0,2,5
2024-05-01 04:00:00,1084.5,2,5
2024-05-01 05:00:00,768.0,2,5
2024-05-01 06:00:00,91.5,2,5
2024-05-01 07:00:00,0.0,2,5
2024-05-01 08:00:00,0.0,2,5
2024-05-01 09:00:00,0.0,2,5
2024-05-01 10:00:00,0.0,2,5
2024-05-01 11:00:00,0.0,2,5
2024-05-01 12:00:00,0.0,2,5
2024-05-01 13:00:00,0.0,2,5
2024-05-01 14:00:00,0.0,2,5
2024-05-01 15:00:00,0.0,2,5
2024-05-01 16:00:00,18.0,2,5
2024-05-01 17:00:00,27.0,2,5
2024-05-01 18:00:00,142.5,2,5
2024-05-01 19:00:00,159.0,2,5
2024-05-01 20:00:00,160.5,2,5
2024-05-01 21:00:00,162.0,2,5
2024-05-01 22:00:00,160.5,2,5
2024-05-01 23:00:00,168.0,2,5
2024-05-02 00:00:00,160.5,3,5
2024-05-02 01:00:00,159.0,3,5
2024-05-02 02:00:00,160.5,3,5
2024-05-02 03:00:00,162.0,3,5
2024-05-02 04:00:00,151.5,3,5
2024-05-02 05:00:00,154.5,3,5
2024-05-02 06:00:00,178.5,3,5
2024-05-02 07:00:00,13.5,3,5
2024-05-02 08:00:00,15.0,3,5
2024-05-02 09:00:00,202.5,3,5
2024-05-02 10:00:00,598.5,3,5
2024-05-02 11:00:00,691.5,3,5
2024-05-02 12:00:00,330.0,3,5
2024-05-02 13:00:00,747.0,3,5
2024-05-02 14:00:00,814.5,3,5
2024-05-02 15:00:00,825.0,3,5
2024-05-02 16:00:00,1101.0,3,5
2024-05-02 17:00:00,1278.0,3,5
2024-05-02 18:00:00,1498.5,3,5
2024-05-02 19:00:00,1471.5,3,5
2024-05-02 20:00:00,1452.0,3,5
2024-05-02 21:00:00,1713.0,3,5
2024-05-02 22:00:00,1461.0,3,5
2024-05-02 23:00:00,1635.0,3,5
2024-05-03 00:00:00,1543.5,4,5
2024-05-03 01:00:00,1686.0,4,5
2024-05-03 02:00:00,1393.5,4,5
2024-05-03 03:00:00,1683.0,4,5
2024-05-03 04:00:00,1551.0,4,5
2024-05-03 05:00:00,1660.5,4,5
2024-05-03 06:00:00,1435.5,4,5
2024-05-03 07:00:00,1120.5,4,5
2024-05-03 08:00:00,843.0,4,5
2024-05-03 09:00:00,852.0,4,5
2024-05-03 10:00:00,621.0,4,5
2024-05-03 11:00:00,624.0,4,5
2024-05-03 12:00:00,673.5,4,5
2024-05-03 13:00:00,895.5,4,5
2024-05-03 14:00:00,1209.0,4,5
2024-05-03 15:00:00,1293.0,4,5
2024-05-03 16:00:00,1480.5,4,5
2024-05-03 17:00:00,1521.0,4,5
2024-05-03 18:00:00,1968.0,4,5
2024-05-03 19:00:00,1915.5,4,5
2024-05-03 20:00:00,1875.0,4,5
2024-05-03 21:00:00,1776.0,4,5
2024-05-03 22:00:00,1833.0,4,5
2024-05-03 23:00:00,1783.5,4,5
2024-05-04 00:00:00,1612.5,5,5
2024-05-04 01:00:00,1782.0,5,5
2024-05-04 02:00:00,1815.0,5,5
2024-05-04 03:00:00,1857.0,5,5
2024-05-04 04:00:00,1879.5,5,5
2024-05-04 05:00:00,1713.0,5,5
2024-05-04 06:00:00,1255.5,5,5
2024-05-04 07:00:00,1138.5,5,5
2024-05-04 08:00:00,804.0,5,5
2024-05-04 09:00:00,541.5,5,5
2024-05-04 10:00:00,357.0,5,5
2024-05-04 11:00:00,300.0,5,5
2024-05-04 12:00:00,636.0,5,5
2024-05-04 13:00:00,831.0,5,5
2024-05-04 14:00:00,946.5,5,5
2024-05-04 15:00:00,1117.5,5,5
2024-05-04 16:00:00,1185.0,5,5
2024-05-04 17:00:00,1722.0,5,5
2024-05-04 18:00:00,1644.0,5,5
2024-05-04 19:00:00,916.5,5,5
2024-05-04 20:00:00,889.5,5,5
2024-05-04 21:00:00,1179.0,5,5
2024-05-04 22:00:00,1293.0,5,5
2024-05-04 23:00:00,1203.0,5,5
2024-05-05 00:00:00,1539.0,6,5
2024-05-05 01:00:00,1713.0,6,5
2024-05-05 02:00:00,1386.0,6,5
2024-05-05 03:00:00,1701.0,6,5
2024-05-05 04:00:00,1626.0,6,5
2024-05-05 05:00:00,1267.5,6,5
2024-05-05 06:00:00,1306.5,6,5
2024-05-05 07:00:00,574.5,6,5
2024-05-05 08:00:00,57.0,6,5
2024-05-05 09:00:00,79.5,6,5
2024-05-05 10:00:00,447.0,6,5
2024-05-05 11:00:00,327.0,6,5
2024-05-05 12:00:00,348.0,6,5
2024-05-05 13:00:00,1045.5,6,5
2024-05-05 14:00:00,1450.5,6,5
2024-05-05 15:00:00,1512.0,6,5
2024-05-05 16:00:00,1218.0,6,5
2024-05-05 17:00:00,1632.0,6,5
2024-05-05 18:00:00,1588.5,6,5
2024-05-05 19:00:00,1402.5,6,5
2024-05-05 20:00:00,1381.5,6,5
2024-05-05 21:00:00,1681.5,6,5
2024-05-05 22:00:00,1629.0,6,5
2024-05-05 23:00:00,1593.0,6,5
2024-05-06 00:00:00,1662.0,0,5
2024-05-06 01:00:00,1554.0,0,5
2024-05-06 02:00:00,1468.5,0,5
2024-05-06 03:00:00,1656.0,0,5
2024-05-06 04:00:00,1627.5,0,5
2024-05-06 05:00:00,1639.5,0,5
2024-05-06 06:00:00,1296.0,0,5
2024-05-06 07:00:00,511.5,0,5
2024-05-06 08:00:00,174.0,0,5
2024-05-06 09:00:00,13.5,0,5
2024-05-06 10:00:00,10.5,0,5
2024-05-06 11:00:00,15.0,0,5
2024-05-06 12:00:00,27.0,0,5
2024-05-06 13:00:00,7.5,0,5
2024-05-06 14:00:00,15.0,0,5
2024-05-06 15:00:00,57.0,0,5
2024-05-06 16:00:00,58.5,0,5
2024-05-06 17:00:00,214.5,0,5
2024-05-06 18:00:00,307.5,0,5
2024-05-06 19:00:00,280.5,0,5
2024-05-06 20:00:00,288.0,0,5
2024-05-06 21:00:00,249.0,0,5
2024-05-06 22:00:00,238.5,0,5
2024-05-06 23:00:00,211.5,0,5
2024-05-07 00:00:00,213.0,1,5
2024-05-07 01:00:00,226.5,1,5
2024-05-07 02:00:00,277.5,1,5
2024-05-07 03:00:00,279.0,1,5
2024-05-07 04:00:00,243.0,1,5
2024-05-07 05:00:00,243.0,1,5
2024-05-07 06:00:00,349.5,1,5
2024-05-07 07:00:00,759.0,1,5
2024-05-07 08:00:00,795.0,1,5
2024-05-07 09:00:00,1221.0,1,5
2024-05-07 10:00:00,1221.0,1,5
2024-05-07 11:00:00,804.0,1,5
2024-05-07 12:00:00,718.5,1,5
2024-05-07 13:00:00,1071.0,1,5
2024-05-07 14:00:00,852.0,1,5
2024-05-07 15:00:00,1096.5,1,5
2024-05-07 16:00:00,1129.5,1,5
2024-05-07 17:00:00,1150.5,1,5
2024-05-07 18:00:00,1629.0,1,5
2024-05-07 19:00:00,1534.5,1,5
2024-05-07 20:00:00,1494.0,1,5
2024-05-07 21:00:00,1467.0,1,5
2024-05-07 22:00:00,1675.5,1,5
2024-05-07 23:00:00,1821.0,1,5
2024-05-08 00:00:00,1720.5,2,5
2024-05-08 01:00:00,1494.0,2,5
2024-05-08 02:00:00,1759.5,2,5
2024-05-08 03:00:00,1573.5,2,5
2024-05-08 04:00:00,1762.5,2,5
2024-05-08 05:00:00,1755.0,2,5
2024-05-08 06:00:00,1555.5,2,5
2024-05-08 07:00:00,1011.0,2,5
2024-05-08 08:00:00,703.5,2,5
2024-05-08 09:00:00,658.5,2,5
2024-05-08 10:00:00,531.0,2,5
2024-05-08 11:00:00,385.5,2,5
2024-05-08 12:00:00,549.0,2,5
2024-05-08 13:00:00,453.0,2,5
2024-05-08 14:00:00,732.0,2,5
2024-05-08 15:00:00,589.5,2,5
2024-05-08 16:00:00,814.5,2,5
2024-05-08 17:00:00,1414.5,2,5
2024-05-08 18:00:00,1644.0,2,5
2024-05-08 19:00:00,1593.0,2,5
2024-05-08 20:00:00,1584.0,2,5
2024-05-08 21:00:00,1707.0,2,5
2024-05-08 22:00:00,1537.5,2,5
2024-05-08 23:00:00,1507.5,2,5
2024-05-09 00:00:00,1560.0,3,5
2024-05-09 01:00:00,1233.0,3,5
2024-05-09 02:00:00,1677.0,3,5
2024-05-09 03:00:00,1665.0,3,5
2024-05-09 04:00:00,1708.5,3,5
2024-05-09 05:00:00,1671.0,3,5
2024-05-09 06:00:00,1287.0,3,5
2024-05-09 07:00:00,1378.5,3,5
2024-05-09 08:00:00,1137.0,3,5
2024-05-09 09:00:00,1150.5,3,5
2024-05-09 10:00:00,804.0,3,5
2024-05-09 11:00:00,349.5,3,5
2024-05-09 12:00:00,748.5,3,5
2024-05-09 13:00:00,169.5,3,5
2024-05-09 14:00:00,462.0,3,5
2024-05-09 15:00:00,507.0,3,5
2024-05-09 16:00:00,1239.0,3,5
2024-05-09 17:00:00,1419.0,3,5
2024-05-09 18:00:00,1708.5,3,5
2024-05-09 19:00:00,1779.0,3,5
2024-05-09 20:00:00,1795.5,3,5
2024-05-09 21:00:00,1804.5,3,5
2024-05-09 22:00:00,1752.0,3,5
2024-05-09 23:00:00,1686.0,3,5
2024-05-10 00:00:00,1344.0,4,5
2024-05-10 01:00:00,1531.5,4,5
2024-05-10 02:00:00,1678.5,4,5
2024-05-10 03:00:00,1698.0,4,5
2024-05-10 04:00:00,1729.5,4,5
2024-05-10 05:00:00,1726.5,4,5
2024-05-10 06:00:00,1303.5,4,5
2024-05-10 07:00:00,1293.0,4,5
2024-05-10 08:00:00,994.5,4,5
2024-05-10 09:00:00,724.5,4,5
2024-05-10 10:00:00,805.5,4,5
2024-05-10 11:00:00,862.5,4,5
2024-05-10 12:00:00,907.5,4,5
2024-05-10 13:00:00,1024.5,4,5
2024-05-10 14:00:00,1245.0,4,5
2024-05-10 15:00:00,912.0,4,5
2024-05-10 16:00:00,1363.5,4,5
2024-05-10 17:00:00,1245.0,4,5
2024-05-10 18:00:00,1843.5,4,5
2024-05-10 19:00:00,1474.5,4,5
2024-05-10 20:00:00,1404.0,4,5
2024-05-10 21:00:00,1885.5,4,5
2024-05-10 22:00:00,2064.0,4,5
2024-05-10 23:00:00,2604.0,4,5
2024-05-11 00:00:00,2833.5,5,5
2024-05-11 01:00:00,2863.5,5,5
2024-05-11 02:00:00,2649.0,5,5
2024-05-11 03:00:00,2764.5,5,5
2024-05-11 04:00:00,2802.0,5,5
2024-05-11 05:00:00,2482.5,5,5
2024-05-11 06:00:00,2422.5,5,5
2024-05-11 07:00:00,2443.5,5,5
2024-05-11 08:00:00,2947.5,5,5
2024-05-11 09:00:00,2890.5,5,5
2024-05-11 10:00:00,2337.0,5,5
2024-05-11 11:00:00,2518.5,5,5
2024-05-11 12:00:00,2071.5,5,5
2024-05-11 13:00:00,1581.0,5,5
2024-05-11 14:00:00,2662.5,5,5
2024-05-11 15:00:00,2140.5,5,5
2024-05-11 16:00:00,2829.0,5,5
2024-05-11 17:00:00,3639.0,5,5
2024-05-11 18:00:00,3747.0,5,5
2024-05-11 19:00:00,3519.0,5,5
2024-05-11 20:00:00,3523.5,5,5
2024-05-11 21:00:00,3705.0,5,5
2024-05-11 22:00:00,3505.5,5,5
2024-05-11 23:00:00,3696.0,5,5
2024-05-12 00:00:00,3721.5,6,5
2024-05-12 01:00:00,3895.5,6,5
2024-05-12 02:00:00,3003.0,6,5
2024-05-12 03:00:00,2838.0,6,5
2024-05-12 04:00:00,3973.5,6,5
2024-05-12 05:00:00,3898.5,6,5
2024-05-12 06:00:00,3463.5,6,5
2024-05-12 07:00:00,3133.5,6,5
2024-05-12 08:00:00,1936.5,6,5
2024-05-12 09:00:00,2247.0,6,5
2024-05-12 10:00:00,1773.0,6,5
2024-05-12 11:00:00,1329.0,6,5
2024-05-12 12:00:00,1525.5,6,5
2024-05-12 13:00:00,1998.0,6,5
2024-05-12 14:00:00,2751.0,6,5
2024-05-12 15:00:00,2844.0,6,5
2024-05-12 16:00:00,3298.5,6,5
2024-05-12 17:00:00,3864.0,6,5
2024-05-12 18:00:00,4023.0,6,5
2024-05-12 19:00:00,3798.0,6,5
2024-05-12 20:00:00,3331.5,6,5
2024-05-12 21:00:00,4177.5,6,5
2024-05-12 22:00:00,4063.5,6,5
2024-05-12 23:00:00,3937.5,6,5
2024-05-13 00:00:00,4039.5,0,5
2024-05-13 01:00:00,3831.0,0,5
2024-05-13 02:00:00,3793.5,0,5
2024-05-13 03:00:00,3903.0,0,5
2024-05-13 04:00:00,3958.5,0,5
2024-05-13 05:00:00,3747.0,0,5
2024-05-13 06:00:00,3513.0,0,5
2024-05-13 07:00:00,3337.5,0,5
2024-05-13 08:00:00,3015.0,0,5
2024-05-13 09:00:00,3130.5,0,5
2024-05-13 10:00:00,3613.5,0,5
2024-05-13 11:00:00,3357.0,0,5
2024-05-13 12:00:00,3141.0,0,5
2024-05-13 13:00:00,3018.0,0,5
2024-05-13 14:00:00,2809.5,0,5
2024-05-13 15:00:00,2767.5,0,5
2024-05-13 16:00:00,2904.0,0,5
2024-05-13 17:00:00,3844.5,0,5
2024-05-13 18:00:00,4023.0,0,5
2024-05-13 19:00:00,3972.0,0,5
2024-05-13 20:00:00,3958.5,0,5
2024-05-13 21:00:00,3451.5,0,5
2024-05-13 22:00:00,3220.5,0,5
2024-05-13 23:00:00,2770.5,0,5
2024-05-14 00:00:00,3643.5,1,5
2024-05-14 01:00:00,3636.0,1,5
2024-05-14 02:00:00,2320.5,1,5
2024-05-14 03:00:00,3147.0,1,5
2024-05-14 04:00:00,3084.0,1,5
2024-05-14 05:00:00,3147.0,1,5
2024-05-14 06:00:00,2793.0,1,5
2024-05-14 07:00:00,2145.0,1,5
2024-05-14 08:00:00,1281.0,1,5
2024-05-14 09:00:00,1600.5,1,5
2024-05-14 10:00:00,1521.0,1,5
2024-05-14 11:00:00,796.5,1,5
2024-05-14 12:00:00,1119.0,1,5
2024-05-14 13:00:00,1953.0,1,5
2024-05-14 14:00:00,1660.5,1,5
2024-05-14 15:00:00,1666.5,1,5
2024-05-14 16:00:00,2190.0,1,5
2024-05-14 17:00:00,2518.5,1,5
2024-05-14 18:00:00,2797.5,1,5
2024-05-14 19:00:00,2739.0,1,5
2024-05-14 20:00:00,2754.0,1,5
2024-05-14 21:00:00,2679.0,1,5
2024-05-14 22:00:00,2763.0,1,5
2024-05-14 23:00:00,2505.0,1,5
2024-05-15 00:00:00,2868.0,2,5
2024-05-15 01:00:00,2736.0,2,5
2024-05-15 02:00:00,2772.0,2,5
2024-05-15 03:00:00,2302.5,2,5
2024-05-15 04:00:00,2785.5,2,5
2024-05-15 05:00:00,2680.5,2,5
2024-05-15 06:00:00,2439.0,2,5
2024-05-15 07:00:00,2373.0,2,5
2024-05-15 08:00:00,1782.0,2,5
2024-05-15 09:00:00,1582.5,2,5
2024-05-15 10:00:00,1659.0,2,5
2024-05-15 11:00:00,1569.0,2,5
2024-05-15 12:00:00,1089.0,2,5
2024-05-15 13:00:00,1107.0,2,5
2024-05-15 14:00:00,1092.0,2,5
2024-05-15 15:00:00,1719.0,2,5
2024-05-15 16:00:00,2008.5,2,5
2024-05-15 17:00:00,2488.5,2,5
2024-05-15 18:00:00,2596.5,2,5
2024-05-15 19:00:00,2589.0,2,5
2024-05-15 20:00:00,2634.0,2,5
2024-05-15 21:00:00,2670.0,2,5
2024-05-15 22:00:00,2395.5,2,5
2024-05-15 23:00:00,2196.0,2,5
2024-05-16 00:00:00,2806.5,3,5
2024-05-16 01:00:00,2250.0,3,5
2024-05-16 02:00:00,2682.0,3,5
2024-05-16 03:00:00,2547.0,3,5
2024-05-16 04:00:00,2397.0,3,5
2024-05-16 05:00:00,2509.5,3,5
2024-05-16 06:00:00,1114.5,3,5
2024-05-16 07:00:00,534.0,3,5
2024-05-16 08:00:00,27.0,3,5
2024-05-16 09:00:00,0.0,3,5
2024-05-16 10:00:00,0.0,3,5
2024-05-16 11:00:00,3.0,3,5
2024-05-16 12:00:00,0.0,3,5
2024-05-16 13:00:00,0.0,3,5
2024-05-16 14:00:00,27.0,3,5
2024-05-16 15:00:00,19.5,3,5
2024-05-16 16:00:00,3.0,3,5
2024-05-16 17:00:00,31.5,3,5
2024-05-16 18:00:00,207.0,3,5
2024-05-16 19:00:00,217.5,3,5
2024-05-16 20:00:00,229.5,3,5
2024-05-16 21:00:00,225.0,3,5
2024-05-16 22:00:00,222.0,3,5
2024-05-16 23:00:00,219.0,3,5
2024-05-17 00:00:00,222.0,4,5
2024-05-17 01:00:00,210.0,4,5
2024-05-17 02:00:00,193.5,4,5
2024-05-17 03:00:00,211.5,4,5
2024-05-17 04:00:00,207.0,4,5
2024-05-17 05:00:00,186.0,4,5
2024-05-17 06:00:00,94.5,4,5
2024-05-17 07:00:00,10.5,4,5
2024-05-17 08:00:00,0.0,4,5
2024-05-17 09:00:00,3.0,4,5
2024-05-17 10:00:00,0.0,4,5
2024-05-17 11:00:00,0.0,4,5
2024-05-17 12:00:00,0.0,4,5
2024-05-17 13:00:00,15.0,4,5
2024-05-17 14:00:00,108.0,4,5
2024-05-17 15:00:00,138.0,4,5
2024-05-17 16:00:00,4.5,4,5
2024-05-17 17:00:00,51.0,4,5
2024-05-17 18:00:00,159.0,4,5
2024-05-17 19:00:00,162.0,4,5
2024-05-17 20:00:00,213.0,4,5
2024-05-17 21:00:00,228.0,4,5
2024-05-17 22:00:00,228.0,4,5
2024-05-17 23:00:00,213.0,4,5
2024-05-18 00:00:00,171.0,5,5
2024-05-18 01:00:00,175.5,5,5
2024-05-18 02:00:00,198.0,5,5
2024-05-18 03:00:00,220.5,5,5
2024-05-18 04:00:00,168.0,5,5
2024-05-18 05:00:00,156.0,5,5
2024-05-18 06:00:00,666.0,5,5
2024-05-18 07:00:00,996.0,5,5
2024-05-18 08:00:00,1579.5,5,5
2024-05-18 09:00:00,1476.0,5,5
2024-05-18 10:00:00,1386.0,5,5
2024-05-18 11:00:00,1389.0,5,5
2024-05-18 12:00:00,1645.5,5,5
2024-05-18 13:00:00,1818.0,5,5
2024-05-18 14:00:00,1965.0,5,5
2024-05-18 15:00:00,2661.0,5,5
2024-05-18 16:00:00,2650.5,5,5
2024-05-18 17:00:00,2754.0,5,5
2024-05-18 18:00:00,2731.5,5,5
2024-05-18 19:00:00,2608.5,5,5
2024-05-18 20:00:00,2160.0,5,5
2024-05-18 21:00:00,2029.5,5,5
2024-05-18 22:00:00,2013.0,5,5
2024-05-18 23:00:00,2046.0,5,5
2024-05-19 00:00:00,1890.0,6,5
2024-05-19 01:00:00,2424.0,6,5
2024-05-19 02:00:00,2634.0,6,5
2024-05-19 03:00:00,2511.0,6,5
2024-05-19 04:00:00,2709.0,6,5
2024-05-19 05:00:00,2628.0,6,5
2024-05-19 06:00:00,2397.0,6,5
2024-05-19 07:00:00,2050.5,6,5
2024-05-19 08:00:00,1797.0,6,5
2024-05-19 09:00:00,1537.5,6,5
2024-05-19 10:00:00,1053.0,6,5
2024-05-19 11:00:00,1083.0,6,5
2024-05-19 12:00:00,1212.0,6,5
2024-05-19 13:00:00,1176.0,6,5
2024-05-19 14:00:00,1267.5,6,5
2024-05-19 15:00:00,2226.0,6,5
2024-05-19 16:00:00,2176.5,6,5
2024-05-19 17:00:00,2706.0,6,5
2024-05-19 18:00:00,2278.5,6,5
2024-05-19 19:00:00,2704.5,6,5
2024-05-19 20:00:00,2529.0,6,5
2024-05-19 21:00:00,2707.5,6,5
2024-05-19 22:00:00,2425.5,6,5
2024-05-19 23:00:00,2833.5,6,5
2024-05-20 00:00:00,2319.0,0,5
2024-05-20 01:00:00,2835.0,0,5
2024-05-20 02:00:00,2493.0,0,5
2024-05-20 03:00:00,2547.0,0,5
2024-05-20 04:00:00,2790.0,0,5
2024-05-20 05:00:00,2230.5,0,5
2024-05-20 06:00:00,2172.0,0,5
2024-05-20 07:00:00,1611.0,0,5
2024-05-20 08:00:00,2286.0,0,5
2024-05-20 09:00:00,2383.5,0,5
2024-05-20 10:00:00,2481.0,0,5
2024-05-20 11:00:00,1605.0,0,5
2024-05-20 12:00:00,1321.5,0,5
2024-05-20 13:00:00,1407.0,0,5
2024-05-20 14:00:00,1074.0,0,5
2024-05-20 15:00:00,2169.0,0,5
2024-05-20 16:00:00,3012.0,0,5
2024-05-20 17:00:00,3318.0,0,5
2024-05-20 18:00:00,3504.0,0,5
2024-05-20 19:00:00,3996.0,0,5
2024-05-20 20:00:00,4047.0,0,5
2024-05-20 21:00:00,3868.5,0,5
2024-05-20 22:00:00,4083.0,0,5
2024-05-20 23:00:00,4161.0,0,5
2024-05-21 00:00:00,3526.5,1,5
2024-05-21 01:00:00,4053.0,1,5
2024-05-21 02:00:00,3244.5,1,5
2024-05-21 03:00:00,2850.0,1,5
2024-05-21 04:00:00,2289.0,1,5
2024-05-21 05:00:00,1974.0,1,5
2024-05-21 06:00:00,1870.5,1,5
2024-05-21 07:00:00,1396.5,1,5
2024-05-21 08:00:00,2389.5,1,5
2024-05-21 09:00:00,4188.0,1,5
2024-05-21 10:00:00,3993.0,1,5
2024-05-21 11:00:00,3001.5,1,5
2024-05-21 12:00:00,2014.5,1,5
2024-05-21 13:00:00,2308.5,1,5
2024-05-21 14:00:00,2746.5,1,5
2024-05-21 15:00:00,2899.5,1,5
2024-05-21 16:00:00,3415.5,1,5
2024-05-21 17:00:00,3742.5,1,5
2024-05-21 18:00:00,3775.5,1,5
2024-05-21 19:00:00,3964.5,1,5
2024-05-21 20:00:00,4122.0,1,5
2024-05-21 21:00:00,4093.5,1,5
2024-05-21 22:00:00,4033.5,1,5
2024-05-21 23:00:00,4242.0,1,5
2024-05-22 00:00:00,4039.5,2,5
2024-05-22 01:00:00,3877.5,2,5
2024-05-22 02:00:00,3645.0,2,5
2024-05-22 03:00:00,2523.0,2,5
2024-05-22 04:00:00,2499.0,2,5
2024-05-22 05:00:00,2487.0,2,5
2024-05-22 06:00:00,2289.0,2,5
2024-05-22 07:00:00,1896.0,2,5
2024-05-22 08:00:00,1246.5,2,5
2024-05-22 09:00:00,541.5,2,5
2024-05-22 10:00:00,810.0,2,5
2024-05-22 11:00:00,702.0,2,5
2024-05-22 12:00:00,345.0,2,5
2024-05-22 13:00:00,814.5,2,5
2024-05-22 14:00:00,181.5,2,5
2024-05-22 15:00:00,1111.5,2,5
2024-05-22 16:00:00,1347.0,2,5
2024-05-22 17:00:00,1383.0,2,5
2024-05-22 18:00:00,1327.5,2,5
2024-05-22 19:00:00,1405.5,2,5
2024-05-22 20:00:00,1179.0,2,5
2024-05-22 21:00:00,1305.0,2,5
2024-05-22 22:00:00,1278.0,2,5
2024-05-22 23:00:00,1356.0,2,5
2024-05-23 00:00:00,1239.0,3,5
2024-05-23 01:00:00,1296.0,3,5
2024-05-23 02:00:00,1294.5,3,5
2024-05-23 03:00:00,1369.5,3,5
2024-05-23 04:00:00,1731.0,3,5
2024-05-23 05:00:00,1699.5,3,5
2024-05-23 06:00:00,1572.0,3,5
2024-05-23 07:00:00,1357.5,3,5
2024-05-23 08:00:00,1284.0,3,5
2024-05-23 09:00:00,808.5,3,5
2024-05-23 10:00:00,964.5,3,5
2024-05-23 11:00:00,775.5,3,5
2024-05-23 12:00:00,808.5,3,5
2024-05-23 13:00:00,924.0,3,5
2024-05-23 14:00:00,969.0,3,5
2024-05-23 15:00:00,1138.5,3,5
2024-05-23 16:00:00,1509.0,3,5
2024-05-23 17:00:00,1245.0,3,5
2024-05-23 18:00:00,1575.0,3,5
2024-05-23 19:00:00,1407.0,3,5
2024-05-23 20:00:00,1491.0,3,5
2024-05-23 21:00:00,1386.0,3,5
2024-05-23 22:00:00,1738.5,3,5
2024-05-23 23:00:00,1662.0,3,5
2024-05-24 00:00:00,1785.0,4,5
2024-05-24 01:00:00,1638.0,4,5
2024-05-24 02:00:00,1761.0,4,5
2024-05-24 03:00:00,1797.0,4,5
2024-05-24 04:00:00,1536.0,4,5
2024-05-24 05:00:00,1750.5,4,5
2024-05-24 06:00:00,1221.0,4,5
2024-05-24 07:00:00,1144.5,4,5
2024-05-24 08:00:00,987.0,4,5
2024-05-24 09:00:00,1002.0,4,5
2024-05-24 10:00:00,366.0,4,5
2024-05-24 11:00:00,738.0,4,5
2024-05-24 12:00:00,447.0,4,5
2024-05-24 13:00:00,553.5,4,5
2024-05-24 14:00:00,693.0,4,5
2024-05-24 15:00:00,847.5,4,5
2024-05-24 16:00:00,1405.5,4,5
2024-05-24 17:00:00,1162.5,4,5
2024-05-24 18:00:00,1330.5,4,5
2024-05-24 19:00:00,1411.5,4,5
2024-05-24 20:00:00,1410.0,4,5
2024-05-24 21:00:00,1828.5,4,5
2024-05-24 22:00:00,1441.5,4,5
2024-05-24 23:00:00,1408.5,4,5
2024-05-25 00:00:00,1429.5,5,5
2024-05-25 01:00:00,1441.5,5,5
2024-05-25 02:00:00,1477.5,5,5
2024-05-25 03:00:00,1770.0,5,5
2024-05-25 04:00:00,1648.5,5,5
2024-05-25 05:00:00,1744.5,5,5
2024-05-25 06:00:00,1272.0,5,5
2024-05-25 07:00:00,972.0,5,5
2024-05-25 08:00:00,547.5,5,5
2024-05-25 09:00:00,721.5,5,5
2024-05-25 10:00:00,762.0,5,5
2024-05-25 11:00:00,754.5,5,5
2024-05-25 12:00:00,690.0,5,5
2024-05-25 13:00:00,411.0,5,5
2024-05-25 14:00:00,427.5,5,5
2024-05-25 15:00:00,760.5,5,5
2024-05-25 16:00:00,792.0,5,5
2024-05-25 17:00:00,1317.0,5,5
2024-05-25 18:00:00,1543.5,5,5
2024-05-25 19:00:00,1657.5,5,5
2024-05-25 20:00:00,1569.0,5,5
2024-05-25 21:00:00,1713.0,5,5
2024-05-25 22:00:00,1711.5,5,5
2024-05-25 23:00:00,1378.5,5,5
2024-05-26 00:00:00,916.5,6,5
2024-05-26 01:00:00,903.0,6,5
2024-05-26 02:00:00,901.5,6,5
2024-05-26 03:00:00,904.5,6,5
2024-05-26 04:00:00,886.5,6,5
2024-05-26 05:00:00,855.0,6,5
2024-05-26 06:00:00,639.0,6,5
2024-05-26 07:00:00,324.0,6,5
2024-05-26 08:00:00,25.5,6,5
2024-05-26 09:00:00,21.0,6,5
2024-05-26 10:00:00,48.0,6,5
2024-05-26 11:00:00,58.5,6,5
2024-05-26 12:00:00,24.0,6,5
2024-05-26 13:00:00,18.0,6,5
2024-05-26 14:00:00,22.5,6,5
2024-05-26 15:00:00,33.0,6,5
2024-05-26 16:00:00,37.5,6,5
2024-05-26 17:00:00,114.0,6,5
2024-05-26 18:00:00,199.5,6,5
2024-05-26 19:00:00,207.0,6,5
2024-05-26 20:00:00,235.5,6,5
2024-05-26 21:00:00,226.5,6,5
2024-05-26 22:00:00,238.5,6,5
2024-05-26 23:00:00,262.5,6,5
2024-05-27 00:00:00,244.5,0,5
2024-05-27 01:00:00,184.5,0,5
2024-05-27 02:00:00,232.5,0,5
2024-05-27 03:00:00,258.0,0,5
2024-05-27 04:00:00,214.5,0,5
2024-05-27 05:00:00,183.0,0,5
2024-05-27 06:00:00,75.0,0,5
2024-05-27 07:00:00,0.0,0,5
2024-05-27 08:00:00,0.0,0,5
2024-05-27 09:00:00,10.5,0,5
2024-05-27 10:00:00,18.0,0,5
2024-05-27 11:00:00,15.0,0,5
2024-05-27 12:00:00,13.5,0,5
2024-05-27 13:00:00,19.5,0,5
2024-05-27 14:00:00,3.0,0,5
2024-05-27 15:00:00,1.5,0,5
2024-05-27 16:00:00,15.0,0,5
2024-05-27 17:00:00,4.5,0,5
2024-05-27 18:00:00,144.0,0,5
2024-05-27 19:00:00,169.5,0,5
2024-05-27 20:00:00,172.5,0,5
2024-05-27 21:00:00,186.0,0,5
2024-05-27 22:00:00,214.5,0,5
2024-05-27 23:00:00,214.5,0,5
2024-05-28 00:00:00,157.5,1,5
2024-05-28 01:00:00,114.0,1,5
2024-05-28 02:00:00,126.0,1,5
2024-05-28 03:00:00,124.5,1,5
2024-05-28 04:00:00,133.5,1,5
2024-05-28 05:00:00,130.5,1,5
2024-05-28 06:00:00,82.5,1,5
2024-05-28 07:00:00,3.0,1,5
2024-05-28 08:00:00,69.0,1,5
2024-05-28 09:00:00,319.5,1,5
2024-05-28 10:00:00,642.0,1,5
2024-05-28 11:00:00,954.0,1,5
2024-05-28 12:00:00,447.0,1,5
2024-05-28 13:00:00,738.0,1,5
2024-05-28 14:00:00,378.0,1,5
2024-05-28 15:00:00,760.5,1,5
2024-05-28 16:00:00,1200.0,1,5
2024-05-28 17:00:00,1201.5,1,5
2024-05-28 18:00:00,1507.5,1,5
2024-05-28 19:00:00,1476.0,1,5
2024-05-28 20:00:00,1498.5,1,5
2024-05-28 21:00:00,1390.5,1,5
2024-05-28 22:00:00,1599.0,1,5
2024-05-28 23:00:00,1375.5,1,5
2024-05-29 00:00:00,1615.5,2,5
2024-05-29 01:00:00,1717.5,2,5
2024-05-29 02:00:00,1801.5,2,5
2024-05-29 03:00:00,1530.0,2,5
2024-05-29 04:00:00,1323.0,2,5
2024-05-29 05:00:00,1350.0,2,5
2024-05-29 06:00:00,1477.5,2,5
2024-05-29 07:00:00,1485.0,2,5
2024-05-29 08:00:00,1134.0,2,5
2024-05-29 09:00:00,588.0,2,5
2024-05-29 10:00:00,399.0,2,5
2024-05-29 11:00:00,507.0,2,5
2024-05-29 12:00:00,708.0,2,5
2024-05-29 13:00:00,415.5,2,5
2024-05-29 14:00:00,714.0,2,5
2024-05-29 15:00:00,1210.5,2,5
2024-05-29 16:00:00,1461.0,2,5
2024-05-29 17:00:00,1366.5,2,5
2024-05-29 18:00:00,1369.5,2,5
2024-05-29 19:00:00,1417.5,2,5
2024-05-29 20:00:00,1507.5,2,5
2024-05-29 21:00:00,1465.5,2,5
2024-05-29 22:00:00,1837.5,2,5
2024-05-29 23:00:00,1588.5,2,5
2024-05-30 00:00:00,1357.5,3,5
2024-05-30 01:00:00,1459.5,3,5
2024-05-30 02:00:00,1411.5,3,5
2024-05-30 03:00:00,1443.0,3,5
2024-05-30 04:00:00,1360.5,3,5
2024-05-30 05:00:00,1732.5,3,5
2024-05-30 06:00:00,1587.0,3,5
2024-05-30 07:00:00,1158.0,3,5
2024-05-30 08:00:00,700.5,3,5
2024-05-30 09:00:00,552.0,3,5
2024-05-30 10:00:00,466.5,3,5
2024-05-30 11:00:00,435.0,3,5
2024-05-30 12:00:00,535.5,3,5
2024-05-30 13:00:00,820.5,3,5
2024-05-30 14:00:00,691.5,3,5
2024-05-30 15:00:00,370.5,3,5
2024-05-30 16:00:00,544.5,3,5
2024-05-30 17:00:00,1356.0,3,5
2024-05-30 18:00:00,1831.5,3,5
2024-05-30 19:00:00,1791.0,3,5
2024-05-30 20:00:00,1485.0,3,5
2024-05-30 21:00:00,1797.0,3,5
2024-05-30 22:00:00,1842.0,3,5
2024-05-30 23:00:00,1395.0,3,5
2024-05-31 00:00:00,1041.0,4,5
2024-05-31 01:00:00,999.0,4,5
2024-05-31 02:00:00,1012.5,4,5
2024-05-31 03:00:00,1000.5,4,5
2024-05-31 04:00:00,985.5,4,5
2024-05-31 05:00:00,1000.5,4,5
2024-05-31 06:00:00,862.5,4,5
2024-05-31 07:00:00,564.0,4,5
2024-05-31 08:00:00,190.5,4,5
2024-05-31 09:00:00,15.0,4,5
2024-05-31 10:00:00,15.0,4,5
2024-05-31 11:00:00,3.0,4,5
2024-05-31 12:00:00,1.5,4,5
2024-05-31 13:00:00,12.0,4,5
2024-05-31 14:00:00,24.0,4,5
2024-05-31 15:00:00,54.0,4,5
2024-05-31 16:00:00,93.0,4,5
2024-05-31 17:00:00,232.5,4,5
2024-05-31 18:00:00,279.0,4,5
2024-05-31 19:00:00,288.0,4,5
2024-05-31 20:00:00,289.5,4,5
2024-05-31 21:00:00,288.0,4,5
2024-05-31 22:00:00,277.5,4,5
2024-05-31 23:00:00,282.0,4,5
2024-06-01 00:00:00,273.0,5,6
2024-06-01 01:00:00,255.0,5,6
2024-06-01 02:00:00,264.0,5,6
2024-06-01 03:00:00,270.0,5,6
2024-06-01 04:00:00,268.5,5,6
2024-06-01 05:00:00,261.0,5,6
2024-06-01 06:00:00,157.5,5,6
2024-06-01 07:00:00,15.0,5,6
2024-06-01 08:00:00,3.0,5,6
2024-06-01 09:00:00,6.0,5,6
2024-06-01 10:00:00,6.0,5,6
2024-06-01 11:00:00,6.0,5,6
2024-06-01 12:00:00,0.0,5,6
2024-06-01 13:00:00,9.0,5,6
2024-06-01 14:00:00,6.0,5,6
2024-06-01 15:00:00,15.0,5,6
2024-06-01 16:00:00,79.5,5,6
2024-06-01 17:00:00,121.5,5,6
2024-06-01 18:00:00,252.0,5,6
2024-06-01 19:00:00,273.0,5,6
2024-06-01 20:00:00,273.0,5,6
2024-06-01 21:00:00,274.5,5,6
2024-06-01 22:00:00,277.5,5,6
2024-06-01 23:00:00,276.0,5,6
2024-06-02 00:00:00,277.5,6,6
2024-06-02 01:00:00,264.0,6,6
2024-06-02 02:00:00,189.0,6,6
2024-06-02 03:00:00,163.5,6,6
2024-06-02 04:00:00,159.0,6,6
2024-06-02 05:00:00,141.0,6,6
2024-06-02 06:00:00,60.0,6,6
2024-06-02 07:00:00,0.0,6,6
2024-06-02 08:00:00,3.0,6,6
2024-06-02 09:00:00,0.0,6,6
2024-06-02 10:00:00,0.0,6,6
2024-06-02 11:00:00,4.5,6,6
2024-06-02 12:00:00,0.0,6,6
2024-06-02 13:00:00,1.5,6,6
2024-06-02 14:00:00,6.0,6,6
2024-06-02 15:00:00,13.5,6,6
2024-06-02 16:00:00,21.0,6,6
2024-06-02 17:00:00,30.0,6,6
2024-06-02 18:00:00,147.0,6,6
2024-06-02 19:00:00,166.5,6,6
2024-06-02 20:00:00,160.5,6,6
2024-06-02 21:00:00,168.0,6,6
2024-06-02 22:00:00,166.5,6,6
2024-06-02 23:00:00,171.0,6,6
2024-06-03 00:00:00,166.5,0,6
2024-06-03 01:00:00,153.0,0,6
2024-06-03 02:00:00,157.5,0,6
2024-06-03 03:00:00,163.5,0,6
2024-06-03 04:00:00,157.5,0,6
2024-06-03 05:00:00,145.5,0,6
2024-06-03 06:00:00,93.0,0,6
2024-06-03 07:00:00,7.5,0,6
2024-06-03 08:00:00,0.0,0,6
2024-06-03 09:00:00,0.0,0,6
2024-06-03 10:00:00,0.0,0,6
2024-06-03 11:00:00,3.0,0,6
2024-06-03 12:00:00,0.0,0,6
2024-06-03 13:00:00,0.0,0,6
2024-06-03 14:00:00,0.0,0,6
2024-06-03 15:00:00,0.0,0,6
2024-06-03 16:00:00,13.5,0,6
2024-06-03 17:00:00,99.0,0,6
2024-06-03 18:00:00,204.0,0,6
2024-06-03 19:00:00,228.0,0,6
2024-06-03 20:00:00,372.0,0,6
2024-06-03 21:00:00,694.5,0,6
2024-06-03 22:00:00,1420.5,0,6
2024-06-03 23:00:00,1749.0,0,6
2024-06-04 00:00:00,1618.5,1,6
2024-06-04 01:00:00,1441.5,1,6
2024-06-04 02:00:00,1657.5,1,6
2024-06-04 03:00:00,1446.0,1,6
2024-06-04 04:00:00,1383.0,1,6
2024-06-04 05:00:00,1279.5,1,6
2024-06-04 06:00:00,1236.0,1,6
2024-06-04 07:00:00,862.5,1,6
2024-06-04 08:00:00,577.5,1,6
2024-06-04 09:00:00,651.0,1,6
2024-06-04 10:00:00,670.5,1,6
2024-06-04 11:00:00,348.0,1,6
2024-06-04 12:00:00,372.0,1,6
2024-06-04 13:00:00,652.5,1,6
2024-06-04 14:00:00,436.5,1,6
2024-06-04 15:00:00,924.0,1,6
2024-06-04 16:00:00,1377.0,1,6
2024-06-04 17:00:00,1722.0,1,6
2024-06-04 18:00:00,1630.5,1,6
2024-06-04 19:00:00,1653.0,1,6
2024-06-04 20:00:00,1641.0,1,6
2024-06-04 21:00:00,1776.0,1,6
2024-06-04 22:00:00,1552.5,1,6
2024-06-04 23:00:00,1654.5,1,6
2024-06-05 00:00:00,1629.0,2,6
2024-06-05 01:00:00,1483.5,2,6
2024-06-05 02:00:00,1270.5,2,6
2024-06-05 03:00:00,1354.5,2,6
2024-06-05 04:00:00,1351.5,2,6
2024-06-05 05:00:00,1525.5,2,6
2024-06-05 06:00:00,1293.0,2,6
2024-06-05 07:00:00,1312.5,2,6
2024-06-05 08:00:00,672.0,2,6
2024-06-05 09:00:00,525.0,2,6
2024-06-05 10:00:00,381.0,2,6
2024-06-05 11:00:00,456.0,2,6
2024-06-05 12:00:00,663.0,2,6
2024-06-05 13:00:00,573.0,2,6
2024-06-05 14:00:00,585.0,2,6
2024-06-05 15:00:00,891.0,2,6
2024-06-05 16:00:00,954.0,2,6
2024-06-05 17:00:00,1234.5,2,6
2024-06-05 18:00:00,1461.0,2,6
2024-06-05 19:00:00,1515.0,2,6
2024-06-05 20:00:00,1497.0,2,6
2024-06-05 21:00:00,1467.0,2,6
2024-06-05 22:00:00,1480.5,2,6
2024-06-05 23:00:00,1431.0,2,6
2024-06-06 00:00:00,1407.0,3,6
2024-06-06 01:00:00,1608.0,3,6
2024-06-06 02:00:00,1650.0,3,6
2024-06-06 03:00:00,1701.0,3,6
2024-06-06 04:00:00,1450.5,3,6
2024-06-06 05:00:00,1680.0,3,6
2024-06-06 06:00:00,1330.5,3,6
2024-06-06 07:00:00,1011.0,3,6
2024-06-06 08:00:00,669.0,3,6
2024-06-06 09:00:00,594.0,3,6
2024-06-06 10:00:00,393.0,3,6
2024-06-06 11:00:00,676.5,3,6
2024-06-06 12:00:00,846.0,3,6
2024-06-06 13:00:00,883.5,3,6
2024-06-06 14:00:00,979.5,3,6
2024-06-06 15:00:00,859.5,3,6
2024-06-06 16:00:00,1024.5,3,6
2024-06-06 17:00:00,1453.5,3,6
2024-06-06 18:00:00,1678.5,3,6
2024-06-06 19:00:00,1417.5,3,6
2024-06-06 20:00:00,1450.5,3,6
2024-06-06 21:00:00,1750.5,3,6
2024-06-06 22:00:00,1389.0,3,6
2024-06-06 23:00:00,1401.0,3,6
2024-06-07 00:00:00,1401.0,4,6
2024-06-07 01:00:00,1495.5,4,6
2024-06-07 02:00:00,1473.0,4,6
2024-06-07 03:00:00,1339.5,4,6
2024-06-07 04:00:00,1314.0,4,6
2024-06-07 05:00:00,1330.5,4,6
2024-06-07 06:00:00,1389.0,4,6
2024-06-07 07:00:00,1120.5,4,6
2024-06-07 08:00:00,522.0,4,6
2024-06-07 09:00:00,49.5,4,6
2024-06-07 10:00:00,481.5,4,6
2024-06-07 11:00:00,229.5,4,6
2024-06-07 12:00:00,742.5,4,6
2024-06-07 13:00:00,706.5,4,6
2024-06-07 14:00:00,604.5,4,6
2024-06-07 15:00:00,304.5,4,6
2024-06-07 16:00:00,501.0,4,6
2024-06-07 17:00:00,729.0,4,6
2024-06-07 18:00:00,964.5,4,6
2024-06-07 19:00:00,973.5,4,6
2024-06-07 20:00:00,877.5,4,6
2024-06-07 21:00:00,661.5,4,6
2024-06-07 22:00:00,360.0,4,6
2024-06-07 23:00:00,360.0,4,6
2024-06-08 00:00:00,351.0,5,6
2024-06-08 01:00:00,327.0,5,6
2024-06-08 02:00:00,327.0,5,6
2024-06-08 03:00:00,339.0,5,6
2024-06-08 04:00:00,310.5,5,6
2024-06-08 05:00:00,240.0,5,6
2024-06-08 06:00:00,120.0,5,6
2024-06-08 07:00:00,7.5,5,6
2024-06-08 08:00:00,3.0,5,6
2024-06-08 09:00:00,7.5,5,6
2024-06-08 10:00:00,7.5,5,6
2024-06-08 11:00:00,7.5,5,6
2024-06-08 12:00:00,3.0,5,6
2024-06-08 13:00:00,6.0,5,6
2024-06-08 14:00:00,7.5,5,6
2024-06-08 15:00:00,9.0,5,6
2024-06-08 16:00:00,51.0,5,6
2024-06-08 17:00:00,66.0,5,6
2024-06-08 18:00:00,153.0,5,6
2024-06-08 19:00:00,169.5,5,6
2024-06-08 20:00:00,165.0,5,6
2024-06-08 21:00:00,171.0,5,6
2024-06-08 22:00:00,168.0,5,6
2024-06-08 23:00:00,168.0,5,6
2024-06-09 00:00:00,168.0,6,6
2024-06-09 01:00:00,153.0,6,6
2024-06-09 02:00:00,160.5,6,6
2024-06-09 03:00:00,153.0,6,6
2024-06-09 04:00:00,151.5,6,6
2024-06-09 05:00:00,142.5,6,6
2024-06-09 06:00:00,46.5,6,6
2024-06-09 07:00:00,4.5,6,6
2024-06-09 08:00:00,0.0,6,6
2024-06-09 09:00:00,3.0,6,6
2024-06-09 10:00:00,6.0,6,6
2024-06-09 11:00:00,6.0,6,6
2024-06-09 12:00:00,0.0,6,6
2024-06-09 13:00:00,6.0,6,6
2024-06-09 14:00:00,3.0,6,6
2024-06-09 15:00:00,45.0,6,6
2024-06-09 16:00:00,100.5,6,6
2024-06-09 17:00:00,147.0,6,6
2024-06-09 18:00:00,151.5,6,6
2024-06-09 19:00:00,147.0,6,6
2024-06-09 20:00:00,162.0,6,6
2024-06-09 21:00:00,165.0,6,6
2024-06-09 22:00:00,171.0,6,6
2024-06-09 23:00:00,171.0,6,6
2024-06-10 00:00:00,168.0,0,6
2024-06-10 01:00:00,153.0,0,6
2024-06-10 02:00:00,154.5,0,6
2024-06-10 03:00:00,150.0,0,6
2024-06-10 04:00:00,148.5,0,6
2024-06-10 05:00:00,145.5,0,6
2024-06-10 06:00:00,76.5,0,6
2024-06-10 07:00:00,9.0,0,6
2024-06-10 08:00:00,9.0,0,6
2024-06-10 09:00:00,16.5,0,6
2024-06-10 10:00:00,3.0,0,6
2024-06-10 11:00:00,6.0,0,6
2024-06-10 12:00:00,0.0,0,6
2024-06-10 13:00:00,6.0,0,6
2024-06-10 14:00:00,6.0,0,6
2024-06-10 15:00:00,138.0,0,6
2024-06-10 16:00:00,225.0,0,6
2024-06-10 17:00:00,139.5,0,6
2024-06-10 18:00:00,181.5,0,6
2024-06-10 19:00:00,196.5,0,6
2024-06-10 20:00:00,220.5,0,6
2024-06-10 21:00:00,180.0,0,6
2024-06-10 22:00:00,181.5,0,6
2024-06-10 23:00:00,181.5,0,6
2024-06-11 00:00:00,172.5,1,6
2024-06-11 01:00:00,168.0,1,6
2024-06-11 02:00:00,166.5,1,6
2024-06-11 03:00:00,165.0,1,6
2024-06-11 04:00:00,157.5,1,6
2024-06-11 05:00:00,133.5,1,6
2024-06-11 06:00:00,84.0,1,6
2024-06-11 07:00:00,1.5,1,6
2024-06-11 08:00:00,6.0,1,6
2024-06-11 09:00:00,7.5,1,6
2024-06-11 10:00:00,10.5,1,6
2024-06-11 11:00:00,6.0,1,6
2024-06-11 12:00:00,0.0,1,6
2024-06-11 13:00:00,10.5,1,6
2024-06-11 14:00:00,6.0,1,6
2024-06-11 15:00:00,15.0,1,6
2024-06-11 16:00:00,90.0,1,6
2024-06-11 17:00:00,61.5,1,6
2024-06-11 18:00:00,178.5,1,6
2024-06-11 19:00:00,175.5,1,6
2024-06-11 20:00:00,180.0,1,6
2024-06-11 21:00:00,163.5,1,6
2024-06-11 22:00:00,157.5,1,6
2024-06-11 23:00:00,190.5,1,6
2024-06-12 00:00:00,174.0,2,6
2024-06-12 01:00:00,166.5,2,6
2024-06-12 02:00:00,171.0,2,6
2024-06-12 03:00:00,168.0,2,6
2024-06-12 04:00:00,157.5,2,6
2024-06-12 05:00:00,154.5,2,6
2024-06-12 06:00:00,100.5,2,6
2024-06-12 07:00:00,19.5,2,6
2024-06-12 08:00:00,16.5,2,6
2024-06-12 09:00:00,7.5,2,6
2024-06-12 10:00:00,4.5,2,6
2024-06-12 11:00:00,7.5,2,6
2024-06-12 12:00:00,24.0,2,6
2024-06-12 13:00:00,168.0,2,6
2024-06-12 14:00:00,180.0,2,6
2024-06-12 15:00:00,186.0,2,6
2024-06-12 16:00:00,174.0,2,6
2024-06-12 17:00:00,105.0,2,6
2024-06-12 18:00:00,160.5,2,6
2024-06-12 19:00:00,163.5,2,6
2024-06-12 20:00:00,187.5,2,6
2024-06-12 21:00:00,189.0,2,6
2024-06-12 22:00:00,189.0,2,6
2024-06-12 23:00:00,189.0,2,6
2024-06-13 00:00:00,150.0,3,6
2024-06-13 01:00:00,151.5,3,6
2024-06-13 02:00:00,150.0,3,6
2024-06-13 03:00:00,156.0,3,6
2024-06-13 04:00:00,160.5,3,6
2024-06-13 05:00:00,165.0,3,6
2024-06-13 06:00:00,150.0,3,6
2024-06-13 07:00:00,132.0,3,6
2024-06-13 08:00:00,183.0,3,6
2024-06-13 09:00:00,198.0,3,6
2024-06-13 10:00:00,183.0,3,6
2024-06-13 11:00:00,168.0,3,6
2024-06-13 12:00:00,171.0,3,6
2024-06-13 13:00:00,205.5,3,6
2024-06-13 14:00:00,204.0,3,6
2024-06-13 15:00:00,234.0,3,6
2024-06-13 16:00:00,202.5,3,6
2024-06-13 17:00:00,138.0,3,6
2024-06-13 18:00:00,151.5,3,6
2024-06-13 19:00:00,159.0,3,6
2024-06-13 20:00:00,180.0,3,6
2024-06-13 21:00:00,163.5,3,6
2024-06-13 22:00:00,153.0,3,6
2024-06-13 23:00:00,165.0,3,6
2024-06-14 00:00:00,141.0,4,6
2024-06-14 01:00:00,145.5,4,6
2024-06-14 02:00:00,144.0,4,6
2024-06-14 03:00:00,150.0,4,6
2024-06-14 04:00:00,159.0,4,6
2024-06-14 05:00:00,139.5,4,6
2024-06-14 06:00:00,157.5,4,6
2024-06-14 07:00:00,129.0,4,6
2024-06-14 08:00:00,288.0,4,6
2024-06-14 09:00:00,354.0,4,6
2024-06-14 10:00:00,252.0,4,6
2024-06-14 11:00:00,243.0,4,6
2024-06-14 12:00:00,249.0,4,6
2024-06-14 13:00:00,322.5,4,6
2024-06-14 14:00:00,319.5,4,6
2024-06-14 15:00:00,286.5,4,6
2024-06-14 16:00:00,228.0,4,6
2024-06-14 17:00:00,184.5,4,6
2024-06-14 18:00:00,211.5,4,6
2024-06-14 19:00:00,168.0,4,6
2024-06-14 20:00:00,169.5,4,6
2024-06-14 21:00:00,177.0,4,6
2024-06-14 22:00:00,187.5,4,6
2024-06-14 23:00:00,181.5,4,6
2024-06-15 00:00:00,163.5,5,6
2024-06-15 01:00:00,163.5,5,6
2024-06-15 02:00:00,172.5,5,6
2024-06-15 03:00:00,177.0,5,6
2024-06-15 04:00:00,174.0,5,6
2024-06-15 05:00:00,144.0,5,6
2024-06-15 06:00:00,130.5,5,6
2024-06-15 07:00:00,129.0,5,6
2024-06-15 08:00:00,262.5,5,6
2024-06-15 09:00:00,265.5,5,6
2024-06-15 10:00:00,268.5,5,6
2024-06-15 11:00:00,265.5,5,6
2024-06-15 12:00:00,250.5,5,6
2024-06-15 13:00:00,264.0,5,6
2024-06-15 14:00:00,297.0,5,6
2024-06-15 15:00:00,345.0,5,6
2024-06-15 16:00:00,283.5,5,6
2024-06-15 17:00:00,132.0,5,6
2024-06-15 18:00:00,198.0,5,6
2024-06-15 19:00:00,196.5,5,6
2024-06-15 20:00:00,193.5,5,6
2024-06-15 21:00:00,199.5,5,6
2024-06-15 22:00:00,168.0,5,6
2024-06-15 23:00:00,147.0,5,6
2024-06-16 00:00:00,136.5,6,6
2024-06-16 01:00:00,133.5,6,6
2024-06-16 02:00:00,139.5,6,6
2024-06-16 03:00:00,147.0,6,6
2024-06-16 04:00:00,126.0,6,6
2024-06-16 05:00:00,111.0,6,6
2024-06-16 06:00:00,180.0,6,6
2024-06-16 07:00:00,159.0,6,6
2024-06-16 08:00:00,298.5,6,6
2024-06-16 09:00:00,294.0,6,6
2024-06-16 10:00:00,282.0,6,6
2024-06-16 11:00:00,337.5,6,6
2024-06-16 12:00:00,316.5,6,6
2024-06-16 13:00:00,303.0,6,6
2024-06-16 14:00:00,318.0,6,6
2024-06-16 15:00:00,246.0,6,6
2024-06-16 16:00:00,166.5,6,6
2024-06-16 17:00:00,195.0,6,6
2024-06-16 18:00:00,403.5,6,6
2024-06-16 19:00:00,552.0,6,6
2024-06-16 20:00:00,1669.5,6,6
2024-06-16 21:00:00,3082.5,6,6
2024-06-16 22:00:00,3535.5,6,6
2024-06-16 23:00:00,3817.5,6,6
2024-06-17 00:00:00,4300.5,0,6
2024-06-17 01:00:00,3957.0,0,6
2024-06-17 02:00:00,3852.0,0,6
2024-06-17 03:00:00,3823.5,0,6
2024-06-17 04:00:00,2881.5,0,6
2024-06-17 05:00:00,2232.0,0,6
2024-06-17 06:00:00,1977.0,0,6
2024-06-17 07:00:00,1422.0,0,6
2024-06-17 08:00:00,3157.5,0,6
2024-06-17 09:00:00,3385.5,0,6
2024-06-17 10:00:00,2128.5,0,6
2024-06-17 11:00:00,1513.5,0,6
2024-06-17 12:00:00,1927.5,0,6
2024-06-17 13:00:00,2364.0,0,6
2024-06-17 14:00:00,1896.0,0,6
2024-06-17 15:00:00,2616.0,0,6
2024-06-17 16:00:00,3849.0,0,6
2024-06-17 17:00:00,4434.0,0,6
2024-06-17 18:00:00,3880.5,0,6
2024-06-17 19:00:00,3747.0,0,6
2024-06-17 20:00:00,4066.5,0,6
2024-06-17 21:00:00,4368.0,0,6
2024-06-17 22:00:00,4612.5,0,6
2024-06-17 23:00:00,4309.5,0,6
2024-06-18 00:00:00,3931.5,1,6
2024-06-18 01:00:00,4321.5,1,6
2024-06-18 02:00:00,4074.0,1,6
2024-06-18 03:00:00,3828.0,1,6
2024-06-18 04:00:00,4474.5,1,6
2024-06-18 05:00:00,4540.5,1,6
2024-06-18 06:00:00,4536.0,1,6
2024-06-18 07:00:00,4045.5,1,6
2024-06-18 08:00:00,2698.5,1,6
2024-06-18 09:00:00,2935.5,1,6
2024-06-18 10:00:00,2233.5,1,6
2024-06-18 11:00:00,1657.5,1,6
2024-06-18 12:00:00,1714.5,1,6
2024-06-18 13:00:00,2715.0,1,6
2024-06-18 14:00:00,2214.0,1,6
2024-06-18 15:00:00,3234.0,1,6
2024-06-18 16:00:00,3039.0,1,6
2024-06-18 17:00:00,3810.0,1,6
2024-06-18 18:00:00,4174.5,1,6
2024-06-18 19:00:00,4039.5,1,6
2024-06-18 20:00:00,4845.0,1,6
2024-06-18 21:00:00,4887.0,1,6
2024-06-18 22:00:00,4702.5,1,6
2024-06-18 23:00:00,4360.5,1,6
2024-06-19 00:00:00,4215.0,2,6
2024-06-19 01:00:00,4791.0,2,6
2024-06-19 02:00:00,4600.5,2,6
2024-06-19 03:00:00,4803.0,2,6
2024-06-19 04:00:00,4680.0,2,6
2024-06-19 05:00:00,4441.5,2,6
2024-06-19 06:00:00,3981.0,2,6
2024-06-19 07:00:00,3804.0,2,6
2024-06-19 08:00:00,2887.5,2,6
2024-06-19 09:00:00,2317.5,2,6
2024-06-19 10:00:00,2196.0,2,6
2024-06-19 11:00:00,2365.5,2,6
2024-06-19 12:00:00,2059.5,2,6
2024-06-19 13:00:00,1758.0,2,6
2024-06-19 14:00:00,1930.5,2,6
2024-06-19 15:00:00,2439.0,2,6
2024-06-19 16:00:00,3316.5,2,6
2024-06-19 17:00:00,4422.0,2,6
2024-06-19 18:00:00,4561.5,2,6
2024-06-19 19:00:00,4765.5,2,6
2024-06-19 20:00:00,4777.5,2,6
2024-06-19 21:00:00,4753.5,2,6
2024-06-19 22:00:00,4641.0,2,6
2024-06-19 23:00:00,4678.5,2,6
2024-06-20 00:00:00,4758.0,3,6
2024-06-20 01:00:00,4506.0,3,6
2024-06-20 02:00:00,4456.5,3,6
2024-06-20 03:00:00,4603.5,3,6
2024-06-20 04:00:00,4536.0,3,6
2024-06-20 05:00:00,4555.5,3,6
2024-06-20 06:00:00,4188.0,3,6
2024-06-20 07:00:00,3723.0,3,6
2024-06-20 08:00:00,3103.5,3,6
2024-06-20 09:00:00,2416.5,3,6
2024-06-20 10:00:00,2401.5,3,6
2024-06-20 11:00:00,2128.5,3,6
2024-06-20 12:00:00,2127.0,3,6
2024-06-20 13:00:00,2173.5,3,6
2024-06-20 14:00:00,2494.5,3,6
2024-06-20 15:00:00,2950.5,3,6
2024-06-20 16:00:00,3552.0,3,6
2024-06-20 17:00:00,3672.0,3,6
2024-06-20 18:00:00,3927.0,3,6
2024-06-20 19:00:00,4261.5,3,6
2024-06-20 20:00:00,3765.0,3,6
2024-06-20 21:00:00,4462.5,3,6
2024-06-20 22:00:00,4158.0,3,6
2024-06-20 23:00:00,4585.5,3,6
2024-06-21 00:00:00,4303.5,4,6
2024-06-21 01:00:00,3753.0,4,6
2024-06-21 02:00:00,4399.5,4,6
2024-06-21 03:00:00,4288.5,4,6
2024-06-21 04:00:00,3672.0,4,6
2024-06-21 05:00:00,4101.0,4,6
2024-06-21 06:00:00,3441.0,4,6
2024-06-21 07:00:00,2362.5,4,6
2024-06-21 08:00:00,1546.5,4,6
2024-06-21 09:00:00,1629.0,4,6
2024-06-21 10:00:00,1537.5,4,6
2024-06-21 11:00:00,1836.0,4,6
2024-06-21 12:00:00,1392.0,4,6
2024-06-21 13:00:00,2004.0,4,6
2024-06-21 14:00:00,2343.0,4,6
2024-06-21 15:00:00,2382.0,4,6
2024-06-21 16:00:00,2533.5,4,6
2024-06-21 17:00:00,2596.5,4,6
2024-06-21 18:00:00,2649.0,4,6
2024-06-21 19:00:00,2764.5,4,6
2024-06-21 20:00:00,2365.5,4,6
2024-06-21 21:00:00,2824.5,4,6
2024-06-21 22:00:00,2887.5,4,6
2024-06-21 23:00:00,2727.0,4,6
2024-06-22 00:00:00,2671.5,5,6
2024-06-22 01:00:00,2163.0,5,6
2024-06-22 02:00:00,2550.0,5,6
2024-06-22 03:00:00,2760.0,5,6
2024-06-22 04:00:00,2686.5,5,6
2024-06-22 05:00:00,2877.0,5,6
2024-06-22 06:00:00,2745.0,5,6
2024-06-22 07:00:00,2583.0,5,6
2024-06-22 08:00:00,2245.5,5,6
2024-06-22 09:00:00,2286.0,5,6
2024-06-22 10:00:00,1879.5,5,6
2024-06-22 11:00:00,1996.5,5,6
2024-06-22 12:00:00,2139.0,5,6
2024-06-22 13:00:00,1870.5,5,6
2024-06-22 14:00:00,2589.0,5,6
2024-06-22 15:00:00,2677.5,5,6
2024-06-22 16:00:00,2544.0,5,6
2024-06-22 17:00:00,2526.0,5,6
2024-06-22 18:00:00,2595.0,5,6
2024-06-22 19:00:00,2355.0,5,6
2024-06-22 20:00:00,2680.5,5,6
2024-06-22 21:00:00,2607.0,5,6
2024-06-22 22:00:00,2658.0,5,6
2024-06-22 23:00:00,1495.5,5,6
2024-06-23 00:00:00,1197.0,6,6
2024-06-23 01:00:00,876.0,6,6
2024-06-23 02:00:00,2506.5,6,6
2024-06-23 03:00:00,2272.5,6,6
2024-06-23 04:00:00,2850.0,6,6
2024-06-23 05:00:00,2022.0,6,6
2024-06-23 06:00:00,1161.0,6,6
2024-06-23 07:00:00,1092.0,6,6
2024-06-23 08:00:00,2517.0,6,6
2024-06-23 09:00:00,3534.0,6,6
2024-06-23 10:00:00,3703.5,6,6
2024-06-23 11:00:00,4056.0,6,6
2024-06-23 12:00:00,4429.5,6,6
2024-06-23 13:00:00,4506.0,6,6
2024-06-23 14:00:00,4426.5,6,6
2024-06-23 15:00:00,3802.5,6,6
2024-06-23 16:00:00,4143.0,6,6
2024-06-23 17:00:00,4353.0,6,6
2024-06-23 18:00:00,4470.0,6,6
2024-06-23 19:00:00,4501.5,6,6
2024-06-23 20:00:00,4420.5,6,6
2024-06-23 21:00:00,4327.5,6,6
2024-06-23 22:00:00,4386.0,6,6
2024-06-23 23:00:00,4326.0,6,6
2024-06-24 00:00:00,4081.5,0,6
2024-06-24 01:00:00,2895.0,0,6
2024-06-24 02:00:00,2806.5,0,6
2024-06-24 03:00:00,2779.5,0,6
2024-06-24 04:00:00,2520.0,0,6
2024-06-24 05:00:00,2662.5,0,6
2024-06-24 06:00:00,2581.5,0,6
2024-06-24 07:00:00,1852.5,0,6
2024-06-24 08:00:00,1642.5,0,6
2024-06-24 09:00:00,1131.0,0,6
2024-06-24 10:00:00,1153.5,0,6
2024-06-24 11:00:00,952.5,0,6
2024-06-24 12:00:00,933.0,0,6
2024-06-24 13:00:00,1137.0,0,6
2024-06-24 14:00:00,1384.5,0,6
2024-06-24 15:00:00,1323.0,0,6
2024-06-24 16:00:00,1375.5,0,6
2024-06-24 17:00:00,1398.0,0,6
2024-06-24 18:00:00,1822.5,0,6
2024-06-24 19:00:00,1983.0,0,6
2024-06-24 20:00:00,1686.0,0,6
2024-06-24 21:00:00,1956.0,0,6
2024-06-24 22:00:00,1788.0,0,6
2024-06-24 23:00:00,1941.0,0,6
2024-06-25 00:00:00,1834.5,1,6
2024-06-25 01:00:00,1878.0,1,6
2024-06-25 02:00:00,1836.0,1,6
2024-06-25 03:00:00,1648.5,1,6
2024-06-25 04:00:00,1704.0,1,6
2024-06-25 05:00:00,2013.0,1,6
2024-06-25 06:00:00,1833.0,1,6
2024-06-25 07:00:00,1423.5,1,6
2024-06-25 08:00:00,1320.0,1,6
2024-06-25 09:00:00,1129.5,1,6
2024-06-25 10:00:00,1054.5,1,6
2024-06-25 11:00:00,1228.5,1,6
2024-06-25 12:00:00,844.5,1,6
2024-06-25 13:00:00,481.5,1,6
2024-06-25 14:00:00,1189.5,1,6
2024-06-25 15:00:00,1569.0,1,6
2024-06-25 16:00:00,1563.0,1,6
2024-06-25 17:00:00,1828.5,1,6
2024-06-25 18:00:00,1897.5,1,6
2024-06-25 19:00:00,1837.5,1,6
2024-06-25 20:00:00,1690.5,1,6
2024-06-25 21:00:00,2004.0,1,6
2024-06-25 22:00:00,1660.5,1,6
2024-06-25 23:00:00,1152.0,1,6
2024-06-26 00:00:00,1147.5,2,6
2024-06-26 01:00:00,1111.5,2,6
2024-06-26 02:00:00,1122.0,2,6
2024-06-26 03:00:00,1087.5,2,6
2024-06-26 04:00:00,1063.5,2,6
2024-06-26 05:00:00,1051.5,2,6
2024-06-26 06:00:00,882.0,2,6
2024-06-26 07:00:00,394.5,2,6
2024-06-26 08:00:00,7.5,2,6
2024-06-26 09:00:00,9.0,2,6
2024-06-26 10:00:00,18.0,2,6
2024-06-26 11:00:00,4.5,2,6
2024-06-26 12:00:00,12.0,2,6
2024-06-26 13:00:00,9.0,2,6
2024-06-26 14:00:00,16.5,2,6
2024-06-26 15:00:00,108.0,2,6
2024-06-26 16:00:00,12.0,2,6
2024-06-26 17:00:00,87.0,2,6
2024-06-26 18:00:00,160.5,2,6
2024-06-26 19:00:00,187.5,2,6
2024-06-26 20:00:00,178.5,2,6
2024-06-26 21:00:00,168.0,2,6
2024-06-26 22:00:00,177.0,2,6
2024-06-26 23:00:00,183.0,2,6
2024-06-27 00:00:00,181.5,3,6
2024-06-27 01:00:00,172.5,3,6
2024-06-27 02:00:00,166.5,3,6
2024-06-27 03:00:00,174.0,3,6
2024-06-27 04:00:00,171.0,3,6
2024-06-27 05:00:00,162.0,3,6
2024-06-27 06:00:00,78.0,3,6
2024-06-27 07:00:00,1.5,3,6
2024-06-27 08:00:00,13.5,3,6
2024-06-27 09:00:00,15.0,3,6
2024-06-27 10:00:00,13.5,3,6
2024-06-27 11:00:00,10.5,3,6
2024-06-27 12:00:00,0.0,3,6
2024-06-27 13:00:00,18.0,3,6
2024-06-27 14:00:00,7.5,3,6
2024-06-27 15:00:00,114.0,3,6
2024-06-27 16:00:00,64.5,3,6
2024-06-27 17:00:00,58.5,3,6
2024-06-27 18:00:00,135.0,3,6
2024-06-27 19:00:00,174.0,3,6
2024-06-27 20:00:00,187.5,3,6
2024-06-27 21:00:00,195.0,3,6
2024-06-27 22:00:00,187.5,3,6
2024-06-27 23:00:00,187.5,3,6
2024-06-28 00:00:00,201.0,4,6
2024-06-28 01:00:00,181.5,4,6
2024-06-28 02:00:00,174.0,4,6
2024-06-28 03:00:00,190.5,4,6
2024-06-28 04:00:00,175.5,4,6
2024-06-28 05:00:00,154.5,4,6
2024-06-28 06:00:00,45.0,4,6
2024-06-28 07:00:00,1.5,4,6
2024-06-28 08:00:00,12.0,4,6
2024-06-28 09:00:00,0.0,4,6
2024-06-28 10:00:00,3.0,4,6
2024-06-28 11:00:00,40.5,4,6
2024-06-28 12:00:00,24.0,4,6
2024-06-28 13:00:00,34.5,4,6
2024-06-28 14:00:00,156.0,4,6
2024-06-28 15:00:00,142.5,4,6
2024-06-28 16:00:00,70.5,4,6
2024-06-28 17:00:00,4.5,4,6
2024-06-28 18:00:00,109.5,4,6
2024-06-28 19:00:00,201.0,4,6
2024-06-28 20:00:00,987.0,4,6
2024-06-28 21:00:00,2328.0,4,6
2024-06-28 22:00:00,2601.0,4,6
2024-06-28 23:00:00,2728.5,4,6
2024-06-29 00:00:00,2634.0,5,6
2024-06-29 01:00:00,2559.0,5,6
2024-06-29 02:00:00,2461.5,5,6
2024-06-29 03:00:00,2608.5,5,6
2024-06-29 04:00:00,2049.0,5,6
2024-06-29 05:00:00,490.5,5,6
2024-06-29 06:00:00,348.0,5,6
2024-06-29 07:00:00,139.5,5,6
2024-06-29 08:00:00,910.5,5,6
2024-06-29 09:00:00,1329.0,5,6
2024-06-29 10:00:00,1362.0,5,6
2024-06-29 11:00:00,1317.0,5,6
2024-06-29 12:00:00,1542.0,5,6
2024-06-29 13:00:00,1281.0,5,6
2024-06-29 14:00:00,1410.0,5,6
2024-06-29 15:00:00,1854.0,5,6
2024-06-29 16:00:00,2283.0,5,6
2024-06-29 17:00:00,2553.0,5,6
2024-06-29 18:00:00,2802.0,5,6
2024-06-29 19:00:00,2862.0,5,6
2024-06-29 20:00:00,2790.0,5,6
2024-06-29 21:00:00,2640.0,5,6
2024-06-29 22:00:00,2668.5,5,6
2024-06-29 23:00:00,2296.5,5,6
2024-06-30 00:00:00,2997.0,6,6
2024-06-30 01:00:00,2814.0,6,6
2024-06-30 02:00:00,2862.0,6,6
2024-06-30 03:00:00,2871.0,6,6
2024-06-30 04:00:00,2772.0,6,6
2024-06-30 05:00:00,2800.5,6,6
2024-06-30 06:00:00,2703.0,6,6
2024-06-30 07:00:00,2335.5,6,6
2024-06-30 08:00:00,1230.0,6,6
2024-06-30 09:00:00,1249.5,6,6
2024-06-30 10:00:00,1758.0,6,6
2024-06-30 11:00:00,1752.0,6,6
2024-06-30 12:00:00,1674.0,6,6
2024-06-30 13:00:00,2707.5,6,6
2024-06-30 14:00:00,2665.5,6,6
2024-06-30 15:00:00,2391.0,6,6
2024-06-30 16:00:00,2742.0,6,6
2024-06-30 17:00:00,2704.5,6,6
2024-06-30 18:00:00,2887.5,6,6
2024-06-30 19:00:00,2854.5,6,6
2024-06-30 20:00:00,2860.5,6,6
2024-06-30 21:00:00,2616.0,6,6
2024-06-30 22:00:00,2463.0,6,6
2024-06-30 23:00:00,2578.5,6,6
2024-07-01 00:00:00,2742.0,0,7
2024-07-01 01:00:00,2338.5,0,7
2024-07-01 02:00:00,2955.0,0,7
2024-07-01 03:00:00,2467.5,0,7
2024-07-01 04:00:00,2707.5,0,7
2024-07-01 05:00:00,2757.0,0,7
2024-07-01 06:00:00,2200.5,0,7
2024-07-01 07:00:00,2472.0,0,7
2024-07-01 08:00:00,2499.0,0,7
2024-07-01 09:00:00,2350.5,0,7
2024-07-01 10:00:00,2205.0,0,7
2024-07-01 11:00:00,1989.0,0,7
2024-07-01 12:00:00,1569.0,0,7
2024-07-01 13:00:00,1710.0,0,7
2024-07-01 14:00:00,2028.0,0,7
2024-07-01 15:00:00,2109.0,0,7
2024-07-01 16:00:00,2515.5,0,7
2024-07-01 17:00:00,3000.0,0,7
2024-07-01 18:00:00,3058.5,0,7
2024-07-01 19:00:00,3043.5,0,7
2024-07-01 20:00:00,2896.5,0,7
2024-07-01 21:00:00,3117.0,0,7
2024-07-01 22:00:00,3277.5,0,7
2024-07-01 23:00:00,4438.5,0,7
2024-07-02 00:00:00,3996.0,1,7
2024-07-02 01:00:00,4437.0,1,7
2024-07-02 02:00:00,4660.5,1,7
2024-07-02 03:00:00,4431.0,1,7
2024-07-02 04:00:00,3934.5,1,7
2024-07-02 05:00:00,4492.5,1,7
2024-07-02 06:00:00,4489.5,1,7
2024-07-02 07:00:00,4059.0,1,7
2024-07-02 08:00:00,3664.5,1,7
2024-07-02 09:00:00,3463.5,1,7
2024-07-02 10:00:00,3306.0,1,7
2024-07-02 11:00:00,2100.0,1,7
2024-07-02 12:00:00,1836.0,1,7
2024-07-02 13:00:00,2401.5,1,7
2024-07-02 14:00:00,2677.5,1,7
2024-07-02 15:00:00,3028.5,1,7
2024-07-02 16:00:00,3897.0,1,7
2024-07-02 17:00:00,4164.0,1,7
2024-07-02 18:00:00,4296.0,1,7
2024-07-02 19:00:00,4366.5,1,7
2024-07-02 20:00:00,4660.5,1,7
2024-07-02 21:00:00,3921.0,1,7
2024-07-02 22:00:00,2688.0,1,7
2024-07-02 23:00:00,3783.0,1,7
2024-07-03 00:00:00,4653.0,2,7
2024-07-03 01:00:00,4726.5,2,7
2024-07-03 02:00:00,4716.0,2,7
2024-07-03 03:00:00,4230.0,2,7
2024-07-03 04:00:00,4492.5,2,7
2024-07-03 05:00:00,4695.0,2,7
2024-07-03 06:00:00,3783.0,2,7
2024-07-03 07:00:00,3913.5,2,7
2024-07-03 08:00:00,3268.5,2,7
2024-07-03 09:00:00,3208.5,2,7
2024-07-03 10:00:00,2532.0,2,7
2024-07-03 11:00:00,2667.0,2,7
2024-07-03 12:00:00,2722.5,2,7
2024-07-03 13:00:00,2214.0,2,7
2024-07-03 14:00:00,2313.0,2,7
2024-07-03 15:00:00,3454.5,2,7
2024-07-03 16:00:00,4225.5,2,7
2024-07-03 17:00:00,3979.5,2,7
2024-07-03 18:00:00,4552.5,2,7
2024-07-03 19:00:00,4650.0,2,7
2024-07-03 20:00:00,4573.5,2,7
2024-07-03 21:00:00,4111.5,2,7
2024-07-03 22:00:00,4311.0,2,7
2024-07-03 23:00:00,3889.5,2,7
2024-07-04 00:00:00,4183.5,3,7
2024-07-04 01:00:00,4311.0,3,7
2024-07-04 02:00:00,4632.0,3,7
2024-07-04 03:00:00,4512.0,3,7
2024-07-04 04:00:00,4389.0,3,7
2024-07-04 05:00:00,4207.5,3,7
2024-07-04 06:00:00,3724.5,3,7
2024-07-04 07:00:00,3762.0,3,7
2024-07-04 08:00:00,3193.5,3,7
2024-07-04 09:00:00,2788.5,3,7
2024-07-04 10:00:00,3168.0,3,7
2024-07-04 11:00:00,3001.5,3,7
2024-07-04 12:00:00,3393.0,3,7
2024-07-04 13:00:00,3226.5,3,7
2024-07-04 14:00:00,3684.0,3,7
2024-07-04 15:00:00,3406.5,3,7
2024-07-04 16:00:00,3745.5,3,7
2024-07-04 17:00:00,4377.0,3,7
2024-07-04 18:00:00,4371.0,3,7
2024-07-04 19:00:00,4575.0,3,7
2024-07-04 20:00:00,4384.5,3,7
2024-07-04 21:00:00,4459.5,3,7
2024-07-04 22:00:00,4186.5,3,7
2024-07-04 23:00:00,4489.5,3,7
2024-07-05 00:00:00,4374.0,4,7
2024-07-05 01:00:00,4515.0,4,7
2024-07-05 02:00:00,4636.5,4,7
2024-07-05 03:00:00,4515.0,4,7
2024-07-05 04:00:00,4573.5,4,7
2024-07-05 05:00:00,4050.0,4,7
2024-07-05 06:00:00,2488.5,4,7
2024-07-05 07:00:00,1134.0,4,7
2024-07-05 08:00:00,427.5,4,7
2024-07-05 09:00:00,13.5,4,7
2024-07-05 10:00:00,13.5,4,7
2024-07-05 11:00:00,9.0,4,7
2024-07-05 12:00:00,9.0,4,7
2024-07-05 13:00:00,16.5,4,7
2024-07-05 14:00:00,37.5,4,7
2024-07-05 15:00:00,130.5,4,7
2024-07-05 16:00:00,18.0,4,7
2024-07-05 17:00:00,102.0,4,7
2024-07-05 18:00:00,249.0,4,7
2024-07-05 19:00:00,268.5,4,7
2024-07-05 20:00:00,262.5,4,7
2024-07-05 21:00:00,246.0,4,7
2024-07-05 22:00:00,244.5,4,7
2024-07-05 23:00:00,250.5,4,7
2024-07-06 00:00:00,249.0,5,7
2024-07-06 01:00:00,268.5,5,7
2024-07-06 02:00:00,289.5,5,7
2024-07-06 03:00:00,304.5,5,7
2024-07-06 04:00:00,300.0,5,7
2024-07-06 05:00:00,277.5,5,7
2024-07-06 06:00:00,277.5,5,7
2024-07-06 07:00:00,858.0,5,7
2024-07-06 08:00:00,1951.5,5,7
2024-07-06 09:00:00,1686.0,5,7
2024-07-06 10:00:00,1819.5,5,7
2024-07-06 11:00:00,1816.5,5,7
2024-07-06 12:00:00,1473.0,5,7
2024-07-06 13:00:00,874.5,5,7
2024-07-06 14:00:00,1174.5,5,7
2024-07-06 15:00:00,2047.5,5,7
2024-07-06 16:00:00,3061.5,5,7
2024-07-06 17:00:00,3831.0,5,7
2024-07-06 18:00:00,4471.5,5,7
2024-07-06 19:00:00,4291.5,5,7
2024-07-06 20:00:00,4252.5,5,7
2024-07-06 21:00:00,3255.0,5,7
2024-07-06 22:00:00,3478.5,5,7
2024-07-06 23:00:00,3430.5,5,7
2024-07-07 00:00:00,3478.5,6,7
2024-07-07 01:00:00,3348.0,6,7
2024-07-07 02:00:00,3349.5,6,7
2024-07-07 03:00:00,3315.0,6,7
2024-07-07 04:00:00,3108.0,6,7
2024-07-07 05:00:00,3018.0,6,7
2024-07-07 06:00:00,2871.0,6,7
2024-07-07 07:00:00,2620.5,6,7
2024-07-07 08:00:00,2506.5,6,7
2024-07-07 09:00:00,2365.5,6,7
2024-07-07 10:00:00,2616.0,6,7
2024-07-07 11:00:00,2940.0,6,7
2024-07-07 12:00:00,3103.5,6,7
2024-07-07 13:00:00,3126.0,6,7
2024-07-07 14:00:00,3088.5,6,7
2024-07-07 15:00:00,3358.5,6,7
2024-07-07 16:00:00,3777.0,6,7
2024-07-07 17:00:00,3610.5,6,7
2024-07-07 18:00:00,4290.0,6,7
2024-07-07 19:00:00,4512.0,6,7
2024-07-07 20:00:00,4696.5,6,7
2024-07-07 21:00:00,4602.0,6,7
2024-07-07 22:00:00,4773.0,6,7
2024-07-07 23:00:00,4656.0,6,7
2024-07-08 00:00:00,4681.5,0,7
2024-07-08 01:00:00,4446.0,0,7
2024-07-08 02:00:00,4429.5,0,7
2024-07-08 03:00:00,4594.5,0,7
2024-07-08 04:00:00,4492.5,0,7
2024-07-08 05:00:00,4236.0,0,7
2024-07-08 06:00:00,4002.0,0,7
2024-07-08 07:00:00,3918.0,0,7
2024-07-08 08:00:00,2979.0,0,7
2024-07-08 09:00:00,2437.5,0,7
2024-07-08 10:00:00,2256.0,0,7
2024-07-08 11:00:00,2482.5,0,7
2024-07-08 12:00:00,2026.5,0,7
2024-07-08 13:00:00,2707.5,0,7
2024-07-08 14:00:00,2412.0,0,7
2024-07-08 15:00:00,3217.5,0,7
2024-07-08 16:00:00,3897.0,0,7
2024-07-08 17:00:00,3534.0,0,7
2024-07-08 18:00:00,4479.0,0,7
2024-07-08 19:00:00,4495.5,0,7
2024-07-08 20:00:00,4497.0,0,7
2024-07-08 21:00:00,4576.5,0,7
2024-07-08 22:00:00,4690.5,0,7
2024-07-08 23:00:00,4594.5,0,7
2024-07-09 00:00:00,4264.5,1,7
2024-07-09 01:00:00,3310.5,1,7
2024-07-09 02:00:00,3573.0,1,7
2024-07-09 03:00:00,4338.0,1,7
2024-07-09 04:00:00,4552.5,1,7
2024-07-09 05:00:00,4600.5,1,7
2024-07-09 06:00:00,4162.5,1,7
2024-07-09 07:00:00,3805.5,1,7
2024-07-09 08:00:00,3081.0,1,7
2024-07-09 09:00:00,3004.5,1,7
2024-07-09 10:00:00,2551.5,1,7
2024-07-09 11:00:00,2104.5,1,7
2024-07-09 12:00:00,2649.0,1,7
2024-07-09 13:00:00,4065.0,1,7
2024-07-09 14:00:00,3883.5,1,7
2024-07-09 15:00:00,2265.0,1,7
2024-07-09 16:00:00,3784.5,1,7
2024-07-09 17:00:00,4135.5,1,7
2024-07-09 18:00:00,4318.5,1,7
2024-07-09 19:00:00,4329.0,1,7
2024-07-09 20:00:00,4533.0,1,7
2024-07-09 21:00:00,4642.5,1,7
2024-07-09 22:00:00,4666.5,1,7
2024-07-09 23:00:00,4267.5,1,7
2024-07-10 00:00:00,4131.0,2,7
2024-07-10 01:00:00,4119.0,2,7
2024-07-10 02:00:00,3730.5,2,7
2024-07-10 03:00:00,4549.5,2,7
2024-07-10 04:00:00,4386.0,2,7
2024-07-10 05:00:00,4323.0,2,7
2024-07-10 06:00:00,3768.0,2,7
2024-07-10 07:00:00,2841.0,2,7
2024-07-10 08:00:00,2110.5,2,7
2024-07-10 09:00:00,1488.0,2,7
2024-07-10 10:00:00,1087.5,2,7
2024-07-10 11:00:00,1458.0,2,7
2024-07-10 12:00:00,1633.5,2,7
2024-07-10 13:00:00,1564.5,2,7
2024-07-10 14:00:00,2355.0,2,7
2024-07-10 15:00:00,2526.0,2,7
2024-07-10 16:00:00,2856.0,2,7
2024-07-10 17:00:00,2826.0,2,7
2024-07-10 18:00:00,2946.0,2,7
2024-07-10 19:00:00,2847.0,2,7
2024-07-10 20:00:00,2604.0,2,7
2024-07-10 21:00:00,2853.0,2,7
2024-07-10 22:00:00,2574.0,2,7
2024-07-10 23:00:00,2965.5,2,7
2024-07-11 00:00:00,2607.0,3,7
2024-07-11 01:00:00,2880.0,3,7
2024-07-11 02:00:00,2928.0,3,7
2024-07-11 03:00:00,2587.5,3,7
2024-07-11 04:00:00,2595.0,3,7
2024-07-11 05:00:00,1884.0,3,7
2024-07-11 06:00:00,1263.0,3,7
2024-07-11 07:00:00,940.5,3,7
2024-07-11 08:00:00,1186.5,3,7
2024-07-11 09:00:00,1236.0,3,7
2024-07-11 10:00:00,814.5,3,7
2024-07-11 11:00:00,331.5,3,7
2024-07-11 12:00:00,442.5,3,7
2024-07-11 13:00:00,484.5,3,7
2024-07-11 14:00:00,652.5,3,7
2024-07-11 15:00:00,1152.0,3,7
2024-07-11 16:00:00,1287.0,3,7
2024-07-11 17:00:00,1851.0,3,7
2024-07-11 18:00:00,1954.5,3,7
2024-07-11 19:00:00,1879.5,3,7
2024-07-11 20:00:00,1522.5,3,7
2024-07-11 21:00:00,1746.0,3,7
2024-07-11 22:00:00,1867.5,3,7
2024-07-11 23:00:00,1917.0,3,7
2024-07-12 00:00:00,1896.0,4,7
2024-07-12 01:00:00,1603.5,4,7
2024-07-12 02:00:00,1471.5,4,7
2024-07-12 03:00:00,1519.5,4,7
2024-07-12 04:00:00,1822.5,4,7
2024-07-12 05:00:00,1861.5,4,7
2024-07-12 06:00:00,1605.0,4,7
2024-07-12 07:00:00,1320.0,4,7
2024-07-12 08:00:00,1410.0,4,7
2024-07-12 09:00:00,1339.5,4,7
2024-07-12 10:00:00,1290.0,4,7
2024-07-12 11:00:00,1195.5,4,7
2024-07-12 12:00:00,1024.5,4,7
2024-07-12 13:00:00,886.5,4,7
2024-07-12 14:00:00,1186.5,4,7
2024-07-12 15:00:00,1269.0,4,7
2024-07-12 16:00:00,1392.0,4,7
2024-07-12 17:00:00,1213.5,4,7
2024-07-12 18:00:00,2406.0,4,7
2024-07-12 19:00:00,2823.0,4,7
2024-07-12 20:00:00,3675.0,4,7
2024-07-12 21:00:00,4461.0,4,7
2024-07-12 22:00:00,4611.0,4,7
2024-07-12 23:00:00,4729.5,4,7
2024-07-13 00:00:00,4602.0,5,7
2024-07-13 01:00:00,4081.5,5,7
2024-07-13 02:00:00,3571.5,5,7
2024-07-13 03:00:00,3922.5,5,7
2024-07-13 04:00:00,4249.5,5,7
2024-07-13 05:00:00,3744.0,5,7
2024-07-13 06:00:00,4108.5,5,7
2024-07-13 07:00:00,3523.5,5,7
2024-07-13 08:00:00,1845.0,5,7
2024-07-13 09:00:00,2332.5,5,7
2024-07-13 10:00:00,1764.0,5,7
2024-07-13 11:00:00,2506.5,5,7
2024-07-13 12:00:00,2491.5,5,7
2024-07-13 13:00:00,2811.0,5,7
2024-07-13 14:00:00,2347.5,5,7
2024-07-13 15:00:00,3301.5,5,7
2024-07-13 16:00:00,3777.0,5,7
2024-07-13 17:00:00,4287.0,5,7
2024-07-13 18:00:00,4455.0,5,7
2024-07-13 19:00:00,4770.0,5,7
2024-07-13 20:00:00,4780.5,5,7
2024-07-13 21:00:00,4344.0,5,7
2024-07-13 22:00:00,4696.5,5,7
2024-07-13 23:00:00,4314.0,5,7
2024-07-14 00:00:00,4881.0,6,7
2024-07-14 01:00:00,4413.0,6,7
2024-07-14 02:00:00,4546.5,6,7
2024-07-14 03:00:00,4323.0,6,7
2024-07-14 04:00:00,4476.0,6,7
2024-07-14 05:00:00,4684.5,6,7
2024-07-14 06:00:00,4611.0,6,7
2024-07-14 07:00:00,3940.5,6,7
2024-07-14 08:00:00,3748.5,6,7
2024-07-14 09:00:00,3313.5,6,7
2024-07-14 10:00:00,2973.0,6,7
2024-07-14 11:00:00,2064.0,6,7
2024-07-14 12:00:00,1828.5,6,7
2024-07-14 13:00:00,2388.0,6,7
2024-07-14 14:00:00,2785.5,6,7
2024-07-14 15:00:00,3180.0,6,7
2024-07-14 16:00:00,3118.5,6,7
2024-07-14 17:00:00,4368.0,6,7
2024-07-14 18:00:00,4279.5,6,7
2024-07-14 19:00:00,4149.0,6,7
2024-07-14 20:00:00,4000.5,6,7
2024-07-14 21:00:00,4776.0,6,7
2024-07-14 22:00:00,4363.5,6,7
2024-07-14 23:00:00,4288.5,6,7
2024-07-15 00:00:00,4857.0,0,7
2024-07-15 01:00:00,4959.0,0,7
2024-07-15 02:00:00,4659.0,0,7
2024-07-15 03:00:00,3579.0,0,7
2024-07-15 04:00:00,4479.0,0,7
2024-07-15 05:00:00,4914.0,0,7
2024-07-15 06:00:00,4552.5,0,7
2024-07-15 07:00:00,4324.5,0,7
2024-07-15 08:00:00,3736.5,0,7
2024-07-15 09:00:00,3891.0,0,7
2024-07-15 10:00:00,4284.0,0,7
2024-07-15 11:00:00,3652.5,0,7
2024-07-15 12:00:00,3573.0,0,7
2024-07-15 13:00:00,3663.0,0,7
2024-07-15 14:00:00,3489.0,0,7
2024-07-15 15:00:00,3888.0,0,7
2024-07-15 16:00:00,4143.0,0,7
2024-07-15 17:00:00,4003.5,0,7
2024-07-15 18:00:00,4605.0,0,7
2024-07-15 19:00:00,4053.0,0,7
2024-07-15 20:00:00,4134.0,0,7
2024-07-15 21:00:00,4513.5,0,7
2024-07-15 22:00:00,3928.5,0,7
2024-07-15 23:00:00,4455.0,0,7
2024-07-16 00:00:00,3688.5,1,7
2024-07-16 01:00:00,3843.0,1,7
2024-07-16 02:00:00,4261.5,1,7
2024-07-16 03:00:00,4570.5,1,7
2024-07-16 04:00:00,4131.0,1,7
2024-07-16 05:00:00,4606.5,1,7
2024-07-16 06:00:00,4018.5,1,7
2024-07-16 07:00:00,3816.0,1,7
2024-07-16 08:00:00,2724.0,1,7
2024-07-16 09:00:00,2853.0,1,7
2024-07-16 10:00:00,2745.0,1,7
2024-07-16 11:00:00,3355.5,1,7
2024-07-16 12:00:00,3298.5,1,7
2024-07-16 13:00:00,3075.0,1,7
2024-07-16 14:00:00,3397.5,1,7
2024-07-16 15:00:00,3840.0,1,7
2024-07-16 16:00:00,3537.0,1,7
2024-07-16 17:00:00,3835.5,1,7
2024-07-16 18:00:00,4213.5,1,7
2024-07-16 19:00:00,4114.5,1,7
2024-07-16 20:00:00,4044.0,1,7
2024-07-16 21:00:00,4449.0,1,7
2024-07-16 22:00:00,4222.5,1,7
2024-07-16 23:00:00,4309.5,1,7
2024-07-17 00:00:00,4360.5,2,7
2024-07-17 01:00:00,4095.0,2,7
2024-07-17 02:00:00,4459.5,2,7
2024-07-17 03:00:00,4320.0,2,7
2024-07-17 04:00:00,4185.0,2,7
2024-07-17 05:00:00,4314.0,2,7
2024-07-17 06:00:00,3945.0,2,7
2024-07-17 07:00:00,3934.5,2,7
2024-07-17 08:00:00,3586.5,2,7
2024-07-17 09:00:00,3165.0,2,7
2024-07-17 10:00:00,2724.0,2,7
2024-07-17 11:00:00,2326.5,2,7
2024-07-17 12:00:00,1912.5,2,7
2024-07-17 13:00:00,2308.5,2,7
2024-07-17 14:00:00,2878.5,2,7
2024-07-17 15:00:00,3631.5,2,7
2024-07-17 16:00:00,3724.5,2,7
2024-07-17 17:00:00,3718.5,2,7
2024-07-17 18:00:00,4290.0,2,7
2024-07-17 19:00:00,4330.5,2,7
2024-07-17 20:00:00,4345.5,2,7
2024-07-17 21:00:00,4288.5,2,7
2024-07-17 22:00:00,4126.5,2,7
2024-07-17 23:00:00,4560.0,2,7
2024-07-18 00:00:00,4326.0,3,7
2024-07-18 01:00:00,3174.0,3,7
2024-07-18 02:00:00,2860.5,3,7
2024-07-18 03:00:00,2659.5,3,7
2024-07-18 04:00:00,2752.5,3,7
2024-07-18 05:00:00,2961.0,3,7
2024-07-18 06:00:00,2977.5,3,7
2024-07-18 07:00:00,2157.0,3,7
2024-07-18 08:00:00,1441.5,3,7
2024-07-18 09:00:00,1527.0,3,7
2024-07-18 10:00:00,1311.0,3,7
2024-07-18 11:00:00,1108.5,3,7
2024-07-18 12:00:00,1072.5,3,7
2024-07-18 13:00:00,1011.0,3,7
2024-07-18 14:00:00,1245.0,3,7
2024-07-18 15:00:00,1494.0,3,7
2024-07-18 16:00:00,1692.0,3,7
2024-07-18 17:00:00,1828.5,3,7
2024-07-18 18:00:00,1992.0,3,7
2024-07-18 19:00:00,1834.5,3,7
2024-07-18 20:00:00,1834.5,3,7
2024-07-18 21:00:00,2047.5,3,7
2024-07-18 22:00:00,1270.5,3,7
2024-07-18 23:00:00,1173.0,3,7
2024-07-19 00:00:00,1146.0,4,7
2024-07-19 01:00:00,1135.5,4,7
2024-07-19 02:00:00,1084.5,4,7
2024-07-19 03:00:00,1074.0,4,7
2024-07-19 04:00:00,1006.5,4,7
2024-07-19 05:00:00,969.0,4,7
2024-07-19 06:00:00,870.0,4,7
2024-07-19 07:00:00,465.0,4,7
2024-07-19 08:00:00,30.0,4,7
2024-07-19 09:00:00,42.0,4,7
2024-07-19 10:00:00,18.0,4,7
2024-07-19 11:00:00,66.0,4,7
2024-07-19 12:00:00,10.5,4,7
2024-07-19 13:00:00,18.0,4,7
2024-07-19 14:00:00,90.0,4,7
2024-07-19 15:00:00,115.5,4,7
2024-07-19 16:00:00,79.5,4,7
2024-07-19 17:00:00,91.5,4,7
2024-07-19 18:00:00,135.0,4,7
2024-07-19 19:00:00,150.0,4,7
2024-07-19 20:00:00,202.5,4,7
2024-07-19 21:00:00,171.0,4,7
2024-07-19 22:00:00,204.0,4,7
2024-07-19 23:00:00,181.5,4,7
2024-07-20 00:00:00,181.5,5,7
2024-07-20 01:00:00,202.5,5,7
2024-07-20 02:00:00,187.5,5,7
2024-07-20 03:00:00,207.0,5,7
2024-07-20 04:00:00,192.0,5,7
2024-07-20 05:00:00,154.5,5,7
2024-07-20 06:00:00,126.0,5,7
2024-07-20 07:00:00,22.5,5,7
2024-07-20 08:00:00,130.5,5,7
2024-07-20 09:00:00,178.5,5,7
2024-07-20 10:00:00,57.0,5,7
2024-07-20 11:00:00,96.0,5,7
2024-07-20 12:00:00,1.5,5,7
2024-07-20 13:00:00,279.0,5,7
2024-07-20 14:00:00,232.5,5,7
2024-07-20 15:00:00,276.0,5,7
2024-07-20 16:00:00,306.0,5,7
2024-07-20 17:00:00,265.5,5,7
2024-07-20 18:00:00,459.0,5,7
2024-07-20 19:00:00,222.0,5,7
2024-07-20 20:00:00,462.0,5,7
2024-07-20 21:00:00,463.5,5,7
2024-07-20 22:00:00,481.5,5,7
2024-07-20 23:00:00,312.0,5,7
2024-07-21 00:00:00,387.0,6,7
2024-07-21 01:00:00,586.5,6,7
2024-07-21 02:00:00,547.5,6,7
2024-07-21 03:00:00,474.0,6,7
2024-07-21 04:00:00,378.0,6,7
2024-07-21 05:00:00,546.0,6,7
2024-07-21 06:00:00,462.0,6,7
2024-07-21 07:00:00,139.5,6,7
2024-07-21 08:00:00,360.0,6,7
2024-07-21 09:00:00,384.0,6,7
2024-07-21 10:00:00,279.0,6,7
2024-07-21 11:00:00,78.0,6,7
2024-07-21 12:00:00,37.5,6,7
2024-07-21 13:00:00,240.0,6,7
2024-07-21 14:00:00,127.5,6,7
2024-07-21 15:00:00,238.5,6,7
2024-07-21 16:00:00,144.0,6,7
2024-07-21 17:00:00,178.5,6,7
2024-07-21 18:00:00,400.5,6,7
2024-07-21 19:00:00,138.0,6,7
2024-07-21 20:00:00,462.0,6,7
2024-07-21 21:00:00,522.0,6,7
2024-07-21 22:00:00,574.5,6,7
2024-07-21 23:00:00,390.0,6,7
2024-07-22 00:00:00,327.0,0,7
2024-07-22 01:00:00,570.0,0,7
2024-07-22 02:00:00,498.0,0,7
2024-07-22 03:00:00,468.0,0,7
2024-07-22 04:00:00,315.0,0,7
2024-07-22 05:00:00,528.0,0,7
2024-07-22 06:00:00,490.5,0,7
2024-07-22 07:00:00,180.0,0,7
2024-07-22 08:00:00,34.5,0,7
2024-07-22 09:00:00,22.5,0,7
2024-07-22 10:00:00,9.0,0,7
2024-07-22 11:00:00,12.0,0,7
2024-07-22 12:00:00,0.0,0,7
2024-07-22 13:00:00,69.0,0,7
2024-07-22 14:00:00,67.5,0,7
2024-07-22 15:00:00,42.0,0,7
2024-07-22 16:00:00,27.0,0,7
2024-07-22 17:00:00,33.0,0,7
2024-07-22 18:00:00,96.0,0,7
2024-07-22 19:00:00,109.5,0,7
2024-07-22 20:00:00,126.0,0,7
2024-07-22 21:00:00,129.0,0,7
2024-07-22 22:00:00,256.5,0,7
2024-07-22 23:00:00,439.5,0,7
2024-07-23 00:00:00,376.5,1,7
2024-07-23 01:00:00,369.0,1,7
2024-07-23 02:00:00,372.0,1,7
2024-07-23 03:00:00,471.0,1,7
2024-07-23 04:00:00,619.5,1,7
2024-07-23 05:00:00,651.0,1,7
2024-07-23 06:00:00,462.0,1,7
2024-07-23 07:00:00,165.0,1,7
2024-07-23 08:00:00,16.5,1,7
2024-07-23 09:00:00,9.0,1,7
2024-07-23 10:00:00,6.0,1,7
2024-07-23 11:00:00,16.5,1,7
2024-07-23 12:00:00,13.5,1,7
2024-07-23 13:00:00,69.0,1,7
2024-07-23 14:00:00,117.0,1,7
2024-07-23 15:00:00,175.5,1,7
2024-07-23 16:00:00,189.0,1,7
2024-07-23 17:00:00,207.0,1,7
2024-07-23 18:00:00,253.5,1,7
2024-07-23 19:00:00,292.5,1,7
2024-07-23 20:00:00,349.5,1,7
2024-07-23 21:00:00,412.5,1,7
2024-07-23 22:00:00,988.5,1,7
2024-07-23 23:00:00,2047.5,1,7
2024-07-24 00:00:00,2370.0,2,7
2024-07-24 01:00:00,2157.0,2,7
2024-07-24 02:00:00,2020.5,2,7
2024-07-24 03:00:00,2052.0,2,7
2024-07-24 04:00:00,2281.5,2,7
2024-07-24 05:00:00,1930.5,2,7
2024-07-24 06:00:00,2278.5,2,7
2024-07-24 07:00:00,1101.0,2,7
2024-07-24 08:00:00,1084.5,2,7
2024-07-24 09:00:00,1107.0,2,7
2024-07-24 10:00:00,1468.5,2,7
2024-07-24 11:00:00,1087.5,2,7
2024-07-24 12:00:00,1225.5,2,7
2024-07-24 13:00:00,1347.0,2,7
2024-07-24 14:00:00,1048.5,2,7
2024-07-24 15:00:00,1377.0,2,7
2024-07-24 16:00:00,1683.0,2,7
2024-07-24 17:00:00,1720.5,2,7
2024-07-24 18:00:00,2073.0,2,7
2024-07-24 19:00:00,1872.0,2,7
2024-07-24 20:00:00,1861.5,2,7
2024-07-24 21:00:00,1923.0,2,7
2024-07-24 22:00:00,2545.5,2,7
2024-07-24 23:00:00,2127.0,2,7
2024-07-25 00:00:00,2560.5,3,7
2024-07-25 01:00:00,2305.5,3,7
2024-07-25 02:00:00,2250.0,3,7
2024-07-25 03:00:00,2343.0,3,7
2024-07-25 04:00:00,2116.5,3,7
2024-07-25 05:00:00,1815.0,3,7
2024-07-25 06:00:00,1900.5,3,7
2024-07-25 07:00:00,1294.5,3,7
2024-07-25 08:00:00,1173.0,3,7
2024-07-25 09:00:00,1291.5,3,7
2024-07-25 10:00:00,922.5,3,7
2024-07-25 11:00:00,1024.5,3,7
2024-07-25 12:00:00,693.0,3,7
2024-07-25 13:00:00,1033.5,3,7
2024-07-25 14:00:00,979.5,3,7
2024-07-25 15:00:00,493.5,3,7
2024-07-25 16:00:00,498.0,3,7
2024-07-25 17:00:00,456.0,3,7
2024-07-25 18:00:00,402.0,3,7
2024-07-25 19:00:00,453.0,3,7
2024-07-25 20:00:00,1155.0,3,7
2024-07-25 21:00:00,2227.5,3,7
2024-07-25 22:00:00,2607.0,3,7
2024-07-25 23:00:00,2628.0,3,7
2024-07-26 00:00:00,2214.0,4,7
2024-07-26 01:00:00,2196.0,4,7
2024-07-26 02:00:00,2193.0,4,7
2024-07-26 03:00:00,2362.5,4,7
2024-07-26 04:00:00,1911.0,4,7
2024-07-26 05:00:00,852.0,4,7
2024-07-26 06:00:00,841.5,4,7
2024-07-26 07:00:00,723.0,4,7
2024-07-26 08:00:00,2214.0,4,7
2024-07-26 09:00:00,3048.0,4,7
2024-07-26 10:00:00,2928.0,4,7
2024-07-26 11:00:00,2929.5,4,7
2024-07-26 12:00:00,2578.5,4,7
2024-07-26 13:00:00,2451.0,4,7
2024-07-26 14:00:00,2643.0,4,7
2024-07-26 15:00:00,3477.0,4,7
2024-07-26 16:00:00,3667.5,4,7
2024-07-26 17:00:00,3327.0,4,7
2024-07-26 18:00:00,3540.0,4,7
2024-07-26 19:00:00,3337.5,4,7
2024-07-26 20:00:00,3151.5,4,7
2024-07-26 21:00:00,4108.5,4,7
2024-07-26 22:00:00,4539.0,4,7
2024-07-26 23:00:00,4378.5,4,7
2024-07-27 00:00:00,4084.5,5,7
2024-07-27 01:00:00,3997.5,5,7
2024-07-27 02:00:00,3775.5,5,7
2024-07-27 03:00:00,3645.0,5,7
2024-07-27 04:00:00,4510.5,5,7
2024-07-27 05:00:00,4035.0,5,7
2024-07-27 06:00:00,3925.5,5,7
2024-07-27 07:00:00,3313.5,5,7
2024-07-27 08:00:00,3447.0,5,7
2024-07-27 09:00:00,3235.5,5,7
2024-07-27 10:00:00,3196.5,5,7
2024-07-27 11:00:00,2356.5,5,7
2024-07-27 12:00:00,1956.0,5,7
2024-07-27 13:00:00,2139.0,5,7
2024-07-27 14:00:00,2494.5,5,7
2024-07-27 15:00:00,3427.5,5,7
2024-07-27 16:00:00,4384.5,5,7
2024-07-27 17:00:00,4473.0,5,7
2024-07-27 18:00:00,4108.5,5,7
2024-07-27 19:00:00,4441.5,5,7
2024-07-27 20:00:00,4509.0,5,7
2024-07-27 21:00:00,4096.5,5,7
2024-07-27 22:00:00,3781.5,5,7
2024-07-27 23:00:00,3456.0,5,7
2024-07-28 00:00:00,3001.5,6,7
2024-07-28 01:00:00,3469.5,6,7
2024-07-28 02:00:00,3279.0,6,7
2024-07-28 03:00:00,3273.0,6,7
2024-07-28 04:00:00,3472.5,6,7
2024-07-28 05:00:00,3465.0,6,7
2024-07-28 06:00:00,3411.0,6,7
2024-07-28 07:00:00,2829.0,6,7
2024-07-28 08:00:00,2389.5,6,7
2024-07-28 09:00:00,1924.5,6,7
2024-07-28 10:00:00,1297.5,6,7
2024-07-28 11:00:00,1350.0,6,7
2024-07-28 12:00:00,1615.5,6,7
2024-07-28 13:00:00,1561.5,6,7
2024-07-28 14:00:00,1657.5,6,7
2024-07-28 15:00:00,1386.0,6,7
2024-07-28 16:00:00,1575.0,6,7
2024-07-28 17:00:00,1873.5,6,7
2024-07-28 18:00:00,2203.5,6,7
2024-07-28 19:00:00,2632.5,6,7
2024-07-28 20:00:00,2715.0,6,7
2024-07-28 21:00:00,2682.0,6,7
2024-07-28 22:00:00,2601.0,6,7
2024-07-28 23:00:00,2632.5,6,7
2024-07-29 00:00:00,2614.5,0,7
2024-07-29 01:00:00,2628.0,0,7
2024-07-29 02:00:00,2571.0,0,7
2024-07-29 03:00:00,2599.5,0,7
2024-07-29 04:00:00,2419.5,0,7
2024-07-29 05:00:00,2634.0,0,7
2024-07-29 06:00:00,2557.5,0,7
2024-07-29 07:00:00,2437.5,0,7
2024-07-29 08:00:00,2385.0,0,7
2024-07-29 09:00:00,2127.0,0,7
2024-07-29 10:00:00,2064.0,0,7
2024-07-29 11:00:00,1341.0,0,7
2024-07-29 12:00:00,1143.0,0,7
2024-07-29 13:00:00,1236.0,0,7
2024-07-29 14:00:00,1545.0,0,7
2024-07-29 15:00:00,1588.5,0,7
2024-07-29 16:00:00,2370.0,0,7
2024-07-29 17:00:00,2481.0,0,7
2024-07-29 18:00:00,2664.0,0,7
2024-07-29 19:00:00,2688.0,0,7
2024-07-29 20:00:00,2332.5,0,7
2024-07-29 21:00:00,2634.0,0,7
2024-07-29 22:00:00,2656.5,0,7
2024-07-29 23:00:00,2691.0,0,7
2024-07-30 00:00:00,2626.5,1,7
2024-07-30 01:00:00,2538.0,1,7
2024-07-30 02:00:00,2544.0,1,7
2024-07-30 03:00:00,2437.5,1,7
2024-07-30 04:00:00,2382.0,1,7
2024-07-30 05:00:00,2487.0,1,7
2024-07-30 06:00:00,1312.5,1,7
2024-07-30 07:00:00,627.0,1,7
2024-07-30 08:00:00,99.0,1,7
2024-07-30 09:00:00,27.0,1,7
2024-07-30 10:00:00,15.0,1,7
2024-07-30 11:00:00,18.0,1,7
2024-07-30 12:00:00,3.0,1,7
2024-07-30 13:00:00,7.5,1,7
2024-07-30 14:00:00,18.0,1,7
2024-07-30 15:00:00,19.5,1,7
2024-07-30 16:00:00,51.0,1,7
2024-07-30 17:00:00,183.0,1,7
2024-07-30 18:00:00,258.0,1,7
2024-07-30 19:00:00,255.0,1,7
2024-07-30 20:00:00,261.0,1,7
2024-07-30 21:00:00,270.0,1,7
2024-07-30 22:00:00,1393.5,1,7
2024-07-30 23:00:00,1927.5,1,7
2024-07-31 00:00:00,1887.0,2,7
2024-07-31 01:00:00,1419.0,2,7
2024-07-31 02:00:00,1506.0,2,7
2024-07-31 03:00:00,1944.0,2,7
2024-07-31 04:00:00,1828.5,2,7
2024-07-31 05:00:00,1615.5,2,7
2024-07-31 06:00:00,2071.5,2,7
2024-07-31 07:00:00,2112.0,2,7
2024-07-31 08:00:00,2503.5,2,7
2024-07-31 09:00:00,2902.5,2,7
2024-07-31 10:00:00,2278.5,2,7
2024-07-31 11:00:00,1915.5,2,7
2024-07-31 12:00:00,2460.0,2,7
2024-07-31 13:00:00,2650.5,2,7
2024-07-31 14:00:00,3210.0,2,7
2024-07-31 15:00:00,3208.5,2,7
2024-07-31 16:00:00,3525.0,2,7
2024-07-31 17:00:00,3877.5,2,7
2024-07-31 18:00:00,4474.5,2,7
2024-07-31 19:00:00,4090.5,2,7
2024-07-31 20:00:00,4039.5,2,7
2024-07-31 21:00:00,4405.5,2,7
2024-07-31 22:00:00,3639.0,2,7
2024-07-31 23:00:00,3730.5,2,7
2024-08-01 00:00:00,4008.0,3,8
2024-08-01 01:00:00,4170.0,3,8
2024-08-01 02:00:00,4284.0,3,8
2024-08-01 03:00:00,4051.5,3,8
2024-08-01 04:00:00,4260.0,3,8
2024-08-01 05:00:00,4185.0,3,8
2024-08-01 06:00:00,3987.0,3,8
2024-08-01 07:00:00,3166.5,3,8
2024-08-01 08:00:00,3003.0,3,8
2024-08-01 09:00:00,2917.5,3,8
2024-08-01 10:00:00,2329.5,3,8
2024-08-01 11:00:00,2440.5,3,8
2024-08-01 12:00:00,2821.5,3,8
2024-08-01 13:00:00,3111.0,3,8
2024-08-01 14:00:00,3901.5,3,8
2024-08-01 15:00:00,3564.0,3,8
2024-08-01 16:00:00,3456.0,3,8
2024-08-01 17:00:00,3732.0,3,8
2024-08-01 18:00:00,4182.0,3,8
2024-08-01 19:00:00,4243.5,3,8
2024-08-01 20:00:00,4357.5,3,8
2024-08-01 21:00:00,4485.0,3,8
2024-08-01 22:00:00,3658.5,3,8
2024-08-01 23:00:00,4074.0,3,8
2024-08-02 00:00:00,4083.0,4,8
2024-08-02 01:00:00,3469.5,4,8
2024-08-02 02:00:00,3550.5,4,8
2024-08-02 03:00:00,3516.0,4,8
2024-08-02 04:00:00,3735.0,4,8
2024-08-02 05:00:00,4008.0,4,8
2024-08-02 06:00:00,3918.0,4,8
2024-08-02 07:00:00,3696.0,4,8
2024-08-02 08:00:00,3399.0,4,8
2024-08-02 09:00:00,2434.5,4,8
2024-08-02 10:00:00,2511.0,4,8
2024-08-02 11:00:00,2178.0,4,8
2024-08-02 12:00:00,2505.0,4,8
2024-08-02 13:00:00,2785.5,4,8
2024-08-02 14:00:00,2206.5,4,8
2024-08-02 15:00:00,2854.5,4,8
2024-08-02 16:00:00,4392.0,4,8
2024-08-02 17:00:00,3655.5,4,8
2024-08-02 18:00:00,4563.0,4,8
2024-08-02 19:00:00,4075.5,4,8
2024-08-02 20:00:00,3961.5,4,8
2024-08-02 21:00:00,4575.0,4,8
2024-08-02 22:00:00,4074.0,4,8
2024-08-02 23:00:00,3630.0,4,8
2024-08-03 00:00:00,4278.0,5,8
2024-08-03 01:00:00,4365.0,5,8
2024-08-03 02:00:00,4003.5,5,8
2024-08-03 03:00:00,4128.0,5,8
2024-08-03 04:00:00,3718.5,5,8
2024-08-03 05:00:00,4314.0,5,8
2024-08-03 06:00:00,4228.5,5,8
2024-08-03 07:00:00,3256.5,5,8
2024-08-03 08:00:00,3339.0,5,8
2024-08-03 09:00:00,3492.0,5,8
2024-08-03 10:00:00,2941.5,5,8
2024-08-03 11:00:00,2553.0,5,8
2024-08-03 12:00:00,1765.5,5,8
2024-08-03 13:00:00,2358.0,5,8
2024-08-03 14:00:00,3471.0,5,8
2024-08-03 15:00:00,2952.0,5,8
2024-08-03 16:00:00,3777.0,5,8
2024-08-03 17:00:00,3402.0,5,8
2024-08-03 18:00:00,4053.0,5,8
2024-08-03 19:00:00,4158.0,5,8
2024-08-03 20:00:00,3942.0,5,8
2024-08-03 21:00:00,4528.5,5,8
2024-08-03 22:00:00,3637.5,5,8
2024-08-03 23:00:00,3687.0,5,8
2024-08-04 00:00:00,3861.0,6,8
2024-08-04 01:00:00,4123.5,6,8
2024-08-04 02:00:00,4413.0,6,8
2024-08-04 03:00:00,4447.5,6,8
2024-08-04 04:00:00,4119.0,6,8
2024-08-04 05:00:00,3822.0,6,8
2024-08-04 06:00:00,4033.5,6,8
2024-08-04 07:00:00,3100.5,6,8
2024-08-04 08:00:00,2500.5,6,8
2024-08-04 09:00:00,1065.0,6,8
2024-08-04 10:00:00,1270.5,6,8
2024-08-04 11:00:00,1606.5,6,8
2024-08-04 12:00:00,1813.5,6,8
2024-08-04 13:00:00,1686.0,6,8
2024-08-04 14:00:00,1948.5,6,8
2024-08-04 15:00:00,2562.0,6,8
2024-08-04 16:00:00,3123.0,6,8
2024-08-04 17:00:00,3679.5,6,8
2024-08-04 18:00:00,4291.5,6,8
2024-08-04 19:00:00,4053.0,6,8
2024-08-04 20:00:00,3970.5,6,8
2024-08-04 21:00:00,3972.0,6,8
2024-08-04 22:00:00,3690.0,6,8
2024-08-04 23:00:00,3859.5,6,8
2024-08-05 00:00:00,4134.0,0,8
2024-08-05 01:00:00,4498.5,0,8
2024-08-05 02:00:00,4056.0,0,8
2024-08-05 03:00:00,4281.0,0,8
2024-08-05 04:00:00,4228.5,0,8
2024-08-05 05:00:00,3360.0,0,8
2024-08-05 06:00:00,2605.5,0,8
2024-08-05 07:00:00,2259.0,0,8
2024-08-05 08:00:00,1665.0,0,8
2024-08-05 09:00:00,1203.0,0,8
2024-08-05 10:00:00,1213.5,0,8
2024-08-05 11:00:00,1194.0,0,8
2024-08-05 12:00:00,1149.0,0,8
2024-08-05 13:00:00,1620.0,0,8
2024-08-05 14:00:00,1615.5,0,8
2024-08-05 15:00:00,2272.5,0,8
2024-08-05 16:00:00,1794.0,0,8
2024-08-05 17:00:00,2238.0,0,8
2024-08-05 18:00:00,2295.0,0,8
2024-08-05 19:00:00,2629.5,0,8
2024-08-05 20:00:00,2739.0,0,8
2024-08-05 21:00:00,2761.5,0,8
2024-08-05 22:00:00,1914.0,0,8
2024-08-05 23:00:00,2652.0,0,8
2024-08-06 00:00:00,2680.5,1,8
2024-08-06 01:00:00,2607.0,1,8
2024-08-06 02:00:00,2595.0,1,8
2024-08-06 03:00:00,2589.0,1,8
2024-08-06 04:00:00,2322.0,1,8
2024-08-06 05:00:00,2196.0,1,8
2024-08-06 06:00:00,2566.5,1,8
2024-08-06 07:00:00,2253.0,1,8
2024-08-06 08:00:00,1590.0,1,8
2024-08-06 09:00:00,1456.5,1,8
2024-08-06 10:00:00,915.0,1,8
2024-08-06 11:00:00,1291.5,1,8
2024-08-06 12:00:00,754.5,1,8
2024-08-06 13:00:00,868.5,1,8
2024-08-06 14:00:00,1080.0,1,8
2024-08-06 15:00:00,1057.5,1,8
2024-08-06 16:00:00,1924.5,1,8
2024-08-06 17:00:00,2604.0,1,8
2024-08-06 18:00:00,2796.0,1,8
2024-08-06 19:00:00,2818.5,1,8
2024-08-06 20:00:00,2827.5,1,8
2024-08-06 21:00:00,2326.5,1,8
2024-08-06 22:00:00,2500.5,1,8
2024-08-06 23:00:00,1474.5,1,8
2024-08-07 00:00:00,1377.0,2,8
2024-08-07 01:00:00,1273.5,2,8
2024-08-07 02:00:00,1354.5,2,8
2024-08-07 03:00:00,1339.5,2,8
2024-08-07 04:00:00,1243.5,2,8
2024-08-07 05:00:00,1270.5,2,8
2024-08-07 06:00:00,1164.0,2,8
2024-08-07 07:00:00,130.5,2,8
2024-08-07 08:00:00,982.5,2,8
2024-08-07 09:00:00,1036.5,2,8
2024-08-07 10:00:00,871.5,2,8
2024-08-07 11:00:00,993.0,2,8
2024-08-07 12:00:00,597.0,2,8
2024-08-07 13:00:00,1245.0,2,8
2024-08-07 14:00:00,1495.5,2,8
2024-08-07 15:00:00,1543.5,2,8
2024-08-07 16:00:00,1513.5,2,8
2024-08-07 17:00:00,1519.5,2,8
2024-08-07 18:00:00,2076.0,2,8
2024-08-07 19:00:00,2071.5,2,8
2024-08-07 20:00:00,2076.0,2,8
2024-08-07 21:00:00,1848.0,2,8
2024-08-07 22:00:00,1885.5,2,8
2024-08-07 23:00:00,2001.0,2,8
2024-08-08 00:00:00,1989.0,3,8
2024-08-08 01:00:00,1927.5,3,8
2024-08-08 02:00:00,2118.0,3,8
2024-08-08 03:00:00,1770.0,3,8
2024-08-08 04:00:00,1864.5,3,8
2024-08-08 05:00:00,1905.0,3,8
2024-08-08 06:00:00,2023.5,3,8
2024-08-08 07:00:00,1338.0,3,8
2024-08-08 08:00:00,1317.0,3,8
2024-08-08 09:00:00,942.0,3,8
2024-08-08 10:00:00,780.0,3,8
2024-08-08 11:00:00,540.0,3,8
2024-08-08 12:00:00,657.0,3,8
2024-08-08 13:00:00,993.0,3,8
2024-08-08 14:00:00,1320.0,3,8
2024-08-08 15:00:00,1152.0,3,8
2024-08-08 16:00:00,1582.5,3,8
2024-08-08 17:00:00,2002.5,3,8
2024-08-08 18:00:00,1927.5,3,8
2024-08-08 19:00:00,1917.0,3,8
2024-08-08 20:00:00,1990.5,3,8
2024-08-08 21:00:00,1842.0,3,8
2024-08-08 22:00:00,1741.5,3,8
2024-08-08 23:00:00,1978.5,3,8
2024-08-09 00:00:00,1800.0,4,8
2024-08-09 01:00:00,1824.0,4,8
2024-08-09 02:00:00,1993.5,4,8
2024-08-09 03:00:00,2193.0,4,8
2024-08-09 04:00:00,1953.0,4,8
2024-08-09 05:00:00,2031.0,4,8
2024-08-09 06:00:00,1678.5,4,8
2024-08-09 07:00:00,1398.0,4,8
2024-08-09 08:00:00,942.0,4,8
2024-08-09 09:00:00,1080.0,4,8
2024-08-09 10:00:00,592.5,4,8
2024-08-09 11:00:00,570.0,4,8
2024-08-09 12:00:00,555.0,4,8
2024-08-09 13:00:00,834.0,4,8
2024-08-09 14:00:00,1341.0,4,8
2024-08-09 15:00:00,1453.5,4,8
2024-08-09 16:00:00,1878.0,4,8
2024-08-09 17:00:00,1878.0,4,8
2024-08-09 18:00:00,1962.0,4,8
2024-08-09 19:00:00,1768.5,4,8
2024-08-09 20:00:00,1950.0,4,8
2024-08-09 21:00:00,1947.0,4,8
2024-08-09 22:00:00,1737.0,4,8
2024-08-09 23:00:00,1779.0,4,8
2024-08-10 00:00:00,2040.0,5,8
2024-08-10 01:00:00,1870.5,5,8
2024-08-10 02:00:00,1695.0,5,8
2024-08-10 03:00:00,1683.0,5,8
2024-08-10 04:00:00,1936.5,5,8
2024-08-10 05:00:00,2113.5,5,8
2024-08-10 06:00:00,1987.5,5,8
2024-08-10 07:00:00,1539.0,5,8
2024-08-10 08:00:00,859.5,5,8
2024-08-10 09:00:00,952.5,5,8
2024-08-10 10:00:00,1068.0,5,8
2024-08-10 11:00:00,634.5,5,8
2024-08-10 12:00:00,660.0,5,8
2024-08-10 13:00:00,1383.0,5,8
2024-08-10 14:00:00,1558.5,5,8
2024-08-10 15:00:00,1228.5,5,8
2024-08-10 16:00:00,1344.0,5,8
2024-08-10 17:00:00,1846.5,5,8
2024-08-10 18:00:00,2052.0,5,8
2024-08-10 19:00:00,1629.0,5,8
2024-08-10 20:00:00,2083.5,5,8
2024-08-10 21:00:00,1830.0,5,8
2024-08-10 22:00:00,1807.5,5,8
2024-08-10 23:00:00,1698.0,5,8
2024-08-11 00:00:00,1869.0,6,8
2024-08-11 01:00:00,2215.5,6,8
2024-08-11 02:00:00,2139.0,6,8
2024-08-11 03:00:00,1804.5,6,8
2024-08-11 04:00:00,1717.5,6,8
2024-08-11 05:00:00,2074.5,6,8
2024-08-11 06:00:00,1182.0,6,8
2024-08-11 07:00:00,631.5,6,8
2024-08-11 08:00:00,81.0,6,8
2024-08-11 09:00:00,16.5,6,8
2024-08-11 10:00:00,7.5,6,8
2024-08-11 11:00:00,91.5,6,8
2024-08-11 12:00:00,124.5,6,8
2024-08-11 13:00:00,72.0,6,8
2024-08-11 14:00:00,81.0,6,8
2024-08-11 15:00:00,102.0,6,8
2024-08-11 16:00:00,79.5,6,8
2024-08-11 17:00:00,105.0,6,8
2024-08-11 18:00:00,195.0,6,8
2024-08-11 19:00:00,289.5,6,8
2024-08-11 20:00:00,1006.5,6,8
2024-08-11 21:00:00,1993.5,6,8
2024-08-11 22:00:00,2328.0,6,8
2024-08-11 23:00:00,2397.0,6,8
2024-08-12 00:00:00,2412.0,0,8
2024-08-12 01:00:00,2289.0,0,8
2024-08-12 02:00:00,2058.0,0,8
2024-08-12 03:00:00,2425.5,0,8
2024-08-12 04:00:00,1887.0,0,8
2024-08-12 05:00:00,856.5,0,8
2024-08-12 06:00:00,645.0,0,8
2024-08-12 07:00:00,450.0,0,8
2024-08-12 08:00:00,1879.5,0,8
2024-08-12 09:00:00,2847.0,0,8
2024-08-12 10:00:00,2631.0,0,8
2024-08-12 11:00:00,2286.0,0,8
2024-08-12 12:00:00,2520.0,0,8
2024-08-12 13:00:00,3193.5,0,8
2024-08-12 14:00:00,2806.5,0,8
2024-08-12 15:00:00,3321.0,0,8
2024-08-12 16:00:00,3193.5,0,8
2024-08-12 17:00:00,3468.0,0,8
2024-08-12 18:00:00,4068.0,0,8
2024-08-12 19:00:00,3858.0,0,8
2024-08-12 20:00:00,4000.5,0,8
2024-08-12 21:00:00,4465.5,0,8
2024-08-12 22:00:00,3826.5,0,8
2024-08-12 23:00:00,3706.5,0,8
2024-08-13 00:00:00,4105.5,1,8
2024-08-13 01:00:00,4216.5,1,8
2024-08-13 02:00:00,3777.0,1,8
2024-08-13 03:00:00,3789.0,1,8
2024-08-13 04:00:00,4228.5,1,8
2024-08-13 05:00:00,3735.0,1,8
2024-08-13 06:00:00,3790.5,1,8
2024-08-13 07:00:00,3606.0,1,8
2024-08-13 08:00:00,2572.5,1,8
2024-08-13 09:00:00,2178.0,1,8
2024-08-13 10:00:00,1809.0,1,8
2024-08-13 11:00:00,1476.0,1,8
2024-08-13 12:00:00,1516.5,1,8
2024-08-13 13:00:00,1084.5,1,8
2024-08-13 14:00:00,3073.5,1,8
2024-08-13 15:00:00,4005.0,1,8
2024-08-13 16:00:00,4318.5,1,8
2024-08-13 17:00:00,4134.0,1,8
2024-08-13 18:00:00,4509.0,1,8
2024-08-13 19:00:00,3640.5,1,8
2024-08-13 20:00:00,4011.0,1,8
2024-08-13 21:00:00,4282.5,1,8
2024-08-13 22:00:00,3805.5,1,8
2024-08-13 23:00:00,3511.5,1,8
2024-08-14 00:00:00,4233.0,2,8
2024-08-14 01:00:00,3285.0,2,8
2024-08-14 02:00:00,2658.0,2,8
2024-08-14 03:00:00,2619.0,2,8
2024-08-14 04:00:00,2838.0,2,8
2024-08-14 05:00:00,2821.5,2,8
2024-08-14 06:00:00,2544.0,2,8
2024-08-14 07:00:00,2011.5,2,8
2024-08-14 08:00:00,967.5,2,8
2024-08-14 09:00:00,987.0,2,8
2024-08-14 10:00:00,733.5,2,8
2024-08-14 11:00:00,703.5,2,8
2024-08-14 12:00:00,684.0,2,8
2024-08-14 13:00:00,775.5,2,8
2024-08-14 14:00:00,787.5,2,8
2024-08-14 15:00:00,1524.0,2,8
2024-08-14 16:00:00,1654.5,2,8
2024-08-14 17:00:00,1389.0,2,8
2024-08-14 18:00:00,1888.5,2,8
2024-08-14 19:00:00,1878.0,2,8
2024-08-14 20:00:00,1851.0,2,8
2024-08-14 21:00:00,1977.0,2,8
2024-08-14 22:00:00,2092.5,2,8
2024-08-14 23:00:00,1765.5,2,8
2024-08-15 00:00:00,1588.5,3,8
2024-08-15 01:00:00,1912.5,3,8
2024-08-15 02:00:00,1815.0,3,8
2024-08-15 03:00:00,1876.5,3,8
2024-08-15 04:00:00,1687.5,3,8
2024-08-15 05:00:00,1615.5,3,8
2024-08-15 06:00:00,1555.5,3,8
2024-08-15 07:00:00,1530.0,3,8
2024-08-15 08:00:00,1275.0,3,8
2024-08-15 09:00:00,669.0,3,8
2024-08-15 10:00:00,639.0,3,8
2024-08-15 11:00:00,744.0,3,8
2024-08-15 12:00:00,775.5,3,8
2024-08-15 13:00:00,1284.0,3,8
2024-08-15 14:00:00,1855.5,3,8
2024-08-15 15:00:00,1471.5,3,8
2024-08-15 16:00:00,1686.0,3,8
2024-08-15 17:00:00,1909.5,3,8
2024-08-15 18:00:00,1986.0,3,8
2024-08-15 19:00:00,1837.5,3,8
2024-08-15 20:00:00,1954.5,3,8
2024-08-15 21:00:00,1834.5,3,8
2024-08-15 22:00:00,1836.0,3,8
2024-08-15 23:00:00,2061.0,3,8
2024-08-16 00:00:00,1660.5,4,8
2024-08-16 01:00:00,1948.5,4,8
2024-08-16 02:00:00,1711.5,4,8
2024-08-16 03:00:00,1741.5,4,8
2024-08-16 04:00:00,2032.5,4,8
2024-08-16 05:00:00,1821.0,4,8
2024-08-16 06:00:00,1818.0,4,8
2024-08-16 07:00:00,1519.5,4,8
2024-08-16 08:00:00,951.0,4,8
2024-08-16 09:00:00,717.0,4,8
2024-08-16 10:00:00,637.5,4,8
2024-08-16 11:00:00,1062.0,4,8
2024-08-16 12:00:00,894.0,4,8
2024-08-16 13:00:00,673.5,4,8
2024-08-16 14:00:00,1015.5,4,8
2024-08-16 15:00:00,1000.5,4,8
2024-08-16 16:00:00,1104.0,4,8
2024-08-16 17:00:00,1507.5,4,8
2024-08-16 18:00:00,1639.5,4,8
2024-08-16 19:00:00,1692.0,4,8
2024-08-16 20:00:00,2047.5,4,8
2024-08-16 21:00:00,2052.0,4,8
2024-08-16 22:00:00,1963.5,4,8
2024-08-16 23:00:00,2100.0,4,8
2024-08-17 00:00:00,1713.0,5,8
2024-08-17 01:00:00,1732.5,5,8
2024-08-17 02:00:00,1591.5,5,8
2024-08-17 03:00:00,1557.0,5,8
2024-08-17 04:00:00,1567.5,5,8
2024-08-17 05:00:00,1570.5,5,8
2024-08-17 06:00:00,1761.0,5,8
2024-08-17 07:00:00,1765.5,5,8
2024-08-17 08:00:00,1498.5,5,8
2024-08-17 09:00:00,1518.0,5,8
2024-08-17 10:00:00,1453.5,5,8
2024-08-17 11:00:00,1071.0,5,8
2024-08-17 12:00:00,514.5,5,8
2024-08-17 13:00:00,831.0,5,8
2024-08-17 14:00:00,741.0,5,8
2024-08-17 15:00:00,960.0,5,8
2024-08-17 16:00:00,2029.5,5,8
2024-08-17 17:00:00,1593.0,5,8
2024-08-17 18:00:00,1555.5,5,8
2024-08-17 19:00:00,2019.0,5,8
2024-08-17 20:00:00,2076.0,5,8
2024-08-17 21:00:00,1962.0,5,8
2024-08-17 22:00:00,1947.0,5,8
2024-08-17 23:00:00,1971.0,5,8
2024-08-18 00:00:00,1693.5,6,8
2024-08-18 01:00:00,1774.5,6,8
2024-08-18 02:00:00,1663.5,6,8
2024-08-18 03:00:00,1978.5,6,8
2024-08-18 04:00:00,1611.0,6,8
2024-08-18 05:00:00,1771.5,6,8
2024-08-18 06:00:00,1641.0,6,8
2024-08-18 07:00:00,1473.0,6,8
2024-08-18 08:00:00,798.0,6,8
2024-08-18 09:00:00,813.0,6,8
2024-08-18 10:00:00,843.0,6,8
2024-08-18 11:00:00,588.0,6,8
2024-08-18 12:00:00,567.0,6,8
2024-08-18 13:00:00,595.5,6,8
2024-08-18 14:00:00,712.5,6,8
2024-08-18 15:00:00,1255.5,6,8
2024-08-18 16:00:00,1506.0,6,8
2024-08-18 17:00:00,1944.0,6,8
2024-08-18 18:00:00,2041.5,6,8
2024-08-18 19:00:00,2104.5,6,8
2024-08-18 20:00:00,1936.5,6,8
2024-08-18 21:00:00,2002.5,6,8
2024-08-18 22:00:00,1821.0,6,8
2024-08-18 23:00:00,2245.5,6,8
2024-08-19 00:00:00,1995.0,0,8
2024-08-19 01:00:00,1794.0,0,8
2024-08-19 02:00:00,1765.5,0,8
2024-08-19 03:00:00,1974.0,0,8
2024-08-19 04:00:00,2041.5,0,8
2024-08-19 05:00:00,1996.5,0,8
2024-08-19 06:00:00,1803.0,0,8
2024-08-19 07:00:00,1551.0,0,8
2024-08-19 08:00:00,1177.5,0,8
2024-08-19 09:00:00,828.0,0,8
2024-08-19 10:00:00,538.5,0,8
2024-08-19 11:00:00,555.0,0,8
2024-08-19 12:00:00,631.5,0,8
2024-08-19 13:00:00,891.0,0,8
2024-08-19 14:00:00,1089.0,0,8
2024-08-19 15:00:00,1261.5,0,8
2024-08-19 16:00:00,1536.0,0,8
2024-08-19 17:00:00,1833.0,0,8
2024-08-19 18:00:00,2007.0,0,8
2024-08-19 19:00:00,1744.5,0,8
2024-08-19 20:00:00,1726.5,0,8
2024-08-19 21:00:00,1860.0,0,8
2024-08-19 22:00:00,2094.0,0,8
2024-08-19 23:00:00,1630.5,0,8
2024-08-20 00:00:00,1291.5,1,8
2024-08-20 01:00:00,1282.5,1,8
2024-08-20 02:00:00,1150.5,1,8
2024-08-20 03:00:00,1167.0,1,8
2024-08-20 04:00:00,1105.5,1,8
2024-08-20 05:00:00,945.0,1,8
2024-08-20 06:00:00,688.5,1,8
2024-08-20 07:00:00,768.0,1,8
2024-08-20 08:00:00,274.5,1,8
2024-08-20 09:00:00,49.5,1,8
2024-08-20 10:00:00,54.0,1,8
2024-08-20 11:00:00,138.0,1,8
2024-08-20 12:00:00,46.5,1,8
2024-08-20 13:00:00,9.0,1,8
2024-08-20 14:00:00,7.5,1,8
2024-08-20 15:00:00,21.0,1,8
2024-08-20 16:00:00,138.0,1,8
2024-08-20 17:00:00,190.5,1,8
2024-08-20 18:00:00,252.0,1,8
2024-08-20 19:00:00,267.0,1,8
2024-08-20 20:00:00,262.5,1,8
2024-08-20 21:00:00,265.5,1,8
2024-08-20 22:00:00,328.5,1,8
2024-08-20 23:00:00,352.5,1,8
2024-08-21 00:00:00,333.0,2,8
2024-08-21 01:00:00,316.5,2,8
2024-08-21 02:00:00,295.5,2,8
2024-08-21 03:00:00,280.5,2,8
2024-08-21 04:00:00,276.0,2,8
2024-08-21 05:00:00,235.5,2,8
2024-08-21 06:00:00,100.5,2,8
2024-08-21 07:00:00,10.5,2,8
2024-08-21 08:00:00,10.5,2,8
2024-08-21 09:00:00,6.0,2,8
2024-08-21 10:00:00,52.5,2,8
2024-08-21 11:00:00,63.0,2,8
2024-08-21 12:00:00,24.0,2,8
2024-08-21 13:00:00,16.5,2,8
2024-08-21 14:00:00,40.5,2,8
2024-08-21 15:00:00,91.5,2,8
2024-08-21 16:00:00,169.5,2,8
2024-08-21 17:00:00,99.0,2,8
2024-08-21 18:00:00,228.0,2,8
2024-08-21 19:00:00,231.0,2,8
2024-08-21 20:00:00,498.0,2,8
2024-08-21 21:00:00,1260.0,2,8
2024-08-21 22:00:00,1744.5,2,8
2024-08-21 23:00:00,1881.0,2,8
2024-08-22 00:00:00,1918.5,3,8
2024-08-22 01:00:00,1941.0,3,8
2024-08-22 02:00:00,1876.5,3,8
2024-08-22 03:00:00,1537.5,3,8
2024-08-22 04:00:00,1536.0,3,8
2024-08-22 05:00:00,1636.5,3,8
2024-08-22 06:00:00,1189.5,3,8
2024-08-22 07:00:00,820.5,3,8
2024-08-22 08:00:00,447.0,3,8
2024-08-22 09:00:00,391.5,3,8
2024-08-22 10:00:00,663.0,3,8
2024-08-22 11:00:00,505.5,3,8
2024-08-22 12:00:00,711.0,3,8
2024-08-22 13:00:00,510.0,3,8
2024-08-22 14:00:00,904.5,3,8
2024-08-22 15:00:00,1056.0,3,8
2024-08-22 16:00:00,1318.5,3,8
2024-08-22 17:00:00,1260.0,3,8
2024-08-22 18:00:00,1443.0,3,8
2024-08-22 19:00:00,2023.5,3,8
2024-08-22 20:00:00,1912.5,3,8
2024-08-22 21:00:00,1534.5,3,8
2024-08-22 22:00:00,1872.0,3,8
2024-08-22 23:00:00,1924.5,3,8
2024-08-23 00:00:00,1695.0,4,8
2024-08-23 01:00:00,1953.0,4,8
2024-08-23 02:00:00,1678.5,4,8
2024-08-23 03:00:00,1728.0,4,8
2024-08-23 04:00:00,1494.0,4,8
2024-08-23 05:00:00,1531.5,4,8
2024-08-23 06:00:00,1657.5,4,8
2024-08-23 07:00:00,1392.0,4,8
2024-08-23 08:00:00,798.0,4,8
2024-08-23 09:00:00,1086.0,4,8
2024-08-23 10:00:00,693.0,4,8
2024-08-23 11:00:00,1002.0,4,8
2024-08-23 12:00:00,630.0,4,8
2024-08-23 13:00:00,538.5,4,8
2024-08-23 14:00:00,928.5,4,8
2024-08-23 15:00:00,1618.5,4,8
2024-08-23 16:00:00,1815.0,4,8
2024-08-23 17:00:00,1840.5,4,8
2024-08-23 18:00:00,1795.5,4,8
2024-08-23 19:00:00,1677.0,4,8
2024-08-23 20:00:00,1923.0,4,8
2024-08-23 21:00:00,1737.0,4,8
2024-08-23 22:00:00,1738.5,4,8
2024-08-23 23:00:00,1641.0,4,8
2024-08-24 00:00:00,1644.0,5,8
2024-08-24 01:00:00,1590.0,5,8
2024-08-24 02:00:00,1597.5,5,8
2024-08-24 03:00:00,1593.0,5,8
2024-08-24 04:00:00,1855.5,5,8
2024-08-24 05:00:00,1870.5,5,8
2024-08-24 06:00:00,1591.5,5,8
2024-08-24 07:00:00,1261.5,5,8
2024-08-24 08:00:00,1111.5,5,8
2024-08-24 09:00:00,801.0,5,8
2024-08-24 10:00:00,697.5,5,8
2024-08-24 11:00:00,594.0,5,8
2024-08-24 12:00:00,717.0,5,8
2024-08-24 13:00:00,564.0,5,8
2024-08-24 14:00:00,916.5,5,8
2024-08-24 15:00:00,1212.0,5,8
2024-08-24 16:00:00,1416.0,5,8
2024-08-24 17:00:00,1450.5,5,8
2024-08-24 18:00:00,1564.5,5,8
2024-08-24 19:00:00,1566.0,5,8
2024-08-24 20:00:00,1593.0,5,8
2024-08-24 21:00:00,1621.5,5,8
2024-08-24 22:00:00,1933.5,5,8
2024-08-24 23:00:00,1993.5,5,8
2024-08-25 00:00:00,1600.5,6,8
2024-08-25 01:00:00,1581.0,6,8
2024-08-25 02:00:00,1986.0,6,8
2024-08-25 03:00:00,1975.5,6,8
2024-08-25 04:00:00,1897.5,6,8
2024-08-25 05:00:00,1788.0,6,8
2024-08-25 06:00:00,1711.5,6,8
2024-08-25 07:00:00,1401.0,6,8
2024-08-25 08:00:00,1002.0,6,8
2024-08-25 09:00:00,957.0,6,8
2024-08-25 10:00:00,913.5,6,8
2024-08-25 11:00:00,648.0,6,8
2024-08-25 12:00:00,730.5,6,8
2024-08-25 13:00:00,991.5,6,8
2024-08-25 14:00:00,897.0,6,8
2024-08-25 15:00:00,1332.0,6,8
2024-08-25 16:00:00,1206.0,6,8
2024-08-25 17:00:00,1386.0,6,8
2024-08-25 18:00:00,1753.5,6,8
2024-08-25 19:00:00,1576.5,6,8
2024-08-25 20:00:00,1680.0,6,8
2024-08-25 21:00:00,1716.0,6,8
2024-08-25 22:00:00,1902.0,6,8
2024-08-25 23:00:00,1600.5,6,8
2024-08-26 00:00:00,1660.5,0,8
2024-08-26 01:00:00,1615.5,0,8
2024-08-26 02:00:00,1600.5,0,8
2024-08-26 03:00:00,1539.0,0,8
2024-08-26 04:00:00,1761.0,0,8
2024-08-26 05:00:00,1617.0,0,8
2024-08-26 06:00:00,1740.0,0,8
2024-08-26 07:00:00,1467.0,0,8
2024-08-26 08:00:00,1132.5,0,8
2024-08-26 09:00:00,856.5,0,8
2024-08-26 10:00:00,940.5,0,8
2024-08-26 11:00:00,1161.0,0,8
2024-08-26 12:00:00,856.5,0,8
2024-08-26 13:00:00,792.0,0,8
2024-08-26 14:00:00,927.0,0,8
2024-08-26 15:00:00,1359.0,0,8
2024-08-26 16:00:00,1459.5,0,8
2024-08-26 17:00:00,1837.5,0,8
2024-08-26 18:00:00,1702.5,0,8
2024-08-26 19:00:00,1873.5,0,8
2024-08-26 20:00:00,1969.5,0,8
2024-08-26 21:00:00,1902.0,0,8
2024-08-26 22:00:00,1800.0,0,8
2024-08-26 23:00:00,1686.0,0,8
2024-08-27 00:00:00,1734.0,1,8
2024-08-27 01:00:00,1650.0,1,8
2024-08-27 02:00:00,1656.0,1,8
2024-08-27 03:00:00,1917.0,1,8
2024-08-27 04:00:00,1945.5,1,8
2024-08-27 05:00:00,1518.0,1,8
2024-08-27 06:00:00,1627.5,1,8
2024-08-27 07:00:00,1647.0,1,8
2024-08-27 08:00:00,981.0,1,8
2024-08-27 09:00:00,1062.0,1,8
2024-08-27 10:00:00,661.5,1,8
2024-08-27 11:00:00,1041.0,1,8
2024-08-27 12:00:00,987.0,1,8
2024-08-27 13:00:00,1041.0,1,8
2024-08-27 14:00:00,1392.0,1,8
2024-08-27 15:00:00,1597.5,1,8
2024-08-27 16:00:00,1320.0,1,8
2024-08-27 17:00:00,1462.5,1,8
2024-08-27 18:00:00,1869.0,1,8
2024-08-27 19:00:00,1972.5,1,8
2024-08-27 20:00:00,2052.0,1,8
2024-08-27 21:00:00,1836.0,1,8
2024-08-27 22:00:00,1858.5,1,8
2024-08-27 23:00:00,1819.5,1,8
2024-08-28 00:00:00,1698.0,2,8
2024-08-28 01:00:00,1687.5,2,8
2024-08-28 02:00:00,2001.0,2,8
2024-08-28 03:00:00,1788.0,2,8
2024-08-28 04:00:00,1797.0,2,8
2024-08-28 05:00:00,1795.5,2,8
2024-08-28 06:00:00,961.5,2,8
2024-08-28 07:00:00,379.5,2,8
2024-08-28 08:00:00,22.5,2,8
2024-08-28 09:00:00,19.5,2,8
2024-08-28 10:00:00,60.0,2,8
2024-08-28 11:00:00,145.5,2,8
2024-08-28 12:00:00,127.5,2,8
2024-08-28 13:00:00,36.0,2,8
2024-08-28 14:00:00,55.5,2,8
2024-08-28 15:00:00,126.0,2,8
2024-08-28 16:00:00,42.0,2,8
2024-08-28 17:00:00,105.0,2,8
2024-08-28 18:00:00,154.5,2,8
2024-08-28 19:00:00,136.5,2,8
2024-08-28 20:00:00,210.0,2,8
2024-08-28 21:00:00,240.0,2,8
2024-08-28 22:00:00,276.0,2,8
2024-08-28 23:00:00,288.0,2,8
2024-08-29 00:00:00,294.0,3,8
2024-08-29 01:00:00,334.5,3,8
2024-08-29 02:00:00,343.5,3,8
2024-08-29 03:00:00,334.5,3,8
2024-08-29 04:00:00,328.5,3,8
2024-08-29 05:00:00,280.5,3,8
2024-08-29 06:00:00,273.0,3,8
2024-08-29 07:00:00,133.5,3,8
2024-08-29 08:00:00,697.5,3,8
2024-08-29 09:00:00,1219.5,3,8
2024-08-29 10:00:00,714.0,3,8
2024-08-29 11:00:00,568.5,3,8
2024-08-29 12:00:00,688.5,3,8
2024-08-29 13:00:00,1389.0,3,8
2024-08-29 14:00:00,1491.0,3,8
2024-08-29 15:00:00,2040.0,3,8
2024-08-29 16:00:00,1662.0,3,8
2024-08-29 17:00:00,1954.5,3,8
2024-08-29 18:00:00,1707.0,3,8
2024-08-29 19:00:00,1683.0,3,8
2024-08-29 20:00:00,1870.5,3,8
2024-08-29 21:00:00,2065.5,3,8
2024-08-29 22:00:00,1800.0,3,8
2024-08-29 23:00:00,1657.5,3,8
2024-08-30 00:00:00,1708.5,4,8
2024-08-30 01:00:00,1657.5,4,8
2024-08-30 02:00:00,1632.0,4,8
2024-08-30 03:00:00,1660.5,4,8
2024-08-30 04:00:00,1783.5,4,8
2024-08-30 05:00:00,1882.5,4,8
2024-08-30 06:00:00,1764.0,4,8
2024-08-30 07:00:00,1435.5,4,8
2024-08-30 08:00:00,1033.5,4,8
2024-08-30 09:00:00,783.0,4,8
2024-08-30 10:00:00,897.0,4,8
2024-08-30 11:00:00,699.0,4,8
2024-08-30 12:00:00,834.0,4,8
2024-08-30 13:00:00,657.0,4,8
2024-08-30 14:00:00,1249.5,4,8
2024-08-30 15:00:00,1252.5,4,8
2024-08-30 16:00:00,1675.5,4,8
2024-08-30 17:00:00,1573.5,4,8
2024-08-30 18:00:00,1714.5,4,8
2024-08-30 19:00:00,1504.5,4,8
2024-08-30 20:00:00,1782.0,4,8
2024-08-30 21:00:00,2020.5,4,8
2024-08-30 22:00:00,1621.5,4,8
2024-08-30 23:00:00,1581.0,4,8
2024-08-31 00:00:00,2041.5,5,8
2024-08-31 01:00:00,1749.0,5,8
2024-08-31 02:00:00,1651.5,5,8
2024-08-31 03:00:00,1576.5,5,8
2024-08-31 04:00:00,1962.0,5,8
2024-08-31 05:00:00,1887.0,5,8
2024-08-31 06:00:00,1735.5,5,8
2024-08-31 07:00:00,1354.5,5,8
2024-08-31 08:00:00,1087.5,5,8
2024-08-31 09:00:00,1030.5,5,8
2024-08-31 10:00:00,793.5,5,8
2024-08-31 11:00:00,661.5,5,8
2024-08-31 12:00:00,921.0,5,8
2024-08-31 13:00:00,1351.5,5,8
2024-08-31 14:00:00,1116.0,5,8
2024-08-31 15:00:00,1101.0,5,8
2024-08-31 16:00:00,1105.5,5,8
2024-08-31 17:00:00,1888.5,5,8
2024-08-31 18:00:00,2085.0,5,8
2024-08-31 19:00:00,1845.0,5,8
2024-08-31 20:00:00,1596.0,5,8
2024-08-31 21:00:00,2080.5,5,8
2024-08-31 22:00:00,1711.5,5,8
2024-08-31 23:00:00,1998.0,5,8
2024-09-01 00:00:00,1719.0,6,9
2024-09-01 01:00:00,1956.0,6,9
2024-09-01 02:00:00,1719.0,6,9
2024-09-01 03:00:00,1983.0,6,9
2024-09-01 04:00:00,1588.5,6,9
2024-09-01 05:00:00,1950.0,6,9
2024-09-01 06:00:00,1632.0,6,9
2024-09-01 07:00:00,1206.0,6,9
2024-09-01 08:00:00,828.0,6,9
2024-09-01 09:00:00,1030.5,6,9
2024-09-01 10:00:00,748.5,6,9
2024-09-01 11:00:00,502.5,6,9
2024-09-01 12:00:00,585.0,6,9
2024-09-01 13:00:00,834.0,6,9
2024-09-01 14:00:00,1164.0,6,9
2024-09-01 15:00:00,1341.0,6,9
2024-09-01 16:00:00,1600.5,6,9
2024-09-01 17:00:00,1728.0,6,9
2024-09-01 18:00:00,1918.5,6,9
2024-09-01 19:00:00,1756.5,6,9
2024-09-01 20:00:00,1813.5,6,9
2024-09-01 21:00:00,1713.0,6,9
2024-09-01 22:00:00,1888.5,6,9
2024-09-01 23:00:00,1732.5,6,9
2024-09-02 00:00:00,1662.0,0,9
2024-09-02 01:00:00,1875.0,0,9
2024-09-02 02:00:00,1876.5,0,9
2024-09-02 03:00:00,1747.5,0,9
2024-09-02 04:00:00,1813.5,0,9
2024-09-02 05:00:00,1675.5,0,9
2024-09-02 06:00:00,1734.0,0,9
2024-09-02 07:00:00,1539.0,0,9
2024-09-02 08:00:00,1105.5,0,9
2024-09-02 09:00:00,1312.5,0,9
2024-09-02 10:00:00,1674.0,0,9
2024-09-02 11:00:00,1413.0,0,9
2024-09-02 12:00:00,652.5,0,9
2024-09-02 13:00:00,634.5,0,9
2024-09-02 14:00:00,1597.5,0,9
2024-09-02 15:00:00,2001.0,0,9
2024-09-02 16:00:00,1656.0,0,9
2024-09-02 17:00:00,1759.5,0,9
2024-09-02 18:00:00,1975.5,0,9
2024-09-02 19:00:00,1626.0,0,9
2024-09-02 20:00:00,1746.0,0,9
2024-09-02 21:00:00,2089.5,0,9
2024-09-02 22:00:00,1690.5,0,9
2024-09-02 23:00:00,1693.5,0,9
2024-09-03 00:00:00,1959.0,1,9
2024-09-03 01:00:00,2010.0,1,9
2024-09-03 02:00:00,1722.0,1,9
2024-09-03 03:00:00,1699.5,1,9
2024-09-03 04:00:00,2041.5,1,9
2024-09-03 05:00:00,1797.0,1,9
2024-09-03 06:00:00,1189.5,1,9
2024-09-03 07:00:00,600.0,1,9
2024-09-03 08:00:00,57.0,1,9
2024-09-03 09:00:00,124.5,1,9
2024-09-03 10:00:00,177.0,1,9
2024-09-03 11:00:00,168.0,1,9
2024-09-03 12:00:00,0.0,1,9
2024-09-03 13:00:00,103.5,1,9
2024-09-03 14:00:00,148.5,1,9
2024-09-03 15:00:00,54.0,1,9
2024-09-03 16:00:00,106.5,1,9
2024-09-03 17:00:00,184.5,1,9
2024-09-03 18:00:00,240.0,1,9
2024-09-03 19:00:00,244.5,1,9
2024-09-03 20:00:00,796.5,1,9
2024-09-03 21:00:00,1494.0,1,9
2024-09-03 22:00:00,1668.0,1,9
2024-09-03 23:00:00,1734.0,1,9
2024-09-04 00:00:00,2151.0,2,9
2024-09-04 01:00:00,2152.5,2,9
2024-09-04 02:00:00,2094.0,2,9
2024-09-04 03:00:00,2340.0,2,9
2024-09-04 04:00:00,2272.5,2,9
2024-09-04 05:00:00,2389.5,2,9
2024-09-04 06:00:00,2197.5,2,9
2024-09-04 07:00:00,1426.5,2,9
2024-09-04 08:00:00,826.5,2,9
2024-09-04 09:00:00,1221.0,2,9
2024-09-04 10:00:00,2896.5,2,9
2024-09-04 11:00:00,2392.5,2,9
2024-09-04 12:00:00,2389.5,2,9
2024-09-04 13:00:00,2659.5,2,9
2024-09-04 14:00:00,1842.0,2,9
2024-09-04 15:00:00,3222.0,2,9
2024-09-04 16:00:00,3427.5,2,9
2024-09-04 17:00:00,3751.5,2,9
2024-09-04 18:00:00,3855.0,2,9
2024-09-04 19:00:00,3193.5,2,9
2024-09-04 20:00:00,3684.0,2,9
2024-09-04 21:00:00,4002.0,2,9
2024-09-04 22:00:00,3460.5,2,9
2024-09-04 23:00:00,3601.5,2,9
2024-09-05 00:00:00,3700.5,3,9
2024-09-05 01:00:00,4194.0,3,9
2024-09-05 02:00:00,3735.0,3,9
2024-09-05 03:00:00,3595.5,3,9
2024-09-05 04:00:00,3786.0,3,9
2024-09-05 05:00:00,4111.5,3,9
2024-09-05 06:00:00,3778.5,3,9
2024-09-05 07:00:00,2280.0,3,9
2024-09-05 08:00:00,2007.0,3,9
2024-09-05 09:00:00,1654.5,3,9
2024-09-05 10:00:00,1966.5,3,9
2024-09-05 11:00:00,1891.5,3,9
2024-09-05 12:00:00,2347.5,3,9
2024-09-05 13:00:00,1539.0,3,9
2024-09-05 14:00:00,2464.5,3,9
2024-09-05 15:00:00,2616.0,3,9
2024-09-05 16:00:00,2902.5,3,9
2024-09-05 17:00:00,3580.5,3,9
2024-09-05 18:00:00,4593.0,3,9
2024-09-05 19:00:00,3553.5,3,9
2024-09-05 20:00:00,3741.0,3,9
2024-09-05 21:00:00,4240.5,3,9
2024-09-05 22:00:00,3685.5,3,9
2024-09-05 23:00:00,3667.5,3,9
2024-09-06 00:00:00,3607.5,4,9
2024-09-06 01:00:00,3886.5,4,9
2024-09-06 02:00:00,3082.5,4,9
2024-09-06 03:00:00,3913.5,4,9
2024-09-06 04:00:00,4242.0,4,9
2024-09-06 05:00:00,3972.0,4,9
2024-09-06 06:00:00,3660.0,4,9
2024-09-06 07:00:00,2298.0,4,9
2024-09-06 08:00:00,2079.0,4,9
2024-09-06 09:00:00,2580.0,4,9
2024-09-06 10:00:00,1161.0,4,9
2024-09-06 11:00:00,1801.5,4,9
2024-09-06 12:00:00,2055.0,4,9
2024-09-06 13:00:00,1939.5,4,9
2024-09-06 14:00:00,2542.5,4,9
2024-09-06 15:00:00,2520.0,4,9
2024-09-06 16:00:00,2685.0,4,9
2024-09-06 17:00:00,3949.5,4,9
2024-09-06 18:00:00,4423.5,4,9
2024-09-06 19:00:00,4021.5,4,9
2024-09-06 20:00:00,4216.5,4,9
2024-09-06 21:00:00,4459.5,4,9
2024-09-06 22:00:00,4003.5,4,9
2024-09-06 23:00:00,3886.5,4,9
2024-09-07 00:00:00,3943.5,5,9
2024-09-07 01:00:00,3991.5,5,9
2024-09-07 02:00:00,3772.5,5,9
2024-09-07 03:00:00,3933.0,5,9
2024-09-07 04:00:00,4348.5,5,9
2024-09-07 05:00:00,4315.5,5,9
2024-09-07 06:00:00,3969.0,5,9
2024-09-07 07:00:00,3268.5,5,9
2024-09-07 08:00:00,3067.5,5,9
2024-09-07 09:00:00,3427.5,5,9
2024-09-07 10:00:00,2815.5,5,9
2024-09-07 11:00:00,2359.5,5,9
2024-09-07 12:00:00,2718.0,5,9
2024-09-07 13:00:00,2731.5,5,9
2024-09-07 14:00:00,2604.0,5,9
2024-09-07 15:00:00,2577.0,5,9
2024-09-07 16:00:00,3024.0,5,9
2024-09-07 17:00:00,4051.5,5,9
2024-09-07 18:00:00,3936.0,5,9
2024-09-07 19:00:00,3648.0,5,9
2024-09-07 20:00:00,3978.0,5,9
2024-09-07 21:00:00,4870.5,5,9
2024-09-07 22:00:00,4560.0,5,9
2024-09-07 23:00:00,4122.0,5,9
2024-09-08 00:00:00,4233.0,6,9
2024-09-08 01:00:00,4282.5,6,9
2024-09-08 02:00:00,3867.0,6,9
2024-09-08 03:00:00,3612.0,6,9
2024-09-08 04:00:00,3951.0,6,9
2024-09-08 05:00:00,4254.0,6,9
2024-09-08 06:00:00,3969.0,6,9
2024-09-08 07:00:00,3582.0,6,9
2024-09-08 08:00:00,2515.5,6,9
2024-09-08 09:00:00,2631.0,6,9
2024-09-08 10:00:00,2476.5,6,9
2024-09-08 11:00:00,2353.5,6,9
2024-09-08 12:00:00,2040.0,6,9
2024-09-08 13:00:00,2782.5,6,9
2024-09-08 14:00:00,1821.0,6,9
2024-09-08 15:00:00,2320.5,6,9
2024-09-08 16:00:00,2899.5,6,9
2024-09-08 17:00:00,4009.5,6,9
2024-09-08 18:00:00,4576.5,6,9
2024-09-08 19:00:00,4318.5,6,9
2024-09-08 20:00:00,4429.5,6,9
2024-09-08 21:00:00,4320.0,6,9
2024-09-08 22:00:00,4141.5,6,9
2024-09-08 23:00:00,4365.0,6,9
2024-09-09 00:00:00,3757.5,0,9
2024-09-09 01:00:00,4123.5,0,9
2024-09-09 02:00:00,4579.5,0,9
2024-09-09 03:00:00,4507.5,0,9
2024-09-09 04:00:00,4027.5,0,9
2024-09-09 05:00:00,3550.5,0,9
2024-09-09 06:00:00,3381.0,0,9
2024-09-09 07:00:00,2935.5,0,9
2024-09-09 08:00:00,2020.5,0,9
2024-09-09 09:00:00,1684.5,0,9
2024-09-09 10:00:00,1914.0,0,9
2024-09-09 11:00:00,1075.5,0,9
2024-09-09 12:00:00,1050.0,0,9
2024-09-09 13:00:00,1830.0,0,9
2024-09-09 14:00:00,1393.5,0,9
2024-09-09 15:00:00,1620.0,0,9
2024-09-09 16:00:00,2281.5,0,9
2024-09-09 17:00:00,2661.0,0,9
2024-09-09 18:00:00,2848.5,0,9
2024-09-09 19:00:00,2074.5,0,9
2024-09-09 20:00:00,2482.5,0,9
2024-09-09 21:00:00,2625.0,0,9
2024-09-09 22:00:00,2569.5,0,9
2024-09-09 23:00:00,2337.0,0,9
2024-09-10 00:00:00,2232.0,1,9
2024-09-10 01:00:00,2910.0,1,9
2024-09-10 02:00:00,2886.0,1,9
2024-09-10 03:00:00,2931.0,1,9
2024-09-10 04:00:00,2515.5,1,9
2024-09-10 05:00:00,2830.5,1,9
2024-09-10 06:00:00,2547.0,1,9
2024-09-10 07:00:00,2460.0,1,9
2024-09-10 08:00:00,2619.0,1,9
2024-09-10 09:00:00,2979.0,1,9
2024-09-10 10:00:00,3001.5,1,9
2024-09-10 11:00:00,2085.0,1,9
2024-09-10 12:00:00,1969.5,1,9
2024-09-10 13:00:00,2146.5,1,9
2024-09-10 14:00:00,2470.5,1,9
2024-09-10 15:00:00,3192.0,1,9
2024-09-10 16:00:00,3333.0,1,9
2024-09-10 17:00:00,4248.0,1,9
2024-09-10 18:00:00,4077.0,1,9
2024-09-10 19:00:00,3522.0,1,9
2024-09-10 20:00:00,3897.0,1,9
2024-09-10 21:00:00,4744.5,1,9
2024-09-10 22:00:00,3670.5,1,9
2024-09-10 23:00:00,3480.0,1,9
2024-09-11 00:00:00,4416.0,2,9
2024-09-11 01:00:00,4140.0,2,9
2024-09-11 02:00:00,4321.5,2,9
2024-09-11 03:00:00,3543.0,2,9
2024-09-11 04:00:00,4095.0,2,9
2024-09-11 05:00:00,4348.5,2,9
2024-09-11 06:00:00,3939.0,2,9
2024-09-11 07:00:00,3328.5,2,9
2024-09-11 08:00:00,2679.0,2,9
2024-09-11 09:00:00,2665.5,2,9
2024-09-11 10:00:00,2509.5,2,9
2024-09-11 11:00:00,2170.5,2,9
2024-09-11 12:00:00,1807.5,2,9
2024-09-11 13:00:00,2718.0,2,9
2024-09-11 14:00:00,4344.0,2,9
2024-09-11 15:00:00,4090.5,2,9
2024-09-11 16:00:00,3615.0,2,9
2024-09-11 17:00:00,3529.5,2,9
2024-09-11 18:00:00,4663.5,2,9
2024-09-11 19:00:00,3982.5,2,9
2024-09-11 20:00:00,3913.5,2,9
2024-09-11 21:00:00,4512.0,2,9
2024-09-11 22:00:00,4090.5,2,9
2024-09-11 23:00:00,3808.5,2,9
2024-09-12 00:00:00,3081.0,3,9
2024-09-12 01:00:00,4407.0,3,9
2024-09-12 02:00:00,4183.5,3,9
2024-09-12 03:00:00,3873.0,3,9
2024-09-12 04:00:00,3783.0,3,9
2024-09-12 05:00:00,3960.0,3,9
2024-09-12 06:00:00,3555.0,3,9
2024-09-12 07:00:00,4141.5,3,9
2024-09-12 08:00:00,3255.0,3,9
2024-09-12 09:00:00,3061.5,3,9
2024-09-12 10:00:00,2095.5,3,9
2024-09-12 11:00:00,2094.0,3,9
2024-09-12 12:00:00,2092.5,3,9
2024-09-12 13:00:00,2401.5,3,9
2024-09-12 14:00:00,3027.0,3,9
2024-09-12 15:00:00,2976.0,3,9
2024-09-12 16:00:00,2983.5,3,9
2024-09-12 17:00:00,4194.0,3,9
2024-09-12 18:00:00,4737.0,3,9
2024-09-12 19:00:00,3859.5,3,9
2024-09-12 20:00:00,3835.5,3,9
2024-09-12 21:00:00,4555.5,3,9
2024-09-12 22:00:00,4233.0,3,9
2024-09-12 23:00:00,4270.5,3,9
2024-09-13 00:00:00,3946.5,4,9
2024-09-13 01:00:00,3726.0,4,9
2024-09-13 02:00:00,3724.5,4,9
2024-09-13 03:00:00,4176.0,4,9
2024-09-13 04:00:00,3775.5,4,9
2024-09-13 05:00:00,2857.5,4,9
2024-09-13 06:00:00,2716.5,4,9
2024-09-13 07:00:00,1326.0,4,9
2024-09-13 08:00:00,966.0,4,9
2024-09-13 09:00:00,1149.0,4,9
2024-09-13 10:00:00,1209.0,4,9
2024-09-13 11:00:00,819.0,4,9
2024-09-13 12:00:00,787.5,4,9
2024-09-13 13:00:00,1168.5,4,9
2024-09-13 14:00:00,1086.0,4,9
2024-09-13 15:00:00,1324.5,4,9
2024-09-13 16:00:00,1576.5,4,9
2024-09-13 17:00:00,1650.0,4,9
2024-09-13 18:00:00,1740.0,4,9
2024-09-13 19:00:00,1980.0,4,9
2024-09-13 20:00:00,1971.0,4,9
2024-09-13 21:00:00,1833.0,4,9
2024-09-13 22:00:00,1653.0,4,9
2024-09-13 23:00:00,1704.0,4,9
2024-09-14 00:00:00,1630.5,5,9
2024-09-14 01:00:00,1669.5,5,9
2024-09-14 02:00:00,1644.0,5,9
2024-09-14 03:00:00,2116.5,5,9
2024-09-14 04:00:00,1834.5,5,9
2024-09-14 05:00:00,1804.5,5,9
2024-09-14 06:00:00,1653.0,5,9
2024-09-14 07:00:00,1138.5,5,9
2024-09-14 08:00:00,1254.0,5,9
2024-09-14 09:00:00,1129.5,5,9
2024-09-14 10:00:00,1108.5,5,9
2024-09-14 11:00:00,1179.0,5,9
2024-09-14 12:00:00,1393.5,5,9
2024-09-14 13:00:00,1782.0,5,9
2024-09-14 14:00:00,1570.5,5,9
2024-09-14 15:00:00,1855.5,5,9
2024-09-14 16:00:00,2452.5,5,9
2024-09-14 17:00:00,2646.0,5,9
2024-09-14 18:00:00,2599.5,5,9
2024-09-14 19:00:00,2638.5,5,9
2024-09-14 20:00:00,2824.5,5,9
2024-09-14 21:00:00,2731.5,5,9
2024-09-14 22:00:00,2404.5,5,9
2024-09-14 23:00:00,2233.5,5,9
2024-09-15 00:00:00,2481.0,6,9
2024-09-15 01:00:00,2817.0,6,9
2024-09-15 02:00:00,2799.0,6,9
2024-09-15 03:00:00,2731.5,6,9
2024-09-15 04:00:00,2679.0,6,9
2024-09-15 05:00:00,2691.0,6,9
2024-09-15 06:00:00,2713.5,6,9
2024-09-15 07:00:00,2395.5,6,9
2024-09-15 08:00:00,2055.0,6,9
2024-09-15 09:00:00,1774.5,6,9
2024-09-15 10:00:00,1221.0,6,9
2024-09-15 11:00:00,1282.5,6,9
2024-09-15 12:00:00,1758.0,6,9
2024-09-15 13:00:00,1435.5,6,9
2024-09-15 14:00:00,1761.0,6,9
2024-09-15 15:00:00,2059.5,6,9
2024-09-15 16:00:00,1908.0,6,9
2024-09-15 17:00:00,2782.5,6,9
2024-09-15 18:00:00,2410.5,6,9
2024-09-15 19:00:00,2830.5,6,9
2024-09-15 20:00:00,3088.5,6,9
2024-09-15 21:00:00,3234.0,6,9
2024-09-15 22:00:00,3339.0,6,9
2024-09-15 23:00:00,3181.5,6,9
2024-09-16 00:00:00,3022.5,0,9
2024-09-16 01:00:00,3142.5,0,9
2024-09-16 02:00:00,3235.5,0,9
2024-09-16 03:00:00,2598.0,0,9
2024-09-16 04:00:00,3135.0,0,9
2024-09-16 05:00:00,3112.5,0,9
2024-09-16 06:00:00,2578.5,0,9
2024-09-16 07:00:00,1905.0,0,9
2024-09-16 08:00:00,1609.5,0,9
2024-09-16 09:00:00,981.0,0,9
2024-09-16 10:00:00,1336.5,0,9
2024-09-16 11:00:00,2056.5,0,9
2024-09-16 12:00:00,1656.0,0,9
2024-09-16 13:00:00,2385.0,0,9
2024-09-16 14:00:00,2665.5,0,9
2024-09-16 15:00:00,2998.5,0,9
2024-09-16 16:00:00,3217.5,0,9
2024-09-16 17:00:00,3219.0,0,9
2024-09-16 18:00:00,3364.5,0,9
2024-09-16 19:00:00,3346.5,0,9
2024-09-16 20:00:00,3276.0,0,9
2024-09-16 21:00:00,3285.0,0,9
2024-09-16 22:00:00,3271.5,0,9
2024-09-16 23:00:00,2694.0,0,9
2024-09-17 00:00:00,2812.5,1,9
2024-09-17 01:00:00,2824.5,1,9
2024-09-17 02:00:00,3495.0,1,9
2024-09-17 03:00:00,3378.0,1,9
2024-09-17 04:00:00,3208.5,1,9
2024-09-17 05:00:00,3415.5,1,9
2024-09-17 06:00:00,3271.5,1,9
2024-09-17 07:00:00,2427.0,1,9
2024-09-17 08:00:00,1681.5,1,9
2024-09-17 09:00:00,2661.0,1,9
2024-09-17 10:00:00,2407.5,1,9
2024-09-17 11:00:00,1482.0,1,9
2024-09-17 12:00:00,1414.5,1,9
2024-09-17 13:00:00,1834.5,1,9
2024-09-17 14:00:00,2338.5,1,9
2024-09-17 15:00:00,1941.0,1,9
2024-09-17 16:00:00,2695.5,1,9
2024-09-17 17:00:00,3186.0,1,9
2024-09-17 18:00:00,3402.0,1,9
2024-09-17 19:00:00,3439.5,1,9
2024-09-17 20:00:00,3259.5,1,9
2024-09-17 21:00:00,3346.5,1,9
2024-09-17 22:00:00,2736.0,1,9
2024-09-17 23:00:00,2875.5,1,9
2024-09-18 00:00:00,3432.0,2,9
2024-09-18 01:00:00,3124.5,2,9
2024-09-18 02:00:00,3072.0,2,9
2024-09-18 03:00:00,3301.5,2,9
2024-09-18 04:00:00,2863.5,2,9
2024-09-18 05:00:00,3243.0,2,9
2024-09-18 06:00:00,3142.5,2,9
2024-09-18 07:00:00,2763.0,2,9
2024-09-18 08:00:00,2064.0,2,9
2024-09-18 09:00:00,2148.0,2,9
2024-09-18 10:00:00,1879.5,2,9
2024-09-18 11:00:00,1428.0,2,9
2024-09-18 12:00:00,2029.5,2,9
2024-09-18 13:00:00,2304.0,2,9
2024-09-18 14:00:00,2259.0,2,9
2024-09-18 15:00:00,2572.5,2,9
2024-09-18 16:00:00,3244.5,2,9
2024-09-18 17:00:00,2685.0,2,9
2024-09-18 18:00:00,3397.5,2,9
2024-09-18 19:00:00,3477.0,2,9
2024-09-18 20:00:00,3072.0,2,9
2024-09-18 21:00:00,3403.5,2,9
2024-09-18 22:00:00,3436.5,2,9
2024-09-18 23:00:00,2718.0,2,9
2024-09-19 00:00:00,2808.0,3,9
2024-09-19 01:00:00,3498.0,3,9
2024-09-19 02:00:00,3382.5,3,9
2024-09-19 03:00:00,3159.0,3,9
2024-09-19 04:00:00,2877.0,3,9
2024-09-19 05:00:00,2731.5,3,9
2024-09-19 06:00:00,3046.5,3,9
2024-09-19 07:00:00,2725.5,3,9
2024-09-19 08:00:00,2019.0,3,9
2024-09-19 09:00:00,1773.0,3,9
2024-09-19 10:00:00,1461.0,3,9
2024-09-19 11:00:00,1737.0,3,9
2024-09-19 12:00:00,2061.0,3,9
2024-09-19 13:00:00,1851.0,3,9
2024-09-19 14:00:00,2172.0,3,9
2024-09-19 15:00:00,2022.0,3,9
2024-09-19 16:00:00,2403.0,3,9
2024-09-19 17:00:00,2343.0,3,9
2024-09-19 18:00:00,2718.0,3,9
2024-09-19 19:00:00,2530.5,3,9
2024-09-19 20:00:00,2793.0,3,9
2024-09-19 21:00:00,2842.5,3,9
2024-09-19 22:00:00,2592.0,3,9
2024-09-19 23:00:00,2110.5,3,9
2024-09-20 00:00:00,2785.5,4,9
2024-09-20 01:00:00,2713.5,4,9
2024-09-20 02:00:00,2757.0,4,9
2024-09-20 03:00:00,2895.0,4,9
2024-09-20 04:00:00,2842.5,4,9
2024-09-20 05:00:00,2853.0,4,9
2024-09-20 06:00:00,1696.5,4,9
2024-09-20 07:00:00,1420.5,4,9
2024-09-20 08:00:00,978.0,4,9
2024-09-20 09:00:00,1597.5,4,9
2024-09-20 10:00:00,1186.5,4,9
2024-09-20 11:00:00,1174.5,4,9
2024-09-20 12:00:00,805.5,4,9
2024-09-20 13:00:00,1552.5,4,9
2024-09-20 14:00:00,1164.0,4,9
2024-09-20 15:00:00,1257.0,4,9
2024-09-20 16:00:00,1537.5,4,9
2024-09-20 17:00:00,1653.0,4,9
2024-09-20 18:00:00,2217.0,4,9
2024-09-20 19:00:00,1842.0,4,9
2024-09-20 20:00:00,1674.0,4,9
2024-09-20 21:00:00,2236.5,4,9
2024-09-20 22:00:00,1675.5,4,9
2024-09-20 23:00:00,1825.5,4,9
2024-09-21 00:00:00,1738.5,5,9
2024-09-21 01:00:00,2112.0,5,9
2024-09-21 02:00:00,2233.5,5,9
2024-09-21 03:00:00,1782.0,5,9
2024-09-21 04:00:00,1714.5,5,9
2024-09-21 05:00:00,1792.5,5,9
2024-09-21 06:00:00,1671.0,5,9
2024-09-21 07:00:00,1533.0,5,9
2024-09-21 08:00:00,1635.0,5,9
2024-09-21 09:00:00,1786.5,5,9
2024-09-21 10:00:00,1413.0,5,9
2024-09-21 11:00:00,1150.5,5,9
2024-09-21 12:00:00,711.0,5,9
2024-09-21 13:00:00,2200.5,5,9
2024-09-21 14:00:00,2319.0,5,9
2024-09-21 15:00:00,2773.5,5,9
2024-09-21 16:00:00,2982.0,5,9
2024-09-21 17:00:00,3133.5,5,9
2024-09-21 18:00:00,3592.5,5,9
2024-09-21 19:00:00,3493.5,5,9
2024-09-21 20:00:00,3832.5,5,9
2024-09-21 21:00:00,4341.0,5,9
2024-09-21 22:00:00,4110.0,5,9
2024-09-21 23:00:00,2817.0,5,9
2024-09-22 00:00:00,4149.0,6,9
2024-09-22 01:00:00,4464.0,6,9
2024-09-22 02:00:00,4507.5,6,9
2024-09-22 03:00:00,4224.0,6,9
2024-09-22 04:00:00,4161.0,6,9
2024-09-22 05:00:00,4678.5,6,9
2024-09-22 06:00:00,4423.5,6,9
2024-09-22 07:00:00,3204.0,6,9
2024-09-22 08:00:00,2791.5,6,9
2024-09-22 09:00:00,2407.5,6,9
2024-09-22 10:00:00,3411.0,6,9
2024-09-22 11:00:00,2841.0,6,9
2024-09-22 12:00:00,3180.0,6,9
2024-09-22 13:00:00,3046.5,6,9
2024-09-22 14:00:00,3351.0,6,9
2024-09-22 15:00:00,2604.0,6,9
2024-09-22 16:00:00,4116.0,6,9
2024-09-22 17:00:00,4204.5,6,9
2024-09-22 18:00:00,4420.5,6,9
2024-09-22 19:00:00,4278.0,6,9
2024-09-22 20:00:00,4473.0,6,9
2024-09-22 21:00:00,4441.5,6,9
2024-09-22 22:00:00,3943.5,6,9
2024-09-22 23:00:00,3787.5,6,9
2024-09-23 00:00:00,3091.5,0,9
2024-09-23 01:00:00,3709.5,0,9
2024-09-23 02:00:00,3331.5,0,9
2024-09-23 03:00:00,3133.5,0,9
2024-09-23 04:00:00,3594.0,0,9
2024-09-23 05:00:00,3769.5,0,9
2024-09-23 06:00:00,3747.0,0,9
2024-09-23 07:00:00,2766.0,0,9
2024-09-23 08:00:00,1815.0,0,9
2024-09-23 09:00:00,2157.0,0,9
2024-09-23 10:00:00,1659.0,0,9
2024-09-23 11:00:00,1348.5,0,9
2024-09-23 12:00:00,1543.5,0,9
2024-09-23 13:00:00,1215.0,0,9
2024-09-23 14:00:00,1557.0,0,9
2024-09-23 15:00:00,2179.5,0,9
2024-09-23 16:00:00,2655.0,0,9
2024-09-23 17:00:00,2793.0,0,9
2024-09-23 18:00:00,2472.0,0,9
2024-09-23 19:00:00,2419.5,0,9
2024-09-23 20:00:00,2473.5,0,9
2024-09-23 21:00:00,2893.5,0,9
2024-09-23 22:00:00,2455.5,0,9
2024-09-23 23:00:00,2886.0,0,9
2024-09-24 00:00:00,2734.5,1,9
2024-09-24 01:00:00,2187.0,1,9
2024-09-24 02:00:00,2839.5,1,9
2024-09-24 03:00:00,2214.0,1,9
2024-09-24 04:00:00,2607.0,1,9
2024-09-24 05:00:00,2839.5,1,9
2024-09-24 06:00:00,2518.5,1,9
2024-09-24 07:00:00,1696.5,1,9
2024-09-24 08:00:00,2124.0,1,9
2024-09-24 09:00:00,2106.0,1,9
2024-09-24 10:00:00,1693.5,1,9
2024-09-24 11:00:00,1792.5,1,9
2024-09-24 12:00:00,1284.0,1,9
2024-09-24 13:00:00,2059.5,1,9
2024-09-24 14:00:00,2236.5,1,9
2024-09-24 15:00:00,2148.0,1,9
2024-09-24 16:00:00,2709.0,1,9
2024-09-24 17:00:00,1752.0,1,9
2024-09-24 18:00:00,2748.0,1,9
2024-09-24 19:00:00,2614.5,1,9
2024-09-24 20:00:00,2367.0,1,9
2024-09-24 21:00:00,2761.5,1,9
2024-09-24 22:00:00,2823.0,1,9
2024-09-24 23:00:00,2742.0,1,9
2024-09-25 00:00:00,2472.0,2,9
2024-09-25 01:00:00,2238.0,2,9
2024-09-25 02:00:00,2707.5,2,9
2024-09-25 03:00:00,2562.0,2,9
2024-09-25 04:00:00,2127.0,2,9
2024-09-25 05:00:00,2662.5,2,9
2024-09-25 06:00:00,2505.0,2,9
2024-09-25 07:00:00,2080.5,2,9
2024-09-25 08:00:00,2268.0,2,9
2024-09-25 09:00:00,1935.0,2,9
2024-09-25 10:00:00,1542.0,2,9
2024-09-25 11:00:00,1003.5,2,9
2024-09-25 12:00:00,1093.5,2,9
2024-09-25 13:00:00,1932.0,2,9
2024-09-25 14:00:00,1504.5,2,9
2024-09-25 15:00:00,1149.0,2,9
2024-09-25 16:00:00,2029.5,2,9
2024-09-25 17:00:00,2593.5,2,9
2024-09-25 18:00:00,2059.5,2,9
2024-09-25 19:00:00,2404.5,2,9
2024-09-25 20:00:00,1638.0,2,9
2024-09-25 21:00:00,2524.5,2,9
2024-09-25 22:00:00,2646.0,2,9
2024-09-25 23:00:00,2094.0,2,9
2024-09-26 00:00:00,2154.0,3,9
2024-09-26 01:00:00,2260.5,3,9
2024-09-26 02:00:00,2916.0,3,9
2024-09-26 03:00:00,2781.0,3,9
2024-09-26 04:00:00,2718.0,3,9
2024-09-26 05:00:00,2731.5,3,9
2024-09-26 06:00:00,2355.0,3,9
2024-09-26 07:00:00,1734.0,3,9
2024-09-26 08:00:00,1537.5,3,9
2024-09-26 09:00:00,1513.5,3,9
2024-09-26 10:00:00,841.5,3,9
2024-09-26 11:00:00,1158.0,3,9
2024-09-26 12:00:00,1326.0,3,9
2024-09-26 13:00:00,1092.0,3,9
2024-09-26 14:00:00,1495.5,3,9
2024-09-26 15:00:00,2074.5,3,9
2024-09-26 16:00:00,1881.0,3,9
2024-09-26 17:00:00,2452.5,3,9
2024-09-26 18:00:00,2536.5,3,9
2024-09-26 19:00:00,2046.0,3,9
2024-09-26 20:00:00,2283.0,3,9
2024-09-26 21:00:00,2760.0,3,9
2024-09-26 22:00:00,2353.5,3,9
2024-09-26 23:00:00,2761.5,3,9
2024-09-27 00:00:00,2697.0,4,9
2024-09-27 01:00:00,2740.5,4,9
2024-09-27 02:00:00,2059.5,4,9
2024-09-27 03:00:00,2919.0,4,9
2024-09-27 04:00:00,2415.0,4,9
2024-09-27 05:00:00,1206.0,4,9
2024-09-27 06:00:00,1023.0,4,9
2024-09-27 07:00:00,573.0,4,9
2024-09-27 08:00:00,0.0,4,9
2024-09-27 09:00:00,22.5,4,9
2024-09-27 10:00:00,6.0,4,9
2024-09-27 11:00:00,12.0,4,9
2024-09-27 12:00:00,4.5,4,9
2024-09-27 13:00:00,150.0,4,9
2024-09-27 14:00:00,9.0,4,9
2024-09-27 15:00:00,73.5,4,9
2024-09-27 16:00:00,213.0,4,9
2024-09-27 17:00:00,210.0,4,9
2024-09-27 18:00:00,192.0,4,9
2024-09-27 19:00:00,189.0,4,9
2024-09-27 20:00:00,198.0,4,9
2024-09-27 21:00:00,190.5,4,9
2024-09-27 22:00:00,210.0,4,9
2024-09-27 23:00:00,255.0,4,9
2024-09-28 00:00:00,304.5,5,9
2024-09-28 01:00:00,316.5,5,9
2024-09-28 02:00:00,315.0,5,9
2024-09-28 03:00:00,285.0,5,9
2024-09-28 04:00:00,247.5,5,9
2024-09-28 05:00:00,190.5,5,9
2024-09-28 06:00:00,108.0,5,9
2024-09-28 07:00:00,13.5,5,9
2024-09-28 08:00:00,345.0,5,9
2024-09-28 09:00:00,1218.0,5,9
2024-09-28 10:00:00,930.0,5,9
2024-09-28 11:00:00,1591.5,5,9
2024-09-28 12:00:00,1759.5,5,9
2024-09-28 13:00:00,1885.5,5,9
2024-09-28 14:00:00,1681.5,5,9
2024-09-28 15:00:00,1755.0,5,9
2024-09-28 16:00:00,1632.0,5,9
2024-09-28 17:00:00,2316.0,5,9
2024-09-28 18:00:00,2802.0,5,9
2024-09-28 19:00:00,2382.0,5,9
2024-09-28 20:00:00,2599.5,5,9
2024-09-28 21:00:00,2631.0,5,9
2024-09-28 22:00:00,2640.0,5,9
2024-09-28 23:00:00,1983.0,5,9
2024-09-29 00:00:00,2200.5,6,9
2024-09-29 01:00:00,2194.5,6,9
2024-09-29 02:00:00,2583.0,6,9
2024-09-29 03:00:00,2958.0,6,9
2024-09-29 04:00:00,2827.5,6,9
2024-09-29 05:00:00,2721.0,6,9
2024-09-29 06:00:00,2622.0,6,9
2024-09-29 07:00:00,2103.0,6,9
2024-09-29 08:00:00,1512.0,6,9
2024-09-29 09:00:00,1062.0,6,9
2024-09-29 10:00:00,1521.0,6,9
2024-09-29 11:00:00,2082.0,6,9
2024-09-29 12:00:00,1728.0,6,9
2024-09-29 13:00:00,1549.5,6,9
2024-09-29 14:00:00,1684.5,6,9
2024-09-29 15:00:00,2167.5,6,9
2024-09-29 16:00:00,2334.0,6,9
2024-09-29 17:00:00,2472.0,6,9
2024-09-29 18:00:00,2001.0,6,9
2024-09-29 19:00:00,2061.0,6,9
2024-09-29 20:00:00,2563.5,6,9
2024-09-29 21:00:00,1636.5,6,9
2024-09-29 22:00:00,2335.5,6,9
2024-09-29 23:00:00,2730.0,6,9
2024-09-30 00:00:00,2805.0,0,9
2024-09-30 01:00:00,2089.5,0,9
2024-09-30 02:00:00,2362.5,0,9
2024-09-30 03:00:00,2671.5,0,9
2024-09-30 04:00:00,2542.5,0,9
2024-09-30 05:00:00,1645.5,0,9
2024-09-30 06:00:00,2559.0,0,9
2024-09-30 07:00:00,1728.0,0,9
2024-09-30 08:00:00,1101.0,0,9
2024-09-30 09:00:00,1443.0,0,9
2024-09-30 10:00:00,1222.5,0,9
2024-09-30 11:00:00,1267.5,0,9
2024-09-30 12:00:00,1095.0,0,9
2024-09-30 13:00:00,1594.5,0,9
2024-09-30 14:00:00,2236.5,0,9
2024-09-30 15:00:00,1792.5,0,9
2024-09-30 16:00:00,1458.0,0,9
2024-09-30 17:00:00,2523.0,0,9
2024-09-30 18:00:00,2076.0,0,9
2024-09-30 19:00:00,2178.0,0,9
2024-09-30 20:00:00,2451.0,0,9
2024-09-30 21:00:00,2655.0,0,9
2024-09-30 22:00:00,2373.0,0,9
2024-09-30 23:00:00,2325.0,0,9
2024-10-01 00:00:00,2352.0,1,10
2024-10-01 01:00:00,2613.0,1,10
2024-10-01 02:00:00,2502.0,1,10
2024-10-01 03:00:00,1975.5,1,10
2024-10-01 04:00:00,2394.0,1,10
2024-10-01 05:00:00,2218.5,1,10
2024-10-01 06:00:00,2631.0,1,10
2024-10-01 07:00:00,2085.0,1,10
2024-10-01 08:00:00,1254.0,1,10
2024-10-01 09:00:00,1401.0,1,10
2024-10-01 10:00:00,1623.0,1,10
2024-10-01 11:00:00,1432.5,1,10
2024-10-01 12:00:00,1372.5,1,10
2024-10-01 13:00:00,1500.0,1,10
2024-10-01 14:00:00,855.0,1,10
2024-10-01 15:00:00,1944.0,1,10
2024-10-01 16:00:00,2362.5,1,10
2024-10-01 17:00:00,2235.0,1,10
2024-10-01 18:00:00,2229.0,1,10
2024-10-01 19:00:00,2430.0,1,10
2024-10-01 20:00:00,2467.5,1,10
2024-10-01 21:00:00,2341.5,1,10
2024-10-01 22:00:00,2017.5,1,10
2024-10-01 23:00:00,2079.0,1,10
2024-10-02 00:00:00,2103.0,2,10
2024-10-02 01:00:00,2151.0,2,10
2024-10-02 02:00:00,2766.0,2,10
2024-10-02 03:00:00,2557.5,2,10
2024-10-02 04:00:00,2592.0,2,10
2024-10-02 05:00:00,2569.5,2,10
2024-10-02 06:00:00,2454.0,2,10
2024-10-02 07:00:00,1716.0,2,10
2024-10-02 08:00:00,1365.0,2,10
2024-10-02 09:00:00,1732.5,2,10
2024-10-02 10:00:00,2103.0,2,10
2024-10-02 11:00:00,1899.0,2,10
2024-10-02 12:00:00,1825.5,2,10
2024-10-02 13:00:00,2064.0,2,10
2024-10-02 14:00:00,1494.0,2,10
2024-10-02 15:00:00,1806.0,2,10
2024-10-02 16:00:00,2148.0,2,10
2024-10-02 17:00:00,2643.0,2,10
2024-10-02 18:00:00,2746.5,2,10
2024-10-02 19:00:00,2500.5,2,10
2024-10-02 20:00:00,2200.5,2,10
2024-10-02 21:00:00,2428.5,2,10
2024-10-02 22:00:00,2449.5,2,10
2024-10-02 23:00:00,1597.5,2,10
2024-10-03 00:00:00,2464.5,3,10
2024-10-03 01:00:00,2653.5,3,10
2024-10-03 02:00:00,2158.5,3,10
2024-10-03 03:00:00,2149.5,3,10
2024-10-03 04:00:00,2133.0,3,10
2024-10-03 05:00:00,2176.5,3,10
2024-10-03 06:00:00,1975.5,3,10
2024-10-03 07:00:00,1632.0,3,10
2024-10-03 08:00:00,1425.0,3,10
2024-10-03 09:00:00,1251.0,3,10
2024-10-03 10:00:00,1582.5,3,10
2024-10-03 11:00:00,1437.0,3,10
2024-10-03 12:00:00,1299.0,3,10
2024-10-03 13:00:00,2427.0,3,10
2024-10-03 14:00:00,3646.5,3,10
2024-10-03 15:00:00,3931.5,3,10
2024-10-03 16:00:00,3784.5,3,10
2024-10-03 17:00:00,3253.5,3,10
2024-10-03 18:00:00,4288.5,3,10
2024-10-03 19:00:00,4150.5,3,10
2024-10-03 20:00:00,3846.0,3,10
2024-10-03 21:00:00,3906.0,3,10
2024-10-03 22:00:00,4071.0,3,10
2024-10-03 23:00:00,4126.5,3,10
2024-10-04 00:00:00,4077.0,4,10
2024-10-04 01:00:00,4101.0,4,10
2024-10-04 02:00:00,4119.0,4,10
2024-10-04 03:00:00,4416.0,4,10
2024-10-04 04:00:00,4048.5,4,10
2024-10-04 05:00:00,3708.0,4,10
2024-10-04 06:00:00,3327.0,4,10
2024-10-04 07:00:00,2151.0,4,10
2024-10-04 08:00:00,1035.0,4,10
2024-10-04 09:00:00,1008.0,4,10
2024-10-04 10:00:00,1012.5,4,10
2024-10-04 11:00:00,1059.0,4,10
2024-10-04 12:00:00,1141.5,4,10
2024-10-04 13:00:00,1198.5,4,10
2024-10-04 14:00:00,1218.0,4,10
2024-10-04 15:00:00,1020.0,4,10
2024-10-04 16:00:00,1161.0,4,10
2024-10-04 17:00:00,1773.0,4,10
2024-10-04 18:00:00,2076.0,4,10
2024-10-04 19:00:00,1809.0,4,10
2024-10-04 20:00:00,1996.5,4,10
2024-10-04 21:00:00,1719.0,4,10
2024-10-04 22:00:00,1809.0,4,10
2024-10-04 23:00:00,1807.5,4,10
2024-10-05 00:00:00,1930.5,5,10
2024-10-05 01:00:00,1948.5,5,10
2024-10-05 02:00:00,1680.0,5,10
2024-10-05 03:00:00,1711.5,5,10
2024-10-05 04:00:00,2137.5,5,10
2024-10-05 05:00:00,2023.5,5,10
2024-10-05 06:00:00,1620.0,5,10
2024-10-05 07:00:00,1182.0,5,10
2024-10-05 08:00:00,868.5,5,10
2024-10-05 09:00:00,1036.5,5,10
2024-10-05 10:00:00,1414.5,5,10
2024-10-05 11:00:00,1843.5,5,10
2024-10-05 12:00:00,1828.5,5,10
2024-10-05 13:00:00,2160.0,5,10
2024-10-05 14:00:00,2119.5,5,10
2024-10-05 15:00:00,2794.5,5,10
2024-10-05 16:00:00,3676.5,5,10
2024-10-05 17:00:00,4069.5,5,10
2024-10-05 18:00:00,4167.0,5,10
2024-10-05 19:00:00,4183.5,5,10
2024-10-05 20:00:00,4242.0,5,10
2024-10-05 21:00:00,4152.0,5,10
2024-10-05 22:00:00,4215.0,5,10
2024-10-05 23:00:00,4290.0,5,10
2024-10-06 00:00:00,4336.5,6,10
2024-10-06 01:00:00,4363.5,6,10
2024-10-06 02:00:00,3619.5,6,10
2024-10-06 03:00:00,4387.5,6,10
2024-10-06 04:00:00,4335.0,6,10
2024-10-06 05:00:00,3834.0,6,10
2024-10-06 06:00:00,3625.5,6,10
2024-10-06 07:00:00,3312.0,6,10
2024-10-06 08:00:00,2988.0,6,10
2024-10-06 09:00:00,3114.0,6,10
2024-10-06 10:00:00,3387.0,6,10
2024-10-06 11:00:00,3042.0,6,10
2024-10-06 12:00:00,2757.0,6,10
2024-10-06 13:00:00,3342.0,6,10
2024-10-06 14:00:00,3054.0,6,10
2024-10-06 15:00:00,3016.5,6,10
2024-10-06 16:00:00,3490.5,6,10
2024-10-06 17:00:00,4158.0,6,10
2024-10-06 18:00:00,4411.5,6,10
2024-10-06 19:00:00,4062.0,6,10
2024-10-06 20:00:00,3840.0,6,10
2024-10-06 21:00:00,4584.0,6,10
2024-10-06 22:00:00,4045.5,6,10
2024-10-06 23:00:00,4233.0,6,10
2024-10-07 00:00:00,4675.5,0,10
2024-10-07 01:00:00,4468.5,0,10
2024-10-07 02:00:00,4219.5,0,10
2024-10-07 03:00:00,4210.5,0,10
2024-10-07 04:00:00,4525.5,0,10
2024-10-07 05:00:00,4579.5,0,10
2024-10-07 06:00:00,4245.0,0,10
2024-10-07 07:00:00,3492.0,0,10
2024-10-07 08:00:00,2917.5,0,10
2024-10-07 09:00:00,2256.0,0,10
2024-10-07 10:00:00,2082.0,0,10
2024-10-07 11:00:00,2407.5,0,10
2024-10-07 12:00:00,2262.0,0,10
2024-10-07 13:00:00,2547.0,0,10
2024-10-07 14:00:00,2661.0,0,10
2024-10-07 15:00:00,2881.5,0,10
2024-10-07 16:00:00,3642.0,0,10
2024-10-07 17:00:00,4081.5,0,10
2024-10-07 18:00:00,4542.0,0,10
2024-10-07 19:00:00,4350.0,0,10
2024-10-07 20:00:00,4384.5,0,10
2024-10-07 21:00:00,4647.0,0,10
2024-10-07 22:00:00,4470.0,0,10
2024-10-07 23:00:00,4351.5,0,10
2024-10-08 00:00:00,4432.5,1,10
2024-10-08 01:00:00,4360.5,1,10
2024-10-08 02:00:00,3916.5,1,10
2024-10-08 03:00:00,3886.5,1,10
2024-10-08 04:00:00,4359.0,1,10
2024-10-08 05:00:00,4612.5,1,10
2024-10-08 06:00:00,4086.0,1,10
2024-10-08 07:00:00,3453.0,1,10
2024-10-08 08:00:00,3331.5,1,10
2024-10-08 09:00:00,2623.5,1,10
2024-10-08 10:00:00,2550.0,1,10
2024-10-08 11:00:00,1815.0,1,10
2024-10-08 12:00:00,1849.5,1,10
2024-10-08 13:00:00,2349.0,1,10
2024-10-08 14:00:00,3154.5,1,10
2024-10-08 15:00:00,3484.5,1,10
2024-10-08 16:00:00,3787.5,1,10
2024-10-08 17:00:00,4081.5,1,10
2024-10-08 18:00:00,4002.0,1,10
2024-10-08 19:00:00,4347.0,1,10
2024-10-08 20:00:00,4431.0,1,10
2024-10-08 21:00:00,4431.0,1,10
2024-10-08 22:00:00,4404.0,1,10
2024-10-08 23:00:00,4284.0,1,10
2024-10-09 00:00:00,4564.5,2,10
2024-10-09 01:00:00,4108.5,2,10
2024-10-09 02:00:00,4176.0,2,10
2024-10-09 03:00:00,4561.5,2,10
2024-10-09 04:00:00,4548.0,2,10
2024-10-09 05:00:00,3900.0,2,10
2024-10-09 06:00:00,3525.0,2,10
2024-10-09 07:00:00,2871.0,2,10
2024-10-09 08:00:00,1758.0,2,10
2024-10-09 09:00:00,2044.5,2,10
2024-10-09 10:00:00,1380.0,2,10
2024-10-09 11:00:00,1335.0,2,10
2024-10-09 12:00:00,1234.5,2,10
2024-10-09 13:00:00,1293.0,2,10
2024-10-09 14:00:00,1726.5,2,10
2024-10-09 15:00:00,2026.5,2,10
2024-10-09 16:00:00,2379.0,2,10
2024-10-09 17:00:00,2736.0,2,10
2024-10-09 18:00:00,2808.0,2,10
2024-10-09 19:00:00,2706.0,2,10
2024-10-09 20:00:00,2652.0,2,10
2024-10-09 21:00:00,2667.0,2,10
2024-10-09 22:00:00,2878.5,2,10
2024-10-09 23:00:00,2536.5,2,10
2024-10-10 00:00:00,2815.5,3,10
2024-10-10 01:00:00,2839.5,3,10
2024-10-10 02:00:00,2814.0,3,10
2024-10-10 03:00:00,2743.5,3,10
2024-10-10 04:00:00,2782.5,3,10
2024-10-10 05:00:00,2034.0,3,10
2024-10-10 06:00:00,1428.0,3,10
2024-10-10 07:00:00,822.0,3,10
2024-10-10 08:00:00,253.5,3,10
2024-10-10 09:00:00,928.5,3,10
2024-10-10 10:00:00,1243.5,3,10
2024-10-10 11:00:00,831.0,3,10
2024-10-10 12:00:00,996.0,3,10
2024-10-10 13:00:00,1008.0,3,10
2024-10-10 14:00:00,1833.0,3,10
2024-10-10 15:00:00,1608.0,3,10
2024-10-10 16:00:00,1780.5,3,10
2024-10-10 17:00:00,1660.5,3,10
2024-10-10 18:00:00,1819.5,3,10
2024-10-10 19:00:00,2047.5,3,10
2024-10-10 20:00:00,1971.0,3,10
2024-10-10 21:00:00,2119.5,3,10
2024-10-10 22:00:00,2053.5,3,10
2024-10-10 23:00:00,1828.5,3,10
2024-10-11 00:00:00,2047.5,4,10
2024-10-11 01:00:00,1989.0,4,10
2024-10-11 02:00:00,1728.0,4,10
2024-10-11 03:00:00,1893.0,4,10
2024-10-11 04:00:00,1963.5,4,10
2024-10-11 05:00:00,1713.0,4,10
2024-10-11 06:00:00,1762.5,4,10
2024-10-11 07:00:00,1453.5,4,10
2024-10-11 08:00:00,1285.5,4,10
2024-10-11 09:00:00,1093.5,4,10
2024-10-11 10:00:00,988.5,4,10
2024-10-11 11:00:00,736.5,4,10
2024-10-11 12:00:00,484.5,4,10
2024-10-11 13:00:00,649.5,4,10
2024-10-11 14:00:00,886.5,4,10
2024-10-11 15:00:00,1480.5,4,10
2024-10-11 16:00:00,1705.5,4,10
2024-10-11 17:00:00,1930.5,4,10
2024-10-11 18:00:00,2103.0,4,10
2024-10-11 19:00:00,1965.0,4,10
2024-10-11 20:00:00,1945.5,4,10
2024-10-11 21:00:00,2037.0,4,10
2024-10-11 22:00:00,1726.5,4,10
2024-10-11 23:00:00,1704.0,4,10
2024-10-12 00:00:00,1707.0,5,10
2024-10-12 01:00:00,2017.5,5,10
2024-10-12 02:00:00,1813.5,5,10
2024-10-12 03:00:00,1683.0,5,10
2024-10-12 04:00:00,2224.5,5,10
2024-10-12 05:00:00,2041.5,5,10
2024-10-12 06:00:00,2385.0,5,10
2024-10-12 07:00:00,2487.0,5,10
2024-10-12 08:00:00,2578.5,5,10
2024-10-12 09:00:00,2212.5,5,10
2024-10-12 10:00:00,2703.0,5,10
2024-10-12 11:00:00,2917.5,5,10
2024-10-12 12:00:00,2724.0,5,10
2024-10-12 13:00:00,3414.0,5,10
2024-10-12 14:00:00,3747.0,5,10
2024-10-12 15:00:00,3952.5,5,10
2024-10-12 16:00:00,3415.5,5,10
2024-10-12 17:00:00,3775.5,5,10
2024-10-12 18:00:00,4494.0,5,10
2024-10-12 19:00:00,3948.0,5,10
2024-10-12 20:00:00,3613.5,5,10
2024-10-12 21:00:00,3906.0,5,10
2024-10-12 22:00:00,4009.5,5,10
2024-10-12 23:00:00,3993.0,5,10
2024-10-13 00:00:00,4110.0,6,10
2024-10-13 01:00:00,3723.0,6,10
2024-10-13 02:00:00,3571.5,6,10
2024-10-13 03:00:00,3985.5,6,10
2024-10-13 04:00:00,4006.5,6,10
2024-10-13 05:00:00,4084.5,6,10
2024-10-13 06:00:00,3436.5,6,10
2024-10-13 07:00:00,3394.5,6,10
2024-10-13 08:00:00,2479.5,6,10
2024-10-13 09:00:00,3037.5,6,10
2024-10-13 10:00:00,2122.5,6,10
2024-10-13 11:00:00,1804.5,6,10
2024-10-13 12:00:00,2200.5,6,10
2024-10-13 13:00:00,1978.5,6,10
2024-10-13 14:00:00,2164.5,6,10
2024-10-13 15:00:00,2856.0,6,10
2024-10-13 16:00:00,3612.0,6,10
2024-10-13 17:00:00,3814.5,6,10
2024-10-13 18:00:00,3901.5,6,10
2024-10-13 19:00:00,4264.5,6,10
2024-10-13 20:00:00,4053.0,6,10
2024-10-13 21:00:00,4033.5,6,10
2024-10-13 22:00:00,3342.0,6,10
2024-10-13 23:00:00,3384.0,6,10
2024-10-14 00:00:00,3945.0,0,10
2024-10-14 01:00:00,3799.5,0,10
2024-10-14 02:00:00,3510.0,0,10
2024-10-14 03:00:00,3537.0,0,10
2024-10-14 04:00:00,3862.5,0,10
2024-10-14 05:00:00,4105.5,0,10
2024-10-14 06:00:00,4012.5,0,10
2024-10-14 07:00:00,2835.0,0,10
2024-10-14 08:00:00,2248.5,0,10
2024-10-14 09:00:00,1825.5,0,10
2024-10-14 10:00:00,1330.5,0,10
2024-10-14 11:00:00,1680.0,0,10
2024-10-14 12:00:00,2304.0,0,10
2024-10-14 13:00:00,2907.0,0,10
2024-10-14 14:00:00,2656.5,0,10
2024-10-14 15:00:00,2896.5,0,10
2024-10-14 16:00:00,3259.5,0,10
2024-10-14 17:00:00,4314.0,0,10
2024-10-14 18:00:00,3642.0,0,10
2024-10-14 19:00:00,3594.0,0,10
2024-10-14 20:00:00,3910.5,0,10
2024-10-14 21:00:00,3706.5,0,10
2024-10-14 22:00:00,4314.0,0,10
2024-10-14 23:00:00,4120.5,0,10
2024-10-15 00:00:00,3774.0,1,10
2024-10-15 01:00:00,3930.0,1,10
2024-10-15 02:00:00,3538.5,1,10
2024-10-15 03:00:00,3484.5,1,10
2024-10-15 04:00:00,4293.0,1,10
2024-10-15 05:00:00,3882.0,1,10
2024-10-15 06:00:00,3658.5,1,10
2024-10-15 07:00:00,2884.5,1,10
2024-10-15 08:00:00,1813.5,1,10
2024-10-15 09:00:00,1942.5,1,10
2024-10-15 10:00:00,2241.0,1,10
2024-10-15 11:00:00,2403.0,1,10
2024-10-15 12:00:00,1236.0,1,10
2024-10-15 13:00:00,2164.5,1,10
2024-10-15 14:00:00,2388.0,1,10
2024-10-15 15:00:00,2035.5,1,10
2024-10-15 16:00:00,3358.5,1,10
2024-10-15 17:00:00,3549.0,1,10
2024-10-15 18:00:00,3921.0,1,10
2024-10-15 19:00:00,3676.5,1,10
2024-10-15 20:00:00,3733.5,1,10
2024-10-15 21:00:00,3415.5,1,10
2024-10-15 22:00:00,3546.0,1,10
2024-10-15 23:00:00,3634.5,1,10
2024-10-16 00:00:00,3735.0,2,10
2024-10-16 01:00:00,4153.5,2,10
2024-10-16 02:00:00,4024.5,2,10
2024-10-16 03:00:00,4188.0,2,10
2024-10-16 04:00:00,3397.5,2,10
2024-10-16 05:00:00,4195.5,2,10
2024-10-16 06:00:00,3346.5,2,10
2024-10-16 07:00:00,2349.0,2,10
2024-10-16 08:00:00,1756.5,2,10
2024-10-16 09:00:00,1818.0,2,10
2024-10-16 10:00:00,1816.5,2,10
2024-10-16 11:00:00,1590.0,2,10
2024-10-16 12:00:00,1393.5,2,10
2024-10-16 13:00:00,759.0,2,10
2024-10-16 14:00:00,1092.0,2,10
2024-10-16 15:00:00,927.0,2,10
2024-10-16 16:00:00,1930.5,2,10
2024-10-16 17:00:00,2512.5,2,10
2024-10-16 18:00:00,2469.0,2,10
2024-10-16 19:00:00,2341.5,2,10
2024-10-16 20:00:00,2050.5,2,10
2024-10-16 21:00:00,2751.0,2,10
2024-10-16 22:00:00,2241.0,2,10
2024-10-16 23:00:00,1845.0,2,10
2024-10-17 00:00:00,2025.0,3,10
2024-10-17 01:00:00,1983.0,3,10
2024-10-17 02:00:00,2616.0,3,10
2024-10-17 03:00:00,2595.0,3,10
2024-10-17 04:00:00,2676.0,3,10
2024-10-17 05:00:00,2671.5,3,10
2024-10-17 06:00:00,2625.0,3,10
2024-10-17 07:00:00,2536.5,3,10
2024-10-17 08:00:00,2635.5,3,10
2024-10-17 09:00:00,3019.5,3,10
2024-10-17 10:00:00,3004.5,3,10
2024-10-17 11:00:00,2970.0,3,10
2024-10-17 12:00:00,2283.0,3,10
2024-10-17 13:00:00,2290.5,3,10
2024-10-17 14:00:00,3100.5,3,10
2024-10-17 15:00:00,3384.0,3,10
2024-10-17 16:00:00,4296.0,3,10
2024-10-17 17:00:00,4281.0,3,10
2024-10-17 18:00:00,4588.5,3,10
2024-10-17 19:00:00,3933.0,3,10
2024-10-17 20:00:00,4288.5,3,10
2024-10-17 21:00:00,4279.5,3,10
2024-10-17 22:00:00,4203.0,3,10
2024-10-17 23:00:00,4207.5,3,10
2024-10-18 00:00:00,4267.5,4,10
2024-10-18 01:00:00,4422.0,4,10
2024-10-18 02:00:00,3970.5,4,10
2024-10-18 03:00:00,4039.5,4,10
2024-10-18 04:00:00,3924.0,4,10
2024-10-18 05:00:00,3736.5,4,10
2024-10-18 06:00:00,4284.0,4,10
2024-10-18 07:00:00,3613.5,4,10
2024-10-18 08:00:00,2776.5,4,10
2024-10-18 09:00:00,3378.0,4,10
2024-10-18 10:00:00,2233.5,4,10
2024-10-18 11:00:00,2889.0,4,10
2024-10-18 12:00:00,3549.0,4,10
2024-10-18 13:00:00,3628.5,4,10
2024-10-18 14:00:00,4020.0,4,10
2024-10-18 15:00:00,4189.5,4,10
2024-10-18 16:00:00,4183.5,4,10
2024-10-18 17:00:00,4525.5,4,10
2024-10-18 18:00:00,4536.0,4,10
2024-10-18 19:00:00,4119.0,4,10
2024-10-18 20:00:00,4038.0,4,10
2024-10-18 21:00:00,4420.5,4,10
2024-10-18 22:00:00,4326.0,4,10
2024-10-18 23:00:00,4468.5,4,10
2024-10-19 00:00:00,4344.0,5,10
2024-10-19 01:00:00,3738.0,5,10
2024-10-19 02:00:00,4455.0,5,10
2024-10-19 03:00:00,4267.5,5,10
2024-10-19 04:00:00,4156.5,5,10
2024-10-19 05:00:00,4126.5,5,10
2024-10-19 06:00:00,4509.0,5,10
2024-10-19 07:00:00,4122.0,5,10
2024-10-19 08:00:00,3883.5,5,10
2024-10-19 09:00:00,3444.0,5,10
2024-10-19 10:00:00,2379.0,5,10
2024-10-19 11:00:00,2386.5,5,10
2024-10-19 12:00:00,2877.0,5,10
2024-10-19 13:00:00,2925.0,5,10
2024-10-19 14:00:00,2592.0,5,10
2024-10-19 15:00:00,3096.0,5,10
2024-10-19 16:00:00,4188.0,5,10
2024-10-19 17:00:00,4381.5,5,10
2024-10-19 18:00:00,4558.5,5,10
2024-10-19 19:00:00,4387.5,5,10
2024-10-19 20:00:00,4233.0,5,10
2024-10-19 21:00:00,4410.0,5,10
2024-10-19 22:00:00,4033.5,5,10
2024-10-19 23:00:00,4396.5,5,10
2024-10-20 00:00:00,4161.0,6,10
2024-10-20 01:00:00,3975.0,6,10
2024-10-20 02:00:00,4465.5,6,10
2024-10-20 03:00:00,4356.0,6,10
2024-10-20 04:00:00,4366.5,6,10
2024-10-20 05:00:00,4383.0,6,10
2024-10-20 06:00:00,4294.5,6,10
2024-10-20 07:00:00,3801.0,6,10
2024-10-20 08:00:00,3583.5,6,10
2024-10-20 09:00:00,3168.0,6,10
2024-10-20 10:00:00,2782.5,6,10
2024-10-20 11:00:00,2922.0,6,10
2024-10-20 12:00:00,3100.5,6,10
2024-10-20 13:00:00,2718.0,6,10
2024-10-20 14:00:00,2244.0,6,10
2024-10-20 15:00:00,2532.0,6,10
2024-10-20 16:00:00,3174.0,6,10
2024-10-20 17:00:00,3961.5,6,10
2024-10-20 18:00:00,4087.5,6,10
2024-10-20 19:00:00,3648.0,6,10
2024-10-20 20:00:00,4144.5,6,10
2024-10-20 21:00:00,4353.0,6,10
2024-10-20 22:00:00,4182.0,6,10
2024-10-20 23:00:00,3669.0,6,10
2024-10-21 00:00:00,4086.0,0,10
2024-10-21 01:00:00,4744.5,0,10
2024-10-21 02:00:00,4186.5,0,10
2024-10-21 03:00:00,3940.5,0,10
2024-10-21 04:00:00,4014.0,0,10
2024-10-21 05:00:00,4350.0,0,10
2024-10-21 06:00:00,4362.0,0,10
2024-10-21 07:00:00,3760.5,0,10
2024-10-21 08:00:00,3439.5,0,10
2024-10-21 09:00:00,2658.0,0,10
2024-10-21 10:00:00,2323.5,0,10
2024-10-21 11:00:00,2737.5,0,10
2024-10-21 12:00:00,3222.0,0,10
2024-10-21 13:00:00,2883.0,0,10
2024-10-21 14:00:00,3018.0,0,10
2024-10-21 15:00:00,3186.0,0,10
2024-10-21 16:00:00,4087.5,0,10
2024-10-21 17:00:00,4368.0,0,10
2024-10-21 18:00:00,4567.5,0,10
2024-10-21 19:00:00,4207.5,0,10
2024-10-21 20:00:00,4105.5,0,10
2024-10-21 21:00:00,4401.0,0,10
2024-10-21 22:00:00,4638.0,0,10
2024-10-21 23:00:00,4278.0,0,10
2024-10-22 00:00:00,4150.5,1,10
2024-10-22 01:00:00,4225.5,1,10
2024-10-22 02:00:00,3628.5,1,10
2024-10-22 03:00:00,4585.5,1,10
2024-10-22 04:00:00,3613.5,1,10
2024-10-22 05:00:00,4252.5,1,10
2024-10-22 06:00:00,4344.0,1,10
2024-10-22 07:00:00,3127.5,1,10
2024-10-22 08:00:00,2425.5,1,10
2024-10-22 09:00:00,2455.5,1,10
2024-10-22 10:00:00,3075.0,1,10
2024-10-22 11:00:00,2379.0,1,10
2024-10-22 12:00:00,1317.0,1,10
2024-10-22 13:00:00,1863.0,1,10
2024-10-22 14:00:00,2115.0,1,10
2024-10-22 15:00:00,2487.0,1,10
2024-10-22 16:00:00,2685.0,1,10
2024-10-22 17:00:00,4381.5,1,10
2024-10-22 18:00:00,4426.5,1,10
2024-10-22 19:00:00,4186.5,1,10
2024-10-22 20:00:00,3954.0,1,10
2024-10-22 21:00:00,4165.5,1,10
2024-10-22 22:00:00,4278.0,1,10
2024-10-22 23:00:00,4357.5,1,10
2024-10-23 00:00:00,4342.5,2,10
2024-10-23 01:00:00,3997.5,2,10
2024-10-23 02:00:00,4332.0,2,10
2024-10-23 03:00:00,4210.5,2,10
2024-10-23 04:00:00,4360.5,2,10
2024-10-23 05:00:00,3993.0,2,10
2024-10-23 06:00:00,2433.0,2,10
2024-10-23 07:00:00,1110.0,2,10
2024-10-23 08:00:00,256.5,2,10
2024-10-23 09:00:00,34.5,2,10
2024-10-23 10:00:00,12.0,2,10
2024-10-23 11:00:00,31.5,2,10
2024-10-23 12:00:00,7.5,2,10
2024-10-23 13:00:00,19.5,2,10
2024-10-23 14:00:00,33.0,2,10
2024-10-23 15:00:00,87.0,2,10
2024-10-23 16:00:00,139.5,2,10
2024-10-23 17:00:00,241.5,2,10
2024-10-23 18:00:00,303.0,2,10
2024-10-23 19:00:00,340.5,2,10
2024-10-23 20:00:00,387.0,2,10
2024-10-23 21:00:00,366.0,2,10
2024-10-23 22:00:00,222.0,2,10
2024-10-23 23:00:00,316.5,2,10
2024-10-24 00:00:00,261.0,3,10
2024-10-24 01:00:00,229.5,3,10
2024-10-24 02:00:00,298.5,3,10
2024-10-24 03:00:00,495.0,3,10
2024-10-24 04:00:00,649.5,3,10
2024-10-24 05:00:00,555.0,3,10
2024-10-24 06:00:00,1774.5,3,10
2024-10-24 07:00:00,1533.0,3,10
2024-10-24 08:00:00,2878.5,3,10
2024-10-24 09:00:00,2524.5,3,10
2024-10-24 10:00:00,1884.0,3,10
2024-10-24 11:00:00,1680.0,3,10
2024-10-24 12:00:00,1857.0,3,10
2024-10-24 13:00:00,2442.0,3,10
2024-10-24 14:00:00,2250.0,3,10
2024-10-24 15:00:00,2704.5,3,10
2024-10-24 16:00:00,3273.0,3,10
2024-10-24 17:00:00,3751.5,3,10
2024-10-24 18:00:00,4267.5,3,10
2024-10-24 19:00:00,3594.0,3,10
2024-10-24 20:00:00,4026.0,3,10
2024-10-24 21:00:00,3358.5,3,10
2024-10-24 22:00:00,3958.5,3,10
2024-10-24 23:00:00,4138.5,3,10
2024-10-25 00:00:00,4128.0,4,10
2024-10-25 01:00:00,3720.0,4,10
2024-10-25 02:00:00,4174.5,4,10
2024-10-25 03:00:00,3192.0,4,10
2024-10-25 04:00:00,2868.0,4,10
2024-10-25 05:00:00,3135.0,4,10
2024-10-25 06:00:00,4071.0,4,10
2024-10-25 07:00:00,3142.5,4,10
2024-10-25 08:00:00,2304.0,4,10
2024-10-25 09:00:00,2163.0,4,10
2024-10-25 10:00:00,1456.5,4,10
2024-10-25 11:00:00,1834.5,4,10
2024-10-25 12:00:00,1867.5,4,10
2024-10-25 13:00:00,2373.0,4,10
2024-10-25 14:00:00,3147.0,4,10
2024-10-25 15:00:00,2767.5,4,10
2024-10-25 16:00:00,3301.5,4,10
2024-10-25 17:00:00,3820.5,4,10
2024-10-25 18:00:00,4210.5,4,10
2024-10-25 19:00:00,4224.0,4,10
2024-10-25 20:00:00,4081.5,4,10
2024-10-25 21:00:00,4326.0,4,10
2024-10-25 22:00:00,3982.5,4,10
2024-10-25 23:00:00,3904.5,4,10
2024-10-26 00:00:00,3823.5,5,10
2024-10-26 01:00:00,3514.5,5,10
2024-10-26 02:00:00,3586.5,5,10
2024-10-26 03:00:00,4366.5,5,10
2024-10-26 04:00:00,3787.5,5,10
2024-10-26 05:00:00,4261.5,5,10
2024-10-26 06:00:00,4086.0,5,10
2024-10-26 07:00:00,3490.5,5,10
2024-10-26 08:00:00,2862.0,5,10
2024-10-26 09:00:00,3009.0,5,10
2024-10-26 10:00:00,2277.0,5,10
2024-10-26 11:00:00,1948.5,5,10
2024-10-26 12:00:00,2169.0,5,10
2024-10-26 13:00:00,2745.0,5,10
2024-10-26 14:00:00,3888.0,5,10
2024-10-26 15:00:00,3114.0,5,10
2024-10-26 16:00:00,3832.5,5,10
2024-10-26 17:00:00,4221.0,5,10
2024-10-26 18:00:00,4345.5,5,10
2024-10-26 19:00:00,3891.0,5,10
2024-10-26 20:00:00,4185.0,5,10
2024-10-26 21:00:00,4485.0,5,10
2024-10-26 22:00:00,4585.5,5,10
2024-10-26 23:00:00,4255.5,5,10
2024-10-27 00:00:00,4435.5,6,10
2024-10-27 01:00:00,4219.5,6,10
2024-10-27 02:00:00,3895.5,6,10
2024-10-27 03:00:00,4675.5,6,10
2024-10-27 04:00:00,3946.5,6,10
2024-10-27 05:00:00,3568.5,6,10
2024-10-27 06:00:00,3859.5,6,10
2024-10-27 07:00:00,4021.5,6,10
2024-10-27 08:00:00,3505.5,6,10
2024-10-27 09:00:00,4414.5,6,10
2024-10-27 10:00:00,3939.0,6,10
2024-10-27 11:00:00,3570.0,6,10
2024-10-27 12:00:00,3624.0,6,10
2024-10-27 13:00:00,3691.5,6,10
2024-10-27 14:00:00,4078.5,6,10
2024-10-27 15:00:00,3859.5,6,10
2024-10-27 16:00:00,4000.5,6,10
2024-10-27 17:00:00,4005.0,6,10
2024-10-27 18:00:00,4428.0,6,10
2024-10-27 19:00:00,4113.0,6,10
2024-10-27 20:00:00,3799.5,6,10
2024-10-27 21:00:00,4429.5,6,10
2024-10-27 22:00:00,3793.5,6,10
2024-10-27 23:00:00,3606.0,6,10
2024-10-28 00:00:00,3699.0,0,10
2024-10-28 01:00:00,3723.0,0,10
2024-10-28 02:00:00,4132.5,0,10
2024-10-28 03:00:00,4218.0,0,10
2024-10-28 04:00:00,4078.5,0,10
2024-10-28 05:00:00,4248.0,0,10
2024-10-28 06:00:00,4405.5,0,10
2024-10-28 07:00:00,3709.5,0,10
2024-10-28 08:00:00,3157.5,0,10
2024-10-28 09:00:00,3496.5,0,10
2024-10-28 10:00:00,2856.0,0,10
2024-10-28 11:00:00,3111.0,0,10
2024-10-28 12:00:00,3093.0,0,10
2024-10-28 13:00:00,3768.0,0,10
2024-10-28 14:00:00,3292.5,0,10
2024-10-28 15:00:00,3768.0,0,10
2024-10-28 16:00:00,3756.0,0,10
2024-10-28 17:00:00,4230.0,0,10
2024-10-28 18:00:00,4063.5,0,10
2024-10-28 19:00:00,4404.0,0,10
2024-10-28 20:00:00,4437.0,0,10
2024-10-28 21:00:00,4486.5,0,10
2024-10-28 22:00:00,4093.5,0,10
2024-10-28 23:00:00,4434.0,0,10
2024-10-29 00:00:00,4645.5,1,10
2024-10-29 01:00:00,4294.5,1,10
2024-10-29 02:00:00,4321.5,1,10
2024-10-29 03:00:00,4173.0,1,10
2024-10-29 04:00:00,4129.5,1,10
2024-10-29 05:00:00,3949.5,1,10
2024-10-29 06:00:00,4296.0,1,10
2024-10-29 07:00:00,3138.0,1,10
2024-10-29 08:00:00,2572.5,1,10
2024-10-29 09:00:00,3297.0,1,10
2024-10-29 10:00:00,2646.0,1,10
2024-10-29 11:00:00,2026.5,1,10
2024-10-29 12:00:00,2296.5,1,10
2024-10-29 13:00:00,2808.0,1,10
2024-10-29 14:00:00,2419.5,1,10
2024-10-29 15:00:00,3481.5,1,10
2024-10-29 16:00:00,3808.5,1,10
2024-10-29 17:00:00,3936.0,1,10
2024-10-29 18:00:00,4399.5,1,10
2024-10-29 19:00:00,4260.0,1,10
2024-10-29 20:00:00,4159.5,1,10
2024-10-29 21:00:00,4440.0,1,10
2024-10-29 22:00:00,4417.5,1,10
2024-10-29 23:00:00,4416.0,1,10
2024-10-30 00:00:00,4492.5,2,10
2024-10-30 01:00:00,4380.0,2,10
2024-10-30 02:00:00,3861.0,2,10
2024-10-30 03:00:00,3840.0,2,10
2024-10-30 04:00:00,4431.0,2,10
2024-10-30 05:00:00,2950.5,2,10
2024-10-30 06:00:00,2167.5,2,10
2024-10-30 07:00:00,1098.0,2,10
2024-10-30 08:00:00,351.0,2,10
2024-10-30 09:00:00,16.5,2,10
2024-10-30 10:00:00,30.0,2,10
2024-10-30 11:00:00,7.5,2,10
2024-10-30 12:00:00,1.5,2,10
2024-10-30 13:00:00,24.0,2,10
2024-10-30 14:00:00,45.0,2,10
2024-10-30 15:00:00,214.5,2,10
2024-10-30 16:00:00,531.0,2,10
2024-10-30 17:00:00,352.5,2,10
2024-10-30 18:00:00,331.5,2,10
2024-10-30 19:00:00,378.0,2,10
2024-10-30 20:00:00,405.0,2,10
2024-10-30 21:00:00,420.0,2,10
2024-10-30 22:00:00,453.0,2,10
2024-10-30 23:00:00,490.5,2,10
2024-10-31 00:00:00,439.5,3,10
2024-10-31 01:00:00,421.5,3,10
2024-10-31 02:00:00,403.5,3,10
2024-10-31 03:00:00,502.5,3,10
2024-10-31 04:00:00,591.0,3,10
2024-10-31 05:00:00,580.5,3,10
2024-10-31 06:00:00,990.0,3,10
2024-10-31 07:00:00,1096.5,3,10
2024-10-31 08:00:00,1914.0,3,10
2024-10-31 09:00:00,2631.0,3,10
2024-10-31 10:00:00,2623.5,3,10
2024-10-31 11:00:00,2088.0,3,10
2024-10-31 12:00:00,3226.5,3,10
2024-10-31 13:00:00,2899.5,3,10
2024-10-31 14:00:00,2802.0,3,10
2024-10-31 15:00:00,2967.0,3,10
2024-10-31 16:00:00,3804.0,3,10
2024-10-31 17:00:00,4062.0,3,10
2024-10-31 18:00:00,4201.5,3,10
2024-10-31 19:00:00,4216.5,3,10
2024-10-31 20:00:00,4401.0,3,10
2024-10-31 21:00:00,4381.5,3,10
2024-10-31 22:00:00,4128.0,3,10
2024-10-31 23:00:00,4224.0,3,10
2024-11-01 00:00:00,3736.5,4,11
2024-11-01 01:00:00,3867.0,4,11
2024-11-01 02:00:00,4071.0,4,11
2024-11-01 03:00:00,4243.5,4,11
2024-11-01 04:00:00,3984.0,4,11
2024-11-01 05:00:00,4191.0,4,11
2024-11-01 06:00:00,4153.5,4,11
2024-11-01 07:00:00,3136.5,4,11
2024-11-01 08:00:00,2721.0,4,11
2024-11-01 09:00:00,2662.5,4,11
2024-11-01 10:00:00,2850.0,4,11
2024-11-01 11:00:00,2826.0,4,11
2024-11-01 12:00:00,2425.5,4,11
2024-11-01 13:00:00,1611.0,4,11
2024-11-01 14:00:00,2658.0,4,11
2024-11-01 15:00:00,3535.5,4,11
2024-11-01 16:00:00,4227.0,4,11
2024-11-01 17:00:00,4119.0,4,11
2024-11-01 18:00:00,4078.5,4,11
2024-11-01 19:00:00,3802.5,4,11
2024-11-01 20:00:00,4282.5,4,11
2024-11-01 21:00:00,4597.5,4,11
2024-11-01 22:00:00,4402.5,4,11
2024-11-01 23:00:00,4051.5,4,11
2024-11-02 00:00:00,4324.5,5,11
2024-11-02 01:00:00,4285.5,5,11
2024-11-02 02:00:00,4197.0,5,11
2024-11-02 03:00:00,4171.5,5,11
2024-11-02 04:00:00,4350.0,5,11
2024-11-02 05:00:00,3805.5,5,11
2024-11-02 06:00:00,3759.0,5,11
2024-11-02 07:00:00,3331.5,5,11
2024-11-02 08:00:00,2830.5,5,11
2024-11-02 09:00:00,2163.0,5,11
2024-11-02 10:00:00,1905.0,5,11
2024-11-02 11:00:00,1825.5,5,11
2024-11-02 12:00:00,1987.5,5,11
2024-11-02 13:00:00,2406.0,5,11
2024-11-02 14:00:00,2811.0,5,11
2024-11-02 15:00:00,3354.0,5,11
2024-11-02 16:00:00,3927.0,5,11
2024-11-02 17:00:00,4212.0,5,11
2024-11-02 18:00:00,4300.5,5,11
2024-11-02 19:00:00,4254.0,5,11
2024-11-02 20:00:00,4284.0,5,11
2024-11-02 21:00:00,4305.0,5,11
2024-11-02 22:00:00,4219.5,5,11
2024-11-02 23:00:00,4281.0,5,11
2024-11-03 00:00:00,4168.5,6,11
2024-11-03 01:00:00,4455.0,6,11
2024-11-03 02:00:00,4095.0,6,11
2024-11-03 03:00:00,3718.5,6,11
2024-11-03 04:00:00,4401.0,6,11
2024-11-03 05:00:00,4110.0,6,11
2024-11-03 06:00:00,4278.0,6,11
2024-11-03 07:00:00,3592.5,6,11
2024-11-03 08:00:00,3075.0,6,11
2024-11-03 09:00:00,2887.5,6,11
2024-11-03 10:00:00,2532.0,6,11
2024-11-03 11:00:00,2194.5,6,11
2024-11-03 12:00:00,2085.0,6,11
2024-11-03 13:00:00,2256.0,6,11
2024-11-03 14:00:00,2991.0,6,11
2024-11-03 15:00:00,3384.0,6,11
2024-11-03 16:00:00,3259.5,6,11
2024-11-03 17:00:00,3762.0,6,11
2024-11-03 18:00:00,4146.0,6,11
2024-11-03 19:00:00,4456.5,6,11
2024-11-03 20:00:00,4348.5,6,11
2024-11-03 21:00:00,4612.5,6,11
2024-11-03 22:00:00,4225.5,6,11
2024-11-03 23:00:00,4135.5,6,11
2024-11-04 00:00:00,4473.0,0,11
2024-11-04 01:00:00,4567.5,0,11
2024-11-04 02:00:00,3993.0,0,11
2024-11-04 03:00:00,4029.0,0,11
2024-11-04 04:00:00,4297.5,0,11
2024-11-04 05:00:00,4495.5,0,11
2024-11-04 06:00:00,3612.0,0,11
2024-11-04 07:00:00,3447.0,0,11
2024-11-04 08:00:00,2514.0,0,11
2024-11-04 09:00:00,1813.5,0,11
2024-11-04 10:00:00,1779.0,0,11
2024-11-04 11:00:00,2380.5,0,11
2024-11-04 12:00:00,2368.5,0,11
2024-11-04 13:00:00,2964.0,0,11
2024-11-04 14:00:00,3019.5,0,11
2024-11-04 15:00:00,2988.0,0,11
2024-11-04 16:00:00,3943.5,0,11
2024-11-04 17:00:00,4102.5,0,11
2024-11-04 18:00:00,4300.5,0,11
2024-11-04 19:00:00,4402.5,0,11
2024-11-04 20:00:00,4294.5,0,11
2024-11-04 21:00:00,4138.5,0,11
2024-11-04 22:00:00,3915.0,0,11
2024-11-04 23:00:00,3777.0,0,11
2024-11-05 00:00:00,4140.0,1,11
2024-11-05 01:00:00,4314.0,1,11
2024-11-05 02:00:00,4183.5,1,11
2024-11-05 03:00:00,3840.0,1,11
2024-11-05 04:00:00,3811.5,1,11
2024-11-05 05:00:00,3904.5,1,11
2024-11-05 06:00:00,4483.5,1,11
2024-11-05 07:00:00,3949.5,1,11
2024-11-05 08:00:00,3384.0,1,11
2024-11-05 09:00:00,2917.5,1,11
2024-11-05 10:00:00,2964.0,1,11
2024-11-05 11:00:00,2722.5,1,11
2024-11-05 12:00:00,2668.5,1,11
2024-11-05 13:00:00,2767.5,1,11
2024-11-05 14:00:00,2955.0,1,11
2024-11-05 15:00:00,4330.5,1,11
2024-11-05 16:00:00,4261.5,1,11
2024-11-05 17:00:00,4101.0,1,11
2024-11-05 18:00:00,4120.5,1,11
2024-11-05 19:00:00,4086.0,1,11
2024-11-05 20:00:00,4255.5,1,11
2024-11-05 21:00:00,3621.0,1,11
2024-11-05 22:00:00,4108.5,1,11
2024-11-05 23:00:00,4233.0,1,11
2024-11-06 00:00:00,4240.5,2,11
2024-11-06 01:00:00,4452.0,2,11
2024-11-06 02:00:00,4204.5,2,11
2024-11-06 03:00:00,4185.0,2,11
2024-11-06 04:00:00,4381.5,2,11
2024-11-06 05:00:00,4378.5,2,11
2024-11-06 06:00:00,4161.0,2,11
2024-11-06 07:00:00,3612.0,2,11
2024-11-06 08:00:00,3118.5,2,11
2024-11-06 09:00:00,2917.5,2,11
2024-11-06 10:00:00,2620.5,2,11
2024-11-06 11:00:00,2314.5,2,11
2024-11-06 12:00:00,2400.0,2,11
2024-11-06 13:00:00,2961.0,2,11
2024-11-06 14:00:00,2998.5,2,11
2024-11-06 15:00:00,2730.0,2,11
2024-11-06 16:00:00,3916.5,2,11
2024-11-06 17:00:00,3766.5,2,11
2024-11-06 18:00:00,4548.0,2,11
2024-11-06 19:00:00,4420.5,2,11
2024-11-06 20:00:00,4155.0,2,11
2024-11-06 21:00:00,4633.5,2,11
2024-11-06 22:00:00,4447.5,2,11
2024-11-06 23:00:00,4402.5,2,11
2024-11-07 00:00:00,4107.0,3,11
2024-11-07 01:00:00,4516.5,3,11
2024-11-07 02:00:00,3973.5,3,11
2024-11-07 03:00:00,4399.5,3,11
2024-11-07 04:00:00,4126.5,3,11
2024-11-07 05:00:00,4204.5,3,11
2024-11-07 06:00:00,4342.5,3,11
2024-11-07 07:00:00,3859.5,3,11
2024-11-07 08:00:00,2616.0,3,11
2024-11-07 09:00:00,2179.5,3,11
2024-11-07 10:00:00,2010.0,3,11
2024-11-07 11:00:00,1735.5,3,11
2024-11-07 12:00:00,1837.5,3,11
2024-11-07 13:00:00,2109.0,3,11
2024-11-07 14:00:00,2319.0,3,11
2024-11-07 15:00:00,2965.5,3,11
2024-11-07 16:00:00,3762.0,3,11
2024-11-07 17:00:00,4108.5,3,11
2024-11-07 18:00:00,3664.5,3,11
2024-11-07 19:00:00,3592.5,3,11
2024-11-07 20:00:00,3663.0,3,11
2024-11-07 21:00:00,4126.5,3,11
2024-11-07 22:00:00,4311.0,3,11
2024-11-07 23:00:00,4296.0,3,11
2024-11-08 00:00:00,4000.5,4,11
2024-11-08 01:00:00,4320.0,4,11
2024-11-08 02:00:00,4600.5,4,11
2024-11-08 03:00:00,4204.5,4,11
2024-11-08 04:00:00,4134.0,4,11
2024-11-08 05:00:00,3855.0,4,11
2024-11-08 06:00:00,3111.0,4,11
2024-11-08 07:00:00,1386.0,4,11
2024-11-08 08:00:00,288.0,4,11
2024-11-08 09:00:00,10.5,4,11
2024-11-08 10:00:00,9.0,4,11
2024-11-08 11:00:00,13.5,4,11
2024-11-08 12:00:00,10.5,4,11
2024-11-08 13:00:00,19.5,4,11
2024-11-08 14:00:00,37.5,4,11
2024-11-08 15:00:00,61.5,4,11
2024-11-08 16:00:00,511.5,4,11
2024-11-08 17:00:00,382.5,4,11
2024-11-08 18:00:00,958.5,4,11
2024-11-08 19:00:00,1635.0,4,11
2024-11-08 20:00:00,3582.0,4,11
2024-11-08 21:00:00,4137.0,4,11
2024-11-08 22:00:00,4156.5,4,11
2024-11-08 23:00:00,4327.5,4,11
2024-11-09 00:00:00,4519.5,5,11
2024-11-09 01:00:00,3912.0,5,11
2024-11-09 02:00:00,3925.5,5,11
2024-11-09 03:00:00,3864.0,5,11
2024-11-09 04:00:00,4305.0,5,11
2024-11-09 05:00:00,4471.5,5,11
2024-11-09 06:00:00,4566.0,5,11
2024-11-09 07:00:00,3783.0,5,11
2024-11-09 08:00:00,3046.5,5,11
2024-11-09 09:00:00,2560.5,5,11
2024-11-09 10:00:00,1977.0,5,11
2024-11-09 11:00:00,2073.0,5,11
2024-11-09 12:00:00,1924.5,5,11
2024-11-09 13:00:00,2328.0,5,11
2024-11-09 14:00:00,2763.0,5,11
2024-11-09 15:00:00,2940.0,5,11
2024-11-09 16:00:00,3988.5,5,11
2024-11-09 17:00:00,4489.5,5,11
2024-11-09 18:00:00,4324.5,5,11
2024-11-09 19:00:00,4246.5,5,11
2024-11-09 20:00:00,4467.0,5,11
2024-11-09 21:00:00,4584.0,5,11
2024-11-09 22:00:00,4315.5,5,11
2024-11-09 23:00:00,4186.5,5,11
2024-11-10 00:00:00,4371.0,6,11
2024-11-10 01:00:00,4180.5,6,11
2024-11-10 02:00:00,4230.0,6,11
2024-11-10 03:00:00,4416.0,6,11
2024-11-10 04:00:00,4393.5,6,11
2024-11-10 05:00:00,4275.0,6,11
2024-11-10 06:00:00,4402.5,6,11
2024-11-10 07:00:00,3486.0,6,11
2024-11-10 08:00:00,2997.0,6,11
2024-11-10 09:00:00,2607.0,6,11
2024-11-10 10:00:00,1918.5,6,11
2024-11-10 11:00:00,1971.0,6,11
2024-11-10 12:00:00,2109.0,6,11
2024-11-10 13:00:00,2395.5,6,11
2024-11-10 14:00:00,2242.5,6,11
2024-11-10 15:00:00,2551.5,6,11
2024-11-10 16:00:00,3375.0,6,11
2024-11-10 17:00:00,3535.5,6,11
2024-11-10 18:00:00,4054.5,6,11
2024-11-10 19:00:00,3927.0,6,11
2024-11-10 20:00:00,3793.5,6,11
2024-11-10 21:00:00,4558.5,6,11
2024-11-10 22:00:00,3985.5,6,11
2024-11-10 23:00:00,4240.5,6,11
2024-11-11 00:00:00,4482.0,0,11
2024-11-11 01:00:00,4500.0,0,11
2024-11-11 02:00:00,4174.5,0,11
2024-11-11 03:00:00,4321.5,0,11
2024-11-11 04:00:00,4134.0,0,11
2024-11-11 05:00:00,4368.0,0,11
2024-11-11 06:00:00,4440.0,0,11
2024-11-11 07:00:00,3400.5,0,11
2024-11-11 08:00:00,2541.0,0,11
2024-11-11 09:00:00,2808.0,0,11
2024-11-11 10:00:00,2248.5,0,11
2024-11-11 11:00:00,2131.5,0,11
2024-11-11 12:00:00,2416.5,0,11
2024-11-11 13:00:00,2428.5,0,11
2024-11-11 14:00:00,2574.0,0,11
2024-11-11 15:00:00,3829.5,0,11
2024-11-11 16:00:00,4255.5,0,11
2024-11-11 17:00:00,4438.5,0,11
2024-11-11 18:00:00,4462.5,0,11
2024-11-11 19:00:00,4614.0,0,11
2024-11-11 20:00:00,4212.0,0,11
2024-11-11 21:00:00,4743.0,0,11
2024-11-11 22:00:00,4311.0,0,11
2024-11-11 23:00:00,4434.0,0,11
2024-11-12 00:00:00,4270.5,1,11
2024-11-12 01:00:00,3966.0,1,11
2024-11-12 02:00:00,4224.0,1,11
2024-11-12 03:00:00,4521.0,1,11
2024-11-12 04:00:00,3712.5,1,11
2024-11-12 05:00:00,4185.0,1,11
2024-11-12 06:00:00,4291.5,1,11
2024-11-12 07:00:00,3427.5,1,11
2024-11-12 08:00:00,2463.0,1,11
2024-11-12 09:00:00,2574.0,1,11
2024-11-12 10:00:00,2049.0,1,11
2024-11-12 11:00:00,1981.5,1,11
2024-11-12 12:00:00,2191.5,1,11
2024-11-12 13:00:00,2262.0,1,11
2024-11-12 14:00:00,3163.5,1,11
2024-11-12 15:00:00,3010.5,1,11
2024-11-12 16:00:00,3753.0,1,11
2024-11-12 17:00:00,4038.0,1,11
2024-11-12 18:00:00,3883.5,1,11
2024-11-12 19:00:00,4402.5,1,11
2024-11-12 20:00:00,4248.0,1,11
2024-11-12 21:00:00,4165.5,1,11
2024-11-12 22:00:00,4348.5,1,11
2024-11-12 23:00:00,4348.5,1,11
2024-11-13 00:00:00,4501.5,2,11
2024-11-13 01:00:00,4323.0,2,11
2024-11-13 02:00:00,4285.5,2,11
2024-11-13 03:00:00,4249.5,2,11
2024-11-13 04:00:00,4396.5,2,11
2024-11-13 05:00:00,4381.5,2,11
2024-11-13 06:00:00,4182.0,2,11
2024-11-13 07:00:00,3826.5,2,11
2024-11-13 08:00:00,3367.5,2,11
2024-11-13 09:00:00,2794.5,2,11
2024-11-13 10:00:00,2215.5,2,11
2024-11-13 11:00:00,2421.0,2,11
2024-11-13 12:00:00,1971.0,2,11
2024-11-13 13:00:00,2779.5,2,11
2024-11-13 14:00:00,3156.0,2,11
2024-11-13 15:00:00,3340.5,2,11
2024-11-13 16:00:00,2989.5,2,11
2024-11-13 17:00:00,3985.5,2,11
2024-11-13 18:00:00,4593.0,2,11
2024-11-13 19:00:00,4225.5,2,11
2024-11-13 20:00:00,4471.5,2,11
2024-11-13 21:00:00,4366.5,2,11
2024-11-13 22:00:00,4494.0,2,11
2024-11-13 23:00:00,4218.0,2,11
2024-11-14 00:00:00,3723.0,3,11
2024-11-14 01:00:00,4062.0,3,11
2024-11-14 02:00:00,3648.0,3,11
2024-11-14 03:00:00,4123.5,3,11
2024-11-14 04:00:00,4030.5,3,11
2024-11-14 05:00:00,4195.5,3,11
2024-11-14 06:00:00,4404.0,3,11
2024-11-14 07:00:00,4270.5,3,11
2024-11-14 08:00:00,3096.0,3,11
2024-11-14 09:00:00,2967.0,3,11
2024-11-14 10:00:00,2464.5,3,11
2024-11-14 11:00:00,3184.5,3,11
2024-11-14 12:00:00,3511.5,3,11
2024-11-14 13:00:00,3619.5,3,11
2024-11-14 14:00:00,2061.0,3,11
2024-11-14 15:00:00,2950.5,3,11
2024-11-14 16:00:00,3648.0,3,11
2024-11-14 17:00:00,4450.5,3,11
2024-11-14 18:00:00,4555.5,3,11
2024-11-14 19:00:00,4570.5,3,11
2024-11-14 20:00:00,3769.5,3,11
2024-11-14 21:00:00,4203.0,3,11
2024-11-14 22:00:00,4188.0,3,11
2024-11-14 23:00:00,4128.0,3,11
2024-11-15 00:00:00,4440.0,4,11
2024-11-15 01:00:00,4438.5,4,11
2024-11-15 02:00:00,4059.0,4,11
2024-11-15 03:00:00,3948.0,4,11
2024-11-15 04:00:00,4248.0,4,11
2024-11-15 05:00:00,4299.0,4,11
2024-11-15 06:00:00,2775.0,4,11
2024-11-15 07:00:00,1335.0,4,11
2024-11-15 08:00:00,181.5,4,11
2024-11-15 09:00:00,10.5,4,11
2024-11-15 10:00:00,10.5,4,11
2024-11-15 11:00:00,9.0,4,11
2024-11-15 12:00:00,9.0,4,11
2024-11-15 13:00:00,10.5,4,11
2024-11-15 14:00:00,10.5,4,11
2024-11-15 15:00:00,61.5,4,11
2024-11-15 16:00:00,403.5,4,11
2024-11-15 17:00:00,309.0,4,11
2024-11-15 18:00:00,300.0,4,11
2024-11-15 19:00:00,250.5,4,11
2024-11-15 20:00:00,250.5,4,11
2024-11-15 21:00:00,273.0,4,11
2024-11-15 22:00:00,411.0,4,11
2024-11-15 23:00:00,469.5,4,11
2024-11-16 00:00:00,456.0,5,11
2024-11-16 01:00:00,430.5,5,11
2024-11-16 02:00:00,451.5,5,11
2024-11-16 03:00:00,511.5,5,11
2024-11-16 04:00:00,568.5,5,11
2024-11-16 05:00:00,553.5,5,11
2024-11-16 06:00:00,988.5,5,11
2024-11-16 07:00:00,1522.5,5,11
2024-11-16 08:00:00,2067.0,5,11
2024-11-16 09:00:00,2626.5,5,11
2024-11-16 10:00:00,2206.5,5,11
2024-11-16 11:00:00,2115.0,5,11
2024-11-16 12:00:00,1993.5,5,11
2024-11-16 13:00:00,2041.5,5,11
2024-11-16 14:00:00,1917.0,5,11
2024-11-16 15:00:00,2841.0,5,11
2024-11-16 16:00:00,3243.0,5,11
2024-11-16 17:00:00,3909.0,5,11
2024-11-16 18:00:00,4432.5,5,11
2024-11-16 19:00:00,4098.0,5,11
2024-11-16 20:00:00,3922.5,5,11
2024-11-16 21:00:00,4603.5,5,11
2024-11-16 22:00:00,3820.5,5,11
2024-11-16 23:00:00,3969.0,5,11
2024-11-17 00:00:00,4204.5,6,11
2024-11-17 01:00:00,4011.0,6,11
2024-11-17 02:00:00,3949.5,6,11
2024-11-17 03:00:00,3861.0,6,11
2024-11-17 04:00:00,4218.0,6,11
2024-11-17 05:00:00,4341.0,6,11
2024-11-17 06:00:00,4107.0,6,11
2024-11-17 07:00:00,3841.5,6,11
2024-11-17 08:00:00,2689.5,6,11
2024-11-17 09:00:00,2487.0,6,11
2024-11-17 10:00:00,1902.0,6,11
2024-11-17 11:00:00,1926.0,6,11
2024-11-17 12:00:00,1924.5,6,11
2024-11-17 13:00:00,2902.5,6,11
2024-11-17 14:00:00,2812.5,6,11
2024-11-17 15:00:00,3426.0,6,11
2024-11-17 16:00:00,3186.0,6,11
2024-11-17 17:00:00,4041.0,6,11
2024-11-17 18:00:00,4224.0,6,11
2024-11-17 19:00:00,4309.5,6,11
2024-11-17 20:00:00,3828.0,6,11
2024-11-17 21:00:00,4215.0,6,11
2024-11-17 22:00:00,4401.0,6,11
2024-11-17 23:00:00,4222.5,6,11
2024-11-18 00:00:00,4021.5,0,11
2024-11-18 01:00:00,4405.5,0,11
2024-11-18 02:00:00,3654.0,0,11
2024-11-18 03:00:00,3876.0,0,11
2024-11-18 04:00:00,3315.0,0,11
2024-11-18 05:00:00,3202.5,0,11
2024-11-18 06:00:00,4155.0,0,11
2024-11-18 07:00:00,3283.5,0,11
2024-11-18 08:00:00,2287.5,0,11
2024-11-18 09:00:00,2566.5,0,11
2024-11-18 10:00:00,1918.5,0,11
2024-11-18 11:00:00,2097.0,0,11
2024-11-18 12:00:00,1918.5,0,11
2024-11-18 13:00:00,2485.5,0,11
2024-11-18 14:00:00,3010.5,0,11
2024-11-18 15:00:00,2865.0,0,11
2024-11-18 16:00:00,3796.5,0,11
2024-11-18 17:00:00,4522.5,0,11
2024-11-18 18:00:00,4633.5,0,11
2024-11-18 19:00:00,4095.0,0,11
2024-11-18 20:00:00,4165.5,0,11
2024-11-18 21:00:00,4693.5,0,11
2024-11-18 22:00:00,4231.5,0,11
2024-11-18 23:00:00,4068.0,0,11
2024-11-19 00:00:00,4239.0,1,11
2024-11-19 01:00:00,4359.0,1,11
2024-11-19 02:00:00,4212.0,1,11
2024-11-19 03:00:00,4452.0,1,11
2024-11-19 04:00:00,4203.0,1,11
2024-11-19 05:00:00,4407.0,1,11
2024-11-19 06:00:00,3984.0,1,11
2024-11-19 07:00:00,3489.0,1,11
2024-11-19 08:00:00,2919.0,1,11
2024-11-19 09:00:00,2472.0,1,11
2024-11-19 10:00:00,2235.0,1,11
2024-11-19 11:00:00,1756.5,1,11
2024-11-19 12:00:00,1923.0,1,11
2024-11-19 13:00:00,2427.0,1,11
2024-11-19 14:00:00,2664.0,1,11
2024-11-19 15:00:00,3285.0,1,11
2024-11-19 16:00:00,4105.5,1,11
2024-11-19 17:00:00,4621.5,1,11
2024-11-19 18:00:00,4510.5,1,11
2024-11-19 19:00:00,4387.5,1,11
2024-11-19 20:00:00,4099.5,1,11
2024-11-19 21:00:00,4038.0,1,11
2024-11-19 22:00:00,3982.5,1,11
2024-11-19 23:00:00,3859.5,1,11
2024-11-20 00:00:00,4446.0,2,11
2024-11-20 01:00:00,4228.5,2,11
2024-11-20 02:00:00,4233.0,2,11
2024-11-20 03:00:00,4146.0,2,11
2024-11-20 04:00:00,4210.5,2,11
2024-11-20 05:00:00,4413.0,2,11
2024-11-20 06:00:00,3609.0,2,11
2024-11-20 07:00:00,2656.5,2,11
2024-11-20 08:00:00,1746.0,2,11
2024-11-20 09:00:00,1588.5,2,11
2024-11-20 10:00:00,1206.0,2,11
2024-11-20 11:00:00,1318.5,2,11
2024-11-20 12:00:00,1231.5,2,11
2024-11-20 13:00:00,1356.0,2,11
2024-11-20 14:00:00,1846.5,2,11
2024-11-20 15:00:00,1699.5,2,11
2024-11-20 16:00:00,1930.5,2,11
2024-11-20 17:00:00,2052.0,2,11
2024-11-20 18:00:00,2271.0,2,11
2024-11-20 19:00:00,2196.0,2,11
2024-11-20 20:00:00,2289.0,2,11
2024-11-20 21:00:00,2725.5,2,11
2024-11-20 22:00:00,2769.0,2,11
2024-11-20 23:00:00,2247.0,2,11
2024-11-21 00:00:00,2739.0,3,11
2024-11-21 01:00:00,2686.5,3,11
2024-11-21 02:00:00,2667.0,3,11
2024-11-21 03:00:00,2787.0,3,11
2024-11-21 04:00:00,2529.0,3,11
2024-11-21 05:00:00,2785.5,3,11
2024-11-21 06:00:00,2787.0,3,11
2024-11-21 07:00:00,2398.5,3,11
2024-11-21 08:00:00,2655.0,3,11
2024-11-21 09:00:00,2490.0,3,11
2024-11-21 10:00:00,1986.0,3,11
2024-11-21 11:00:00,1860.0,3,11
2024-11-21 12:00:00,1918.5,3,11
2024-11-21 13:00:00,2713.5,3,11
2024-11-21 14:00:00,3009.0,3,11
2024-11-21 15:00:00,3378.0,3,11
2024-11-21 16:00:00,4257.0,3,11
2024-11-21 17:00:00,4179.0,3,11
2024-11-21 18:00:00,4582.5,3,11
2024-11-21 19:00:00,4330.5,3,11
2024-11-21 20:00:00,4182.0,3,11
2024-11-21 21:00:00,4342.5,3,11
2024-11-21 22:00:00,4584.0,3,11
2024-11-21 23:00:00,4342.5,3,11
2024-11-22 00:00:00,4353.0,4,11
2024-11-22 01:00:00,4408.5,4,11
2024-11-22 02:00:00,4405.5,4,11
2024-11-22 03:00:00,4108.5,4,11
2024-11-22 04:00:00,4132.5,4,11
2024-11-22 05:00:00,4165.5,4,11
2024-11-22 06:00:00,2805.0,4,11
2024-11-22 07:00:00,1807.5,4,11
2024-11-22 08:00:00,972.0,4,11
2024-11-22 09:00:00,1006.5,4,11
2024-11-22 10:00:00,1096.5,4,11
2024-11-22 11:00:00,955.5,4,11
2024-11-22 12:00:00,715.5,4,11
2024-11-22 13:00:00,1161.0,4,11
2024-11-22 14:00:00,1098.0,4,11
2024-11-22 15:00:00,1407.0,4,11
2024-11-22 16:00:00,1728.0,4,11
2024-11-22 17:00:00,1747.5,4,11
2024-11-22 18:00:00,2049.0,4,11
2024-11-22 19:00:00,2131.5,4,11
2024-11-22 20:00:00,2244.0,4,11
2024-11-22 21:00:00,2175.0,4,11
2024-11-22 22:00:00,2071.5,4,11
2024-11-22 23:00:00,1977.0,4,11
2024-11-23 00:00:00,2136.0,5,11
2024-11-23 01:00:00,2044.5,5,11
2024-11-23 02:00:00,2068.5,5,11
2024-11-23 03:00:00,1921.5,5,11
2024-11-23 04:00:00,1959.0,5,11
2024-11-23 05:00:00,2118.0,5,11
2024-11-23 06:00:00,2664.0,5,11
2024-11-23 07:00:00,2527.5,5,11
2024-11-23 08:00:00,2068.5,5,11
2024-11-23 09:00:00,2532.0,5,11
2024-11-23 10:00:00,2122.5,5,11
2024-11-23 11:00:00,2269.5,5,11
2024-11-23 12:00:00,2053.5,5,11
2024-11-23 13:00:00,3115.5,5,11
2024-11-23 14:00:00,2931.0,5,11
2024-11-23 15:00:00,3204.0,5,11
2024-11-23 16:00:00,4291.5,5,11
2024-11-23 17:00:00,4168.5,5,11
2024-11-23 18:00:00,4581.0,5,11
2024-11-23 19:00:00,4155.0,5,11
2024-11-23 20:00:00,3922.5,5,11
2024-11-23 21:00:00,4531.5,5,11
2024-11-23 22:00:00,3970.5,5,11
2024-11-23 23:00:00,4186.5,5,11
2024-11-24 00:00:00,4608.0,6,11
2024-11-24 01:00:00,4288.5,6,11
2024-11-24 02:00:00,4339.5,6,11
2024-11-24 03:00:00,4179.0,6,11
2024-11-24 04:00:00,4279.5,6,11
2024-11-24 05:00:00,4375.5,6,11
2024-11-24 06:00:00,4293.0,6,11
2024-11-24 07:00:00,3486.0,6,11
2024-11-24 08:00:00,2745.0,6,11
2024-11-24 09:00:00,2883.0,6,11
2024-11-24 10:00:00,2824.5,6,11
2024-11-24 11:00:00,2529.0,6,11
2024-11-24 12:00:00,1870.5,6,11
2024-11-24 13:00:00,2796.0,6,11
2024-11-24 14:00:00,2824.5,6,11
2024-11-24 15:00:00,3573.0,6,11
2024-11-24 16:00:00,4359.0,6,11
2024-11-24 17:00:00,4135.5,6,11
2024-11-24 18:00:00,4569.0,6,11
2024-11-24 19:00:00,4179.0,6,11
2024-11-24 20:00:00,4285.5,6,11
2024-11-24 21:00:00,4338.0,6,11
2024-11-24 22:00:00,3928.5,6,11
2024-11-24 23:00:00,4318.5,6,11
2024-11-25 00:00:00,4105.5,0,11
2024-11-25 01:00:00,4168.5,0,11
2024-11-25 02:00:00,4197.0,0,11
2024-11-25 03:00:00,4405.5,0,11
2024-11-25 04:00:00,4342.5,0,11
2024-11-25 05:00:00,3936.0,0,11
2024-11-25 06:00:00,4036.5,0,11
2024-11-25 07:00:00,4032.0,0,11
2024-11-25 08:00:00,3754.5,0,11
2024-11-25 09:00:00,2862.0,0,11
2024-11-25 10:00:00,1998.0,0,11
2024-11-25 11:00:00,2112.0,0,11
2024-11-25 12:00:00,2679.0,0,11
2024-11-25 13:00:00,3063.0,0,11
2024-11-25 14:00:00,2989.5,0,11
2024-11-25 15:00:00,3687.0,0,11
2024-11-25 16:00:00,4335.0,0,11
2024-11-25 17:00:00,4383.0,0,11
2024-11-25 18:00:00,4555.5,0,11
2024-11-25 19:00:00,4345.5,0,11
2024-11-25 20:00:00,4132.5,0,11
2024-11-25 21:00:00,3994.5,0,11
2024-11-25 22:00:00,3705.0,0,11
2024-11-25 23:00:00,3688.5,0,11
2024-11-26 00:00:00,4465.5,1,11
2024-11-26 01:00:00,4389.0,1,11
2024-11-26 02:00:00,4080.0,1,11
2024-11-26 03:00:00,3379.5,1,11
2024-11-26 04:00:00,3589.5,1,11
2024-11-26 05:00:00,4065.0,1,11
2024-11-26 06:00:00,4155.0,1,11
2024-11-26 07:00:00,3235.5,1,11
2024-11-26 08:00:00,2646.0,1,11
2024-11-26 09:00:00,2703.0,1,11
2024-11-26 10:00:00,2355.0,1,11
2024-11-26 11:00:00,2266.5,1,11
2024-11-26 12:00:00,2562.0,1,11
2024-11-26 13:00:00,2745.0,1,11
2024-11-26 14:00:00,2385.0,1,11
2024-11-26 15:00:00,3144.0,1,11
2024-11-26 16:00:00,4147.5,1,11
2024-11-26 17:00:00,4459.5,1,11
2024-11-26 18:00:00,4237.5,1,11
2024-11-26 19:00:00,4479.0,1,11
2024-11-26 20:00:00,4030.5,1,11
2024-11-26 21:00:00,4471.5,1,11
2024-11-26 22:00:00,4120.5,1,11
2024-11-26 23:00:00,4363.5,1,11
2024-11-27 00:00:00,4051.5,2,11
2024-11-27 01:00:00,4141.5,2,11
2024-11-27 02:00:00,3915.0,2,11
2024-11-27 03:00:00,4012.5,2,11
2024-11-27 04:00:00,4324.5,2,11
2024-11-27 05:00:00,4090.5,2,11
2024-11-27 06:00:00,3786.0,2,11
2024-11-27 07:00:00,2418.0,2,11
2024-11-27 08:00:00,1876.5,2,11
2024-11-27 09:00:00,1695.0,2,11
2024-11-27 10:00:00,1893.0,2,11
2024-11-27 11:00:00,1626.0,2,11
2024-11-27 12:00:00,1398.0,2,11
2024-11-27 13:00:00,1525.5,2,11
2024-11-27 14:00:00,1470.0,2,11
2024-11-27 15:00:00,1810.5,2,11
2024-11-27 16:00:00,2419.5,2,11
2024-11-27 17:00:00,2470.5,2,11
2024-11-27 18:00:00,2262.0,2,11
2024-11-27 19:00:00,2745.0,2,11
2024-11-27 20:00:00,2811.0,2,11
2024-11-27 21:00:00,2784.0,2,11
2024-11-27 22:00:00,2842.5,2,11
2024-11-27 23:00:00,2827.5,2,11
2024-11-28 00:00:00,2886.0,3,11
2024-11-28 01:00:00,2910.0,3,11
2024-11-28 02:00:00,2604.0,3,11
2024-11-28 03:00:00,2314.5,3,11
2024-11-28 04:00:00,2370.0,3,11
2024-11-28 05:00:00,2580.0,3,11
2024-11-28 06:00:00,2793.0,3,11
2024-11-28 07:00:00,1480.5,3,11
2024-11-28 08:00:00,1204.5,3,11
2024-11-28 09:00:00,1089.0,3,11
2024-11-28 10:00:00,910.5,3,11
2024-11-28 11:00:00,978.0,3,11
2024-11-28 12:00:00,945.0,3,11
2024-11-28 13:00:00,1017.0,3,11
2024-11-28 14:00:00,1087.5,3,11
2024-11-28 15:00:00,1531.5,3,11
2024-11-28 16:00:00,1644.0,3,11
2024-11-28 17:00:00,1963.5,3,11
2024-11-28 18:00:00,2154.0,3,11
2024-11-28 19:00:00,2164.5,3,11
2024-11-28 20:00:00,1855.5,3,11
2024-11-28 21:00:00,2293.5,3,11
2024-11-28 22:00:00,1840.5,3,11
2024-11-28 23:00:00,1909.5,3,11
2024-11-29 00:00:00,2044.5,4,11
2024-11-29 01:00:00,2134.5,4,11
2024-11-29 02:00:00,2202.0,4,11
2024-11-29 03:00:00,2100.0,4,11
2024-11-29 04:00:00,1900.5,4,11
2024-11-29 05:00:00,1873.5,4,11
2024-11-29 06:00:00,2028.0,4,11
2024-11-29 07:00:00,1578.0,4,11
2024-11-29 08:00:00,1633.5,4,11
2024-11-29 09:00:00,1347.0,4,11
2024-11-29 10:00:00,852.0,4,11
2024-11-29 11:00:00,1066.5,4,11
2024-11-29 12:00:00,681.0,4,11
2024-11-29 13:00:00,1033.5,4,11
2024-11-29 14:00:00,934.5,4,11
2024-11-29 15:00:00,1338.0,4,11
2024-11-29 16:00:00,1932.0,4,11
2024-11-29 17:00:00,2028.0,4,11
2024-11-29 18:00:00,2259.0,4,11
2024-11-29 19:00:00,2145.0,4,11
2024-11-29 20:00:00,2125.5,4,11
2024-11-29 21:00:00,2175.0,4,11
2024-11-29 22:00:00,1803.0,4,11
2024-11-29 23:00:00,1966.5,4,11
2024-11-30 00:00:00,2184.0,5,11
2024-11-30 01:00:00,2233.5,5,11
2024-11-30 02:00:00,2182.5,5,11
2024-11-30 03:00:00,1807.5,5,11
2024-11-30 04:00:00,2281.5,5,11
2024-11-30 05:00:00,2050.5,5,11
2024-11-30 06:00:00,2736.0,5,11
2024-11-30 07:00:00,3112.5,5,11
2024-11-30 08:00:00,2514.0,5,11
2024-11-30 09:00:00,2143.5,5,11
2024-11-30 10:00:00,2091.0,5,11
2024-11-30 11:00:00,2047.5,5,11
2024-11-30 12:00:00,2032.5,5,11
2024-11-30 13:00:00,2550.0,5,11
2024-11-30 14:00:00,2970.0,5,11
2024-11-30 15:00:00,3256.5,5,11
2024-11-30 16:00:00,4033.5,5,11
2024-11-30 17:00:00,4698.0,5,11
2024-11-30 18:00:00,4342.5,5,11
2024-11-30 19:00:00,4347.0,5,11
2024-11-30 20:00:00,4482.0,5,11
2024-11-30 21:00:00,3685.5,5,11
2024-11-30 22:00:00,4008.0,5,11
2024-11-30 23:00:00,4582.5,5,11
2024-12-01 00:00:00,4579.5,6,12
2024-12-01 01:00:00,3816.0,6,12
2024-12-01 02:00:00,4179.0,6,12
2024-12-01 03:00:00,4230.0,6,12
2024-12-01 04:00:00,4537.5,6,12
2024-12-01 05:00:00,4644.0,6,12
2024-12-01 06:00:00,4318.5,6,12
2024-12-01 07:00:00,3843.0,6,12
2024-12-01 08:00:00,2772.0,6,12
2024-12-01 09:00:00,2709.0,6,12
2024-12-01 10:00:00,2307.0,6,12
2024-12-01 11:00:00,1996.5,6,12
2024-12-01 12:00:00,1984.5,6,12
2024-12-01 13:00:00,2538.0,6,12
2024-12-01 14:00:00,2845.5,6,12
2024-12-01 15:00:00,3213.0,6,12
2024-12-01 16:00:00,3928.5,6,12
2024-12-01 17:00:00,3945.0,6,12
2024-12-01 18:00:00,4227.0,6,12
2024-12-01 19:00:00,4416.0,6,12
2024-12-01 20:00:00,4395.0,6,12
2024-12-01 21:00:00,4287.0,6,12
2024-12-01 22:00:00,4809.0,6,12
2024-12-01 23:00:00,4059.0,6,12
2024-12-02 00:00:00,4353.0,0,12
2024-12-02 01:00:00,4743.0,0,12
2024-12-02 02:00:00,3987.0,0,12
2024-12-02 03:00:00,4132.5,0,12
2024-12-02 04:00:00,4401.0,0,12
2024-12-02 05:00:00,4509.0,0,12
2024-12-02 06:00:00,3966.0,0,12
2024-12-02 07:00:00,3475.5,0,12
2024-12-02 08:00:00,2920.5,0,12
2024-12-02 09:00:00,2850.0,0,12
2024-12-02 10:00:00,2490.0,0,12
2024-12-02 11:00:00,1953.0,0,12
2024-12-02 12:00:00,2409.0,0,12
2024-12-02 13:00:00,2659.5,0,12
2024-12-02 14:00:00,2820.0,0,12
2024-12-02 15:00:00,3226.5,0,12
2024-12-02 16:00:00,4008.0,0,12
2024-12-02 17:00:00,4083.0,0,12
2024-12-02 18:00:00,4767.0,0,12
2024-12-02 19:00:00,4449.0,0,12
2024-12-02 20:00:00,3939.0,0,12
2024-12-02 21:00:00,4474.5,0,12
2024-12-02 22:00:00,3769.5,0,12
2024-12-02 23:00:00,4326.0,0,12
2024-12-03 00:00:00,4497.0,1,12
2024-12-03 01:00:00,4675.5,1,12
2024-12-03 02:00:00,4233.0,1,12
2024-12-03 03:00:00,4174.5,1,12
2024-12-03 04:00:00,4587.0,1,12
2024-12-03 05:00:00,4272.0,1,12
2024-12-03 06:00:00,4242.0,1,12
2024-12-03 07:00:00,3178.5,1,12
2024-12-03 08:00:00,3048.0,1,12
2024-12-03 09:00:00,2808.0,1,12
2024-12-03 10:00:00,2275.5,1,12
2024-12-03 11:00:00,2155.5,1,12
2024-12-03 12:00:00,2400.0,1,12
2024-12-03 13:00:00,1806.0,1,12
2024-12-03 14:00:00,2650.5,1,12
2024-12-03 15:00:00,3027.0,1,12
2024-12-03 16:00:00,3682.5,1,12
2024-12-03 17:00:00,3753.0,1,12
2024-12-03 18:00:00,3898.5,1,12
2024-12-03 19:00:00,4363.5,1,12
2024-12-03 20:00:00,4363.5,1,12
2024-12-03 21:00:00,4723.5,1,12
2024-12-03 22:00:00,4231.5,1,12
2024-12-03 23:00:00,4086.0,1,12
2024-12-04 00:00:00,4111.5,2,12
2024-12-04 01:00:00,4315.5,2,12
2024-12-04 02:00:00,4555.5,2,12
2024-12-04 03:00:00,4219.5,2,12
2024-12-04 04:00:00,4215.0,2,12
2024-12-04 05:00:00,3975.0,2,12
2024-12-04 06:00:00,4006.5,2,12
2024-12-04 07:00:00,3402.0,2,12
2024-12-04 08:00:00,2515.5,2,12
2024-12-04 09:00:00,2373.0,2,12
2024-12-04 10:00:00,2016.0,2,12
2024-12-04 11:00:00,2455.5,2,12
2024-12-04 12:00:00,2071.5,2,12
2024-12-04 13:00:00,2766.0,2,12
2024-12-04 14:00:00,2634.0,2,12
2024-12-04 15:00:00,2421.0,2,12
2024-12-04 16:00:00,2854.5,2,12
2024-12-04 17:00:00,3255.0,2,12
2024-12-04 18:00:00,3475.5,2,12
2024-12-04 19:00:00,3343.5,2,12
2024-12-04 20:00:00,3409.5,2,12
2024-12-04 21:00:00,3805.5,2,12
2024-12-04 22:00:00,4042.5,2,12
2024-12-04 23:00:00,4080.0,2,12
2024-12-05 00:00:00,3879.0,3,12
2024-12-05 01:00:00,3570.0,3,12
2024-12-05 02:00:00,3955.5,3,12
2024-12-05 03:00:00,3805.5,3,12
2024-12-05 04:00:00,3655.5,3,12
2024-12-05 05:00:00,3444.0,3,12
2024-12-05 06:00:00,2745.0,3,12
2024-12-05 07:00:00,1074.0,3,12
2024-12-05 08:00:00,67.5,3,12
2024-12-05 09:00:00,19.5,3,12
2024-12-05 10:00:00,15.0,3,12
2024-12-05 11:00:00,15.0,3,12
2024-12-05 12:00:00,3.0,3,12
2024-12-05 13:00:00,12.0,3,12
2024-12-05 14:00:00,9.0,3,12
2024-12-05 15:00:00,16.5,3,12
2024-12-05 16:00:00,66.0,3,12
2024-12-05 17:00:00,306.0,3,12
2024-12-05 18:00:00,340.5,3,12
2024-12-05 19:00:00,339.0,3,12
2024-12-05 20:00:00,442.5,3,12
2024-12-05 21:00:00,429.0,3,12
2024-12-05 22:00:00,525.0,3,12
2024-12-05 23:00:00,598.5,3,12
2024-12-06 00:00:00,444.0,4,12
2024-12-06 01:00:00,355.5,4,12
2024-12-06 02:00:00,424.5,4,12
2024-12-06 03:00:00,514.5,4,12
2024-12-06 04:00:00,633.0,4,12
2024-12-06 05:00:00,516.0,4,12
2024-12-06 06:00:00,1129.5,4,12
2024-12-06 07:00:00,1552.5,4,12
2024-12-06 08:00:00,2269.5,4,12
2024-12-06 09:00:00,2175.0,4,12
2024-12-06 10:00:00,2209.5,4,12
2024-12-06 11:00:00,2263.5,4,12
2024-12-06 12:00:00,1833.0,4,12
2024-12-06 13:00:00,2712.0,4,12
2024-12-06 14:00:00,2799.0,4,12
2024-12-06 15:00:00,2848.5,4,12
2024-12-06 16:00:00,3669.0,4,12
2024-12-06 17:00:00,4335.0,4,12
2024-12-06 18:00:00,4090.5,4,12
2024-12-06 19:00:00,3988.5,4,12
2024-12-06 20:00:00,4092.0,4,12
2024-12-06 21:00:00,4150.5,4,12
2024-12-06 22:00:00,3687.0,4,12
2024-12-06 23:00:00,3982.5,4,12
2024-12-07 00:00:00,3747.0,5,12
2024-12-07 01:00:00,4143.0,5,12
2024-12-07 02:00:00,3768.0,5,12
2024-12-07 03:00:00,3774.0,5,12
2024-12-07 04:00:00,4372.5,5,12
2024-12-07 05:00:00,4440.0,5,12
2024-12-07 06:00:00,4387.5,5,12
2024-12-07 07:00:00,3669.0,5,12
2024-12-07 08:00:00,2148.0,5,12
2024-12-07 09:00:00,913.5,5,12
2024-12-07 10:00:00,2217.0,5,12
2024-12-07 11:00:00,2722.5,5,12
2024-12-07 12:00:00,2439.0,5,12
2024-12-07 13:00:00,2842.5,5,12
2024-12-07 14:00:00,2308.5,5,12
2024-12-07 15:00:00,3652.5,5,12
2024-12-07 16:00:00,4342.5,5,12
2024-12-07 17:00:00,4521.0,5,12
2024-12-07 18:00:00,4131.0,5,12
2024-12-07 19:00:00,4387.5,5,12
2024-12-07 20:00:00,4254.0,5,12
2024-12-07 21:00:00,4522.5,5,12
2024-12-07 22:00:00,4024.5,5,12
2024-12-07 23:00:00,3694.5,5,12
2024-12-08 00:00:00,4449.0,6,12
2024-12-08 01:00:00,4135.5,6,12
2024-12-08 02:00:00,3652.5,6,12
2024-12-08 03:00:00,4204.5,6,12
2024-12-08 04:00:00,4333.5,6,12
2024-12-08 05:00:00,4027.5,6,12
2024-12-08 06:00:00,3834.0,6,12
2024-12-08 07:00:00,2833.5,6,12
2024-12-08 08:00:00,1857.0,6,12
2024-12-08 09:00:00,1917.0,6,12
2024-12-08 10:00:00,1689.0,6,12
2024-12-08 11:00:00,1351.5,6,12
2024-12-08 12:00:00,1209.0,6,12
2024-12-08 13:00:00,1380.0,6,12
2024-12-08 14:00:00,1750.5,6,12
2024-12-08 15:00:00,1794.0,6,12
2024-12-08 16:00:00,2446.5,6,12
2024-12-08 17:00:00,2805.0,6,12
2024-12-08 18:00:00,2896.5,6,12
2024-12-08 19:00:00,2920.5,6,12
2024-12-08 20:00:00,3226.5,6,12
2024-12-08 21:00:00,4284.0,6,12
2024-12-08 22:00:00,3849.0,6,12
2024-12-08 23:00:00,4305.0,6,12
2024-12-09 00:00:00,4408.5,0,12
2024-12-09 01:00:00,4510.5,0,12
2024-12-09 02:00:00,4251.0,0,12
2024-12-09 03:00:00,4266.0,0,12
2024-12-09 04:00:00,4098.0,0,12
2024-12-09 05:00:00,4065.0,0,12
2024-12-09 06:00:00,4291.5,0,12
2024-12-09 07:00:00,4017.0,0,12
2024-12-09 08:00:00,2601.0,0,12
2024-12-09 09:00:00,2508.0,0,12
2024-12-09 10:00:00,2115.0,0,12
2024-12-09 11:00:00,2217.0,0,12
2024-12-09 12:00:00,2644.5,0,12
2024-12-09 13:00:00,2395.5,0,12
2024-12-09 14:00:00,2778.0,0,12
2024-12-09 15:00:00,3133.5,0,12
2024-12-09 16:00:00,3703.5,0,12
2024-12-09 17:00:00,4126.5,0,12
2024-12-09 18:00:00,4399.5,0,12
2024-12-09 19:00:00,4663.5,0,12
2024-12-09 20:00:00,4174.5,0,12
2024-12-09 21:00:00,4210.5,0,12
2024-12-09 22:00:00,4255.5,0,12
2024-12-09 23:00:00,3678.0,0,12
2024-12-10 00:00:00,4407.0,1,12
2024-12-10 01:00:00,3772.5,1,12
2024-12-10 02:00:00,4198.5,1,12
2024-12-10 03:00:00,4165.5,1,12
2024-12-10 04:00:00,3982.5,1,12
2024-12-10 05:00:00,4078.5,1,12
2024-12-10 06:00:00,3987.0,1,12
2024-12-10 07:00:00,3433.5,1,12
2024-12-10 08:00:00,3082.5,1,12
2024-12-10 09:00:00,2962.5,1,12
2024-12-10 10:00:00,1936.5,1,12
2024-12-10 11:00:00,1545.0,1,12
2024-12-10 12:00:00,1942.5,1,12
2024-12-10 13:00:00,2806.5,1,12
2024-12-10 14:00:00,3141.0,1,12
2024-12-10 15:00:00,3771.0,1,12
2024-12-10 16:00:00,3910.5,1,12
2024-12-10 17:00:00,4504.5,1,12
2024-12-10 18:00:00,4515.0,1,12
2024-12-10 19:00:00,4275.0,1,12
2024-12-10 20:00:00,4386.0,1,12
2024-12-10 21:00:00,4245.0,1,12
2024-12-10 22:00:00,4471.5,1,12
2024-12-10 23:00:00,4375.5,1,12
2024-12-11 00:00:00,4533.0,2,12
2024-12-11 01:00:00,3930.0,2,12
2024-12-11 02:00:00,4374.0,2,12
2024-12-11 03:00:00,4390.5,2,12
2024-12-11 04:00:00,4122.0,2,12
2024-12-11 05:00:00,4522.5,2,12
2024-12-11 06:00:00,4447.5,2,12
2024-12-11 07:00:00,3945.0,2,12
2024-12-11 08:00:00,2998.5,2,12
2024-12-11 09:00:00,2982.0,2,12
2024-12-11 10:00:00,2341.5,2,12
2024-12-11 11:00:00,1656.0,2,12
2024-12-11 12:00:00,2170.5,2,12
2024-12-11 13:00:00,2640.0,2,12
2024-12-11 14:00:00,3076.5,2,12
2024-12-11 15:00:00,4015.5,2,12
2024-12-11 16:00:00,4155.0,2,12
2024-12-11 17:00:00,4623.0,2,12
2024-12-11 18:00:00,4212.0,2,12
2024-12-11 19:00:00,4068.0,2,12
2024-12-11 20:00:00,4278.0,2,12
2024-12-11 21:00:00,4548.0,2,12
2024-12-11 22:00:00,4194.0,2,12
2024-12-11 23:00:00,4335.0,2,12
2024-12-12 00:00:00,4696.5,3,12
2024-12-12 01:00:00,4140.0,3,12
2024-12-12 02:00:00,3807.0,3,12
2024-12-12 03:00:00,3834.0,3,12
2024-12-12 04:00:00,4549.5,3,12
2024-12-12 05:00:00,4545.0,3,12
2024-12-12 06:00:00,4413.0,3,12
2024-12-12 07:00:00,4228.5,3,12
2024-12-12 08:00:00,3036.0,3,12
2024-12-12 09:00:00,3082.5,3,12
2024-12-12 10:00:00,2469.0,3,12
2024-12-12 11:00:00,2761.5,3,12
2024-12-12 12:00:00,3519.0,3,12
2024-12-12 13:00:00,3013.5,3,12
2024-12-12 14:00:00,3117.0,3,12
2024-12-12 15:00:00,4033.5,3,12
2024-12-12 16:00:00,4308.0,3,12
2024-12-12 17:00:00,4674.0,3,12
2024-12-12 18:00:00,4944.0,3,12
2024-12-12 19:00:00,4539.0,3,12
2024-12-12 20:00:00,3993.0,3,12
2024-12-12 21:00:00,4648.5,3,12
2024-12-12 22:00:00,4476.0,3,12
2024-12-12 23:00:00,4248.0,3,12
2024-12-13 00:00:00,4446.0,4,12
2024-12-13 01:00:00,4063.5,4,12
2024-12-13 02:00:00,3789.0,4,12
2024-12-13 03:00:00,4042.5,4,12
2024-12-13 04:00:00,3864.0,4,12
2024-12-13 05:00:00,4563.0,4,12
2024-12-13 06:00:00,3285.0,4,12
2024-12-13 07:00:00,2515.5,4,12
2024-12-13 08:00:00,1245.0,4,12
2024-12-13 09:00:00,1350.0,4,12
2024-12-13 10:00:00,1357.5,4,12
2024-12-13 11:00:00,1273.5,4,12
2024-12-13 12:00:00,1311.0,4,12
2024-12-13 13:00:00,1366.5,4,12
2024-12-13 14:00:00,1368.0,4,12
2024-12-13 15:00:00,1620.0,4,12
2024-12-13 16:00:00,1795.5,4,12
2024-12-13 17:00:00,1851.0,4,12
2024-12-13 18:00:00,1888.5,4,12
2024-12-13 19:00:00,2082.0,4,12
2024-12-13 20:00:00,2128.5,4,12
2024-12-13 21:00:00,2248.5,4,12
2024-12-13 22:00:00,2100.0,4,12
2024-12-13 23:00:00,1905.0,4,12
2024-12-14 00:00:00,2134.5,5,12
2024-12-14 01:00:00,1974.0,5,12
2024-12-14 02:00:00,1963.5,5,12
2024-12-14 03:00:00,1804.5,5,12
2024-12-14 04:00:00,2062.5,5,12
2024-12-14 05:00:00,2442.0,5,12
2024-12-14 06:00:00,2685.0,5,12
2024-12-14 07:00:00,2343.0,5,12
2024-12-14 08:00:00,3226.5,5,12
2024-12-14 09:00:00,3535.5,5,12
2024-12-14 10:00:00,3282.0,5,12
2024-12-14 11:00:00,3781.5,5,12
2024-12-14 12:00:00,3076.5,5,12
2024-12-14 13:00:00,2434.5,5,12
2024-12-14 14:00:00,3184.5,5,12
2024-12-14 15:00:00,3636.0,5,12
2024-12-14 16:00:00,4305.0,5,12
2024-12-14 17:00:00,4459.5,5,12
2024-12-14 18:00:00,4546.5,5,12
2024-12-14 19:00:00,4459.5,5,12
2024-12-14 20:00:00,4038.0,5,12
2024-12-14 21:00:00,4305.0,5,12
2024-12-14 22:00:00,4329.0,5,12
2024-12-14 23:00:00,4501.5,5,12
2024-12-15 00:00:00,4291.5,6,12
2024-12-15 01:00:00,4525.5,6,12
2024-12-15 02:00:00,4497.0,6,12
2024-12-15 03:00:00,4416.0,6,12
2024-12-15 04:00:00,4249.5,6,12
2024-12-15 05:00:00,4491.0,6,12
2024-12-15 06:00:00,4651.5,6,12
2024-12-15 07:00:00,4183.5,6,12
2024-12-15 08:00:00,3064.5,6,12
2024-12-15 09:00:00,3193.5,6,12
2024-12-15 10:00:00,2410.5,6,12
2024-12-15 11:00:00,2709.0,6,12
2024-12-15 12:00:00,2583.0,6,12
2024-12-15 13:00:00,2167.5,6,12
2024-12-15 14:00:00,2224.5,6,12
2024-12-15 15:00:00,3604.5,6,12
2024-12-15 16:00:00,3936.0,6,12
2024-12-15 17:00:00,4248.0,6,12
2024-12-15 18:00:00,4419.0,6,12
2024-12-15 19:00:00,4429.5,6,12
2024-12-15 20:00:00,4143.0,6,12
2024-12-15 21:00:00,3985.5,6,12
2024-12-15 22:00:00,3538.5,6,12
2024-12-15 23:00:00,2689.5,6,12
2024-12-16 00:00:00,2377.5,0,12
2024-12-16 01:00:00,2772.0,0,12
2024-12-16 02:00:00,3324.0,0,12
2024-12-16 03:00:00,3847.5,0,12
2024-12-16 04:00:00,3621.0,0,12
2024-12-16 05:00:00,3763.5,0,12
2024-12-16 06:00:00,3825.0,0,12
2024-12-16 07:00:00,2986.5,0,12
2024-12-16 08:00:00,1755.0,0,12
2024-12-16 09:00:00,1800.0,0,12
2024-12-16 10:00:00,1890.0,0,12
2024-12-16 11:00:00,1431.0,0,12
2024-12-16 12:00:00,1647.0,0,12
2024-12-16 13:00:00,1656.0,0,12
2024-12-16 14:00:00,2169.0,0,12
2024-12-16 15:00:00,2479.5,0,12
2024-12-16 16:00:00,2773.5,0,12
2024-12-16 17:00:00,2769.0,0,12
2024-12-16 18:00:00,3016.5,0,12
2024-12-16 19:00:00,2862.0,0,12
2024-12-16 20:00:00,2916.0,0,12
2024-12-16 21:00:00,2841.0,0,12
2024-12-16 22:00:00,2752.5,0,12
2024-12-16 23:00:00,3123.0,0,12
2024-12-17 00:00:00,2962.5,1,12
2024-12-17 01:00:00,2730.0,1,12
2024-12-17 02:00:00,2965.5,1,12
2024-12-17 03:00:00,2490.0,1,12
2024-12-17 04:00:00,2985.0,1,12
2024-12-17 05:00:00,2827.5,1,12
2024-12-17 06:00:00,2697.0,1,12
2024-12-17 07:00:00,2125.5,1,12
2024-12-17 08:00:00,1548.0,1,12
2024-12-17 09:00:00,1806.0,1,12
2024-12-17 10:00:00,1890.0,1,12
2024-12-17 11:00:00,1476.0,1,12
2024-12-17 12:00:00,1455.0,1,12
2024-12-17 13:00:00,1867.5,1,12
2024-12-17 14:00:00,2146.5,1,12
2024-12-17 15:00:00,2436.0,1,12
2024-12-17 16:00:00,2661.0,1,12
2024-12-17 17:00:00,2962.5,1,12
2024-12-17 18:00:00,3001.5,1,12
2024-12-17 19:00:00,2715.0,1,12
2024-12-17 20:00:00,2980.5,1,12
2024-12-17 21:00:00,3018.0,1,12
2024-12-17 22:00:00,3070.5,1,12
2024-12-17 23:00:00,2766.0,1,12
2024-12-18 00:00:00,2700.0,2,12
2024-12-18 01:00:00,2913.0,2,12
2024-12-18 02:00:00,2980.5,2,12
2024-12-18 03:00:00,2983.5,2,12
2024-12-18 04:00:00,2784.0,2,12
2024-12-18 05:00:00,2283.0,2,12
2024-12-18 06:00:00,2512.5,2,12
2024-12-18 07:00:00,2061.0,2,12
2024-12-18 08:00:00,2055.0,2,12
2024-12-18 09:00:00,1590.0,2,12
2024-12-18 10:00:00,1458.0,2,12
2024-12-18 11:00:00,1548.0,2,12
2024-12-18 12:00:00,1536.0,2,12
2024-12-18 13:00:00,1716.0,2,12
2024-12-18 14:00:00,1819.5,2,12
2024-12-18 15:00:00,2193.0,2,12
2024-12-18 16:00:00,2538.0,2,12
2024-12-18 17:00:00,2944.5,2,12
2024-12-18 18:00:00,3060.0,2,12
2024-12-18 19:00:00,2871.0,2,12
2024-12-18 20:00:00,3015.0,2,12
2024-12-18 21:00:00,2941.5,2,12
2024-12-18 22:00:00,2779.5,2,12
2024-12-18 23:00:00,2965.5,2,12
2024-12-19 00:00:00,2509.5,3,12
2024-12-19 01:00:00,3000.0,3,12
2024-12-19 02:00:00,2394.0,3,12
2024-12-19 03:00:00,2725.5,3,12
2024-12-19 04:00:00,2874.0,3,12
2024-12-19 05:00:00,2893.5,3,12
2024-12-19 06:00:00,2869.5,3,12
2024-12-19 07:00:00,2397.0,3,12
2024-12-19 08:00:00,1905.0,3,12
2024-12-19 09:00:00,1893.0,3,12
2024-12-19 10:00:00,1689.0,3,12
2024-12-19 11:00:00,1542.0,3,12
2024-12-19 12:00:00,1578.0,3,12
2024-12-19 13:00:00,1504.5,3,12
2024-12-19 14:00:00,1990.5,3,12
2024-12-19 15:00:00,2142.0,3,12
2024-12-19 16:00:00,2461.5,3,12
2024-12-19 17:00:00,2718.0,3,12
2024-12-19 18:00:00,2974.5,3,12
2024-12-19 19:00:00,2568.0,3,12
2024-12-19 20:00:00,2941.5,3,12
2024-12-19 21:00:00,2536.5,3,12
2024-12-19 22:00:00,2928.0,3,12
2024-12-19 23:00:00,2971.5,3,12
2024-12-20 00:00:00,2740.5,4,12
2024-12-20 01:00:00,3015.0,4,12
2024-12-20 02:00:00,2785.5,4,12
2024-12-20 03:00:00,3064.5,4,12
2024-12-20 04:00:00,2938.5,4,12
2024-12-20 05:00:00,1731.0,4,12
2024-12-20 06:00:00,1318.5,4,12
2024-12-20 07:00:00,924.0,4,12
2024-12-20 08:00:00,453.0,4,12
2024-12-20 09:00:00,3.0,4,12
2024-12-20 10:00:00,0.0,4,12
2024-12-20 11:00:00,16.5,4,12
2024-12-20 12:00:00,1.5,4,12
2024-12-20 13:00:00,15.0,4,12
2024-12-20 14:00:00,52.5,4,12
2024-12-20 15:00:00,84.0,4,12
2024-12-20 16:00:00,247.5,4,12
2024-12-20 17:00:00,388.5,4,12
2024-12-20 18:00:00,459.0,4,12
2024-12-20 19:00:00,460.5,4,12
2024-12-20 20:00:00,510.0,4,12
2024-12-20 21:00:00,468.0,4,12
2024-12-20 22:00:00,447.0,4,12
2024-12-20 23:00:00,489.0,4,12
2024-12-21 00:00:00,471.0,5,12
2024-12-21 01:00:00,481.5,5,12
2024-12-21 02:00:00,498.0,5,12
2024-12-21 03:00:00,486.0,5,12
2024-12-21 04:00:00,657.0,5,12
2024-12-21 05:00:00,612.0,5,12
2024-12-21 06:00:00,1300.5,5,12
2024-12-21 07:00:00,1384.5,5,12
2024-12-21 08:00:00,1662.0,5,12
2024-12-21 09:00:00,1248.0,5,12
2024-12-21 10:00:00,1227.0,5,12
2024-12-21 11:00:00,1608.0,5,12
2024-12-21 12:00:00,1647.0,5,12
2024-12-21 13:00:00,1818.0,5,12
2024-12-21 14:00:00,1659.0,5,12
2024-12-21 15:00:00,2199.0,5,12
2024-12-21 16:00:00,2442.0,5,12
2024-12-21 17:00:00,2905.5,5,12
2024-12-21 18:00:00,2971.5,5,12
2024-12-21 19:00:00,2385.0,5,12
2024-12-21 20:00:00,2512.5,5,12
2024-12-21 21:00:00,2970.0,5,12
2024-12-21 22:00:00,2850.0,5,12
2024-12-21 23:00:00,2131.5,5,12
2024-12-22 00:00:00,3109.5,6,12
2024-12-22 01:00:00,2692.5,6,12
2024-12-22 02:00:00,2479.5,6,12
2024-12-22 03:00:00,2670.0,6,12
2024-12-22 04:00:00,3142.5,6,12
2024-12-22 05:00:00,1908.0,6,12
2024-12-22 06:00:00,2994.0,6,12
2024-12-22 07:00:00,2583.0,6,12
2024-12-22 08:00:00,1983.0,6,12
2024-12-22 09:00:00,2076.0,6,12
2024-12-22 10:00:00,1548.0,6,12
2024-12-22 11:00:00,1687.5,6,12
2024-12-22 12:00:00,1386.0,6,12
2024-12-22 13:00:00,1662.0,6,12
2024-12-22 14:00:00,1405.5,6,12
2024-12-22 15:00:00,2337.0,6,12
2024-12-22 16:00:00,2445.0,6,12
2024-12-22 17:00:00,2811.0,6,12
2024-12-22 18:00:00,2602.5,6,12
2024-12-22 19:00:00,2548.5,6,12
2024-12-22 20:00:00,2683.5,6,12
2024-12-22 21:00:00,2809.5,6,12
2024-12-22 22:00:00,2700.0,6,12
2024-12-22 23:00:00,2815.5,6,12
2024-12-23 00:00:00,2884.5,0,12
2024-12-23 01:00:00,2206.5,0,12
2024-12-23 02:00:00,2782.5,0,12
2024-12-23 03:00:00,2535.0,0,12
2024-12-23 04:00:00,2349.0,0,12
2024-12-23 05:00:00,2526.0,0,12
2024-12-23 06:00:00,2539.5,0,12
2024-12-23 07:00:00,1833.0,0,12
2024-12-23 08:00:00,1395.0,0,12
2024-12-23 09:00:00,1761.0,0,12
2024-12-23 10:00:00,1347.0,0,12
2024-12-23 11:00:00,1009.5,0,12
2024-12-23 12:00:00,1179.0,0,12
2024-12-23 13:00:00,1581.0,0,12
2024-12-23 14:00:00,1483.5,0,12
2024-12-23 15:00:00,1933.5,0,12
2024-12-23 16:00:00,2361.0,0,12
2024-12-23 17:00:00,2578.5,0,12
2024-12-23 18:00:00,2310.0,0,12
2024-12-23 19:00:00,2208.0,0,12
2024-12-23 20:00:00,2524.5,0,12
2024-12-23 21:00:00,2631.0,0,12
2024-12-23 22:00:00,3967.5,0,12
2024-12-23 23:00:00,4555.5,0,12
2024-12-24 00:00:00,4662.0,1,12
2024-12-24 01:00:00,4335.0,1,12
2024-12-24 02:00:00,3666.0,1,12
2024-12-24 03:00:00,2740.5,1,12
2024-12-24 04:00:00,2662.5,1,12
2024-12-24 05:00:00,2449.5,1,12
2024-12-24 06:00:00,2080.5,1,12
2024-12-24 07:00:00,1525.5,1,12
2024-12-24 08:00:00,1237.5,1,12
2024-12-24 09:00:00,1182.0,1,12
2024-12-24 10:00:00,967.5,1,12
2024-12-24 11:00:00,823.5,1,12
2024-12-24 12:00:00,934.5,1,12
2024-12-24 13:00:00,1015.5,1,12
2024-12-24 14:00:00,870.0,1,12
2024-12-24 15:00:00,1080.0,1,12
2024-12-24 16:00:00,1291.5,1,12
2024-12-24 17:00:00,1905.0,1,12
2024-12-24 18:00:00,1999.5,1,12
2024-12-24 19:00:00,1891.5,1,12
2024-12-24 20:00:00,1951.5,1,12
2024-12-24 21:00:00,1909.5,1,12
2024-12-24 22:00:00,2167.5,1,12
2024-12-24 23:00:00,1812.0,1,12
2024-12-25 00:00:00,2077.5,2,12
2024-12-25 01:00:00,2001.0,2,12
2024-12-25 02:00:00,1792.5,2,12
2024-12-25 03:00:00,1815.0,2,12
2024-12-25 04:00:00,1806.0,2,12
2024-12-25 05:00:00,1836.0,2,12
2024-12-25 06:00:00,1807.5,2,12
2024-12-25 07:00:00,1416.0,2,12
2024-12-25 08:00:00,1149.0,2,12
2024-12-25 09:00:00,856.5,2,12
2024-12-25 10:00:00,907.5,2,12
2024-12-25 11:00:00,1086.0,2,12
2024-12-25 12:00:00,622.5,2,12
2024-12-25 13:00:00,1146.0,2,12
2024-12-25 14:00:00,916.5,2,12
2024-12-25 15:00:00,1191.0,2,12
2024-12-25 16:00:00,1533.0,2,12
2024-12-25 17:00:00,1989.0,2,12
2024-12-25 18:00:00,1975.5,2,12
2024-12-25 19:00:00,1804.5,2,12
2024-12-25 20:00:00,1753.5,2,12
2024-12-25 21:00:00,2032.5,2,12
2024-12-25 22:00:00,1743.0,2,12
2024-12-25 23:00:00,1789.5,2,12
2024-12-26 00:00:00,1804.5,3,12
2024-12-26 01:00:00,1716.0,3,12
2024-12-26 02:00:00,1734.0,3,12
2024-12-26 03:00:00,1795.5,3,12
2024-12-26 04:00:00,1758.0,3,12
2024-12-26 05:00:00,2236.5,3,12
2024-12-26 06:00:00,1773.0,3,12
2024-12-26 07:00:00,1063.5,3,12
2024-12-26 08:00:00,745.5,3,12
2024-12-26 09:00:00,540.0,3,12
2024-12-26 10:00:00,456.0,3,12
2024-12-26 11:00:00,457.5,3,12
2024-12-26 12:00:00,267.0,3,12
2024-12-26 13:00:00,391.5,3,12
2024-12-26 14:00:00,603.0,3,12
2024-12-26 15:00:00,304.5,3,12
2024-12-26 16:00:00,130.5,3,12
2024-12-26 17:00:00,204.0,3,12
2024-12-26 18:00:00,160.5,3,12
2024-12-26 19:00:00,159.0,3,12
2024-12-26 20:00:00,106.5,3,12
2024-12-26 21:00:00,81.0,3,12
2024-12-26 22:00:00,133.5,3,12
2024-12-26 23:00:00,204.0,3,12
2024-12-27 00:00:00,219.0,4,12
2024-12-27 01:00:00,213.0,4,12
2024-12-27 02:00:00,219.0,4,12
2024-12-27 03:00:00,210.0,4,12
2024-12-27 04:00:00,205.5,4,12
2024-12-27 05:00:00,75.0,4,12
2024-12-27 06:00:00,61.5,4,12
2024-12-27 07:00:00,10.5,4,12
2024-12-27 08:00:00,0.0,4,12
2024-12-27 09:00:00,0.0,4,12
2024-12-27 10:00:00,0.0,4,12
2024-12-27 11:00:00,0.0,4,12
2024-12-27 12:00:00,0.0,4,12
2024-12-27 13:00:00,0.0,4,12
2024-12-27 14:00:00,0.0,4,12
2024-12-27 15:00:00,0.0,4,12
2024-12-27 16:00:00,3.0,4,12
2024-12-27 17:00:00,43.5,4,12
2024-12-27 18:00:00,63.0,4,12
2024-12-27 19:00:00,61.5,4,12
2024-12-27 20:00:00,66.0,4,12
2024-12-27 21:00:00,70.5,4,12
2024-12-27 22:00:00,63.0,4,12
2024-12-27 23:00:00,63.0,4,12
2024-12-28 00:00:00,67.5,5,12
2024-12-28 01:00:00,69.0,5,12
2024-12-28 02:00:00,60.0,5,12
2024-12-28 03:00:00,69.0,5,12
2024-12-28 04:00:00,69.0,5,12
2024-12-28 05:00:00,63.0,5,12
2024-12-28 06:00:00,54.0,5,12
2024-12-28 07:00:00,12.0,5,12
2024-12-28 08:00:00,0.0,5,12
2024-12-28 09:00:00,0.0,5,12
2024-12-28 10:00:00,0.0,5,12
2024-12-28 11:00:00,0.0,5,12
2024-12-28 12:00:00,0.0,5,12
2024-12-28 13:00:00,0.0,5,12
2024-12-28 14:00:00,0.0,5,12
2024-12-28 15:00:00,0.0,5,12
2024-12-28 16:00:00,0.0,5,12
2024-12-28 17:00:00,36.0,5,12
2024-12-28 18:00:00,70.5,5,12
2024-12-28 19:00:00,64.5,5,12
2024-12-28 20:00:00,61.5,5,12
2024-12-28 21:00:00,69.0,5,12
2024-12-28 22:00:00,63.0,5,12
2024-12-28 23:00:00,63.0,5,12
2024-12-29 00:00:00,61.5,6,12
2024-12-29 01:00:00,63.0,6,12
2024-12-29 02:00:00,63.0,6,12
2024-12-29 03:00:00,60.0,6,12
2024-12-29 04:00:00,63.0,6,12
2024-12-29 05:00:00,64.5,6,12
2024-12-29 06:00:00,52.5,6,12
2024-12-29 07:00:00,15.0,6,12
2024-12-29 08:00:00,0.0,6,12
2024-12-29 09:00:00,0.0,6,12
2024-12-29 10:00:00,0.0,6,12
2024-12-29 11:00:00,0.0,6,12
2024-12-29 12:00:00,0.0,6,12
2024-12-29 13:00:00,0.0,6,12
2024-12-29 14:00:00,0.0,6,12
2024-12-29 15:00:00,0.0,6,12
2024-12-29 16:00:00,0.0,6,12
2024-12-29 17:00:00,40.5,6,12
2024-12-29 18:00:00,76.5,6,12
2024-12-29 19:00:00,76.5,6,12
2024-12-29 20:00:00,69.0,6,12
2024-12-29 21:00:00,76.5,6,12
2024-12-29 22:00:00,76.5,6,12
2024-12-29 23:00:00,124.5,6,12
2024-12-30 00:00:00,141.0,0,12
2024-12-30 01:00:00,145.5,0,12
2024-12-30 02:00:00,138.0,0,12
2024-12-30 03:00:00,135.0,0,12
2024-12-30 04:00:00,147.0,0,12
2024-12-30 05:00:00,165.0,0,12
2024-12-30 06:00:00,145.5,0,12
2024-12-30 07:00:00,9.0,0,12
2024-12-30 08:00:00,0.0,0,12
2024-12-30 09:00:00,0.0,0,12
2024-12-30 10:00:00,0.0,0,12
2024-12-30 11:00:00,0.0,0,12
2024-12-30 12:00:00,0.0,0,12
2024-12-30 13:00:00,0.0,0,12
2024-12-30 14:00:00,0.0,0,12
2024-12-30 15:00:00,0.0,0,12
2024-12-30 16:00:00,0.0,0,12
2024-12-30 17:00:00,33.0,0,12
2024-12-30 18:00:00,76.5,0,12
2024-12-30 19:00:00,75.0,0,12
2024-12-30 20:00:00,78.0,0,12
2024-12-30 21:00:00,78.0,0,12
2024-12-30 22:00:00,69.0,0,12
2024-12-30 23:00:00,159.0,0,12
2024-12-31 00:00:00,169.5,1,12
2024-12-31 01:00:00,168.0,1,12
2024-12-31 02:00:00,168.0,1,12
2024-12-31 03:00:00,174.0,1,12
2024-12-31 04:00:00,163.5,1,12
2024-12-31 05:00:00,136.5,1,12
2024-12-31 06:00:00,117.0,1,12
2024-12-31 07:00:00,9.0,1,12
2024-12-31 08:00:00,0.0,1,12
2024-12-31 09:00:00,1.5,1,12
2024-12-31 10:00:00,0.0,1,12
2024-12-31 11:00:00,0.0,1,12
2024-12-31 12:00:00,0.0,1,12
2024-12-31 13:00:00,1.5,1,12
2024-12-31 14:00:00,0.0,1,12
2024-12-31 15:00:00,0.0,1,12
2024-12-31 16:00:00,0.0,1,12
2024-12-31 17:00:00,42.0,1,12
2024-12-31 18:00:00,66.0,1,12
2024-12-31 19:00:00,69.0,1,12
2024-12-31 20:00:00,69.0,1,12
2024-12-31 21:00:00,66.0,1,12
2024-12-31 22:00:00,69.0,1,12
2024-12-31 23:00:00,121.5,1,12
