timestamp,load,day_of_week,month,load_lag1,load_lag2
2024-01-01 00:00:00,130.5,0,1,0.0,0.0
2024-01-06 00:00:00,3409.5,5,1,3342.0,3357.0
2024-01-06 01:00:00,3426.0,5,1,3409.5,3342.0
2024-01-06 02:00:00,3375.0,5,1,3426.0,3409.5
2024-01-06 03:00:00,3154.5,5,1,3375.0,3426.0
2024-01-06 04:00:00,3324.0,5,1,3154.5,3375.0
2024-01-06 05:00:00,3246.0,5,1,3324.0,3154.5
2024-01-06 06:00:00,3240.0,5,1,3246.0,3324.0
2024-01-06 07:00:00,2875.5,5,1,3240.0,3246.0
2024-01-06 08:00:00,2241.0,5,1,2875.5,3240.0
2024-01-06 09:00:00,1633.5,5,1,2241.0,2875.5
2024-01-06 10:00:00,1395.0,5,1,1633.5,2241.0
2024-01-06 11:00:00,1249.5,5,1,1395.0,1633.5
2024-01-06 12:00:00,1507.5,5,1,1249.5,1395.0
2024-01-06 13:00:00,1651.5,5,1,1507.5,1249.5
2024-01-06 14:00:00,1615.5,5,1,1651.5,1507.5
2024-01-06 15:00:00,2437.5,5,1,1615.5,1651.5
2024-01-06 16:00:00,2776.5,5,1,2437.5,1615.5
2024-01-06 17:00:00,4168.5,5,1,2776.5,2437.5
2024-01-06 18:00:00,3955.5,5,1,4168.5,2776.5
2024-01-06 19:00:00,4285.5,5,1,3955.5,4168.5
2024-01-06 20:00:00,3808.5,5,1,4285.5,3955.5
2024-01-06 21:00:00,4492.5,5,1,3808.5,4285.5
2024-01-06 22:00:00,4422.0,5,1,4492.5,3808.5
2024-01-06 23:00:00,4315.5,5,1,4422.0,4492.5
2024-01-07 00:00:00,4393.5,6,1,4315.5,4422.0
2024-01-07 01:00:00,3907.5,6,1,4393.5,4315.5
2024-01-07 02:00:00,3829.5,6,1,3907.5,4393.5
2024-01-07 03:00:00,4338.0,6,1,3829.5,3907.5
2024-01-07 04:00:00,3721.5,6,1,4338.0,3829.5
2024-01-07 05:00:00,3784.5,6,1,3721.5,4338.0
2024-01-07 06:00:00,4414.5,6,1,3784.5,3721.5
2024-01-07 07:00:00,3592.5,6,1,4414.5,3784.5
2024-01-07 08:00:00,3253.5,6,1,3592.5,4414.5
2024-01-07 09:00:00,2586.0,6,1,3253.5,3592.5
2024-01-07 10:00:00,1782.0,6,1,2586.0,3253.5
2024-01-07 11:00:00,1422.0,6,1,1782.0,2586.0
2024-01-07 12:00:00,1638.0,6,1,1422.0,1782.0
2024-01-07 13:00:00,2403.0,6,1,1638.0,1422.0
2024-01-07 14:00:00,3126.0,6,1,2403.0,1638.0
2024-01-07 15:00:00,3147.0,6,1,3126.0,2403.0
2024-01-07 16:00:00,3486.0,6,1,3147.0,3126.0
2024-01-07 17:00:00,4344.0,6,1,3486.0,3147.0
2024-01-07 18:00:00,4440.0,6,1,4344.0,3486.0
2024-01-07 19:00:00,4317.0,6,1,4440.0,4344.0
2024-01-07 20:00:00,4141.5,6,1,4317.0,4440.0
2024-01-07 21:00:00,4192.5,6,1,4141.5,4317.0
2024-01-07 22:00:00,4011.0,6,1,4192.5,4141.5
2024-01-07 23:00:00,3982.5,6,1,4011.0,4192.5
2024-01-13 00:00:00,1900.5,5,1,1899.0,1857.0
2024-01-13 01:00:00,1926.0,5,1,1900.5,1899.0
2024-01-13 02:00:00,1923.0,5,1,1926.0,1900.5
2024-01-13 03:00:00,1986.0,5,1,1923.0,1926.0
2024-01-13 04:00:00,1920.0,5,1,1986.0,1923.0
2024-01-13 05:00:00,1918.5,5,1,1920.0,1986.0
2024-01-13 06:00:00,2110.5,5,1,1918.5,1920.0
2024-01-13 07:00:00,2254.5,5,1,2110.5,1918.5
2024-01-13 08:00:00,2229.0,5,1,2254.5,2110.5
2024-01-13 09:00:00,2149.5,5,1,2229.0,2254.5
2024-01-13 10:00:00,2187.0,5,1,2149.5,2229.0
2024-01-13 11:00:00,1722.0,5,1,2187.0,2149.5
2024-01-13 12:00:00,2068.5,5,1,1722.0,2187.0
2024-01-13 13:00:00,2518.5,5,1,2068.5,1722.0
2024-01-13 14:00:00,2641.5,5,1,2518.5,2068.5
2024-01-13 15:00:00,2995.5,5,1,2641.5,2518.5
2024-01-13 16:00:00,3846.0,5,1,2995.5,2641.5
2024-01-13 17:00:00,4401.0,5,1,3846.0,2995.5
2024-01-13 18:00:00,3969.0,5,1,4401.0,3846.0
2024-01-13 19:00:00,3955.5,5,1,3969.0,4401.0
2024-01-13 20:00:00,4485.0,5,1,3955.5,3969.0
2024-01-13 21:00:00,4486.5,5,1,4485.0,3955.5
2024-01-13 22:00:00,4366.5,5,1,4486.5,4485.0
2024-01-13 23:00:00,4204.5,5,1,4366.5,4486.5
2024-01-14 00:00:00,4555.5,6,1,4204.5,4366.5
2024-01-14 01:00:00,4410.0,6,1,4555.5,4204.5
2024-01-14 02:00:00,4470.0,6,1,4410.0,4555.5
2024-01-14 03:00:00,4105.5,6,1,4470.0,4410.0
2024-01-14 04:00:00,4018.5,6,1,4105.5,4470.0
2024-01-14 05:00:00,4546.5,6,1,4018.5,4105.5
2024-01-14 06:00:00,4338.0,6,1,4546.5,4018.5
2024-01-14 07:00:00,3915.0,6,1,4338.0,4546.5
2024-01-14 08:00:00,2935.5,6,1,3915.0,4338.0
2024-01-14 09:00:00,3189.0,6,1,2935.5,3915.0
2024-01-14 10:00:00,2799.0,6,1,3189.0,2935.5
2024-01-14 11:00:00,2626.5,6,1,2799.0,3189.0
2024-01-14 12:00:00,2634.0,6,1,2626.5,2799.0
2024-01-14 13:00:00,2772.0,6,1,2634.0,2626.5
2024-01-14 14:00:00,2713.5,6,1,2772.0,2634.0
2024-01-14 15:00:00,3180.0,6,1,2713.5,2772.0
2024-01-14 16:00:00,3777.0,6,1,3180.0,2713.5
2024-01-14 17:00:00,4080.0,6,1,3777.0,3180.0
2024-01-14 18:00:00,4527.0,6,1,4080.0,3777.0
2024-01-14 19:00:00,4456.5,6,1,4527.0,4080.0
2024-01-14 20:00:00,4360.5,6,1,4456.5,4527.0
2024-01-14 21:00:00,4285.5,6,1,4360.5,4456.5
2024-01-14 22:00:00,4126.5,6,1,4285.5,4360.5
2024-01-14 23:00:00,4617.0,6,1,4126.5,4285.5
2024-01-20 00:00:00,304.5,5,1,298.5,304.5
2024-01-20 01:00:00,289.5,5,1,304.5,298.5
2024-01-20 02:00:00,303.0,5,1,289.5,304.5
2024-01-20 03:00:00,298.5,5,1,303.0,289.5
2024-01-20 04:00:00,297.0,5,1,298.5,303.0
2024-01-20 05:00:00,307.5,5,1,297.0,298.5
2024-01-20 06:00:00,1176.0,5,1,307.5,297.0
2024-01-20 07:00:00,2388.0,5,1,1176.0,307.5
2024-01-20 08:00:00,2632.5,5,1,2388.0,1176.0
2024-01-20 09:00:00,2424.0,5,1,2632.5,2388.0
2024-01-20 10:00:00,1959.0,5,1,2424.0,2632.5
2024-01-20 11:00:00,1147.5,5,1,1959.0,2424.0
2024-01-20 12:00:00,1711.5,5,1,1147.5,1959.0
2024-01-20 13:00:00,2422.5,5,1,1711.5,1147.5
2024-01-20 14:00:00,2176.5,5,1,2422.5,1711.5
2024-01-20 15:00:00,2374.5,5,1,2176.5,2422.5
2024-01-20 16:00:00,3348.0,5,1,2374.5,2176.5
2024-01-20 17:00:00,3898.5,5,1,3348.0,2374.5
2024-01-20 18:00:00,3964.5,5,1,3898.5,3348.0
2024-01-20 19:00:00,3795.0,5,1,3964.5,3898.5
2024-01-20 20:00:00,2928.0,5,1,3795.0,3964.5
2024-01-20 21:00:00,3691.5,5,1,2928.0,3795.0
2024-01-20 22:00:00,3256.5,5,1,3691.5,2928.0
2024-01-20 23:00:00,3670.5,5,1,3256.5,3691.5
2024-01-21 00:00:00,3903.0,6,1,3670.5,3256.5
2024-01-21 01:00:00,4168.5,6,1,3903.0,3670.5
2024-01-21 02:00:00,4108.5,6,1,4168.5,3903.0
2024-01-21 03:00:00,4042.5,6,1,4108.5,4168.5
2024-01-21 04:00:00,4102.5,6,1,4042.5,4108.5
2024-01-21 05:00:00,3840.0,6,1,4102.5,4042.5
2024-01-21 06:00:00,3649.5,6,1,3840.0,4102.5
2024-01-21 07:00:00,3483.0,6,1,3649.5,3840.0
2024-01-21 08:00:00,2365.5,6,1,3483.0,3649.5
2024-01-21 09:00:00,1390.5,6,1,2365.5,3483.0
2024-01-21 10:00:00,1732.5,6,1,1390.5,2365.5
2024-01-21 11:00:00,1887.0,6,1,1732.5,1390.5
2024-01-21 12:00:00,2049.0,6,1,1887.0,1732.5
2024-01-21 13:00:00,1990.5,6,1,2049.0,1887.0
2024-01-21 14:00:00,1657.5,6,1,1990.5,2049.0
2024-01-21 15:00:00,2583.0,6,1,1657.5,1990.5
2024-01-21 16:00:00,3783.0,6,1,2583.0,1657.5
2024-01-21 17:00:00,4158.0,6,1,3783.0,2583.0
2024-01-21 18:00:00,3970.5,6,1,4158.0,3783.0
2024-01-21 19:00:00,4011.0,6,1,3970.5,4158.0
2024-01-21 20:00:00,4146.0,6,1,4011.0,3970.5
2024-01-21 21:00:00,4171.5,6,1,4146.0,4011.0
2024-01-21 22:00:00,4173.0,6,1,4171.5,4146.0
2024-01-21 23:00:00,3540.0,6,1,4173.0,4171.5
2024-01-27 00:00:00,2710.5,5,1,2494.5,2401.5
2024-01-27 01:00:00,2799.0,5,1,2710.5,2494.5
2024-01-27 02:00:00,2784.0,5,1,2799.0,2710.5
2024-01-27 03:00:00,1335.0,5,1,2784.0,2799.0
2024-01-27 04:00:00,585.0,5,1,1335.0,2784.0
2024-01-27 05:00:00,600.0,5,1,585.0,1335.0
2024-01-27 06:00:00,985.5,5,1,600.0,585.0
2024-01-27 07:00:00,906.0,5,1,985.5,600.0
2024-01-27 08:00:00,1668.0,5,1,906.0,985.5
2024-01-27 09:00:00,1272.0,5,1,1668.0,906.0
2024-01-27 10:00:00,1255.5,5,1,1272.0,1668.0
2024-01-27 11:00:00,1573.5,5,1,1255.5,1272.0
2024-01-27 12:00:00,846.0,5,1,1573.5,1255.5
2024-01-27 13:00:00,468.0,5,1,846.0,1573.5
2024-01-27 14:00:00,780.0,5,1,468.0,846.0
2024-01-27 15:00:00,1255.5,5,1,780.0,468.0
2024-01-27 16:00:00,1350.0,5,1,1255.5,780.0
2024-01-27 17:00:00,1060.5,5,1,1350.0,1255.5
2024-01-27 18:00:00,954.0,5,1,1060.5,1350.0
2024-01-27 19:00:00,919.5,5,1,954.0,1060.5
2024-01-27 20:00:00,894.0,5,1,919.5,954.0
2024-01-27 21:00:00,1296.0,5,1,894.0,919.5
2024-01-27 22:00:00,885.0,5,1,1296.0,894.0
2024-01-27 23:00:00,1872.0,5,1,885.0,1296.0
2024-01-28 00:00:00,1551.0,6,1,1872.0,885.0
2024-01-28 01:00:00,2088.0,6,1,1551.0,1872.0
2024-01-28 02:00:00,1486.5,6,1,2088.0,1551.0
2024-01-28 03:00:00,1771.5,6,1,1486.5,2088.0
2024-01-28 04:00:00,2289.0,6,1,1771.5,1486.5
2024-01-28 05:00:00,1170.0,6,1,2289.0,1771.5
2024-01-28 06:00:00,1134.0,6,1,1170.0,2289.0
2024-01-28 07:00:00,1612.5,6,1,1134.0,1170.0
2024-01-28 08:00:00,1458.0,6,1,1612.5,1134.0
2024-01-28 09:00:00,2058.0,6,1,1458.0,1612.5
2024-01-28 10:00:00,1836.0,6,1,2058.0,1458.0
2024-01-28 11:00:00,1605.0,6,1,1836.0,2058.0
2024-01-28 12:00:00,1134.0,6,1,1605.0,1836.0
2024-01-28 13:00:00,1035.0,6,1,1134.0,1605.0
2024-01-28 14:00:00,1293.0,6,1,1035.0,1134.0
2024-01-28 15:00:00,1365.0,6,1,1293.0,1035.0
2024-01-28 16:00:00,1834.5,6,1,1365.0,1293.0
2024-01-28 17:00:00,2229.0,6,1,1834.5,1365.0
2024-01-28 18:00:00,2442.0,6,1,2229.0,1834.5
2024-01-28 19:00:00,2439.0,6,1,2442.0,2229.0
2024-01-28 20:00:00,2394.0,6,1,2439.0,2442.0
2024-01-28 21:00:00,2421.0,6,1,2394.0,2439.0
2024-01-28 22:00:00,3087.0,6,1,2421.0,2394.0
2024-01-28 23:00:00,2931.0,6,1,3087.0,2421.0
2024-02-03 00:00:00,1930.5,5,2,2041.5,1980.0
2024-02-03 01:00:00,1969.5,5,2,1930.5,2041.5
2024-02-03 02:00:00,1939.5,5,2,1969.5,1930.5
2024-02-03 03:00:00,2007.0,5,2,1939.5,1969.5
2024-02-03 04:00:00,1872.0,5,2,2007.0,1939.5
2024-02-03 05:00:00,1927.5,5,2,1872.0,2007.0
2024-02-03 06:00:00,2131.5,5,2,1927.5,1872.0
2024-02-03 07:00:00,2193.0,5,2,2131.5,1927.5
2024-02-03 08:00:00,2121.0,5,2,2193.0,2131.5
2024-02-03 09:00:00,1794.0,5,2,2121.0,2193.0
2024-02-03 10:00:00,2046.0,5,2,1794.0,2121.0
2024-02-03 11:00:00,1957.5,5,2,2046.0,1794.0
2024-02-03 12:00:00,2224.5,5,2,1957.5,2046.0
2024-02-03 13:00:00,2037.0,5,2,2224.5,1957.5
2024-02-03 14:00:00,2601.0,5,2,2037.0,2224.5
2024-02-03 15:00:00,3397.5,5,2,2601.0,2037.0
2024-02-03 16:00:00,3747.0,5,2,3397.5,2601.0
2024-02-03 17:00:00,3717.0,5,2,3747.0,3397.5
2024-02-03 18:00:00,3576.0,5,2,3717.0,3747.0
2024-02-03 19:00:00,3912.0,5,2,3576.0,3717.0
2024-02-03 20:00:00,3288.0,5,2,3912.0,3576.0
2024-02-03 21:00:00,3294.0,5,2,3288.0,3912.0
2024-02-03 22:00:00,3823.5,5,2,3294.0,3288.0
2024-02-03 23:00:00,3567.0,5,2,3823.5,3294.0
2024-02-04 00:00:00,3909.0,6,2,3567.0,3823.5
2024-02-04 01:00:00,3954.0,6,2,3909.0,3567.0
2024-02-04 02:00:00,3673.5,6,2,3954.0,3909.0
2024-02-04 03:00:00,4000.5,6,2,3673.5,3954.0
2024-02-04 04:00:00,4008.0,6,2,4000.5,3673.5
2024-02-04 05:00:00,3829.5,6,2,4008.0,4000.5
2024-02-04 06:00:00,4167.0,6,2,3829.5,4008.0
2024-02-04 07:00:00,3702.0,6,2,4167.0,3829.5
2024-02-04 08:00:00,2733.0,6,2,3702.0,4167.0
2024-02-04 09:00:00,2107.5,6,2,2733.0,3702.0
2024-02-04 10:00:00,2262.0,6,2,2107.5,2733.0
2024-02-04 11:00:00,2064.0,6,2,2262.0,2107.5
2024-02-04 12:00:00,2137.5,6,2,2064.0,2262.0
2024-02-04 13:00:00,2352.0,6,2,2137.5,2064.0
2024-02-04 14:00:00,2445.0,6,2,2352.0,2137.5
2024-02-04 15:00:00,2542.5,6,2,2445.0,2352.0
2024-02-04 16:00:00,3667.5,6,2,2542.5,2445.0
2024-02-04 17:00:00,3720.0,6,2,3667.5,2542.5
2024-02-04 18:00:00,4068.0,6,2,3720.0,3667.5
2024-02-04 19:00:00,4168.5,6,2,4068.0,3720.0
2024-02-04 20:00:00,4440.0,6,2,4168.5,4068.0
2024-02-04 21:00:00,4371.0,6,2,4440.0,4168.5
2024-02-04 22:00:00,4224.0,6,2,4371.0,4440.0
2024-02-04 23:00:00,3796.5,6,2,4224.0,4371.0
2024-02-10 00:00:00,1752.0,5,2,1825.5,1549.5
2024-02-10 01:00:00,1878.0,5,2,1752.0,1825.5
2024-02-10 02:00:00,1902.0,5,2,1878.0,1752.0
2024-02-10 03:00:00,1887.0,5,2,1902.0,1878.0
2024-02-10 04:00:00,1881.0,5,2,1887.0,1902.0
2024-02-10 05:00:00,2029.5,5,2,1881.0,1887.0
2024-02-10 06:00:00,1935.0,5,2,2029.5,1881.0
2024-02-10 07:00:00,1878.0,5,2,1935.0,2029.5
2024-02-10 08:00:00,1630.5,5,2,1878.0,1935.0
2024-02-10 09:00:00,1365.0,5,2,1630.5,1878.0
2024-02-10 10:00:00,1035.0,5,2,1365.0,1630.5
2024-02-10 11:00:00,742.5,5,2,1035.0,1365.0
2024-02-10 12:00:00,895.5,5,2,742.5,1035.0
2024-02-10 13:00:00,790.5,5,2,895.5,742.5
2024-02-10 14:00:00,1080.0,5,2,790.5,895.5
2024-02-10 15:00:00,1446.0,5,2,1080.0,790.5
2024-02-10 16:00:00,1801.5,5,2,1446.0,1080.0
2024-02-10 17:00:00,2110.5,5,2,1801.5,1446.0
2024-02-10 18:00:00,2169.0,5,2,2110.5,1801.5
2024-02-10 19:00:00,2127.0,5,2,2169.0,2110.5
2024-02-10 20:00:00,2263.5,5,2,2127.0,2169.0
2024-02-10 21:00:00,2182.5,5,2,2263.5,2127.0
2024-02-10 22:00:00,2100.0,5,2,2182.5,2263.5
2024-02-10 23:00:00,2355.0,5,2,2100.0,2182.5
2024-02-11 00:00:00,2154.0,6,2,2355.0,2100.0
2024-02-11 01:00:00,2526.0,6,2,2154.0,2355.0
2024-02-11 02:00:00,2476.5,6,2,2526.0,2154.0
2024-02-11 03:00:00,2172.0,6,2,2476.5,2526.0
2024-02-11 04:00:00,2406.0,6,2,2172.0,2476.5
2024-02-11 05:00:00,2299.5,6,2,2406.0,2172.0
2024-02-11 06:00:00,2133.0,6,2,2299.5,2406.0
2024-02-11 07:00:00,1882.5,6,2,2133.0,2299.5
2024-02-11 08:00:00,1237.5,6,2,1882.5,2133.0
2024-02-11 09:00:00,1093.5,6,2,1237.5,1882.5
2024-02-11 10:00:00,957.0,6,2,1093.5,1237.5
2024-02-11 11:00:00,883.5,6,2,957.0,1093.5
2024-02-11 12:00:00,894.0,6,2,883.5,957.0
2024-02-11 13:00:00,894.0,6,2,894.0,883.5
2024-02-11 14:00:00,976.5,6,2,894.0,894.0
2024-02-11 15:00:00,1194.0,6,2,976.5,894.0
2024-02-11 16:00:00,1426.5,6,2,1194.0,976.5
2024-02-11 17:00:00,1858.5,6,2,1426.5,1194.0
2024-02-11 18:00:00,2001.0,6,2,1858.5,1426.5
2024-02-11 19:00:00,1971.0,6,2,2001.0,1858.5
2024-02-11 20:00:00,1953.0,6,2,1971.0,2001.0
2024-02-11 21:00:00,1918.5,6,2,1953.0,1971.0
2024-02-11 22:00:00,1825.5,6,2,1918.5,1953.0
2024-02-11 23:00:00,2017.5,6,2,1825.5,1918.5
2024-02-17 00:00:00,4300.5,5,2,4195.5,4177.5
2024-02-17 01:00:00,4011.0,5,2,4300.5,4195.5
2024-02-17 02:00:00,3655.5,5,2,4011.0,4300.5
2024-02-17 03:00:00,2961.0,5,2,3655.5,4011.0
2024-02-17 04:00:00,2869.5,5,2,2961.0,3655.5
2024-02-17 05:00:00,2800.5,5,2,2869.5,2961.0
2024-02-17 06:00:00,2691.0,5,2,2800.5,2869.5
2024-02-17 07:00:00,1902.0,5,2,2691.0,2800.5
2024-02-17 08:00:00,1512.0,5,2,1902.0,2691.0
2024-02-17 09:00:00,1575.0,5,2,1512.0,1902.0
2024-02-17 10:00:00,1194.0,5,2,1575.0,1512.0
2024-02-17 11:00:00,988.5,5,2,1194.0,1575.0
2024-02-17 12:00:00,1102.5,5,2,988.5,1194.0
2024-02-17 13:00:00,1546.5,5,2,1102.5,988.5
2024-02-17 14:00:00,1591.5,5,2,1546.5,1102.5
2024-02-17 15:00:00,1881.0,5,2,1591.5,1546.5
2024-02-17 16:00:00,2140.5,5,2,1881.0,1591.5
2024-02-17 17:00:00,2283.0,5,2,2140.5,1881.0
2024-02-17 18:00:00,2145.0,5,2,2283.0,2140.5
2024-02-17 19:00:00,1825.5,5,2,2145.0,2283.0
2024-02-17 20:00:00,2583.0,5,2,1825.5,2145.0
2024-02-17 21:00:00,2586.0,5,2,2583.0,1825.5
2024-02-17 22:00:00,2373.0,5,2,2586.0,2583.0
2024-02-17 23:00:00,2227.5,5,2,2373.0,2586.0
2024-02-18 00:00:00,2202.0,6,2,2227.5,2373.0
2024-02-18 01:00:00,2472.0,6,2,2202.0,2227.5
2024-02-18 02:00:00,2367.0,6,2,2472.0,2202.0
2024-02-18 03:00:00,2359.5,6,2,2367.0,2472.0
2024-02-18 04:00:00,2151.0,6,2,2359.5,2367.0
2024-02-18 05:00:00,2410.5,6,2,2151.0,2359.5
2024-02-18 06:00:00,2464.5,6,2,2410.5,2151.0
2024-02-18 07:00:00,1951.5,6,2,2464.5,2410.5
2024-02-18 08:00:00,1782.0,6,2,1951.5,2464.5
2024-02-18 09:00:00,1638.0,6,2,1782.0,1951.5
2024-02-18 10:00:00,1383.0,6,2,1638.0,1782.0
2024-02-18 11:00:00,1162.5,6,2,1383.0,1638.0
2024-02-18 12:00:00,1036.5,6,2,1162.5,1383.0
2024-02-18 13:00:00,1030.5,6,2,1036.5,1162.5
2024-02-18 14:00:00,1152.0,6,2,1030.5,1036.5
2024-02-18 15:00:00,1896.0,6,2,1152.0,1030.5
2024-02-18 16:00:00,1921.5,6,2,1896.0,1152.0
2024-02-18 17:00:00,2295.0,6,2,1921.5,1896.0
2024-02-18 18:00:00,2016.0,6,2,2295.0,1921.5
2024-02-18 19:00:00,1975.5,6,2,2016.0,2295.0
2024-02-18 20:00:00,2436.0,6,2,1975.5,2016.0
2024-02-18 21:00:00,2631.0,6,2,2436.0,1975.5
2024-02-18 22:00:00,2464.5,6,2,2631.0,2436.0
2024-02-18 23:00:00,2034.0,6,2,2464.5,2631.0
2024-02-24 00:00:00,2074.5,5,2,2058.0,2109.0
2024-02-24 01:00:00,1968.0,5,2,2074.5,2058.0
2024-02-24 02:00:00,2076.0,5,2,1968.0,2074.5
2024-02-24 03:00:00,2050.5,5,2,2076.0,1968.0
2024-02-24 04:00:00,1995.0,5,2,2050.5,2076.0
2024-02-24 05:00:00,1303.5,5,2,1995.0,2050.5
2024-02-24 06:00:00,1539.0,5,2,1303.5,1995.0
2024-02-24 07:00:00,1588.5,5,2,1539.0,1303.5
2024-02-24 08:00:00,1353.0,5,2,1588.5,1539.0
2024-02-24 09:00:00,1209.0,5,2,1353.0,1588.5
2024-02-24 10:00:00,1024.5,5,2,1209.0,1353.0
2024-02-24 11:00:00,886.5,5,2,1024.5,1209.0
2024-02-24 12:00:00,967.5,5,2,886.5,1024.5
2024-02-24 13:00:00,922.5,5,2,967.5,886.5
2024-02-24 14:00:00,1191.0,5,2,922.5,967.5
2024-02-24 15:00:00,1378.5,5,2,1191.0,922.5
2024-02-24 16:00:00,1467.0,5,2,1378.5,1191.0
2024-02-24 17:00:00,1770.0,5,2,1467.0,1378.5
2024-02-24 18:00:00,2020.5,5,2,1770.0,1467.0
2024-02-24 19:00:00,2014.5,5,2,2020.5,1770.0
2024-02-24 20:00:00,1911.0,5,2,2014.5,2020.5
2024-02-24 21:00:00,2106.0,5,2,1911.0,2014.5
2024-02-24 22:00:00,2001.0,5,2,2106.0,1911.0
2024-02-24 23:00:00,1948.5,5,2,2001.0,2106.0
2024-02-25 00:00:00,1957.5,6,2,1948.5,2001.0
2024-02-25 01:00:00,1882.5,6,2,1957.5,1948.5
2024-02-25 02:00:00,1753.5,6,2,1882.5,1957.5
2024-02-25 03:00:00,1707.0,6,2,1753.5,1882.5
2024-02-25 04:00:00,1954.5,6,2,1707.0,1753.5
2024-02-25 05:00:00,2029.5,6,2,1954.5,1707.0
2024-02-25 06:00:00,1993.5,6,2,2029.5,1954.5
2024-02-25 07:00:00,1764.0,6,2,1993.5,2029.5
2024-02-25 08:00:00,1492.5,6,2,1764.0,1993.5
2024-02-25 09:00:00,1246.5,6,2,1492.5,1764.0
2024-02-25 10:00:00,1002.0,6,2,1246.5,1492.5
2024-02-25 11:00:00,849.0,6,2,1002.0,1246.5
2024-02-25 12:00:00,744.0,6,2,849.0,1002.0
2024-02-25 13:00:00,1153.5,6,2,744.0,849.0
2024-02-25 14:00:00,1117.5,6,2,1153.5,744.0
2024-02-25 15:00:00,1326.0,6,2,1117.5,1153.5
2024-02-25 16:00:00,1149.0,6,2,1326.0,1117.5
2024-02-25 17:00:00,1263.0,6,2,1149.0,1326.0
2024-02-25 18:00:00,1363.5,6,2,1263.0,1149.0
2024-02-25 19:00:00,1471.5,6,2,1363.5,1263.0
2024-02-25 20:00:00,1782.0,6,2,1471.5,1363.5
2024-02-25 21:00:00,2046.0,6,2,1782.0,1471.5
2024-02-25 22:00:00,2094.0,6,2,2046.0,1782.0
2024-02-25 23:00:00,1944.0,6,2,2094.0,2046.0
2024-03-02 00:00:00,2515.5,5,3,1992.0,1506.0
2024-03-02 01:00:00,2610.0,5,3,2515.5,1992.0
2024-03-02 02:00:00,2578.5,5,3,2610.0,2515.5
2024-03-02 03:00:00,2557.5,5,3,2578.5,2610.0
2024-03-02 04:00:00,1935.0,5,3,2557.5,2578.5
2024-03-02 05:00:00,760.5,5,3,1935.0,2557.5
2024-03-02 06:00:00,913.5,5,3,760.5,1935.0
2024-03-02 07:00:00,1521.0,5,3,913.5,760.5
2024-03-02 08:00:00,1677.0,5,3,1521.0,913.5
2024-03-02 09:00:00,1774.5,5,3,1677.0,1521.0
2024-03-02 10:00:00,1545.0,5,3,1774.5,1677.0
2024-03-02 11:00:00,1209.0,5,3,1545.0,1774.5
2024-03-02 12:00:00,1251.0,5,3,1209.0,1545.0
2024-03-02 13:00:00,1374.0,5,3,1251.0,1209.0
2024-03-02 14:00:00,1602.0,5,3,1374.0,1251.0
2024-03-02 15:00:00,1276.5,5,3,1602.0,1374.0
2024-03-02 16:00:00,2164.5,5,3,1276.5,1602.0
2024-03-02 17:00:00,2217.0,5,3,2164.5,1276.5
2024-03-02 18:00:00,2742.0,5,3,2217.0,2164.5
2024-03-02 19:00:00,2814.0,5,3,2742.0,2217.0
2024-03-02 20:00:00,2778.0,5,3,2814.0,2742.0
2024-03-02 21:00:00,2559.0,5,3,2778.0,2814.0
2024-03-02 22:00:00,2283.0,5,3,2559.0,2778.0
2024-03-02 23:00:00,2370.0,5,3,2283.0,2559.0
2024-03-03 00:00:00,2632.5,6,3,2370.0,2283.0
2024-03-03 01:00:00,2593.5,6,3,2632.5,2370.0
2024-03-03 02:00:00,2559.0,6,3,2593.5,2632.5
2024-03-03 03:00:00,2199.0,6,3,2559.0,2593.5
2024-03-03 04:00:00,2409.0,6,3,2199.0,2559.0
2024-03-03 05:00:00,2638.5,6,3,2409.0,2199.0
2024-03-03 06:00:00,2422.5,6,3,2638.5,2409.0
2024-03-03 07:00:00,1893.0,6,3,2422.5,2638.5
2024-03-03 08:00:00,1809.0,6,3,1893.0,2422.5
2024-03-03 09:00:00,1560.0,6,3,1809.0,1893.0
2024-03-03 10:00:00,1290.0,6,3,1560.0,1809.0
2024-03-03 11:00:00,1206.0,6,3,1290.0,1560.0
2024-03-03 12:00:00,1419.0,6,3,1206.0,1290.0
2024-03-03 13:00:00,1512.0,6,3,1419.0,1206.0
2024-03-03 14:00:00,1620.0,6,3,1512.0,1419.0
2024-03-03 15:00:00,1344.0,6,3,1620.0,1512.0
2024-03-03 16:00:00,2248.5,6,3,1344.0,1620.0
2024-03-03 17:00:00,2640.0,6,3,2248.5,1344.0
2024-03-03 18:00:00,2305.5,6,3,2640.0,2248.5
2024-03-03 19:00:00,2547.0,6,3,2305.5,2640.0
2024-03-03 20:00:00,3057.0,6,3,2547.0,2305.5
2024-03-03 21:00:00,4014.0,6,3,3057.0,2547.0
2024-03-03 22:00:00,4134.0,6,3,4014.0,3057.0
2024-03-03 23:00:00,3795.0,6,3,4134.0,4014.0
2024-03-09 00:00:00,2077.5,5,3,2122.5,2094.0
2024-03-09 01:00:00,2031.0,5,3,2077.5,2122.5
2024-03-09 02:00:00,2079.0,5,3,2031.0,2077.5
2024-03-09 03:00:00,2119.5,5,3,2079.0,2031.0
2024-03-09 04:00:00,2082.0,5,3,2119.5,2079.0
2024-03-09 05:00:00,1956.0,5,3,2082.0,2119.5
2024-03-09 06:00:00,1842.0,5,3,1956.0,2082.0
2024-03-09 07:00:00,1266.0,5,3,1842.0,1956.0
2024-03-09 08:00:00,831.0,5,3,1266.0,1842.0
2024-03-09 09:00:00,1249.5,5,3,831.0,1266.0
2024-03-09 10:00:00,1218.0,5,3,1249.5,831.0
2024-03-09 11:00:00,1450.5,5,3,1218.0,1249.5
2024-03-09 12:00:00,1405.5,5,3,1450.5,1218.0
2024-03-09 13:00:00,1029.0,5,3,1405.5,1450.5
2024-03-09 14:00:00,2077.5,5,3,1029.0,1405.5
2024-03-09 15:00:00,2089.5,5,3,2077.5,1029.0
2024-03-09 16:00:00,1897.5,5,3,2089.5,2077.5
2024-03-09 17:00:00,1755.0,5,3,1897.5,2089.5
2024-03-09 18:00:00,1846.5,5,3,1755.0,1897.5
2024-03-09 19:00:00,2041.5,5,3,1846.5,1755.0
2024-03-09 20:00:00,1971.0,5,3,2041.5,1846.5
2024-03-09 21:00:00,2046.0,5,3,1971.0,2041.5
2024-03-09 22:00:00,1819.5,5,3,2046.0,1971.0
2024-03-09 23:00:00,1975.5,5,3,1819.5,2046.0
2024-03-10 00:00:00,1977.0,6,3,1975.5,1819.5
2024-03-10 01:00:00,1903.5,6,3,1977.0,1975.5
2024-03-10 02:00:00,1966.5,6,3,1903.5,1977.0
2024-03-10 03:00:00,1977.0,6,3,1966.5,1903.5
2024-03-10 04:00:00,2038.5,6,3,1977.0,1966.5
2024-03-10 05:00:00,1936.5,6,3,2038.5,1977.0
2024-03-10 06:00:00,1894.5,6,3,1936.5,2038.5
2024-03-10 07:00:00,1806.0,6,3,1894.5,1936.5
2024-03-10 08:00:00,1470.0,6,3,1806.0,1894.5
2024-03-10 09:00:00,1888.5,6,3,1470.0,1806.0
2024-03-10 10:00:00,1401.0,6,3,1888.5,1470.0
2024-03-10 11:00:00,1320.0,6,3,1401.0,1888.5
2024-03-10 12:00:00,721.5,6,3,1320.0,1401.0
2024-03-10 13:00:00,1077.0,6,3,721.5,1320.0
2024-03-10 14:00:00,1134.0,6,3,1077.0,721.5
2024-03-10 15:00:00,1389.0,6,3,1134.0,1077.0
2024-03-10 16:00:00,1452.0,6,3,1389.0,1134.0
2024-03-10 17:00:00,1690.5,6,3,1452.0,1389.0
2024-03-10 18:00:00,2004.0,6,3,1690.5,1452.0
2024-03-10 19:00:00,2074.5,6,3,2004.0,1690.5
2024-03-10 20:00:00,1990.5,6,3,2074.5,2004.0
2024-03-10 21:00:00,1965.0,6,3,1990.5,2074.5
2024-03-10 22:00:00,1915.5,6,3,1965.0,1990.5
2024-03-10 23:00:00,1887.0,6,3,1915.5,1965.0
2024-03-16 00:00:00,4479.0,5,3,4467.0,4350.0
2024-03-16 01:00:00,4344.0,5,3,4479.0,4467.0
2024-03-16 02:00:00,4351.5,5,3,4344.0,4479.0
2024-03-16 03:00:00,4299.0,5,3,4351.5,4344.0
2024-03-16 04:00:00,4504.5,5,3,4299.0,4351.5
2024-03-16 05:00:00,3373.5,5,3,4504.5,4299.0
2024-03-16 06:00:00,3808.5,5,3,3373.5,4504.5
2024-03-16 07:00:00,3681.0,5,3,3808.5,3373.5
2024-03-16 08:00:00,3130.5,5,3,3681.0,3808.5
2024-03-16 09:00:00,3595.5,5,3,3130.5,3681.0
2024-03-16 10:00:00,2922.0,5,3,3595.5,3130.5
2024-03-16 11:00:00,2659.5,5,3,2922.0,3595.5
2024-03-16 12:00:00,2586.0,5,3,2659.5,2922.0
2024-03-16 13:00:00,2827.5,5,3,2586.0,2659.5
2024-03-16 14:00:00,3967.5,5,3,2827.5,2586.0
2024-03-16 15:00:00,3747.0,5,3,3967.5,2827.5
2024-03-16 16:00:00,4212.0,5,3,3747.0,3967.5
2024-03-16 17:00:00,4339.5,5,3,4212.0,3747.0
2024-03-16 18:00:00,4453.5,5,3,4339.5,4212.0
2024-03-16 19:00:00,4686.0,5,3,4453.5,4339.5
2024-03-16 20:00:00,4677.0,5,3,4686.0,4453.5
2024-03-16 21:00:00,4440.0,5,3,4677.0,4686.0
2024-03-16 22:00:00,4623.0,5,3,4440.0,4677.0
2024-03-16 23:00:00,4104.0,5,3,4623.0,4440.0
2024-03-17 00:00:00,4492.5,6,3,4104.0,4623.0
2024-03-17 01:00:00,4669.5,6,3,4492.5,4104.0
2024-03-17 02:00:00,4531.5,6,3,4669.5,4492.5
2024-03-17 03:00:00,4182.0,6,3,4531.5,4669.5
2024-03-17 04:00:00,4503.0,6,3,4182.0,4531.5
2024-03-17 05:00:00,4207.5,6,3,4503.0,4182.0
2024-03-17 06:00:00,4495.5,6,3,4207.5,4503.0
2024-03-17 07:00:00,2307.0,6,3,4495.5,4207.5
2024-03-17 08:00:00,3031.5,6,3,2307.0,4495.5
2024-03-17 09:00:00,2908.5,6,3,3031.5,2307.0
2024-03-17 10:00:00,2407.5,6,3,2908.5,3031.5
2024-03-17 11:00:00,1918.5,6,3,2407.5,2908.5
2024-03-17 12:00:00,2265.0,6,3,1918.5,2407.5
2024-03-17 13:00:00,2487.0,6,3,2265.0,1918.5
2024-03-17 14:00:00,2920.5,6,3,2487.0,2265.0
2024-03-17 15:00:00,3199.5,6,3,2920.5,2487.0
2024-03-17 16:00:00,4131.0,6,3,3199.5,2920.5
2024-03-17 17:00:00,4372.5,6,3,4131.0,3199.5
2024-03-17 18:00:00,4560.0,6,3,4372.5,4131.0
2024-03-17 19:00:00,4234.5,6,3,4560.0,4372.5
2024-03-17 20:00:00,3934.5,6,3,4234.5,4560.0
2024-03-17 21:00:00,4401.0,6,3,3934.5,4234.5
2024-03-17 22:00:00,4495.5,6,3,4401.0,3934.5
2024-03-17 23:00:00,4419.0,6,3,4495.5,4401.0
2024-03-23 00:00:00,1857.0,5,3,2020.5,2169.0
2024-03-23 01:00:00,2217.0,5,3,1857.0,2020.5
2024-03-23 02:00:00,1824.0,5,3,2217.0,1857.0
2024-03-23 03:00:00,1372.5,5,3,1824.0,2217.0
2024-03-23 04:00:00,1783.5,5,3,1372.5,1824.0
2024-03-23 05:00:00,1554.0,5,3,1783.5,1372.5
2024-03-23 06:00:00,1177.5,5,3,1554.0,1783.5
2024-03-23 07:00:00,1174.5,5,3,1177.5,1554.0
2024-03-23 08:00:00,1041.0,5,3,1174.5,1177.5
2024-03-23 09:00:00,955.5,5,3,1041.0,1174.5
2024-03-23 10:00:00,646.5,5,3,955.5,1041.0
2024-03-23 11:00:00,700.5,5,3,646.5,955.5
2024-03-23 12:00:00,724.5,5,3,700.5,646.5
2024-03-23 13:00:00,750.0,5,3,724.5,700.5
2024-03-23 14:00:00,987.0,5,3,750.0,724.5
2024-03-23 15:00:00,1125.0,5,3,987.0,750.0
2024-03-23 16:00:00,1528.5,5,3,1125.0,987.0
2024-03-23 17:00:00,1669.5,5,3,1528.5,1125.0
2024-03-23 18:00:00,1747.5,5,3,1669.5,1528.5
2024-03-23 19:00:00,2074.5,5,3,1747.5,1669.5
2024-03-23 20:00:00,2185.5,5,3,2074.5,1747.5
2024-03-23 21:00:00,2362.5,5,3,2185.5,2074.5
2024-03-23 22:00:00,2421.0,5,3,2362.5,2185.5
2024-03-23 23:00:00,2154.0,5,3,2421.0,2362.5
2024-03-24 00:00:00,2118.0,6,3,2154.0,2421.0
2024-03-24 01:00:00,2398.5,6,3,2118.0,2154.0
2024-03-24 02:00:00,2329.5,6,3,2398.5,2118.0
2024-03-24 03:00:00,1878.0,6,3,2329.5,2398.5
2024-03-24 04:00:00,1824.0,6,3,1878.0,2329.5
2024-03-24 05:00:00,2248.5,6,3,1824.0,1878.0
2024-03-24 06:00:00,1840.5,6,3,2248.5,1824.0
2024-03-24 07:00:00,1768.5,6,3,1840.5,2248.5
2024-03-24 08:00:00,1386.0,6,3,1768.5,1840.5
2024-03-24 09:00:00,1185.0,6,3,1386.0,1768.5
2024-03-24 10:00:00,807.0,6,3,1185.0,1386.0
2024-03-24 11:00:00,732.0,6,3,807.0,1185.0
2024-03-24 12:00:00,645.0,6,3,732.0,807.0
2024-03-24 13:00:00,1072.5,6,3,645.0,732.0
2024-03-24 14:00:00,1035.0,6,3,1072.5,645.0
2024-03-24 15:00:00,1855.5,6,3,1035.0,1072.5
2024-03-24 16:00:00,2365.5,6,3,1855.5,1035.0
2024-03-24 17:00:00,2368.5,6,3,2365.5,1855.5
2024-03-24 18:00:00,2161.5,6,3,2368.5,2365.5
2024-03-24 19:00:00,2010.0,6,3,2161.5,2368.5
2024-03-24 20:00:00,2506.5,6,3,2010.0,2161.5
2024-03-24 21:00:00,2365.5,6,3,2506.5,2010.0
2024-03-24 22:00:00,2287.5,6,3,2365.5,2506.5
2024-03-24 23:00:00,2166.0,6,3,2287.5,2365.5
2024-03-30 00:00:00,1933.5,5,3,1965.0,1824.0
2024-03-30 01:00:00,1918.5,5,3,1933.5,1965.0
2024-03-30 02:00:00,1836.0,5,3,1918.5,1933.5
2024-03-30 03:00:00,2050.5,5,3,1836.0,1918.5
2024-03-30 04:00:00,2013.0,5,3,2050.5,1836.0
2024-03-30 05:00:00,1704.0,5,3,2013.0,2050.5
2024-03-30 06:00:00,1684.5,5,3,1704.0,2013.0
2024-03-30 07:00:00,1540.5,5,3,1684.5,1704.0
2024-03-30 08:00:00,1378.5,5,3,1540.5,1684.5
2024-03-30 09:00:00,1117.5,5,3,1378.5,1540.5
2024-03-30 10:00:00,1054.5,5,3,1117.5,1378.5
2024-03-30 11:00:00,826.5,5,3,1054.5,1117.5
2024-03-30 12:00:00,937.5,5,3,826.5,1054.5
2024-03-30 13:00:00,1146.0,5,3,937.5,826.5
2024-03-30 14:00:00,1348.5,5,3,1146.0,937.5
2024-03-30 15:00:00,1485.0,5,3,1348.5,1146.0
2024-03-30 16:00:00,1272.0,5,3,1485.0,1348.5
2024-03-30 17:00:00,1761.0,5,3,1272.0,1485.0
2024-03-30 18:00:00,1900.5,5,3,1761.0,1272.0
2024-03-30 19:00:00,1855.5,5,3,1900.5,1761.0
2024-03-30 20:00:00,1987.5,5,3,1855.5,1900.5
2024-03-30 21:00:00,1935.0,5,3,1987.5,1855.5
2024-03-30 22:00:00,2011.5,5,3,1935.0,1987.5
2024-03-30 23:00:00,1926.0,5,3,2011.5,1935.0
2024-03-31 00:00:00,1933.5,6,3,1926.0,2011.5
2024-03-31 01:00:00,1998.0,6,3,1933.5,1926.0
2024-03-31 02:00:00,1935.0,6,3,1998.0,1933.5
2024-03-31 03:00:00,1792.5,6,3,1935.0,1998.0
2024-03-31 04:00:00,2013.0,6,3,1792.5,1935.0
2024-03-31 05:00:00,1861.5,6,3,2013.0,1792.5
2024-03-31 06:00:00,1741.5,6,3,1861.5,2013.0
2024-03-31 07:00:00,1470.0,6,3,1741.5,1861.5
2024-03-31 08:00:00,1218.0,6,3,1470.0,1741.5
2024-03-31 09:00:00,925.5,6,3,1218.0,1470.0
2024-03-31 10:00:00,865.5,6,3,925.5,1218.0
2024-03-31 11:00:00,714.0,6,3,865.5,925.5
2024-03-31 12:00:00,736.5,6,3,714.0,865.5
2024-03-31 13:00:00,1005.0,6,3,736.5,714.0
2024-03-31 14:00:00,1497.0,6,3,1005.0,736.5
2024-03-31 15:00:00,1468.5,6,3,1497.0,1005.0
2024-03-31 16:00:00,1603.5,6,3,1468.5,1497.0
2024-03-31 17:00:00,1666.5,6,3,1603.5,1468.5
2024-03-31 18:00:00,1858.5,6,3,1666.5,1603.5
2024-03-31 19:00:00,1855.5,6,3,1858.5,1666.5
2024-03-31 20:00:00,1906.5,6,3,1855.5,1858.5
2024-03-31 21:00:00,1984.5,6,3,1906.5,1855.5
2024-03-31 22:00:00,1893.0,6,3,1984.5,1906.5
2024-03-31 23:00:00,1726.5,6,3,1893.0,1984.5
2024-04-06 00:00:00,1957.5,5,4,2008.5,1935.0
2024-04-06 01:00:00,1735.5,5,4,1957.5,2008.5
2024-04-06 02:00:00,1582.5,5,4,1735.5,1957.5
2024-04-06 03:00:00,1758.0,5,4,1582.5,1735.5
2024-04-06 04:00:00,1776.0,5,4,1758.0,1582.5
2024-04-06 05:00:00,1840.5,5,4,1776.0,1758.0
2024-04-06 06:00:00,1659.0,5,4,1840.5,1776.0
2024-04-06 07:00:00,1494.0,5,4,1659.0,1840.5
2024-04-06 08:00:00,1156.5,5,4,1494.0,1659.0
2024-04-06 09:00:00,871.5,5,4,1156.5,1494.0
2024-04-06 10:00:00,859.5,5,4,871.5,1156.5
2024-04-06 11:00:00,813.0,5,4,859.5,871.5
2024-04-06 12:00:00,693.0,5,4,813.0,859.5
2024-04-06 13:00:00,922.5,5,4,693.0,813.0
2024-04-06 14:00:00,796.5,5,4,922.5,693.0
2024-04-06 15:00:00,1297.5,5,4,796.5,922.5
2024-04-06 16:00:00,1465.5,5,4,1297.5,796.5
2024-04-06 17:00:00,1740.0,5,4,1465.5,1297.5
2024-04-06 18:00:00,1819.5,5,4,1740.0,1465.5
2024-04-06 19:00:00,1825.5,5,4,1819.5,1740.0
2024-04-06 20:00:00,1861.5,5,4,1825.5,1819.5
2024-04-06 21:00:00,1905.0,5,4,1861.5,1825.5
2024-04-06 22:00:00,1954.5,5,4,1905.0,1861.5
2024-04-06 23:00:00,1939.5,5,4,1954.5,1905.0
2024-04-07 00:00:00,1728.0,6,4,1939.5,1954.5
2024-04-07 01:00:00,1546.5,6,4,1728.0,1939.5
2024-04-07 02:00:00,1875.0,6,4,1546.5,1728.0
2024-04-07 03:00:00,1962.0,6,4,1875.0,1546.5
2024-04-07 04:00:00,1864.5,6,4,1962.0,1875.0
2024-04-07 05:00:00,1797.0,6,4,1864.5,1962.0
2024-04-07 06:00:00,1665.0,6,4,1797.0,1864.5
2024-04-07 07:00:00,1446.0,6,4,1665.0,1797.0
2024-04-07 08:00:00,1177.5,6,4,1446.0,1665.0
2024-04-07 09:00:00,949.5,6,4,1177.5,1446.0
2024-04-07 10:00:00,703.5,6,4,949.5,1177.5
2024-04-07 11:00:00,760.5,6,4,703.5,949.5
2024-04-07 12:00:00,562.5,6,4,760.5,703.5
2024-04-07 13:00:00,447.0,6,4,562.5,760.5
2024-04-07 14:00:00,556.5,6,4,447.0,562.5
2024-04-07 15:00:00,717.0,6,4,556.5,447.0
2024-04-07 16:00:00,937.5,6,4,717.0,556.5
2024-04-07 17:00:00,1306.5,6,4,937.5,717.0
2024-04-07 18:00:00,1516.5,6,4,1306.5,937.5
2024-04-07 19:00:00,1509.0,6,4,1516.5,1306.5
2024-04-07 20:00:00,1383.0,6,4,1509.0,1516.5
2024-04-07 21:00:00,1828.5,6,4,1383.0,1509.0
2024-04-07 22:00:00,1978.5,6,4,1828.5,1383.0
2024-04-07 23:00:00,1920.0,6,4,1978.5,1828.5
2024-04-13 00:00:00,124.5,5,4,124.5,124.5
2024-04-13 01:00:00,120.0,5,4,124.5,124.5
2024-04-13 02:00:00,124.5,5,4,120.0,124.5
2024-04-13 03:00:00,124.5,5,4,124.5,120.0
2024-04-13 04:00:00,120.0,5,4,124.5,124.5
2024-04-13 05:00:00,118.5,5,4,120.0,124.5
2024-04-13 06:00:00,63.0,5,4,118.5,120.0
2024-04-13 07:00:00,3.0,5,4,63.0,118.5
2024-04-13 08:00:00,0.0,5,4,3.0,63.0
2024-04-13 09:00:00,1.5,5,4,0.0,3.0
2024-04-13 10:00:00,3.0,5,4,1.5,0.0
2024-04-13 11:00:00,0.0,5,4,3.0,1.5
2024-04-13 12:00:00,0.0,5,4,0.0,3.0
2024-04-13 13:00:00,0.0,5,4,0.0,0.0
2024-04-13 14:00:00,0.0,5,4,0.0,0.0
2024-04-13 15:00:00,0.0,5,4,0.0,0.0
2024-04-13 16:00:00,9.0,5,4,0.0,0.0
2024-04-13 17:00:00,82.5,5,4,9.0,0.0
2024-04-13 18:00:00,154.5,5,4,82.5,9.0
2024-04-13 19:00:00,162.0,5,4,154.5,82.5
2024-04-13 20:00:00,154.5,5,4,162.0,154.5
2024-04-13 21:00:00,162.0,5,4,154.5,162.0
2024-04-13 22:00:00,153.0,5,4,162.0,154.5
2024-04-13 23:00:00,159.0,5,4,153.0,162.0
2024-04-14 00:00:00,159.0,6,4,159.0,153.0
2024-04-14 01:00:00,156.0,6,4,159.0,159.0
2024-04-14 02:00:00,154.5,6,4,156.0,159.0
2024-04-14 03:00:00,160.5,6,4,154.5,156.0
2024-04-14 04:00:00,157.5,6,4,160.5,154.5
2024-04-14 05:00:00,148.5,6,4,157.5,160.5
2024-04-14 06:00:00,76.5,6,4,148.5,157.5
2024-04-14 07:00:00,0.0,6,4,76.5,148.5
2024-04-14 08:00:00,0.0,6,4,0.0,76.5
2024-04-14 09:00:00,0.0,6,4,0.0,0.0
2024-04-14 10:00:00,0.0,6,4,0.0,0.0
2024-04-14 11:00:00,0.0,6,4,0.0,0.0
2024-04-14 12:00:00,0.0,6,4,0.0,0.0
2024-04-14 13:00:00,0.0,6,4,0.0,0.0
2024-04-14 14:00:00,0.0,6,4,0.0,0.0
2024-04-14 15:00:00,3.0,6,4,0.0,0.0
2024-04-14 16:00:00,7.5,6,4,3.0,0.0
2024-04-14 17:00:00,79.5,6,4,7.5,3.0
2024-04-14 18:00:00,165.0,6,4,79.5,7.5
2024-04-14 19:00:00,172.5,6,4,165.0,79.5
2024-04-14 20:00:00,160.5,6,4,172.5,165.0
2024-04-14 21:00:00,165.0,6,4,160.5,172.5
2024-04-14 22:00:00,165.0,6,4,165.0,160.5
2024-04-14 23:00:00,168.0,6,4,165.0,165.0
2024-04-15 00:00:00,163.5,0,4,168.0,165.0
2024-04-20 00:00:00,135.0,5,4,148.5,153.0
2024-04-20 01:00:00,136.5,5,4,135.0,148.5
2024-04-20 02:00:00,145.5,5,4,136.5,135.0
2024-04-20 03:00:00,141.0,5,4,145.5,136.5
2024-04-20 04:00:00,132.0,5,4,141.0,145.5
2024-04-20 05:00:00,120.0,5,4,132.0,141.0
2024-04-20 06:00:00,57.0,5,4,120.0,132.0
2024-04-20 07:00:00,1.5,5,4,57.0,120.0
2024-04-20 08:00:00,0.0,5,4,1.5,57.0
2024-04-20 09:00:00,3.0,5,4,0.0,1.5
2024-04-20 10:00:00,3.0,5,4,3.0,0.0
2024-04-20 11:00:00,3.0,5,4,3.0,3.0
2024-04-20 12:00:00,3.0,5,4,3.0,3.0
2024-04-20 13:00:00,1.5,5,4,3.0,3.0
2024-04-20 14:00:00,0.0,5,4,1.5,3.0
2024-04-20 15:00:00,4.5,5,4,0.0,1.5
2024-04-20 16:00:00,1.5,5,4,4.5,0.0
2024-04-20 17:00:00,30.0,5,4,1.5,4.5
2024-04-20 18:00:00,177.0,5,4,30.0,1.5
2024-04-20 19:00:00,202.5,5,4,177.0,30.0
2024-04-20 20:00:00,211.5,5,4,202.5,177.0
2024-04-20 21:00:00,210.0,5,4,211.5,202.5
2024-04-20 22:00:00,211.5,5,4,210.0,211.5
2024-04-20 23:00:00,204.0,5,4,211.5,210.0
2024-04-21 00:00:00,196.5,6,4,204.0,211.5
2024-04-21 01:00:00,190.5,6,4,196.5,204.0
2024-04-21 02:00:00,201.0,6,4,190.5,196.5
2024-04-21 03:00:00,198.0,6,4,201.0,190.5
2024-04-21 04:00:00,192.0,6,4,198.0,201.0
2024-04-21 05:00:00,174.0,6,4,192.0,198.0
2024-04-21 06:00:00,78.0,6,4,174.0,192.0
2024-04-21 07:00:00,0.0,6,4,78.0,174.0
2024-04-21 08:00:00,0.0,6,4,0.0,78.0
2024-04-21 09:00:00,0.0,6,4,0.0,0.0
2024-04-21 10:00:00,0.0,6,4,0.0,0.0
2024-04-21 11:00:00,0.0,6,4,0.0,0.0
2024-04-21 12:00:00,0.0,6,4,0.0,0.0
2024-04-21 13:00:00,3.0,6,4,0.0,0.0
2024-04-21 14:00:00,0.0,6,4,3.0,0.0
2024-04-21 15:00:00,0.0,6,4,0.0,3.0
2024-04-21 16:00:00,0.0,6,4,0.0,0.0
2024-04-21 17:00:00,36.0,6,4,0.0,0.0
2024-04-21 18:00:00,252.0,6,4,36.0,0.0
2024-04-21 19:00:00,223.5,6,4,252.0,36.0
2024-04-21 20:00:00,453.0,6,4,223.5,252.0
2024-04-21 21:00:00,1255.5,6,4,453.0,223.5
2024-04-21 22:00:00,2146.5,6,4,1255.5,453.0
2024-04-21 23:00:00,2566.5,6,4,2146.5,1255.5
2024-04-27 00:00:00,196.5,5,4,189.0,183.0
2024-04-27 01:00:00,177.0,5,4,196.5,189.0
2024-04-27 02:00:00,166.5,5,4,177.0,196.5
2024-04-27 03:00:00,163.5,5,4,166.5,177.0
2024-04-27 04:00:00,178.5,5,4,163.5,166.5
2024-04-27 05:00:00,159.0,5,4,178.5,163.5
2024-04-27 06:00:00,133.5,5,4,159.0,178.5
2024-04-27 07:00:00,21.0,5,4,133.5,159.0
2024-04-27 08:00:00,96.0,5,4,21.0,133.5
2024-04-27 09:00:00,843.0,5,4,96.0,21.0
2024-04-27 10:00:00,816.0,5,4,843.0,96.0
2024-04-27 11:00:00,1191.0,5,4,816.0,843.0
2024-04-27 12:00:00,1206.0,5,4,1191.0,816.0
2024-04-27 13:00:00,1332.0,5,4,1206.0,1191.0
2024-04-27 14:00:00,1758.0,5,4,1332.0,1206.0
2024-04-27 15:00:00,1920.0,5,4,1758.0,1332.0
2024-04-27 16:00:00,2041.5,5,4,1920.0,1758.0
2024-04-27 17:00:00,2745.0,5,4,2041.5,1920.0
2024-04-27 18:00:00,2131.5,5,4,2745.0,2041.5
2024-04-27 19:00:00,2523.0,5,4,2131.5,2745.0
2024-04-27 20:00:00,2602.5,5,4,2523.0,2131.5
2024-04-27 21:00:00,2532.0,5,4,2602.5,2523.0
2024-04-27 22:00:00,2433.0,5,4,2532.0,2602.5
2024-04-27 23:00:00,2559.0,5,4,2433.0,2532.0
2024-04-28 00:00:00,2764.5,6,4,2559.0,2433.0
2024-04-28 01:00:00,2133.0,6,4,2764.5,2559.0
2024-04-28 02:00:00,2863.5,6,4,2133.0,2764.5
2024-04-28 03:00:00,2808.0,6,4,2863.5,2133.0
2024-04-28 04:00:00,2911.5,6,4,2808.0,2863.5
2024-04-28 05:00:00,2605.5,6,4,2911.5,2808.0
2024-04-28 06:00:00,2283.0,6,4,2605.5,2911.5
2024-04-28 07:00:00,2211.0,6,4,2283.0,2605.5
2024-04-28 08:00:00,1668.0,6,4,2211.0,2283.0
2024-04-28 09:00:00,1515.0,6,4,1668.0,2211.0
2024-04-28 10:00:00,1212.0,6,4,1515.0,1668.0
2024-04-28 11:00:00,864.0,6,4,1212.0,1515.0
2024-04-28 12:00:00,1476.0,6,4,864.0,1212.0
2024-04-28 13:00:00,1110.0,6,4,1476.0,864.0
2024-04-28 14:00:00,922.5,6,4,1110.0,1476.0
2024-04-28 15:00:00,1495.5,6,4,922.5,1110.0
2024-04-28 16:00:00,2113.5,6,4,1495.5,922.5
2024-04-28 17:00:00,2220.0,6,4,2113.5,1495.5
2024-04-28 18:00:00,2422.5,6,4,2220.0,2113.5
2024-04-28 19:00:00,2358.0,6,4,2422.5,2220.0
2024-04-28 20:00:00,2562.0,6,4,2358.0,2422.5
2024-04-28 21:00:00,2574.0,6,4,2562.0,2358.0
2024-04-28 22:00:00,2680.5,6,4,2574.0,2562.0
2024-04-28 23:00:00,2764.5,6,4,2680.5,2574.0
2024-05-01 00:00:00,1347.0,2,5,2331.0,2694.0
2024-05-04 00:00:00,1612.5,5,5,1783.5,1833.0
2024-05-04 01:00:00,1782.0,5,5,1612.5,1783.5
2024-05-04 02:00:00,1815.0,5,5,1782.0,1612.5
2024-05-04 03:00:00,1857.0,5,5,1815.0,1782.0
2024-05-04 04:00:00,1879.5,5,5,1857.0,1815.0
2024-05-04 05:00:00,1713.0,5,5,1879.5,1857.0
2024-05-04 06:00:00,1255.5,5,5,1713.0,1879.5
2024-05-04 07:00:00,1138.5,5,5,1255.5,1713.0
2024-05-04 08:00:00,804.0,5,5,1138.5,1255.5
2024-05-04 09:00:00,541.5,5,5,804.0,1138.5
2024-05-04 10:00:00,357.0,5,5,541.5,804.0
2024-05-04 11:00:00,300.0,5,5,357.0,541.5
2024-05-04 12:00:00,636.0,5,5,300.0,357.0
2024-05-04 13:00:00,831.0,5,5,636.0,300.0
2024-05-04 14:00:00,946.5,5,5,831.0,636.0
2024-05-04 15:00:00,1117.5,5,5,946.5,831.0
2024-05-04 16:00:00,1185.0,5,5,1117.5,946.5
2024-05-04 17:00:00,1722.0,5,5,1185.0,1117.5
2024-05-04 18:00:00,1644.0,5,5,1722.0,1185.0
2024-05-04 19:00:00,916.5,5,5,1644.0,1722.0
2024-05-04 20:00:00,889.5,5,5,916.5,1644.0
2024-05-04 21:00:00,1179.0,5,5,889.5,916.5
2024-05-04 22:00:00,1293.0,5,5,1179.0,889.5
2024-05-04 23:00:00,1203.0,5,5,1293.0,1179.0
2024-05-05 00:00:00,1539.0,6,5,1203.0,1293.0
2024-05-05 01:00:00,1713.0,6,5,1539.0,1203.0
2024-05-05 02:00:00,1386.0,6,5,1713.0,1539.0
2024-05-05 03:00:00,1701.0,6,5,1386.0,1713.0
2024-05-05 04:00:00,1626.0,6,5,1701.0,1386.0
2024-05-05 05:00:00,1267.5,6,5,1626.0,1701.0
2024-05-05 06:00:00,1306.5,6,5,1267.5,1626.0
2024-05-05 07:00:00,574.5,6,5,1306.5,1267.5
2024-05-05 08:00:00,57.0,6,5,574.5,1306.5
2024-05-05 09:00:00,79.5,6,5,57.0,574.5
2024-05-05 10:00:00,447.0,6,5,79.5,57.0
2024-05-05 11:00:00,327.0,6,5,447.0,79.5
2024-05-05 12:00:00,348.0,6,5,327.0,447.0
2024-05-05 13:00:00,1045.5,6,5,348.0,327.0
2024-05-05 14:00:00,1450.5,6,5,1045.5,348.0
2024-05-05 15:00:00,1512.0,6,5,1450.5,1045.5
2024-05-05 16:00:00,1218.0,6,5,1512.0,1450.5
2024-05-05 17:00:00,1632.0,6,5,1218.0,1512.0
2024-05-05 18:00:00,1588.5,6,5,1632.0,1218.0
2024-05-05 19:00:00,1402.5,6,5,1588.5,1632.0
2024-05-05 20:00:00,1381.5,6,5,1402.5,1588.5
2024-05-05 21:00:00,1681.5,6,5,1381.5,1402.5
2024-05-05 22:00:00,1629.0,6,5,1681.5,1381.5
2024-05-05 23:00:00,1593.0,6,5,1629.0,1681.5
2024-05-11 00:00:00,2833.5,5,5,2604.0,2064.0
2024-05-11 01:00:00,2863.5,5,5,2833.5,2604.0
2024-05-11 02:00:00,2649.0,5,5,2863.5,2833.5
2024-05-11 03:00:00,2764.5,5,5,2649.0,2863.5
2024-05-11 04:00:00,2802.0,5,5,2764.5,2649.0
2024-05-11 05:00:00,2482.5,5,5,2802.0,2764.5
2024-05-11 06:00:00,2422.5,5,5,2482.5,2802.0
2024-05-11 07:00:00,2443.5,5,5,2422.5,2482.5
2024-05-11 08:00:00,2947.5,5,5,2443.5,2422.5
2024-05-11 09:00:00,2890.5,5,5,2947.5,2443.5
2024-05-11 10:00:00,2337.0,5,5,2890.5,2947.5
2024-05-11 11:00:00,2518.5,5,5,2337.0,2890.5
2024-05-11 12:00:00,2071.5,5,5,2518.5,2337.0
2024-05-11 13:00:00,1581.0,5,5,2071.5,2518.5
2024-05-11 14:00:00,2662.5,5,5,1581.0,2071.5
2024-05-11 15:00:00,2140.5,5,5,2662.5,1581.0
2024-05-11 16:00:00,2829.0,5,5,2140.5,2662.5
2024-05-11 17:00:00,3639.0,5,5,2829.0,2140.5
2024-05-11 18:00:00,3747.0,5,5,3639.0,2829.0
2024-05-11 19:00:00,3519.0,5,5,3747.0,3639.0
2024-05-11 20:00:00,3523.5,5,5,3519.0,3747.0
2024-05-11 21:00:00,3705.0,5,5,3523.5,3519.0
2024-05-11 22:00:00,3505.5,5,5,3705.0,3523.5
2024-05-11 23:00:00,3696.0,5,5,3505.5,3705.0
2024-05-12 00:00:00,3721.5,6,5,3696.0,3505.5
2024-05-12 01:00:00,3895.5,6,5,3721.5,3696.0
2024-05-12 02:00:00,3003.0,6,5,3895.5,3721.5
2024-05-12 03:00:00,2838.0,6,5,3003.0,3895.5
2024-05-12 04:00:00,3973.5,6,5,2838.0,3003.0
2024-05-12 05:00:00,3898.5,6,5,3973.5,2838.0
2024-05-12 06:00:00,3463.5,6,5,3898.5,3973.5
2024-05-12 07:00:00,3133.5,6,5,3463.5,3898.5
2024-05-12 08:00:00,1936.5,6,5,3133.5,3463.5
2024-05-12 09:00:00,2247.0,6,5,1936.5,3133.5
2024-05-12 10:00:00,1773.0,6,5,2247.0,1936.5
2024-05-12 11:00:00,1329.0,6,5,1773.0,2247.0
2024-05-12 12:00:00,1525.5,6,5,1329.0,1773.0
2024-05-12 13:00:00,1998.0,6,5,1525.5,1329.0
2024-05-12 14:00:00,2751.0,6,5,1998.0,1525.5
2024-05-12 15:00:00,2844.0,6,5,2751.0,1998.0
2024-05-12 16:00:00,3298.5,6,5,2844.0,2751.0
2024-05-12 17:00:00,3864.0,6,5,3298.5,2844.0
2024-05-12 18:00:00,4023.0,6,5,3864.0,3298.5
2024-05-12 19:00:00,3798.0,6,5,4023.0,3864.0
2024-05-12 20:00:00,3331.5,6,5,3798.0,4023.0
2024-05-12 21:00:00,4177.5,6,5,3331.5,3798.0
2024-05-12 22:00:00,4063.5,6,5,4177.5,3331.5
2024-05-12 23:00:00,3937.5,6,5,4063.5,4177.5
2024-05-18 00:00:00,171.0,5,5,213.0,228.0
2024-05-18 01:00:00,175.5,5,5,171.0,213.0
2024-05-18 02:00:00,198.0,5,5,175.5,171.0
2024-05-18 03:00:00,220.5,5,5,198.0,175.5
2024-05-18 04:00:00,168.0,5,5,220.5,198.0
2024-05-18 05:00:00,156.0,5,5,168.0,220.5
2024-05-18 06:00:00,666.0,5,5,156.0,168.0
2024-05-18 07:00:00,996.0,5,5,666.0,156.0
2024-05-18 08:00:00,1579.5,5,5,996.0,666.0
2024-05-18 09:00:00,1476.0,5,5,1579.5,996.0
2024-05-18 10:00:00,1386.0,5,5,1476.0,1579.5
2024-05-18 11:00:00,1389.0,5,5,1386.0,1476.0
2024-05-18 12:00:00,1645.5,5,5,1389.0,1386.0
2024-05-18 13:00:00,1818.0,5,5,1645.5,1389.0
2024-05-18 14:00:00,1965.0,5,5,1818.0,1645.5
2024-05-18 15:00:00,2661.0,5,5,1965.0,1818.0
2024-05-18 16:00:00,2650.5,5,5,2661.0,1965.0
2024-05-18 17:00:00,2754.0,5,5,2650.5,2661.0
2024-05-18 18:00:00,2731.5,5,5,2754.0,2650.5
2024-05-18 19:00:00,2608.5,5,5,2731.5,2754.0
2024-05-18 20:00:00,2160.0,5,5,2608.5,2731.5
2024-05-18 21:00:00,2029.5,5,5,2160.0,2608.5
2024-05-18 22:00:00,2013.0,5,5,2029.5,2160.0
2024-05-18 23:00:00,2046.0,5,5,2013.0,2029.5
2024-05-19 00:00:00,1890.0,6,5,2046.0,2013.0
2024-05-19 01:00:00,2424.0,6,5,1890.0,2046.0
2024-05-19 02:00:00,2634.0,6,5,2424.0,1890.0
2024-05-19 03:00:00,2511.0,6,5,2634.0,2424.0
2024-05-19 04:00:00,2709.0,6,5,2511.0,2634.0
2024-05-19 05:00:00,2628.0,6,5,2709.0,2511.0
2024-05-19 06:00:00,2397.0,6,5,2628.0,2709.0
2024-05-19 07:00:00,2050.5,6,5,2397.0,2628.0
2024-05-19 08:00:00,1797.0,6,5,2050.5,2397.0
2024-05-19 09:00:00,1537.5,6,5,1797.0,2050.5
2024-05-19 10:00:00,1053.0,6,5,1537.5,1797.0
2024-05-19 11:00:00,1083.0,6,5,1053.0,1537.5
2024-05-19 12:00:00,1212.0,6,5,1083.0,1053.0
2024-05-19 13:00:00,1176.0,6,5,1212.0,1083.0
2024-05-19 14:00:00,1267.5,6,5,1176.0,1212.0
2024-05-19 15:00:00,2226.0,6,5,1267.5,1176.0
2024-05-19 16:00:00,2176.5,6,5,2226.0,1267.5
2024-05-19 17:00:00,2706.0,6,5,2176.5,2226.0
2024-05-19 18:00:00,2278.5,6,5,2706.0,2176.5
2024-05-19 19:00:00,2704.5,6,5,2278.5,2706.0
2024-05-19 20:00:00,2529.0,6,5,2704.5,2278.5
2024-05-19 21:00:00,2707.5,6,5,2529.0,2704.5
2024-05-19 22:00:00,2425.5,6,5,2707.5,2529.0
2024-05-19 23:00:00,2833.5,6,5,2425.5,2707.5
2024-05-22 00:00:00,4039.5,2,5,4242.0,4033.5
2024-05-25 00:00:00,1429.5,5,5,1408.5,1441.5
2024-05-25 01:00:00,1441.5,5,5,1429.5,1408.5
2024-05-25 02:00:00,1477.5,5,5,1441.5,1429.5
2024-05-25 03:00:00,1770.0,5,5,1477.5,1441.5
2024-05-25 04:00:00,1648.5,5,5,1770.0,1477.5
2024-05-25 05:00:00,1744.5,5,5,1648.5,1770.0
2024-05-25 06:00:00,1272.0,5,5,1744.5,1648.5
2024-05-25 07:00:00,972.0,5,5,1272.0,1744.5
2024-05-25 08:00:00,547.5,5,5,972.0,1272.0
2024-05-25 09:00:00,721.5,5,5,547.5,972.0
2024-05-25 10:00:00,762.0,5,5,721.5,547.5
2024-05-25 11:00:00,754.5,5,5,762.0,721.5
2024-05-25 12:00:00,690.0,5,5,754.5,762.0
2024-05-25 13:00:00,411.0,5,5,690.0,754.5
2024-05-25 14:00:00,427.5,5,5,411.0,690.0
2024-05-25 15:00:00,760.5,5,5,427.5,411.0
2024-05-25 16:00:00,792.0,5,5,760.5,427.5
2024-05-25 17:00:00,1317.0,5,5,792.0,760.5
2024-05-25 18:00:00,1543.5,5,5,1317.0,792.0
2024-05-25 19:00:00,1657.5,5,5,1543.5,1317.0
2024-05-25 20:00:00,1569.0,5,5,1657.5,1543.5
2024-05-25 21:00:00,1713.0,5,5,1569.0,1657.5
2024-05-25 22:00:00,1711.5,5,5,1713.0,1569.0
2024-05-25 23:00:00,1378.5,5,5,1711.5,1713.0
2024-05-26 00:00:00,916.5,6,5,1378.5,1711.5
2024-05-26 01:00:00,903.0,6,5,916.5,1378.5
2024-05-26 02:00:00,901.5,6,5,903.0,916.5
2024-05-26 03:00:00,904.5,6,5,901.5,903.0
2024-05-26 04:00:00,886.5,6,5,904.5,901.5
2024-05-26 05:00:00,855.0,6,5,886.5,904.5
2024-05-26 06:00:00,639.0,6,5,855.0,886.5
2024-05-26 07:00:00,324.0,6,5,639.0,855.0
2024-05-26 08:00:00,25.5,6,5,324.0,639.0
2024-05-26 09:00:00,21.0,6,5,25.5,324.0
2024-05-26 10:00:00,48.0,6,5,21.0,25.5
2024-05-26 11:00:00,58.5,6,5,48.0,21.0
2024-05-26 12:00:00,24.0,6,5,58.5,48.0
2024-05-26 13:00:00,18.0,6,5,24.0,58.5
2024-05-26 14:00:00,22.5,6,5,18.0,24.0
2024-05-26 15:00:00,33.0,6,5,22.5,18.0
2024-05-26 16:00:00,37.5,6,5,33.0,22.5
2024-05-26 17:00:00,114.0,6,5,37.5,33.0
2024-05-26 18:00:00,199.5,6,5,114.0,37.5
2024-05-26 19:00:00,207.0,6,5,199.5,114.0
2024-05-26 20:00:00,235.5,6,5,207.0,199.5
2024-05-26 21:00:00,226.5,6,5,235.5,207.0
2024-05-26 22:00:00,238.5,6,5,226.5,235.5
2024-05-26 23:00:00,262.5,6,5,238.5,226.5
2024-06-01 00:00:00,273.0,5,6,282.0,277.5
2024-06-01 01:00:00,255.0,5,6,273.0,282.0
2024-06-01 02:00:00,264.0,5,6,255.0,273.0
2024-06-01 03:00:00,270.0,5,6,264.0,255.0
2024-06-01 04:00:00,268.5,5,6,270.0,264.0
2024-06-01 05:00:00,261.0,5,6,268.5,270.0
2024-06-01 06:00:00,157.5,5,6,261.0,268.5
2024-06-01 07:00:00,15.0,5,6,157.5,261.0
2024-06-01 08:00:00,3.0,5,6,15.0,157.5
2024-06-01 09:00:00,6.0,5,6,3.0,15.0
2024-06-01 10:00:00,6.0,5,6,6.0,3.0
2024-06-01 11:00:00,6.0,5,6,6.0,6.0
2024-06-01 12:00:00,0.0,5,6,6.0,6.0
2024-06-01 13:00:00,9.0,5,6,0.0,6.0
2024-06-01 14:00:00,6.0,5,6,9.0,0.0
2024-06-01 15:00:00,15.0,5,6,6.0,9.0
2024-06-01 16:00:00,79.5,5,6,15.0,6.0
2024-06-01 17:00:00,121.5,5,6,79.5,15.0
2024-06-01 18:00:00,252.0,5,6,121.5,79.5
2024-06-01 19:00:00,273.0,5,6,252.0,121.5
2024-06-01 20:00:00,273.0,5,6,273.0,252.0
2024-06-01 21:00:00,274.5,5,6,273.0,273.0
2024-06-01 22:00:00,277.5,5,6,274.5,273.0
2024-06-01 23:00:00,276.0,5,6,277.5,274.5
2024-06-02 00:00:00,277.5,6,6,276.0,277.5
2024-06-02 01:00:00,264.0,6,6,277.5,276.0
2024-06-02 02:00:00,189.0,6,6,264.0,277.5
2024-06-02 03:00:00,163.5,6,6,189.0,264.0
2024-06-02 04:00:00,159.0,6,6,163.5,189.0
2024-06-02 05:00:00,141.0,6,6,159.0,163.5
2024-06-02 06:00:00,60.0,6,6,141.0,159.0
2024-06-02 07:00:00,0.0,6,6,60.0,141.0
2024-06-02 08:00:00,3.0,6,6,0.0,60.0
2024-06-02 09:00:00,0.0,6,6,3.0,0.0
2024-06-02 10:00:00,0.0,6,6,0.0,3.0
2024-06-02 11:00:00,4.5,6,6,0.0,0.0
2024-06-02 12:00:00,0.0,6,6,4.5,0.0
2024-06-02 13:00:00,1.5,6,6,0.0,4.5
2024-06-02 14:00:00,6.0,6,6,1.5,0.0
2024-06-02 15:00:00,13.5,6,6,6.0,1.5
2024-06-02 16:00:00,21.0,6,6,13.5,6.0
2024-06-02 17:00:00,30.0,6,6,21.0,13.5
2024-06-02 18:00:00,147.0,6,6,30.0,21.0
2024-06-02 19:00:00,166.5,6,6,147.0,30.0
2024-06-02 20:00:00,160.5,6,6,166.5,147.0
2024-06-02 21:00:00,168.0,6,6,160.5,166.5
2024-06-02 22:00:00,166.5,6,6,168.0,160.5
2024-06-02 23:00:00,171.0,6,6,166.5,168.0
2024-06-03 00:00:00,166.5,0,6,171.0,166.5
2024-06-08 00:00:00,351.0,5,6,360.0,360.0
2024-06-08 01:00:00,327.0,5,6,351.0,360.0
2024-06-08 02:00:00,327.0,5,6,327.0,351.0
2024-06-08 03:00:00,339.0,5,6,327.0,327.0
2024-06-08 04:00:00,310.5,5,6,339.0,327.0
2024-06-08 05:00:00,240.0,5,6,310.5,339.0
2024-06-08 06:00:00,120.0,5,6,240.0,310.5
2024-06-08 07:00:00,7.5,5,6,120.0,240.0
2024-06-08 08:00:00,3.0,5,6,7.5,120.0
2024-06-08 09:00:00,7.5,5,6,3.0,7.5
2024-06-08 10:00:00,7.5,5,6,7.5,3.0
2024-06-08 11:00:00,7.5,5,6,7.5,7.5
2024-06-08 12:00:00,3.0,5,6,7.5,7.5
2024-06-08 13:00:00,6.0,5,6,3.0,7.5
2024-06-08 14:00:00,7.5,5,6,6.0,3.0
2024-06-08 15:00:00,9.0,5,6,7.5,6.0
2024-06-08 16:00:00,51.0,5,6,9.0,7.5
2024-06-08 17:00:00,66.0,5,6,51.0,9.0
2024-06-08 18:00:00,153.0,5,6,66.0,51.0
2024-06-08 19:00:00,169.5,5,6,153.0,66.0
2024-06-08 20:00:00,165.0,5,6,169.5,153.0
2024-06-08 21:00:00,171.0,5,6,165.0,169.5
2024-06-08 22:00:00,168.0,5,6,171.0,165.0
2024-06-08 23:00:00,168.0,5,6,168.0,171.0
2024-06-09 00:00:00,168.0,6,6,168.0,168.0
2024-06-09 01:00:00,153.0,6,6,168.0,168.0
2024-06-09 02:00:00,160.5,6,6,153.0,168.0
2024-06-09 03:00:00,153.0,6,6,160.5,153.0
2024-06-09 04:00:00,151.5,6,6,153.0,160.5
2024-06-09 05:00:00,142.5,6,6,151.5,153.0
2024-06-09 06:00:00,46.5,6,6,142.5,151.5
2024-06-09 07:00:00,4.5,6,6,46.5,142.5
2024-06-09 08:00:00,0.0,6,6,4.5,46.5
2024-06-09 09:00:00,3.0,6,6,0.0,4.5
2024-06-09 10:00:00,6.0,6,6,3.0,0.0
2024-06-09 11:00:00,6.0,6,6,6.0,3.0
2024-06-09 12:00:00,0.0,6,6,6.0,6.0
2024-06-09 13:00:00,6.0,6,6,0.0,6.0
2024-06-09 14:00:00,3.0,6,6,6.0,0.0
2024-06-09 15:00:00,45.0,6,6,3.0,6.0
2024-06-09 16:00:00,100.5,6,6,45.0,3.0
2024-06-09 17:00:00,147.0,6,6,100.5,45.0
2024-06-09 18:00:00,151.5,6,6,147.0,100.5
2024-06-09 19:00:00,147.0,6,6,151.5,147.0
2024-06-09 20:00:00,162.0,6,6,147.0,151.5
2024-06-09 21:00:00,165.0,6,6,162.0,147.0
2024-06-09 22:00:00,171.0,6,6,165.0,162.0
2024-06-09 23:00:00,171.0,6,6,171.0,165.0
2024-06-15 00:00:00,163.5,5,6,181.5,187.5
2024-06-15 01:00:00,163.5,5,6,163.5,181.5
2024-06-15 02:00:00,172.5,5,6,163.5,163.5
2024-06-15 03:00:00,177.0,5,6,172.5,163.5
2024-06-15 04:00:00,174.0,5,6,177.0,172.5
2024-06-15 05:00:00,144.0,5,6,174.0,177.0
2024-06-15 06:00:00,130.5,5,6,144.0,174.0
2024-06-15 07:00:00,129.0,5,6,130.5,144.0
2024-06-15 08:00:00,262.5,5,6,129.0,130.5
2024-06-15 09:00:00,265.5,5,6,262.5,129.0
2024-06-15 10:00:00,268.5,5,6,265.5,262.5
2024-06-15 11:00:00,265.5,5,6,268.5,265.5
2024-06-15 12:00:00,250.5,5,6,265.5,268.5
2024-06-15 13:00:00,264.0,5,6,250.5,265.5
2024-06-15 14:00:00,297.0,5,6,264.0,250.5
2024-06-15 15:00:00,345.0,5,6,297.0,264.0
2024-06-15 16:00:00,283.5,5,6,345.0,297.0
2024-06-15 17:00:00,132.0,5,6,283.5,345.0
2024-06-15 18:00:00,198.0,5,6,132.0,283.5
2024-06-15 19:00:00,196.5,5,6,198.0,132.0
2024-06-15 20:00:00,193.5,5,6,196.5,198.0
2024-06-15 21:00:00,199.5,5,6,193.5,196.5
2024-06-15 22:00:00,168.0,5,6,199.5,193.5
2024-06-15 23:00:00,147.0,5,6,168.0,199.5
2024-06-16 00:00:00,136.5,6,6,147.0,168.0
2024-06-16 01:00:00,133.5,6,6,136.5,147.0
2024-06-16 02:00:00,139.5,6,6,133.5,136.5
2024-06-16 03:00:00,147.0,6,6,139.5,133.5
2024-06-16 04:00:00,126.0,6,6,147.0,139.5
2024-06-16 05:00:00,111.0,6,6,126.0,147.0
2024-06-16 06:00:00,180.0,6,6,111.0,126.0
2024-06-16 07:00:00,159.0,6,6,180.0,111.0
2024-06-16 08:00:00,298.5,6,6,159.0,180.0
2024-06-16 09:00:00,294.0,6,6,298.5,159.0
2024-06-16 10:00:00,282.0,6,6,294.0,298.5
2024-06-16 11:00:00,337.5,6,6,282.0,294.0
2024-06-16 12:00:00,316.5,6,6,337.5,282.0
2024-06-16 13:00:00,303.0,6,6,316.5,337.5
2024-06-16 14:00:00,318.0,6,6,303.0,316.5
2024-06-16 15:00:00,246.0,6,6,318.0,303.0
2024-06-16 16:00:00,166.5,6,6,246.0,318.0
2024-06-16 17:00:00,195.0,6,6,166.5,246.0
2024-06-16 18:00:00,403.5,6,6,195.0,166.5
2024-06-16 19:00:00,552.0,6,6,403.5,195.0
2024-06-16 20:00:00,1669.5,6,6,552.0,403.5
2024-06-16 21:00:00,3082.5,6,6,1669.5,552.0
2024-06-16 22:00:00,3535.5,6,6,3082.5,1669.5
2024-06-16 23:00:00,3817.5,6,6,3535.5,3082.5
2024-06-22 00:00:00,2671.5,5,6,2727.0,2887.5
2024-06-22 01:00:00,2163.0,5,6,2671.5,2727.0
2024-06-22 02:00:00,2550.0,5,6,2163.0,2671.5
2024-06-22 03:00:00,2760.0,5,6,2550.0,2163.0
2024-06-22 04:00:00,2686.5,5,6,2760.0,2550.0
2024-06-22 05:00:00,2877.0,5,6,2686.5,2760.0
2024-06-22 06:00:00,2745.0,5,6,2877.0,2686.5
2024-06-22 07:00:00,2583.0,5,6,2745.0,2877.0
2024-06-22 08:00:00,2245.5,5,6,2583.0,2745.0
2024-06-22 09:00:00,2286.0,5,6,2245.5,2583.0
2024-06-22 10:00:00,1879.5,5,6,2286.0,2245.5
2024-06-22 11:00:00,1996.5,5,6,1879.5,2286.0
2024-06-22 12:00:00,2139.0,5,6,1996.5,1879.5
2024-06-22 13:00:00,1870.5,5,6,2139.0,1996.5
2024-06-22 14:00:00,2589.0,5,6,1870.5,2139.0
2024-06-22 15:00:00,2677.5,5,6,2589.0,1870.5
2024-06-22 16:00:00,2544.0,5,6,2677.5,2589.0
2024-06-22 17:00:00,2526.0,5,6,2544.0,2677.5
2024-06-22 18:00:00,2595.0,5,6,2526.0,2544.0
2024-06-22 19:00:00,2355.0,5,6,2595.0,2526.0
2024-06-22 20:00:00,2680.5,5,6,2355.0,2595.0
2024-06-22 21:00:00,2607.0,5,6,2680.5,2355.0
2024-06-22 22:00:00,2658.0,5,6,2607.0,2680.5
2024-06-22 23:00:00,1495.5,5,6,2658.0,2607.0
2024-06-23 00:00:00,1197.0,6,6,1495.5,2658.0
2024-06-23 01:00:00,876.0,6,6,1197.0,1495.5
2024-06-23 02:00:00,2506.5,6,6,876.0,1197.0
2024-06-23 03:00:00,2272.5,6,6,2506.5,876.0
2024-06-23 04:00:00,2850.0,6,6,2272.5,2506.5
2024-06-23 05:00:00,2022.0,6,6,2850.0,2272.5
2024-06-23 06:00:00,1161.0,6,6,2022.0,2850.0
2024-06-23 07:00:00,1092.0,6,6,1161.0,2022.0
2024-06-23 08:00:00,2517.0,6,6,1092.0,1161.0
2024-06-23 09:00:00,3534.0,6,6,2517.0,1092.0
2024-06-23 10:00:00,3703.5,6,6,3534.0,2517.0
2024-06-23 11:00:00,4056.0,6,6,3703.5,3534.0
2024-06-23 12:00:00,4429.5,6,6,4056.0,3703.5
2024-06-23 13:00:00,4506.0,6,6,4429.5,4056.0
2024-06-23 14:00:00,4426.5,6,6,4506.0,4429.5
2024-06-23 15:00:00,3802.5,6,6,4426.5,4506.0
2024-06-23 16:00:00,4143.0,6,6,3802.5,4426.5
2024-06-23 17:00:00,4353.0,6,6,4143.0,3802.5
2024-06-23 18:00:00,4470.0,6,6,4353.0,4143.0
2024-06-23 19:00:00,4501.5,6,6,4470.0,4353.0
2024-06-23 20:00:00,4420.5,6,6,4501.5,4470.0
2024-06-23 21:00:00,4327.5,6,6,4420.5,4501.5
2024-06-23 22:00:00,4386.0,6,6,4327.5,4420.5
2024-06-23 23:00:00,4326.0,6,6,4386.0,4327.5
2024-06-29 00:00:00,2634.0,5,6,2728.5,2601.0
2024-06-29 01:00:00,2559.0,5,6,2634.0,2728.5
2024-06-29 02:00:00,2461.5,5,6,2559.0,2634.0
2024-06-29 03:00:00,2608.5,5,6,2461.5,2559.0
2024-06-29 04:00:00,2049.0,5,6,2608.5,2461.5
2024-06-29 05:00:00,490.5,5,6,2049.0,2608.5
2024-06-29 06:00:00,348.0,5,6,490.5,2049.0
2024-06-29 07:00:00,139.5,5,6,348.0,490.5
2024-06-29 08:00:00,910.5,5,6,139.5,348.0
2024-06-29 09:00:00,1329.0,5,6,910.5,139.5
2024-06-29 10:00:00,1362.0,5,6,1329.0,910.5
2024-06-29 11:00:00,1317.0,5,6,1362.0,1329.0
2024-06-29 12:00:00,1542.0,5,6,1317.0,1362.0
2024-06-29 13:00:00,1281.0,5,6,1542.0,1317.0
2024-06-29 14:00:00,1410.0,5,6,1281.0,1542.0
2024-06-29 15:00:00,1854.0,5,6,1410.0,1281.0
2024-06-29 16:00:00,2283.0,5,6,1854.0,1410.0
2024-06-29 17:00:00,2553.0,5,6,2283.0,1854.0
2024-06-29 18:00:00,2802.0,5,6,2553.0,2283.0
2024-06-29 19:00:00,2862.0,5,6,2802.0,2553.0
2024-06-29 20:00:00,2790.0,5,6,2862.0,2802.0
2024-06-29 21:00:00,2640.0,5,6,2790.0,2862.0
2024-06-29 22:00:00,2668.5,5,6,2640.0,2790.0
2024-06-29 23:00:00,2296.5,5,6,2668.5,2640.0
2024-06-30 00:00:00,2997.0,6,6,2296.5,2668.5
2024-06-30 01:00:00,2814.0,6,6,2997.0,2296.5
2024-06-30 02:00:00,2862.0,6,6,2814.0,2997.0
2024-06-30 03:00:00,2871.0,6,6,2862.0,2814.0
2024-06-30 04:00:00,2772.0,6,6,2871.0,2862.0
2024-06-30 05:00:00,2800.5,6,6,2772.0,2871.0
2024-06-30 06:00:00,2703.0,6,6,2800.5,2772.0
2024-06-30 07:00:00,2335.5,6,6,2703.0,2800.5
2024-06-30 08:00:00,1230.0,6,6,2335.5,2703.0
2024-06-30 09:00:00,1249.5,6,6,1230.0,2335.5
2024-06-30 10:00:00,1758.0,6,6,1249.5,1230.0
2024-06-30 11:00:00,1752.0,6,6,1758.0,1249.5
2024-06-30 12:00:00,1674.0,6,6,1752.0,1758.0
2024-06-30 13:00:00,2707.5,6,6,1674.0,1752.0
2024-06-30 14:00:00,2665.5,6,6,2707.5,1674.0
2024-06-30 15:00:00,2391.0,6,6,2665.5,2707.5
2024-06-30 16:00:00,2742.0,6,6,2391.0,2665.5
2024-06-30 17:00:00,2704.5,6,6,2742.0,2391.0
2024-06-30 18:00:00,2887.5,6,6,2704.5,2742.0
2024-06-30 19:00:00,2854.5,6,6,2887.5,2704.5
2024-06-30 20:00:00,2860.5,6,6,2854.5,2887.5
2024-06-30 21:00:00,2616.0,6,6,2860.5,2854.5
2024-06-30 22:00:00,2463.0,6,6,2616.0,2860.5
2024-06-30 23:00:00,2578.5,6,6,2463.0,2616.0
2024-07-06 00:00:00,249.0,5,7,250.5,244.5
2024-07-06 01:00:00,268.5,5,7,249.0,250.5
2024-07-06 02:00:00,289.5,5,7,268.5,249.0
2024-07-06 03:00:00,304.5,5,7,289.5,268.5
2024-07-06 04:00:00,300.0,5,7,304.5,289.5
2024-07-06 05:00:00,277.5,5,7,300.0,304.5
2024-07-06 06:00:00,277.5,5,7,277.5,300.0
2024-07-06 07:00:00,858.0,5,7,277.5,277.5
2024-07-06 08:00:00,1951.5,5,7,858.0,277.5
2024-07-06 09:00:00,1686.0,5,7,1951.5,858.0
2024-07-06 10:00:00,1819.5,5,7,1686.0,1951.5
2024-07-06 11:00:00,1816.5,5,7,1819.5,1686.0
2024-07-06 12:00:00,1473.0,5,7,1816.5,1819.5
2024-07-06 13:00:00,874.5,5,7,1473.0,1816.5
2024-07-06 14:00:00,1174.5,5,7,874.5,1473.0
2024-07-06 15:00:00,2047.5,5,7,1174.5,874.5
2024-07-06 16:00:00,3061.5,5,7,2047.5,1174.5
2024-07-06 17:00:00,3831.0,5,7,3061.5,2047.5
2024-07-06 18:00:00,4471.5,5,7,3831.0,3061.5
2024-07-06 19:00:00,4291.5,5,7,4471.5,3831.0
2024-07-06 20:00:00,4252.5,5,7,4291.5,4471.5
2024-07-06 21:00:00,3255.0,5,7,4252.5,4291.5
2024-07-06 22:00:00,3478.5,5,7,3255.0,4252.5
2024-07-06 23:00:00,3430.5,5,7,3478.5,3255.0
2024-07-07 00:00:00,3478.5,6,7,3430.5,3478.5
2024-07-07 01:00:00,3348.0,6,7,3478.5,3430.5
2024-07-07 02:00:00,3349.5,6,7,3348.0,3478.5
2024-07-07 03:00:00,3315.0,6,7,3349.5,3348.0
2024-07-07 04:00:00,3108.0,6,7,3315.0,3349.5
2024-07-07 05:00:00,3018.0,6,7,3108.0,3315.0
2024-07-07 06:00:00,2871.0,6,7,3018.0,3108.0
2024-07-07 07:00:00,2620.5,6,7,2871.0,3018.0
2024-07-07 08:00:00,2506.5,6,7,2620.5,2871.0
2024-07-07 09:00:00,2365.5,6,7,2506.5,2620.5
2024-07-07 10:00:00,2616.0,6,7,2365.5,2506.5
2024-07-07 11:00:00,2940.0,6,7,2616.0,2365.5
2024-07-07 12:00:00,3103.5,6,7,2940.0,2616.0
2024-07-07 13:00:00,3126.0,6,7,3103.5,2940.0
2024-07-07 14:00:00,3088.5,6,7,3126.0,3103.5
2024-07-07 15:00:00,3358.5,6,7,3088.5,3126.0
2024-07-07 16:00:00,3777.0,6,7,3358.5,3088.5
2024-07-07 17:00:00,3610.5,6,7,3777.0,3358.5
2024-07-07 18:00:00,4290.0,6,7,3610.5,3777.0
2024-07-07 19:00:00,4512.0,6,7,4290.0,3610.5
2024-07-07 20:00:00,4696.5,6,7,4512.0,4290.0
2024-07-07 21:00:00,4602.0,6,7,4696.5,4512.0
2024-07-07 22:00:00,4773.0,6,7,4602.0,4696.5
2024-07-07 23:00:00,4656.0,6,7,4773.0,4602.0
2024-07-13 00:00:00,4602.0,5,7,4729.5,4611.0
2024-07-13 01:00:00,4081.5,5,7,4602.0,4729.5
2024-07-13 02:00:00,3571.5,5,7,4081.5,4602.0
2024-07-13 03:00:00,3922.5,5,7,3571.5,4081.5
2024-07-13 04:00:00,4249.5,5,7,3922.5,3571.5
2024-07-13 05:00:00,3744.0,5,7,4249.5,3922.5
2024-07-13 06:00:00,4108.5,5,7,3744.0,4249.5
2024-07-13 07:00:00,3523.5,5,7,4108.5,3744.0
2024-07-13 08:00:00,1845.0,5,7,3523.5,4108.5
2024-07-13 09:00:00,2332.5,5,7,1845.0,3523.5
2024-07-13 10:00:00,1764.0,5,7,2332.5,1845.0
2024-07-13 11:00:00,2506.5,5,7,1764.0,2332.5
2024-07-13 12:00:00,2491.5,5,7,2506.5,1764.0
2024-07-13 13:00:00,2811.0,5,7,2491.5,2506.5
2024-07-13 14:00:00,2347.5,5,7,2811.0,2491.5
2024-07-13 15:00:00,3301.5,5,7,2347.5,2811.0
2024-07-13 16:00:00,3777.0,5,7,3301.5,2347.5
2024-07-13 17:00:00,4287.0,5,7,3777.0,3301.5
2024-07-13 18:00:00,4455.0,5,7,4287.0,3777.0
2024-07-13 19:00:00,4770.0,5,7,4455.0,4287.0
2024-07-13 20:00:00,4780.5,5,7,4770.0,4455.0
2024-07-13 21:00:00,4344.0,5,7,4780.5,4770.0
2024-07-13 22:00:00,4696.5,5,7,4344.0,4780.5
2024-07-13 23:00:00,4314.0,5,7,4696.5,4344.0
2024-07-14 00:00:00,4881.0,6,7,4314.0,4696.5
2024-07-14 01:00:00,4413.0,6,7,4881.0,4314.0
2024-07-14 02:00:00,4546.5,6,7,4413.0,4881.0
2024-07-14 03:00:00,4323.0,6,7,4546.5,4413.0
2024-07-14 04:00:00,4476.0,6,7,4323.0,4546.5
2024-07-14 05:00:00,4684.5,6,7,4476.0,4323.0
2024-07-14 06:00:00,4611.0,6,7,4684.5,4476.0
2024-07-14 07:00:00,3940.5,6,7,4611.0,4684.5
2024-07-14 08:00:00,3748.5,6,7,3940.5,4611.0
2024-07-14 09:00:00,3313.5,6,7,3748.5,3940.5
2024-07-14 10:00:00,2973.0,6,7,3313.5,3748.5
2024-07-14 11:00:00,2064.0,6,7,2973.0,3313.5
2024-07-14 12:00:00,1828.5,6,7,2064.0,2973.0
2024-07-14 13:00:00,2388.0,6,7,1828.5,2064.0
2024-07-14 14:00:00,2785.5,6,7,2388.0,1828.5
2024-07-14 15:00:00,3180.0,6,7,2785.5,2388.0
2024-07-14 16:00:00,3118.5,6,7,3180.0,2785.5
2024-07-14 17:00:00,4368.0,6,7,3118.5,3180.0
2024-07-14 18:00:00,4279.5,6,7,4368.0,3118.5
2024-07-14 19:00:00,4149.0,6,7,4279.5,4368.0
2024-07-14 20:00:00,4000.5,6,7,4149.0,4279.5
2024-07-14 21:00:00,4776.0,6,7,4000.5,4149.0
2024-07-14 22:00:00,4363.5,6,7,4776.0,4000.5
2024-07-14 23:00:00,4288.5,6,7,4363.5,4776.0
2024-07-20 00:00:00,181.5,5,7,181.5,204.0
2024-07-20 01:00:00,202.5,5,7,181.5,181.5
2024-07-20 02:00:00,187.5,5,7,202.5,181.5
2024-07-20 03:00:00,207.0,5,7,187.5,202.5
2024-07-20 04:00:00,192.0,5,7,207.0,187.5
2024-07-20 05:00:00,154.5,5,7,192.0,207.0
2024-07-20 06:00:00,126.0,5,7,154.5,192.0
2024-07-20 07:00:00,22.5,5,7,126.0,154.5
2024-07-20 08:00:00,130.5,5,7,22.5,126.0
2024-07-20 09:00:00,178.5,5,7,130.5,22.5
2024-07-20 10:00:00,57.0,5,7,178.5,130.5
2024-07-20 11:00:00,96.0,5,7,57.0,178.5
2024-07-20 12:00:00,1.5,5,7,96.0,57.0
2024-07-20 13:00:00,279.0,5,7,1.5,96.0
2024-07-20 14:00:00,232.5,5,7,279.0,1.5
2024-07-20 15:00:00,276.0,5,7,232.5,279.0
2024-07-20 16:00:00,306.0,5,7,276.0,232.5
2024-07-20 17:00:00,265.5,5,7,306.0,276.0
2024-07-20 18:00:00,459.0,5,7,265.5,306.0
2024-07-20 19:00:00,222.0,5,7,459.0,265.5
2024-07-20 20:00:00,462.0,5,7,222.0,459.0
2024-07-20 21:00:00,463.5,5,7,462.0,222.0
2024-07-20 22:00:00,481.5,5,7,463.5,462.0
2024-07-20 23:00:00,312.0,5,7,481.5,463.5
2024-07-21 00:00:00,387.0,6,7,312.0,481.5
2024-07-21 01:00:00,586.5,6,7,387.0,312.0
2024-07-21 02:00:00,547.5,6,7,586.5,387.0
2024-07-21 03:00:00,474.0,6,7,547.5,586.5
2024-07-21 04:00:00,378.0,6,7,474.0,547.5
2024-07-21 05:00:00,546.0,6,7,378.0,474.0
2024-07-21 06:00:00,462.0,6,7,546.0,378.0
2024-07-21 07:00:00,139.5,6,7,462.0,546.0
2024-07-21 08:00:00,360.0,6,7,139.5,462.0
2024-07-21 09:00:00,384.0,6,7,360.0,139.5
2024-07-21 10:00:00,279.0,6,7,384.0,360.0
2024-07-21 11:00:00,78.0,6,7,279.0,384.0
2024-07-21 12:00:00,37.5,6,7,78.0,279.0
2024-07-21 13:00:00,240.0,6,7,37.5,78.0
2024-07-21 14:00:00,127.5,6,7,240.0,37.5
2024-07-21 15:00:00,238.5,6,7,127.5,240.0
2024-07-21 16:00:00,144.0,6,7,238.5,127.5
2024-07-21 17:00:00,178.5,6,7,144.0,238.5
2024-07-21 18:00:00,400.5,6,7,178.5,144.0
2024-07-21 19:00:00,138.0,6,7,400.5,178.5
2024-07-21 20:00:00,462.0,6,7,138.0,400.5
2024-07-21 21:00:00,522.0,6,7,462.0,138.0
2024-07-21 22:00:00,574.5,6,7,522.0,462.0
2024-07-21 23:00:00,390.0,6,7,574.5,522.0
2024-07-27 00:00:00,4084.5,5,7,4378.5,4539.0
2024-07-27 01:00:00,3997.5,5,7,4084.5,4378.5
2024-07-27 02:00:00,3775.5,5,7,3997.5,4084.5
2024-07-27 03:00:00,3645.0,5,7,3775.5,3997.5
2024-07-27 04:00:00,4510.5,5,7,3645.0,3775.5
2024-07-27 05:00:00,4035.0,5,7,4510.5,3645.0
2024-07-27 06:00:00,3925.5,5,7,4035.0,4510.5
2024-07-27 07:00:00,3313.5,5,7,3925.5,4035.0
2024-07-27 08:00:00,3447.0,5,7,3313.5,3925.5
2024-07-27 09:00:00,3235.5,5,7,3447.0,3313.5
2024-07-27 10:00:00,3196.5,5,7,3235.5,3447.0
2024-07-27 11:00:00,2356.5,5,7,3196.5,3235.5
2024-07-27 12:00:00,1956.0,5,7,2356.5,3196.5
2024-07-27 13:00:00,2139.0,5,7,1956.0,2356.5
2024-07-27 14:00:00,2494.5,5,7,2139.0,1956.0
2024-07-27 15:00:00,3427.5,5,7,2494.5,2139.0
2024-07-27 16:00:00,4384.5,5,7,3427.5,2494.5
2024-07-27 17:00:00,4473.0,5,7,4384.5,3427.5
2024-07-27 18:00:00,4108.5,5,7,4473.0,4384.5
2024-07-27 19:00:00,4441.5,5,7,4108.5,4473.0
2024-07-27 20:00:00,4509.0,5,7,4441.5,4108.5
2024-07-27 21:00:00,4096.5,5,7,4509.0,4441.5
2024-07-27 22:00:00,3781.5,5,7,4096.5,4509.0
2024-07-27 23:00:00,3456.0,5,7,3781.5,4096.5
2024-07-28 00:00:00,3001.5,6,7,3456.0,3781.5
2024-07-28 01:00:00,3469.5,6,7,3001.5,3456.0
2024-07-28 02:00:00,3279.0,6,7,3469.5,3001.5
2024-07-28 03:00:00,3273.0,6,7,3279.0,3469.5
2024-07-28 04:00:00,3472.5,6,7,3273.0,3279.0
2024-07-28 05:00:00,3465.0,6,7,3472.5,3273.0
2024-07-28 06:00:00,3411.0,6,7,3465.0,3472.5
2024-07-28 07:00:00,2829.0,6,7,3411.0,3465.0
2024-07-28 08:00:00,2389.5,6,7,2829.0,3411.0
2024-07-28 09:00:00,1924.5,6,7,2389.5,2829.0
2024-07-28 10:00:00,1297.5,6,7,1924.5,2389.5
2024-07-28 11:00:00,1350.0,6,7,1297.5,1924.5
2024-07-28 12:00:00,1615.5,6,7,1350.0,1297.5
2024-07-28 13:00:00,1561.5,6,7,1615.5,1350.0
2024-07-28 14:00:00,1657.5,6,7,1561.5,1615.5
2024-07-28 15:00:00,1386.0,6,7,1657.5,1561.5
2024-07-28 16:00:00,1575.0,6,7,1386.0,1657.5
2024-07-28 17:00:00,1873.5,6,7,1575.0,1386.0
2024-07-28 18:00:00,2203.5,6,7,1873.5,1575.0
2024-07-28 19:00:00,2632.5,6,7,2203.5,1873.5
2024-07-28 20:00:00,2715.0,6,7,2632.5,2203.5
2024-07-28 21:00:00,2682.0,6,7,2715.0,2632.5
2024-07-28 22:00:00,2601.0,6,7,2682.0,2715.0
2024-07-28 23:00:00,2632.5,6,7,2601.0,2682.0
2024-08-03 00:00:00,4278.0,5,8,3630.0,4074.0
2024-08-03 01:00:00,4365.0,5,8,4278.0,3630.0
2024-08-03 02:00:00,4003.5,5,8,4365.0,4278.0
2024-08-03 03:00:00,4128.0,5,8,4003.5,4365.0
2024-08-03 04:00:00,3718.5,5,8,4128.0,4003.5
2024-08-03 05:00:00,4314.0,5,8,3718.5,4128.0
2024-08-03 06:00:00,4228.5,5,8,4314.0,3718.5
2024-08-03 07:00:00,3256.5,5,8,4228.5,4314.0
2024-08-03 08:00:00,3339.0,5,8,3256.5,4228.5
2024-08-03 09:00:00,3492.0,5,8,3339.0,3256.5
2024-08-03 10:00:00,2941.5,5,8,3492.0,3339.0
2024-08-03 11:00:00,2553.0,5,8,2941.5,3492.0
2024-08-03 12:00:00,1765.5,5,8,2553.0,2941.5
2024-08-03 13:00:00,2358.0,5,8,1765.5,2553.0
2024-08-03 14:00:00,3471.0,5,8,2358.0,1765.5
2024-08-03 15:00:00,2952.0,5,8,3471.0,2358.0
2024-08-03 16:00:00,3777.0,5,8,2952.0,3471.0
2024-08-03 17:00:00,3402.0,5,8,3777.0,2952.0
2024-08-03 18:00:00,4053.0,5,8,3402.0,3777.0
2024-08-03 19:00:00,4158.0,5,8,4053.0,3402.0
2024-08-03 20:00:00,3942.0,5,8,4158.0,4053.0
2024-08-03 21:00:00,4528.5,5,8,3942.0,4158.0
2024-08-03 22:00:00,3637.5,5,8,4528.5,3942.0
2024-08-03 23:00:00,3687.0,5,8,3637.5,4528.5
2024-08-04 00:00:00,3861.0,6,8,3687.0,3637.5
2024-08-04 01:00:00,4123.5,6,8,3861.0,3687.0
2024-08-04 02:00:00,4413.0,6,8,4123.5,3861.0
2024-08-04 03:00:00,4447.5,6,8,4413.0,4123.5
2024-08-04 04:00:00,4119.0,6,8,4447.5,4413.0
2024-08-04 05:00:00,3822.0,6,8,4119.0,4447.5
2024-08-04 06:00:00,4033.5,6,8,3822.0,4119.0
2024-08-04 07:00:00,3100.5,6,8,4033.5,3822.0
2024-08-04 08:00:00,2500.5,6,8,3100.5,4033.5
2024-08-04 09:00:00,1065.0,6,8,2500.5,3100.5
2024-08-04 10:00:00,1270.5,6,8,1065.0,2500.5
2024-08-04 11:00:00,1606.5,6,8,1270.5,1065.0
2024-08-04 12:00:00,1813.5,6,8,1606.5,1270.5
2024-08-04 13:00:00,1686.0,6,8,1813.5,1606.5
2024-08-04 14:00:00,1948.5,6,8,1686.0,1813.5
2024-08-04 15:00:00,2562.0,6,8,1948.5,1686.0
2024-08-04 16:00:00,3123.0,6,8,2562.0,1948.5
2024-08-04 17:00:00,3679.5,6,8,3123.0,2562.0
2024-08-04 18:00:00,4291.5,6,8,3679.5,3123.0
2024-08-04 19:00:00,4053.0,6,8,4291.5,3679.5
2024-08-04 20:00:00,3970.5,6,8,4053.0,4291.5
2024-08-04 21:00:00,3972.0,6,8,3970.5,4053.0
2024-08-04 22:00:00,3690.0,6,8,3972.0,3970.5
2024-08-04 23:00:00,3859.5,6,8,3690.0,3972.0
2024-08-10 00:00:00,2040.0,5,8,1779.0,1737.0
2024-08-10 01:00:00,1870.5,5,8,2040.0,1779.0
2024-08-10 02:00:00,1695.0,5,8,1870.5,2040.0
2024-08-10 03:00:00,1683.0,5,8,1695.0,1870.5
2024-08-10 04:00:00,1936.5,5,8,1683.0,1695.0
2024-08-10 05:00:00,2113.5,5,8,1936.5,1683.0
2024-08-10 06:00:00,1987.5,5,8,2113.5,1936.5
2024-08-10 07:00:00,1539.0,5,8,1987.5,2113.5
2024-08-10 08:00:00,859.5,5,8,1539.0,1987.5
2024-08-10 09:00:00,952.5,5,8,859.5,1539.0
2024-08-10 10:00:00,1068.0,5,8,952.5,859.5
2024-08-10 11:00:00,634.5,5,8,1068.0,952.5
2024-08-10 12:00:00,660.0,5,8,634.5,1068.0
2024-08-10 13:00:00,1383.0,5,8,660.0,634.5
2024-08-10 14:00:00,1558.5,5,8,1383.0,660.0
2024-08-10 15:00:00,1228.5,5,8,1558.5,1383.0
2024-08-10 16:00:00,1344.0,5,8,1228.5,1558.5
2024-08-10 17:00:00,1846.5,5,8,1344.0,1228.5
2024-08-10 18:00:00,2052.0,5,8,1846.5,1344.0
2024-08-10 19:00:00,1629.0,5,8,2052.0,1846.5
2024-08-10 20:00:00,2083.5,5,8,1629.0,2052.0
2024-08-10 21:00:00,1830.0,5,8,2083.5,1629.0
2024-08-10 22:00:00,1807.5,5,8,1830.0,2083.5
2024-08-10 23:00:00,1698.0,5,8,1807.5,1830.0
2024-08-11 00:00:00,1869.0,6,8,1698.0,1807.5
2024-08-11 01:00:00,2215.5,6,8,1869.0,1698.0
2024-08-11 02:00:00,2139.0,6,8,2215.5,1869.0
2024-08-11 03:00:00,1804.5,6,8,2139.0,2215.5
2024-08-11 04:00:00,1717.5,6,8,1804.5,2139.0
2024-08-11 05:00:00,2074.5,6,8,1717.5,1804.5
2024-08-11 06:00:00,1182.0,6,8,2074.5,1717.5
2024-08-11 07:00:00,631.5,6,8,1182.0,2074.5
2024-08-11 08:00:00,81.0,6,8,631.5,1182.0
2024-08-11 09:00:00,16.5,6,8,81.0,631.5
2024-08-11 10:00:00,7.5,6,8,16.5,81.0
2024-08-11 11:00:00,91.5,6,8,7.5,16.5
2024-08-11 12:00:00,124.5,6,8,91.5,7.5
2024-08-11 13:00:00,72.0,6,8,124.5,91.5
2024-08-11 14:00:00,81.0,6,8,72.0,124.5
2024-08-11 15:00:00,102.0,6,8,81.0,72.0
2024-08-11 16:00:00,79.5,6,8,102.0,81.0
2024-08-11 17:00:00,105.0,6,8,79.5,102.0
2024-08-11 18:00:00,195.0,6,8,105.0,79.5
2024-08-11 19:00:00,289.5,6,8,195.0,105.0
2024-08-11 20:00:00,1006.5,6,8,289.5,195.0
2024-08-11 21:00:00,1993.5,6,8,1006.5,289.5
2024-08-11 22:00:00,2328.0,6,8,1993.5,1006.5
2024-08-11 23:00:00,2397.0,6,8,2328.0,1993.5
2024-08-12 00:00:00,2412.0,0,8,2397.0,2328.0
2024-08-17 00:00:00,1713.0,5,8,2100.0,1963.5
2024-08-17 01:00:00,1732.5,5,8,1713.0,2100.0
2024-08-17 02:00:00,1591.5,5,8,1732.5,1713.0
2024-08-17 03:00:00,1557.0,5,8,1591.5,1732.5
2024-08-17 04:00:00,1567.5,5,8,1557.0,1591.5
2024-08-17 05:00:00,1570.5,5,8,1567.5,1557.0
2024-08-17 06:00:00,1761.0,5,8,1570.5,1567.5
2024-08-17 07:00:00,1765.5,5,8,1761.0,1570.5
2024-08-17 08:00:00,1498.5,5,8,1765.5,1761.0
2024-08-17 09:00:00,1518.0,5,8,1498.5,1765.5
2024-08-17 10:00:00,1453.5,5,8,1518.0,1498.5
2024-08-17 11:00:00,1071.0,5,8,1453.5,1518.0
2024-08-17 12:00:00,514.5,5,8,1071.0,1453.5
2024-08-17 13:00:00,831.0,5,8,514.5,1071.0
2024-08-17 14:00:00,741.0,5,8,831.0,514.5
2024-08-17 15:00:00,960.0,5,8,741.0,831.0
2024-08-17 16:00:00,2029.5,5,8,960.0,741.0
2024-08-17 17:00:00,1593.0,5,8,2029.5,960.0
2024-08-17 18:00:00,1555.5,5,8,1593.0,2029.5
2024-08-17 19:00:00,2019.0,5,8,1555.5,1593.0
2024-08-17 20:00:00,2076.0,5,8,2019.0,1555.5
2024-08-17 21:00:00,1962.0,5,8,2076.0,2019.0
2024-08-17 22:00:00,1947.0,5,8,1962.0,2076.0
2024-08-17 23:00:00,1971.0,5,8,1947.0,1962.0
2024-08-18 00:00:00,1693.5,6,8,1971.0,1947.0
2024-08-18 01:00:00,1774.5,6,8,1693.5,1971.0
2024-08-18 02:00:00,1663.5,6,8,1774.5,1693.5
2024-08-18 03:00:00,1978.5,6,8,1663.5,1774.5
2024-08-18 04:00:00,1611.0,6,8,1978.5,1663.5
2024-08-18 05:00:00,1771.5,6,8,1611.0,1978.5
2024-08-18 06:00:00,1641.0,6,8,1771.5,1611.0
2024-08-18 07:00:00,1473.0,6,8,1641.0,1771.5
2024-08-18 08:00:00,798.0,6,8,1473.0,1641.0
2024-08-18 09:00:00,813.0,6,8,798.0,1473.0
2024-08-18 10:00:00,843.0,6,8,813.0,798.0
2024-08-18 11:00:00,588.0,6,8,843.0,813.0
2024-08-18 12:00:00,567.0,6,8,588.0,843.0
2024-08-18 13:00:00,595.5,6,8,567.0,588.0
2024-08-18 14:00:00,712.5,6,8,595.5,567.0
2024-08-18 15:00:00,1255.5,6,8,712.5,595.5
2024-08-18 16:00:00,1506.0,6,8,1255.5,712.5
2024-08-18 17:00:00,1944.0,6,8,1506.0,1255.5
2024-08-18 18:00:00,2041.5,6,8,1944.0,1506.0
2024-08-18 19:00:00,2104.5,6,8,2041.5,1944.0
2024-08-18 20:00:00,1936.5,6,8,2104.5,2041.5
2024-08-18 21:00:00,2002.5,6,8,1936.5,2104.5
2024-08-18 22:00:00,1821.0,6,8,2002.5,1936.5
2024-08-18 23:00:00,2245.5,6,8,1821.0,2002.5
2024-08-24 00:00:00,1644.0,5,8,1641.0,1738.5
2024-08-24 01:00:00,1590.0,5,8,1644.0,1641.0
2024-08-24 02:00:00,1597.5,5,8,1590.0,1644.0
2024-08-24 03:00:00,1593.0,5,8,1597.5,1590.0
2024-08-24 04:00:00,1855.5,5,8,1593.0,1597.5
2024-08-24 05:00:00,1870.5,5,8,1855.5,1593.0
2024-08-24 06:00:00,1591.5,5,8,1870.5,1855.5
2024-08-24 07:00:00,1261.5,5,8,1591.5,1870.5
2024-08-24 08:00:00,1111.5,5,8,1261.5,1591.5
2024-08-24 09:00:00,801.0,5,8,1111.5,1261.5
2024-08-24 10:00:00,697.5,5,8,801.0,1111.5
2024-08-24 11:00:00,594.0,5,8,697.5,801.0
2024-08-24 12:00:00,717.0,5,8,594.0,697.5
2024-08-24 13:00:00,564.0,5,8,717.0,594.0
2024-08-24 14:00:00,916.5,5,8,564.0,717.0
2024-08-24 15:00:00,1212.0,5,8,916.5,564.0
2024-08-24 16:00:00,1416.0,5,8,1212.0,916.5
2024-08-24 17:00:00,1450.5,5,8,1416.0,1212.0
2024-08-24 18:00:00,1564.5,5,8,1450.5,1416.0
2024-08-24 19:00:00,1566.0,5,8,1564.5,1450.5
2024-08-24 20:00:00,1593.0,5,8,1566.0,1564.5
2024-08-24 21:00:00,1621.5,5,8,1593.0,1566.0
2024-08-24 22:00:00,1933.5,5,8,1621.5,1593.0
2024-08-24 23:00:00,1993.5,5,8,1933.5,1621.5
2024-08-25 00:00:00,1600.5,6,8,1993.5,1933.5
2024-08-25 01:00:00,1581.0,6,8,1600.5,1993.5
2024-08-25 02:00:00,1986.0,6,8,1581.0,1600.5
2024-08-25 03:00:00,1975.5,6,8,1986.0,1581.0
2024-08-25 04:00:00,1897.5,6,8,1975.5,1986.0
2024-08-25 05:00:00,1788.0,6,8,1897.5,1975.5
2024-08-25 06:00:00,1711.5,6,8,1788.0,1897.5
2024-08-25 07:00:00,1401.0,6,8,1711.5,1788.0
2024-08-25 08:00:00,1002.0,6,8,1401.0,1711.5
2024-08-25 09:00:00,957.0,6,8,1002.0,1401.0
2024-08-25 10:00:00,913.5,6,8,957.0,1002.0
2024-08-25 11:00:00,648.0,6,8,913.5,957.0
2024-08-25 12:00:00,730.5,6,8,648.0,913.5
2024-08-25 13:00:00,991.5,6,8,730.5,648.0
2024-08-25 14:00:00,897.0,6,8,991.5,730.5
2024-08-25 15:00:00,1332.0,6,8,897.0,991.5
2024-08-25 16:00:00,1206.0,6,8,1332.0,897.0
2024-08-25 17:00:00,1386.0,6,8,1206.0,1332.0
2024-08-25 18:00:00,1753.5,6,8,1386.0,1206.0
2024-08-25 19:00:00,1576.5,6,8,1753.5,1386.0
2024-08-25 20:00:00,1680.0,6,8,1576.5,1753.5
2024-08-25 21:00:00,1716.0,6,8,1680.0,1576.5
2024-08-25 22:00:00,1902.0,6,8,1716.0,1680.0
2024-08-25 23:00:00,1600.5,6,8,1902.0,1716.0
2024-08-31 00:00:00,2041.5,5,8,1581.0,1621.5
2024-08-31 01:00:00,1749.0,5,8,2041.5,1581.0
2024-08-31 02:00:00,1651.5,5,8,1749.0,2041.5
2024-08-31 03:00:00,1576.5,5,8,1651.5,1749.0
2024-08-31 04:00:00,1962.0,5,8,1576.5,1651.5
2024-08-31 05:00:00,1887.0,5,8,1962.0,1576.5
2024-08-31 06:00:00,1735.5,5,8,1887.0,1962.0
2024-08-31 07:00:00,1354.5,5,8,1735.5,1887.0
2024-08-31 08:00:00,1087.5,5,8,1354.5,1735.5
2024-08-31 09:00:00,1030.5,5,8,1087.5,1354.5
2024-08-31 10:00:00,793.5,5,8,1030.5,1087.5
2024-08-31 11:00:00,661.5,5,8,793.5,1030.5
2024-08-31 12:00:00,921.0,5,8,661.5,793.5
2024-08-31 13:00:00,1351.5,5,8,921.0,661.5
2024-08-31 14:00:00,1116.0,5,8,1351.5,921.0
2024-08-31 15:00:00,1101.0,5,8,1116.0,1351.5
2024-08-31 16:00:00,1105.5,5,8,1101.0,1116.0
2024-08-31 17:00:00,1888.5,5,8,1105.5,1101.0
2024-08-31 18:00:00,2085.0,5,8,1888.5,1105.5
2024-08-31 19:00:00,1845.0,5,8,2085.0,1888.5
2024-08-31 20:00:00,1596.0,5,8,1845.0,2085.0
2024-08-31 21:00:00,2080.5,5,8,1596.0,1845.0
2024-08-31 22:00:00,1711.5,5,8,2080.5,1596.0
2024-08-31 23:00:00,1998.0,5,8,1711.5,2080.5
2024-09-01 00:00:00,1719.0,6,9,1998.0,1711.5
2024-09-01 01:00:00,1956.0,6,9,1719.0,1998.0
2024-09-01 02:00:00,1719.0,6,9,1956.0,1719.0
2024-09-01 03:00:00,1983.0,6,9,1719.0,1956.0
2024-09-01 04:00:00,1588.5,6,9,1983.0,1719.0
2024-09-01 05:00:00,1950.0,6,9,1588.5,1983.0
2024-09-01 06:00:00,1632.0,6,9,1950.0,1588.5
2024-09-01 07:00:00,1206.0,6,9,1632.0,1950.0
2024-09-01 08:00:00,828.0,6,9,1206.0,1632.0
2024-09-01 09:00:00,1030.5,6,9,828.0,1206.0
2024-09-01 10:00:00,748.5,6,9,1030.5,828.0
2024-09-01 11:00:00,502.5,6,9,748.5,1030.5
2024-09-01 12:00:00,585.0,6,9,502.5,748.5
2024-09-01 13:00:00,834.0,6,9,585.0,502.5
2024-09-01 14:00:00,1164.0,6,9,834.0,585.0
2024-09-01 15:00:00,1341.0,6,9,1164.0,834.0
2024-09-01 16:00:00,1600.5,6,9,1341.0,1164.0
2024-09-01 17:00:00,1728.0,6,9,1600.5,1341.0
2024-09-01 18:00:00,1918.5,6,9,1728.0,1600.5
2024-09-01 19:00:00,1756.5,6,9,1918.5,1728.0
2024-09-01 20:00:00,1813.5,6,9,1756.5,1918.5
2024-09-01 21:00:00,1713.0,6,9,1813.5,1756.5
2024-09-01 22:00:00,1888.5,6,9,1713.0,1813.5
2024-09-01 23:00:00,1732.5,6,9,1888.5,1713.0
2024-09-07 00:00:00,3943.5,5,9,3886.5,4003.5
2024-09-07 01:00:00,3991.5,5,9,3943.5,3886.5
2024-09-07 02:00:00,3772.5,5,9,3991.5,3943.5
2024-09-07 03:00:00,3933.0,5,9,3772.5,3991.5
2024-09-07 04:00:00,4348.5,5,9,3933.0,3772.5
2024-09-07 05:00:00,4315.5,5,9,4348.5,3933.0
2024-09-07 06:00:00,3969.0,5,9,4315.5,4348.5
2024-09-07 07:00:00,3268.5,5,9,3969.0,4315.5
2024-09-07 08:00:00,3067.5,5,9,3268.5,3969.0
2024-09-07 09:00:00,3427.5,5,9,3067.5,3268.5
2024-09-07 10:00:00,2815.5,5,9,3427.5,3067.5
2024-09-07 11:00:00,2359.5,5,9,2815.5,3427.5
2024-09-07 12:00:00,2718.0,5,9,2359.5,2815.5
2024-09-07 13:00:00,2731.5,5,9,2718.0,2359.5
2024-09-07 14:00:00,2604.0,5,9,2731.5,2718.0
2024-09-07 15:00:00,2577.0,5,9,2604.0,2731.5
2024-09-07 16:00:00,3024.0,5,9,2577.0,2604.0
2024-09-07 17:00:00,4051.5,5,9,3024.0,2577.0
2024-09-07 18:00:00,3936.0,5,9,4051.5,3024.0
2024-09-07 19:00:00,3648.0,5,9,3936.0,4051.5
2024-09-07 20:00:00,3978.0,5,9,3648.0,3936.0
2024-09-07 21:00:00,4870.5,5,9,3978.0,3648.0
2024-09-07 22:00:00,4560.0,5,9,4870.5,3978.0
2024-09-07 23:00:00,4122.0,5,9,4560.0,4870.5
2024-09-08 00:00:00,4233.0,6,9,4122.0,4560.0
2024-09-08 01:00:00,4282.5,6,9,4233.0,4122.0
2024-09-08 02:00:00,3867.0,6,9,4282.5,4233.0
2024-09-08 03:00:00,3612.0,6,9,3867.0,4282.5
2024-09-08 04:00:00,3951.0,6,9,3612.0,3867.0
2024-09-08 05:00:00,4254.0,6,9,3951.0,3612.0
2024-09-08 06:00:00,3969.0,6,9,4254.0,3951.0
2024-09-08 07:00:00,3582.0,6,9,3969.0,4254.0
2024-09-08 08:00:00,2515.5,6,9,3582.0,3969.0
2024-09-08 09:00:00,2631.0,6,9,2515.5,3582.0
2024-09-08 10:00:00,2476.5,6,9,2631.0,2515.5
2024-09-08 11:00:00,2353.5,6,9,2476.5,2631.0
2024-09-08 12:00:00,2040.0,6,9,2353.5,2476.5
2024-09-08 13:00:00,2782.5,6,9,2040.0,2353.5
2024-09-08 14:00:00,1821.0,6,9,2782.5,2040.0
2024-09-08 15:00:00,2320.5,6,9,1821.0,2782.5
2024-09-08 16:00:00,2899.5,6,9,2320.5,1821.0
2024-09-08 17:00:00,4009.5,6,9,2899.5,2320.5
2024-09-08 18:00:00,4576.5,6,9,4009.5,2899.5
2024-09-08 19:00:00,4318.5,6,9,4576.5,4009.5
2024-09-08 20:00:00,4429.5,6,9,4318.5,4576.5
2024-09-08 21:00:00,4320.0,6,9,4429.5,4318.5
2024-09-08 22:00:00,4141.5,6,9,4320.0,4429.5
2024-09-08 23:00:00,4365.0,6,9,4141.5,4320.0
2024-09-14 00:00:00,1630.5,5,9,1704.0,1653.0
2024-09-14 01:00:00,1669.5,5,9,1630.5,1704.0
2024-09-14 02:00:00,1644.0,5,9,1669.5,1630.5
2024-09-14 03:00:00,2116.5,5,9,1644.0,1669.5
2024-09-14 04:00:00,1834.5,5,9,2116.5,1644.0
2024-09-14 05:00:00,1804.5,5,9,1834.5,2116.5
2024-09-14 06:00:00,1653.0,5,9,1804.5,1834.5
2024-09-14 07:00:00,1138.5,5,9,1653.0,1804.5
2024-09-14 08:00:00,1254.0,5,9,1138.5,1653.0
2024-09-14 09:00:00,1129.5,5,9,1254.0,1138.5
2024-09-14 10:00:00,1108.5,5,9,1129.5,1254.0
2024-09-14 11:00:00,1179.0,5,9,1108.5,1129.5
2024-09-14 12:00:00,1393.5,5,9,1179.0,1108.5
2024-09-14 13:00:00,1782.0,5,9,1393.5,1179.0
2024-09-14 14:00:00,1570.5,5,9,1782.0,1393.5
2024-09-14 15:00:00,1855.5,5,9,1570.5,1782.0
2024-09-14 16:00:00,2452.5,5,9,1855.5,1570.5
2024-09-14 17:00:00,2646.0,5,9,2452.5,1855.5
2024-09-14 18:00:00,2599.5,5,9,2646.0,2452.5
2024-09-14 19:00:00,2638.5,5,9,2599.5,2646.0
2024-09-14 20:00:00,2824.5,5,9,2638.5,2599.5
2024-09-14 21:00:00,2731.5,5,9,2824.5,2638.5
2024-09-14 22:00:00,2404.5,5,9,2731.5,2824.5
2024-09-14 23:00:00,2233.5,5,9,2404.5,2731.5
2024-09-15 00:00:00,2481.0,6,9,2233.5,2404.5
2024-09-15 01:00:00,2817.0,6,9,2481.0,2233.5
2024-09-15 02:00:00,2799.0,6,9,2817.0,2481.0
2024-09-15 03:00:00,2731.5,6,9,2799.0,2817.0
2024-09-15 04:00:00,2679.0,6,9,2731.5,2799.0
2024-09-15 05:00:00,2691.0,6,9,2679.0,2731.5
2024-09-15 06:00:00,2713.5,6,9,2691.0,2679.0
2024-09-15 07:00:00,2395.5,6,9,2713.5,2691.0
2024-09-15 08:00:00,2055.0,6,9,2395.5,2713.5
2024-09-15 09:00:00,1774.5,6,9,2055.0,2395.5
2024-09-15 10:00:00,1221.0,6,9,1774.5,2055.0
2024-09-15 11:00:00,1282.5,6,9,1221.0,1774.5
2024-09-15 12:00:00,1758.0,6,9,1282.5,1221.0
2024-09-15 13:00:00,1435.5,6,9,1758.0,1282.5
2024-09-15 14:00:00,1761.0,6,9,1435.5,1758.0
2024-09-15 15:00:00,2059.5,6,9,1761.0,1435.5
2024-09-15 16:00:00,1908.0,6,9,2059.5,1761.0
2024-09-15 17:00:00,2782.5,6,9,1908.0,2059.5
2024-09-15 18:00:00,2410.5,6,9,2782.5,1908.0
2024-09-15 19:00:00,2830.5,6,9,2410.5,2782.5
2024-09-15 20:00:00,3088.5,6,9,2830.5,2410.5
2024-09-15 21:00:00,3234.0,6,9,3088.5,2830.5
2024-09-15 22:00:00,3339.0,6,9,3234.0,3088.5
2024-09-15 23:00:00,3181.5,6,9,3339.0,3234.0
2024-09-21 00:00:00,1738.5,5,9,1825.5,1675.5
2024-09-21 01:00:00,2112.0,5,9,1738.5,1825.5
2024-09-21 02:00:00,2233.5,5,9,2112.0,1738.5
2024-09-21 03:00:00,1782.0,5,9,2233.5,2112.0
2024-09-21 04:00:00,1714.5,5,9,1782.0,2233.5
2024-09-21 05:00:00,1792.5,5,9,1714.5,1782.0
2024-09-21 06:00:00,1671.0,5,9,1792.5,1714.5
2024-09-21 07:00:00,1533.0,5,9,1671.0,1792.5
2024-09-21 08:00:00,1635.0,5,9,1533.0,1671.0
2024-09-21 09:00:00,1786.5,5,9,1635.0,1533.0
2024-09-21 10:00:00,1413.0,5,9,1786.5,1635.0
2024-09-21 11:00:00,1150.5,5,9,1413.0,1786.5
2024-09-21 12:00:00,711.0,5,9,1150.5,1413.0
2024-09-21 13:00:00,2200.5,5,9,711.0,1150.5
2024-09-21 14:00:00,2319.0,5,9,2200.5,711.0
2024-09-21 15:00:00,2773.5,5,9,2319.0,2200.5
2024-09-21 16:00:00,2982.0,5,9,2773.5,2319.0
2024-09-21 17:00:00,3133.5,5,9,2982.0,2773.5
2024-09-21 18:00:00,3592.5,5,9,3133.5,2982.0
2024-09-21 19:00:00,3493.5,5,9,3592.5,3133.5
2024-09-21 20:00:00,3832.5,5,9,3493.5,3592.5
2024-09-21 21:00:00,4341.0,5,9,3832.5,3493.5
2024-09-21 22:00:00,4110.0,5,9,4341.0,3832.5
2024-09-21 23:00:00,2817.0,5,9,4110.0,4341.0
2024-09-22 00:00:00,4149.0,6,9,2817.0,4110.0
2024-09-22 01:00:00,4464.0,6,9,4149.0,2817.0
2024-09-22 02:00:00,4507.5,6,9,4464.0,4149.0
2024-09-22 03:00:00,4224.0,6,9,4507.5,4464.0
2024-09-22 04:00:00,4161.0,6,9,4224.0,4507.5
2024-09-22 05:00:00,4678.5,6,9,4161.0,4224.0
2024-09-22 06:00:00,4423.5,6,9,4678.5,4161.0
2024-09-22 07:00:00,3204.0,6,9,4423.5,4678.5
2024-09-22 08:00:00,2791.5,6,9,3204.0,4423.5
2024-09-22 09:00:00,2407.5,6,9,2791.5,3204.0
2024-09-22 10:00:00,3411.0,6,9,2407.5,2791.5
2024-09-22 11:00:00,2841.0,6,9,3411.0,2407.5
2024-09-22 12:00:00,3180.0,6,9,2841.0,3411.0
2024-09-22 13:00:00,3046.5,6,9,3180.0,2841.0
2024-09-22 14:00:00,3351.0,6,9,3046.5,3180.0
2024-09-22 15:00:00,2604.0,6,9,3351.0,3046.5
2024-09-22 16:00:00,4116.0,6,9,2604.0,3351.0
2024-09-22 17:00:00,4204.5,6,9,4116.0,2604.0
2024-09-22 18:00:00,4420.5,6,9,4204.5,4116.0
2024-09-22 19:00:00,4278.0,6,9,4420.5,4204.5
2024-09-22 20:00:00,4473.0,6,9,4278.0,4420.5
2024-09-22 21:00:00,4441.5,6,9,4473.0,4278.0
2024-09-22 22:00:00,3943.5,6,9,4441.5,4473.0
2024-09-22 23:00:00,3787.5,6,9,3943.5,4441.5
2024-09-28 00:00:00,304.5,5,9,255.0,210.0
2024-09-28 01:00:00,316.5,5,9,304.5,255.0
2024-09-28 02:00:00,315.0,5,9,316.5,304.5
2024-09-28 03:00:00,285.0,5,9,315.0,316.5
2024-09-28 04:00:00,247.5,5,9,285.0,315.0
2024-09-28 05:00:00,190.5,5,9,247.5,285.0
2024-09-28 06:00:00,108.0,5,9,190.5,247.5
2024-09-28 07:00:00,13.5,5,9,108.0,190.5
2024-09-28 08:00:00,345.0,5,9,13.5,108.0
2024-09-28 09:00:00,1218.0,5,9,345.0,13.5
2024-09-28 10:00:00,930.0,5,9,1218.0,345.0
2024-09-28 11:00:00,1591.5,5,9,930.0,1218.0
2024-09-28 12:00:00,1759.5,5,9,1591.5,930.0
2024-09-28 13:00:00,1885.5,5,9,1759.5,1591.5
2024-09-28 14:00:00,1681.5,5,9,1885.5,1759.5
2024-09-28 15:00:00,1755.0,5,9,1681.5,1885.5
2024-09-28 16:00:00,1632.0,5,9,1755.0,1681.5
2024-09-28 17:00:00,2316.0,5,9,1632.0,1755.0
2024-09-28 18:00:00,2802.0,5,9,2316.0,1632.0
2024-09-28 19:00:00,2382.0,5,9,2802.0,2316.0
2024-09-28 20:00:00,2599.5,5,9,2382.0,2802.0
2024-09-28 21:00:00,2631.0,5,9,2599.5,2382.0
2024-09-28 22:00:00,2640.0,5,9,2631.0,2599.5
2024-09-28 23:00:00,1983.0,5,9,2640.0,2631.0
2024-09-29 00:00:00,2200.5,6,9,1983.0,2640.0
2024-09-29 01:00:00,2194.5,6,9,2200.5,1983.0
2024-09-29 02:00:00,2583.0,6,9,2194.5,2200.5
2024-09-29 03:00:00,2958.0,6,9,2583.0,2194.5
2024-09-29 04:00:00,2827.5,6,9,2958.0,2583.0
2024-09-29 05:00:00,2721.0,6,9,2827.5,2958.0
2024-09-29 06:00:00,2622.0,6,9,2721.0,2827.5
2024-09-29 07:00:00,2103.0,6,9,2622.0,2721.0
2024-09-29 08:00:00,1512.0,6,9,2103.0,2622.0
2024-09-29 09:00:00,1062.0,6,9,1512.0,2103.0
2024-09-29 10:00:00,1521.0,6,9,1062.0,1512.0
2024-09-29 11:00:00,2082.0,6,9,1521.0,1062.0
2024-09-29 12:00:00,1728.0,6,9,2082.0,1521.0
2024-09-29 13:00:00,1549.5,6,9,1728.0,2082.0
2024-09-29 14:00:00,1684.5,6,9,1549.5,1728.0
2024-09-29 15:00:00,2167.5,6,9,1684.5,1549.5
2024-09-29 16:00:00,2334.0,6,9,2167.5,1684.5
2024-09-29 17:00:00,2472.0,6,9,2334.0,2167.5
2024-09-29 18:00:00,2001.0,6,9,2472.0,2334.0
2024-09-29 19:00:00,2061.0,6,9,2001.0,2472.0
2024-09-29 20:00:00,2563.5,6,9,2061.0,2001.0
2024-09-29 21:00:00,1636.5,6,9,2563.5,2061.0
2024-09-29 22:00:00,2335.5,6,9,1636.5,2563.5
2024-09-29 23:00:00,2730.0,6,9,2335.5,1636.5
2024-10-05 00:00:00,1930.5,5,10,1807.5,1809.0
2024-10-05 01:00:00,1948.5,5,10,1930.5,1807.5
2024-10-05 02:00:00,1680.0,5,10,1948.5,1930.5
2024-10-05 03:00:00,1711.5,5,10,1680.0,1948.5
2024-10-05 04:00:00,2137.5,5,10,1711.5,1680.0
2024-10-05 05:00:00,2023.5,5,10,2137.5,1711.5
2024-10-05 06:00:00,1620.0,5,10,2023.5,2137.5
2024-10-05 07:00:00,1182.0,5,10,1620.0,2023.5
2024-10-05 08:00:00,868.5,5,10,1182.0,1620.0
2024-10-05 09:00:00,1036.5,5,10,868.5,1182.0
2024-10-05 10:00:00,1414.5,5,10,1036.5,868.5
2024-10-05 11:00:00,1843.5,5,10,1414.5,1036.5
2024-10-05 12:00:00,1828.5,5,10,1843.5,1414.5
2024-10-05 13:00:00,2160.0,5,10,1828.5,1843.5
2024-10-05 14:00:00,2119.5,5,10,2160.0,1828.5
2024-10-05 15:00:00,2794.5,5,10,2119.5,2160.0
2024-10-05 16:00:00,3676.5,5,10,2794.5,2119.5
2024-10-05 17:00:00,4069.5,5,10,3676.5,2794.5
2024-10-05 18:00:00,4167.0,5,10,4069.5,3676.5
2024-10-05 19:00:00,4183.5,5,10,4167.0,4069.5
2024-10-05 20:00:00,4242.0,5,10,4183.5,4167.0
2024-10-05 21:00:00,4152.0,5,10,4242.0,4183.5
2024-10-05 22:00:00,4215.0,5,10,4152.0,4242.0
2024-10-05 23:00:00,4290.0,5,10,4215.0,4152.0
2024-10-06 00:00:00,4336.5,6,10,4290.0,4215.0
2024-10-06 01:00:00,4363.5,6,10,4336.5,4290.0
2024-10-06 02:00:00,3619.5,6,10,4363.5,4336.5
2024-10-06 03:00:00,4387.5,6,10,3619.5,4363.5
2024-10-06 04:00:00,4335.0,6,10,4387.5,3619.5
2024-10-06 05:00:00,3834.0,6,10,4335.0,4387.5
2024-10-06 06:00:00,3625.5,6,10,3834.0,4335.0
2024-10-06 07:00:00,3312.0,6,10,3625.5,3834.0
2024-10-06 08:00:00,2988.0,6,10,3312.0,3625.5
2024-10-06 09:00:00,3114.0,6,10,2988.0,3312.0
2024-10-06 10:00:00,3387.0,6,10,3114.0,2988.0
2024-10-06 11:00:00,3042.0,6,10,3387.0,3114.0
2024-10-06 12:00:00,2757.0,6,10,3042.0,3387.0
2024-10-06 13:00:00,3342.0,6,10,2757.0,3042.0
2024-10-06 14:00:00,3054.0,6,10,3342.0,2757.0
2024-10-06 15:00:00,3016.5,6,10,3054.0,3342.0
2024-10-06 16:00:00,3490.5,6,10,3016.5,3054.0
2024-10-06 17:00:00,4158.0,6,10,3490.5,3016.5
2024-10-06 18:00:00,4411.5,6,10,4158.0,3490.5
2024-10-06 19:00:00,4062.0,6,10,4411.5,4158.0
2024-10-06 20:00:00,3840.0,6,10,4062.0,4411.5
2024-10-06 21:00:00,4584.0,6,10,3840.0,4062.0
2024-10-06 22:00:00,4045.5,6,10,4584.0,3840.0
2024-10-06 23:00:00,4233.0,6,10,4045.5,4584.0
2024-10-12 00:00:00,1707.0,5,10,1704.0,1726.5
2024-10-12 01:00:00,2017.5,5,10,1707.0,1704.0
2024-10-12 02:00:00,1813.5,5,10,2017.5,1707.0
2024-10-12 03:00:00,1683.0,5,10,1813.5,2017.5
2024-10-12 04:00:00,2224.5,5,10,1683.0,1813.5
2024-10-12 05:00:00,2041.5,5,10,2224.5,1683.0
2024-10-12 06:00:00,2385.0,5,10,2041.5,2224.5
2024-10-12 07:00:00,2487.0,5,10,2385.0,2041.5
2024-10-12 08:00:00,2578.5,5,10,2487.0,2385.0
2024-10-12 09:00:00,2212.5,5,10,2578.5,2487.0
2024-10-12 10:00:00,2703.0,5,10,2212.5,2578.5
2024-10-12 11:00:00,2917.5,5,10,2703.0,2212.5
2024-10-12 12:00:00,2724.0,5,10,2917.5,2703.0
2024-10-12 13:00:00,3414.0,5,10,2724.0,2917.5
2024-10-12 14:00:00,3747.0,5,10,3414.0,2724.0
2024-10-12 15:00:00,3952.5,5,10,3747.0,3414.0
2024-10-12 16:00:00,3415.5,5,10,3952.5,3747.0
2024-10-12 17:00:00,3775.5,5,10,3415.5,3952.5
2024-10-12 18:00:00,4494.0,5,10,3775.5,3415.5
2024-10-12 19:00:00,3948.0,5,10,4494.0,3775.5
2024-10-12 20:00:00,3613.5,5,10,3948.0,4494.0
2024-10-12 21:00:00,3906.0,5,10,3613.5,3948.0
2024-10-12 22:00:00,4009.5,5,10,3906.0,3613.5
2024-10-12 23:00:00,3993.0,5,10,4009.5,3906.0
2024-10-13 00:00:00,4110.0,6,10,3993.0,4009.5
2024-10-13 01:00:00,3723.0,6,10,4110.0,3993.0
2024-10-13 02:00:00,3571.5,6,10,3723.0,4110.0
2024-10-13 03:00:00,3985.5,6,10,3571.5,3723.0
2024-10-13 04:00:00,4006.5,6,10,3985.5,3571.5
2024-10-13 05:00:00,4084.5,6,10,4006.5,3985.5
2024-10-13 06:00:00,3436.5,6,10,4084.5,4006.5
2024-10-13 07:00:00,3394.5,6,10,3436.5,4084.5
2024-10-13 08:00:00,2479.5,6,10,3394.5,3436.5
2024-10-13 09:00:00,3037.5,6,10,2479.5,3394.5
2024-10-13 10:00:00,2122.5,6,10,3037.5,2479.5
2024-10-13 11:00:00,1804.5,6,10,2122.5,3037.5
2024-10-13 12:00:00,2200.5,6,10,1804.5,2122.5
2024-10-13 13:00:00,1978.5,6,10,2200.5,1804.5
2024-10-13 14:00:00,2164.5,6,10,1978.5,2200.5
2024-10-13 15:00:00,2856.0,6,10,2164.5,1978.5
2024-10-13 16:00:00,3612.0,6,10,2856.0,2164.5
2024-10-13 17:00:00,3814.5,6,10,3612.0,2856.0
2024-10-13 18:00:00,3901.5,6,10,3814.5,3612.0
2024-10-13 19:00:00,4264.5,6,10,3901.5,3814.5
2024-10-13 20:00:00,4053.0,6,10,4264.5,3901.5
2024-10-13 21:00:00,4033.5,6,10,4053.0,4264.5
2024-10-13 22:00:00,3342.0,6,10,4033.5,4053.0
2024-10-13 23:00:00,3384.0,6,10,3342.0,4033.5
2024-10-19 00:00:00,4344.0,5,10,4468.5,4326.0
2024-10-19 01:00:00,3738.0,5,10,4344.0,4468.5
2024-10-19 02:00:00,4455.0,5,10,3738.0,4344.0
2024-10-19 03:00:00,4267.5,5,10,4455.0,3738.0
2024-10-19 04:00:00,4156.5,5,10,4267.5,4455.0
2024-10-19 05:00:00,4126.5,5,10,4156.5,4267.5
2024-10-19 06:00:00,4509.0,5,10,4126.5,4156.5
2024-10-19 07:00:00,4122.0,5,10,4509.0,4126.5
2024-10-19 08:00:00,3883.5,5,10,4122.0,4509.0
2024-10-19 09:00:00,3444.0,5,10,3883.5,4122.0
2024-10-19 10:00:00,2379.0,5,10,3444.0,3883.5
2024-10-19 11:00:00,2386.5,5,10,2379.0,3444.0
2024-10-19 12:00:00,2877.0,5,10,2386.5,2379.0
2024-10-19 13:00:00,2925.0,5,10,2877.0,2386.5
2024-10-19 14:00:00,2592.0,5,10,2925.0,2877.0
2024-10-19 15:00:00,3096.0,5,10,2592.0,2925.0
2024-10-19 16:00:00,4188.0,5,10,3096.0,2592.0
2024-10-19 17:00:00,4381.5,5,10,4188.0,3096.0
2024-10-19 18:00:00,4558.5,5,10,4381.5,4188.0
2024-10-19 19:00:00,4387.5,5,10,4558.5,4381.5
2024-10-19 20:00:00,4233.0,5,10,4387.5,4558.5
2024-10-19 21:00:00,4410.0,5,10,4233.0,4387.5
2024-10-19 22:00:00,4033.5,5,10,4410.0,4233.0
2024-10-19 23:00:00,4396.5,5,10,4033.5,4410.0
2024-10-20 00:00:00,4161.0,6,10,4396.5,4033.5
2024-10-20 01:00:00,3975.0,6,10,4161.0,4396.5
2024-10-20 02:00:00,4465.5,6,10,3975.0,4161.0
2024-10-20 03:00:00,4356.0,6,10,4465.5,3975.0
2024-10-20 04:00:00,4366.5,6,10,4356.0,4465.5
2024-10-20 05:00:00,4383.0,6,10,4366.5,4356.0
2024-10-20 06:00:00,4294.5,6,10,4383.0,4366.5
2024-10-20 07:00:00,3801.0,6,10,4294.5,4383.0
2024-10-20 08:00:00,3583.5,6,10,3801.0,4294.5
2024-10-20 09:00:00,3168.0,6,10,3583.5,3801.0
2024-10-20 10:00:00,2782.5,6,10,3168.0,3583.5
2024-10-20 11:00:00,2922.0,6,10,2782.5,3168.0
2024-10-20 12:00:00,3100.5,6,10,2922.0,2782.5
2024-10-20 13:00:00,2718.0,6,10,3100.5,2922.0
2024-10-20 14:00:00,2244.0,6,10,2718.0,3100.5
2024-10-20 15:00:00,2532.0,6,10,2244.0,2718.0
2024-10-20 16:00:00,3174.0,6,10,2532.0,2244.0
2024-10-20 17:00:00,3961.5,6,10,3174.0,2532.0
2024-10-20 18:00:00,4087.5,6,10,3961.5,3174.0
2024-10-20 19:00:00,3648.0,6,10,4087.5,3961.5
2024-10-20 20:00:00,4144.5,6,10,3648.0,4087.5
2024-10-20 21:00:00,4353.0,6,10,4144.5,3648.0
2024-10-20 22:00:00,4182.0,6,10,4353.0,4144.5
2024-10-20 23:00:00,3669.0,6,10,4182.0,4353.0
2024-10-23 00:00:00,4342.5,2,10,4357.5,4278.0
2024-10-26 00:00:00,3823.5,5,10,3904.5,3982.5
2024-10-26 01:00:00,3514.5,5,10,3823.5,3904.5
2024-10-26 02:00:00,3586.5,5,10,3514.5,3823.5
2024-10-26 03:00:00,4366.5,5,10,3586.5,3514.5
2024-10-26 04:00:00,3787.5,5,10,4366.5,3586.5
2024-10-26 05:00:00,4261.5,5,10,3787.5,4366.5
2024-10-26 06:00:00,4086.0,5,10,4261.5,3787.5
2024-10-26 07:00:00,3490.5,5,10,4086.0,4261.5
2024-10-26 08:00:00,2862.0,5,10,3490.5,4086.0
2024-10-26 09:00:00,3009.0,5,10,2862.0,3490.5
2024-10-26 10:00:00,2277.0,5,10,3009.0,2862.0
2024-10-26 11:00:00,1948.5,5,10,2277.0,3009.0
2024-10-26 12:00:00,2169.0,5,10,1948.5,2277.0
2024-10-26 13:00:00,2745.0,5,10,2169.0,1948.5
2024-10-26 14:00:00,3888.0,5,10,2745.0,2169.0
2024-10-26 15:00:00,3114.0,5,10,3888.0,2745.0
2024-10-26 16:00:00,3832.5,5,10,3114.0,3888.0
2024-10-26 17:00:00,4221.0,5,10,3832.5,3114.0
2024-10-26 18:00:00,4345.5,5,10,4221.0,3832.5
2024-10-26 19:00:00,3891.0,5,10,4345.5,4221.0
2024-10-26 20:00:00,4185.0,5,10,3891.0,4345.5
2024-10-26 21:00:00,4485.0,5,10,4185.0,3891.0
2024-10-26 22:00:00,4585.5,5,10,4485.0,4185.0
2024-10-26 23:00:00,4255.5,5,10,4585.5,4485.0
2024-10-27 00:00:00,4435.5,6,10,4255.5,4585.5
2024-10-27 01:00:00,4219.5,6,10,4435.5,4255.5
2024-10-27 02:00:00,3895.5,6,10,4219.5,4435.5
2024-10-27 03:00:00,4675.5,6,10,3895.5,4219.5
2024-10-27 04:00:00,3946.5,6,10,4675.5,3895.5
2024-10-27 05:00:00,3568.5,6,10,3946.5,4675.5
2024-10-27 06:00:00,3859.5,6,10,3568.5,3946.5
2024-10-27 07:00:00,4021.5,6,10,3859.5,3568.5
2024-10-27 08:00:00,3505.5,6,10,4021.5,3859.5
2024-10-27 09:00:00,4414.5,6,10,3505.5,4021.5
2024-10-27 10:00:00,3939.0,6,10,4414.5,3505.5
2024-10-27 11:00:00,3570.0,6,10,3939.0,4414.5
2024-10-27 12:00:00,3624.0,6,10,3570.0,3939.0
2024-10-27 13:00:00,3691.5,6,10,3624.0,3570.0
2024-10-27 14:00:00,4078.5,6,10,3691.5,3624.0
2024-10-27 15:00:00,3859.5,6,10,4078.5,3691.5
2024-10-27 16:00:00,4000.5,6,10,3859.5,4078.5
2024-10-27 17:00:00,4005.0,6,10,4000.5,3859.5
2024-10-27 18:00:00,4428.0,6,10,4005.0,4000.5
2024-10-27 19:00:00,4113.0,6,10,4428.0,4005.0
2024-10-27 20:00:00,3799.5,6,10,4113.0,4428.0
2024-10-27 21:00:00,4429.5,6,10,3799.5,4113.0
2024-10-27 22:00:00,3793.5,6,10,4429.5,3799.5
2024-10-27 23:00:00,3606.0,6,10,3793.5,4429.5
2024-11-02 00:00:00,4324.5,5,11,4051.5,4402.5
2024-11-02 01:00:00,4285.5,5,11,4324.5,4051.5
2024-11-02 02:00:00,4197.0,5,11,4285.5,4324.5
2024-11-02 03:00:00,4171.5,5,11,4197.0,4285.5
2024-11-02 04:00:00,4350.0,5,11,4171.5,4197.0
2024-11-02 05:00:00,3805.5,5,11,4350.0,4171.5
2024-11-02 06:00:00,3759.0,5,11,3805.5,4350.0
2024-11-02 07:00:00,3331.5,5,11,3759.0,3805.5
2024-11-02 08:00:00,2830.5,5,11,3331.5,3759.0
2024-11-02 09:00:00,2163.0,5,11,2830.5,3331.5
2024-11-02 10:00:00,1905.0,5,11,2163.0,2830.5
2024-11-02 11:00:00,1825.5,5,11,1905.0,2163.0
2024-11-02 12:00:00,1987.5,5,11,1825.5,1905.0
2024-11-02 13:00:00,2406.0,5,11,1987.5,1825.5
2024-11-02 14:00:00,2811.0,5,11,2406.0,1987.5
2024-11-02 15:00:00,3354.0,5,11,2811.0,2406.0
2024-11-02 16:00:00,3927.0,5,11,3354.0,2811.0
2024-11-02 17:00:00,4212.0,5,11,3927.0,3354.0
2024-11-02 18:00:00,4300.5,5,11,4212.0,3927.0
2024-11-02 19:00:00,4254.0,5,11,4300.5,4212.0
2024-11-02 20:00:00,4284.0,5,11,4254.0,4300.5
2024-11-02 21:00:00,4305.0,5,11,4284.0,4254.0
2024-11-02 22:00:00,4219.5,5,11,4305.0,4284.0
2024-11-02 23:00:00,4281.0,5,11,4219.5,4305.0
2024-11-03 00:00:00,4168.5,6,11,4281.0,4219.5
2024-11-03 01:00:00,4455.0,6,11,4168.5,4281.0
2024-11-03 02:00:00,4095.0,6,11,4455.0,4168.5
2024-11-03 03:00:00,3718.5,6,11,4095.0,4455.0
2024-11-03 04:00:00,4401.0,6,11,3718.5,4095.0
2024-11-03 05:00:00,4110.0,6,11,4401.0,3718.5
2024-11-03 06:00:00,4278.0,6,11,4110.0,4401.0
2024-11-03 07:00:00,3592.5,6,11,4278.0,4110.0
2024-11-03 08:00:00,3075.0,6,11,3592.5,4278.0
2024-11-03 09:00:00,2887.5,6,11,3075.0,3592.5
2024-11-03 10:00:00,2532.0,6,11,2887.5,3075.0
2024-11-03 11:00:00,2194.5,6,11,2532.0,2887.5
2024-11-03 12:00:00,2085.0,6,11,2194.5,2532.0
2024-11-03 13:00:00,2256.0,6,11,2085.0,2194.5
2024-11-03 14:00:00,2991.0,6,11,2256.0,2085.0
2024-11-03 15:00:00,3384.0,6,11,2991.0,2256.0
2024-11-03 16:00:00,3259.5,6,11,3384.0,2991.0
2024-11-03 17:00:00,3762.0,6,11,3259.5,3384.0
2024-11-03 18:00:00,4146.0,6,11,3762.0,3259.5
2024-11-03 19:00:00,4456.5,6,11,4146.0,3762.0
2024-11-03 20:00:00,4348.5,6,11,4456.5,4146.0
2024-11-03 21:00:00,4612.5,6,11,4348.5,4456.5
2024-11-03 22:00:00,4225.5,6,11,4612.5,4348.5
2024-11-03 23:00:00,4135.5,6,11,4225.5,4612.5
2024-11-09 00:00:00,4519.5,5,11,4327.5,4156.5
2024-11-09 01:00:00,3912.0,5,11,4519.5,4327.5
2024-11-09 02:00:00,3925.5,5,11,3912.0,4519.5
2024-11-09 03:00:00,3864.0,5,11,3925.5,3912.0
2024-11-09 04:00:00,4305.0,5,11,3864.0,3925.5
2024-11-09 05:00:00,4471.5,5,11,4305.0,3864.0
2024-11-09 06:00:00,4566.0,5,11,4471.5,4305.0
2024-11-09 07:00:00,3783.0,5,11,4566.0,4471.5
2024-11-09 08:00:00,3046.5,5,11,3783.0,4566.0
2024-11-09 09:00:00,2560.5,5,11,3046.5,3783.0
2024-11-09 10:00:00,1977.0,5,11,2560.5,3046.5
2024-11-09 11:00:00,2073.0,5,11,1977.0,2560.5
2024-11-09 12:00:00,1924.5,5,11,2073.0,1977.0
2024-11-09 13:00:00,2328.0,5,11,1924.5,2073.0
2024-11-09 14:00:00,2763.0,5,11,2328.0,1924.5
2024-11-09 15:00:00,2940.0,5,11,2763.0,2328.0
2024-11-09 16:00:00,3988.5,5,11,2940.0,2763.0
2024-11-09 17:00:00,4489.5,5,11,3988.5,2940.0
2024-11-09 18:00:00,4324.5,5,11,4489.5,3988.5
2024-11-09 19:00:00,4246.5,5,11,4324.5,4489.5
2024-11-09 20:00:00,4467.0,5,11,4246.5,4324.5
2024-11-09 21:00:00,4584.0,5,11,4467.0,4246.5
2024-11-09 22:00:00,4315.5,5,11,4584.0,4467.0
2024-11-09 23:00:00,4186.5,5,11,4315.5,4584.0
2024-11-10 00:00:00,4371.0,6,11,4186.5,4315.5
2024-11-10 01:00:00,4180.5,6,11,4371.0,4186.5
2024-11-10 02:00:00,4230.0,6,11,4180.5,4371.0
2024-11-10 03:00:00,4416.0,6,11,4230.0,4180.5
2024-11-10 04:00:00,4393.5,6,11,4416.0,4230.0
2024-11-10 05:00:00,4275.0,6,11,4393.5,4416.0
2024-11-10 06:00:00,4402.5,6,11,4275.0,4393.5
2024-11-10 07:00:00,3486.0,6,11,4402.5,4275.0
2024-11-10 08:00:00,2997.0,6,11,3486.0,4402.5
2024-11-10 09:00:00,2607.0,6,11,2997.0,3486.0
2024-11-10 10:00:00,1918.5,6,11,2607.0,2997.0
2024-11-10 11:00:00,1971.0,6,11,1918.5,2607.0
2024-11-10 12:00:00,2109.0,6,11,1971.0,1918.5
2024-11-10 13:00:00,2395.5,6,11,2109.0,1971.0
2024-11-10 14:00:00,2242.5,6,11,2395.5,2109.0
2024-11-10 15:00:00,2551.5,6,11,2242.5,2395.5
2024-11-10 16:00:00,3375.0,6,11,2551.5,2242.5
2024-11-10 17:00:00,3535.5,6,11,3375.0,2551.5
2024-11-10 18:00:00,4054.5,6,11,3535.5,3375.0
2024-11-10 19:00:00,3927.0,6,11,4054.5,3535.5
2024-11-10 20:00:00,3793.5,6,11,3927.0,4054.5
2024-11-10 21:00:00,4558.5,6,11,3793.5,3927.0
2024-11-10 22:00:00,3985.5,6,11,4558.5,3793.5
2024-11-10 23:00:00,4240.5,6,11,3985.5,4558.5
2024-11-16 00:00:00,456.0,5,11,469.5,411.0
2024-11-16 01:00:00,430.5,5,11,456.0,469.5
2024-11-16 02:00:00,451.5,5,11,430.5,456.0
2024-11-16 03:00:00,511.5,5,11,451.5,430.5
2024-11-16 04:00:00,568.5,5,11,511.5,451.5
2024-11-16 05:00:00,553.5,5,11,568.5,511.5
2024-11-16 06:00:00,988.5,5,11,553.5,568.5
2024-11-16 07:00:00,1522.5,5,11,988.5,553.5
2024-11-16 08:00:00,2067.0,5,11,1522.5,988.5
2024-11-16 09:00:00,2626.5,5,11,2067.0,1522.5
2024-11-16 10:00:00,2206.5,5,11,2626.5,2067.0
2024-11-16 11:00:00,2115.0,5,11,2206.5,2626.5
2024-11-16 12:00:00,1993.5,5,11,2115.0,2206.5
2024-11-16 13:00:00,2041.5,5,11,1993.5,2115.0
2024-11-16 14:00:00,1917.0,5,11,2041.5,1993.5
2024-11-16 15:00:00,2841.0,5,11,1917.0,2041.5
2024-11-16 16:00:00,3243.0,5,11,2841.0,1917.0
2024-11-16 17:00:00,3909.0,5,11,3243.0,2841.0
2024-11-16 18:00:00,4432.5,5,11,3909.0,3243.0
2024-11-16 19:00:00,4098.0,5,11,4432.5,3909.0
2024-11-16 20:00:00,3922.5,5,11,4098.0,4432.5
2024-11-16 21:00:00,4603.5,5,11,3922.5,4098.0
2024-11-16 22:00:00,3820.5,5,11,4603.5,3922.5
2024-11-16 23:00:00,3969.0,5,11,3820.5,4603.5
2024-11-17 00:00:00,4204.5,6,11,3969.0,3820.5
2024-11-17 01:00:00,4011.0,6,11,4204.5,3969.0
2024-11-17 02:00:00,3949.5,6,11,4011.0,4204.5
2024-11-17 03:00:00,3861.0,6,11,3949.5,4011.0
2024-11-17 04:00:00,4218.0,6,11,3861.0,3949.5
2024-11-17 05:00:00,4341.0,6,11,4218.0,3861.0
2024-11-17 06:00:00,4107.0,6,11,4341.0,4218.0
2024-11-17 07:00:00,3841.5,6,11,4107.0,4341.0
2024-11-17 08:00:00,2689.5,6,11,3841.5,4107.0
2024-11-17 09:00:00,2487.0,6,11,2689.5,3841.5
2024-11-17 10:00:00,1902.0,6,11,2487.0,2689.5
2024-11-17 11:00:00,1926.0,6,11,1902.0,2487.0
2024-11-17 12:00:00,1924.5,6,11,1926.0,1902.0
2024-11-17 13:00:00,2902.5,6,11,1924.5,1926.0
2024-11-17 14:00:00,2812.5,6,11,2902.5,1924.5
2024-11-17 15:00:00,3426.0,6,11,2812.5,2902.5
2024-11-17 16:00:00,3186.0,6,11,3426.0,2812.5
2024-11-17 17:00:00,4041.0,6,11,3186.0,3426.0
2024-11-17 18:00:00,4224.0,6,11,4041.0,3186.0
2024-11-17 19:00:00,4309.5,6,11,4224.0,4041.0
2024-11-17 20:00:00,3828.0,6,11,4309.5,4224.0
2024-11-17 21:00:00,4215.0,6,11,3828.0,4309.5
2024-11-17 22:00:00,4401.0,6,11,4215.0,3828.0
2024-11-17 23:00:00,4222.5,6,11,4401.0,4215.0
2024-11-23 00:00:00,2136.0,5,11,1977.0,2071.5
2024-11-23 01:00:00,2044.5,5,11,2136.0,1977.0
2024-11-23 02:00:00,2068.5,5,11,2044.5,2136.0
2024-11-23 03:00:00,1921.5,5,11,2068.5,2044.5
2024-11-23 04:00:00,1959.0,5,11,1921.5,2068.5
2024-11-23 05:00:00,2118.0,5,11,1959.0,1921.5
2024-11-23 06:00:00,2664.0,5,11,2118.0,1959.0
2024-11-23 07:00:00,2527.5,5,11,2664.0,2118.0
2024-11-23 08:00:00,2068.5,5,11,2527.5,2664.0
2024-11-23 09:00:00,2532.0,5,11,2068.5,2527.5
2024-11-23 10:00:00,2122.5,5,11,2532.0,2068.5
2024-11-23 11:00:00,2269.5,5,11,2122.5,2532.0
2024-11-23 12:00:00,2053.5,5,11,2269.5,2122.5
2024-11-23 13:00:00,3115.5,5,11,2053.5,2269.5
2024-11-23 14:00:00,2931.0,5,11,3115.5,2053.5
2024-11-23 15:00:00,3204.0,5,11,2931.0,3115.5
2024-11-23 16:00:00,4291.5,5,11,3204.0,2931.0
2024-11-23 17:00:00,4168.5,5,11,4291.5,3204.0
2024-11-23 18:00:00,4581.0,5,11,4168.5,4291.5
2024-11-23 19:00:00,4155.0,5,11,4581.0,4168.5
2024-11-23 20:00:00,3922.5,5,11,4155.0,4581.0
2024-11-23 21:00:00,4531.5,5,11,3922.5,4155.0
2024-11-23 22:00:00,3970.5,5,11,4531.5,3922.5
2024-11-23 23:00:00,4186.5,5,11,3970.5,4531.5
2024-11-24 00:00:00,4608.0,6,11,4186.5,3970.5
2024-11-24 01:00:00,4288.5,6,11,4608.0,4186.5
2024-11-24 02:00:00,4339.5,6,11,4288.5,4608.0
2024-11-24 03:00:00,4179.0,6,11,4339.5,4288.5
2024-11-24 04:00:00,4279.5,6,11,4179.0,4339.5
2024-11-24 05:00:00,4375.5,6,11,4279.5,4179.0
2024-11-24 06:00:00,4293.0,6,11,4375.5,4279.5
2024-11-24 07:00:00,3486.0,6,11,4293.0,4375.5
2024-11-24 08:00:00,2745.0,6,11,3486.0,4293.0
2024-11-24 09:00:00,2883.0,6,11,2745.0,3486.0
2024-11-24 10:00:00,2824.5,6,11,2883.0,2745.0
2024-11-24 11:00:00,2529.0,6,11,2824.5,2883.0
2024-11-24 12:00:00,1870.5,6,11,2529.0,2824.5
2024-11-24 13:00:00,2796.0,6,11,1870.5,2529.0
2024-11-24 14:00:00,2824.5,6,11,2796.0,1870.5
2024-11-24 15:00:00,3573.0,6,11,2824.5,2796.0
2024-11-24 16:00:00,4359.0,6,11,3573.0,2824.5
2024-11-24 17:00:00,4135.5,6,11,4359.0,3573.0
2024-11-24 18:00:00,4569.0,6,11,4135.5,4359.0
2024-11-24 19:00:00,4179.0,6,11,4569.0,4135.5
2024-11-24 20:00:00,4285.5,6,11,4179.0,4569.0
2024-11-24 21:00:00,4338.0,6,11,4285.5,4179.0
2024-11-24 22:00:00,3928.5,6,11,4338.0,4285.5
2024-11-24 23:00:00,4318.5,6,11,3928.5,4338.0
2024-11-30 00:00:00,2184.0,5,11,1966.5,1803.0
2024-11-30 01:00:00,2233.5,5,11,2184.0,1966.5
2024-11-30 02:00:00,2182.5,5,11,2233.5,2184.0
2024-11-30 03:00:00,1807.5,5,11,2182.5,2233.5
2024-11-30 04:00:00,2281.5,5,11,1807.5,2182.5
2024-11-30 05:00:00,2050.5,5,11,2281.5,1807.5
2024-11-30 06:00:00,2736.0,5,11,2050.5,2281.5
2024-11-30 07:00:00,3112.5,5,11,2736.0,2050.5
2024-11-30 08:00:00,2514.0,5,11,3112.5,2736.0
2024-11-30 09:00:00,2143.5,5,11,2514.0,3112.5
2024-11-30 10:00:00,2091.0,5,11,2143.5,2514.0
2024-11-30 11:00:00,2047.5,5,11,2091.0,2143.5
2024-11-30 12:00:00,2032.5,5,11,2047.5,2091.0
2024-11-30 13:00:00,2550.0,5,11,2032.5,2047.5
2024-11-30 14:00:00,2970.0,5,11,2550.0,2032.5
2024-11-30 15:00:00,3256.5,5,11,2970.0,2550.0
2024-11-30 16:00:00,4033.5,5,11,3256.5,2970.0
2024-11-30 17:00:00,4698.0,5,11,4033.5,3256.5
2024-11-30 18:00:00,4342.5,5,11,4698.0,4033.5
2024-11-30 19:00:00,4347.0,5,11,4342.5,4698.0
2024-11-30 20:00:00,4482.0,5,11,4347.0,4342.5
2024-11-30 21:00:00,3685.5,5,11,4482.0,4347.0
2024-11-30 22:00:00,4008.0,5,11,3685.5,4482.0
2024-11-30 23:00:00,4582.5,5,11,4008.0,3685.5
2024-12-01 00:00:00,4579.5,6,12,4582.5,4008.0
2024-12-01 01:00:00,3816.0,6,12,4579.5,4582.5
2024-12-01 02:00:00,4179.0,6,12,3816.0,4579.5
2024-12-01 03:00:00,4230.0,6,12,4179.0,3816.0
2024-12-01 04:00:00,4537.5,6,12,4230.0,4179.0
2024-12-01 05:00:00,4644.0,6,12,4537.5,4230.0
2024-12-01 06:00:00,4318.5,6,12,4644.0,4537.5
2024-12-01 07:00:00,3843.0,6,12,4318.5,4644.0
2024-12-01 08:00:00,2772.0,6,12,3843.0,4318.5
2024-12-01 09:00:00,2709.0,6,12,2772.0,3843.0
2024-12-01 10:00:00,2307.0,6,12,2709.0,2772.0
2024-12-01 11:00:00,1996.5,6,12,2307.0,2709.0
2024-12-01 12:00:00,1984.5,6,12,1996.5,2307.0
2024-12-01 13:00:00,2538.0,6,12,1984.5,1996.5
2024-12-01 14:00:00,2845.5,6,12,2538.0,1984.5
2024-12-01 15:00:00,3213.0,6,12,2845.5,2538.0
2024-12-01 16:00:00,3928.5,6,12,3213.0,2845.5
2024-12-01 17:00:00,3945.0,6,12,3928.5,3213.0
2024-12-01 18:00:00,4227.0,6,12,3945.0,3928.5
2024-12-01 19:00:00,4416.0,6,12,4227.0,3945.0
2024-12-01 20:00:00,4395.0,6,12,4416.0,4227.0
2024-12-01 21:00:00,4287.0,6,12,4395.0,4416.0
2024-12-01 22:00:00,4809.0,6,12,4287.0,4395.0
2024-12-01 23:00:00,4059.0,6,12,4809.0,4287.0
2024-12-05 00:00:00,3879.0,3,12,4080.0,4042.5
2024-12-07 00:00:00,3747.0,5,12,3982.5,3687.0
2024-12-07 01:00:00,4143.0,5,12,3747.0,3982.5
2024-12-07 02:00:00,3768.0,5,12,4143.0,3747.0
2024-12-07 03:00:00,3774.0,5,12,3768.0,4143.0
2024-12-07 04:00:00,4372.5,5,12,3774.0,3768.0
2024-12-07 05:00:00,4440.0,5,12,4372.5,3774.0
2024-12-07 06:00:00,4387.5,5,12,4440.0,4372.5
2024-12-07 07:00:00,3669.0,5,12,4387.5,4440.0
2024-12-07 08:00:00,2148.0,5,12,3669.0,4387.5
2024-12-07 09:00:00,913.5,5,12,2148.0,3669.0
2024-12-07 10:00:00,2217.0,5,12,913.5,2148.0
2024-12-07 11:00:00,2722.5,5,12,2217.0,913.5
2024-12-07 12:00:00,2439.0,5,12,2722.5,2217.0
2024-12-07 13:00:00,2842.5,5,12,2439.0,2722.5
2024-12-07 14:00:00,2308.5,5,12,2842.5,2439.0
2024-12-07 15:00:00,3652.5,5,12,2308.5,2842.5
2024-12-07 16:00:00,4342.5,5,12,3652.5,2308.5
2024-12-07 17:00:00,4521.0,5,12,4342.5,3652.5
2024-12-07 18:00:00,4131.0,5,12,4521.0,4342.5
2024-12-07 19:00:00,4387.5,5,12,4131.0,4521.0
2024-12-07 20:00:00,4254.0,5,12,4387.5,4131.0
2024-12-07 21:00:00,4522.5,5,12,4254.0,4387.5
2024-12-07 22:00:00,4024.5,5,12,4522.5,4254.0
2024-12-07 23:00:00,3694.5,5,12,4024.5,4522.5
2024-12-08 00:00:00,4449.0,6,12,3694.5,4024.5
2024-12-08 01:00:00,4135.5,6,12,4449.0,3694.5
2024-12-08 02:00:00,3652.5,6,12,4135.5,4449.0
2024-12-08 03:00:00,4204.5,6,12,3652.5,4135.5
2024-12-08 04:00:00,4333.5,6,12,4204.5,3652.5
2024-12-08 05:00:00,4027.5,6,12,4333.5,4204.5
2024-12-08 06:00:00,3834.0,6,12,4027.5,4333.5
2024-12-08 07:00:00,2833.5,6,12,3834.0,4027.5
2024-12-08 08:00:00,1857.0,6,12,2833.5,3834.0
2024-12-08 09:00:00,1917.0,6,12,1857.0,2833.5
2024-12-08 10:00:00,1689.0,6,12,1917.0,1857.0
2024-12-08 11:00:00,1351.5,6,12,1689.0,1917.0
2024-12-08 12:00:00,1209.0,6,12,1351.5,1689.0
2024-12-08 13:00:00,1380.0,6,12,1209.0,1351.5
2024-12-08 14:00:00,1750.5,6,12,1380.0,1209.0
2024-12-08 15:00:00,1794.0,6,12,1750.5,1380.0
2024-12-08 16:00:00,2446.5,6,12,1794.0,1750.5
2024-12-08 17:00:00,2805.0,6,12,2446.5,1794.0
2024-12-08 18:00:00,2896.5,6,12,2805.0,2446.5
2024-12-08 19:00:00,2920.5,6,12,2896.5,2805.0
2024-12-08 20:00:00,3226.5,6,12,2920.5,2896.5
2024-12-08 21:00:00,4284.0,6,12,3226.5,2920.5
2024-12-08 22:00:00,3849.0,6,12,4284.0,3226.5
2024-12-08 23:00:00,4305.0,6,12,3849.0,4284.0
2024-12-10 00:00:00,4407.0,1,12,3678.0,4255.5
2024-12-14 00:00:00,2134.5,5,12,1905.0,2100.0
2024-12-14 01:00:00,1974.0,5,12,2134.5,1905.0
2024-12-14 02:00:00,1963.5,5,12,1974.0,2134.5
2024-12-14 03:00:00,1804.5,5,12,1963.5,1974.0
2024-12-14 04:00:00,2062.5,5,12,1804.5,1963.5
2024-12-14 05:00:00,2442.0,5,12,2062.5,1804.5
2024-12-14 06:00:00,2685.0,5,12,2442.0,2062.5
2024-12-14 07:00:00,2343.0,5,12,2685.0,2442.0
2024-12-14 08:00:00,3226.5,5,12,2343.0,2685.0
2024-12-14 09:00:00,3535.5,5,12,3226.5,2343.0
2024-12-14 10:00:00,3282.0,5,12,3535.5,3226.5
2024-12-14 11:00:00,3781.5,5,12,3282.0,3535.5
2024-12-14 12:00:00,3076.5,5,12,3781.5,3282.0
2024-12-14 13:00:00,2434.5,5,12,3076.5,3781.5
2024-12-14 14:00:00,3184.5,5,12,2434.5,3076.5
2024-12-14 15:00:00,3636.0,5,12,3184.5,2434.5
2024-12-14 16:00:00,4305.0,5,12,3636.0,3184.5
2024-12-14 17:00:00,4459.5,5,12,4305.0,3636.0
2024-12-14 18:00:00,4546.5,5,12,4459.5,4305.0
2024-12-14 19:00:00,4459.5,5,12,4546.5,4459.5
2024-12-14 20:00:00,4038.0,5,12,4459.5,4546.5
2024-12-14 21:00:00,4305.0,5,12,4038.0,4459.5
2024-12-14 22:00:00,4329.0,5,12,4305.0,4038.0
2024-12-14 23:00:00,4501.5,5,12,4329.0,4305.0
2024-12-15 00:00:00,4291.5,6,12,4501.5,4329.0
2024-12-15 01:00:00,4525.5,6,12,4291.5,4501.5
2024-12-15 02:00:00,4497.0,6,12,4525.5,4291.5
2024-12-15 03:00:00,4416.0,6,12,4497.0,4525.5
2024-12-15 04:00:00,4249.5,6,12,4416.0,4497.0
2024-12-15 05:00:00,4491.0,6,12,4249.5,4416.0
2024-12-15 06:00:00,4651.5,6,12,4491.0,4249.5
2024-12-15 07:00:00,4183.5,6,12,4651.5,4491.0
2024-12-15 08:00:00,3064.5,6,12,4183.5,4651.5
2024-12-15 09:00:00,3193.5,6,12,3064.5,4183.5
2024-12-15 10:00:00,2410.5,6,12,3193.5,3064.5
2024-12-15 11:00:00,2709.0,6,12,2410.5,3193.5
2024-12-15 12:00:00,2583.0,6,12,2709.0,2410.5
2024-12-15 13:00:00,2167.5,6,12,2583.0,2709.0
2024-12-15 14:00:00,2224.5,6,12,2167.5,2583.0
2024-12-15 15:00:00,3604.5,6,12,2224.5,2167.5
2024-12-15 16:00:00,3936.0,6,12,3604.5,2224.5
2024-12-15 17:00:00,4248.0,6,12,3936.0,3604.5
2024-12-15 18:00:00,4419.0,6,12,4248.0,3936.0
2024-12-15 19:00:00,4429.5,6,12,4419.0,4248.0
2024-12-15 20:00:00,4143.0,6,12,4429.5,4419.0
2024-12-15 21:00:00,3985.5,6,12,4143.0,4429.5
2024-12-15 22:00:00,3538.5,6,12,3985.5,4143.0
2024-12-15 23:00:00,2689.5,6,12,3538.5,3985.5
2024-12-21 00:00:00,471.0,5,12,489.0,447.0
2024-12-21 01:00:00,481.5,5,12,471.0,489.0
2024-12-21 02:00:00,498.0,5,12,481.5,471.0
2024-12-21 03:00:00,486.0,5,12,498.0,481.5
2024-12-21 04:00:00,657.0,5,12,486.0,498.0
2024-12-21 05:00:00,612.0,5,12,657.0,486.0
2024-12-21 06:00:00,1300.5,5,12,612.0,657.0
2024-12-21 07:00:00,1384.5,5,12,1300.5,612.0
2024-12-21 08:00:00,1662.0,5,12,1384.5,1300.5
2024-12-21 09:00:00,1248.0,5,12,1662.0,1384.5
2024-12-21 10:00:00,1227.0,5,12,1248.0,1662.0
2024-12-21 11:00:00,1608.0,5,12,1227.0,1248.0
2024-12-21 12:00:00,1647.0,5,12,1608.0,1227.0
2024-12-21 13:00:00,1818.0,5,12,1647.0,1608.0
2024-12-21 14:00:00,1659.0,5,12,1818.0,1647.0
2024-12-21 15:00:00,2199.0,5,12,1659.0,1818.0
2024-12-21 16:00:00,2442.0,5,12,2199.0,1659.0
2024-12-21 17:00:00,2905.5,5,12,2442.0,2199.0
2024-12-21 18:00:00,2971.5,5,12,2905.5,2442.0
2024-12-21 19:00:00,2385.0,5,12,2971.5,2905.5
2024-12-21 20:00:00,2512.5,5,12,2385.0,2971.5
2024-12-21 21:00:00,2970.0,5,12,2512.5,2385.0
2024-12-21 22:00:00,2850.0,5,12,2970.0,2512.5
2024-12-21 23:00:00,2131.5,5,12,2850.0,2970.0
2024-12-22 00:00:00,3109.5,6,12,2131.5,2850.0
2024-12-22 01:00:00,2692.5,6,12,3109.5,2131.5
2024-12-22 02:00:00,2479.5,6,12,2692.5,3109.5
2024-12-22 03:00:00,2670.0,6,12,2479.5,2692.5
2024-12-22 04:00:00,3142.5,6,12,2670.0,2479.5
2024-12-22 05:00:00,1908.0,6,12,3142.5,2670.0
2024-12-22 06:00:00,2994.0,6,12,1908.0,3142.5
2024-12-22 07:00:00,2583.0,6,12,2994.0,1908.0
2024-12-22 08:00:00,1983.0,6,12,2583.0,2994.0
2024-12-22 09:00:00,2076.0,6,12,1983.0,2583.0
2024-12-22 10:00:00,1548.0,6,12,2076.0,1983.0
2024-12-22 11:00:00,1687.5,6,12,1548.0,2076.0
2024-12-22 12:00:00,1386.0,6,12,1687.5,1548.0
2024-12-22 13:00:00,1662.0,6,12,1386.0,1687.5
2024-12-22 14:00:00,1405.5,6,12,1662.0,1386.0
2024-12-22 15:00:00,2337.0,6,12,1405.5,1662.0
2024-12-22 16:00:00,2445.0,6,12,2337.0,1405.5
2024-12-22 17:00:00,2811.0,6,12,2445.0,2337.0
2024-12-22 18:00:00,2602.5,6,12,2811.0,2445.0
2024-12-22 19:00:00,2548.5,6,12,2602.5,2811.0
2024-12-22 20:00:00,2683.5,6,12,2548.5,2602.5
2024-12-22 21:00:00,2809.5,6,12,2683.5,2548.5
2024-12-22 22:00:00,2700.0,6,12,2809.5,2683.5
2024-12-22 23:00:00,2815.5,6,12,2700.0,2809.5
2024-12-28 00:00:00,67.5,5,12,63.0,63.0
2024-12-28 01:00:00,69.0,5,12,67.5,63.0
2024-12-28 02:00:00,60.0,5,12,69.0,67.5
2024-12-28 03:00:00,69.0,5,12,60.0,69.0
2024-12-28 04:00:00,69.0,5,12,69.0,60.0
2024-12-28 05:00:00,63.0,5,12,69.0,69.0
2024-12-28 06:00:00,54.0,5,12,63.0,69.0
2024-12-28 07:00:00,12.0,5,12,54.0,63.0
2024-12-28 08:00:00,0.0,5,12,12.0,54.0
2024-12-28 09:00:00,0.0,5,12,0.0,12.0
2024-12-28 10:00:00,0.0,5,12,0.0,0.0
2024-12-28 11:00:00,0.0,5,12,0.0,0.0
2024-12-28 12:00:00,0.0,5,12,0.0,0.0
2024-12-28 13:00:00,0.0,5,12,0.0,0.0
2024-12-28 14:00:00,0.0,5,12,0.0,0.0
2024-12-28 15:00:00,0.0,5,12,0.0,0.0
2024-12-28 16:00:00,0.0,5,12,0.0,0.0
2024-12-28 17:00:00,36.0,5,12,0.0,0.0
2024-12-28 18:00:00,70.5,5,12,36.0,0.0
2024-12-28 19:00:00,64.5,5,12,70.5,36.0
2024-12-28 20:00:00,61.5,5,12,64.5,70.5
2024-12-28 21:00:00,69.0,5,12,61.5,64.5
2024-12-28 22:00:00,63.0,5,12,69.0,61.5
2024-12-28 23:00:00,63.0,5,12,63.0,69.0
2024-12-29 00:00:00,61.5,6,12,63.0,63.0
2024-12-29 01:00:00,63.0,6,12,61.5,63.0
2024-12-29 02:00:00,63.0,6,12,63.0,61.5
2024-12-29 03:00:00,60.0,6,12,63.0,63.0
2024-12-29 04:00:00,63.0,6,12,60.0,63.0
2024-12-29 05:00:00,64.5,6,12,63.0,60.0
2024-12-29 06:00:00,52.5,6,12,64.5,63.0
2024-12-29 07:00:00,15.0,6,12,52.5,64.5
2024-12-29 08:00:00,0.0,6,12,15.0,52.5
2024-12-29 09:00:00,0.0,6,12,0.0,15.0
2024-12-29 10:00:00,0.0,6,12,0.0,0.0
2024-12-29 11:00:00,0.0,6,12,0.0,0.0
2024-12-29 12:00:00,0.0,6,12,0.0,0.0
2024-12-29 13:00:00,0.0,6,12,0.0,0.0
2024-12-29 14:00:00,0.0,6,12,0.0,0.0
2024-12-29 15:00:00,0.0,6,12,0.0,0.0
2024-12-29 16:00:00,0.0,6,12,0.0,0.0
2024-12-29 17:00:00,40.5,6,12,0.0,0.0
2024-12-29 18:00:00,76.5,6,12,40.5,0.0
2024-12-29 19:00:00,76.5,6,12,76.5,40.5
2024-12-29 20:00:00,69.0,6,12,76.5,76.5
2024-12-29 21:00:00,76.5,6,12,69.0,76.5
2024-12-29 22:00:00,76.5,6,12,76.5,69.0
2024-12-29 23:00:00,124.5,6,12,76.5,76.5
2024-12-31 00:00:00,169.5,1,12,159.0,69.0
